"time","INTERNAL ENERGY","KINETIC ENERGY","X-MOMENTUM","Y-MOMENTUM","Z-MOMENTUM","MASS","TIME STEP","ROTATION ENERGY","EXTERNAL WORK","SPRING ENERGY","CONTACT ENERGY","HOURGLASS ENERGY","Skull                                     IE ","Skull                                     KE ","Skull                                     XMOM ","Skull                                     YMOM ","Skull                                     ZMOM ","Skull                                     MASS ","Skull                                     HE ","Skull                                     ERODED ","Skull                                     HEAT ","Skin                                      IE ","Skin                                      KE ","Skin                                      XMOM ","Skin                                      YMOM ","Skin                                      ZMOM ","Skin                                      MASS ","Skin                                      HE ","Skin                                      ERODED ","Skin                                      HEAT ","Accel Block                               IE ","Accel Block                               KE ","Accel Block                               XMOM ","Accel Block                               YMOM ","Accel Block                               ZMOM ","Accel Block                               MASS ","Accel Block                               HE ","Accel Block                               ERODED ","Accel Block                               HEAT ","Back Plate                                IE ","Back Plate                                KE ","Back Plate                                XMOM ","Back Plate                                YMOM ","Back Plate                                ZMOM ","Back Plate                                MASS ","Back Plate                                HE ","Back Plate                                ERODED ","Back Plate                                HEAT ","Plate                                     IE ","Plate                                     KE ","Plate                                     XMOM ","Plate                                     YMOM ","Plate                                     ZMOM ","Plate                                     MASS ","Plate                                     HE ","Plate                                     ERODED ","Plate                                     HEAT ","TH-ACCEL                                 1                                          var 58","TH-ACCEL                                 1                                          var 59","TH-ACCEL                                 1                                          var 60","TH-INTER                                 1 Head_Self_contact                        var 61","TH-INTER                                 1 Head_Self_contact                        var 62","TH-INTER                                 1 Head_Self_contact                        var 63","TH-INTER                                 1 Head_Self_contact                        var 64","TH-INTER                                 1 Head_Self_contact                        var 65","TH-INTER                                 1 Head_Self_contact                        var 66","TH-INTER                                 2 Head to Plate                            var 67","TH-INTER                                 2 Head to Plate                            var 68","TH-INTER                                 2 Head to Plate                            var 69","TH-INTER                                 2 Head to Plate                            var 70","TH-INTER                                 2 Head to Plate                            var 71","TH-INTER                                 2 Head to Plate                            var 72","DATABASE_HISTORY_NODE                    5211 Head_Accelerometer                       var 73","DATABASE_HISTORY_NODE                    5211 Head_Accelerometer                       var 74","DATABASE_HISTORY_NODE                    5211 Head_Accelerometer                       var 75","DATABASE_HISTORY_NODE                    5211 Head_Accelerometer                       var 76","DATABASE_HISTORY_NODE                    5211 Head_Accelerometer                       var 77","DATABASE_HISTORY_NODE                    5211 Head_Accelerometer                       var 78","DATABASE_HISTORY_NODE                    5211 Head_Accelerometer                       var 79","DATABASE_HISTORY_NODE                    5211 Head_Accelerometer                       var 80","DATABASE_HISTORY_NODE                    5211 Head_Accelerometer                       var 81","DATABASE_HISTORY_NODE                    5211 Head_Accelerometer                       var 82","DATABASE_HISTORY_NODE                    5211 Head_Accelerometer                       var 83","DATABASE_HISTORY_NODE                    5211 Head_Accelerometer                       var 84","DATABASE_HISTORY_NODE                    5211 Head_Accelerometer                       var 85","DATABASE_HISTORY_NODE                    5211 Head_Accelerometer                       var 86","DATABASE_HISTORY_NODE                    5211 Head_Accelerometer                       var 87"
0.000000e+00,0.000000e+00,1.658587e+04,-8.209784e-07,0.000000e+00,-1.219549e+01,5.733604e-03,3.045894e-06,0.000000e+00,0.000000e+00,0.000000e+00,0.000000e+00,0.000000e+00,0.000000e+00,0.000000e+00,0.000000e+00,0.000000e+00,0.000000e+00,0.000000e+00,0.000000e+00,0.000000e+00,0.000000e+00,0.000000e+00,3.365456e+03,-1.665855e-07,0.000000e+00,-2.474600e+00,9.097795e-04,0.000000e+00,0.000000e+00,0.000000e+00,0.000000e+00,0.000000e+00,0.000000e+00,0.000000e+00,0.000000e+00,0.000000e+00,0.000000e+00,0.000000e+00,0.000000e+00,0.000000e+00,0.000000e+00,0.000000e+00,0.000000e+00,0.000000e+00,0.000000e+00,0.000000e+00,0.000000e+00,0.000000e+00,0.000000e+00,0.000000e+00,0.000000e+00,0.000000e+00,0.000000e+00,0.000000e+00,0.000000e+00,0.000000e+00,0.000000e+00,-6.944028e+00,-2.524510e-06,2.427101e-04,0.000000e+00,0.000000e+00,0.000000e+00,0.000000e+00,0.000000e+00,0.000000e+00,0.000000e+00,0.000000e+00,0.000000e+00,0.000000e+00,0.000000e+00,0.000000e+00,0.000000e+00,0.000000e+00,0.000000e+00,-1.831055e-04,0.000000e+00,-2.720000e+03,-2.934888e+00,2.524510e-06,6.293325e+00,0.000000e+00,0.000000e+00,0.000000e+00,8.502016e-06,3.095038e-05,4.064249e-06
1.218358e-05,-2.120860e-08,1.658587e+04,-8.209784e-07,-3.355518e-15,-1.219549e+01,5.733604e-03,3.045894e-06,4.018506e-17,0.000000e+00,0.000000e+00,3.183139e-14,0.000000e+00,0.000000e+00,0.000000e+00,0.000000e+00,0.000000e+00,0.000000e+00,0.000000e+00,0.000000e+00,0.000000e+00,0.000000e+00,-2.120860e-08,3.365456e+03,-4.588395e-08,3.368150e-11,-2.474600e+00,9.097795e-04,0.000000e+00,0.000000e+00,0.000000e+00,0.000000e+00,0.000000e+00,0.000000e+00,0.000000e+00,0.000000e+00,0.000000e+00,0.000000e+00,0.000000e+00,0.000000e+00,0.000000e+00,0.000000e+00,0.000000e+00,0.000000e+00,0.000000e+00,0.000000e+00,0.000000e+00,0.000000e+00,0.000000e+00,0.000000e+00,0.000000e+00,0.000000e+00,0.000000e+00,0.000000e+00,0.000000e+00,0.000000e+00,0.000000e+00,0.000000e+00,-9.267152e+00,3.705721e-03,2.248931e-02,-2.200445e-10,8.658391e-13,4.737916e-10,3.356336e-10,-1.168732e-12,1.559102e-10,0.000000e+00,0.000000e+00,0.000000e+00,0.000000e+00,0.000000e+00,0.000000e+00,-2.459424e-09,-5.105411e-14,-3.313933e-02,-2.168871e-04,-1.135025e-08,-2.720000e+03,-3.936844e+00,-3.705721e-03,8.389390e+00,-5.100734e-10,1.266029e-09,3.958995e-10,-1.530638e-04,1.177073e-03,7.991393e-05
2.132126e-05,4.936659e-08,1.658587e+04,-8.209784e-07,-3.260353e-15,-1.219549e+01,5.733604e-03,3.045894e-06,5.828861e-14,0.000000e+00,0.000000e+00,1.150856e-12,0.000000e+00,0.000000e+00,0.000000e+00,0.000000e+00,0.000000e+00,0.000000e+00,0.000000e+00,0.000000e+00,0.000000e+00,0.000000e+00,4.936659e-08,3.365459e+03,1.168556e-07,2.885532e-10,-2.474601e+00,9.097795e-04,0.000000e+00,0.000000e+00,0.000000e+00,0.000000e+00,0.000000e+00,0.000000e+00,0.000000e+00,0.000000e+00,0.000000e+00,0.000000e+00,0.000000e+00,0.000000e+00,0.000000e+00,0.000000e+00,0.000000e+00,0.000000e+00,0.000000e+00,0.000000e+00,0.000000e+00,0.000000e+00,0.000000e+00,0.000000e+00,0.000000e+00,0.000000e+00,0.000000e+00,0.000000e+00,0.000000e+00,0.000000e+00,0.000000e+00,0.000000e+00,-1.779951e+01,1.593916e-02,-9.157801e-02,-5.041071e-10,2.850235e-12,1.085435e-09,8.248249e-10,-4.531580e-12,3.832178e-10,0.000000e+00,0.000000e+00,0.000000e+00,0.000000e+00,0.000000e+00,0.000000e+00,-4.696247e-09,-5.864935e-13,-5.799383e-02,-2.619763e-04,-9.229866e-08,-2.720000e+03,-7.439388e+00,-1.593916e-02,1.617054e+01,-2.134005e-09,-6.815273e-08,6.372523e-10,2.541412e-04,-3.518985e-02,8.101470e-05
3.045894e-05,1.070119e-07,1.658588e+04,-8.209785e-07,2.724528e-15,-1.219549e+01,5.733604e-03,3.045894e-06,7.964107e-13,0.000000e+00,0.000000e+00,4.299609e-12,0.000000e+00,0.000000e+00,0.000000e+00,0.000000e+00,0.000000e+00,0.000000e+00,0.000000e+00,0.000000e+00,0.000000e+00,0.000000e+00,1.070119e-07,3.365461e+03,4.059555e-07,7.453451e-10,-2.474601e+00,9.097793e-04,0.000000e+00,0.000000e+00,0.000000e+00,0.000000e+00,0.000000e+00,0.000000e+00,0.000000e+00,0.000000e+00,0.000000e+00,0.000000e+00,0.000000e+00,0.000000e+00,0.000000e+00,0.000000e+00,0.000000e+00,0.000000e+00,0.000000e+00,0.000000e+00,0.000000e+00,0.000000e+00,0.000000e+00,0.000000e+00,0.000000e+00,0.000000e+00,0.000000e+00,0.000000e+00,0.000000e+00,0.000000e+00,0.000000e+00,0.000000e+00,-2.533629e+01,-4.074514e-03,-5.961323e-02,-7.072195e-10,3.644014e-12,1.524416e-09,1.175923e-09,-5.843581e-12,5.457476e-10,0.000000e+00,0.000000e+00,0.000000e+00,0.000000e+00,0.000000e+00,0.000000e+00,-7.548641e-09,-2.120780e-12,-8.284833e-02,-3.408272e-04,-1.895662e-07,-2.720000e+03,-1.065353e+01,4.074514e-03,2.298767e+01,1.408225e-09,-3.855303e-07,2.897295e-09,3.563736e-05,-4.237191e-02,1.059266e-04
4.264251e-05,1.469958e-07,1.658588e+04,-8.209784e-07,2.291176e-14,-1.219549e+01,5.733604e-03,3.045894e-06,2.379481e-12,0.000000e+00,0.000000e+00,4.330564e-12,0.000000e+00,0.000000e+00,0.000000e+00,0.000000e+00,0.000000e+00,0.000000e+00,0.000000e+00,0.000000e+00,0.000000e+00,0.000000e+00,1.469958e-07,3.365464e+03,9.078398e-07,3.863221e-10,-2.474602e+00,9.097793e-04,0.000000e+00,0.000000e+00,0.000000e+00,0.000000e+00,0.000000e+00,0.000000e+00,0.000000e+00,0.000000e+00,0.000000e+00,0.000000e+00,0.000000e+00,0.000000e+00,0.000000e+00,0.000000e+00,0.000000e+00,0.000000e+00,0.000000e+00,0.000000e+00,0.000000e+00,0.000000e+00,0.000000e+00,0.000000e+00,0.000000e+00,0.000000e+00,0.000000e+00,0.000000e+00,0.000000e+00,0.000000e+00,0.000000e+00,0.000000e+00,-2.635121e+01,1.090879e-02,9.303827e-01,-9.636184e-10,4.207695e-12,2.078392e-09,1.619000e-09,-6.741353e-12,7.509153e-10,0.000000e+00,0.000000e+00,0.000000e+00,0.000000e+00,0.000000e+00,0.000000e+00,-1.272860e-08,-3.570863e-12,-1.159877e-01,-4.786515e-04,-9.751221e-08,-2.720000e+03,-1.197970e+01,-1.090879e-02,2.348912e+01,-6.620777e-10,-7.908300e-07,4.352128e-09,4.960835e-04,8.471308e-03,1.433482e-03
5.178020e-05,2.333526e-07,1.658588e+04,-8.209782e-07,9.545154e-15,-1.219549e+01,5.733604e-03,3.045894e-06,2.123034e-12,0.000000e+00,0.000000e+00,8.461884e-13,0.000000e+00,0.000000e+00,0.000000e+00,0.000000e+00,0.000000e+00,0.000000e+00,0.000000e+00,0.000000e+00,0.000000e+00,0.000000e+00,2.333526e-07,3.365464e+03,1.271934e-06,9.240182e-10,-2.474602e+00,9.097796e-04,0.000000e+00,0.000000e+00,0.000000e+00,0.000000e+00,0.000000e+00,0.000000e+00,0.000000e+00,0.000000e+00,0.000000e+00,0.000000e+00,0.000000e+00,0.000000e+00,0.000000e+00,0.000000e+00,0.000000e+00,0.000000e+00,0.000000e+00,0.000000e+00,0.000000e+00,0.000000e+00,0.000000e+00,0.000000e+00,0.000000e+00,0.000000e+00,0.000000e+00,0.000000e+00,0.000000e+00,0.000000e+00,0.000000e+00,0.000000e+00,-2.354708e+01,2.804679e-02,-6.879110e-01,-1.086430e-09,3.013276e-12,2.344967e-09,1.832216e-09,-4.639489e-12,8.491849e-10,0.000000e+00,0.000000e+00,0.000000e+00,0.000000e+00,0.000000e+00,0.000000e+00,-1.773972e-08,-5.288367e-12,-1.408422e-01,-5.808695e-04,-2.149778e-07,-2.720000e+03,-9.327951e+00,-2.804679e-02,2.163163e+01,2.636151e-09,-7.376190e-07,7.797129e-09,1.726098e-03,1.863320e-03,-9.746013e-05
6.091788e-05,2.845273e-07,1.658588e+04,-8.209785e-07,1.863428e-14,-1.219550e+01,5.733604e-03,3.045894e-06,9.807129e-13,0.000000e+00,0.000000e+00,4.602397e-12,0.000000e+00,0.000000e+00,0.000000e+00,0.000000e+00,0.000000e+00,0.000000e+00,0.000000e+00,0.000000e+00,0.000000e+00,0.000000e+00,2.845273e-07,3.365467e+03,1.544451e-06,1.462624e-09,-2.474603e+00,9.097792e-04,0.000000e+00,0.000000e+00,0.000000e+00,0.000000e+00,0.000000e+00,0.000000e+00,0.000000e+00,0.000000e+00,0.000000e+00,0.000000e+00,0.000000e+00,0.000000e+00,0.000000e+00,0.000000e+00,0.000000e+00,0.000000e+00,0.000000e+00,0.000000e+00,0.000000e+00,0.000000e+00,0.000000e+00,0.000000e+00,0.000000e+00,0.000000e+00,0.000000e+00,0.000000e+00,0.000000e+00,0.000000e+00,0.000000e+00,0.000000e+00,-1.774582e+01,-1.284145e-02,-1.265783e-01,-1.336596e-09,4.886761e-12,2.882389e-09,2.262043e-09,-7.843021e-12,1.049369e-09,0.000000e+00,0.000000e+00,0.000000e+00,0.000000e+00,0.000000e+00,0.000000e+00,-2.353429e-08,-8.089611e-12,-1.656967e-01,-6.581669e-04,-3.086363e-07,-2.720000e+03,-7.384976e+00,1.284145e-02,1.613667e+01,1.230845e-08,-5.753632e-07,6.257426e-09,-2.347101e-04,4.996282e-02,-6.549194e-04
7.005556e-05,3.137516e-07,1.658588e+04,-8.209784e-07,6.943199e-15,-1.219550e+01,5.733604e-03,3.045894e-06,1.066258e-14,0.000000e+00,0.000000e+00,1.975886e-13,0.000000e+00,0.000000e+00,0.000000e+00,0.000000e+00,0.000000e+00,0.000000e+00,0.000000e+00,0.000000e+00,0.000000e+00,0.000000e+00,3.137516e-07,3.365469e+03,1.776199e-06,9.311520e-10,-2.474604e+00,9.097792e-04,0.000000e+00,0.000000e+00,0.000000e+00,0.000000e+00,0.000000e+00,0.000000e+00,0.000000e+00,0.000000e+00,0.000000e+00,0.000000e+00,0.000000e+00,0.000000e+00,0.000000e+00,0.000000e+00,0.000000e+00,0.000000e+00,0.000000e+00,0.000000e+00,0.000000e+00,0.000000e+00,0.000000e+00,0.000000e+00,0.000000e+00,0.000000e+00,0.000000e+00,0.000000e+00,0.000000e+00,0.000000e+00,0.000000e+00,0.000000e+00,-1.842091e+01,1.407727e-02,-1.118369e-01,-1.496442e-09,5.341285e-12,3.226890e-09,2.537575e-09,-8.600909e-12,1.177277e-09,0.000000e+00,0.000000e+00,0.000000e+00,0.000000e+00,0.000000e+00,0.000000e+00,-2.996352e-08,-1.010324e-11,-1.905511e-01,-7.265298e-04,-1.749404e-07,-2.720000e+03,-7.683644e+00,-1.407727e-02,1.674229e+01,9.869933e-09,-2.856815e-08,6.477518e-09,-6.607386e-04,5.226973e-02,-7.349845e-04
8.223914e-05,3.870827e-07,1.658588e+04,-8.209787e-07,-5.206516e-15,-1.219550e+01,5.733604e-03,3.045894e-06,3.511629e-13,0.000000e+00,0.000000e+00,2.366404e-13,0.000000e+00,0.000000e+00,0.000000e+00,0.000000e+00,0.000000e+00,0.000000e+00,0.000000e+00,0.000000e+00,0.000000e+00,0.000000e+00,3.870827e-07,3.365471e+03,2.118336e-06,1.989548e-09,-2.474605e+00,9.097793e-04,0.000000e+00,0.000000e+00,0.000000e+00,0.000000e+00,0.000000e+00,0.000000e+00,0.000000e+00,0.000000e+00,0.000000e+00,0.000000e+00,0.000000e+00,0.000000e+00,0.000000e+00,0.000000e+00,0.000000e+00,0.000000e+00,0.000000e+00,0.000000e+00,0.000000e+00,0.000000e+00,0.000000e+00,0.000000e+00,0.000000e+00,0.000000e+00,0.000000e+00,0.000000e+00,0.000000e+00,0.000000e+00,0.000000e+00,0.000000e+00,-2.010379e+01,-1.911304e-02,-1.080868e+00,-1.776685e-09,6.618438e-12,3.829972e-09,3.019921e-09,-1.076323e-11,1.401528e-09,0.000000e+00,0.000000e+00,0.000000e+00,0.000000e+00,0.000000e+00,0.000000e+00,-3.955370e-08,-1.451573e-11,-2.236905e-01,-8.243451e-04,-4.775086e-07,-2.720000e+03,-7.516617e+00,1.911304e-02,1.867702e+01,1.459057e-08,2.946380e-07,-4.261302e-09,1.516500e-03,2.410797e-03,-9.078442e-04
9.137682e-05,4.022402e-07,1.658589e+04,-8.209786e-07,3.026580e-14,-1.219550e+01,5.733604e-03,3.045894e-06,9.836749e-13,0.000000e+00,0.000000e+00,2.775208e-12,0.000000e+00,0.000000e+00,0.000000e+00,0.000000e+00,0.000000e+00,0.000000e+00,0.000000e+00,0.000000e+00,0.000000e+00,0.000000e+00,4.022402e-07,3.365473e+03,2.346358e-06,1.823167e-09,-2.474605e+00,9.097793e-04,0.000000e+00,0.000000e+00,0.000000e+00,0.000000e+00,0.000000e+00,0.000000e+00,0.000000e+00,0.000000e+00,0.000000e+00,0.000000e+00,0.000000e+00,0.000000e+00,0.000000e+00,0.000000e+00,0.000000e+00,0.000000e+00,0.000000e+00,0.000000e+00,0.000000e+00,0.000000e+00,0.000000e+00,0.000000e+00,0.000000e+00,0.000000e+00,0.000000e+00,0.000000e+00,0.000000e+00,0.000000e+00,0.000000e+00,0.000000e+00,-1.905835e+01,4.728525e-03,-1.772425e+00,-2.173479e-09,6.643755e-12,4.694505e-09,3.655452e-09,-1.098998e-11,1.693603e-09,0.000000e+00,0.000000e+00,0.000000e+00,0.000000e+00,0.000000e+00,0.000000e+00,-4.748813e-08,-1.825823e-11,-2.485450e-01,-8.890313e-04,-4.216485e-07,-2.720000e+03,-6.448032e+00,-4.728525e-03,1.802179e+01,1.813428e-08,4.317300e-07,-8.236587e-09,6.023733e-04,4.467418e-02,7.458999e-04
1.005145e-04,4.577810e-07,1.658589e+04,-8.209787e-07,3.857376e-14,-1.219550e+01,5.733604e-03,3.045894e-06,3.297576e-12,0.000000e+00,0.000000e+00,5.221161e-12,0.000000e+00,0.000000e+00,0.000000e+00,0.000000e+00,0.000000e+00,0.000000e+00,0.000000e+00,0.000000e+00,0.000000e+00,0.000000e+00,4.577810e-07,3.365474e+03,2.548481e-06,1.762146e-09,-2.474606e+00,9.097795e-04,0.000000e+00,0.000000e+00,0.000000e+00,0.000000e+00,0.000000e+00,0.000000e+00,0.000000e+00,0.000000e+00,0.000000e+00,0.000000e+00,0.000000e+00,0.000000e+00,0.000000e+00,0.000000e+00,0.000000e+00,0.000000e+00,0.000000e+00,0.000000e+00,0.000000e+00,0.000000e+00,0.000000e+00,0.000000e+00,0.000000e+00,0.000000e+00,0.000000e+00,0.000000e+00,0.000000e+00,0.000000e+00,0.000000e+00,0.000000e+00,-1.988459e+01,-3.035868e-03,-1.095398e+00,-2.496485e-09,6.833356e-12,5.397801e-09,4.142878e-09,-1.161388e-11,1.917973e-09,0.000000e+00,0.000000e+00,0.000000e+00,0.000000e+00,0.000000e+00,0.000000e+00,-5.597101e-08,-2.177633e-11,-2.733995e-01,-9.483694e-04,-3.222908e-07,-2.720000e+03,-7.410811e+00,3.035868e-03,1.848450e+01,2.633430e-08,8.646233e-07,4.390412e-10,7.476588e-07,3.336732e-02,-3.847280e-04
1.126981e-04,5.197747e-07,1.658589e+04,-8.209788e-07,2.784143e-14,-1.219550e+01,5.733604e-03,3.045894e-06,4.208386e-12,0.000000e+00,0.000000e+00,5.285950e-12,0.000000e+00,0.000000e+00,0.000000e+00,0.000000e+00,0.000000e+00,0.000000e+00,0.000000e+00,0.000000e+00,0.000000e+00,0.000000e+00,5.197747e-07,3.365475e+03,2.904833e-06,3.612399e-10,-2.474607e+00,9.097793e-04,0.000000e+00,0.000000e+00,0.000000e+00,0.000000e+00,0.000000e+00,0.000000e+00,0.000000e+00,0.000000e+00,0.000000e+00,0.000000e+00,0.000000e+00,0.000000e+00,0.000000e+00,0.000000e+00,0.000000e+00,0.000000e+00,0.000000e+00,0.000000e+00,0.000000e+00,0.000000e+00,0.000000e+00,0.000000e+00,0.000000e+00,0.000000e+00,0.000000e+00,0.000000e+00,0.000000e+00,0.000000e+00,0.000000e+00,0.000000e+00,-1.972414e+01,2.715893e-02,-8.337269e-01,-2.873132e-09,6.790891e-12,6.216867e-09,4.798024e-09,-1.144257e-11,2.219340e-09,0.000000e+00,0.000000e+00,0.000000e+00,0.000000e+00,0.000000e+00,0.000000e+00,-6.827526e-08,-2.306821e-11,-3.065388e-01,-1.049011e-03,2.118047e-08,-2.720000e+03,-7.580155e+00,-2.715893e-02,1.822849e+01,2.140466e-08,1.008979e-06,-4.533650e-09,7.433257e-04,1.664697e-02,-6.924787e-04
1.218358e-04,5.200624e-07,1.658589e+04,-8.209785e-07,2.412270e-14,-1.219550e+01,5.733604e-03,3.045894e-06,8.776786e-12,0.000000e+00,0.000000e+00,1.113372e-12,0.000000e+00,0.000000e+00,0.000000e+00,0.000000e+00,0.000000e+00,0.000000e+00,0.000000e+00,0.000000e+00,0.000000e+00,0.000000e+00,5.200624e-07,3.365477e+03,3.120916e-06,2.675009e-09,-2.474608e+00,9.097792e-04,0.000000e+00,0.000000e+00,0.000000e+00,0.000000e+00,0.000000e+00,0.000000e+00,0.000000e+00,0.000000e+00,0.000000e+00,0.000000e+00,0.000000e+00,0.000000e+00,0.000000e+00,0.000000e+00,0.000000e+00,0.000000e+00,0.000000e+00,0.000000e+00,0.000000e+00,0.000000e+00,0.000000e+00,0.000000e+00,0.000000e+00,0.000000e+00,0.000000e+00,0.000000e+00,0.000000e+00,0.000000e+00,0.000000e+00,0.000000e+00,-1.771652e+01,6.236110e-02,-9.934607e-01,-3.106955e-09,6.635551e-12,6.722378e-09,5.202350e-09,-1.112435e-11,2.406438e-09,0.000000e+00,0.000000e+00,0.000000e+00,0.000000e+00,0.000000e+00,0.000000e+00,-7.825396e-08,-2.592453e-11,-3.313933e-01,-1.111848e-03,-5.559322e-07,-2.720000e+03,-6.586934e+00,-6.236110e-02,1.647648e+01,3.353969e-08,1.378406e-06,-6.800426e-09,-6.876257e-04,7.572778e-02,5.331516e-04
1.309734e-04,5.446477e-07,1.658589e+04,-8.209785e-07,8.751976e-15,-1.219550e+01,5.733604e-03,3.045894e-06,1.712352e-11,0.000000e+00,0.000000e+00,4.869574e-12,0.000000e+00,0.000000e+00,0.000000e+00,0.000000e+00,0.000000e+00,0.000000e+00,0.000000e+00,0.000000e+00,0.000000e+00,0.000000e+00,5.446477e-07,3.365478e+03,3.332616e-06,2.264898e-09,-2.474608e+00,9.097796e-04,0.000000e+00,0.000000e+00,0.000000e+00,0.000000e+00,0.000000e+00,0.000000e+00,0.000000e+00,0.000000e+00,0.000000e+00,0.000000e+00,0.000000e+00,0.000000e+00,0.000000e+00,0.000000e+00,0.000000e+00,0.000000e+00,0.000000e+00,0.000000e+00,0.000000e+00,0.000000e+00,0.000000e+00,0.000000e+00,0.000000e+00,0.000000e+00,0.000000e+00,0.000000e+00,0.000000e+00,0.000000e+00,0.000000e+00,0.000000e+00,-2.007707e+01,-3.080379e-02,-6.281900e-01,-3.357121e-09,8.509035e-12,7.259799e-09,5.632177e-09,-1.432792e-11,2.606621e-09,0.000000e+00,0.000000e+00,0.000000e+00,0.000000e+00,0.000000e+00,0.000000e+00,-8.879297e-08,-3.142828e-11,-3.562478e-01,-1.175204e-03,-3.910097e-07,-2.720000e+03,-7.915588e+00,3.080379e-02,1.846149e+01,3.231998e-08,2.019342e-06,1.017975e-08,1.169686e-03,4.418183e-02,1.848743e-03
1.401111e-04,5.851061e-07,1.658589e+04,-8.209790e-07,1.277304e-14,-1.219550e+01,5.733604e-03,3.045894e-06,2.125847e-11,0.000000e+00,0.000000e+00,4.647726e-13,0.000000e+00,0.000000e+00,0.000000e+00,0.000000e+00,0.000000e+00,0.000000e+00,0.000000e+00,0.000000e+00,0.000000e+00,0.000000e+00,5.851061e-07,3.365480e+03,3.595238e-06,1.552735e-09,-2.474608e+00,9.097795e-04,0.000000e+00,0.000000e+00,0.000000e+00,0.000000e+00,0.000000e+00,0.000000e+00,0.000000e+00,0.000000e+00,0.000000e+00,0.000000e+00,0.000000e+00,0.000000e+00,0.000000e+00,0.000000e+00,0.000000e+00,0.000000e+00,0.000000e+00,0.000000e+00,0.000000e+00,0.000000e+00,0.000000e+00,0.000000e+00,0.000000e+00,0.000000e+00,0.000000e+00,0.000000e+00,0.000000e+00,0.000000e+00,0.000000e+00,0.000000e+00,-1.824677e+01,1.516130e-02,1.198868e+00,-3.516966e-09,8.963560e-12,7.604300e-09,5.907709e-09,-1.508584e-11,2.734529e-09,0.000000e+00,0.000000e+00,0.000000e+00,0.000000e+00,0.000000e+00,0.000000e+00,-9.998379e-08,-3.363959e-11,-3.811023e-01,-1.250363e-03,-1.709218e-07,-2.720000e+03,-8.797950e+00,-1.516130e-02,1.603053e+01,3.583997e-08,2.279969e-06,9.666271e-09,1.297507e-03,2.956535e-02,-3.048722e-03
1.522947e-04,6.185303e-07,1.658590e+04,-8.209782e-07,3.190756e-14,-1.219550e+01,5.733604e-03,3.045894e-06,3.101381e-11,0.000000e+00,0.000000e+00,1.431887e-12,0.000000e+00,0.000000e+00,0.000000e+00,0.000000e+00,0.000000e+00,0.000000e+00,0.000000e+00,0.000000e+00,0.000000e+00,0.000000e+00,6.185303e-07,3.365482e+03,3.901498e-06,3.299476e-09,-2.474609e+00,9.097796e-04,0.000000e+00,0.000000e+00,0.000000e+00,0.000000e+00,0.000000e+00,0.000000e+00,0.000000e+00,0.000000e+00,0.000000e+00,0.000000e+00,0.000000e+00,0.000000e+00,0.000000e+00,0.000000e+00,0.000000e+00,0.000000e+00,0.000000e+00,0.000000e+00,0.000000e+00,0.000000e+00,0.000000e+00,0.000000e+00,0.000000e+00,0.000000e+00,0.000000e+00,0.000000e+00,0.000000e+00,0.000000e+00,0.000000e+00,0.000000e+00,-1.291492e+01,-7.088516e-03,-1.395968e+00,-3.836654e-09,9.872772e-12,8.293295e-09,6.458768e-09,-1.660187e-11,2.990342e-09,0.000000e+00,0.000000e+00,0.000000e+00,0.000000e+00,0.000000e+00,0.000000e+00,-1.159451e-07,-3.986024e-11,-4.142416e-01,-1.339130e-03,-6.809647e-07,-2.720000e+03,-4.192894e+00,7.088516e-03,1.229485e+01,4.131832e-08,2.756987e-06,-6.892316e-09,2.606297e-04,3.369301e-02,2.720661e-03
1.614324e-04,6.555165e-07,1.658590e+04,-8.209782e-07,3.683372e-14,-1.219550e+01,5.733604e-03,3.045894e-06,3.062286e-11,0.000000e+00,0.000000e+00,1.628660e-12,0.000000e+00,0.000000e+00,0.000000e+00,0.000000e+00,0.000000e+00,0.000000e+00,0.000000e+00,0.000000e+00,0.000000e+00,0.000000e+00,6.555165e-07,3.365482e+03,4.031982e-06,1.331557e-10,-2.474609e+00,9.097796e-04,0.000000e+00,0.000000e+00,0.000000e+00,0.000000e+00,0.000000e+00,0.000000e+00,0.000000e+00,0.000000e+00,0.000000e+00,0.000000e+00,0.000000e+00,0.000000e+00,0.000000e+00,0.000000e+00,0.000000e+00,0.000000e+00,0.000000e+00,0.000000e+00,0.000000e+00,0.000000e+00,0.000000e+00,0.000000e+00,0.000000e+00,0.000000e+00,0.000000e+00,0.000000e+00,0.000000e+00,0.000000e+00,0.000000e+00,0.000000e+00,-1.311832e+01,-3.110456e-01,-9.890714e-01,-4.083022e-09,1.082146e-11,8.826024e-09,6.884859e-09,-1.817608e-11,3.187480e-09,0.000000e+00,0.000000e+00,0.000000e+00,0.000000e+00,0.000000e+00,0.000000e+00,-1.284075e-07,-4.223672e-11,-4.390961e-01,-1.376201e-03,2.480426e-07,-2.720000e+03,-4.647631e+00,3.110456e-01,1.230724e+01,3.440582e-08,2.845043e-06,1.874869e-08,-3.038148e-03,-3.572571e-02,3.479127e-04
1.705701e-04,6.847513e-07,1.658590e+04,-8.209788e-07,7.759361e-14,-1.219550e+01,5.733604e-03,3.045894e-06,2.318231e-11,0.000000e+00,0.000000e+00,6.221470e-12,0.000000e+00,0.000000e+00,0.000000e+00,0.000000e+00,0.000000e+00,0.000000e+00,0.000000e+00,0.000000e+00,0.000000e+00,0.000000e+00,6.847513e-07,3.365484e+03,4.194372e-06,-8.052439e-10,-2.474609e+00,9.097792e-04,0.000000e+00,0.000000e+00,0.000000e+00,0.000000e+00,0.000000e+00,0.000000e+00,0.000000e+00,0.000000e+00,0.000000e+00,0.000000e+00,0.000000e+00,0.000000e+00,0.000000e+00,0.000000e+00,0.000000e+00,0.000000e+00,0.000000e+00,0.000000e+00,0.000000e+00,0.000000e+00,0.000000e+00,0.000000e+00,0.000000e+00,0.000000e+00,0.000000e+00,0.000000e+00,0.000000e+00,0.000000e+00,0.000000e+00,0.000000e+00,-1.254024e+01,-1.458842e-01,-2.027466e+00,-4.396623e-09,1.125591e-11,9.508267e-09,7.430559e-09,-1.885475e-11,3.438405e-09,0.000000e+00,0.000000e+00,0.000000e+00,0.000000e+00,0.000000e+00,0.000000e+00,-1.412505e-07,-3.421386e-11,-4.639506e-01,-1.419071e-03,3.970916e-07,-2.720000e+03,-3.462218e+00,1.458842e-01,1.222216e+01,2.108777e-08,2.445601e-06,1.053880e-08,-1.613954e-03,-1.144440e-02,-3.188936e-03
1.827536e-04,7.665722e-07,1.658590e+04,-8.209792e-07,7.365523e-14,-1.219550e+01,5.733604e-03,3.045894e-06,3.036496e-11,0.000000e+00,0.000000e+00,6.449764e-12,0.000000e+00,0.000000e+00,0.000000e+00,0.000000e+00,0.000000e+00,0.000000e+00,0.000000e+00,0.000000e+00,0.000000e+00,0.000000e+00,7.665722e-07,3.365485e+03,4.344447e-06,-3.710809e-09,-2.474611e+00,9.097793e-04,0.000000e+00,0.000000e+00,0.000000e+00,0.000000e+00,0.000000e+00,0.000000e+00,0.000000e+00,0.000000e+00,0.000000e+00,0.000000e+00,0.000000e+00,0.000000e+00,0.000000e+00,0.000000e+00,0.000000e+00,0.000000e+00,0.000000e+00,0.000000e+00,0.000000e+00,0.000000e+00,0.000000e+00,0.000000e+00,0.000000e+00,0.000000e+00,0.000000e+00,0.000000e+00,0.000000e+00,0.000000e+00,0.000000e+00,0.000000e+00,-8.665561e+00,6.179419e-01,-2.541673e-01,-4.970827e-09,1.035166e-11,1.076230e-08,8.433665e-09,-1.716579e-11,3.897825e-09,0.000000e+00,0.000000e+00,0.000000e+00,0.000000e+00,0.000000e+00,0.000000e+00,-1.588790e-07,-2.250128e-11,-4.970900e-01,-1.462684e-03,1.114577e-06,-2.720000e+03,-3.431865e+00,-6.179419e-01,7.961083e+00,1.025278e-08,2.696779e-06,2.995979e-09,4.132379e-03,5.399507e-02,5.481195e-03
1.918913e-04,8.838070e-07,1.658590e+04,-8.209786e-07,9.801726e-14,-1.219550e+01,5.733604e-03,3.045894e-06,3.817460e-11,0.000000e+00,0.000000e+00,1.752349e-12,0.000000e+00,0.000000e+00,0.000000e+00,0.000000e+00,0.000000e+00,0.000000e+00,0.000000e+00,0.000000e+00,0.000000e+00,0.000000e+00,8.838070e-07,3.365485e+03,4.462716e-06,1.612494e-08,-2.474611e+00,9.097796e-04,0.000000e+00,0.000000e+00,0.000000e+00,0.000000e+00,0.000000e+00,0.000000e+00,0.000000e+00,0.000000e+00,0.000000e+00,0.000000e+00,0.000000e+00,0.000000e+00,0.000000e+00,0.000000e+00,0.000000e+00,0.000000e+00,0.000000e+00,0.000000e+00,0.000000e+00,0.000000e+00,0.000000e+00,0.000000e+00,0.000000e+00,0.000000e+00,0.000000e+00,0.000000e+00,0.000000e+00,0.000000e+00,0.000000e+00,0.000000e+00,-9.128458e+00,2.265800e-01,1.745552e+00,-5.271866e-09,1.085950e-11,1.141713e-08,8.957445e-09,-1.802418e-11,4.138697e-09,0.000000e+00,0.000000e+00,0.000000e+00,0.000000e+00,0.000000e+00,0.000000e+00,-1.724519e-07,-4.578006e-11,-5.219445e-01,-1.498362e-03,-4.093504e-06,-2.720000e+03,-5.439855e+00,-2.265800e-01,7.535493e+00,4.293233e-08,3.100922e-06,4.159953e-08,-1.701096e-03,9.579887e-03,-9.049390e-04
2.010290e-04,1.022176e-06,1.658590e+04,-8.209789e-07,6.841520e-14,-1.219550e+01,5.733604e-03,3.045894e-06,3.182458e-11,0.000000e+00,0.000000e+00,5.337902e-12,0.000000e+00,0.000000e+00,0.000000e+00,0.000000e+00,0.000000e+00,0.000000e+00,0.000000e+00,0.000000e+00,0.000000e+00,0.000000e+00,1.022176e-06,3.365486e+03,4.659567e-06,2.356350e-08,-2.474612e+00,9.097792e-04,0.000000e+00,0.000000e+00,0.000000e+00,0.000000e+00,0.000000e+00,0.000000e+00,0.000000e+00,0.000000e+00,0.000000e+00,0.000000e+00,0.000000e+00,0.000000e+00,0.000000e+00,0.000000e+00,0.000000e+00,0.000000e+00,0.000000e+00,0.000000e+00,0.000000e+00,0.000000e+00,0.000000e+00,0.000000e+00,0.000000e+00,0.000000e+00,0.000000e+00,0.000000e+00,0.000000e+00,0.000000e+00,0.000000e+00,0.000000e+00,-9.230515e+00,7.856740e-02,1.775040e+00,-5.672594e-09,1.301462e-11,1.228514e-08,9.651717e-09,-2.172304e-11,4.459342e-09,0.000000e+00,0.000000e+00,0.000000e+00,0.000000e+00,0.000000e+00,0.000000e+00,-1.864675e-07,-9.399666e-11,-5.467989e-01,-1.552666e-03,-5.920146e-06,-2.720000e+03,-5.509711e+00,-7.856740e-02,7.615526e+00,8.165727e-08,2.980469e-06,4.329794e-08,6.970343e-03,-9.004012e-02,-3.509938e-03
2.101667e-04,1.164666e-06,1.658590e+04,-8.209790e-07,5.254981e-14,-1.219550e+01,5.733604e-03,3.045894e-06,1.281221e-11,0.000000e+00,0.000000e+00,1.142176e-12,0.000000e+00,0.000000e+00,0.000000e+00,0.000000e+00,0.000000e+00,0.000000e+00,0.000000e+00,0.000000e+00,0.000000e+00,0.000000e+00,1.164666e-06,3.365487e+03,4.829645e-06,2.912434e-08,-2.474611e+00,9.097790e-04,0.000000e+00,0.000000e+00,0.000000e+00,0.000000e+00,0.000000e+00,0.000000e+00,0.000000e+00,0.000000e+00,0.000000e+00,0.000000e+00,0.000000e+00,0.000000e+00,0.000000e+00,0.000000e+00,0.000000e+00,0.000000e+00,0.000000e+00,0.000000e+00,0.000000e+00,0.000000e+00,0.000000e+00,0.000000e+00,0.000000e+00,0.000000e+00,0.000000e+00,0.000000e+00,0.000000e+00,0.000000e+00,0.000000e+00,0.000000e+00,-2.406627e+00,4.163347e-01,-1.535340e+00,-6.014893e-09,1.420711e-11,1.303024e-08,1.024770e-08,-2.377779e-11,4.733226e-09,0.000000e+00,0.000000e+00,0.000000e+00,0.000000e+00,0.000000e+00,0.000000e+00,-2.009284e-07,-1.546479e-10,-5.716534e-01,-1.593777e-03,-7.304036e-06,-2.720000e+03,3.744082e-01,-4.163347e-01,2.830007e+00,1.283683e-07,1.971006e-06,5.702987e-09,2.030249e-03,-1.120590e-01,-2.631350e-03
2.223503e-04,1.350994e-06,1.658590e+04,-8.209792e-07,4.438445e-14,-1.219550e+01,5.733604e-03,3.045894e-06,1.366051e-12,0.000000e+00,0.000000e+00,1.948588e-12,0.000000e+00,0.000000e+00,0.000000e+00,0.000000e+00,0.000000e+00,0.000000e+00,0.000000e+00,0.000000e+00,0.000000e+00,0.000000e+00,1.350994e-06,3.365487e+03,4.746462e-06,2.412186e-08,-2.474612e+00,9.097791e-04,0.000000e+00,0.000000e+00,0.000000e+00,0.000000e+00,0.000000e+00,0.000000e+00,0.000000e+00,0.000000e+00,0.000000e+00,0.000000e+00,0.000000e+00,0.000000e+00,0.000000e+00,0.000000e+00,0.000000e+00,0.000000e+00,0.000000e+00,0.000000e+00,0.000000e+00,0.000000e+00,0.000000e+00,0.000000e+00,0.000000e+00,0.000000e+00,0.000000e+00,0.000000e+00,0.000000e+00,0.000000e+00,0.000000e+00,0.000000e+00,4.693076e+00,-9.274209e-01,-2.431759e+00,-6.430400e-09,1.404075e-11,1.393377e-08,1.097040e-08,-2.344207e-11,5.065689e-09,0.000000e+00,0.000000e+00,0.000000e+00,0.000000e+00,0.000000e+00,0.000000e+00,-2.201599e-07,-2.523366e-10,-6.047928e-01,-1.562313e-03,-6.378675e-06,-2.720000e+03,4.187299e+00,9.274209e-01,-3.225668e+00,7.165200e-08,6.960620e-07,-2.639620e-08,-1.110952e-02,-7.220931e-02,-9.498632e-04
2.314879e-04,1.472737e-06,1.658590e+04,-8.209792e-07,5.413823e-14,-1.219550e+01,5.733604e-03,3.045894e-06,3.288204e-14,0.000000e+00,0.000000e+00,2.188134e-12,0.000000e+00,0.000000e+00,0.000000e+00,0.000000e+00,0.000000e+00,0.000000e+00,0.000000e+00,0.000000e+00,0.000000e+00,0.000000e+00,1.472737e-06,3.365487e+03,4.640282e-06,3.265782e-09,-2.474611e+00,9.097793e-04,0.000000e+00,0.000000e+00,0.000000e+00,0.000000e+00,0.000000e+00,0.000000e+00,0.000000e+00,0.000000e+00,0.000000e+00,0.000000e+00,0.000000e+00,0.000000e+00,0.000000e+00,0.000000e+00,0.000000e+00,0.000000e+00,0.000000e+00,0.000000e+00,0.000000e+00,0.000000e+00,0.000000e+00,0.000000e+00,0.000000e+00,0.000000e+00,0.000000e+00,0.000000e+00,0.000000e+00,0.000000e+00,0.000000e+00,0.000000e+00,4.044744e+00,-3.371004e-01,-5.359659e-01,-6.769480e-09,1.569237e-11,1.467004e-08,1.155931e-08,-2.625088e-11,5.337004e-09,0.000000e+00,0.000000e+00,0.000000e+00,0.000000e+00,0.000000e+00,0.000000e+00,-2.342181e-07,-2.698122e-10,-6.296473e-01,-1.528383e-03,-5.649083e-07,-2.720000e+03,2.195130e+00,3.371004e-01,-3.439275e+00,5.841107e-08,4.125620e-08,-7.851263e-09,-5.120668e-03,-7.547589e-02,-5.678663e-03
2.406256e-04,1.618686e-06,1.658590e+04,-8.209799e-07,6.635435e-14,-1.219550e+01,5.733604e-03,3.045894e-06,3.230966e-12,0.000000e+00,0.000000e+00,5.306711e-12,0.000000e+00,0.000000e+00,0.000000e+00,0.000000e+00,0.000000e+00,0.000000e+00,0.000000e+00,0.000000e+00,0.000000e+00,0.000000e+00,1.618686e-06,3.365486e+03,4.560906e-06,-1.525038e-09,-2.474611e+00,9.097793e-04,0.000000e+00,0.000000e+00,0.000000e+00,0.000000e+00,0.000000e+00,0.000000e+00,0.000000e+00,0.000000e+00,0.000000e+00,0.000000e+00,0.000000e+00,0.000000e+00,0.000000e+00,0.000000e+00,0.000000e+00,0.000000e+00,0.000000e+00,0.000000e+00,0.000000e+00,0.000000e+00,0.000000e+00,0.000000e+00,0.000000e+00,0.000000e+00,0.000000e+00,0.000000e+00,0.000000e+00,0.000000e+00,0.000000e+00,0.000000e+00,7.854039e+00,-6.064716e-01,-7.738488e-01,-7.098010e-09,1.627490e-11,1.538451e-08,1.213077e-08,-2.719191e-11,5.599877e-09,0.000000e+00,0.000000e+00,0.000000e+00,0.000000e+00,0.000000e+00,0.000000e+00,-2.480340e-07,-2.643505e-10,-6.545017e-01,-1.501269e-03,7.243292e-07,-2.720000e+03,4.020601e+00,6.064716e-01,-6.791136e+00,3.596431e-08,-7.194818e-07,1.940125e-08,-1.523828e-03,-1.218608e-01,1.250296e-02
2.528092e-04,1.816034e-06,1.658590e+04,-8.209794e-07,7.610090e-14,-1.219550e+01,5.733604e-03,3.045894e-06,2.339967e-11,0.000000e+00,0.000000e+00,5.648771e-12,0.000000e+00,0.000000e+00,0.000000e+00,0.000000e+00,0.000000e+00,0.000000e+00,0.000000e+00,0.000000e+00,0.000000e+00,0.000000e+00,1.816034e-06,3.365487e+03,4.396887e-06,-2.924801e-08,-2.474611e+00,9.097792e-04,0.000000e+00,0.000000e+00,0.000000e+00,0.000000e+00,0.000000e+00,0.000000e+00,0.000000e+00,0.000000e+00,0.000000e+00,0.000000e+00,0.000000e+00,0.000000e+00,0.000000e+00,0.000000e+00,0.000000e+00,0.000000e+00,0.000000e+00,0.000000e+00,0.000000e+00,0.000000e+00,0.000000e+00,0.000000e+00,0.000000e+00,0.000000e+00,0.000000e+00,0.000000e+00,0.000000e+00,0.000000e+00,0.000000e+00,0.000000e+00,1.626269e+01,4.771324e-01,9.988546e-02,-7.404278e-09,1.686811e-11,1.604626e-08,1.257990e-08,-2.719325e-11,5.808473e-09,0.000000e+00,0.000000e+00,0.000000e+00,0.000000e+00,0.000000e+00,0.000000e+00,-2.659188e-07,-1.932199e-10,-6.876411e-01,-1.445255e-03,7.697427e-06,-2.720000e+03,6.782372e+00,-4.771324e-01,-1.478122e+01,-1.169034e-07,-2.289490e-06,7.776972e-08,3.332506e-04,-9.569354e-02,2.403104e-03
2.619469e-04,1.970412e-06,1.658590e+04,-8.209797e-07,7.216903e-14,-1.219550e+01,5.733604e-03,3.045894e-06,3.416168e-11,0.000000e+00,0.000000e+00,1.732854e-12,0.000000e+00,0.000000e+00,0.000000e+00,0.000000e+00,0.000000e+00,0.000000e+00,0.000000e+00,0.000000e+00,0.000000e+00,0.000000e+00,1.970412e-06,3.365485e+03,4.139271e-06,-3.628131e-09,-2.474610e+00,9.097792e-04,0.000000e+00,0.000000e+00,0.000000e+00,0.000000e+00,0.000000e+00,0.000000e+00,0.000000e+00,0.000000e+00,0.000000e+00,0.000000e+00,0.000000e+00,0.000000e+00,0.000000e+00,0.000000e+00,0.000000e+00,0.000000e+00,0.000000e+00,0.000000e+00,0.000000e+00,0.000000e+00,0.000000e+00,0.000000e+00,0.000000e+00,0.000000e+00,0.000000e+00,0.000000e+00,0.000000e+00,0.000000e+00,0.000000e+00,0.000000e+00,1.994352e+01,6.302620e-01,-1.082025e+00,-7.577551e-09,1.737138e-11,1.642062e-08,1.279916e-08,-2.706898e-11,5.910651e-09,0.000000e+00,0.000000e+00,0.000000e+00,0.000000e+00,0.000000e+00,0.000000e+00,-2.786891e-07,-1.633923e-10,-7.124956e-01,-1.369341e-03,6.537632e-07,-2.720000e+03,9.409132e+00,-6.302620e-01,-1.761769e+01,-1.120525e-07,-2.883658e-06,1.052422e-07,1.338478e-02,-3.950184e-02,5.672302e-03
2.710845e-04,2.020067e-06,1.658590e+04,-8.209793e-07,7.615347e-14,-1.219550e+01,5.733604e-03,3.045894e-06,4.125970e-11,0.000000e+00,0.000000e+00,5.491390e-12,0.000000e+00,0.000000e+00,0.000000e+00,0.000000e+00,0.000000e+00,0.000000e+00,0.000000e+00,0.000000e+00,0.000000e+00,0.000000e+00,2.020067e-06,3.365484e+03,3.884128e-06,2.005415e-08,-2.474610e+00,9.097793e-04,0.000000e+00,0.000000e+00,0.000000e+00,0.000000e+00,0.000000e+00,0.000000e+00,0.000000e+00,0.000000e+00,0.000000e+00,0.000000e+00,0.000000e+00,0.000000e+00,0.000000e+00,0.000000e+00,0.000000e+00,0.000000e+00,0.000000e+00,0.000000e+00,0.000000e+00,0.000000e+00,0.000000e+00,0.000000e+00,0.000000e+00,0.000000e+00,0.000000e+00,0.000000e+00,0.000000e+00,0.000000e+00,0.000000e+00,0.000000e+00,2.134395e+01,6.078069e-01,2.300858e+00,-7.850520e-09,1.952176e-11,1.700818e-08,1.318892e-08,-2.978498e-11,6.092608e-09,0.000000e+00,0.000000e+00,0.000000e+00,0.000000e+00,0.000000e+00,0.000000e+00,-2.907265e-07,-1.915047e-10,-7.373501e-01,-1.295817e-03,-5.190780e-06,-2.720000e+03,6.935044e+00,-6.078069e-01,-2.031658e+01,-1.476061e-08,-3.212590e-06,1.510057e-07,2.313776e-03,-1.511819e-02,1.410591e-03
2.802222e-04,2.163134e-06,1.658589e+04,-8.209797e-07,5.729924e-14,-1.219550e+01,5.733604e-03,3.045894e-06,3.777486e-11,0.000000e+00,0.000000e+00,1.088658e-12,0.000000e+00,0.000000e+00,0.000000e+00,0.000000e+00,0.000000e+00,0.000000e+00,0.000000e+00,0.000000e+00,0.000000e+00,0.000000e+00,2.163134e-06,3.365481e+03,3.603175e-06,3.378142e-08,-2.474609e+00,9.097791e-04,0.000000e+00,0.000000e+00,0.000000e+00,0.000000e+00,0.000000e+00,0.000000e+00,0.000000e+00,0.000000e+00,0.000000e+00,0.000000e+00,0.000000e+00,0.000000e+00,0.000000e+00,0.000000e+00,0.000000e+00,0.000000e+00,0.000000e+00,0.000000e+00,0.000000e+00,0.000000e+00,0.000000e+00,0.000000e+00,0.000000e+00,0.000000e+00,0.000000e+00,0.000000e+00,0.000000e+00,0.000000e+00,0.000000e+00,0.000000e+00,2.143881e+01,8.370531e-02,-2.226195e+00,-8.033163e-09,2.025328e-11,1.740280e-08,1.342438e-08,-3.005550e-11,6.202284e-09,0.000000e+00,0.000000e+00,0.000000e+00,0.000000e+00,0.000000e+00,0.000000e+00,-3.021193e-07,-2.670349e-10,-7.622046e-01,-1.217857e-03,-9.565517e-06,-2.720000e+03,1.107804e+01,-8.370531e-02,-1.848934e+01,-8.558308e-08,-3.112297e-06,1.281053e-07,-6.222691e-03,1.091417e-02,-6.242592e-03
2.924058e-04,2.338000e-06,1.658589e+04,-8.209792e-07,6.826867e-14,-1.219550e+01,5.733604e-03,3.045894e-06,4.067755e-11,0.000000e+00,0.000000e+00,2.045585e-12,0.000000e+00,0.000000e+00,0.000000e+00,0.000000e+00,0.000000e+00,0.000000e+00,0.000000e+00,0.000000e+00,0.000000e+00,0.000000e+00,2.338000e-06,3.365479e+03,3.092359e-06,3.701987e-08,-2.474608e+00,9.097796e-04,0.000000e+00,0.000000e+00,0.000000e+00,0.000000e+00,0.000000e+00,0.000000e+00,0.000000e+00,0.000000e+00,0.000000e+00,0.000000e+00,0.000000e+00,0.000000e+00,0.000000e+00,0.000000e+00,0.000000e+00,0.000000e+00,0.000000e+00,0.000000e+00,0.000000e+00,0.000000e+00,0.000000e+00,0.000000e+00,0.000000e+00,0.000000e+00,0.000000e+00,0.000000e+00,0.000000e+00,0.000000e+00,0.000000e+00,0.000000e+00,2.126881e+01,-1.647375e-01,-1.619122e+00,-8.379525e-09,2.214727e-11,1.815060e-08,1.395088e-08,-3.238963e-11,6.446867e-09,0.000000e+00,0.000000e+00,0.000000e+00,0.000000e+00,0.000000e+00,0.000000e+00,-3.158738e-07,-3.979685e-10,-7.953439e-01,-1.074514e-03,-1.186388e-05,-2.720000e+03,1.045600e+01,1.647375e-01,-1.859182e+01,-2.413573e-07,-3.182374e-06,1.381058e-08,-1.089483e-02,-1.553742e-02,-5.634284e-03
3.015435e-04,2.474248e-06,1.658589e+04,-8.209790e-07,9.060802e-14,-1.219550e+01,5.733604e-03,3.045894e-06,4.345795e-11,0.000000e+00,0.000000e+00,2.221679e-12,0.000000e+00,0.000000e+00,0.000000e+00,0.000000e+00,0.000000e+00,0.000000e+00,0.000000e+00,0.000000e+00,0.000000e+00,0.000000e+00,2.474248e-06,3.365478e+03,2.759316e-06,3.107609e-08,-2.474607e+00,9.097792e-04,0.000000e+00,0.000000e+00,0.000000e+00,0.000000e+00,0.000000e+00,0.000000e+00,0.000000e+00,0.000000e+00,0.000000e+00,0.000000e+00,0.000000e+00,0.000000e+00,0.000000e+00,0.000000e+00,0.000000e+00,0.000000e+00,0.000000e+00,0.000000e+00,0.000000e+00,0.000000e+00,0.000000e+00,0.000000e+00,0.000000e+00,0.000000e+00,0.000000e+00,0.000000e+00,0.000000e+00,0.000000e+00,0.000000e+00,0.000000e+00,2.236482e+01,-2.189424e-01,-8.925037e-01,-8.606007e-09,2.319476e-11,1.863961e-08,1.431536e-08,-3.381307e-11,6.615975e-09,0.000000e+00,0.000000e+00,0.000000e+00,0.000000e+00,0.000000e+00,0.000000e+00,-3.251178e-07,-4.979095e-10,-8.201984e-01,-9.806635e-04,-1.027517e-05,-2.720000e+03,1.026065e+01,2.189424e-01,-1.989223e+01,-2.392470e-07,-3.286685e-06,-1.195469e-08,2.319104e-02,-2.077347e-02,-6.426506e-04
3.106812e-04,2.542724e-06,1.658589e+04,-8.209789e-07,8.682380e-14,-1.219550e+01,5.733604e-03,3.045894e-06,4.916951e-11,0.000000e+00,0.000000e+00,5.516087e-12,0.000000e+00,0.000000e+00,0.000000e+00,0.000000e+00,0.000000e+00,0.000000e+00,0.000000e+00,0.000000e+00,0.000000e+00,0.000000e+00,2.542724e-06,3.365477e+03,2.386353e-06,2.998009e-08,-2.474606e+00,9.097792e-04,0.000000e+00,0.000000e+00,0.000000e+00,0.000000e+00,0.000000e+00,0.000000e+00,0.000000e+00,0.000000e+00,0.000000e+00,0.000000e+00,0.000000e+00,0.000000e+00,0.000000e+00,0.000000e+00,0.000000e+00,0.000000e+00,0.000000e+00,0.000000e+00,0.000000e+00,0.000000e+00,0.000000e+00,0.000000e+00,0.000000e+00,0.000000e+00,0.000000e+00,0.000000e+00,0.000000e+00,0.000000e+00,0.000000e+00,0.000000e+00,2.927814e+01,-5.498959e-01,-3.132944e-01,-8.838875e-09,2.445059e-11,1.914383e-08,1.469522e-08,-3.563579e-11,6.791649e-09,0.000000e+00,0.000000e+00,0.000000e+00,0.000000e+00,0.000000e+00,0.000000e+00,-3.334567e-07,-5.821424e-10,-8.450529e-01,-8.752596e-04,-8.781976e-06,-2.720000e+03,1.265740e+01,5.498959e-01,-2.640261e+01,-5.387738e-08,-3.449247e-06,-1.367764e-08,1.589929e-02,-5.713944e-02,8.510209e-04
3.228647e-04,2.692016e-06,1.658589e+04,-8.209790e-07,8.929398e-14,-1.219550e+01,5.733604e-03,3.045894e-06,5.942172e-11,0.000000e+00,0.000000e+00,5.989417e-12,0.000000e+00,0.000000e+00,0.000000e+00,0.000000e+00,0.000000e+00,0.000000e+00,0.000000e+00,0.000000e+00,0.000000e+00,0.000000e+00,2.692016e-06,3.365472e+03,1.863720e-06,-2.034871e-08,-2.474605e+00,9.097795e-04,0.000000e+00,0.000000e+00,0.000000e+00,0.000000e+00,0.000000e+00,0.000000e+00,0.000000e+00,0.000000e+00,0.000000e+00,0.000000e+00,0.000000e+00,0.000000e+00,0.000000e+00,0.000000e+00,0.000000e+00,0.000000e+00,0.000000e+00,0.000000e+00,0.000000e+00,0.000000e+00,0.000000e+00,0.000000e+00,0.000000e+00,0.000000e+00,0.000000e+00,0.000000e+00,0.000000e+00,0.000000e+00,0.000000e+00,0.000000e+00,2.185456e+01,-3.069813e-01,-1.036907e+00,-9.166669e-09,2.550615e-11,1.985258e-08,1.524868e-08,-3.724212e-11,7.047833e-09,0.000000e+00,0.000000e+00,0.000000e+00,0.000000e+00,0.000000e+00,0.000000e+00,-3.429691e-07,-5.986775e-10,-8.781922e-01,-7.259826e-04,3.845626e-06,-2.720000e+03,1.017588e+01,3.069813e-01,-1.936875e+01,-2.428015e-07,-3.925566e-06,-8.386308e-08,-3.089138e-02,3.290389e-02,-1.250349e-02
3.320024e-04,2.810410e-06,1.658588e+04,-8.209792e-07,7.402888e-14,-1.219550e+01,5.733604e-03,3.045894e-06,4.871017e-11,0.000000e+00,0.000000e+00,2.072491e-12,0.000000e+00,0.000000e+00,0.000000e+00,0.000000e+00,0.000000e+00,0.000000e+00,0.000000e+00,0.000000e+00,0.000000e+00,0.000000e+00,2.810410e-06,3.365472e+03,1.548806e-06,-2.711630e-08,-2.474605e+00,9.097793e-04,0.000000e+00,0.000000e+00,0.000000e+00,0.000000e+00,0.000000e+00,0.000000e+00,0.000000e+00,0.000000e+00,0.000000e+00,0.000000e+00,0.000000e+00,0.000000e+00,0.000000e+00,0.000000e+00,0.000000e+00,0.000000e+00,0.000000e+00,0.000000e+00,0.000000e+00,0.000000e+00,0.000000e+00,0.000000e+00,0.000000e+00,0.000000e+00,0.000000e+00,0.000000e+00,0.000000e+00,0.000000e+00,0.000000e+00,0.000000e+00,2.515997e+01,3.227434e-01,1.740949e+00,-9.356079e-09,2.635685e-11,2.026217e-08,1.556287e-08,-3.852154e-11,7.193287e-09,0.000000e+00,0.000000e+00,0.000000e+00,0.000000e+00,0.000000e+00,0.000000e+00,-3.490688e-07,-5.563396e-10,-9.030467e-01,-6.402865e-04,4.227911e-06,-2.720000e+03,9.055212e+00,-3.227434e-01,-2.353844e+01,-4.259051e-07,-3.554722e-06,-1.815402e-07,-2.001642e-02,4.604186e-02,-9.735110e-03
3.411401e-04,2.921425e-06,1.658588e+04,-8.209788e-07,1.083841e-13,-1.219550e+01,5.733604e-03,3.045894e-06,4.531420e-11,0.000000e+00,0.000000e+00,6.152680e-12,0.000000e+00,0.000000e+00,0.000000e+00,0.000000e+00,0.000000e+00,0.000000e+00,0.000000e+00,0.000000e+00,0.000000e+00,0.000000e+00,2.921425e-06,3.365469e+03,1.198395e-06,-1.624418e-08,-2.474604e+00,9.097796e-04,0.000000e+00,0.000000e+00,0.000000e+00,0.000000e+00,0.000000e+00,0.000000e+00,0.000000e+00,0.000000e+00,0.000000e+00,0.000000e+00,0.000000e+00,0.000000e+00,0.000000e+00,0.000000e+00,0.000000e+00,0.000000e+00,0.000000e+00,0.000000e+00,0.000000e+00,0.000000e+00,0.000000e+00,0.000000e+00,0.000000e+00,0.000000e+00,0.000000e+00,0.000000e+00,0.000000e+00,0.000000e+00,0.000000e+00,0.000000e+00,3.155316e+01,-1.324443e-01,-9.831829e-01,-9.676253e-09,2.875931e-11,2.095345e-08,1.609523e-08,-4.243585e-11,7.440142e-09,0.000000e+00,0.000000e+00,0.000000e+00,0.000000e+00,0.000000e+00,0.000000e+00,-3.543642e-07,-5.431237e-10,-9.279012e-01,-5.439820e-04,1.627564e-07,-2.720000e+03,1.422599e+01,1.324443e-01,-2.818137e+01,-5.581707e-07,-3.286272e-06,-2.319535e-07,5.756315e-03,-3.647653e-02,-2.922336e-03
3.502778e-04,2.992675e-06,1.658588e+04,-8.209789e-07,7.164054e-14,-1.219549e+01,5.733604e-03,3.045894e-06,6.938764e-11,0.000000e+00,0.000000e+00,1.429244e-12,0.000000e+00,0.000000e+00,0.000000e+00,0.000000e+00,0.000000e+00,0.000000e+00,0.000000e+00,0.000000e+00,0.000000e+00,0.000000e+00,2.992675e-06,3.365465e+03,7.470064e-07,-2.713048e-08,-2.474603e+00,9.097796e-04,0.000000e+00,0.000000e+00,0.000000e+00,0.000000e+00,0.000000e+00,0.000000e+00,0.000000e+00,0.000000e+00,0.000000e+00,0.000000e+00,0.000000e+00,0.000000e+00,0.000000e+00,0.000000e+00,0.000000e+00,0.000000e+00,0.000000e+00,0.000000e+00,0.000000e+00,0.000000e+00,0.000000e+00,0.000000e+00,0.000000e+00,0.000000e+00,0.000000e+00,0.000000e+00,0.000000e+00,0.000000e+00,0.000000e+00,0.000000e+00,3.065692e+01,-1.979441e-01,3.353119e-02,-9.847670e-09,2.928300e-11,2.132345e-08,1.637072e-08,-4.321141e-11,7.568034e-09,0.000000e+00,0.000000e+00,0.000000e+00,0.000000e+00,0.000000e+00,0.000000e+00,-3.585360e-07,-5.241464e-10,-9.527557e-01,-4.131536e-04,3.680825e-06,-2.720000e+03,1.292576e+01,1.979441e-01,-2.779878e+01,-5.028679e-07,-3.988134e-06,-1.979780e-07,1.932169e-02,-1.197993e-01,1.522243e-02
3.624614e-04,3.128480e-06,1.658588e+04,-8.209788e-07,6.931019e-14,-1.219549e+01,5.733604e-03,3.045894e-06,1.086730e-10,0.000000e+00,0.000000e+00,2.474052e-12,0.000000e+00,0.000000e+00,0.000000e+00,0.000000e+00,0.000000e+00,0.000000e+00,0.000000e+00,0.000000e+00,0.000000e+00,0.000000e+00,3.128480e-06,3.365464e+03,2.295106e-07,-1.810877e-08,-2.474602e+00,9.097797e-04,0.000000e+00,0.000000e+00,0.000000e+00,0.000000e+00,0.000000e+00,0.000000e+00,0.000000e+00,0.000000e+00,0.000000e+00,0.000000e+00,0.000000e+00,0.000000e+00,0.000000e+00,0.000000e+00,0.000000e+00,0.000000e+00,0.000000e+00,0.000000e+00,0.000000e+00,0.000000e+00,0.000000e+00,0.000000e+00,0.000000e+00,0.000000e+00,0.000000e+00,0.000000e+00,0.000000e+00,0.000000e+00,0.000000e+00,0.000000e+00,2.956673e+01,3.435642e-01,1.077204e+00,-1.027250e-08,3.054558e-11,2.224436e-08,1.697294e-08,-4.554684e-11,7.847007e-09,0.000000e+00,0.000000e+00,0.000000e+00,0.000000e+00,0.000000e+00,0.000000e+00,-3.623936e-07,-4.702996e-10,-9.858950e-01,-2.605317e-04,3.703266e-06,-2.720000e+03,1.151914e+01,-3.435642e-01,-2.725181e+01,-1.552840e-07,-5.198955e-06,-1.068371e-07,2.188192e-02,-3.642525e-02,-1.477844e-02
3.715990e-04,3.249887e-06,1.658588e+04,-8.209789e-07,1.018007e-13,-1.219549e+01,5.733604e-03,3.045894e-06,9.856705e-11,0.000000e+00,0.000000e+00,4.152931e-12,0.000000e+00,0.000000e+00,0.000000e+00,0.000000e+00,0.000000e+00,0.000000e+00,0.000000e+00,0.000000e+00,0.000000e+00,0.000000e+00,3.249887e-06,3.365462e+03,-1.336958e-07,-4.908287e-09,-2.474601e+00,9.097795e-04,0.000000e+00,0.000000e+00,0.000000e+00,0.000000e+00,0.000000e+00,0.000000e+00,0.000000e+00,0.000000e+00,0.000000e+00,0.000000e+00,0.000000e+00,0.000000e+00,0.000000e+00,0.000000e+00,0.000000e+00,0.000000e+00,0.000000e+00,0.000000e+00,0.000000e+00,0.000000e+00,0.000000e+00,0.000000e+00,0.000000e+00,0.000000e+00,0.000000e+00,0.000000e+00,0.000000e+00,0.000000e+00,0.000000e+00,0.000000e+00,2.744596e+01,1.729276e-01,5.843296e-01,-1.058769e-08,3.100826e-11,2.292898e-08,1.740251e-08,-4.685797e-11,8.045660e-09,0.000000e+00,0.000000e+00,0.000000e+00,0.000000e+00,0.000000e+00,0.000000e+00,-3.641510e-07,-4.544875e-10,-1.010750e+00,-1.597726e-04,6.832482e-07,-2.720000e+03,1.106957e+01,-1.729276e-01,-2.512145e+01,-3.713389e-09,-5.068763e-06,-1.951717e-07,1.864690e-02,4.296691e-02,6.416326e-03
3.807367e-04,3.399261e-06,1.658587e+04,-8.209789e-07,7.011249e-14,-1.219549e+01,5.733604e-03,3.045894e-06,8.358916e-11,0.000000e+00,0.000000e+00,7.339778e-12,0.000000e+00,0.000000e+00,0.000000e+00,0.000000e+00,0.000000e+00,0.000000e+00,0.000000e+00,0.000000e+00,0.000000e+00,0.000000e+00,3.399261e-06,3.365459e+03,-5.365744e-07,7.326094e-09,-2.474601e+00,9.097792e-04,0.000000e+00,0.000000e+00,0.000000e+00,0.000000e+00,0.000000e+00,0.000000e+00,0.000000e+00,0.000000e+00,0.000000e+00,0.000000e+00,0.000000e+00,0.000000e+00,0.000000e+00,0.000000e+00,0.000000e+00,0.000000e+00,0.000000e+00,0.000000e+00,0.000000e+00,0.000000e+00,0.000000e+00,0.000000e+00,0.000000e+00,0.000000e+00,0.000000e+00,0.000000e+00,0.000000e+00,0.000000e+00,0.000000e+00,0.000000e+00,2.871326e+01,2.091669e-01,-3.056408e+00,-1.100768e-08,3.073437e-11,2.384606e-08,1.808614e-08,-4.653895e-11,8.359036e-09,0.000000e+00,0.000000e+00,0.000000e+00,0.000000e+00,0.000000e+00,0.000000e+00,-3.649602e-07,-4.581815e-10,-1.035604e+00,-4.974141e-05,-9.359230e-07,-2.720000e+03,1.490478e+01,-2.091669e-01,-2.473137e+01,2.137567e-07,-4.642706e-06,-7.645536e-08,5.190004e-02,2.718337e-02,2.638960e-02
3.929203e-04,3.593030e-06,1.658587e+04,-8.209789e-07,7.545482e-14,-1.219549e+01,5.733604e-03,3.045894e-06,1.072739e-10,0.000000e+00,0.000000e+00,6.131862e-12,0.000000e+00,0.000000e+00,0.000000e+00,0.000000e+00,0.000000e+00,0.000000e+00,0.000000e+00,0.000000e+00,0.000000e+00,0.000000e+00,3.593030e-06,3.365455e+03,-1.241575e-06,3.428582e-08,-2.474599e+00,9.097792e-04,0.000000e+00,0.000000e+00,0.000000e+00,0.000000e+00,0.000000e+00,0.000000e+00,0.000000e+00,0.000000e+00,0.000000e+00,0.000000e+00,0.000000e+00,0.000000e+00,0.000000e+00,0.000000e+00,0.000000e+00,0.000000e+00,0.000000e+00,0.000000e+00,0.000000e+00,0.000000e+00,0.000000e+00,0.000000e+00,0.000000e+00,0.000000e+00,0.000000e+00,0.000000e+00,0.000000e+00,0.000000e+00,0.000000e+00,0.000000e+00,2.905544e+01,5.474280e-01,-2.062441e+00,-1.140574e-08,2.989169e-11,2.471220e-08,1.875924e-08,-4.510367e-11,8.668603e-09,0.000000e+00,0.000000e+00,0.000000e+00,0.000000e+00,0.000000e+00,0.000000e+00,-3.640652e-07,-5.030580e-10,-1.068743e+00,1.504357e-04,-6.384017e-06,-2.720000e+03,1.414855e+01,-5.474280e-01,-2.546155e+01,4.559720e-07,-5.086745e-06,8.096141e-08,-5.289077e-02,-8.063044e-02,-1.159258e-02
4.020580e-04,3.695729e-06,1.658587e+04,-8.209788e-07,1.121595e-13,-1.219549e+01,5.733604e-03,3.045894e-06,1.242023e-10,0.000000e+00,0.000000e+00,2.240880e-12,0.000000e+00,0.000000e+00,0.000000e+00,0.000000e+00,0.000000e+00,0.000000e+00,0.000000e+00,0.000000e+00,0.000000e+00,0.000000e+00,3.695729e-06,3.365454e+03,-1.637448e-06,3.595846e-08,-2.474599e+00,9.097795e-04,0.000000e+00,0.000000e+00,0.000000e+00,0.000000e+00,0.000000e+00,0.000000e+00,0.000000e+00,0.000000e+00,0.000000e+00,0.000000e+00,0.000000e+00,0.000000e+00,0.000000e+00,0.000000e+00,0.000000e+00,0.000000e+00,0.000000e+00,0.000000e+00,0.000000e+00,0.000000e+00,0.000000e+00,0.000000e+00,0.000000e+00,0.000000e+00,0.000000e+00,0.000000e+00,0.000000e+00,0.000000e+00,0.000000e+00,0.000000e+00,2.854717e+01,-2.368224e-01,1.019036e+00,-1.159075e-08,3.005085e-11,2.511256e-08,1.906521e-08,-4.527676e-11,8.810173e-09,0.000000e+00,0.000000e+00,0.000000e+00,0.000000e+00,0.000000e+00,0.000000e+00,-3.619685e-07,-5.890809e-10,-1.093598e+00,2.641814e-04,-1.040701e-05,-2.720000e+03,1.114098e+01,2.368224e-01,-2.630320e+01,-4.873110e-08,-5.554097e-06,-9.374176e-09,-2.266401e-02,-4.323221e-02,5.328805e-03
4.111957e-04,3.869547e-06,1.658587e+04,-8.209788e-07,1.288359e-13,-1.219549e+01,5.733604e-03,3.045894e-06,1.636100e-10,0.000000e+00,0.000000e+00,6.307680e-12,0.000000e+00,0.000000e+00,0.000000e+00,0.000000e+00,0.000000e+00,0.000000e+00,0.000000e+00,0.000000e+00,0.000000e+00,0.000000e+00,3.869547e-06,3.365450e+03,-1.999270e-06,2.455424e-08,-2.474598e+00,9.097793e-04,0.000000e+00,0.000000e+00,0.000000e+00,0.000000e+00,0.000000e+00,0.000000e+00,0.000000e+00,0.000000e+00,0.000000e+00,0.000000e+00,0.000000e+00,0.000000e+00,0.000000e+00,0.000000e+00,0.000000e+00,0.000000e+00,0.000000e+00,0.000000e+00,0.000000e+00,0.000000e+00,0.000000e+00,0.000000e+00,0.000000e+00,0.000000e+00,0.000000e+00,0.000000e+00,0.000000e+00,0.000000e+00,0.000000e+00,0.000000e+00,2.633321e+01,-1.089904e+00,6.630821e-01,-1.187850e-08,3.187247e-11,2.573282e-08,1.953729e-08,-4.826739e-11,9.029526e-09,0.000000e+00,0.000000e+00,0.000000e+00,0.000000e+00,0.000000e+00,0.000000e+00,-3.589154e-07,-6.680031e-10,-1.118452e+00,3.701521e-04,-7.206666e-06,-2.720000e+03,1.052792e+01,1.089904e+00,-2.414623e+01,-1.108397e-07,-6.283174e-06,1.103709e-07,-6.786675e-03,-1.082368e-01,2.023096e-02
4.203334e-04,4.086839e-06,1.658586e+04,-8.209789e-07,9.703450e-14,-1.219549e+01,5.733604e-03,3.045894e-06,1.697294e-10,0.000000e+00,0.000000e+00,1.740266e-12,0.000000e+00,0.000000e+00,0.000000e+00,0.000000e+00,0.000000e+00,0.000000e+00,0.000000e+00,0.000000e+00,0.000000e+00,0.000000e+00,4.086839e-06,3.365450e+03,-2.281240e-06,1.315682e-08,-2.474597e+00,9.097795e-04,0.000000e+00,0.000000e+00,0.000000e+00,0.000000e+00,0.000000e+00,0.000000e+00,0.000000e+00,0.000000e+00,0.000000e+00,0.000000e+00,0.000000e+00,0.000000e+00,0.000000e+00,0.000000e+00,0.000000e+00,0.000000e+00,0.000000e+00,0.000000e+00,0.000000e+00,0.000000e+00,0.000000e+00,0.000000e+00,0.000000e+00,0.000000e+00,0.000000e+00,0.000000e+00,0.000000e+00,0.000000e+00,0.000000e+00,0.000000e+00,2.261227e+01,9.209756e-01,4.062966e+00,-1.205295e-08,3.241150e-11,2.610953e-08,1.980742e-08,-4.901701e-11,9.154989e-09,0.000000e+00,0.000000e+00,0.000000e+00,0.000000e+00,0.000000e+00,0.000000e+00,-3.550060e-07,-6.988336e-10,-1.143307e+00,4.517407e-04,-3.287585e-06,-2.720000e+03,5.874045e+00,-9.209756e-01,-2.221076e+01,-7.773768e-08,-6.692909e-06,2.618718e-07,1.182419e-02,8.462940e-02,7.617517e-03
4.325169e-04,4.339025e-06,1.658586e+04,-8.209788e-07,1.286456e-13,-1.219549e+01,5.733604e-03,3.045894e-06,1.216387e-10,0.000000e+00,0.000000e+00,2.526374e-12,0.000000e+00,0.000000e+00,0.000000e+00,0.000000e+00,0.000000e+00,0.000000e+00,0.000000e+00,0.000000e+00,0.000000e+00,0.000000e+00,4.339025e-06,3.365445e+03,-2.634251e-06,4.667447e-08,-2.474596e+00,9.097792e-04,0.000000e+00,0.000000e+00,0.000000e+00,0.000000e+00,0.000000e+00,0.000000e+00,0.000000e+00,0.000000e+00,0.000000e+00,0.000000e+00,0.000000e+00,0.000000e+00,0.000000e+00,0.000000e+00,0.000000e+00,0.000000e+00,0.000000e+00,0.000000e+00,0.000000e+00,0.000000e+00,0.000000e+00,0.000000e+00,0.000000e+00,0.000000e+00,0.000000e+00,0.000000e+00,0.000000e+00,0.000000e+00,0.000000e+00,0.000000e+00,3.025475e+01,-7.729926e-01,1.202726e-01,-1.231130e-08,3.300010e-11,2.666778e-08,2.025391e-08,-4.995896e-11,9.361714e-09,0.000000e+00,0.000000e+00,0.000000e+00,0.000000e+00,0.000000e+00,0.000000e+00,-3.488816e-07,-8.167425e-10,-1.176446e+00,5.430070e-04,-1.143481e-05,-2.720000e+03,1.267719e+01,7.729926e-01,-2.747095e+01,1.507340e-07,-5.529341e-06,1.920410e-07,-2.736223e-02,-1.961648e-02,-3.021775e-02
4.416546e-04,4.594976e-06,1.658586e+04,-8.209786e-07,1.337429e-13,-1.219549e+01,5.733604e-03,3.045894e-06,1.247891e-10,0.000000e+00,0.000000e+00,4.146584e-12,0.000000e+00,0.000000e+00,0.000000e+00,0.000000e+00,0.000000e+00,0.000000e+00,0.000000e+00,0.000000e+00,0.000000e+00,0.000000e+00,4.594976e-06,3.365443e+03,-3.091546e-06,-3.860137e-09,-2.474595e+00,9.097793e-04,0.000000e+00,0.000000e+00,0.000000e+00,0.000000e+00,0.000000e+00,0.000000e+00,0.000000e+00,0.000000e+00,0.000000e+00,0.000000e+00,0.000000e+00,0.000000e+00,0.000000e+00,0.000000e+00,0.000000e+00,0.000000e+00,0.000000e+00,0.000000e+00,0.000000e+00,0.000000e+00,0.000000e+00,0.000000e+00,0.000000e+00,0.000000e+00,0.000000e+00,0.000000e+00,0.000000e+00,0.000000e+00,0.000000e+00,0.000000e+00,3.148851e+01,-1.278777e+00,-2.024599e+00,-1.264853e-08,3.335169e-11,2.740098e-08,2.084038e-08,-5.048021e-11,9.631541e-09,0.000000e+00,0.000000e+00,0.000000e+00,0.000000e+00,0.000000e+00,0.000000e+00,-3.431593e-07,-8.536986e-10,-1.201301e+00,6.719598e-04,1.717855e-06,-2.720000e+03,1.514251e+01,1.278777e+00,-2.768266e+01,1.111965e-07,-5.696235e-06,-2.269785e-08,1.580144e-02,4.214054e-02,-7.084207e-03
4.507923e-04,4.837892e-06,1.658586e+04,-8.209786e-07,1.488445e-13,-1.219549e+01,5.733604e-03,3.045894e-06,8.553235e-11,0.000000e+00,0.000000e+00,7.326243e-12,0.000000e+00,0.000000e+00,0.000000e+00,0.000000e+00,0.000000e+00,0.000000e+00,0.000000e+00,0.000000e+00,0.000000e+00,0.000000e+00,4.837892e-06,3.365442e+03,-3.579703e-06,-9.502202e-09,-2.474594e+00,9.097793e-04,0.000000e+00,0.000000e+00,0.000000e+00,0.000000e+00,0.000000e+00,0.000000e+00,0.000000e+00,0.000000e+00,0.000000e+00,0.000000e+00,0.000000e+00,0.000000e+00,0.000000e+00,0.000000e+00,0.000000e+00,0.000000e+00,0.000000e+00,0.000000e+00,0.000000e+00,0.000000e+00,0.000000e+00,0.000000e+00,0.000000e+00,0.000000e+00,0.000000e+00,0.000000e+00,0.000000e+00,0.000000e+00,0.000000e+00,0.000000e+00,2.510732e+01,2.222826e+00,-1.814692e+00,-1.303110e-08,3.326645e-11,2.823557e-08,2.148824e-08,-5.034181e-11,9.928689e-09,0.000000e+00,0.000000e+00,0.000000e+00,0.000000e+00,0.000000e+00,0.000000e+00,-3.362037e-07,-8.116708e-10,-1.226155e+00,8.032938e-04,2.264235e-06,-2.720000e+03,1.225547e+01,-2.222826e+00,-2.198804e+01,1.154042e-08,-4.885169e-06,-1.373800e-07,-5.919293e-02,1.478924e-01,-2.862681e-02
4.629759e-04,5.221290e-06,1.658585e+04,-8.209784e-07,9.679731e-14,-1.219549e+01,5.733604e-03,3.045894e-06,6.450251e-11,0.000000e+00,0.000000e+00,6.573567e-12,0.000000e+00,0.000000e+00,0.000000e+00,0.000000e+00,0.000000e+00,0.000000e+00,0.000000e+00,0.000000e+00,0.000000e+00,0.000000e+00,5.221290e-06,3.365439e+03,-4.116418e-06,3.764735e-08,-2.474595e+00,9.097795e-04,0.000000e+00,0.000000e+00,0.000000e+00,0.000000e+00,0.000000e+00,0.000000e+00,0.000000e+00,0.000000e+00,0.000000e+00,0.000000e+00,0.000000e+00,0.000000e+00,0.000000e+00,0.000000e+00,0.000000e+00,0.000000e+00,0.000000e+00,0.000000e+00,0.000000e+00,0.000000e+00,0.000000e+00,0.000000e+00,0.000000e+00,0.000000e+00,0.000000e+00,0.000000e+00,0.000000e+00,0.000000e+00,0.000000e+00,0.000000e+00,2.260226e+01,-8.876348e-01,-9.856443e-01,-1.349179e-08,3.447870e-11,2.923350e-08,2.228316e-08,-5.233408e-11,1.029582e-08,0.000000e+00,0.000000e+00,0.000000e+00,0.000000e+00,0.000000e+00,0.000000e+00,-3.253051e-07,-9.441938e-10,-1.259295e+00,9.472288e-04,-1.337224e-05,-2.720000e+03,1.044541e+01,8.876348e-01,-2.006806e+01,-2.074227e-07,-3.931163e-06,-4.405150e-07,6.801417e-02,-6.079240e-02,-1.295901e-03
4.721135e-04,5.517177e-06,1.658585e+04,-8.209780e-07,1.080919e-13,-1.219548e+01,5.733604e-03,3.045894e-06,7.867977e-11,0.000000e+00,0.000000e+00,2.683972e-12,0.000000e+00,0.000000e+00,0.000000e+00,0.000000e+00,0.000000e+00,0.000000e+00,0.000000e+00,0.000000e+00,0.000000e+00,0.000000e+00,5.517177e-06,3.365437e+03,-4.432429e-06,1.136421e-08,-2.474593e+00,9.097793e-04,0.000000e+00,0.000000e+00,0.000000e+00,0.000000e+00,0.000000e+00,0.000000e+00,0.000000e+00,0.000000e+00,0.000000e+00,0.000000e+00,0.000000e+00,0.000000e+00,0.000000e+00,0.000000e+00,0.000000e+00,0.000000e+00,0.000000e+00,0.000000e+00,0.000000e+00,0.000000e+00,0.000000e+00,0.000000e+00,0.000000e+00,0.000000e+00,0.000000e+00,0.000000e+00,0.000000e+00,0.000000e+00,0.000000e+00,0.000000e+00,2.408188e+01,-7.867522e-01,-5.683622e-01,-1.371287e-08,3.522700e-11,2.971292e-08,2.264394e-08,-5.342221e-11,1.046242e-08,0.000000e+00,0.000000e+00,0.000000e+00,0.000000e+00,0.000000e+00,0.000000e+00,-3.160874e-07,-1.007600e-09,-1.284149e+00,1.038768e-03,-3.104840e-06,-2.720000e+03,1.069254e+01,7.867522e-01,-2.158540e+01,2.336143e-07,-4.414224e-06,-4.182487e-07,-1.538286e-02,-2.275443e-02,1.143732e-02
4.812512e-04,5.799473e-06,1.658585e+04,-8.209778e-07,1.416860e-13,-1.219548e+01,5.733604e-03,3.045894e-06,8.676870e-11,0.000000e+00,0.000000e+00,6.752138e-12,0.000000e+00,0.000000e+00,0.000000e+00,0.000000e+00,0.000000e+00,0.000000e+00,0.000000e+00,0.000000e+00,0.000000e+00,0.000000e+00,5.799473e-06,3.365436e+03,-4.745928e-06,-1.627228e-08,-2.474592e+00,9.097792e-04,0.000000e+00,0.000000e+00,0.000000e+00,0.000000e+00,0.000000e+00,0.000000e+00,0.000000e+00,0.000000e+00,0.000000e+00,0.000000e+00,0.000000e+00,0.000000e+00,0.000000e+00,0.000000e+00,0.000000e+00,0.000000e+00,0.000000e+00,0.000000e+00,0.000000e+00,0.000000e+00,0.000000e+00,0.000000e+00,0.000000e+00,0.000000e+00,0.000000e+00,0.000000e+00,0.000000e+00,0.000000e+00,0.000000e+00,0.000000e+00,1.833531e+01,-8.959913e-01,8.486700e-02,-1.403669e-08,3.763777e-11,3.041224e-08,2.317083e-08,-5.732829e-11,1.070679e-08,0.000000e+00,0.000000e+00,0.000000e+00,0.000000e+00,0.000000e+00,0.000000e+00,-3.060309e-07,-9.964803e-10,-1.309003e+00,1.128173e-03,2.703247e-06,-2.720000e+03,7.671911e+00,8.959913e-01,-1.665331e+01,-1.048987e-07,-4.672044e-06,-3.442173e-07,-2.106232e-02,-7.452533e-03,5.870697e-03
4.903889e-04,6.086893e-06,1.658585e+04,-8.209784e-07,1.903161e-13,-1.219548e+01,5.733604e-03,3.045894e-06,8.715085e-11,0.000000e+00,0.000000e+00,2.840205e-12,0.000000e+00,0.000000e+00,0.000000e+00,0.000000e+00,0.000000e+00,0.000000e+00,0.000000e+00,0.000000e+00,0.000000e+00,0.000000e+00,6.086893e-06,3.365432e+03,-4.976863e-06,-4.915481e-08,-2.474592e+00,9.097797e-04,0.000000e+00,0.000000e+00,0.000000e+00,0.000000e+00,0.000000e+00,0.000000e+00,0.000000e+00,0.000000e+00,0.000000e+00,0.000000e+00,0.000000e+00,0.000000e+00,0.000000e+00,0.000000e+00,0.000000e+00,0.000000e+00,0.000000e+00,0.000000e+00,0.000000e+00,0.000000e+00,0.000000e+00,0.000000e+00,0.000000e+00,0.000000e+00,0.000000e+00,0.000000e+00,0.000000e+00,0.000000e+00,0.000000e+00,0.000000e+00,1.697495e+01,-1.329590e+00,4.792604e-01,-1.427056e-08,3.818122e-11,3.091856e-08,2.353880e-08,-5.801926e-11,1.087714e-08,0.000000e+00,0.000000e+00,0.000000e+00,0.000000e+00,0.000000e+00,0.000000e+00,-2.953184e-07,-9.172684e-10,-1.333858e+00,1.192985e-03,1.209713e-05,-2.720000e+03,6.739555e+00,1.329590e+00,-1.558708e+01,-1.353861e-07,-4.696265e-06,-2.302434e-07,2.229254e-02,-3.983731e-03,1.483691e-02
5.025725e-04,6.440441e-06,1.658585e+04,-8.209784e-07,1.502943e-13,-1.219548e+01,5.733604e-03,3.045894e-06,8.520722e-11,0.000000e+00,0.000000e+00,2.877090e-12,0.000000e+00,0.000000e+00,0.000000e+00,0.000000e+00,0.000000e+00,0.000000e+00,0.000000e+00,0.000000e+00,0.000000e+00,0.000000e+00,6.440441e-06,3.365432e+03,-5.274089e-06,-5.962373e-08,-2.474591e+00,9.097793e-04,0.000000e+00,0.000000e+00,0.000000e+00,0.000000e+00,0.000000e+00,0.000000e+00,0.000000e+00,0.000000e+00,0.000000e+00,0.000000e+00,0.000000e+00,0.000000e+00,0.000000e+00,0.000000e+00,0.000000e+00,0.000000e+00,0.000000e+00,0.000000e+00,0.000000e+00,0.000000e+00,0.000000e+00,0.000000e+00,0.000000e+00,0.000000e+00,0.000000e+00,0.000000e+00,0.000000e+00,0.000000e+00,0.000000e+00,0.000000e+00,1.275598e+01,1.220090e+00,1.461274e+00,-1.454607e-08,3.885245e-11,3.151466e-08,2.396428e-08,-5.881863e-11,1.107433e-08,0.000000e+00,0.000000e+00,0.000000e+00,0.000000e+00,0.000000e+00,0.000000e+00,-2.801469e-07,-7.025235e-10,-1.366997e+00,1.275209e-03,1.684768e-05,-2.720000e+03,4.066539e+00,-1.220090e+00,-1.217841e+01,5.335793e-08,-4.539867e-06,-5.241088e-08,-1.364739e-02,-7.562356e-02,6.719445e-03
5.117102e-04,6.733629e-06,1.658585e+04,-8.209781e-07,1.554840e-13,-1.219548e+01,5.733604e-03,3.045894e-06,1.260673e-10,0.000000e+00,0.000000e+00,3.502768e-12,0.000000e+00,0.000000e+00,0.000000e+00,0.000000e+00,0.000000e+00,0.000000e+00,0.000000e+00,0.000000e+00,0.000000e+00,0.000000e+00,6.733629e-06,3.365431e+03,-5.340362e-06,-2.720670e-08,-2.474590e+00,9.097793e-04,0.000000e+00,0.000000e+00,0.000000e+00,0.000000e+00,0.000000e+00,0.000000e+00,0.000000e+00,0.000000e+00,0.000000e+00,0.000000e+00,0.000000e+00,0.000000e+00,0.000000e+00,0.000000e+00,0.000000e+00,0.000000e+00,0.000000e+00,0.000000e+00,0.000000e+00,0.000000e+00,0.000000e+00,0.000000e+00,0.000000e+00,0.000000e+00,0.000000e+00,0.000000e+00,0.000000e+00,0.000000e+00,0.000000e+00,0.000000e+00,5.275384e+00,5.484973e-01,1.722364e+00,-1.486139e-08,3.952933e-11,3.219958e-08,2.449552e-08,-5.981802e-11,1.131909e-08,0.000000e+00,0.000000e+00,0.000000e+00,0.000000e+00,0.000000e+00,0.000000e+00,-2.683200e-07,-6.135222e-10,-1.391852e+00,1.299822e-03,6.525797e-06,-2.720000e+03,6.684781e-01,-5.484973e-01,-5.509024e+00,-1.600483e-07,-5.481626e-06,-1.682761e-08,-4.228909e-02,-1.158710e-01,6.355023e-03
5.208479e-04,7.037021e-06,1.658585e+04,-8.209787e-07,1.385066e-13,-1.219548e+01,5.733604e-03,3.045894e-06,1.610853e-10,0.000000e+00,0.000000e+00,6.666727e-12,0.000000e+00,0.000000e+00,0.000000e+00,0.000000e+00,0.000000e+00,0.000000e+00,0.000000e+00,0.000000e+00,0.000000e+00,0.000000e+00,7.037021e-06,3.365428e+03,-5.338417e-06,-3.379878e-08,-2.474592e+00,9.097802e-04,0.000000e+00,0.000000e+00,0.000000e+00,0.000000e+00,0.000000e+00,0.000000e+00,0.000000e+00,0.000000e+00,0.000000e+00,0.000000e+00,0.000000e+00,0.000000e+00,0.000000e+00,0.000000e+00,0.000000e+00,0.000000e+00,0.000000e+00,0.000000e+00,0.000000e+00,0.000000e+00,0.000000e+00,0.000000e+00,0.000000e+00,0.000000e+00,0.000000e+00,0.000000e+00,0.000000e+00,0.000000e+00,0.000000e+00,0.000000e+00,-2.283458e-01,-1.889609e+00,-1.435740e+00,-1.515930e-08,4.004849e-11,3.284756e-08,2.498438e-08,-6.048771e-11,1.154412e-08,0.000000e+00,0.000000e+00,0.000000e+00,0.000000e+00,0.000000e+00,0.000000e+00,-2.564126e-07,-5.611082e-10,-1.416706e+00,1.304827e-03,7.599894e-06,-2.720000e+03,1.204720e+00,1.889609e+00,8.137206e-01,-3.178650e-07,-6.340265e-06,5.489561e-08,-5.657685e-03,-3.402662e-02,3.046015e-03
5.330314e-04,7.407612e-06,1.658585e+04,-8.209786e-07,1.457970e-13,-1.219548e+01,5.733604e-03,3.045894e-06,1.683148e-10,0.000000e+00,0.000000e+00,6.716345e-12,0.000000e+00,0.000000e+00,0.000000e+00,0.000000e+00,0.000000e+00,0.000000e+00,0.000000e+00,0.000000e+00,0.000000e+00,0.000000e+00,7.407612e-06,3.365431e+03,-5.396470e-06,-6.718867e-08,-2.474591e+00,9.097790e-04,0.000000e+00,0.000000e+00,0.000000e+00,0.000000e+00,0.000000e+00,0.000000e+00,0.000000e+00,0.000000e+00,0.000000e+00,0.000000e+00,0.000000e+00,0.000000e+00,0.000000e+00,0.000000e+00,0.000000e+00,0.000000e+00,0.000000e+00,0.000000e+00,0.000000e+00,0.000000e+00,0.000000e+00,0.000000e+00,0.000000e+00,0.000000e+00,0.000000e+00,0.000000e+00,0.000000e+00,0.000000e+00,0.000000e+00,0.000000e+00,-4.866601e+00,1.043243e+00,-2.729646e+00,-1.548460e-08,4.130500e-11,3.354998e-08,2.550445e-08,-6.239038e-11,1.178548e-08,0.000000e+00,0.000000e+00,0.000000e+00,0.000000e+00,0.000000e+00,0.000000e+00,-2.403810e-07,-3.537915e-10,-1.449846e+00,1.322263e-03,1.700790e-05,-2.720000e+03,4.171891e-01,-1.043243e+00,5.564236e+00,-3.203868e-07,-6.524212e-06,7.872148e-08,-1.427779e-03,-6.707085e-03,-6.578385e-03
5.421691e-04,7.683730e-06,1.658585e+04,-8.209782e-07,1.586210e-13,-1.219548e+01,5.733604e-03,3.045894e-06,1.677926e-10,0.000000e+00,0.000000e+00,2.801731e-12,0.000000e+00,0.000000e+00,0.000000e+00,0.000000e+00,0.000000e+00,0.000000e+00,0.000000e+00,0.000000e+00,0.000000e+00,0.000000e+00,7.683730e-06,3.365431e+03,-5.378638e-06,-3.337388e-08,-2.474591e+00,9.097793e-04,0.000000e+00,0.000000e+00,0.000000e+00,0.000000e+00,0.000000e+00,0.000000e+00,0.000000e+00,0.000000e+00,0.000000e+00,0.000000e+00,0.000000e+00,0.000000e+00,0.000000e+00,0.000000e+00,0.000000e+00,0.000000e+00,0.000000e+00,0.000000e+00,0.000000e+00,0.000000e+00,0.000000e+00,0.000000e+00,0.000000e+00,0.000000e+00,0.000000e+00,0.000000e+00,0.000000e+00,0.000000e+00,0.000000e+00,0.000000e+00,-1.009102e+01,6.963896e-01,-3.045125e+00,-1.567635e-08,4.149042e-11,3.396522e-08,2.579440e-08,-6.245967e-11,1.191978e-08,0.000000e+00,0.000000e+00,0.000000e+00,0.000000e+00,0.000000e+00,0.000000e+00,-2.283123e-07,-2.578494e-10,-1.474700e+00,1.317360e-03,7.116780e-06,-2.720000e+03,-1.504824e+00,-6.963896e-01,1.043250e+01,-3.544043e-07,-6.541158e-06,1.703270e-08,3.458350e-03,1.172665e-02,8.142512e-04
5.513068e-04,7.960922e-06,1.658585e+04,-8.209782e-07,1.746535e-13,-1.219548e+01,5.733604e-03,3.045894e-06,1.593025e-10,0.000000e+00,0.000000e+00,6.856982e-12,0.000000e+00,0.000000e+00,0.000000e+00,0.000000e+00,0.000000e+00,0.000000e+00,0.000000e+00,0.000000e+00,0.000000e+00,0.000000e+00,7.960922e-06,3.365433e+03,-5.324345e-06,-2.576162e-08,-2.474592e+00,9.097793e-04,0.000000e+00,0.000000e+00,0.000000e+00,0.000000e+00,0.000000e+00,0.000000e+00,0.000000e+00,0.000000e+00,0.000000e+00,0.000000e+00,0.000000e+00,0.000000e+00,0.000000e+00,0.000000e+00,0.000000e+00,0.000000e+00,0.000000e+00,0.000000e+00,0.000000e+00,0.000000e+00,0.000000e+00,0.000000e+00,0.000000e+00,0.000000e+00,0.000000e+00,0.000000e+00,0.000000e+00,0.000000e+00,0.000000e+00,0.000000e+00,-1.327197e+01,-6.465701e-01,-2.548028e+00,-1.596789e-08,4.332343e-11,3.459386e-08,2.625469e-08,-6.536815e-11,1.213378e-08,0.000000e+00,0.000000e+00,0.000000e+00,0.000000e+00,0.000000e+00,0.000000e+00,-2.163661e-07,-2.123335e-10,-1.499555e+00,1.301199e-03,5.608825e-06,-2.720000e+03,-3.299669e+00,6.465701e-01,1.310533e+01,-2.541619e-07,-6.390734e-06,1.034724e-08,1.613504e-02,1.940880e-02,1.572155e-03
5.604445e-04,8.228554e-06,1.658585e+04,-8.209782e-07,1.797335e-13,-1.219548e+01,5.733604e-03,3.045894e-06,1.489783e-10,0.000000e+00,0.000000e+00,3.072937e-12,0.000000e+00,0.000000e+00,0.000000e+00,0.000000e+00,0.000000e+00,0.000000e+00,0.000000e+00,0.000000e+00,0.000000e+00,0.000000e+00,8.228554e-06,3.365434e+03,-5.147074e-06,-4.298666e-08,-2.474591e+00,9.097793e-04,0.000000e+00,0.000000e+00,0.000000e+00,0.000000e+00,0.000000e+00,0.000000e+00,0.000000e+00,0.000000e+00,0.000000e+00,0.000000e+00,0.000000e+00,0.000000e+00,0.000000e+00,0.000000e+00,0.000000e+00,0.000000e+00,0.000000e+00,0.000000e+00,0.000000e+00,0.000000e+00,0.000000e+00,0.000000e+00,0.000000e+00,0.000000e+00,0.000000e+00,0.000000e+00,0.000000e+00,0.000000e+00,0.000000e+00,0.000000e+00,-2.167480e+01,-1.815752e-01,1.282508e+00,-1.610296e-08,4.219330e-11,3.488745e-08,2.644645e-08,-6.315783e-11,1.222232e-08,0.000000e+00,0.000000e+00,0.000000e+00,0.000000e+00,0.000000e+00,0.000000e+00,-2.047414e-07,-1.263375e-10,-1.524409e+00,1.250512e-03,1.095638e-05,-2.720000e+03,-1.032250e+01,1.815752e-01,1.910203e+01,-1.822917e-07,-6.221146e-06,2.953569e-08,-3.148374e-03,4.492735e-02,-3.293535e-03
5.726281e-04,8.624567e-06,1.658585e+04,-8.209783e-07,2.013720e-13,-1.219548e+01,5.733604e-03,3.045894e-06,1.238842e-10,0.000000e+00,0.000000e+00,3.402684e-12,0.000000e+00,0.000000e+00,0.000000e+00,0.000000e+00,0.000000e+00,0.000000e+00,0.000000e+00,0.000000e+00,0.000000e+00,0.000000e+00,8.624567e-06,3.365436e+03,-4.623039e-06,-3.025508e-08,-2.474593e+00,9.097796e-04,0.000000e+00,0.000000e+00,0.000000e+00,0.000000e+00,0.000000e+00,0.000000e+00,0.000000e+00,0.000000e+00,0.000000e+00,0.000000e+00,0.000000e+00,0.000000e+00,0.000000e+00,0.000000e+00,0.000000e+00,0.000000e+00,0.000000e+00,0.000000e+00,0.000000e+00,0.000000e+00,0.000000e+00,0.000000e+00,0.000000e+00,0.000000e+00,0.000000e+00,0.000000e+00,0.000000e+00,0.000000e+00,0.000000e+00,0.000000e+00,-2.748009e+01,1.377624e+00,3.179084e+00,-1.640467e-08,4.273593e-11,3.554133e-08,2.691310e-08,-6.373006e-11,1.243818e-08,0.000000e+00,0.000000e+00,0.000000e+00,0.000000e+00,0.000000e+00,0.000000e+00,-1.905969e-07,-2.687580e-12,-1.557549e+00,1.100033e-03,7.565291e-06,-2.720000e+03,-1.449480e+01,-1.377624e+00,2.356189e+01,-1.469274e-07,-5.623670e-06,1.308990e-08,3.049566e-02,7.500458e-03,1.964004e-02
5.817657e-04,8.936547e-06,1.658585e+04,-8.209784e-07,2.026823e-13,-1.219549e+01,5.733604e-03,3.045894e-06,1.397546e-10,0.000000e+00,0.000000e+00,3.931599e-12,0.000000e+00,0.000000e+00,0.000000e+00,0.000000e+00,0.000000e+00,0.000000e+00,0.000000e+00,0.000000e+00,0.000000e+00,0.000000e+00,8.936547e-06,3.365439e+03,-4.128653e-06,2.972421e-08,-2.474593e+00,9.097792e-04,0.000000e+00,0.000000e+00,0.000000e+00,0.000000e+00,0.000000e+00,0.000000e+00,0.000000e+00,0.000000e+00,0.000000e+00,0.000000e+00,0.000000e+00,0.000000e+00,0.000000e+00,0.000000e+00,0.000000e+00,0.000000e+00,0.000000e+00,0.000000e+00,0.000000e+00,0.000000e+00,0.000000e+00,0.000000e+00,0.000000e+00,0.000000e+00,0.000000e+00,0.000000e+00,0.000000e+00,0.000000e+00,0.000000e+00,0.000000e+00,-2.734948e+01,1.909749e-01,4.586343e+00,-1.675284e-08,4.387048e-11,3.629837e-08,2.749999e-08,-6.553368e-11,1.270831e-08,0.000000e+00,0.000000e+00,0.000000e+00,0.000000e+00,0.000000e+00,0.000000e+00,-1.813711e-07,-1.802305e-11,-1.582403e+00,9.632724e-04,-6.122961e-06,-2.720000e+03,-1.571501e+01,-1.909749e-01,2.284878e+01,2.098988e-07,-5.855479e-06,2.471841e-07,3.663660e-02,-6.188109e-02,1.780954e-02
5.909034e-04,9.215342e-06,1.658586e+04,-8.209779e-07,2.403677e-13,-1.219549e+01,5.733604e-03,3.045894e-06,1.447761e-10,0.000000e+00,0.000000e+00,7.229990e-12,0.000000e+00,0.000000e+00,0.000000e+00,0.000000e+00,0.000000e+00,0.000000e+00,0.000000e+00,0.000000e+00,0.000000e+00,0.000000e+00,9.215342e-06,3.365440e+03,-3.588385e-06,2.887491e-08,-2.474595e+00,9.097792e-04,0.000000e+00,0.000000e+00,0.000000e+00,0.000000e+00,0.000000e+00,0.000000e+00,0.000000e+00,0.000000e+00,0.000000e+00,0.000000e+00,0.000000e+00,0.000000e+00,0.000000e+00,0.000000e+00,0.000000e+00,0.000000e+00,0.000000e+00,0.000000e+00,0.000000e+00,0.000000e+00,0.000000e+00,0.000000e+00,0.000000e+00,0.000000e+00,0.000000e+00,0.000000e+00,0.000000e+00,0.000000e+00,0.000000e+00,0.000000e+00,-3.067870e+01,-5.068302e-01,4.754580e+00,-1.716174e-08,4.428995e-11,3.718796e-08,2.817360e-08,-6.602330e-11,1.301826e-08,0.000000e+00,0.000000e+00,0.000000e+00,0.000000e+00,0.000000e+00,0.000000e+00,-1.734671e-07,-6.951543e-11,-1.607257e+00,8.137779e-04,-4.207629e-06,-2.720000e+03,-1.727447e+01,5.068302e-01,2.579498e+01,4.508949e-07,-6.114298e-06,2.845192e-07,-1.406485e-03,4.458650e-02,-2.169214e-02
6.000411e-04,9.536448e-06,1.658586e+04,-8.209780e-07,2.383465e-13,-1.219549e+01,5.733604e-03,3.045894e-06,1.191579e-10,0.000000e+00,0.000000e+00,3.331054e-12,0.000000e+00,0.000000e+00,0.000000e+00,0.000000e+00,0.000000e+00,0.000000e+00,0.000000e+00,0.000000e+00,0.000000e+00,0.000000e+00,9.536448e-06,3.365441e+03,-3.054005e-06,9.774482e-09,-2.474596e+00,9.097792e-04,0.000000e+00,0.000000e+00,0.000000e+00,0.000000e+00,0.000000e+00,0.000000e+00,0.000000e+00,0.000000e+00,0.000000e+00,0.000000e+00,0.000000e+00,0.000000e+00,0.000000e+00,0.000000e+00,0.000000e+00,0.000000e+00,0.000000e+00,0.000000e+00,0.000000e+00,0.000000e+00,0.000000e+00,0.000000e+00,0.000000e+00,0.000000e+00,0.000000e+00,0.000000e+00,0.000000e+00,0.000000e+00,0.000000e+00,0.000000e+00,-2.926001e+01,5.588654e-02,3.143209e+00,-1.748087e-08,4.447476e-11,3.788283e-08,2.868756e-08,-6.610405e-11,1.325463e-08,0.000000e+00,0.000000e+00,0.000000e+00,0.000000e+00,0.000000e+00,0.000000e+00,-1.669750e-07,-8.393747e-11,-1.632112e+00,6.606279e-04,-6.491404e-07,-2.720000e+03,-1.521451e+01,-5.588654e-02,2.519020e+01,3.343036e-07,-5.567281e-06,-1.893178e-08,-2.223172e-02,4.665488e-02,-3.888923e-02
6.122247e-04,9.940235e-06,1.658586e+04,-8.209781e-07,2.388262e-13,-1.219549e+01,5.733604e-03,3.045894e-06,1.192547e-10,0.000000e+00,0.000000e+00,3.396514e-12,0.000000e+00,0.000000e+00,0.000000e+00,0.000000e+00,0.000000e+00,0.000000e+00,0.000000e+00,0.000000e+00,0.000000e+00,0.000000e+00,9.940235e-06,3.365446e+03,-2.419173e-06,3.209865e-09,-2.474596e+00,9.097793e-04,0.000000e+00,0.000000e+00,0.000000e+00,0.000000e+00,0.000000e+00,0.000000e+00,0.000000e+00,0.000000e+00,0.000000e+00,0.000000e+00,0.000000e+00,0.000000e+00,0.000000e+00,0.000000e+00,0.000000e+00,0.000000e+00,0.000000e+00,0.000000e+00,0.000000e+00,0.000000e+00,0.000000e+00,0.000000e+00,0.000000e+00,0.000000e+00,0.000000e+00,0.000000e+00,0.000000e+00,0.000000e+00,0.000000e+00,0.000000e+00,-2.793117e+01,2.260429e-01,2.809607e+00,-1.798694e-08,4.588394e-11,3.898207e-08,2.951067e-08,-6.821566e-11,1.363409e-08,0.000000e+00,0.000000e+00,0.000000e+00,0.000000e+00,0.000000e+00,0.000000e+00,-1.602992e-07,-9.129680e-11,-1.665251e+00,4.823919e-04,-1.527877e-07,-2.720000e+03,-1.435057e+01,-2.260429e-01,2.412685e+01,2.066376e-07,-5.481618e-06,-1.710678e-07,1.679603e-03,-1.338864e-02,3.516045e-02
6.213624e-04,1.022958e-05,1.658586e+04,-8.209781e-07,2.077269e-13,-1.219549e+01,5.733604e-03,3.045894e-06,1.041447e-10,0.000000e+00,0.000000e+00,7.279939e-12,0.000000e+00,0.000000e+00,0.000000e+00,0.000000e+00,0.000000e+00,0.000000e+00,0.000000e+00,0.000000e+00,0.000000e+00,0.000000e+00,1.022958e-05,3.365448e+03,-1.944913e-06,1.619638e-08,-2.474597e+00,9.097796e-04,0.000000e+00,0.000000e+00,0.000000e+00,0.000000e+00,0.000000e+00,0.000000e+00,0.000000e+00,0.000000e+00,0.000000e+00,0.000000e+00,0.000000e+00,0.000000e+00,0.000000e+00,0.000000e+00,0.000000e+00,0.000000e+00,0.000000e+00,0.000000e+00,0.000000e+00,0.000000e+00,0.000000e+00,0.000000e+00,0.000000e+00,0.000000e+00,0.000000e+00,0.000000e+00,0.000000e+00,0.000000e+00,0.000000e+00,0.000000e+00,-3.147010e+01,-3.117302e-01,1.992867e+00,-1.840577e-08,4.771594e-11,3.989014e-08,3.019512e-08,-7.113551e-11,1.395023e-08,0.000000e+00,0.000000e+00,0.000000e+00,0.000000e+00,0.000000e+00,0.000000e+00,-1.567012e-07,-1.077719e-10,-1.690106e+00,3.485717e-04,-2.528249e-06,-2.720000e+03,-1.510597e+01,3.117302e-01,2.767938e+01,2.004648e-07,-5.287049e-06,2.091557e-07,-8.187856e-03,9.854402e-02,2.823043e-02
6.305000e-04,1.051995e-05,1.658587e+04,-8.209781e-07,1.845903e-13,-1.219549e+01,5.733604e-03,3.045894e-06,6.819904e-11,0.000000e+00,0.000000e+00,3.840011e-12,0.000000e+00,0.000000e+00,0.000000e+00,0.000000e+00,0.000000e+00,0.000000e+00,0.000000e+00,0.000000e+00,0.000000e+00,0.000000e+00,1.051995e-05,3.365451e+03,-1.476558e-06,1.481177e-08,-2.474598e+00,9.097793e-04,0.000000e+00,0.000000e+00,0.000000e+00,0.000000e+00,0.000000e+00,0.000000e+00,0.000000e+00,0.000000e+00,0.000000e+00,0.000000e+00,0.000000e+00,0.000000e+00,0.000000e+00,0.000000e+00,0.000000e+00,0.000000e+00,0.000000e+00,0.000000e+00,0.000000e+00,0.000000e+00,0.000000e+00,0.000000e+00,0.000000e+00,0.000000e+00,0.000000e+00,0.000000e+00,0.000000e+00,0.000000e+00,0.000000e+00,0.000000e+00,-3.282722e+01,-3.107361e-02,1.196206e+00,-1.877738e-08,4.785040e-11,4.069970e-08,3.080079e-08,-7.107750e-11,1.422856e-08,0.000000e+00,0.000000e+00,0.000000e+00,0.000000e+00,0.000000e+00,0.000000e+00,-1.543531e-07,-1.239257e-10,-1.714960e+00,2.112727e-04,-1.714674e-06,-2.720000e+03,-1.495750e+01,3.107361e-02,2.924604e+01,2.037220e-07,-4.309353e-06,3.278481e-07,1.391258e-02,1.064771e-01,-1.391231e-02
6.426836e-04,1.090101e-05,1.658587e+04,-8.209781e-07,1.751803e-13,-1.219549e+01,5.733604e-03,3.045894e-06,2.942734e-11,0.000000e+00,0.000000e+00,3.893071e-12,0.000000e+00,0.000000e+00,0.000000e+00,0.000000e+00,0.000000e+00,0.000000e+00,0.000000e+00,0.000000e+00,0.000000e+00,0.000000e+00,1.090101e-05,3.365454e+03,-8.390240e-07,2.050373e-08,-2.474599e+00,9.097792e-04,0.000000e+00,0.000000e+00,0.000000e+00,0.000000e+00,0.000000e+00,0.000000e+00,0.000000e+00,0.000000e+00,0.000000e+00,0.000000e+00,0.000000e+00,0.000000e+00,0.000000e+00,0.000000e+00,0.000000e+00,0.000000e+00,0.000000e+00,0.000000e+00,0.000000e+00,0.000000e+00,0.000000e+00,0.000000e+00,0.000000e+00,0.000000e+00,0.000000e+00,0.000000e+00,0.000000e+00,0.000000e+00,0.000000e+00,0.000000e+00,-3.052178e+01,2.473082e-01,2.621325e+00,-1.924231e-08,4.825241e-11,4.171224e-08,3.155547e-08,-7.141311e-11,1.457552e-08,0.000000e+00,0.000000e+00,0.000000e+00,0.000000e+00,0.000000e+00,0.000000e+00,-1.531944e-07,-1.523818e-10,-1.748100e+00,2.393465e-05,-3.778115e-06,-2.720000e+03,-1.527477e+01,-2.473082e-01,2.655432e+01,2.481185e-07,-2.930064e-06,1.063079e-07,-2.011020e-02,1.346292e-01,1.246369e-03
6.518213e-04,1.117007e-05,1.658587e+04,-8.209780e-07,2.003668e-13,-1.219549e+01,5.733604e-03,3.045894e-06,8.128356e-12,0.000000e+00,0.000000e+00,3.983403e-12,0.000000e+00,0.000000e+00,0.000000e+00,0.000000e+00,0.000000e+00,0.000000e+00,0.000000e+00,0.000000e+00,0.000000e+00,0.000000e+00,1.117007e-05,3.365456e+03,-4.010415e-07,1.198930e-08,-2.474599e+00,9.097792e-04,0.000000e+00,0.000000e+00,0.000000e+00,0.000000e+00,0.000000e+00,0.000000e+00,0.000000e+00,0.000000e+00,0.000000e+00,0.000000e+00,0.000000e+00,0.000000e+00,0.000000e+00,0.000000e+00,0.000000e+00,0.000000e+00,0.000000e+00,0.000000e+00,0.000000e+00,0.000000e+00,0.000000e+00,0.000000e+00,0.000000e+00,0.000000e+00,0.000000e+00,0.000000e+00,0.000000e+00,0.000000e+00,0.000000e+00,0.000000e+00,-2.641390e+01,-9.646100e-01,1.537990e+00,-1.960360e-08,4.960032e-11,4.249764e-08,3.214274e-08,-7.348230e-11,1.484603e-08,0.000000e+00,0.000000e+00,0.000000e+00,0.000000e+00,0.000000e+00,0.000000e+00,-1.537915e-07,-1.834692e-10,-1.772954e+00,-1.070538e-04,-1.841969e-06,-2.720000e+03,-1.255687e+01,9.646100e-01,2.328915e+01,1.086027e-07,-1.611344e-06,2.384734e-07,-9.705673e-03,1.339649e-01,2.309580e-02
6.609590e-04,1.143047e-05,1.658587e+04,-8.209781e-07,1.765029e-13,-1.219549e+01,5.733604e-03,3.045894e-06,1.704500e-12,0.000000e+00,0.000000e+00,7.575217e-12,0.000000e+00,0.000000e+00,0.000000e+00,0.000000e+00,0.000000e+00,0.000000e+00,0.000000e+00,0.000000e+00,0.000000e+00,0.000000e+00,1.143047e-05,3.365458e+03,-3.442923e-08,-1.676929e-08,-2.474601e+00,9.097791e-04,0.000000e+00,0.000000e+00,0.000000e+00,0.000000e+00,0.000000e+00,0.000000e+00,0.000000e+00,0.000000e+00,0.000000e+00,0.000000e+00,0.000000e+00,0.000000e+00,0.000000e+00,0.000000e+00,0.000000e+00,0.000000e+00,0.000000e+00,0.000000e+00,0.000000e+00,0.000000e+00,0.000000e+00,0.000000e+00,0.000000e+00,0.000000e+00,0.000000e+00,0.000000e+00,0.000000e+00,0.000000e+00,0.000000e+00,0.000000e+00,-2.709658e+01,-3.909574e-01,3.346338e-01,-1.998157e-08,4.945406e-11,4.332070e-08,3.275825e-08,-7.296895e-11,1.512904e-08,0.000000e+00,0.000000e+00,0.000000e+00,0.000000e+00,0.000000e+00,0.000000e+00,-1.554435e-07,-1.450323e-10,-1.797809e+00,-2.160249e-04,6.922525e-06,-2.720000e+03,-1.175478e+01,3.909574e-01,2.441643e+01,1.443929e-07,-6.101693e-07,3.812015e-07,3.959860e-02,6.366797e-02,-1.878379e-02
6.700967e-04,1.172306e-05,1.658588e+04,-8.209780e-07,1.688347e-13,-1.219549e+01,5.733604e-03,3.045894e-06,8.458783e-13,0.000000e+00,0.000000e+00,3.676657e-12,0.000000e+00,0.000000e+00,0.000000e+00,0.000000e+00,0.000000e+00,0.000000e+00,0.000000e+00,0.000000e+00,0.000000e+00,0.000000e+00,1.172306e-05,3.365461e+03,3.499488e-07,-1.480816e-08,-2.474601e+00,9.097793e-04,0.000000e+00,0.000000e+00,0.000000e+00,0.000000e+00,0.000000e+00,0.000000e+00,0.000000e+00,0.000000e+00,0.000000e+00,0.000000e+00,0.000000e+00,0.000000e+00,0.000000e+00,0.000000e+00,0.000000e+00,0.000000e+00,0.000000e+00,0.000000e+00,0.000000e+00,0.000000e+00,0.000000e+00,0.000000e+00,0.000000e+00,0.000000e+00,0.000000e+00,0.000000e+00,0.000000e+00,0.000000e+00,0.000000e+00,0.000000e+00,-2.769064e+01,6.983911e-01,4.691257e-01,-2.030083e-08,4.963760e-11,4.401586e-08,3.327241e-08,-7.304678e-11,1.536550e-08,0.000000e+00,0.000000e+00,0.000000e+00,0.000000e+00,0.000000e+00,0.000000e+00,-1.580891e-07,-7.258457e-11,-1.822663e+00,-3.273327e-04,7.270179e-06,-2.720000e+03,-1.212772e+01,-6.983911e-01,2.489799e+01,4.527899e-07,-4.380733e-08,6.268533e-08,3.392836e-03,5.888854e-02,-4.815273e-02
6.822802e-04,1.204554e-05,1.658588e+04,-8.209781e-07,1.711671e-13,-1.219549e+01,5.733604e-03,3.045894e-06,2.401848e-12,0.000000e+00,0.000000e+00,3.742141e-12,0.000000e+00,0.000000e+00,0.000000e+00,0.000000e+00,0.000000e+00,0.000000e+00,0.000000e+00,0.000000e+00,0.000000e+00,0.000000e+00,1.204554e-05,3.365462e+03,8.365901e-07,-2.939515e-09,-2.474603e+00,9.097795e-04,0.000000e+00,0.000000e+00,0.000000e+00,0.000000e+00,0.000000e+00,0.000000e+00,0.000000e+00,0.000000e+00,0.000000e+00,0.000000e+00,0.000000e+00,0.000000e+00,0.000000e+00,0.000000e+00,0.000000e+00,0.000000e+00,0.000000e+00,0.000000e+00,0.000000e+00,0.000000e+00,0.000000e+00,0.000000e+00,0.000000e+00,0.000000e+00,0.000000e+00,0.000000e+00,0.000000e+00,0.000000e+00,0.000000e+00,0.000000e+00,-2.208413e+01,-7.561700e-01,1.417833e+00,-2.080706e-08,5.104513e-11,4.511544e-08,3.409576e-08,-7.515587e-11,1.574507e-08,0.000000e+00,0.000000e+00,0.000000e+00,0.000000e+00,0.000000e+00,0.000000e+00,-1.631650e-07,-4.262874e-11,-1.855802e+00,-4.681132e-04,1.078965e-06,-2.720000e+03,-1.061814e+01,7.561700e-01,1.941582e+01,1.921366e-07,6.542621e-07,-2.869927e-07,-3.622496e-02,3.876996e-02,7.087078e-03
6.914179e-04,1.232945e-05,1.658588e+04,-8.209783e-07,2.046614e-13,-1.219549e+01,5.733604e-03,3.045894e-06,3.458789e-12,0.000000e+00,0.000000e+00,4.178581e-12,0.000000e+00,0.000000e+00,0.000000e+00,0.000000e+00,0.000000e+00,0.000000e+00,0.000000e+00,0.000000e+00,0.000000e+00,0.000000e+00,1.232945e-05,3.365463e+03,1.157885e-06,-4.938043e-08,-2.474603e+00,9.097796e-04,0.000000e+00,0.000000e+00,0.000000e+00,0.000000e+00,0.000000e+00,0.000000e+00,0.000000e+00,0.000000e+00,0.000000e+00,0.000000e+00,0.000000e+00,0.000000e+00,0.000000e+00,0.000000e+00,0.000000e+00,0.000000e+00,0.000000e+00,0.000000e+00,0.000000e+00,0.000000e+00,0.000000e+00,0.000000e+00,0.000000e+00,0.000000e+00,0.000000e+00,0.000000e+00,0.000000e+00,0.000000e+00,0.000000e+00,0.000000e+00,-2.025430e+01,-1.680037e+00,2.621083e-01,-2.114859e-08,5.273042e-11,4.585736e-08,3.465636e-08,-7.789352e-11,1.600345e-08,0.000000e+00,0.000000e+00,0.000000e+00,0.000000e+00,0.000000e+00,0.000000e+00,-1.680103e-07,2.686174e-11,-1.880657e+00,-5.596071e-04,1.234388e-05,-2.720000e+03,-8.797373e+00,1.680037e+00,1.824586e+01,-1.232852e-07,9.066661e-07,-1.992444e-07,-1.726346e-02,1.196049e-03,1.460781e-02
7.005556e-04,1.260008e-05,1.658588e+04,-8.209782e-07,2.017149e-13,-1.219550e+01,5.733604e-03,3.045894e-06,6.139541e-12,0.000000e+00,0.000000e+00,4.017443e-12,0.000000e+00,0.000000e+00,0.000000e+00,0.000000e+00,0.000000e+00,0.000000e+00,0.000000e+00,0.000000e+00,0.000000e+00,0.000000e+00,1.260008e-05,3.365466e+03,1.435452e-06,-9.325149e-08,-2.474603e+00,9.097792e-04,0.000000e+00,0.000000e+00,0.000000e+00,0.000000e+00,0.000000e+00,0.000000e+00,0.000000e+00,0.000000e+00,0.000000e+00,0.000000e+00,0.000000e+00,0.000000e+00,0.000000e+00,0.000000e+00,0.000000e+00,0.000000e+00,0.000000e+00,0.000000e+00,0.000000e+00,0.000000e+00,0.000000e+00,0.000000e+00,0.000000e+00,0.000000e+00,0.000000e+00,0.000000e+00,0.000000e+00,0.000000e+00,0.000000e+00,0.000000e+00,-1.875719e+01,-7.257258e-01,9.649730e-01,-2.141799e-08,5.335392e-11,4.644249e-08,3.508243e-08,-7.869230e-11,1.619999e-08,0.000000e+00,0.000000e+00,0.000000e+00,0.000000e+00,0.000000e+00,0.000000e+00,-1.736081e-07,2.196239e-10,-1.905511e+00,-6.386677e-04,2.431602e-05,-2.720000e+03,-8.801682e+00,7.257258e-01,1.659198e+01,-2.226643e-07,1.128795e-06,-1.008541e-07,2.195831e-03,6.403577e-02,1.826606e-03
7.127392e-04,1.295922e-05,1.658588e+04,-8.209782e-07,1.499111e-13,-1.219550e+01,5.733604e-03,3.045894e-06,1.767208e-11,0.000000e+00,0.000000e+00,4.054699e-12,0.000000e+00,0.000000e+00,0.000000e+00,0.000000e+00,0.000000e+00,0.000000e+00,0.000000e+00,0.000000e+00,0.000000e+00,0.000000e+00,1.295922e-05,3.365469e+03,1.852629e-06,-7.255760e-08,-2.474604e+00,9.097792e-04,0.000000e+00,0.000000e+00,0.000000e+00,0.000000e+00,0.000000e+00,0.000000e+00,0.000000e+00,0.000000e+00,0.000000e+00,0.000000e+00,0.000000e+00,0.000000e+00,0.000000e+00,0.000000e+00,0.000000e+00,0.000000e+00,0.000000e+00,0.000000e+00,0.000000e+00,0.000000e+00,0.000000e+00,0.000000e+00,0.000000e+00,0.000000e+00,0.000000e+00,0.000000e+00,0.000000e+00,0.000000e+00,0.000000e+00,0.000000e+00,-2.234021e+01,1.526263e+00,2.861297e+00,-2.174879e-08,5.378818e-11,4.716050e-08,3.560145e-08,-7.908169e-11,1.643961e-08,0.000000e+00,0.000000e+00,0.000000e+00,0.000000e+00,0.000000e+00,0.000000e+00,-1.822820e-07,5.160162e-10,-1.938651e+00,-7.609894e-04,2.030342e-05,-2.720000e+03,-1.203458e+01,-1.526263e+00,1.903788e+01,1.303686e-08,2.002120e-06,-2.425621e-08,4.071897e-02,7.658766e-02,2.055766e-02
7.218769e-04,1.326436e-05,1.658588e+04,-8.209780e-07,1.566438e-13,-1.219550e+01,5.733604e-03,3.045894e-06,3.778866e-11,0.000000e+00,0.000000e+00,4.089831e-12,0.000000e+00,0.000000e+00,0.000000e+00,0.000000e+00,0.000000e+00,0.000000e+00,0.000000e+00,0.000000e+00,0.000000e+00,0.000000e+00,1.326436e-05,3.365470e+03,2.230184e-06,-1.607728e-08,-2.474605e+00,9.097792e-04,0.000000e+00,0.000000e+00,0.000000e+00,0.000000e+00,0.000000e+00,0.000000e+00,0.000000e+00,0.000000e+00,0.000000e+00,0.000000e+00,0.000000e+00,0.000000e+00,0.000000e+00,0.000000e+00,0.000000e+00,0.000000e+00,0.000000e+00,0.000000e+00,0.000000e+00,0.000000e+00,0.000000e+00,0.000000e+00,0.000000e+00,0.000000e+00,0.000000e+00,0.000000e+00,0.000000e+00,0.000000e+00,0.000000e+00,0.000000e+00,-2.150883e+01,7.049415e-02,2.924019e+00,-2.201107e-08,5.469584e-11,4.772848e-08,3.601477e-08,-8.037775e-11,1.663089e-08,0.000000e+00,0.000000e+00,0.000000e+00,0.000000e+00,0.000000e+00,0.000000e+00,-1.899103e-07,6.231285e-10,-1.963505e+00,-8.719490e-04,8.349008e-06,-2.720000e+03,-1.174007e+01,-7.049415e-02,1.825788e+01,4.897408e-07,2.841101e-06,2.050357e-07,3.328024e-02,1.336075e-01,1.197712e-02
7.310145e-04,1.354369e-05,1.658589e+04,-8.209782e-07,8.754773e-14,-1.219550e+01,5.733604e-03,3.045894e-06,7.094240e-11,0.000000e+00,0.000000e+00,7.552434e-12,0.000000e+00,0.000000e+00,0.000000e+00,0.000000e+00,0.000000e+00,0.000000e+00,0.000000e+00,0.000000e+00,0.000000e+00,0.000000e+00,1.354369e-05,3.365470e+03,2.563660e-06,-3.467051e-09,-2.474605e+00,9.097793e-04,0.000000e+00,0.000000e+00,0.000000e+00,0.000000e+00,0.000000e+00,0.000000e+00,0.000000e+00,0.000000e+00,0.000000e+00,0.000000e+00,0.000000e+00,0.000000e+00,0.000000e+00,0.000000e+00,0.000000e+00,0.000000e+00,0.000000e+00,0.000000e+00,0.000000e+00,0.000000e+00,0.000000e+00,0.000000e+00,0.000000e+00,0.000000e+00,0.000000e+00,0.000000e+00,0.000000e+00,0.000000e+00,0.000000e+00,0.000000e+00,-1.126221e+01,1.725676e+00,3.533379e+00,-2.232850e-08,5.590798e-11,4.841355e-08,3.651987e-08,-8.221110e-11,1.686546e-08,0.000000e+00,0.000000e+00,0.000000e+00,0.000000e+00,0.000000e+00,0.000000e+00,-1.985075e-07,6.894156e-10,-1.988360e+00,-9.729266e-04,6.077890e-06,-2.720000e+03,-7.961936e+00,-1.725676e+00,8.713758e+00,6.446792e-07,4.037450e-06,2.814359e-07,7.887308e-03,9.788785e-02,7.484128e-03
7.401522e-04,1.376871e-05,1.658589e+04,-8.209785e-07,7.204000e-14,-1.219550e+01,5.733604e-03,3.045894e-06,9.431669e-11,0.000000e+00,0.000000e+00,3.637981e-12,0.000000e+00,0.000000e+00,0.000000e+00,0.000000e+00,0.000000e+00,0.000000e+00,0.000000e+00,0.000000e+00,0.000000e+00,0.000000e+00,1.376871e-05,3.365472e+03,2.727494e-06,6.532748e-08,-2.474606e+00,9.097793e-04,0.000000e+00,0.000000e+00,0.000000e+00,0.000000e+00,0.000000e+00,0.000000e+00,0.000000e+00,0.000000e+00,0.000000e+00,0.000000e+00,0.000000e+00,0.000000e+00,0.000000e+00,0.000000e+00,0.000000e+00,0.000000e+00,0.000000e+00,0.000000e+00,0.000000e+00,0.000000e+00,0.000000e+00,0.000000e+00,0.000000e+00,0.000000e+00,0.000000e+00,0.000000e+00,0.000000e+00,0.000000e+00,0.000000e+00,0.000000e+00,-1.998678e+00,1.364500e+00,3.228211e-01,-2.252026e-08,5.608940e-11,4.882881e-08,3.681011e-08,-8.228552e-11,1.699989e-08,0.000000e+00,0.000000e+00,0.000000e+00,0.000000e+00,0.000000e+00,0.000000e+00,-2.077506e-07,6.361934e-10,-2.013214e+00,-1.023214e-03,-1.230225e-05,-2.720000e+03,-1.137252e+00,-1.364500e+00,1.674988e+00,7.418194e-07,4.732305e-06,3.530005e-07,8.754191e-03,6.187765e-02,-1.045855e-03
7.523358e-04,1.414174e-05,1.658589e+04,-8.209785e-07,2.602966e-14,-1.219550e+01,5.733604e-03,3.045894e-06,1.378199e-10,0.000000e+00,0.000000e+00,3.680573e-12,0.000000e+00,0.000000e+00,0.000000e+00,0.000000e+00,0.000000e+00,0.000000e+00,0.000000e+00,0.000000e+00,0.000000e+00,0.000000e+00,1.414174e-05,3.365472e+03,2.697118e-06,9.316254e-08,-2.474606e+00,9.097792e-04,0.000000e+00,0.000000e+00,0.000000e+00,0.000000e+00,0.000000e+00,0.000000e+00,0.000000e+00,0.000000e+00,0.000000e+00,0.000000e+00,0.000000e+00,0.000000e+00,0.000000e+00,0.000000e+00,0.000000e+00,0.000000e+00,0.000000e+00,0.000000e+00,0.000000e+00,0.000000e+00,0.000000e+00,0.000000e+00,0.000000e+00,0.000000e+00,0.000000e+00,0.000000e+00,0.000000e+00,0.000000e+00,0.000000e+00,0.000000e+00,2.259082e+00,-8.191093e-01,-9.913881e-01,-2.284584e-08,5.734171e-11,4.953183e-08,3.731622e-08,-8.412348e-11,1.723492e-08,0.000000e+00,0.000000e+00,0.000000e+00,0.000000e+00,0.000000e+00,0.000000e+00,-2.202351e-07,4.054523e-10,-2.046354e+00,-1.020990e-03,-1.929131e-05,-2.720000e+03,1.853231e+00,8.191093e-01,-1.628446e+00,8.531450e-07,5.709144e-06,3.774391e-07,1.009239e-03,8.964389e-02,8.069947e-03
7.614735e-04,1.440926e-05,1.658589e+04,-8.209784e-07,3.726607e-14,-1.219550e+01,5.733604e-03,3.045894e-06,1.741434e-10,0.000000e+00,0.000000e+00,4.230881e-12,0.000000e+00,0.000000e+00,0.000000e+00,0.000000e+00,0.000000e+00,0.000000e+00,0.000000e+00,0.000000e+00,0.000000e+00,0.000000e+00,1.440926e-05,3.365471e+03,2.595489e-06,7.643846e-08,-2.474606e+00,9.097792e-04,0.000000e+00,0.000000e+00,0.000000e+00,0.000000e+00,0.000000e+00,0.000000e+00,0.000000e+00,0.000000e+00,0.000000e+00,0.000000e+00,0.000000e+00,0.000000e+00,0.000000e+00,0.000000e+00,0.000000e+00,0.000000e+00,0.000000e+00,0.000000e+00,0.000000e+00,0.000000e+00,0.000000e+00,0.000000e+00,0.000000e+00,0.000000e+00,0.000000e+00,0.000000e+00,0.000000e+00,0.000000e+00,0.000000e+00,0.000000e+00,3.641598e+00,1.486290e-01,-3.676629e+00,-2.310961e-08,5.774919e-11,5.010258e-08,3.773082e-08,-8.457352e-11,1.742698e-08,0.000000e+00,0.000000e+00,0.000000e+00,0.000000e+00,0.000000e+00,0.000000e+00,-2.294343e-07,2.673304e-10,-2.071208e+00,-9.972935e-04,-1.378939e-05,-2.720000e+03,4.871162e+00,-1.486290e-01,-1.746601e+00,9.170714e-07,6.452544e-06,4.978543e-07,-9.426987e-03,8.047980e-02,-1.289510e-03
7.706112e-04,1.467179e-05,1.658589e+04,-8.209785e-07,3.677147e-14,-1.219550e+01,5.733604e-03,3.045894e-06,2.137017e-10,0.000000e+00,0.000000e+00,4.257750e-12,0.000000e+00,0.000000e+00,0.000000e+00,0.000000e+00,0.000000e+00,0.000000e+00,0.000000e+00,0.000000e+00,0.000000e+00,0.000000e+00,1.467179e-05,3.365471e+03,2.406681e-06,6.934923e-08,-2.474605e+00,9.097793e-04,0.000000e+00,0.000000e+00,0.000000e+00,0.000000e+00,0.000000e+00,0.000000e+00,0.000000e+00,0.000000e+00,0.000000e+00,0.000000e+00,0.000000e+00,0.000000e+00,0.000000e+00,0.000000e+00,0.000000e+00,0.000000e+00,0.000000e+00,0.000000e+00,0.000000e+00,0.000000e+00,0.000000e+00,0.000000e+00,0.000000e+00,0.000000e+00,0.000000e+00,0.000000e+00,0.000000e+00,0.000000e+00,0.000000e+00,0.000000e+00,5.029177e+00,-1.115022e+00,-2.387937e+00,-2.337907e-08,5.837124e-11,5.068782e-08,3.815703e-08,-8.537463e-11,1.762358e-08,0.000000e+00,0.000000e+00,0.000000e+00,0.000000e+00,0.000000e+00,0.000000e+00,-2.382607e-07,1.379505e-10,-2.096063e+00,-9.494170e-04,-1.355338e-05,-2.720000e+03,4.289626e+00,1.115022e+00,-3.548799e+00,7.109339e-07,7.215864e-06,3.743492e-07,-3.681704e-02,7.886051e-02,-2.849629e-02
7.827947e-04,1.507415e-05,1.658589e+04,-8.209784e-07,2.775170e-14,-1.219550e+01,5.733604e-03,3.045894e-06,2.129053e-10,0.000000e+00,0.000000e+00,4.295048e-12,0.000000e+00,0.000000e+00,0.000000e+00,0.000000e+00,0.000000e+00,0.000000e+00,0.000000e+00,0.000000e+00,0.000000e+00,0.000000e+00,1.507415e-05,3.365472e+03,2.279025e-06,1.340538e-09,-2.474605e+00,9.097795e-04,0.000000e+00,0.000000e+00,0.000000e+00,0.000000e+00,0.000000e+00,0.000000e+00,0.000000e+00,0.000000e+00,0.000000e+00,0.000000e+00,0.000000e+00,0.000000e+00,0.000000e+00,0.000000e+00,0.000000e+00,0.000000e+00,0.000000e+00,0.000000e+00,0.000000e+00,0.000000e+00,0.000000e+00,0.000000e+00,0.000000e+00,0.000000e+00,0.000000e+00,0.000000e+00,0.000000e+00,0.000000e+00,0.000000e+00,0.000000e+00,8.300586e+00,-1.913557e+00,1.642086e+00,-2.370994e-08,5.880377e-11,5.140599e-08,3.867622e-08,-8.576576e-11,1.786327e-08,0.000000e+00,0.000000e+00,0.000000e+00,0.000000e+00,0.000000e+00,0.000000e+00,-2.495267e-07,8.427945e-11,-2.129202e+00,-9.150890e-04,2.329226e-06,-2.720000e+03,2.019738e+00,1.913557e+00,-8.216862e+00,3.283474e-07,7.421327e-06,1.734648e-07,-8.858999e-03,-4.715488e-02,1.364306e-02
7.919324e-04,1.534559e-05,1.658588e+04,-8.209786e-07,3.197990e-14,-1.219550e+01,5.733604e-03,3.045894e-06,1.959890e-10,0.000000e+00,0.000000e+00,3.243705e-12,0.000000e+00,0.000000e+00,0.000000e+00,0.000000e+00,0.000000e+00,0.000000e+00,0.000000e+00,0.000000e+00,0.000000e+00,0.000000e+00,1.534559e-05,3.365471e+03,2.210658e-06,-6.997182e-08,-2.474605e+00,9.097793e-04,0.000000e+00,0.000000e+00,0.000000e+00,0.000000e+00,0.000000e+00,0.000000e+00,0.000000e+00,0.000000e+00,0.000000e+00,0.000000e+00,0.000000e+00,0.000000e+00,0.000000e+00,0.000000e+00,0.000000e+00,0.000000e+00,0.000000e+00,0.000000e+00,0.000000e+00,0.000000e+00,0.000000e+00,0.000000e+00,0.000000e+00,0.000000e+00,0.000000e+00,0.000000e+00,0.000000e+00,0.000000e+00,0.000000e+00,0.000000e+00,1.411380e+01,-1.892795e+00,2.892620e+00,-2.391894e-08,5.994098e-11,5.185900e-08,3.899759e-08,-8.747569e-11,1.801193e-08,0.000000e+00,0.000000e+00,0.000000e+00,0.000000e+00,0.000000e+00,0.000000e+00,-2.577642e-07,2.239171e-10,-2.154056e+00,-8.936580e-04,2.191006e-05,-2.720000e+03,3.343137e+00,1.892795e+00,-1.401393e+01,2.038162e-07,7.070376e-06,2.988324e-07,-2.939012e-02,-1.183967e-02,-3.492362e-03
8.010701e-04,1.566630e-05,1.658588e+04,-8.209781e-07,3.796182e-14,-1.219550e+01,5.733604e-03,3.045894e-06,1.842082e-10,0.000000e+00,0.000000e+00,7.787096e-12,0.000000e+00,0.000000e+00,0.000000e+00,0.000000e+00,0.000000e+00,0.000000e+00,0.000000e+00,0.000000e+00,0.000000e+00,0.000000e+00,1.566630e-05,3.365468e+03,2.054673e-06,-1.256830e-07,-2.474604e+00,9.097793e-04,0.000000e+00,0.000000e+00,0.000000e+00,0.000000e+00,0.000000e+00,0.000000e+00,0.000000e+00,0.000000e+00,0.000000e+00,0.000000e+00,0.000000e+00,0.000000e+00,0.000000e+00,0.000000e+00,0.000000e+00,0.000000e+00,0.000000e+00,0.000000e+00,0.000000e+00,0.000000e+00,0.000000e+00,0.000000e+00,0.000000e+00,0.000000e+00,0.000000e+00,0.000000e+00,0.000000e+00,0.000000e+00,0.000000e+00,0.000000e+00,1.667399e+01,-6.131687e-01,2.589874e-01,-2.423640e-08,6.115251e-11,5.254414e-08,3.950274e-08,-8.930670e-11,1.824652e-08,0.000000e+00,0.000000e+00,0.000000e+00,0.000000e+00,0.000000e+00,0.000000e+00,-2.656852e-07,5.120130e-10,-2.178911e+00,-8.490128e-04,3.501385e-05,-2.720000e+03,6.811998e+00,6.131687e-01,-1.522122e+01,-6.440192e-08,6.903009e-06,7.637215e-08,-2.905380e-02,-3.870578e-02,-5.794991e-02
8.102078e-04,1.597776e-05,1.658588e+04,-8.209778e-07,1.505137e-14,-1.219550e+01,5.733604e-03,3.045894e-06,1.616227e-10,0.000000e+00,0.000000e+00,3.872404e-12,0.000000e+00,0.000000e+00,0.000000e+00,0.000000e+00,0.000000e+00,0.000000e+00,0.000000e+00,0.000000e+00,0.000000e+00,0.000000e+00,1.597776e-05,3.365468e+03,1.846707e-06,-1.312813e-07,-2.474603e+00,9.097793e-04,0.000000e+00,0.000000e+00,0.000000e+00,0.000000e+00,0.000000e+00,0.000000e+00,0.000000e+00,0.000000e+00,0.000000e+00,0.000000e+00,0.000000e+00,0.000000e+00,0.000000e+00,0.000000e+00,0.000000e+00,0.000000e+00,0.000000e+00,0.000000e+00,0.000000e+00,0.000000e+00,0.000000e+00,0.000000e+00,0.000000e+00,0.000000e+00,0.000000e+00,0.000000e+00,0.000000e+00,0.000000e+00,0.000000e+00,0.000000e+00,1.290302e+01,1.460953e+00,1.019187e-01,-2.442816e-08,6.133391e-11,5.295939e-08,3.979298e-08,-8.937884e-11,1.838095e-08,0.000000e+00,0.000000e+00,0.000000e+00,0.000000e+00,0.000000e+00,0.000000e+00,-2.730675e-07,8.377901e-10,-2.203765e+00,-7.882664e-04,3.326942e-05,-2.720000e+03,5.360675e+00,-1.460953e+00,-1.173718e+01,-3.087804e-07,6.478041e-06,-4.329868e-07,-1.976718e-02,-6.126180e-02,-2.557855e-02
8.223914e-04,1.638462e-05,1.658588e+04,-8.209779e-07,3.132069e-14,-1.219550e+01,5.733604e-03,3.045894e-06,1.404476e-10,0.000000e+00,0.000000e+00,3.914997e-12,0.000000e+00,0.000000e+00,0.000000e+00,0.000000e+00,0.000000e+00,0.000000e+00,0.000000e+00,0.000000e+00,0.000000e+00,0.000000e+00,1.638462e-05,3.365467e+03,1.671684e-06,-8.553074e-08,-2.474603e+00,9.097793e-04,0.000000e+00,0.000000e+00,0.000000e+00,0.000000e+00,0.000000e+00,0.000000e+00,0.000000e+00,0.000000e+00,0.000000e+00,0.000000e+00,0.000000e+00,0.000000e+00,0.000000e+00,0.000000e+00,0.000000e+00,0.000000e+00,0.000000e+00,0.000000e+00,0.000000e+00,0.000000e+00,0.000000e+00,0.000000e+00,0.000000e+00,0.000000e+00,0.000000e+00,0.000000e+00,0.000000e+00,0.000000e+00,0.000000e+00,0.000000e+00,1.339645e+01,5.259977e-01,1.730493e+00,-2.475374e-08,6.258644e-11,5.366242e-08,4.029911e-08,-9.121232e-11,1.861599e-08,0.000000e+00,0.000000e+00,0.000000e+00,0.000000e+00,0.000000e+00,0.000000e+00,-2.822521e-07,1.119379e-09,-2.236905e+00,-7.361092e-04,1.864200e-05,-2.720000e+03,4.093216e+00,-5.259977e-01,-1.287265e+01,-6.429137e-07,5.988211e-06,-3.382478e-07,-2.036482e-02,-3.705991e-02,3.348884e-02
8.315290e-04,1.669910e-05,1.658588e+04,-8.209779e-07,3.333830e-14,-1.219549e+01,5.733604e-03,3.045894e-06,1.175887e-10,0.000000e+00,0.000000e+00,4.452734e-12,0.000000e+00,0.000000e+00,0.000000e+00,0.000000e+00,0.000000e+00,0.000000e+00,0.000000e+00,0.000000e+00,0.000000e+00,0.000000e+00,1.669910e-05,3.365465e+03,1.512127e-06,-5.526301e-08,-2.474603e+00,9.097793e-04,0.000000e+00,0.000000e+00,0.000000e+00,0.000000e+00,0.000000e+00,0.000000e+00,0.000000e+00,0.000000e+00,0.000000e+00,0.000000e+00,0.000000e+00,0.000000e+00,0.000000e+00,0.000000e+00,0.000000e+00,0.000000e+00,0.000000e+00,0.000000e+00,0.000000e+00,0.000000e+00,0.000000e+00,0.000000e+00,0.000000e+00,0.000000e+00,0.000000e+00,0.000000e+00,0.000000e+00,0.000000e+00,0.000000e+00,0.000000e+00,1.454410e+01,1.450409e+00,-1.401690e+00,-2.494510e-08,6.173343e-11,5.407828e-08,4.059079e-08,-8.948452e-11,1.875053e-08,0.000000e+00,0.000000e+00,0.000000e+00,0.000000e+00,0.000000e+00,0.000000e+00,-2.887108e-07,1.248906e-09,-2.261759e+00,-6.884374e-04,1.115157e-05,-2.720000e+03,7.416954e+00,-1.450409e+00,-1.258905e+01,-6.113600e-07,5.530047e-06,-1.109828e-07,5.465614e-02,-5.766520e-02,5.347195e-03
8.406667e-04,1.703828e-05,1.658588e+04,-8.209778e-07,4.586584e-14,-1.219549e+01,5.733604e-03,3.045894e-06,9.786680e-11,0.000000e+00,0.000000e+00,4.621839e-12,0.000000e+00,0.000000e+00,0.000000e+00,0.000000e+00,0.000000e+00,0.000000e+00,0.000000e+00,0.000000e+00,0.000000e+00,0.000000e+00,1.703828e-05,3.365464e+03,1.265380e-06,-8.591256e-09,-2.474603e+00,9.097792e-04,0.000000e+00,0.000000e+00,0.000000e+00,0.000000e+00,0.000000e+00,0.000000e+00,0.000000e+00,0.000000e+00,0.000000e+00,0.000000e+00,0.000000e+00,0.000000e+00,0.000000e+00,0.000000e+00,0.000000e+00,0.000000e+00,0.000000e+00,0.000000e+00,0.000000e+00,0.000000e+00,0.000000e+00,0.000000e+00,0.000000e+00,0.000000e+00,0.000000e+00,0.000000e+00,0.000000e+00,0.000000e+00,0.000000e+00,0.000000e+00,1.979923e+01,4.348570e-01,-8.483839e-02,-2.523864e-08,6.274901e-11,5.471630e-08,4.105570e-08,-9.091299e-11,1.896479e-08,0.000000e+00,0.000000e+00,0.000000e+00,0.000000e+00,0.000000e+00,0.000000e+00,-2.945698e-07,1.280568e-09,-2.286614e+00,-6.164806e-04,1.254950e-06,-2.720000e+03,8.444393e+00,-4.348570e-01,-1.790835e+01,-8.501837e-08,5.073528e-06,-1.763698e-07,3.070915e-02,-5.818580e-02,-1.455755e-02
8.528503e-04,1.747419e-05,1.658588e+04,-8.209781e-07,8.949516e-14,-1.219549e+01,5.733604e-03,3.045894e-06,6.834452e-11,0.000000e+00,0.000000e+00,4.660321e-12,0.000000e+00,0.000000e+00,0.000000e+00,0.000000e+00,0.000000e+00,0.000000e+00,0.000000e+00,0.000000e+00,0.000000e+00,0.000000e+00,1.747419e-05,3.365462e+03,8.915316e-07,1.829238e-08,-2.474602e+00,9.097793e-04,0.000000e+00,0.000000e+00,0.000000e+00,0.000000e+00,0.000000e+00,0.000000e+00,0.000000e+00,0.000000e+00,0.000000e+00,0.000000e+00,0.000000e+00,0.000000e+00,0.000000e+00,0.000000e+00,0.000000e+00,0.000000e+00,0.000000e+00,0.000000e+00,0.000000e+00,0.000000e+00,0.000000e+00,0.000000e+00,0.000000e+00,0.000000e+00,0.000000e+00,0.000000e+00,0.000000e+00,0.000000e+00,0.000000e+00,0.000000e+00,2.187530e+01,8.454751e-01,-1.719892e+00,-2.561768e-08,6.396846e-11,5.554001e-08,4.165227e-08,-9.256411e-11,1.923980e-08,0.000000e+00,0.000000e+00,0.000000e+00,0.000000e+00,0.000000e+00,0.000000e+00,-3.012693e-07,1.246695e-09,-2.319753e+00,-5.067606e-04,-6.045424e-06,-2.720000e+03,1.080364e+01,-8.454751e-01,-1.909890e+01,-9.574214e-08,4.283191e-06,-9.114986e-08,2.356682e-03,-7.550099e-02,3.993347e-02
8.619880e-04,1.783939e-05,1.658587e+04,-8.209779e-07,5.483455e-14,-1.219549e+01,5.733604e-03,3.045894e-06,5.259004e-11,0.000000e+00,0.000000e+00,3.607857e-12,0.000000e+00,0.000000e+00,0.000000e+00,0.000000e+00,0.000000e+00,0.000000e+00,0.000000e+00,0.000000e+00,0.000000e+00,0.000000e+00,1.783939e-05,3.365461e+03,5.605736e-07,4.137100e-08,-2.474602e+00,9.097792e-04,0.000000e+00,0.000000e+00,0.000000e+00,0.000000e+00,0.000000e+00,0.000000e+00,0.000000e+00,0.000000e+00,0.000000e+00,0.000000e+00,0.000000e+00,0.000000e+00,0.000000e+00,0.000000e+00,0.000000e+00,0.000000e+00,0.000000e+00,0.000000e+00,0.000000e+00,0.000000e+00,0.000000e+00,0.000000e+00,0.000000e+00,0.000000e+00,0.000000e+00,0.000000e+00,0.000000e+00,0.000000e+00,0.000000e+00,0.000000e+00,2.418233e+01,-5.297925e-02,1.046755e+00,-2.584632e-08,6.565797e-11,5.603501e-08,4.200369e-08,-9.519555e-11,1.940256e-08,0.000000e+00,0.000000e+00,0.000000e+00,0.000000e+00,0.000000e+00,0.000000e+00,-3.053048e-07,1.159052e-09,-2.344608e+00,-4.101503e-04,-1.018413e-05,-2.720000e+03,9.271197e+00,5.297925e-02,-2.235902e+01,7.677760e-08,3.679617e-06,2.630358e-07,1.886235e-02,-2.347711e-02,1.764628e-02
8.711257e-04,1.817464e-05,1.658587e+04,-8.209779e-07,5.485913e-14,-1.219549e+01,5.733604e-03,3.045894e-06,5.105291e-11,0.000000e+00,0.000000e+00,8.153068e-12,0.000000e+00,0.000000e+00,0.000000e+00,0.000000e+00,0.000000e+00,0.000000e+00,0.000000e+00,0.000000e+00,0.000000e+00,0.000000e+00,1.817464e-05,3.365459e+03,3.025046e-07,3.556038e-08,-2.474600e+00,9.097792e-04,0.000000e+00,0.000000e+00,0.000000e+00,0.000000e+00,0.000000e+00,0.000000e+00,0.000000e+00,0.000000e+00,0.000000e+00,0.000000e+00,0.000000e+00,0.000000e+00,0.000000e+00,0.000000e+00,0.000000e+00,0.000000e+00,0.000000e+00,0.000000e+00,0.000000e+00,0.000000e+00,0.000000e+00,0.000000e+00,0.000000e+00,0.000000e+00,0.000000e+00,0.000000e+00,0.000000e+00,0.000000e+00,0.000000e+00,0.000000e+00,2.469252e+01,-1.288597e+00,4.257484e+00,-2.619993e-08,6.746070e-11,5.679936e-08,4.257222e-08,-9.806339e-11,1.966608e-08,0.000000e+00,0.000000e+00,0.000000e+00,0.000000e+00,0.000000e+00,0.000000e+00,-3.085898e-07,1.076694e-09,-2.369462e+00,-3.373769e-04,-7.628551e-06,-2.720000e+03,6.576901e+00,1.288597e+00,-2.417832e+01,2.066491e-07,3.593735e-06,2.906836e-07,1.405452e-02,-6.392514e-03,1.962529e-03
8.802633e-04,1.852935e-05,1.658587e+04,-8.209778e-07,7.187731e-14,-1.219549e+01,5.733604e-03,3.045894e-06,4.327717e-11,0.000000e+00,0.000000e+00,4.239648e-12,0.000000e+00,0.000000e+00,0.000000e+00,0.000000e+00,0.000000e+00,0.000000e+00,0.000000e+00,0.000000e+00,0.000000e+00,0.000000e+00,1.852935e-05,3.365456e+03,1.191872e-07,2.007468e-08,-2.474599e+00,9.097792e-04,0.000000e+00,0.000000e+00,0.000000e+00,0.000000e+00,0.000000e+00,0.000000e+00,0.000000e+00,0.000000e+00,0.000000e+00,0.000000e+00,0.000000e+00,0.000000e+00,0.000000e+00,0.000000e+00,0.000000e+00,0.000000e+00,0.000000e+00,0.000000e+00,0.000000e+00,0.000000e+00,0.000000e+00,0.000000e+00,0.000000e+00,0.000000e+00,0.000000e+00,0.000000e+00,0.000000e+00,0.000000e+00,0.000000e+00,0.000000e+00,1.857914e+01,1.842176e-02,3.704020e+00,-2.642782e-08,6.823268e-11,5.729380e-08,4.292228e-08,-9.911523e-11,1.982782e-08,0.000000e+00,0.000000e+00,0.000000e+00,0.000000e+00,0.000000e+00,0.000000e+00,-3.113386e-07,1.051926e-09,-2.394316e+00,-2.845892e-04,-2.390108e-06,-2.720000e+03,4.494889e+00,-1.842176e-02,-1.840381e+01,3.015069e-07,3.366266e-06,3.771106e-07,-7.348976e-03,-5.634973e-02,1.335822e-02
8.924469e-04,1.903257e-05,1.658587e+04,-8.209778e-07,9.133163e-14,-1.219549e+01,5.733604e-03,3.045894e-06,1.318927e-11,0.000000e+00,0.000000e+00,8.092399e-12,0.000000e+00,0.000000e+00,0.000000e+00,0.000000e+00,0.000000e+00,0.000000e+00,0.000000e+00,0.000000e+00,0.000000e+00,0.000000e+00,1.903257e-05,3.365454e+03,3.060666e-08,-1.175013e-08,-2.474599e+00,9.097790e-04,0.000000e+00,0.000000e+00,0.000000e+00,0.000000e+00,0.000000e+00,0.000000e+00,0.000000e+00,0.000000e+00,0.000000e+00,0.000000e+00,0.000000e+00,0.000000e+00,0.000000e+00,0.000000e+00,0.000000e+00,0.000000e+00,0.000000e+00,0.000000e+00,0.000000e+00,0.000000e+00,0.000000e+00,0.000000e+00,0.000000e+00,0.000000e+00,0.000000e+00,0.000000e+00,0.000000e+00,0.000000e+00,0.000000e+00,0.000000e+00,2.244079e+01,-3.567800e-01,8.205465e+00,-2.690691e-08,7.213432e-11,5.833000e-08,4.368784e-08,-1.054089e-10,2.018248e-08,0.000000e+00,0.000000e+00,0.000000e+00,0.000000e+00,0.000000e+00,0.000000e+00,-3.145014e-07,1.069147e-09,-2.427456e+00,-2.510012e-04,5.691846e-06,-2.720000e+03,2.047192e+00,3.567800e-01,-2.380604e+01,1.267700e-07,2.002650e-06,4.653383e-07,-5.021321e-02,-1.497212e-01,-1.738905e-02
9.015846e-04,1.940243e-05,1.658587e+04,-8.209777e-07,8.047446e-14,-1.219549e+01,5.733604e-03,3.045894e-06,1.998895e-12,0.000000e+00,0.000000e+00,4.837148e-12,0.000000e+00,0.000000e+00,0.000000e+00,0.000000e+00,0.000000e+00,0.000000e+00,0.000000e+00,0.000000e+00,0.000000e+00,0.000000e+00,1.940243e-05,3.365453e+03,-4.898806e-08,-2.238413e-08,-2.474598e+00,9.097792e-04,0.000000e+00,0.000000e+00,0.000000e+00,0.000000e+00,0.000000e+00,0.000000e+00,0.000000e+00,0.000000e+00,0.000000e+00,0.000000e+00,0.000000e+00,0.000000e+00,0.000000e+00,0.000000e+00,0.000000e+00,0.000000e+00,0.000000e+00,0.000000e+00,0.000000e+00,0.000000e+00,0.000000e+00,0.000000e+00,0.000000e+00,0.000000e+00,0.000000e+00,0.000000e+00,0.000000e+00,0.000000e+00,0.000000e+00,0.000000e+00,1.960004e+01,6.162503e-01,3.019823e+00,-2.713440e-08,7.187251e-11,5.882504e-08,4.403933e-08,-1.046630e-10,2.034431e-08,0.000000e+00,0.000000e+00,0.000000e+00,0.000000e+00,0.000000e+00,0.000000e+00,-3.166357e-07,1.123193e-09,-2.452310e+00,-2.204297e-04,4.972722e-06,-2.720000e+03,5.546434e+00,-6.162503e-01,-1.903991e+01,-3.430507e-07,7.017330e-07,2.683454e-07,-1.363607e-02,-9.221445e-02,-2.737669e-02
9.107222e-04,1.976958e-05,1.658586e+04,-8.209777e-07,7.410308e-14,-1.219549e+01,5.733604e-03,3.045894e-06,1.389190e-12,0.000000e+00,0.000000e+00,4.863907e-12,0.000000e+00,0.000000e+00,0.000000e+00,0.000000e+00,0.000000e+00,0.000000e+00,0.000000e+00,0.000000e+00,0.000000e+00,0.000000e+00,1.976958e-05,3.365451e+03,-2.124467e-07,8.221563e-10,-2.474597e+00,9.097792e-04,0.000000e+00,0.000000e+00,0.000000e+00,0.000000e+00,0.000000e+00,0.000000e+00,0.000000e+00,0.000000e+00,0.000000e+00,0.000000e+00,0.000000e+00,0.000000e+00,0.000000e+00,0.000000e+00,0.000000e+00,0.000000e+00,0.000000e+00,0.000000e+00,0.000000e+00,0.000000e+00,0.000000e+00,0.000000e+00,0.000000e+00,0.000000e+00,0.000000e+00,0.000000e+00,0.000000e+00,0.000000e+00,0.000000e+00,0.000000e+00,1.595603e+01,9.789625e-01,2.254533e+00,-2.743991e-08,7.308547e-11,5.948930e-08,4.452169e-08,-1.063805e-10,2.056654e-08,0.000000e+00,0.000000e+00,0.000000e+00,0.000000e+00,0.000000e+00,0.000000e+00,-3.183525e-07,1.129569e-09,-2.477165e+00,-1.728773e-04,-2.114089e-06,-2.720000e+03,4.699996e+00,-9.789625e-01,-1.541388e+01,-3.143904e-07,4.071468e-07,4.048647e-08,1.628595e-03,6.378610e-02,-1.819188e-02
9.229059e-04,2.029405e-05,1.658586e+04,-8.209777e-07,7.289724e-14,-1.219549e+01,5.733604e-03,3.045894e-06,5.659308e-12,0.000000e+00,0.000000e+00,4.902368e-12,0.000000e+00,0.000000e+00,0.000000e+00,0.000000e+00,0.000000e+00,0.000000e+00,0.000000e+00,0.000000e+00,0.000000e+00,0.000000e+00,2.029405e-05,3.365448e+03,-4.563313e-07,3.128913e-08,-2.474597e+00,9.097796e-04,0.000000e+00,0.000000e+00,0.000000e+00,0.000000e+00,0.000000e+00,0.000000e+00,0.000000e+00,0.000000e+00,0.000000e+00,0.000000e+00,0.000000e+00,0.000000e+00,0.000000e+00,0.000000e+00,0.000000e+00,0.000000e+00,0.000000e+00,0.000000e+00,0.000000e+00,0.000000e+00,0.000000e+00,0.000000e+00,0.000000e+00,0.000000e+00,0.000000e+00,0.000000e+00,0.000000e+00,0.000000e+00,0.000000e+00,0.000000e+00,1.415238e+01,2.547906e-01,2.299677e+00,-2.781888e-08,7.430618e-11,6.031288e-08,4.511815e-08,-1.080328e-10,2.084150e-08,0.000000e+00,0.000000e+00,0.000000e+00,0.000000e+00,0.000000e+00,0.000000e+00,-3.199813e-07,1.023873e-09,-2.510304e+00,-1.091115e-04,-1.140559e-05,-2.720000e+03,3.896831e+00,-2.547906e-01,-1.379830e+01,-3.144945e-07,1.090744e-06,-1.838232e-07,-5.376146e-04,3.131435e-02,-1.663573e-02
9.320435e-04,2.066454e-05,1.658586e+04,-8.209777e-07,4.028237e-14,-1.219549e+01,5.733604e-03,3.045894e-06,8.314397e-12,0.000000e+00,0.000000e+00,3.857152e-12,0.000000e+00,0.000000e+00,0.000000e+00,0.000000e+00,0.000000e+00,0.000000e+00,0.000000e+00,0.000000e+00,0.000000e+00,0.000000e+00,2.066454e-05,3.365447e+03,-5.655603e-07,3.575578e-08,-2.474597e+00,9.097797e-04,0.000000e+00,0.000000e+00,0.000000e+00,0.000000e+00,0.000000e+00,0.000000e+00,0.000000e+00,0.000000e+00,0.000000e+00,0.000000e+00,0.000000e+00,0.000000e+00,0.000000e+00,0.000000e+00,0.000000e+00,0.000000e+00,0.000000e+00,0.000000e+00,0.000000e+00,0.000000e+00,0.000000e+00,0.000000e+00,0.000000e+00,0.000000e+00,0.000000e+00,0.000000e+00,0.000000e+00,0.000000e+00,0.000000e+00,0.000000e+00,9.365415e+00,-9.531277e-02,1.982152e+00,-2.808803e-08,7.663153e-11,6.089363e-08,4.553723e-08,-1.117463e-10,2.103626e-08,0.000000e+00,0.000000e+00,0.000000e+00,0.000000e+00,0.000000e+00,0.000000e+00,-3.207913e-07,9.108583e-10,-2.535159e+00,-8.024502e-05,-1.251826e-05,-2.720000e+03,2.161549e+00,9.531277e-02,-9.325643e+00,-2.456363e-07,1.349555e-06,-2.733978e-07,5.176086e-03,3.800278e-02,-1.204391e-03
9.411812e-04,2.102561e-05,1.658586e+04,-8.209777e-07,6.694836e-14,-1.219549e+01,5.733604e-03,3.045894e-06,2.044394e-11,0.000000e+00,0.000000e+00,8.402464e-12,0.000000e+00,0.000000e+00,0.000000e+00,0.000000e+00,0.000000e+00,0.000000e+00,0.000000e+00,0.000000e+00,0.000000e+00,0.000000e+00,2.102561e-05,3.365447e+03,-6.594300e-07,3.371272e-08,-2.474597e+00,9.097797e-04,0.000000e+00,0.000000e+00,0.000000e+00,0.000000e+00,0.000000e+00,0.000000e+00,0.000000e+00,0.000000e+00,0.000000e+00,0.000000e+00,0.000000e+00,0.000000e+00,0.000000e+00,0.000000e+00,0.000000e+00,0.000000e+00,0.000000e+00,0.000000e+00,0.000000e+00,0.000000e+00,0.000000e+00,0.000000e+00,0.000000e+00,0.000000e+00,0.000000e+00,0.000000e+00,0.000000e+00,0.000000e+00,0.000000e+00,0.000000e+00,6.411308e+00,-3.220451e-01,-4.827631e-01,-2.844162e-08,7.843425e-11,6.165795e-08,4.610572e-08,-1.146117e-10,2.129977e-08,0.000000e+00,0.000000e+00,0.000000e+00,0.000000e+00,0.000000e+00,0.000000e+00,-3.213964e-07,7.953678e-10,-2.560013e+00,-5.844751e-05,-1.337061e-05,-2.720000e+03,3.147064e+00,3.220451e-01,-5.606596e+00,-4.166374e-07,2.038956e-06,-3.683500e-07,-3.650090e-02,1.024262e-01,-1.851841e-02
9.503189e-04,2.137469e-05,1.658586e+04,-8.209777e-07,4.441465e-14,-1.219549e+01,5.733604e-03,3.045894e-06,3.156865e-11,0.000000e+00,0.000000e+00,4.488980e-12,0.000000e+00,0.000000e+00,0.000000e+00,0.000000e+00,0.000000e+00,0.000000e+00,0.000000e+00,0.000000e+00,0.000000e+00,0.000000e+00,2.137469e-05,3.365446e+03,-8.007248e-07,-3.901363e-09,-2.474596e+00,9.097793e-04,0.000000e+00,0.000000e+00,0.000000e+00,0.000000e+00,0.000000e+00,0.000000e+00,0.000000e+00,0.000000e+00,0.000000e+00,0.000000e+00,0.000000e+00,0.000000e+00,0.000000e+00,0.000000e+00,0.000000e+00,0.000000e+00,0.000000e+00,0.000000e+00,0.000000e+00,0.000000e+00,0.000000e+00,0.000000e+00,0.000000e+00,0.000000e+00,0.000000e+00,0.000000e+00,0.000000e+00,0.000000e+00,0.000000e+00,0.000000e+00,5.996751e+00,-1.569344e+00,-2.351849e+00,-2.866949e-08,7.920632e-11,6.215235e-08,4.645575e-08,-1.156600e-10,2.146149e-08,0.000000e+00,0.000000e+00,0.000000e+00,0.000000e+00,0.000000e+00,0.000000e+00,-3.217284e-07,7.184573e-10,-2.584868e+00,-2.289834e-05,-4.175047e-06,-2.720000e+03,4.665833e+00,1.569344e+00,-4.440971e+00,-5.420341e-07,2.650369e-06,-5.214108e-07,3.595629e-02,5.676202e-02,-1.479261e-02
9.625024e-04,2.187627e-05,1.658586e+04,-8.209777e-07,5.751128e-14,-1.219549e+01,5.733604e-03,3.045894e-06,5.639848e-11,0.000000e+00,0.000000e+00,8.338681e-12,0.000000e+00,0.000000e+00,0.000000e+00,0.000000e+00,0.000000e+00,0.000000e+00,0.000000e+00,0.000000e+00,0.000000e+00,0.000000e+00,2.187627e-05,3.365446e+03,-9.636135e-07,-4.324913e-08,-2.474595e+00,9.097793e-04,0.000000e+00,0.000000e+00,0.000000e+00,0.000000e+00,0.000000e+00,0.000000e+00,0.000000e+00,0.000000e+00,0.000000e+00,0.000000e+00,0.000000e+00,0.000000e+00,0.000000e+00,0.000000e+00,0.000000e+00,0.000000e+00,0.000000e+00,0.000000e+00,0.000000e+00,0.000000e+00,0.000000e+00,0.000000e+00,0.000000e+00,0.000000e+00,0.000000e+00,0.000000e+00,0.000000e+00,0.000000e+00,0.000000e+00,0.000000e+00,3.929462e+00,4.591663e-01,1.026566e+00,-2.912760e-08,8.325490e-11,6.314230e-08,4.719337e-08,-1.222524e-10,2.180347e-08,0.000000e+00,0.000000e+00,0.000000e+00,0.000000e+00,0.000000e+00,0.000000e+00,-3.216657e-07,7.856821e-10,-2.618007e+00,1.631580e-05,8.383166e-06,-2.720000e+03,7.302747e-01,-4.591663e-01,-3.995148e+00,-2.186503e-07,3.631231e-06,-6.771768e-07,3.184657e-02,6.065303e-02,1.380139e-02
9.716402e-04,2.224651e-05,1.658586e+04,-8.209776e-07,7.100020e-14,-1.219549e+01,5.733604e-03,3.045894e-06,7.175607e-11,0.000000e+00,0.000000e+00,5.083329e-12,0.000000e+00,0.000000e+00,0.000000e+00,0.000000e+00,0.000000e+00,0.000000e+00,0.000000e+00,0.000000e+00,0.000000e+00,0.000000e+00,2.224651e-05,3.365446e+03,-9.608707e-07,-3.069940e-08,-2.474596e+00,9.097792e-04,0.000000e+00,0.000000e+00,0.000000e+00,0.000000e+00,0.000000e+00,0.000000e+00,0.000000e+00,0.000000e+00,0.000000e+00,0.000000e+00,0.000000e+00,0.000000e+00,0.000000e+00,0.000000e+00,0.000000e+00,0.000000e+00,0.000000e+00,0.000000e+00,0.000000e+00,0.000000e+00,0.000000e+00,0.000000e+00,0.000000e+00,0.000000e+00,0.000000e+00,0.000000e+00,0.000000e+00,0.000000e+00,0.000000e+00,0.000000e+00,-2.600176e+00,-5.274652e-01,8.903449e-01,-2.935509e-08,8.299271e-11,6.363735e-08,4.754487e-08,-1.215027e-10,2.196530e-08,0.000000e+00,0.000000e+00,0.000000e+00,0.000000e+00,0.000000e+00,0.000000e+00,-3.215220e-07,8.494773e-10,-2.642862e+00,1.224339e-05,7.102263e-06,-2.720000e+03,-1.905807e+00,5.274652e-01,1.980285e+00,3.192720e-08,4.154766e-06,-4.959557e-07,3.588560e-03,5.849889e-02,1.452038e-02
9.807778e-04,2.264313e-05,1.658586e+04,-8.209777e-07,1.055796e-13,-1.219549e+01,5.733604e-03,3.045894e-06,8.882118e-11,0.000000e+00,0.000000e+00,5.110467e-12,0.000000e+00,0.000000e+00,0.000000e+00,0.000000e+00,0.000000e+00,0.000000e+00,0.000000e+00,0.000000e+00,0.000000e+00,0.000000e+00,2.264313e-05,3.365446e+03,-9.132356e-07,-4.685442e-08,-2.474596e+00,9.097792e-04,0.000000e+00,0.000000e+00,0.000000e+00,0.000000e+00,0.000000e+00,0.000000e+00,0.000000e+00,0.000000e+00,0.000000e+00,0.000000e+00,0.000000e+00,0.000000e+00,0.000000e+00,0.000000e+00,0.000000e+00,0.000000e+00,0.000000e+00,0.000000e+00,0.000000e+00,0.000000e+00,0.000000e+00,0.000000e+00,0.000000e+00,0.000000e+00,0.000000e+00,0.000000e+00,0.000000e+00,0.000000e+00,0.000000e+00,0.000000e+00,-3.634447e+00,2.786443e-01,1.300471e+00,-2.966063e-08,8.420534e-11,6.430169e-08,4.802729e-08,-1.232196e-10,2.218756e-08,0.000000e+00,0.000000e+00,0.000000e+00,0.000000e+00,0.000000e+00,0.000000e+00,-3.215111e-07,9.501744e-10,-2.667716e+00,-4.170568e-06,1.317829e-05,-2.720000e+03,-2.714608e+00,-2.786443e-01,2.744326e+00,2.244440e-07,4.639600e-06,-4.030003e-07,3.471975e-02,5.647246e-02,-2.489403e-03
9.929613e-04,2.313187e-05,1.658586e+04,-8.209777e-07,8.196015e-14,-1.219549e+01,5.733604e-03,3.045894e-06,1.223731e-10,0.000000e+00,0.000000e+00,5.148943e-12,0.000000e+00,0.000000e+00,0.000000e+00,0.000000e+00,0.000000e+00,0.000000e+00,0.000000e+00,0.000000e+00,0.000000e+00,0.000000e+00,2.313187e-05,3.365446e+03,-7.626746e-07,2.043021e-08,-2.474596e+00,9.097792e-04,0.000000e+00,0.000000e+00,0.000000e+00,0.000000e+00,0.000000e+00,0.000000e+00,0.000000e+00,0.000000e+00,0.000000e+00,0.000000e+00,0.000000e+00,0.000000e+00,0.000000e+00,0.000000e+00,0.000000e+00,0.000000e+00,0.000000e+00,0.000000e+00,0.000000e+00,0.000000e+00,0.000000e+00,0.000000e+00,0.000000e+00,0.000000e+00,0.000000e+00,0.000000e+00,0.000000e+00,0.000000e+00,0.000000e+00,0.000000e+00,-1.000827e+01,1.694516e+00,1.534527e+00,-3.003963e-08,8.542558e-11,6.512533e-08,4.862380e-08,-1.248735e-10,2.246255e-08,0.000000e+00,0.000000e+00,0.000000e+00,0.000000e+00,0.000000e+00,0.000000e+00,-3.218899e-07,9.928676e-10,-2.700855e+00,-5.161715e-05,-6.477956e-06,-2.720000e+03,-5.620424e+00,-1.694516e+00,8.422054e+00,1.619027e-07,5.459480e-06,-5.280927e-07,-5.610041e-02,5.877882e-02,-1.696430e-02
1.002099e-03,2.351182e-05,1.658586e+04,-8.209777e-07,2.639784e-14,-1.219549e+01,5.733604e-03,3.045894e-06,1.475676e-10,0.000000e+00,0.000000e+00,4.097324e-12,0.000000e+00,0.000000e+00,0.000000e+00,0.000000e+00,0.000000e+00,0.000000e+00,0.000000e+00,0.000000e+00,0.000000e+00,0.000000e+00,2.351182e-05,3.365447e+03,-5.645377e-07,3.260254e-08,-2.474597e+00,9.097793e-04,0.000000e+00,0.000000e+00,0.000000e+00,0.000000e+00,0.000000e+00,0.000000e+00,0.000000e+00,0.000000e+00,0.000000e+00,0.000000e+00,0.000000e+00,0.000000e+00,0.000000e+00,0.000000e+00,0.000000e+00,0.000000e+00,0.000000e+00,0.000000e+00,0.000000e+00,0.000000e+00,0.000000e+00,0.000000e+00,0.000000e+00,0.000000e+00,0.000000e+00,0.000000e+00,0.000000e+00,0.000000e+00,0.000000e+00,0.000000e+00,-1.140779e+01,-7.902219e-01,2.538416e+00,-3.025184e-08,8.655215e-11,6.558481e-08,4.894589e-08,-1.265403e-10,2.261174e-08,0.000000e+00,0.000000e+00,0.000000e+00,0.000000e+00,0.000000e+00,0.000000e+00,-3.227058e-07,8.724650e-10,-2.725710e+00,-1.103857e-04,-1.370281e-05,-2.720000e+03,-7.121722e+00,7.902219e-01,9.266197e+00,-3.733247e-07,5.970848e-06,-6.382396e-07,-2.832875e-02,7.128152e-02,9.145093e-03
1.011237e-03,2.386731e-05,1.658586e+04,-8.209777e-07,9.503675e-14,-1.219549e+01,5.733604e-03,3.045894e-06,1.733746e-10,0.000000e+00,0.000000e+00,8.642780e-12,0.000000e+00,0.000000e+00,0.000000e+00,0.000000e+00,0.000000e+00,0.000000e+00,0.000000e+00,0.000000e+00,0.000000e+00,0.000000e+00,2.386731e-05,3.365447e+03,-3.784903e-07,1.238634e-08,-2.474596e+00,9.097792e-04,0.000000e+00,0.000000e+00,0.000000e+00,0.000000e+00,0.000000e+00,0.000000e+00,0.000000e+00,0.000000e+00,0.000000e+00,0.000000e+00,0.000000e+00,0.000000e+00,0.000000e+00,0.000000e+00,0.000000e+00,0.000000e+00,0.000000e+00,0.000000e+00,0.000000e+00,0.000000e+00,0.000000e+00,0.000000e+00,0.000000e+00,0.000000e+00,0.000000e+00,0.000000e+00,0.000000e+00,0.000000e+00,0.000000e+00,0.000000e+00,-6.838144e+00,-1.018062e-01,1.782720e-01,-3.060548e-08,8.835428e-11,6.634923e-08,4.951446e-08,-1.294038e-10,2.287529e-08,0.000000e+00,0.000000e+00,0.000000e+00,0.000000e+00,0.000000e+00,0.000000e+00,-3.240760e-07,7.874759e-10,-2.750564e+00,-1.662352e-04,-7.311850e-06,-2.720000e+03,-3.051490e+00,1.018062e-01,6.122124e+00,-3.552451e-07,6.570020e-06,-4.571842e-07,4.971476e-02,3.471966e-02,4.374536e-02
1.020374e-03,2.426955e-05,1.658586e+04,-8.209777e-07,1.026871e-13,-1.219549e+01,5.733604e-03,3.045894e-06,1.817902e-10,0.000000e+00,0.000000e+00,4.729369e-12,0.000000e+00,0.000000e+00,0.000000e+00,0.000000e+00,0.000000e+00,0.000000e+00,0.000000e+00,0.000000e+00,0.000000e+00,0.000000e+00,2.426955e-05,3.365448e+03,-3.179669e-07,4.350053e-08,-2.474597e+00,9.097792e-04,0.000000e+00,0.000000e+00,0.000000e+00,0.000000e+00,0.000000e+00,0.000000e+00,0.000000e+00,0.000000e+00,0.000000e+00,0.000000e+00,0.000000e+00,0.000000e+00,0.000000e+00,0.000000e+00,0.000000e+00,0.000000e+00,0.000000e+00,0.000000e+00,0.000000e+00,0.000000e+00,0.000000e+00,0.000000e+00,0.000000e+00,0.000000e+00,0.000000e+00,0.000000e+00,0.000000e+00,0.000000e+00,0.000000e+00,0.000000e+00,-1.548905e+00,1.176008e+00,-2.379439e-01,-3.083339e-08,8.912585e-11,6.684372e-08,4.986456e-08,-1.304525e-10,2.303704e-08,0.000000e+00,0.000000e+00,0.000000e+00,0.000000e+00,0.000000e+00,0.000000e+00,-3.257248e-07,7.010675e-10,-2.775419e+00,-1.844607e-04,-1.261937e-05,-2.720000e+03,-4.389439e-01,-1.176008e+00,1.504344e+00,-2.496641e-08,6.791062e-06,-8.407132e-08,-1.401180e-02,5.576299e-03,2.557072e-02
1.032558e-03,2.477671e-05,1.658586e+04,-8.209776e-07,1.227285e-13,-1.219549e+01,5.733604e-03,3.045894e-06,1.826317e-10,0.000000e+00,0.000000e+00,8.567081e-12,0.000000e+00,0.000000e+00,0.000000e+00,0.000000e+00,0.000000e+00,0.000000e+00,0.000000e+00,0.000000e+00,0.000000e+00,0.000000e+00,2.477671e-05,3.365447e+03,-3.485428e-07,6.361731e-08,-2.474597e+00,9.097797e-04,0.000000e+00,0.000000e+00,0.000000e+00,0.000000e+00,0.000000e+00,0.000000e+00,0.000000e+00,0.000000e+00,0.000000e+00,0.000000e+00,0.000000e+00,0.000000e+00,0.000000e+00,0.000000e+00,0.000000e+00,0.000000e+00,0.000000e+00,0.000000e+00,0.000000e+00,0.000000e+00,0.000000e+00,0.000000e+00,0.000000e+00,0.000000e+00,0.000000e+00,0.000000e+00,0.000000e+00,0.000000e+00,0.000000e+00,0.000000e+00,1.399376e+00,-1.721848e+00,-4.012110e+00,-3.122440e-08,9.212097e-11,6.769013e-08,5.048739e-08,-1.352278e-10,2.332533e-08,0.000000e+00,0.000000e+00,0.000000e+00,0.000000e+00,0.000000e+00,0.000000e+00,-3.279561e-07,4.695804e-10,-2.808558e+00,-1.763008e-04,-1.948940e-05,-2.720000e+03,4.227609e+00,1.721848e+00,4.273227e-01,-3.192102e-07,6.862840e-06,1.068153e-07,-3.962184e-02,-3.887151e-02,6.330676e-03
1.041696e-03,2.518943e-05,1.658586e+04,-8.209776e-07,1.358653e-13,-1.219549e+01,5.733604e-03,3.045894e-06,1.296826e-10,0.000000e+00,0.000000e+00,5.311738e-12,0.000000e+00,0.000000e+00,0.000000e+00,0.000000e+00,0.000000e+00,0.000000e+00,0.000000e+00,0.000000e+00,0.000000e+00,0.000000e+00,2.518943e-05,3.365447e+03,-4.911655e-07,-8.651938e-09,-2.474597e+00,9.097796e-04,0.000000e+00,0.000000e+00,0.000000e+00,0.000000e+00,0.000000e+00,0.000000e+00,0.000000e+00,0.000000e+00,0.000000e+00,0.000000e+00,0.000000e+00,0.000000e+00,0.000000e+00,0.000000e+00,0.000000e+00,0.000000e+00,0.000000e+00,0.000000e+00,0.000000e+00,0.000000e+00,0.000000e+00,0.000000e+00,0.000000e+00,0.000000e+00,0.000000e+00,0.000000e+00,0.000000e+00,0.000000e+00,0.000000e+00,0.000000e+00,1.317747e+00,-2.189000e+00,-4.693979e+00,-3.145191e-08,9.185822e-11,6.818524e-08,5.083893e-08,-1.344775e-10,2.348718e-08,0.000000e+00,0.000000e+00,0.000000e+00,0.000000e+00,0.000000e+00,0.000000e+00,-3.293025e-07,3.990445e-10,-2.833413e+00,-1.306535e-04,-9.928840e-07,-2.720000e+03,4.811094e+00,2.189000e+00,7.894742e-01,-5.881206e-07,5.970450e-06,1.081828e-07,-6.884434e-03,-1.704828e-01,-2.276837e-02
1.050833e-03,2.558530e-05,1.658586e+04,-8.209776e-07,1.336180e-13,-1.219549e+01,5.733604e-03,3.045894e-06,7.868598e-11,0.000000e+00,0.000000e+00,5.338876e-12,0.000000e+00,0.000000e+00,0.000000e+00,0.000000e+00,0.000000e+00,0.000000e+00,0.000000e+00,0.000000e+00,0.000000e+00,0.000000e+00,2.558530e-05,3.365446e+03,-5.681356e-07,-4.546241e-08,-2.474597e+00,9.097796e-04,0.000000e+00,0.000000e+00,0.000000e+00,0.000000e+00,0.000000e+00,0.000000e+00,0.000000e+00,0.000000e+00,0.000000e+00,0.000000e+00,0.000000e+00,0.000000e+00,0.000000e+00,0.000000e+00,0.000000e+00,0.000000e+00,0.000000e+00,0.000000e+00,0.000000e+00,0.000000e+00,0.000000e+00,0.000000e+00,0.000000e+00,0.000000e+00,0.000000e+00,0.000000e+00,0.000000e+00,0.000000e+00,0.000000e+00,0.000000e+00,1.632573e+00,7.119924e-01,2.828099e-01,-3.175748e-08,9.307025e-11,6.884964e-08,5.132141e-08,-1.361914e-10,2.370946e-08,0.000000e+00,0.000000e+00,0.000000e+00,0.000000e+00,0.000000e+00,0.000000e+00,-3.302804e-07,4.712324e-10,-2.858267e+00,-1.001117e-04,8.214103e-06,-2.720000e+03,4.336412e-01,-7.119924e-01,-1.599134e+00,-6.113860e-07,4.555684e-06,-1.681317e-07,2.556119e-02,-8.112806e-02,-2.404237e-02
1.063017e-03,2.610551e-05,1.658586e+04,-8.209776e-07,1.366183e-13,-1.219549e+01,5.733604e-03,3.045894e-06,6.368777e-11,0.000000e+00,0.000000e+00,8.893836e-12,0.000000e+00,0.000000e+00,0.000000e+00,0.000000e+00,0.000000e+00,0.000000e+00,0.000000e+00,0.000000e+00,0.000000e+00,0.000000e+00,2.610551e-05,3.365448e+03,-6.035871e-07,-2.950161e-08,-2.474597e+00,9.097794e-04,0.000000e+00,0.000000e+00,0.000000e+00,0.000000e+00,0.000000e+00,0.000000e+00,0.000000e+00,0.000000e+00,0.000000e+00,0.000000e+00,0.000000e+00,0.000000e+00,0.000000e+00,0.000000e+00,0.000000e+00,0.000000e+00,0.000000e+00,0.000000e+00,0.000000e+00,0.000000e+00,0.000000e+00,0.000000e+00,0.000000e+00,0.000000e+00,0.000000e+00,0.000000e+00,0.000000e+00,0.000000e+00,0.000000e+00,0.000000e+00,8.385327e-01,-3.238643e-01,-2.862557e+00,-3.221748e-08,9.548071e-11,6.984607e-08,5.205964e-08,-1.399488e-10,2.405088e-08,0.000000e+00,0.000000e+00,0.000000e+00,0.000000e+00,0.000000e+00,0.000000e+00,-3.314243e-07,5.414942e-10,-2.891407e+00,-8.658504e-05,6.734052e-06,-2.720000e+03,2.948738e+00,3.238643e-01,4.497985e-01,-6.278972e-08,3.986353e-06,-3.271850e-07,1.650393e-02,1.556377e-02,-3.741215e-03
1.072155e-03,2.654348e-05,1.658586e+04,-8.209776e-07,1.466526e-13,-1.219549e+01,5.733604e-03,3.045893e-06,6.670332e-11,0.000000e+00,0.000000e+00,4.338808e-12,0.000000e+00,0.000000e+00,0.000000e+00,0.000000e+00,0.000000e+00,0.000000e+00,0.000000e+00,0.000000e+00,0.000000e+00,0.000000e+00,2.654348e-05,3.365447e+03,-7.124253e-07,-3.680530e-08,-2.474597e+00,9.097792e-04,0.000000e+00,0.000000e+00,0.000000e+00,0.000000e+00,0.000000e+00,0.000000e+00,0.000000e+00,0.000000e+00,0.000000e+00,0.000000e+00,0.000000e+00,0.000000e+00,0.000000e+00,0.000000e+00,0.000000e+00,0.000000e+00,0.000000e+00,0.000000e+00,0.000000e+00,0.000000e+00,0.000000e+00,0.000000e+00,0.000000e+00,0.000000e+00,0.000000e+00,0.000000e+00,0.000000e+00,0.000000e+00,0.000000e+00,0.000000e+00,2.570408e+00,6.099160e-01,-2.162361e+00,-3.242971e-08,9.660690e-11,7.030560e-08,5.238176e-08,-1.416153e-10,2.420009e-08,0.000000e+00,0.000000e+00,0.000000e+00,0.000000e+00,0.000000e+00,0.000000e+00,-3.320399e-07,6.181090e-10,-2.916261e+00,-5.697005e-05,8.487394e-06,-2.720000e+03,3.046065e+00,-6.099160e-01,-1.415729e+00,-1.666831e-07,4.122778e-06,-2.164434e-07,-3.049061e-02,-7.998071e-03,4.187556e-02
1.081292e-03,2.698287e-05,1.658586e+04,-8.209776e-07,1.555821e-13,-1.219549e+01,5.733604e-03,3.045894e-06,5.975743e-11,0.000000e+00,0.000000e+00,8.884019e-12,0.000000e+00,0.000000e+00,0.000000e+00,0.000000e+00,0.000000e+00,0.000000e+00,0.000000e+00,0.000000e+00,0.000000e+00,0.000000e+00,2.698287e-05,3.365447e+03,-7.947858e-07,-3.174819e-09,-2.474597e+00,9.097793e-04,0.000000e+00,0.000000e+00,0.000000e+00,0.000000e+00,0.000000e+00,0.000000e+00,0.000000e+00,0.000000e+00,0.000000e+00,0.000000e+00,0.000000e+00,0.000000e+00,0.000000e+00,0.000000e+00,0.000000e+00,0.000000e+00,0.000000e+00,0.000000e+00,0.000000e+00,0.000000e+00,0.000000e+00,0.000000e+00,0.000000e+00,0.000000e+00,0.000000e+00,0.000000e+00,0.000000e+00,0.000000e+00,0.000000e+00,0.000000e+00,2.061485e+00,1.466683e+00,-1.063314e+00,-3.278333e-08,9.840963e-11,7.106996e-08,5.295028e-08,-1.444812e-10,2.446361e-08,0.000000e+00,0.000000e+00,0.000000e+00,0.000000e+00,0.000000e+00,0.000000e+00,-3.324038e-07,6.457673e-10,-2.941115e+00,-3.254194e-05,-5.861309e-07,-2.720000e+03,1.834910e+00,-1.466683e+00,-1.418965e+00,-3.190655e-07,3.928808e-06,1.692764e-07,1.623376e-02,-3.065949e-02,1.250179e-02
1.090430e-03,2.739445e-05,1.658586e+04,-8.209776e-07,2.019673e-13,-1.219549e+01,5.733604e-03,3.045893e-06,4.685357e-11,0.000000e+00,0.000000e+00,4.970600e-12,0.000000e+00,0.000000e+00,0.000000e+00,0.000000e+00,0.000000e+00,0.000000e+00,0.000000e+00,0.000000e+00,0.000000e+00,0.000000e+00,2.739445e-05,3.365448e+03,-8.475956e-07,5.616309e-08,-2.474597e+00,9.097793e-04,0.000000e+00,0.000000e+00,0.000000e+00,0.000000e+00,0.000000e+00,0.000000e+00,0.000000e+00,0.000000e+00,0.000000e+00,0.000000e+00,0.000000e+00,0.000000e+00,0.000000e+00,0.000000e+00,0.000000e+00,0.000000e+00,0.000000e+00,0.000000e+00,0.000000e+00,0.000000e+00,0.000000e+00,0.000000e+00,0.000000e+00,0.000000e+00,0.000000e+00,0.000000e+00,0.000000e+00,0.000000e+00,0.000000e+00,0.000000e+00,-5.575840e+00,2.349471e+00,-5.139885e+00,-3.301122e-08,9.918162e-11,7.156440e-08,5.330034e-08,-1.455313e-10,2.462535e-08,0.000000e+00,0.000000e+00,0.000000e+00,0.000000e+00,0.000000e+00,0.000000e+00,-3.325975e-07,5.516112e-10,-2.965970e+00,-1.523324e-05,-1.552649e-05,-2.720000e+03,2.301871e+00,-2.349471e+00,7.225634e+00,-3.378713e-08,3.532380e-06,1.188582e-07,4.186422e-02,-5.346268e-02,-2.350119e-02
1.102614e-03,2.794710e-05,1.658587e+04,-8.209776e-07,2.096550e-13,-1.219549e+01,5.733604e-03,3.045893e-06,4.573036e-11,0.000000e+00,0.000000e+00,8.816012e-12,0.000000e+00,0.000000e+00,0.000000e+00,0.000000e+00,0.000000e+00,0.000000e+00,0.000000e+00,0.000000e+00,0.000000e+00,0.000000e+00,2.794710e-05,3.365448e+03,-8.889861e-07,1.131218e-07,-2.474598e+00,9.097794e-04,0.000000e+00,0.000000e+00,0.000000e+00,0.000000e+00,0.000000e+00,0.000000e+00,0.000000e+00,0.000000e+00,0.000000e+00,0.000000e+00,0.000000e+00,0.000000e+00,0.000000e+00,0.000000e+00,0.000000e+00,0.000000e+00,0.000000e+00,0.000000e+00,0.000000e+00,0.000000e+00,0.000000e+00,0.000000e+00,0.000000e+00,0.000000e+00,0.000000e+00,0.000000e+00,0.000000e+00,0.000000e+00,0.000000e+00,0.000000e+00,-1.288562e+01,-1.496866e+00,-5.687374e+00,-3.346263e-08,1.016624e-10,7.254292e-08,5.401978e-08,-1.493581e-10,2.495786e-08,0.000000e+00,0.000000e+00,0.000000e+00,0.000000e+00,0.000000e+00,0.000000e+00,-3.326412e-07,2.020956e-10,-2.999109e+00,-2.424129e-06,-3.085880e-05,-2.720000e+03,-2.911770e-01,1.496866e+00,1.408193e+01,1.373750e-07,3.333651e-06,-2.634217e-08,4.245210e-03,4.842049e-02,2.818464e-02
1.111751e-03,2.838322e-05,1.658587e+04,-8.209776e-07,1.931093e-13,-1.219549e+01,5.733604e-03,3.045894e-06,6.517410e-11,0.000000e+00,0.000000e+00,5.418179e-12,0.000000e+00,0.000000e+00,0.000000e+00,0.000000e+00,0.000000e+00,0.000000e+00,0.000000e+00,0.000000e+00,0.000000e+00,0.000000e+00,2.838322e-05,3.365450e+03,-8.921990e-07,7.633936e-08,-2.474599e+00,9.097796e-04,0.000000e+00,0.000000e+00,0.000000e+00,0.000000e+00,0.000000e+00,0.000000e+00,0.000000e+00,0.000000e+00,0.000000e+00,0.000000e+00,0.000000e+00,0.000000e+00,0.000000e+00,0.000000e+00,0.000000e+00,0.000000e+00,0.000000e+00,0.000000e+00,0.000000e+00,0.000000e+00,0.000000e+00,0.000000e+00,0.000000e+00,0.000000e+00,0.000000e+00,0.000000e+00,0.000000e+00,0.000000e+00,0.000000e+00,0.000000e+00,-1.378161e+01,-7.875399e-01,-5.801083e+00,-3.366602e-08,1.010069e-10,7.298517e-08,5.433254e-08,-1.479799e-10,2.510202e-08,0.000000e+00,0.000000e+00,0.000000e+00,0.000000e+00,0.000000e+00,0.000000e+00,-3.326785e-07,-1.361478e-12,-3.023964e+00,-5.208598e-06,-1.841855e-05,-2.720000e+03,-5.667853e-01,7.875399e-01,1.494203e+01,2.690198e-07,3.927018e-06,3.548428e-07,7.680652e-03,7.406415e-02,4.045364e-02
1.120889e-03,2.884141e-05,1.658587e+04,-8.209776e-07,2.051336e-13,-1.219549e+01,5.733604e-03,3.045893e-06,7.857792e-11,0.000000e+00,0.000000e+00,5.444797e-12,0.000000e+00,0.000000e+00,0.000000e+00,0.000000e+00,0.000000e+00,0.000000e+00,0.000000e+00,0.000000e+00,0.000000e+00,0.000000e+00,2.884141e-05,3.365451e+03,-8.730618e-07,5.980522e-08,-2.474598e+00,9.097796e-04,0.000000e+00,0.000000e+00,0.000000e+00,0.000000e+00,0.000000e+00,0.000000e+00,0.000000e+00,0.000000e+00,0.000000e+00,0.000000e+00,0.000000e+00,0.000000e+00,0.000000e+00,0.000000e+00,0.000000e+00,0.000000e+00,0.000000e+00,0.000000e+00,0.000000e+00,0.000000e+00,0.000000e+00,0.000000e+00,0.000000e+00,0.000000e+00,0.000000e+00,0.000000e+00,0.000000e+00,0.000000e+00,0.000000e+00,0.000000e+00,-1.389774e+01,8.402963e-01,-3.542448e+00,-3.393543e-08,1.016298e-10,7.357032e-08,5.475867e-08,-1.487806e-10,2.529858e-08,0.000000e+00,0.000000e+00,0.000000e+00,0.000000e+00,0.000000e+00,0.000000e+00,-3.327704e-07,-1.355205e-10,-3.048818e+00,-1.388570e-05,-1.392652e-05,-2.720000e+03,-2.662881e+00,-8.402963e-01,1.409273e+01,1.852050e-07,4.449961e-06,4.734032e-07,-9.859590e-03,-3.554648e-03,-2.039967e-02
1.130027e-03,2.931914e-05,1.658587e+04,-8.209775e-07,2.239399e-13,-1.219549e+01,5.733604e-03,3.045894e-06,7.412034e-11,0.000000e+00,0.000000e+00,4.393922e-12,0.000000e+00,0.000000e+00,0.000000e+00,0.000000e+00,0.000000e+00,0.000000e+00,0.000000e+00,0.000000e+00,0.000000e+00,0.000000e+00,2.931914e-05,3.365453e+03,-7.323858e-07,9.334007e-08,-2.474599e+00,9.097792e-04,0.000000e+00,0.000000e+00,0.000000e+00,0.000000e+00,0.000000e+00,0.000000e+00,0.000000e+00,0.000000e+00,0.000000e+00,0.000000e+00,0.000000e+00,0.000000e+00,0.000000e+00,0.000000e+00,0.000000e+00,0.000000e+00,0.000000e+00,0.000000e+00,0.000000e+00,0.000000e+00,0.000000e+00,0.000000e+00,0.000000e+00,0.000000e+00,0.000000e+00,0.000000e+00,0.000000e+00,0.000000e+00,0.000000e+00,0.000000e+00,-1.632677e+01,4.239807e-01,-5.643845e-01,-3.414441e-08,1.027675e-10,7.402330e-08,5.508002e-08,-1.504912e-10,2.544723e-08,0.000000e+00,0.000000e+00,0.000000e+00,0.000000e+00,0.000000e+00,0.000000e+00,-3.331052e-07,-3.182543e-10,-3.073673e+00,-5.242905e-05,-2.339877e-05,-2.720000e+03,-6.388476e+00,-4.239807e-01,1.503560e+01,2.189274e-07,4.317776e-06,3.838380e-07,2.470425e-02,-2.123771e-03,1.599526e-02
1.142210e-03,2.992214e-05,1.658587e+04,-8.209775e-07,2.459085e-13,-1.219549e+01,5.733604e-03,3.045893e-06,8.928050e-11,0.000000e+00,0.000000e+00,4.436515e-12,0.000000e+00,0.000000e+00,0.000000e+00,0.000000e+00,0.000000e+00,0.000000e+00,0.000000e+00,0.000000e+00,0.000000e+00,0.000000e+00,2.992214e-05,3.365456e+03,-4.334029e-07,9.250836e-08,-2.474599e+00,9.097793e-04,0.000000e+00,0.000000e+00,0.000000e+00,0.000000e+00,0.000000e+00,0.000000e+00,0.000000e+00,0.000000e+00,0.000000e+00,0.000000e+00,0.000000e+00,0.000000e+00,0.000000e+00,0.000000e+00,0.000000e+00,0.000000e+00,0.000000e+00,0.000000e+00,0.000000e+00,0.000000e+00,0.000000e+00,0.000000e+00,0.000000e+00,0.000000e+00,0.000000e+00,0.000000e+00,0.000000e+00,0.000000e+00,0.000000e+00,0.000000e+00,-1.735540e+01,-6.603165e-01,1.496627e+00,-3.446998e-08,1.040200e-10,7.472633e-08,5.558614e-08,-1.523286e-10,2.568227e-08,0.000000e+00,0.000000e+00,0.000000e+00,0.000000e+00,0.000000e+00,0.000000e+00,-3.343679e-07,-6.028733e-10,-3.106812e+00,-1.376789e-04,-2.117032e-05,-2.720000e+03,-8.691105e+00,6.603165e-01,1.509684e+01,3.949244e-07,4.578877e-06,6.367994e-07,-4.293083e-02,8.772094e-02,-1.333684e-02
1.151348e-03,3.038667e-05,1.658587e+04,-8.209774e-07,2.369490e-13,-1.219549e+01,5.733604e-03,3.045893e-06,1.135695e-10,0.000000e+00,0.000000e+00,8.979918e-12,0.000000e+00,0.000000e+00,0.000000e+00,0.000000e+00,0.000000e+00,0.000000e+00,0.000000e+00,0.000000e+00,0.000000e+00,0.000000e+00,3.038667e-05,3.365457e+03,-1.616515e-07,7.572097e-08,-2.474599e+00,9.097793e-04,0.000000e+00,0.000000e+00,0.000000e+00,0.000000e+00,0.000000e+00,0.000000e+00,0.000000e+00,0.000000e+00,0.000000e+00,0.000000e+00,0.000000e+00,0.000000e+00,0.000000e+00,0.000000e+00,0.000000e+00,0.000000e+00,0.000000e+00,0.000000e+00,0.000000e+00,0.000000e+00,0.000000e+00,0.000000e+00,0.000000e+00,0.000000e+00,0.000000e+00,0.000000e+00,0.000000e+00,0.000000e+00,0.000000e+00,0.000000e+00,-2.120453e+01,5.121349e-01,-3.210902e-01,-3.478744e-08,1.052315e-10,7.541146e-08,5.609129e-08,-1.541602e-10,2.591687e-08,0.000000e+00,0.000000e+00,0.000000e+00,0.000000e+00,0.000000e+00,0.000000e+00,-3.361174e-07,-7.791958e-10,-3.131666e+00,-2.186960e-04,-2.005687e-05,-2.720000e+03,-8.670402e+00,-5.121349e-01,1.935353e+01,-2.722734e-08,5.339010e-06,3.824589e-07,-1.928245e-02,1.650092e-02,-4.125274e-02
1.160486e-03,3.082503e-05,1.658587e+04,-8.209774e-07,2.515346e-13,-1.219549e+01,5.733604e-03,3.045893e-06,9.127112e-11,0.000000e+00,0.000000e+00,5.065224e-12,0.000000e+00,0.000000e+00,0.000000e+00,0.000000e+00,0.000000e+00,0.000000e+00,0.000000e+00,0.000000e+00,0.000000e+00,0.000000e+00,3.082503e-05,3.365457e+03,1.257950e-07,7.440600e-08,-2.474600e+00,9.097796e-04,0.000000e+00,0.000000e+00,0.000000e+00,0.000000e+00,0.000000e+00,0.000000e+00,0.000000e+00,0.000000e+00,0.000000e+00,0.000000e+00,0.000000e+00,0.000000e+00,0.000000e+00,0.000000e+00,0.000000e+00,0.000000e+00,0.000000e+00,0.000000e+00,0.000000e+00,0.000000e+00,0.000000e+00,0.000000e+00,0.000000e+00,0.000000e+00,0.000000e+00,0.000000e+00,0.000000e+00,0.000000e+00,0.000000e+00,0.000000e+00,-1.867247e+01,-1.434029e-01,1.428772e+00,-3.497920e-08,1.054129e-10,7.582670e-08,5.638153e-08,-1.542329e-10,2.605130e-08,0.000000e+00,0.000000e+00,0.000000e+00,0.000000e+00,0.000000e+00,0.000000e+00,-3.385935e-07,-9.775182e-10,-3.156521e+00,-2.970285e-04,-2.172921e-05,-2.720000e+03,-9.186222e+00,1.434029e-01,1.631918e+01,-1.564794e-07,4.993657e-06,2.836000e-08,-2.652026e-02,-1.179073e-01,-2.684363e-02
1.172669e-03,3.140116e-05,1.658588e+04,-8.209774e-07,2.627531e-13,-1.219549e+01,5.733604e-03,3.045894e-06,5.129042e-11,0.000000e+00,0.000000e+00,8.896865e-12,0.000000e+00,0.000000e+00,0.000000e+00,0.000000e+00,0.000000e+00,0.000000e+00,0.000000e+00,0.000000e+00,0.000000e+00,0.000000e+00,3.140116e-05,3.365461e+03,6.049723e-07,3.142802e-08,-2.474601e+00,9.097793e-04,0.000000e+00,0.000000e+00,0.000000e+00,0.000000e+00,0.000000e+00,0.000000e+00,0.000000e+00,0.000000e+00,0.000000e+00,0.000000e+00,0.000000e+00,0.000000e+00,0.000000e+00,0.000000e+00,0.000000e+00,0.000000e+00,0.000000e+00,0.000000e+00,0.000000e+00,0.000000e+00,0.000000e+00,0.000000e+00,0.000000e+00,0.000000e+00,0.000000e+00,0.000000e+00,0.000000e+00,0.000000e+00,0.000000e+00,0.000000e+00,-1.894634e+01,-1.417285e+00,3.268950e+00,-3.531004e-08,1.058457e-10,7.654481e-08,5.690066e-08,-1.546195e-10,2.629097e-08,0.000000e+00,0.000000e+00,0.000000e+00,0.000000e+00,0.000000e+00,0.000000e+00,-3.431371e-07,-1.190451e-09,-3.189660e+00,-4.222725e-04,-1.274067e-05,-2.720000e+03,-1.096973e+01,1.417285e+00,1.578971e+01,-5.816540e-07,3.615397e-06,-6.014459e-08,-4.904254e-02,-4.236211e-02,1.210884e-02
1.181807e-03,3.185624e-05,1.658588e+04,-8.209774e-07,2.765915e-13,-1.219549e+01,5.733604e-03,3.045893e-06,4.862721e-11,0.000000e+00,0.000000e+00,5.640356e-12,0.000000e+00,0.000000e+00,0.000000e+00,0.000000e+00,0.000000e+00,0.000000e+00,0.000000e+00,0.000000e+00,0.000000e+00,0.000000e+00,3.185624e-05,3.365463e+03,9.326210e-07,-2.408117e-08,-2.474601e+00,9.097792e-04,0.000000e+00,0.000000e+00,0.000000e+00,0.000000e+00,0.000000e+00,0.000000e+00,0.000000e+00,0.000000e+00,0.000000e+00,0.000000e+00,0.000000e+00,0.000000e+00,0.000000e+00,0.000000e+00,0.000000e+00,0.000000e+00,0.000000e+00,0.000000e+00,0.000000e+00,0.000000e+00,0.000000e+00,0.000000e+00,0.000000e+00,0.000000e+00,0.000000e+00,0.000000e+00,0.000000e+00,0.000000e+00,0.000000e+00,0.000000e+00,-1.928222e+01,-1.687784e+00,-1.217073e+00,-3.550140e-08,1.049928e-10,7.696071e-08,5.719236e-08,-1.528919e-10,2.642551e-08,0.000000e+00,0.000000e+00,0.000000e+00,0.000000e+00,0.000000e+00,0.000000e+00,-3.475682e-07,-1.225964e-09,-3.214515e+00,-5.127012e-04,1.245439e-06,-2.720000e+03,-7.045960e+00,1.687784e+00,1.798998e+01,-8.626160e-07,3.425209e-06,1.643560e-08,1.886064e-02,-6.650129e-03,-3.469848e-03
1.190944e-03,3.231335e-05,1.658588e+04,-8.209776e-07,2.621940e-13,-1.219549e+01,5.733604e-03,3.045893e-06,4.039698e-11,0.000000e+00,0.000000e+00,5.666856e-12,0.000000e+00,0.000000e+00,0.000000e+00,0.000000e+00,0.000000e+00,0.000000e+00,0.000000e+00,0.000000e+00,0.000000e+00,0.000000e+00,3.231335e-05,3.365463e+03,1.124190e-06,-5.027321e-08,-2.474602e+00,9.097790e-04,0.000000e+00,0.000000e+00,0.000000e+00,0.000000e+00,0.000000e+00,0.000000e+00,0.000000e+00,0.000000e+00,0.000000e+00,0.000000e+00,0.000000e+00,0.000000e+00,0.000000e+00,0.000000e+00,0.000000e+00,0.000000e+00,0.000000e+00,0.000000e+00,0.000000e+00,0.000000e+00,0.000000e+00,0.000000e+00,0.000000e+00,0.000000e+00,0.000000e+00,0.000000e+00,0.000000e+00,0.000000e+00,0.000000e+00,0.000000e+00,-1.846544e+01,-1.186804e-01,-2.769547e+00,-3.577085e-08,1.056153e-10,7.754595e-08,5.761855e-08,-1.536878e-10,2.662210e-08,0.000000e+00,0.000000e+00,0.000000e+00,0.000000e+00,0.000000e+00,0.000000e+00,-3.525930e-07,-1.146001e-09,-3.239369e+00,-5.649542e-04,1.043478e-05,-2.720000e+03,-5.293759e+00,1.186804e-01,1.790584e+01,-5.763044e-07,3.215633e-06,2.193335e-08,2.758152e-02,-3.677513e-02,8.643364e-03
1.200082e-03,3.273990e-05,1.658588e+04,-8.209773e-07,2.158682e-13,-1.219549e+01,5.733604e-03,3.045893e-06,3.584516e-11,0.000000e+00,0.000000e+00,4.614504e-12,0.000000e+00,0.000000e+00,0.000000e+00,0.000000e+00,0.000000e+00,0.000000e+00,0.000000e+00,0.000000e+00,0.000000e+00,0.000000e+00,3.273990e-05,3.365464e+03,1.355215e-06,-5.623190e-08,-2.474603e+00,9.097792e-04,0.000000e+00,0.000000e+00,0.000000e+00,0.000000e+00,0.000000e+00,0.000000e+00,0.000000e+00,0.000000e+00,0.000000e+00,0.000000e+00,0.000000e+00,0.000000e+00,0.000000e+00,0.000000e+00,0.000000e+00,0.000000e+00,0.000000e+00,0.000000e+00,0.000000e+00,0.000000e+00,0.000000e+00,0.000000e+00,0.000000e+00,0.000000e+00,0.000000e+00,0.000000e+00,0.000000e+00,0.000000e+00,0.000000e+00,0.000000e+00,-1.936431e+01,-1.297863e+00,7.606978e-01,-3.597421e-08,1.065381e-10,7.798454e-08,5.792839e-08,-1.550442e-10,2.676624e-08,0.000000e+00,0.000000e+00,0.000000e+00,0.000000e+00,0.000000e+00,0.000000e+00,-3.581092e-07,-1.039892e-09,-3.264224e+00,-6.279135e-04,1.280311e-05,-2.720000e+03,-8.873127e+00,1.297863e+00,1.722855e+01,-4.835067e-07,2.955635e-06,5.243916e-08,-2.773108e-02,1.093828e-02,-1.033274e-02
1.212266e-03,3.331685e-05,1.658588e+04,-8.209774e-07,2.356278e-13,-1.219550e+01,5.733604e-03,3.045893e-06,3.732630e-11,0.000000e+00,0.000000e+00,4.657088e-12,0.000000e+00,0.000000e+00,0.000000e+00,0.000000e+00,0.000000e+00,0.000000e+00,0.000000e+00,0.000000e+00,0.000000e+00,0.000000e+00,3.331685e-05,3.365466e+03,1.717994e-06,-1.185313e-07,-2.474604e+00,9.097793e-04,0.000000e+00,0.000000e+00,0.000000e+00,0.000000e+00,0.000000e+00,0.000000e+00,0.000000e+00,0.000000e+00,0.000000e+00,0.000000e+00,0.000000e+00,0.000000e+00,0.000000e+00,0.000000e+00,0.000000e+00,0.000000e+00,0.000000e+00,0.000000e+00,0.000000e+00,0.000000e+00,0.000000e+00,0.000000e+00,0.000000e+00,0.000000e+00,0.000000e+00,0.000000e+00,0.000000e+00,0.000000e+00,0.000000e+00,0.000000e+00,-1.771684e+01,8.350700e-01,-6.782131e-01,-3.629975e-08,1.077912e-10,7.868750e-08,5.843446e-08,-1.568785e-10,2.700126e-08,0.000000e+00,0.000000e+00,0.000000e+00,0.000000e+00,0.000000e+00,0.000000e+00,-3.665585e-07,-7.641196e-10,-3.297363e+00,-7.298382e-04,2.677260e-05,-2.720000e+03,-6.872779e+00,-8.350700e-01,1.634354e+01,-8.815676e-07,3.005796e-06,-2.117466e-07,2.318753e-02,-3.463815e-02,-1.568083e-02
1.221403e-03,3.375070e-05,1.658588e+04,-8.209772e-07,1.802714e-13,-1.219550e+01,5.733604e-03,3.045893e-06,2.940147e-11,0.000000e+00,0.000000e+00,9.200248e-12,0.000000e+00,0.000000e+00,0.000000e+00,0.000000e+00,0.000000e+00,0.000000e+00,0.000000e+00,0.000000e+00,0.000000e+00,0.000000e+00,3.375070e-05,3.365468e+03,1.963252e-06,-5.740396e-08,-2.474604e+00,9.097792e-04,0.000000e+00,0.000000e+00,0.000000e+00,0.000000e+00,0.000000e+00,0.000000e+00,0.000000e+00,0.000000e+00,0.000000e+00,0.000000e+00,0.000000e+00,0.000000e+00,0.000000e+00,0.000000e+00,0.000000e+00,0.000000e+00,0.000000e+00,0.000000e+00,0.000000e+00,0.000000e+00,0.000000e+00,0.000000e+00,0.000000e+00,0.000000e+00,0.000000e+00,0.000000e+00,0.000000e+00,0.000000e+00,0.000000e+00,0.000000e+00,-2.175487e+01,3.218267e+00,-3.599463e-01,-3.661718e-08,1.090033e-10,7.937256e-08,5.893956e-08,-1.587079e-10,2.723583e-08,0.000000e+00,0.000000e+00,0.000000e+00,0.000000e+00,0.000000e+00,0.000000e+00,-3.736253e-07,-5.977223e-10,-3.322218e+00,-7.964528e-04,1.134026e-05,-2.720000e+03,-8.867767e+00,-3.218267e+00,1.986873e+01,-5.590759e-07,2.686804e-06,-3.297289e-07,3.341665e-02,-1.326122e-02,7.491053e-05
1.230541e-03,3.415762e-05,1.658588e+04,-8.209773e-07,1.500453e-13,-1.219550e+01,5.733604e-03,3.045893e-06,3.833493e-11,0.000000e+00,0.000000e+00,9.094510e-12,0.000000e+00,0.000000e+00,0.000000e+00,0.000000e+00,0.000000e+00,0.000000e+00,0.000000e+00,0.000000e+00,0.000000e+00,0.000000e+00,3.415762e-05,3.365469e+03,2.247367e-06,4.278500e-08,-2.474605e+00,9.097797e-04,0.000000e+00,0.000000e+00,0.000000e+00,0.000000e+00,0.000000e+00,0.000000e+00,0.000000e+00,0.000000e+00,0.000000e+00,0.000000e+00,0.000000e+00,0.000000e+00,0.000000e+00,0.000000e+00,0.000000e+00,0.000000e+00,0.000000e+00,0.000000e+00,0.000000e+00,0.000000e+00,0.000000e+00,0.000000e+00,0.000000e+00,0.000000e+00,0.000000e+00,0.000000e+00,0.000000e+00,0.000000e+00,0.000000e+00,0.000000e+00,-2.288903e+01,1.384061e+00,-4.407377e-01,-3.691427e-08,1.110471e-10,8.001540e-08,5.941182e-08,-1.619711e-10,2.745454e-08,0.000000e+00,0.000000e+00,0.000000e+00,0.000000e+00,0.000000e+00,0.000000e+00,-3.813970e-07,-6.571411e-10,-3.347072e+00,-8.776853e-04,-1.399397e-05,-2.720000e+03,-9.273865e+00,-1.384061e+00,2.093078e+01,-2.296779e-07,2.965657e-06,-1.596168e-07,2.486994e-02,9.828404e-02,4.488538e-02
1.242725e-03,3.469787e-05,1.658589e+04,-8.209772e-07,1.634571e-13,-1.219550e+01,5.733604e-03,3.045893e-06,6.267915e-11,0.000000e+00,0.000000e+00,9.131781e-12,0.000000e+00,0.000000e+00,0.000000e+00,0.000000e+00,0.000000e+00,0.000000e+00,0.000000e+00,0.000000e+00,0.000000e+00,0.000000e+00,3.469787e-05,3.365472e+03,2.625712e-06,8.743680e-08,-2.474606e+00,9.097798e-04,0.000000e+00,0.000000e+00,0.000000e+00,0.000000e+00,0.000000e+00,0.000000e+00,0.000000e+00,0.000000e+00,0.000000e+00,0.000000e+00,0.000000e+00,0.000000e+00,0.000000e+00,0.000000e+00,0.000000e+00,0.000000e+00,0.000000e+00,0.000000e+00,0.000000e+00,0.000000e+00,0.000000e+00,0.000000e+00,0.000000e+00,0.000000e+00,0.000000e+00,0.000000e+00,0.000000e+00,0.000000e+00,0.000000e+00,0.000000e+00,-2.116504e+01,1.916018e-01,-6.170774e-01,-3.724507e-08,1.114806e-10,8.073342e-08,5.993088e-08,-1.623603e-10,2.769418e-08,0.000000e+00,0.000000e+00,0.000000e+00,0.000000e+00,0.000000e+00,0.000000e+00,-3.929501e-07,-9.167771e-10,-3.380211e+00,-9.895179e-04,-2.392967e-05,-2.720000e+03,-8.385456e+00,-1.916018e-01,1.944283e+01,-4.748854e-08,3.915480e-06,2.464790e-07,2.842590e-02,4.395080e-02,2.170622e-02
1.251862e-03,3.508407e-05,1.658589e+04,-8.209772e-07,1.562396e-13,-1.219550e+01,5.733604e-03,3.045893e-06,6.937011e-11,0.000000e+00,0.000000e+00,5.875151e-12,0.000000e+00,0.000000e+00,0.000000e+00,0.000000e+00,0.000000e+00,0.000000e+00,0.000000e+00,0.000000e+00,0.000000e+00,0.000000e+00,3.508407e-05,3.365474e+03,2.887842e-06,8.894435e-08,-2.474606e+00,9.097793e-04,0.000000e+00,0.000000e+00,0.000000e+00,0.000000e+00,0.000000e+00,0.000000e+00,0.000000e+00,0.000000e+00,0.000000e+00,0.000000e+00,0.000000e+00,0.000000e+00,0.000000e+00,0.000000e+00,0.000000e+00,0.000000e+00,0.000000e+00,0.000000e+00,0.000000e+00,0.000000e+00,0.000000e+00,0.000000e+00,0.000000e+00,0.000000e+00,0.000000e+00,0.000000e+00,0.000000e+00,0.000000e+00,0.000000e+00,0.000000e+00,-2.414845e+01,-8.980269e-01,-1.079912e+00,-3.743639e-08,1.106282e-10,8.114923e-08,6.022252e-08,-1.606369e-10,2.782869e-08,0.000000e+00,0.000000e+00,0.000000e+00,0.000000e+00,0.000000e+00,0.000000e+00,-4.024497e-07,-1.130719e-09,-3.405066e+00,-1.064391e-03,-2.192659e-05,-2.720000e+03,-9.226827e+00,8.980269e-01,2.234232e+01,2.743628e-07,4.158492e-06,3.503389e-07,7.407885e-03,1.306929e-02,-2.060367e-02
1.261000e-03,3.545297e-05,1.658589e+04,-8.209776e-07,1.119528e-13,-1.219550e+01,5.733604e-03,3.045893e-06,7.936792e-11,0.000000e+00,0.000000e+00,5.901770e-12,0.000000e+00,0.000000e+00,0.000000e+00,0.000000e+00,0.000000e+00,0.000000e+00,0.000000e+00,0.000000e+00,0.000000e+00,0.000000e+00,3.545297e-05,3.365477e+03,3.218263e-06,6.245290e-08,-2.474607e+00,9.097797e-04,0.000000e+00,0.000000e+00,0.000000e+00,0.000000e+00,0.000000e+00,0.000000e+00,0.000000e+00,0.000000e+00,0.000000e+00,0.000000e+00,0.000000e+00,0.000000e+00,0.000000e+00,0.000000e+00,0.000000e+00,0.000000e+00,0.000000e+00,0.000000e+00,0.000000e+00,0.000000e+00,0.000000e+00,0.000000e+00,0.000000e+00,0.000000e+00,0.000000e+00,0.000000e+00,0.000000e+00,0.000000e+00,0.000000e+00,0.000000e+00,-2.641882e+01,5.674624e-02,2.885809e-01,-3.770580e-08,1.112511e-10,8.173438e-08,6.064865e-08,-1.614373e-10,2.802525e-08,0.000000e+00,0.000000e+00,0.000000e+00,0.000000e+00,0.000000e+00,0.000000e+00,-4.127300e-07,-1.288772e-09,-3.429920e+00,-1.158485e-03,-1.569464e-05,-2.720000e+03,-1.142660e+01,-5.674624e-02,2.382163e+01,1.788501e-07,4.404250e-06,1.844933e-07,-1.606462e-02,5.389317e-02,2.546174e-03
1.270138e-03,3.587819e-05,1.658589e+04,-8.209774e-07,1.512750e-13,-1.219550e+01,5.733604e-03,3.045893e-06,1.009149e-10,0.000000e+00,0.000000e+00,4.848868e-12,0.000000e+00,0.000000e+00,0.000000e+00,0.000000e+00,0.000000e+00,0.000000e+00,0.000000e+00,0.000000e+00,0.000000e+00,0.000000e+00,3.587819e-05,3.365478e+03,3.559296e-06,4.037542e-08,-2.474608e+00,9.097793e-04,0.000000e+00,0.000000e+00,0.000000e+00,0.000000e+00,0.000000e+00,0.000000e+00,0.000000e+00,0.000000e+00,0.000000e+00,0.000000e+00,0.000000e+00,0.000000e+00,0.000000e+00,0.000000e+00,0.000000e+00,0.000000e+00,0.000000e+00,0.000000e+00,0.000000e+00,0.000000e+00,0.000000e+00,0.000000e+00,0.000000e+00,0.000000e+00,0.000000e+00,0.000000e+00,0.000000e+00,0.000000e+00,0.000000e+00,0.000000e+00,-2.616654e+01,-1.323394e+00,-2.116603e+00,-3.788185e-08,1.117874e-10,8.211462e-08,6.091088e-08,-1.621286e-10,2.814712e-08,0.000000e+00,0.000000e+00,0.000000e+00,0.000000e+00,0.000000e+00,0.000000e+00,-4.239313e-07,-1.413451e-09,-3.454775e+00,-1.257380e-03,-1.074226e-05,-2.720000e+03,-9.140148e+00,1.323394e+00,2.460946e+01,-7.285833e-08,4.950156e-06,2.998902e-07,-5.218877e-02,6.744128e-02,1.470683e-02
1.282321e-03,3.639049e-05,1.658590e+04,-8.209771e-07,1.895085e-13,-1.219550e+01,5.733604e-03,3.045893e-06,1.126482e-10,0.000000e+00,0.000000e+00,4.891460e-12,0.000000e+00,0.000000e+00,0.000000e+00,0.000000e+00,0.000000e+00,0.000000e+00,0.000000e+00,0.000000e+00,0.000000e+00,0.000000e+00,3.639049e-05,3.365481e+03,3.876010e-06,-4.083864e-08,-2.474609e+00,9.097792e-04,0.000000e+00,0.000000e+00,0.000000e+00,0.000000e+00,0.000000e+00,0.000000e+00,0.000000e+00,0.000000e+00,0.000000e+00,0.000000e+00,0.000000e+00,0.000000e+00,0.000000e+00,0.000000e+00,0.000000e+00,0.000000e+00,0.000000e+00,0.000000e+00,0.000000e+00,0.000000e+00,0.000000e+00,0.000000e+00,0.000000e+00,0.000000e+00,0.000000e+00,0.000000e+00,0.000000e+00,0.000000e+00,0.000000e+00,0.000000e+00,-1.840194e+01,-1.330254e+00,-3.208242e+00,-3.820743e-08,1.130400e-10,8.281765e-08,6.141700e-08,-1.639636e-10,2.838216e-08,0.000000e+00,0.000000e+00,0.000000e+00,0.000000e+00,0.000000e+00,0.000000e+00,-4.400013e-07,-1.396431e-09,-3.487914e+00,-1.348740e-03,9.273972e-06,-2.720000e+03,-4.869327e+00,1.330254e+00,1.803368e+01,-5.341108e-07,5.380200e-06,3.756864e-07,-2.562074e-03,-4.385390e-02,-2.915214e-02
1.291459e-03,3.680880e-05,1.658590e+04,-8.209769e-07,1.509530e-13,-1.219550e+01,5.733604e-03,3.045893e-06,8.209092e-11,0.000000e+00,0.000000e+00,9.434863e-12,0.000000e+00,0.000000e+00,0.000000e+00,0.000000e+00,0.000000e+00,0.000000e+00,0.000000e+00,0.000000e+00,0.000000e+00,0.000000e+00,3.680880e-05,3.365482e+03,4.055861e-06,-7.287320e-08,-2.474609e+00,9.097798e-04,0.000000e+00,0.000000e+00,0.000000e+00,0.000000e+00,0.000000e+00,0.000000e+00,0.000000e+00,0.000000e+00,0.000000e+00,0.000000e+00,0.000000e+00,0.000000e+00,0.000000e+00,0.000000e+00,0.000000e+00,0.000000e+00,0.000000e+00,0.000000e+00,0.000000e+00,0.000000e+00,0.000000e+00,0.000000e+00,0.000000e+00,0.000000e+00,0.000000e+00,0.000000e+00,0.000000e+00,0.000000e+00,0.000000e+00,0.000000e+00,-1.557419e+01,-1.466443e+00,3.881922e-01,-3.852489e-08,1.142515e-10,8.350278e-08,6.192215e-08,-1.657930e-10,2.861676e-08,0.000000e+00,0.000000e+00,0.000000e+00,0.000000e+00,0.000000e+00,0.000000e+00,-4.526005e-07,-1.256882e-09,-3.512769e+00,-1.394854e-03,1.699302e-05,-2.720000e+03,-6.933750e+00,1.466443e+00,1.395096e+01,-5.358880e-07,4.705969e-06,1.451205e-08,-5.376445e-03,-1.113149e-01,-3.593070e-02
1.300597e-03,3.724164e-05,1.658590e+04,-8.209769e-07,1.596380e-13,-1.219550e+01,5.733604e-03,3.045893e-06,4.466932e-11,0.000000e+00,0.000000e+00,9.313846e-12,0.000000e+00,0.000000e+00,0.000000e+00,0.000000e+00,0.000000e+00,0.000000e+00,0.000000e+00,0.000000e+00,0.000000e+00,0.000000e+00,3.724164e-05,3.365484e+03,4.340895e-06,-1.351341e-07,-2.474610e+00,9.097793e-04,0.000000e+00,0.000000e+00,0.000000e+00,0.000000e+00,0.000000e+00,0.000000e+00,0.000000e+00,0.000000e+00,0.000000e+00,0.000000e+00,0.000000e+00,0.000000e+00,0.000000e+00,0.000000e+00,0.000000e+00,0.000000e+00,0.000000e+00,0.000000e+00,0.000000e+00,0.000000e+00,0.000000e+00,0.000000e+00,0.000000e+00,0.000000e+00,0.000000e+00,0.000000e+00,0.000000e+00,0.000000e+00,0.000000e+00,0.000000e+00,-1.440744e+01,-7.606041e-01,2.346585e+00,-3.873387e-08,1.153892e-10,8.395576e-08,6.225162e-08,-1.675411e-10,2.876908e-08,0.000000e+00,0.000000e+00,0.000000e+00,0.000000e+00,0.000000e+00,0.000000e+00,-4.657702e-07,-1.007837e-09,-3.537623e+00,-1.467232e-03,3.308541e-05,-2.720000e+03,-8.215566e+00,7.606041e-01,1.206587e+01,-6.021360e-07,3.544757e-06,-2.499007e-07,6.275576e-04,-1.556957e-01,3.881141e-03
1.312780e-03,3.778137e-05,1.658590e+04,-8.209767e-07,1.850840e-13,-1.219550e+01,5.733604e-03,3.045893e-06,7.949347e-12,0.000000e+00,0.000000e+00,9.350870e-12,0.000000e+00,0.000000e+00,0.000000e+00,0.000000e+00,0.000000e+00,0.000000e+00,0.000000e+00,0.000000e+00,0.000000e+00,0.000000e+00,3.778137e-05,3.365484e+03,4.647890e-06,-1.000436e-07,-2.474610e+00,9.097793e-04,0.000000e+00,0.000000e+00,0.000000e+00,0.000000e+00,0.000000e+00,0.000000e+00,0.000000e+00,0.000000e+00,0.000000e+00,0.000000e+00,0.000000e+00,0.000000e+00,0.000000e+00,0.000000e+00,0.000000e+00,0.000000e+00,0.000000e+00,0.000000e+00,0.000000e+00,0.000000e+00,0.000000e+00,0.000000e+00,0.000000e+00,0.000000e+00,0.000000e+00,0.000000e+00,0.000000e+00,0.000000e+00,0.000000e+00,0.000000e+00,-3.483250e+00,1.554359e+00,2.987108e+00,-3.906464e-08,1.158233e-10,8.467373e-08,6.277065e-08,-1.679284e-10,2.900870e-08,0.000000e+00,0.000000e+00,0.000000e+00,0.000000e+00,0.000000e+00,0.000000e+00,-4.842698e-07,-6.221005e-10,-3.570763e+00,-1.540625e-03,2.586682e-05,-2.720000e+03,-4.179323e+00,-1.554359e+00,1.894492e+00,-3.312917e-07,1.614295e-06,1.348702e-09,3.996177e-02,-1.438857e-01,1.785330e-02
1.321918e-03,3.822907e-05,1.658590e+04,-8.209770e-07,1.916422e-13,-1.219550e+01,5.733604e-03,3.045893e-06,1.309589e-12,0.000000e+00,0.000000e+00,6.094578e-12,0.000000e+00,0.000000e+00,0.000000e+00,0.000000e+00,0.000000e+00,0.000000e+00,0.000000e+00,0.000000e+00,0.000000e+00,0.000000e+00,3.822907e-05,3.365484e+03,4.823974e-06,-5.083250e-08,-2.474610e+00,9.097792e-04,0.000000e+00,0.000000e+00,0.000000e+00,0.000000e+00,0.000000e+00,0.000000e+00,0.000000e+00,0.000000e+00,0.000000e+00,0.000000e+00,0.000000e+00,0.000000e+00,0.000000e+00,0.000000e+00,0.000000e+00,0.000000e+00,0.000000e+00,0.000000e+00,0.000000e+00,0.000000e+00,0.000000e+00,0.000000e+00,0.000000e+00,0.000000e+00,0.000000e+00,0.000000e+00,0.000000e+00,0.000000e+00,0.000000e+00,0.000000e+00,7.622893e-01,1.324257e+00,5.300258e+00,-3.925598e-08,1.149713e-10,8.508953e-08,6.306226e-08,-1.662038e-10,2.914321e-08,0.000000e+00,0.000000e+00,0.000000e+00,0.000000e+00,0.000000e+00,0.000000e+00,-4.986007e-07,-4.661095e-10,-3.595617e+00,-1.583161e-03,1.301371e-05,-2.720000e+03,-4.481510e+00,-1.324257e+00,-2.930851e+00,-1.854994e-07,5.669830e-07,-4.834217e-09,-5.053136e-02,-3.817466e-02,-4.372607e-02
1.331056e-03,3.865527e-05,1.658590e+04,-8.209768e-07,2.248530e-13,-1.219550e+01,5.733604e-03,3.045894e-06,2.545272e-12,0.000000e+00,0.000000e+00,9.632372e-12,0.000000e+00,0.000000e+00,0.000000e+00,0.000000e+00,0.000000e+00,0.000000e+00,0.000000e+00,0.000000e+00,0.000000e+00,0.000000e+00,3.865527e-05,3.365483e+03,4.920289e-06,-4.119567e-09,-2.474610e+00,9.097795e-04,0.000000e+00,0.000000e+00,0.000000e+00,0.000000e+00,0.000000e+00,0.000000e+00,0.000000e+00,0.000000e+00,0.000000e+00,0.000000e+00,0.000000e+00,0.000000e+00,0.000000e+00,0.000000e+00,0.000000e+00,0.000000e+00,0.000000e+00,0.000000e+00,0.000000e+00,0.000000e+00,0.000000e+00,0.000000e+00,0.000000e+00,0.000000e+00,0.000000e+00,0.000000e+00,0.000000e+00,0.000000e+00,0.000000e+00,0.000000e+00,3.805020e+00,1.889637e+00,-2.682993e-01,-3.957623e-08,1.173813e-10,8.578161e-08,6.357391e-08,-1.700936e-10,2.938046e-08,0.000000e+00,0.000000e+00,0.000000e+00,0.000000e+00,0.000000e+00,0.000000e+00,-5.132508e-07,-4.424335e-10,-3.620471e+00,-1.607606e-03,-4.365721e-06,-2.720000e+03,1.851230e+00,-1.889637e+00,-3.335132e+00,-6.623058e-07,1.577378e-07,-3.685211e-07,-2.215097e-02,-1.033691e-01,-2.272702e-02
1.340193e-03,8.020786e-02,1.658532e+04,-8.307799e-07,1.413959e-08,-1.219511e+01,5.733604e-03,3.045893e-06,1.242211e-11,0.000000e+00,0.000000e+00,5.982554e-01,0.000000e+00,0.000000e+00,0.000000e+00,0.000000e+00,0.000000e+00,0.000000e+00,0.000000e+00,0.000000e+00,0.000000e+00,0.000000e+00,8.020786e-02,3.365044e+03,4.814380e-06,4.136988e-08,-2.474374e+00,9.097795e-04,0.000000e+00,0.000000e+00,0.000000e+00,0.000000e+00,0.000000e+00,0.000000e+00,0.000000e+00,0.000000e+00,0.000000e+00,0.000000e+00,0.000000e+00,0.000000e+00,0.000000e+00,0.000000e+00,0.000000e+00,0.000000e+00,0.000000e+00,0.000000e+00,0.000000e+00,0.000000e+00,0.000000e+00,0.000000e+00,0.000000e+00,0.000000e+00,0.000000e+00,0.000000e+00,0.000000e+00,0.000000e+00,0.000000e+00,0.000000e+00,9.627316e+00,-6.592546e-01,-2.782439e+00,-3.977392e-08,1.177040e-10,8.620947e-08,6.387423e-08,-1.704064e-10,2.951965e-08,-8.930957e-09,-1.644168e-08,5.442378e-04,3.489844e-09,-3.423851e-08,0.000000e+00,-5.277547e-07,-5.554530e-10,-3.645326e+00,-1.570741e-03,-1.351558e-05,-2.720000e+03,6.590420e+00,6.592546e-01,-7.549405e+00,-5.121170e-07,-1.283997e-06,-4.622370e-07,4.188371e-02,-2.472486e-01,1.136310e-02
1.352377e-03,2.672517e+00,1.658352e+04,-5.515963e-06,2.010504e-08,-1.219445e+01,5.733604e-03,3.045894e-06,8.900285e-11,0.000000e+00,0.000000e+00,2.192943e-01,0.000000e+00,0.000000e+00,0.000000e+00,0.000000e+00,0.000000e+00,0.000000e+00,0.000000e+00,0.000000e+00,0.000000e+00,0.000000e+00,2.672517e+00,3.363367e+03,3.353221e-07,4.252348e-08,-2.473641e+00,9.097793e-04,0.000000e+00,0.000000e+00,0.000000e+00,0.000000e+00,0.000000e+00,0.000000e+00,0.000000e+00,0.000000e+00,0.000000e+00,0.000000e+00,0.000000e+00,0.000000e+00,0.000000e+00,0.000000e+00,0.000000e+00,0.000000e+00,0.000000e+00,0.000000e+00,0.000000e+00,0.000000e+00,0.000000e+00,0.000000e+00,0.000000e+00,0.000000e+00,0.000000e+00,0.000000e+00,0.000000e+00,0.000000e+00,0.000000e+00,0.000000e+00,1.415237e+01,4.176907e-01,-3.796728e+00,-4.012830e-08,1.186722e-10,8.697589e-08,6.443108e-08,-1.717399e-10,2.977773e-08,-8.930957e-09,-3.408272e-08,1.143665e-03,5.140748e-06,-6.285249e-08,1.161916e-11,-5.462370e-07,-6.763695e-10,-3.678465e+00,-1.481692e-03,-9.613231e-06,-2.720000e+03,9.422046e+00,-4.176907e-01,-1.122184e+01,-1.134032e-07,-4.404480e-06,-5.420459e-08,5.810905e-03,-2.312753e-01,4.781235e-02
1.361515e-03,4.083733e+00,1.658115e+04,-1.949623e-06,2.558347e-08,-1.219333e+01,5.733604e-03,2.412809e-06,1.600383e-10,0.000000e+00,0.000000e+00,1.348613e+00,0.000000e+00,0.000000e+00,0.000000e+00,0.000000e+00,0.000000e+00,0.000000e+00,0.000000e+00,0.000000e+00,0.000000e+00,0.000000e+00,4.083733e+00,3.361132e+03,1.489025e-06,7.052267e-08,-2.472686e+00,9.097796e-04,0.000000e+00,0.000000e+00,0.000000e+00,0.000000e+00,0.000000e+00,0.000000e+00,0.000000e+00,0.000000e+00,0.000000e+00,0.000000e+00,0.000000e+00,0.000000e+00,0.000000e+00,0.000000e+00,0.000000e+00,0.000000e+00,0.000000e+00,0.000000e+00,0.000000e+00,0.000000e+00,0.000000e+00,0.000000e+00,0.000000e+00,0.000000e+00,0.000000e+00,0.000000e+00,0.000000e+00,0.000000e+00,0.000000e+00,0.000000e+00,2.017155e+01,-1.026733e+00,-6.070118e+00,-4.046728e-08,1.196714e-10,8.770840e-08,6.497415e-08,-1.731965e-10,3.002956e-08,-1.148876e-06,-7.141345e-08,2.416829e-03,5.974883e-06,-9.190707e-08,1.132288e-07,-5.591942e-07,-7.765778e-10,-3.703320e+00,-1.381078e-03,-1.009972e-05,-2.720000e+03,1.402625e+01,1.026733e+00,-1.571630e+01,-1.180330e-07,-6.171534e-06,2.945621e-07,2.005930e-02,-1.309870e-01,1.421835e-02
1.372547e-03,8.391518e+00,1.657797e+04,-2.543854e-06,4.450228e-08,-1.219229e+01,5.733604e-03,3.045894e-06,2.496981e-10,0.000000e+00,0.000000e+00,3.410075e-01,0.000000e+00,0.000000e+00,0.000000e+00,0.000000e+00,0.000000e+00,0.000000e+00,0.000000e+00,0.000000e+00,0.000000e+00,0.000000e+00,8.391518e+00,3.357990e+03,2.516990e-07,2.590147e-08,-2.471501e+00,9.097791e-04,0.000000e+00,0.000000e+00,0.000000e+00,0.000000e+00,0.000000e+00,0.000000e+00,0.000000e+00,0.000000e+00,0.000000e+00,0.000000e+00,0.000000e+00,0.000000e+00,0.000000e+00,0.000000e+00,0.000000e+00,0.000000e+00,0.000000e+00,0.000000e+00,0.000000e+00,0.000000e+00,0.000000e+00,0.000000e+00,0.000000e+00,0.000000e+00,0.000000e+00,0.000000e+00,0.000000e+00,0.000000e+00,0.000000e+00,0.000000e+00,2.420794e+01,-6.254040e-01,-6.405421e+00,-4.074121e-08,1.195605e-10,8.830294e-08,6.540654e-08,-1.727375e-10,3.022917e-08,-1.148876e-06,-9.919724e-08,3.347997e-03,6.196405e-06,-1.454693e-07,1.132260e-07,-5.732847e-07,-7.848266e-10,-3.733328e+00,-1.214797e-03,5.079498e-06,-2.720000e+03,1.603599e+01,6.254040e-01,-1.923281e+01,-9.465207e-09,-7.744457e-06,2.058052e-07,-1.219983e-02,-1.463773e-01,-2.459855e-02
1.381051e-03,9.900462e+00,1.657537e+04,-7.515303e-06,3.457014e-08,-1.219111e+01,5.733604e-03,2.403700e-06,2.871285e-10,0.000000e+00,0.000000e+00,1.520412e+00,0.000000e+00,0.000000e+00,0.000000e+00,0.000000e+00,0.000000e+00,0.000000e+00,0.000000e+00,0.000000e+00,0.000000e+00,0.000000e+00,9.900462e+00,3.355330e+03,-9.929045e-07,-1.469823e-08,-2.470459e+00,9.097793e-04,0.000000e+00,0.000000e+00,0.000000e+00,0.000000e+00,0.000000e+00,0.000000e+00,0.000000e+00,0.000000e+00,0.000000e+00,0.000000e+00,0.000000e+00,0.000000e+00,0.000000e+00,0.000000e+00,0.000000e+00,0.000000e+00,0.000000e+00,0.000000e+00,0.000000e+00,0.000000e+00,0.000000e+00,0.000000e+00,0.000000e+00,0.000000e+00,0.000000e+00,0.000000e+00,0.000000e+00,0.000000e+00,0.000000e+00,0.000000e+00,2.765684e+01,-1.454482e+00,-3.651398e+00,-4.101893e-08,1.200703e-10,8.890657e-08,6.585073e-08,-1.733540e-10,3.043387e-08,-8.173812e-06,-1.411614e-07,4.800918e-03,1.596431e-05,-1.465108e-07,1.876873e-07,-5.828339e-07,-7.103869e-10,-3.756459e+00,-1.075184e-03,1.080199e-05,-2.720000e+03,1.499756e+01,1.454482e+00,-2.352247e+01,-3.046061e-07,-8.532493e-06,-2.899095e-08,-5.313846e-02,-4.252334e-03,-2.052921e-02
1.390905e-03,1.428676e+01,1.657218e+04,-1.259481e-05,3.928278e-08,-1.219000e+01,5.733604e-03,2.907776e-06,2.583851e-10,0.000000e+00,0.000000e+00,3.892238e-01,0.000000e+00,0.000000e+00,0.000000e+00,0.000000e+00,0.000000e+00,0.000000e+00,0.000000e+00,0.000000e+00,0.000000e+00,0.000000e+00,1.428676e+01,3.352170e+03,-7.788157e-06,-5.037481e-08,-2.469194e+00,9.097792e-04,0.000000e+00,0.000000e+00,0.000000e+00,0.000000e+00,0.000000e+00,0.000000e+00,0.000000e+00,0.000000e+00,0.000000e+00,0.000000e+00,0.000000e+00,0.000000e+00,0.000000e+00,0.000000e+00,0.000000e+00,0.000000e+00,0.000000e+00,0.000000e+00,0.000000e+00,0.000000e+00,0.000000e+00,0.000000e+00,0.000000e+00,0.000000e+00,0.000000e+00,0.000000e+00,0.000000e+00,0.000000e+00,0.000000e+00,0.000000e+00,3.186392e+01,8.039729e-01,-2.261630e+00,-4.110681e-08,1.201304e-10,8.909849e-08,6.598603e-08,-1.733316e-10,3.049590e-08,-1.076813e-05,-1.682515e-07,5.737123e-03,1.729980e-05,-1.444905e-07,1.898406e-07,-5.925316e-07,-5.245410e-10,-3.783261e+00,-9.312979e-04,2.200033e-05,-2.720000e+03,1.551599e+01,-8.039729e-01,-2.792272e+01,-5.202000e-07,-8.195444e-06,-5.415131e-09,2.662010e-02,7.832601e-02,2.885328e-02
1.401029e-03,1.715717e+01,1.656868e+04,-1.674990e-05,4.266323e-08,-1.218835e+01,5.733604e-03,2.402750e-06,2.161446e-10,0.000000e+00,0.000000e+00,1.048801e+00,0.000000e+00,0.000000e+00,0.000000e+00,0.000000e+00,0.000000e+00,0.000000e+00,0.000000e+00,0.000000e+00,0.000000e+00,0.000000e+00,1.715717e+01,3.348675e+03,-1.537722e-05,1.621233e-08,-2.467661e+00,9.097793e-04,0.000000e+00,0.000000e+00,0.000000e+00,0.000000e+00,0.000000e+00,0.000000e+00,0.000000e+00,0.000000e+00,0.000000e+00,0.000000e+00,0.000000e+00,0.000000e+00,0.000000e+00,0.000000e+00,0.000000e+00,0.000000e+00,0.000000e+00,0.000000e+00,0.000000e+00,0.000000e+00,0.000000e+00,0.000000e+00,0.000000e+00,0.000000e+00,0.000000e+00,0.000000e+00,0.000000e+00,0.000000e+00,0.000000e+00,0.000000e+00,3.507278e+01,2.365757e+00,-3.416782e+00,-4.123399e-08,1.199323e-10,8.937629e-08,6.617882e-08,-1.727469e-10,3.058429e-08,-2.121161e-05,-2.206895e-07,7.552787e-03,6.172490e-05,-1.478602e-07,6.253232e-07,-6.009186e-07,-3.874510e-10,-3.810799e+00,-7.627865e-04,6.178579e-06,-2.720000e+03,1.791903e+01,-2.365757e+00,-3.034275e+01,-5.878208e-07,-7.473665e-06,8.070606e-08,-2.380867e-02,7.129778e-02,-7.580315e-03
1.410639e-03,2.109652e+01,1.656426e+04,-1.544964e-05,6.357020e-08,-1.218677e+01,5.733604e-03,2.402503e-06,1.857376e-10,0.000000e+00,0.000000e+00,1.677167e+00,0.000000e+00,0.000000e+00,0.000000e+00,0.000000e+00,0.000000e+00,0.000000e+00,0.000000e+00,0.000000e+00,0.000000e+00,0.000000e+00,2.109652e+01,3.344575e+03,-1.779275e-05,9.170344e-08,-2.466264e+00,9.097796e-04,0.000000e+00,0.000000e+00,0.000000e+00,0.000000e+00,0.000000e+00,0.000000e+00,0.000000e+00,0.000000e+00,0.000000e+00,0.000000e+00,0.000000e+00,0.000000e+00,0.000000e+00,0.000000e+00,0.000000e+00,0.000000e+00,0.000000e+00,0.000000e+00,0.000000e+00,0.000000e+00,0.000000e+00,0.000000e+00,0.000000e+00,0.000000e+00,0.000000e+00,0.000000e+00,0.000000e+00,0.000000e+00,0.000000e+00,0.000000e+00,3.852523e+01,-5.432379e-01,-3.001974e+00,-4.162257e-08,1.231832e-10,9.021694e-08,6.680899e-08,-1.780157e-10,3.087608e-08,-2.618700e-05,-2.504615e-07,9.317916e-03,1.200922e-04,-1.351994e-07,1.046544e-06,-6.072083e-07,-4.427048e-10,-3.836940e+00,-5.887153e-04,-9.361071e-06,-2.720000e+03,1.900216e+01,5.432379e-01,-3.364704e+01,-4.958409e-07,-6.896067e-06,1.578088e-07,8.242872e-02,3.095039e-02,1.722511e-02
1.420248e-03,2.784069e+01,1.655867e+04,-1.723969e-05,6.971436e-08,-1.218383e+01,5.733604e-03,2.401744e-06,1.596162e-10,0.000000e+00,0.000000e+00,1.000541e+00,0.000000e+00,0.000000e+00,0.000000e+00,0.000000e+00,0.000000e+00,0.000000e+00,0.000000e+00,0.000000e+00,0.000000e+00,0.000000e+00,2.784069e+01,3.339203e+03,-1.466944e-05,6.250957e-08,-2.463156e+00,9.097792e-04,0.000000e+00,0.000000e+00,0.000000e+00,0.000000e+00,0.000000e+00,0.000000e+00,0.000000e+00,0.000000e+00,0.000000e+00,0.000000e+00,0.000000e+00,0.000000e+00,0.000000e+00,0.000000e+00,0.000000e+00,0.000000e+00,0.000000e+00,0.000000e+00,0.000000e+00,0.000000e+00,0.000000e+00,0.000000e+00,0.000000e+00,0.000000e+00,0.000000e+00,0.000000e+00,0.000000e+00,0.000000e+00,0.000000e+00,0.000000e+00,3.471936e+01,-1.000653e+00,-6.518621e+00,-4.178724e-08,1.224830e-10,9.057567e-08,6.706455e-08,-1.766217e-10,3.099359e-08,-3.461930e-05,-3.012938e-07,1.208831e-02,2.294901e-04,-1.168030e-07,1.584013e-06,-6.117218e-07,-4.621143e-10,-3.863075e+00,-3.953402e-04,4.133322e-06,-2.720000e+03,2.058090e+01,1.000653e+00,-2.871156e+01,3.949168e-07,-6.410709e-06,2.178098e-07,6.783313e-02,4.976616e-02,-2.173025e-02
1.432257e-03,3.438052e+01,1.654970e+04,-2.312097e-05,7.340668e-08,-1.218042e+01,5.733604e-03,2.401798e-06,1.504560e-10,0.000000e+00,0.000000e+00,3.711531e+00,0.000000e+00,0.000000e+00,0.000000e+00,0.000000e+00,0.000000e+00,0.000000e+00,0.000000e+00,0.000000e+00,0.000000e+00,0.000000e+00,3.438052e+01,3.330341e+03,-2.001944e-05,3.932041e-08,-2.460109e+00,9.097790e-04,0.000000e+00,0.000000e+00,0.000000e+00,0.000000e+00,0.000000e+00,0.000000e+00,0.000000e+00,0.000000e+00,0.000000e+00,0.000000e+00,0.000000e+00,0.000000e+00,0.000000e+00,0.000000e+00,0.000000e+00,0.000000e+00,0.000000e+00,0.000000e+00,0.000000e+00,0.000000e+00,0.000000e+00,0.000000e+00,0.000000e+00,0.000000e+00,0.000000e+00,0.000000e+00,0.000000e+00,0.000000e+00,0.000000e+00,0.000000e+00,3.621635e+01,-3.798040e-01,-4.772201e+00,-4.220227e-08,1.233741e-10,9.147539e-08,6.774930e-08,-1.779302e-10,3.130983e-08,-4.037943e-05,-3.504460e-07,1.585316e-02,3.722348e-04,-7.045256e-08,2.006734e-06,-6.147034e-07,-3.430082e-10,-3.895741e+00,-1.503640e-04,1.262123e-05,-2.720000e+03,1.963075e+01,3.798040e-01,-3.080635e+01,6.845341e-07,-6.149807e-06,-8.604547e-08,-4.670500e-02,-1.695452e-03,-3.803084e-02
1.441863e-03,4.495850e+01,1.654156e+04,-1.066907e-06,6.667757e-08,-1.217672e+01,5.733604e-03,2.400968e-06,1.506281e-10,0.000000e+00,0.000000e+00,1.509058e+00,0.000000e+00,0.000000e+00,0.000000e+00,0.000000e+00,0.000000e+00,0.000000e+00,0.000000e+00,0.000000e+00,0.000000e+00,0.000000e+00,4.495850e+01,3.322318e+03,-3.521332e-06,1.022727e-08,-2.456146e+00,9.097793e-04,0.000000e+00,0.000000e+00,0.000000e+00,0.000000e+00,0.000000e+00,0.000000e+00,0.000000e+00,0.000000e+00,0.000000e+00,0.000000e+00,0.000000e+00,0.000000e+00,0.000000e+00,0.000000e+00,0.000000e+00,0.000000e+00,0.000000e+00,0.000000e+00,0.000000e+00,0.000000e+00,0.000000e+00,0.000000e+00,0.000000e+00,0.000000e+00,0.000000e+00,0.000000e+00,0.000000e+00,0.000000e+00,0.000000e+00,0.000000e+00,3.734928e+01,4.842876e-01,-8.744116e-01,-4.244472e-08,1.218304e-10,9.200687e-08,6.813791e-08,-1.750322e-10,3.148724e-08,-4.351464e-05,-3.934378e-07,1.929640e-02,4.992855e-04,-2.474755e-08,2.266846e-06,-6.150681e-07,-2.036564e-10,-3.921868e+00,2.497154e-05,1.506346e-05,-2.720000e+03,1.657695e+01,-4.842876e-01,-3.348041e+01,3.018708e-07,-6.181227e-06,-4.011786e-07,-2.632537e-02,1.058893e-02,-1.056103e-02
1.451467e-03,5.130642e+01,1.653225e+04,-2.041702e-05,6.573458e-08,-1.217270e+01,5.733604e-03,2.400908e-06,1.348426e-10,0.000000e+00,0.000000e+00,4.654684e+00,0.000000e+00,0.000000e+00,0.000000e+00,0.000000e+00,0.000000e+00,0.000000e+00,0.000000e+00,0.000000e+00,0.000000e+00,0.000000e+00,5.130642e+01,3.313176e+03,-2.234994e-05,3.143577e-08,-2.452570e+00,9.097792e-04,0.000000e+00,0.000000e+00,0.000000e+00,0.000000e+00,0.000000e+00,0.000000e+00,0.000000e+00,0.000000e+00,0.000000e+00,0.000000e+00,0.000000e+00,0.000000e+00,0.000000e+00,0.000000e+00,0.000000e+00,0.000000e+00,0.000000e+00,0.000000e+00,0.000000e+00,0.000000e+00,0.000000e+00,0.000000e+00,0.000000e+00,0.000000e+00,0.000000e+00,0.000000e+00,0.000000e+00,0.000000e+00,0.000000e+00,0.000000e+00,3.325507e+01,2.118875e-01,-1.786069e+00,-4.268711e-08,1.202869e-10,9.253827e-08,6.852644e-08,-1.721339e-10,3.166461e-08,-4.469718e-05,-4.610177e-07,2.375900e-02,5.308607e-04,2.271918e-08,2.272684e-06,-6.138827e-07,-9.212486e-11,-3.947991e+00,1.817573e-04,9.649887e-06,-2.720000e+03,1.567291e+01,-2.118875e-01,-2.938451e+01,1.965906e-07,-5.902949e-06,-4.899550e-07,3.860312e-02,6.272104e-02,-1.168584e-02
1.461069e-03,6.365488e+01,1.652188e+04,-8.379607e-05,6.479112e-08,-1.216740e+01,5.733604e-03,2.399875e-06,1.138313e-10,0.000000e+00,0.000000e+00,3.062193e+00,0.000000e+00,0.000000e+00,0.000000e+00,0.000000e+00,0.000000e+00,0.000000e+00,0.000000e+00,0.000000e+00,0.000000e+00,0.000000e+00,6.365488e+01,3.302908e+03,-8.089727e-05,6.665141e-08,-2.447026e+00,9.097796e-04,0.000000e+00,0.000000e+00,0.000000e+00,0.000000e+00,0.000000e+00,0.000000e+00,0.000000e+00,0.000000e+00,0.000000e+00,0.000000e+00,0.000000e+00,0.000000e+00,0.000000e+00,0.000000e+00,0.000000e+00,0.000000e+00,0.000000e+00,0.000000e+00,0.000000e+00,0.000000e+00,0.000000e+00,0.000000e+00,0.000000e+00,0.000000e+00,0.000000e+00,0.000000e+00,0.000000e+00,0.000000e+00,0.000000e+00,0.000000e+00,3.380031e+01,1.816114e+00,1.110882e+00,-4.297102e-08,1.195885e-10,9.315766e-08,6.898536e-08,-1.706958e-10,3.187521e-08,-4.605371e-05,-5.270132e-07,2.881229e-02,5.931167e-04,7.824747e-08,2.267752e-06,-6.112758e-07,-2.003193e-11,-3.974108e+00,3.219325e-04,4.614493e-06,-2.720000e+03,1.327781e+01,-1.816114e+00,-3.110297e+01,9.741315e-07,-5.333437e-06,-5.515855e-07,8.513822e-02,8.152403e-02,-7.353030e-03
1.470669e-03,7.398352e+01,1.651039e+04,-7.590788e-05,6.487105e-08,-1.216253e+01,5.733604e-03,2.399931e-06,7.633240e-11,0.000000e+00,0.000000e+00,4.465896e+00,0.000000e+00,0.000000e+00,0.000000e+00,0.000000e+00,0.000000e+00,0.000000e+00,0.000000e+00,0.000000e+00,0.000000e+00,0.000000e+00,7.398352e+01,3.291528e+03,-6.715301e-05,1.484914e-07,-2.442400e+00,9.097793e-04,0.000000e+00,0.000000e+00,0.000000e+00,0.000000e+00,0.000000e+00,0.000000e+00,0.000000e+00,0.000000e+00,0.000000e+00,0.000000e+00,0.000000e+00,0.000000e+00,0.000000e+00,0.000000e+00,0.000000e+00,0.000000e+00,0.000000e+00,0.000000e+00,0.000000e+00,0.000000e+00,0.000000e+00,0.000000e+00,0.000000e+00,0.000000e+00,0.000000e+00,0.000000e+00,0.000000e+00,0.000000e+00,0.000000e+00,0.000000e+00,3.292548e+01,1.626598e+00,2.937443e+00,-4.321560e-08,1.197372e-10,9.368780e-08,6.938821e-08,-1.708103e-10,3.206130e-08,-4.696329e-05,-6.221423e-07,3.391579e-02,6.245078e-04,1.128628e-07,2.288318e-06,-6.074472e-07,-9.319078e-11,-4.000219e+00,4.421707e-04,-1.543140e-05,-2.720000e+03,1.125266e+01,-1.626598e+00,-3.108204e+01,1.421845e-06,-4.233704e-06,-6.674295e-07,-4.590914e-03,1.109395e-01,-2.227964e-02
1.480267e-03,8.602617e+01,1.649797e+04,-1.111381e-04,4.647015e-08,-1.215625e+01,5.733604e-03,2.399220e-06,4.929331e-11,0.000000e+00,0.000000e+00,5.115327e+00,0.000000e+00,0.000000e+00,0.000000e+00,0.000000e+00,0.000000e+00,0.000000e+00,0.000000e+00,0.000000e+00,0.000000e+00,0.000000e+00,8.602617e+01,3.279183e+03,-1.098847e-04,1.377921e-07,-2.436115e+00,9.097795e-04,0.000000e+00,0.000000e+00,0.000000e+00,0.000000e+00,0.000000e+00,0.000000e+00,0.000000e+00,0.000000e+00,0.000000e+00,0.000000e+00,0.000000e+00,0.000000e+00,0.000000e+00,0.000000e+00,0.000000e+00,0.000000e+00,0.000000e+00,0.000000e+00,0.000000e+00,0.000000e+00,0.000000e+00,0.000000e+00,0.000000e+00,0.000000e+00,0.000000e+00,0.000000e+00,0.000000e+00,0.000000e+00,0.000000e+00,0.000000e+00,3.382173e+01,-1.036027e+00,3.693031e+00,-4.348565e-08,1.204624e-10,9.427553e-08,6.982378e-08,-1.718308e-10,3.226172e-08,-4.749143e-05,-7.224729e-07,4.020680e-02,7.174510e-04,1.565859e-07,2.305941e-06,-6.025688e-07,-2.884094e-10,-4.026328e+00,5.474716e-04,-2.004695e-05,-2.720000e+03,1.094663e+01,1.036027e+00,-3.221364e+01,1.398413e-06,-3.242600e-06,-7.891355e-07,9.049157e-03,9.235098e-02,3.580515e-03
1.492263e-03,1.023149e+02,1.648148e+04,-1.090144e-04,3.878903e-08,-1.214870e+01,5.733604e-03,2.398978e-06,4.080181e-11,0.000000e+00,0.000000e+00,5.541425e+00,0.000000e+00,0.000000e+00,0.000000e+00,0.000000e+00,0.000000e+00,0.000000e+00,0.000000e+00,0.000000e+00,0.000000e+00,0.000000e+00,1.023149e+02,3.262787e+03,-1.086253e-04,7.954100e-08,-2.428635e+00,9.097793e-04,0.000000e+00,0.000000e+00,0.000000e+00,0.000000e+00,0.000000e+00,0.000000e+00,0.000000e+00,0.000000e+00,0.000000e+00,0.000000e+00,0.000000e+00,0.000000e+00,0.000000e+00,0.000000e+00,0.000000e+00,0.000000e+00,0.000000e+00,0.000000e+00,0.000000e+00,0.000000e+00,0.000000e+00,0.000000e+00,0.000000e+00,0.000000e+00,0.000000e+00,0.000000e+00,0.000000e+00,0.000000e+00,0.000000e+00,0.000000e+00,3.968932e+01,-2.262366e+00,1.508209e+01,-4.373810e-08,1.209733e-10,9.482345e-08,7.022710e-08,-1.724407e-10,3.244784e-08,-4.815960e-05,-8.713170e-07,4.782020e-02,8.453444e-04,1.915487e-07,2.327553e-06,-5.951404e-07,-4.331313e-10,-4.058955e+00,6.578322e-04,-5.120558e-06,-2.720000e+03,3.104387e+00,2.262366e+00,-4.234470e+01,1.306979e-06,-2.854917e-06,-5.907102e-07,-6.707470e-02,-4.680871e-02,2.102654e-02
1.501858e-03,1.153681e+02,1.646762e+04,-1.353993e-04,1.624025e-09,-1.214155e+01,5.733604e-03,2.398528e-06,6.554395e-11,0.000000e+00,0.000000e+00,6.559885e+00,0.000000e+00,0.000000e+00,0.000000e+00,0.000000e+00,0.000000e+00,0.000000e+00,0.000000e+00,0.000000e+00,0.000000e+00,0.000000e+00,1.153681e+02,3.249006e+03,-1.442857e-04,-6.372466e-08,-2.421550e+00,9.097793e-04,0.000000e+00,0.000000e+00,0.000000e+00,0.000000e+00,0.000000e+00,0.000000e+00,0.000000e+00,0.000000e+00,0.000000e+00,0.000000e+00,0.000000e+00,0.000000e+00,0.000000e+00,0.000000e+00,0.000000e+00,0.000000e+00,0.000000e+00,0.000000e+00,0.000000e+00,0.000000e+00,0.000000e+00,0.000000e+00,0.000000e+00,0.000000e+00,0.000000e+00,0.000000e+00,0.000000e+00,0.000000e+00,0.000000e+00,0.000000e+00,3.843616e+01,-2.078901e+00,3.920290e+01,-4.398046e-08,1.209612e-10,9.535044e-08,7.060693e-08,-1.721074e-10,3.262282e-08,-4.842654e-05,-1.004086e-06,5.502823e-02,9.217698e-04,2.297929e-07,2.339459e-06,-5.889012e-07,-3.371058e-10,-4.085054e+00,6.220001e-04,2.004583e-05,-2.720000e+03,-1.928611e+01,2.078901e+00,-5.140284e+01,5.089724e-07,-3.860519e-06,-4.120065e-07,-6.138482e-02,-1.476653e-01,1.264320e-02
1.511452e-03,1.309510e+02,1.645319e+04,-1.448166e-04,-7.128555e-09,-1.213500e+01,5.733604e-03,2.398295e-06,5.852462e-11,0.000000e+00,0.000000e+00,5.567340e+00,0.000000e+00,0.000000e+00,0.000000e+00,0.000000e+00,0.000000e+00,0.000000e+00,0.000000e+00,0.000000e+00,0.000000e+00,0.000000e+00,1.309510e+02,3.234645e+03,-1.416975e-04,-1.261069e-07,-2.414918e+00,9.097797e-04,0.000000e+00,0.000000e+00,0.000000e+00,0.000000e+00,0.000000e+00,0.000000e+00,0.000000e+00,0.000000e+00,0.000000e+00,0.000000e+00,0.000000e+00,0.000000e+00,0.000000e+00,0.000000e+00,0.000000e+00,0.000000e+00,0.000000e+00,0.000000e+00,0.000000e+00,0.000000e+00,0.000000e+00,0.000000e+00,0.000000e+00,0.000000e+00,0.000000e+00,0.000000e+00,0.000000e+00,0.000000e+00,0.000000e+00,0.000000e+00,2.043995e+00,-4.184993e-01,1.072320e+02,-4.423652e-08,1.226870e-10,9.590520e-08,7.101694e-08,-1.748383e-10,3.281242e-08,-4.889056e-05,-1.131227e-06,6.151283e-02,1.002335e-03,2.522902e-07,2.352975e-06,-5.848466e-07,-4.165906e-11,-4.111149e+00,2.243468e-04,3.576450e-05,-2.720001e+03,-9.632143e+01,4.184993e-01,-4.717064e+01,3.036807e-07,-4.450113e-06,-2.675135e-07,2.878998e-02,5.136072e-01,1.842899e-02
1.521045e-03,1.442724e+02,1.643812e+04,-1.621257e-04,-4.018319e-08,-1.212764e+01,5.733604e-03,2.398001e-06,1.510808e-09,0.000000e+00,0.000000e+00,7.509527e+00,0.000000e+00,0.000000e+00,0.000000e+00,0.000000e+00,0.000000e+00,0.000000e+00,0.000000e+00,0.000000e+00,0.000000e+00,0.000000e+00,1.442724e+02,3.219722e+03,-1.506637e-04,-1.355947e-07,-2.407769e+00,9.097792e-04,0.000000e+00,0.000000e+00,0.000000e+00,0.000000e+00,0.000000e+00,0.000000e+00,0.000000e+00,0.000000e+00,0.000000e+00,0.000000e+00,0.000000e+00,0.000000e+00,0.000000e+00,0.000000e+00,0.000000e+00,0.000000e+00,0.000000e+00,0.000000e+00,0.000000e+00,0.000000e+00,0.000000e+00,0.000000e+00,0.000000e+00,0.000000e+00,0.000000e+00,0.000000e+00,0.000000e+00,0.000000e+00,0.000000e+00,0.000000e+00,-1.977758e+02,1.778301e+00,2.485081e+02,-4.446308e-08,1.230538e-10,9.639777e-08,7.137522e-08,-1.751466e-10,3.297746e-08,-4.887510e-05,-1.280491e-06,6.908578e-02,1.113036e-03,2.846677e-07,2.352409e-06,-5.906120e-07,2.895946e-10,-4.137242e+00,-1.320726e-03,3.104828e-05,-2.720001e+03,-3.088085e+02,-1.778301e+00,7.422187e+01,4.929482e-07,1.304051e-05,-1.690229e-07,-1.487152e-02,5.467049e+00,-1.171135e-02
1.530636e-03,1.615193e+02,1.642212e+04,-1.569749e-04,-4.195798e-08,-1.211978e+01,5.733604e-03,2.397560e-06,7.777073e-08,0.000000e+00,0.000000e+00,6.533740e+00,0.000000e+00,0.000000e+00,0.000000e+00,0.000000e+00,0.000000e+00,0.000000e+00,0.000000e+00,0.000000e+00,0.000000e+00,0.000000e+00,1.615193e+02,3.203844e+03,-1.442239e-04,-8.417101e-08,-2.399811e+00,9.097792e-04,0.000000e+00,0.000000e+00,0.000000e+00,0.000000e+00,0.000000e+00,0.000000e+00,0.000000e+00,0.000000e+00,0.000000e+00,0.000000e+00,0.000000e+00,0.000000e+00,0.000000e+00,0.000000e+00,0.000000e+00,0.000000e+00,0.000000e+00,0.000000e+00,0.000000e+00,0.000000e+00,0.000000e+00,0.000000e+00,0.000000e+00,0.000000e+00,0.000000e+00,0.000000e+00,0.000000e+00,0.000000e+00,0.000000e+00,0.000000e+00,-8.425522e+02,1.346700e+00,4.232917e+02,-4.475223e-08,1.250428e-10,9.702328e-08,7.184419e-08,-1.783609e-10,3.319460e-08,-4.925056e-05,-1.416886e-06,7.682545e-02,1.230532e-03,3.020207e-07,2.372872e-06,-6.263463e-07,4.728481e-10,-4.163330e+00,-5.648006e-03,1.098537e-05,-2.720000e+03,-7.397101e+02,-1.346700e+00,5.847213e+02,-4.998628e-08,1.136519e-04,-3.198048e-07,-9.106757e-02,2.251634e+01,-1.322093e-02
1.540226e-03,1.766143e+02,1.640517e+04,-5.607016e-05,-7.638477e-08,-1.211167e+01,5.733604e-03,2.397529e-06,1.100582e-06,0.000000e+00,0.000000e+00,8.626547e+00,0.000000e+00,0.000000e+00,0.000000e+00,0.000000e+00,0.000000e+00,0.000000e+00,0.000000e+00,0.000000e+00,0.000000e+00,0.000000e+00,1.766143e+02,3.187072e+03,-2.440554e-05,-1.103908e-07,-2.391963e+00,9.097790e-04,0.000000e+00,0.000000e+00,0.000000e+00,0.000000e+00,0.000000e+00,0.000000e+00,0.000000e+00,0.000000e+00,0.000000e+00,0.000000e+00,0.000000e+00,0.000000e+00,0.000000e+00,0.000000e+00,0.000000e+00,0.000000e+00,0.000000e+00,0.000000e+00,0.000000e+00,0.000000e+00,0.000000e+00,0.000000e+00,0.000000e+00,0.000000e+00,0.000000e+00,0.000000e+00,0.000000e+00,0.000000e+00,0.000000e+00,0.000000e+00,-2.028520e+03,-1.158622e+00,5.783270e+02,-4.500921e-08,1.252342e-10,9.758369e-08,7.225771e-08,-1.784709e-10,3.338446e-08,-4.922724e-05,-1.586413e-06,8.516371e-02,1.287491e-03,3.250161e-07,2.369420e-06,-7.317445e-07,5.229134e-10,-4.189415e+00,-1.494806e-02,4.272163e-06,-2.719991e+03,-1.381431e+03,1.158622e+00,1.594053e+03,-6.861723e-07,4.535779e-04,-3.236499e-07,-3.384579e-02,6.298579e+01,1.838463e-02
1.552213e-03,2.001092e+02,1.638267e+04,5.836363e-05,-1.164609e-07,-1.210052e+01,5.733604e-03,2.397236e-06,1.279282e-05,0.000000e+00,0.000000e+00,7.921204e+00,0.000000e+00,0.000000e+00,0.000000e+00,0.000000e+00,0.000000e+00,0.000000e+00,0.000000e+00,0.000000e+00,0.000000e+00,0.000000e+00,2.001092e+02,3.165067e+03,1.271241e-04,-1.749140e-07,-2.380842e+00,9.097793e-04,0.000000e+00,0.000000e+00,0.000000e+00,0.000000e+00,0.000000e+00,0.000000e+00,0.000000e+00,0.000000e+00,0.000000e+00,0.000000e+00,0.000000e+00,0.000000e+00,0.000000e+00,0.000000e+00,0.000000e+00,0.000000e+00,0.000000e+00,0.000000e+00,0.000000e+00,0.000000e+00,0.000000e+00,0.000000e+00,0.000000e+00,0.000000e+00,0.000000e+00,0.000000e+00,0.000000e+00,0.000000e+00,0.000000e+00,0.000000e+00,-5.170068e+03,8.808931e-01,-1.518448e+02,-4.532580e-08,1.259078e-10,9.827050e-08,7.276427e-08,-1.793614e-10,3.361837e-08,-4.948488e-05,-1.781786e-06,9.622578e-02,1.410167e-03,3.664227e-07,2.392263e-06,-1.048474e-06,6.562207e-10,-4.222019e+00,-3.525903e-02,1.330357e-05,-2.719958e+03,-2.047344e+03,-8.808931e-01,4.749846e+03,-6.122062e-07,1.615150e-03,5.671856e-08,4.966529e-02,1.574250e+02,4.957363e-02
1.561802e-03,2.173247e+02,1.636378e+04,1.985311e-04,-1.738613e-07,-1.209154e+01,5.733604e-03,2.397303e-06,5.650791e-05,0.000000e+00,0.000000e+00,9.801338e+00,0.000000e+00,0.000000e+00,0.000000e+00,0.000000e+00,0.000000e+00,0.000000e+00,0.000000e+00,0.000000e+00,0.000000e+00,0.000000e+00,2.173247e+02,3.146904e+03,2.946537e-04,-1.694425e-07,-2.372268e+00,9.097795e-04,0.000000e+00,0.000000e+00,0.000000e+00,0.000000e+00,0.000000e+00,0.000000e+00,0.000000e+00,0.000000e+00,0.000000e+00,0.000000e+00,0.000000e+00,0.000000e+00,0.000000e+00,0.000000e+00,0.000000e+00,0.000000e+00,0.000000e+00,0.000000e+00,0.000000e+00,0.000000e+00,0.000000e+00,0.000000e+00,0.000000e+00,0.000000e+00,0.000000e+00,0.000000e+00,0.000000e+00,0.000000e+00,0.000000e+00,0.000000e+00,-8.434850e+03,1.773016e-01,-2.011101e+03,-4.560997e-08,1.269393e-10,9.888773e-08,7.320637e-08,-1.806794e-10,3.382232e-08,-4.943841e-05,-1.960100e-06,1.053758e-01,1.502620e-03,4.042304e-07,2.386854e-06,-1.503911e-06,7.163583e-10,-4.248101e+00,-5.465306e-02,2.025598e-06,-2.719900e+03,-1.742039e+03,-1.773016e-01,8.494499e+03,-9.160505e-08,3.480905e-03,5.869202e-07,3.754095e-02,2.588173e+02,5.085401e-02
1.571391e-03,2.376816e+02,1.634400e+04,3.426878e-04,-2.356277e-07,-1.208184e+01,5.733604e-03,2.397077e-06,1.792611e-04,0.000000e+00,0.000000e+00,9.429722e+00,0.000000e+00,0.000000e+00,0.000000e+00,0.000000e+00,0.000000e+00,0.000000e+00,0.000000e+00,0.000000e+00,0.000000e+00,0.000000e+00,2.376816e+02,3.128249e+03,4.140117e-04,-2.329307e-07,-2.362880e+00,9.097796e-04,0.000000e+00,0.000000e+00,0.000000e+00,0.000000e+00,0.000000e+00,0.000000e+00,0.000000e+00,0.000000e+00,0.000000e+00,0.000000e+00,0.000000e+00,0.000000e+00,0.000000e+00,0.000000e+00,0.000000e+00,0.000000e+00,0.000000e+00,0.000000e+00,0.000000e+00,0.000000e+00,0.000000e+00,0.000000e+00,0.000000e+00,0.000000e+00,0.000000e+00,0.000000e+00,0.000000e+00,0.000000e+00,0.000000e+00,0.000000e+00,-1.150179e+04,-1.175503e+00,-5.297658e+03,-4.595295e-08,1.277279e-10,9.962989e-08,7.374901e-08,-1.817727e-10,3.407297e-08,-4.956755e-05,-2.138346e-06,1.150081e-01,1.637398e-03,4.391686e-07,2.399257e-06,-2.109375e-06,7.532057e-10,-4.274181e+00,-6.644735e-02,7.021950e-06,-2.719804e+03,-5.955078e+01,1.175503e+00,1.266305e+04,2.829164e-07,6.326218e-03,9.922298e-07,1.006868e-02,3.555788e+02,2.219247e-02
1.580979e-03,2.573055e+02,1.632338e+04,5.196625e-04,-2.952040e-07,-1.207245e+01,5.733604e-03,2.397147e-06,4.331019e-04,0.000000e+00,0.000000e+00,1.062648e+01,0.000000e+00,0.000000e+00,0.000000e+00,0.000000e+00,0.000000e+00,0.000000e+00,0.000000e+00,0.000000e+00,0.000000e+00,0.000000e+00,2.573055e+02,3.109175e+03,4.749445e-04,-3.313762e-07,-2.354121e+00,9.097793e-04,0.000000e+00,0.000000e+00,0.000000e+00,0.000000e+00,0.000000e+00,0.000000e+00,0.000000e+00,0.000000e+00,0.000000e+00,0.000000e+00,0.000000e+00,0.000000e+00,0.000000e+00,0.000000e+00,0.000000e+00,0.000000e+00,0.000000e+00,0.000000e+00,0.000000e+00,0.000000e+00,0.000000e+00,0.000000e+00,0.000000e+00,0.000000e+00,0.000000e+00,0.000000e+00,0.000000e+00,0.000000e+00,0.000000e+00,0.000000e+00,-1.368507e+04,2.967161e-02,-9.645846e+03,-4.617652e-08,1.282728e-10,1.001150e-07,7.407771e-08,-1.827730e-10,3.422361e-08,-4.966408e-05,-2.334957e-06,1.244991e-01,1.737018e-03,4.393460e-07,2.408909e-06,-2.710316e-06,8.890713e-10,-4.300259e+00,-5.693011e-02,1.746772e-05,-2.719668e+03,2.958568e+03,-2.967161e-02,1.647939e+04,9.653427e-08,9.994603e-03,9.924438e-07,-6.750158e-02,4.180557e+02,-3.350629e-02
1.590568e-03,2.787518e+02,1.630184e+04,6.848638e-04,-3.656815e-07,-1.206215e+01,5.733604e-03,2.396940e-06,8.395271e-04,0.000000e+00,0.000000e+00,1.091516e+01,0.000000e+00,0.000000e+00,0.000000e+00,0.000000e+00,0.000000e+00,0.000000e+00,0.000000e+00,0.000000e+00,0.000000e+00,0.000000e+00,2.787518e+02,3.089538e+03,3.901650e-04,-4.097237e-07,-2.344475e+00,9.097795e-04,0.000000e+00,0.000000e+00,0.000000e+00,0.000000e+00,0.000000e+00,0.000000e+00,0.000000e+00,0.000000e+00,0.000000e+00,0.000000e+00,0.000000e+00,0.000000e+00,0.000000e+00,0.000000e+00,0.000000e+00,0.000000e+00,0.000000e+00,0.000000e+00,0.000000e+00,0.000000e+00,0.000000e+00,0.000000e+00,0.000000e+00,0.000000e+00,0.000000e+00,0.000000e+00,0.000000e+00,0.000000e+00,0.000000e+00,0.000000e+00,-1.503135e+04,8.676848e-01,-1.398650e+04,-4.643368e-08,1.282491e-10,1.006746e-07,7.447771e-08,-1.833502e-10,3.440769e-08,-4.961359e-05,-2.538801e-06,1.347977e-01,1.848392e-03,4.193153e-07,2.403614e-06,-3.036439e-06,1.027917e-09,-4.326334e+00,-1.613621e-02,1.088481e-05,-2.719499e+03,6.323562e+03,-8.676848e-01,1.953398e+04,-6.900895e-07,1.409248e-02,5.090723e-07,-1.080483e-01,4.341155e+02,-6.364393e-02
1.600155e-03,3.009724e+02,1.627942e+04,9.020347e-04,-4.349800e-07,-1.205226e+01,5.733604e-03,2.396955e-06,1.379727e-03,0.000000e+00,0.000000e+00,1.131013e+01,0.000000e+00,0.000000e+00,0.000000e+00,0.000000e+00,0.000000e+00,0.000000e+00,0.000000e+00,0.000000e+00,0.000000e+00,0.000000e+00,3.009724e+02,3.069267e+03,2.719490e-04,-4.876929e-07,-2.335365e+00,9.097796e-04,0.000000e+00,0.000000e+00,0.000000e+00,0.000000e+00,0.000000e+00,0.000000e+00,0.000000e+00,0.000000e+00,0.000000e+00,0.000000e+00,0.000000e+00,0.000000e+00,0.000000e+00,0.000000e+00,0.000000e+00,0.000000e+00,0.000000e+00,0.000000e+00,0.000000e+00,0.000000e+00,0.000000e+00,0.000000e+00,0.000000e+00,0.000000e+00,0.000000e+00,0.000000e+00,0.000000e+00,0.000000e+00,0.000000e+00,0.000000e+00,-1.637759e+04,1.581348e-01,-1.682746e+04,-4.716030e-08,1.275190e-10,1.022562e-07,7.560506e-08,-1.806516e-10,3.492622e-08,-4.974968e-05,-2.745711e-06,1.447193e-01,1.901697e-03,3.841724e-07,2.416563e-06,-2.790998e-06,1.101465e-09,-4.352407e+00,5.341258e-02,6.510156e-06,-2.719302e+03,8.329403e+03,-1.581348e-01,2.195472e+04,-1.694574e-06,1.822447e-02,5.738528e-09,-9.640253e-02,4.244728e+02,-3.710440e-02
1.612140e-03,3.300282e+02,1.625007e+04,1.131861e-03,-5.422215e-07,-1.203904e+01,5.733604e-03,2.396786e-06,2.238653e-03,0.000000e+00,0.000000e+00,1.183131e+01,0.000000e+00,0.000000e+00,0.000000e+00,0.000000e+00,0.000000e+00,0.000000e+00,0.000000e+00,0.000000e+00,0.000000e+00,0.000000e+00,3.300282e+02,3.042937e+03,3.170827e-05,-5.929905e-07,-2.323215e+00,9.097791e-04,0.000000e+00,0.000000e+00,0.000000e+00,0.000000e+00,0.000000e+00,0.000000e+00,0.000000e+00,0.000000e+00,0.000000e+00,0.000000e+00,0.000000e+00,0.000000e+00,0.000000e+00,0.000000e+00,0.000000e+00,0.000000e+00,0.000000e+00,0.000000e+00,0.000000e+00,0.000000e+00,0.000000e+00,0.000000e+00,0.000000e+00,0.000000e+00,0.000000e+00,0.000000e+00,0.000000e+00,0.000000e+00,0.000000e+00,0.000000e+00,-2.034609e+04,1.834532e+00,-1.677067e+04,-4.768741e-08,1.262240e-10,1.033935e-07,7.621120e-08,-1.770622e-10,3.520863e-08,-4.964812e-05,-3.015799e-06,1.579454e-01,2.024228e-03,3.507412e-07,2.404530e-06,-1.441628e-06,1.131763e-09,-4.384995e+00,1.501681e-01,-2.739471e-06,-2.719024e+03,6.600793e+03,-1.834532e+00,2.552740e+04,-2.789716e-06,2.333113e-02,-4.018852e-07,-9.640127e-02,4.430533e+02,-1.674387e-02
1.621727e-03,3.539402e+02,1.622559e+04,1.344572e-03,-6.084690e-07,-1.202864e+01,5.733604e-03,2.396798e-06,3.184101e-03,0.000000e+00,0.000000e+00,1.257745e+01,0.000000e+00,0.000000e+00,0.000000e+00,0.000000e+00,0.000000e+00,0.000000e+00,0.000000e+00,0.000000e+00,0.000000e+00,0.000000e+00,3.539402e+02,3.021268e+03,-2.184138e-05,-6.203773e-07,-2.313859e+00,9.097790e-04,0.000000e+00,0.000000e+00,0.000000e+00,0.000000e+00,0.000000e+00,0.000000e+00,0.000000e+00,0.000000e+00,0.000000e+00,0.000000e+00,0.000000e+00,0.000000e+00,0.000000e+00,0.000000e+00,0.000000e+00,0.000000e+00,0.000000e+00,0.000000e+00,0.000000e+00,0.000000e+00,0.000000e+00,0.000000e+00,0.000000e+00,0.000000e+00,0.000000e+00,0.000000e+00,0.000000e+00,0.000000e+00,0.000000e+00,0.000000e+00,-2.725122e+04,2.530731e+00,-1.440817e+04,-4.796667e-08,1.287396e-10,1.039930e-07,7.664477e-08,-1.796115e-10,3.541105e-08,-4.980337e-05,-3.240373e-06,1.683947e-01,2.106671e-03,2.922370e-07,2.419754e-06,3.145373e-07,1.000710e-09,-4.411061e+00,1.973080e-01,-2.101920e-05,-2.718762e+03,1.541422e+03,-2.530731e+00,3.078715e+04,-4.017968e-06,2.782667e-02,-5.274275e-07,-1.762736e-01,5.270449e+02,-2.105123e-02
1.631314e-03,3.790157e+02,1.620016e+04,1.502596e-03,-7.073369e-07,-1.201772e+01,5.733604e-03,2.396708e-06,4.597919e-03,0.000000e+00,0.000000e+00,1.310784e+01,0.000000e+00,0.000000e+00,0.000000e+00,0.000000e+00,0.000000e+00,0.000000e+00,0.000000e+00,0.000000e+00,0.000000e+00,0.000000e+00,3.790157e+02,2.999261e+03,3.730063e-05,-6.649643e-07,-2.304168e+00,9.097792e-04,0.000000e+00,0.000000e+00,0.000000e+00,0.000000e+00,0.000000e+00,0.000000e+00,0.000000e+00,0.000000e+00,0.000000e+00,0.000000e+00,0.000000e+00,0.000000e+00,0.000000e+00,0.000000e+00,0.000000e+00,0.000000e+00,0.000000e+00,0.000000e+00,0.000000e+00,0.000000e+00,0.000000e+00,0.000000e+00,0.000000e+00,0.000000e+00,0.000000e+00,0.000000e+00,0.000000e+00,0.000000e+00,0.000000e+00,0.000000e+00,-3.744633e+04,3.836611e+00,-1.163612e+04,-4.839514e-08,1.277124e-10,1.049065e-07,7.717458e-08,-1.799866e-10,3.565899e-08,-4.968653e-05,-3.478028e-06,1.793379e-01,2.236058e-03,2.497090e-07,2.407899e-06,2.199382e-06,6.369142e-10,-4.437124e+00,1.880697e-01,-4.944945e-05,-2.718440e+03,-5.279505e+03,-3.836611e+00,3.885555e+04,-5.964916e-06,3.338287e-02,-6.729837e-07,-2.461856e-01,6.798733e+02,9.846739e-03
1.640901e-03,4.052347e+02,1.617384e+04,1.728543e-03,-7.929818e-07,-1.200689e+01,5.733604e-03,2.396641e-06,6.817122e-03,0.000000e+00,0.000000e+00,1.337722e+01,0.000000e+00,0.000000e+00,0.000000e+00,0.000000e+00,0.000000e+00,0.000000e+00,0.000000e+00,0.000000e+00,0.000000e+00,0.000000e+00,4.052347e+02,2.977268e+03,3.668261e-04,-6.474438e-07,-2.294902e+00,9.097792e-04,0.000000e+00,0.000000e+00,0.000000e+00,0.000000e+00,0.000000e+00,0.000000e+00,0.000000e+00,0.000000e+00,0.000000e+00,0.000000e+00,0.000000e+00,0.000000e+00,0.000000e+00,0.000000e+00,0.000000e+00,0.000000e+00,0.000000e+00,0.000000e+00,0.000000e+00,0.000000e+00,0.000000e+00,0.000000e+00,0.000000e+00,0.000000e+00,0.000000e+00,0.000000e+00,0.000000e+00,0.000000e+00,0.000000e+00,0.000000e+00,-4.998324e+04,5.896203e+00,-1.070179e+04,-4.900413e-08,1.274563e-10,1.062094e-07,7.804829e-08,-1.797825e-10,3.606732e-08,-4.971249e-05,-3.720821e-06,1.901765e-01,2.295208e-03,1.860062e-07,2.411231e-06,3.603564e-06,-8.938769e-11,-4.463182e+00,1.137888e-01,-9.397278e-05,-2.718031e+03,-1.142456e+04,-5.896203e+00,4.982300e+04,-8.655968e-06,4.059011e-02,-4.283513e-07,-3.343692e-01,8.765209e+02,4.637843e-02
1.650487e-03,4.319465e+02,1.614664e+04,1.904022e-03,-8.869777e-07,-1.199573e+01,5.733604e-03,2.396564e-06,1.022205e-02,0.000000e+00,0.000000e+00,1.402898e+01,0.000000e+00,0.000000e+00,0.000000e+00,0.000000e+00,0.000000e+00,0.000000e+00,0.000000e+00,0.000000e+00,0.000000e+00,0.000000e+00,4.319465e+02,2.955564e+03,7.672162e-04,-5.861511e-07,-2.285757e+00,9.097792e-04,0.000000e+00,0.000000e+00,0.000000e+00,0.000000e+00,0.000000e+00,0.000000e+00,0.000000e+00,0.000000e+00,0.000000e+00,0.000000e+00,0.000000e+00,0.000000e+00,0.000000e+00,0.000000e+00,0.000000e+00,0.000000e+00,0.000000e+00,0.000000e+00,0.000000e+00,0.000000e+00,0.000000e+00,0.000000e+00,0.000000e+00,0.000000e+00,0.000000e+00,0.000000e+00,0.000000e+00,0.000000e+00,0.000000e+00,0.000000e+00,-6.306205e+04,8.343151e+00,-1.391579e+04,-4.960753e-08,1.337547e-10,1.075017e-07,7.894705e-08,-1.897635e-10,3.648747e-08,-4.970000e-05,-3.972028e-06,2.013761e-01,2.407829e-03,1.211913e-07,2.410153e-06,3.983585e-06,-1.360593e-09,-4.489236e+00,-8.723244e-03,-1.587541e-04,-2.717507e+03,-1.403898e+04,-8.343151e+00,6.303473e+04,-1.211762e-05,4.970916e-02,1.588399e-07,-3.962190e-01,1.068809e+03,8.777891e-02
1.660073e-03,4.600008e+02,1.611859e+04,2.146902e-03,-9.696948e-07,-1.198454e+01,5.733604e-03,2.396449e-06,1.507944e-02,0.000000e+00,0.000000e+00,1.418046e+01,0.000000e+00,0.000000e+00,0.000000e+00,0.000000e+00,0.000000e+00,0.000000e+00,0.000000e+00,0.000000e+00,0.000000e+00,0.000000e+00,4.600008e+02,2.934345e+03,1.217227e-03,-4.128960e-07,-2.277046e+00,9.097796e-04,0.000000e+00,0.000000e+00,0.000000e+00,0.000000e+00,0.000000e+00,0.000000e+00,0.000000e+00,0.000000e+00,0.000000e+00,0.000000e+00,0.000000e+00,0.000000e+00,0.000000e+00,0.000000e+00,0.000000e+00,0.000000e+00,0.000000e+00,0.000000e+00,0.000000e+00,0.000000e+00,0.000000e+00,0.000000e+00,0.000000e+00,0.000000e+00,0.000000e+00,0.000000e+00,0.000000e+00,0.000000e+00,0.000000e+00,0.000000e+00,-7.481298e+04,1.150062e+01,-2.215687e+04,-5.003387e-08,1.374555e-10,1.084227e-07,7.943068e-08,-1.892300e-10,3.671150e-08,-4.969380e-05,-4.227154e-06,2.125552e-01,2.457272e-03,3.661262e-08,2.408772e-06,3.111563e-06,-3.417911e-09,-4.515282e+00,-1.380366e-01,-2.525744e-04,-2.716851e+03,-1.153609e+04,-1.150062e+01,7.716753e+04,-1.605560e-05,6.049193e-02,1.126131e-06,-4.405096e-01,1.200937e+03,1.037550e-01
1.672055e-03,4.957691e+02,1.608203e+04,2.442808e-03,-1.065818e-06,-1.196995e+01,5.733604e-03,2.396324e-06,2.312450e-02,0.000000e+00,0.000000e+00,1.520191e+01,0.000000e+00,0.000000e+00,0.000000e+00,0.000000e+00,0.000000e+00,0.000000e+00,0.000000e+00,0.000000e+00,0.000000e+00,0.000000e+00,4.957691e+02,2.908250e+03,1.538397e-03,-1.595472e-07,-2.266388e+00,9.097793e-04,0.000000e+00,0.000000e+00,0.000000e+00,0.000000e+00,0.000000e+00,0.000000e+00,0.000000e+00,0.000000e+00,0.000000e+00,0.000000e+00,0.000000e+00,0.000000e+00,0.000000e+00,0.000000e+00,0.000000e+00,0.000000e+00,0.000000e+00,0.000000e+00,0.000000e+00,0.000000e+00,0.000000e+00,0.000000e+00,0.000000e+00,0.000000e+00,0.000000e+00,0.000000e+00,0.000000e+00,0.000000e+00,0.000000e+00,0.000000e+00,-8.632891e+04,1.007109e+01,-3.594429e+04,-5.080032e-08,1.393791e-10,1.100725e-07,8.051031e-08,-1.923935e-10,3.721201e-08,-4.975507e-05,-4.560854e-06,2.273070e-01,2.524837e-03,-8.701318e-08,2.413832e-06,6.275430e-07,-7.380788e-09,-4.547829e+00,-2.413848e-01,-3.808982e-04,-2.715847e+03,-3.907223e+03,-1.007109e+01,9.343130e+04,-2.129499e-05,7.520358e-02,2.276075e-06,-4.449257e-01,1.242396e+03,6.036937e-02
1.681640e-03,5.261199e+02,1.605157e+04,2.738403e-03,-1.146294e-06,-1.195774e+01,5.733604e-03,2.396212e-06,3.079053e-02,0.000000e+00,0.000000e+00,1.558578e+01,0.000000e+00,0.000000e+00,0.000000e+00,0.000000e+00,0.000000e+00,0.000000e+00,0.000000e+00,0.000000e+00,0.000000e+00,0.000000e+00,5.261199e+02,2.887422e+03,1.641577e-03,2.318120e-08,-2.257584e+00,9.097793e-04,0.000000e+00,0.000000e+00,0.000000e+00,0.000000e+00,0.000000e+00,0.000000e+00,0.000000e+00,0.000000e+00,0.000000e+00,0.000000e+00,0.000000e+00,0.000000e+00,0.000000e+00,0.000000e+00,0.000000e+00,0.000000e+00,0.000000e+00,0.000000e+00,0.000000e+00,0.000000e+00,0.000000e+00,0.000000e+00,0.000000e+00,0.000000e+00,0.000000e+00,0.000000e+00,0.000000e+00,0.000000e+00,0.000000e+00,0.000000e+00,-9.444373e+04,1.158270e+01,-4.475787e+04,-5.136577e-08,1.380501e-10,1.112738e-07,8.095829e-08,-1.836436e-10,3.742145e-08,-4.964024e-05,-4.833509e-06,2.394443e-01,2.539763e-03,-1.839890e-07,2.402696e-06,-1.831221e-06,-1.163103e-08,-4.573854e+00,-2.594907e-01,-4.829174e-04,-2.714910e+03,6.513369e+02,-1.158204e+01,1.045106e+05,-2.601774e-05,8.703548e-02,2.392121e-06,-5.835608e-01,1.219042e+03,-6.399307e-02
1.691225e-03,5.565989e+02,1.602011e+04,2.870978e-03,-1.259661e-06,-1.194522e+01,5.733604e-03,2.396305e-06,3.943461e-02,0.000000e+00,0.000000e+00,1.677364e+01,0.000000e+00,0.000000e+00,0.000000e+00,0.000000e+00,0.000000e+00,0.000000e+00,0.000000e+00,0.000000e+00,0.000000e+00,0.000000e+00,5.565989e+02,2.866543e+03,1.480081e-03,2.228189e-07,-2.249098e+00,9.097796e-04,0.000000e+00,0.000000e+00,0.000000e+00,0.000000e+00,0.000000e+00,0.000000e+00,0.000000e+00,0.000000e+00,0.000000e+00,0.000000e+00,0.000000e+00,0.000000e+00,0.000000e+00,0.000000e+00,0.000000e+00,0.000000e+00,0.000000e+00,0.000000e+00,0.000000e+00,0.000000e+00,0.000000e+00,0.000000e+00,0.000000e+00,0.000000e+00,0.000000e+00,0.000000e+00,0.000000e+00,0.000000e+00,0.000000e+00,0.000000e+00,-1.044143e+05,1.513299e+01,-4.821530e+04,-5.208955e-08,1.357221e-10,1.128155e-07,8.203458e-08,-1.820138e-10,3.792663e-08,-4.932949e-05,-5.130450e-06,2.521320e-01,2.709887e-03,-2.611141e-07,2.373358e-06,-4.271307e-06,-1.698302e-08,-4.599871e+00,-2.518196e-01,-6.082925e-04,-2.713870e+03,-4.287925e+02,-1.513299e+01,1.150082e+05,-3.181276e-05,9.868585e-02,1.658098e-06,-6.329393e-01,1.222584e+03,-8.649354e-02
1.700811e-03,5.896725e+02,1.598758e+04,3.084740e-03,-1.373416e-06,-1.193215e+01,5.733604e-03,2.396298e-06,4.950873e-02,0.000000e+00,0.000000e+00,1.644767e+01,0.000000e+00,0.000000e+00,0.000000e+00,0.000000e+00,0.000000e+00,0.000000e+00,0.000000e+00,0.000000e+00,0.000000e+00,0.000000e+00,5.896725e+02,2.845589e+03,1.530110e-03,4.761387e-07,-2.240181e+00,9.097792e-04,0.000000e+00,0.000000e+00,0.000000e+00,0.000000e+00,0.000000e+00,0.000000e+00,0.000000e+00,0.000000e+00,0.000000e+00,0.000000e+00,0.000000e+00,0.000000e+00,0.000000e+00,0.000000e+00,0.000000e+00,0.000000e+00,0.000000e+00,0.000000e+00,0.000000e+00,0.000000e+00,0.000000e+00,0.000000e+00,0.000000e+00,0.000000e+00,0.000000e+00,0.000000e+00,0.000000e+00,0.000000e+00,0.000000e+00,0.000000e+00,-1.184884e+05,1.645315e+01,-4.499222e+04,-5.293670e-08,1.329498e-10,1.146155e-07,8.322702e-08,-1.780784e-10,3.848874e-08,-4.906544e-05,-5.428958e-06,2.651254e-01,2.804646e-03,-3.492005e-07,2.347842e-06,-6.807782e-06,-2.368454e-08,-4.625877e+00,-2.817295e-01,-7.548060e-04,-2.712728e+03,-9.297778e+03,-1.645315e+01,1.264016e+05,-3.805220e-05,1.106468e-01,6.780400e-07,-6.999501e-01,1.309953e+03,-1.177053e-01
1.710396e-03,6.217581e+02,1.595403e+04,3.127497e-03,-1.511620e-06,-1.191918e+01,5.733604e-03,2.396483e-06,6.196028e-02,0.000000e+00,0.000000e+00,1.811326e+01,0.000000e+00,0.000000e+00,0.000000e+00,0.000000e+00,0.000000e+00,0.000000e+00,0.000000e+00,0.000000e+00,0.000000e+00,0.000000e+00,6.217581e+02,2.824758e+03,1.791983e-03,7.680792e-07,-2.231986e+00,9.097795e-04,0.000000e+00,0.000000e+00,0.000000e+00,0.000000e+00,0.000000e+00,0.000000e+00,0.000000e+00,0.000000e+00,0.000000e+00,0.000000e+00,0.000000e+00,0.000000e+00,0.000000e+00,0.000000e+00,0.000000e+00,0.000000e+00,0.000000e+00,0.000000e+00,0.000000e+00,0.000000e+00,0.000000e+00,0.000000e+00,0.000000e+00,0.000000e+00,0.000000e+00,0.000000e+00,0.000000e+00,0.000000e+00,0.000000e+00,0.000000e+00,-1.371464e+05,1.919492e+01,-3.607466e+04,-5.385653e-08,1.299963e-10,1.165637e-07,8.442334e-08,-1.742862e-10,3.905335e-08,-4.849343e-05,-5.754257e-06,2.782154e-01,3.075900e-03,-4.380472e-07,2.292529e-06,-1.025115e-05,-3.189349e-08,-4.651873e+00,-4.240937e-01,-9.203300e-04,-2.711472e+03,-2.526471e+04,-1.919492e+01,1.395428e+05,-4.457267e-05,1.237658e-01,-2.920909e-07,-6.763762e-01,1.478205e+03,-9.981892e-02
1.722378e-03,6.659089e+02,1.591058e+04,3.272962e-03,-1.689114e-06,-1.190212e+01,5.733604e-03,2.396398e-06,8.221961e-02,0.000000e+00,0.000000e+00,1.767060e+01,0.000000e+00,0.000000e+00,0.000000e+00,0.000000e+00,0.000000e+00,0.000000e+00,0.000000e+00,0.000000e+00,0.000000e+00,0.000000e+00,6.659089e+02,2.799179e+03,2.988823e-03,1.244596e-06,-2.221404e+00,9.097793e-04,0.000000e+00,0.000000e+00,0.000000e+00,0.000000e+00,0.000000e+00,0.000000e+00,0.000000e+00,0.000000e+00,0.000000e+00,0.000000e+00,0.000000e+00,0.000000e+00,0.000000e+00,0.000000e+00,0.000000e+00,0.000000e+00,0.000000e+00,0.000000e+00,0.000000e+00,0.000000e+00,0.000000e+00,0.000000e+00,0.000000e+00,0.000000e+00,0.000000e+00,0.000000e+00,0.000000e+00,0.000000e+00,0.000000e+00,0.000000e+00,-1.648706e+05,2.220572e+01,-2.315030e+04,-5.526580e-08,1.278187e-10,1.195488e-07,8.659969e-08,-1.754820e-10,4.008033e-08,-4.794596e-05,-6.166213e-06,2.952324e-01,3.283369e-03,-5.589591e-07,2.238316e-06,-1.804991e-05,-4.463675e-08,-4.684350e+00,-8.398125e-01,-1.164052e-03,-2.709709e+03,-4.869450e+04,-2.220456e+01,1.592077e+05,-5.313129e-05,1.425823e-01,-1.531379e-06,-7.123006e-01,1.693564e+03,-4.518381e-02
1.731964e-03,7.003167e+02,1.587471e+04,3.299254e-03,-1.824014e-06,-1.188854e+01,5.733604e-03,2.396471e-06,1.022846e-01,0.000000e+00,0.000000e+00,1.931896e+01,0.000000e+00,0.000000e+00,0.000000e+00,0.000000e+00,0.000000e+00,0.000000e+00,0.000000e+00,0.000000e+00,0.000000e+00,0.000000e+00,7.003167e+02,2.779339e+03,4.518355e-03,1.772307e-06,-2.213813e+00,9.097792e-04,0.000000e+00,0.000000e+00,0.000000e+00,0.000000e+00,0.000000e+00,0.000000e+00,0.000000e+00,0.000000e+00,0.000000e+00,0.000000e+00,0.000000e+00,0.000000e+00,0.000000e+00,0.000000e+00,0.000000e+00,0.000000e+00,0.000000e+00,0.000000e+00,0.000000e+00,0.000000e+00,0.000000e+00,0.000000e+00,0.000000e+00,0.000000e+00,0.000000e+00,0.000000e+00,0.000000e+00,0.000000e+00,0.000000e+00,0.000000e+00,-1.877175e+05,2.624991e+01,-1.643666e+04,-5.664223e-08,1.293001e-10,1.224706e-07,8.840196e-08,-1.733362e-10,4.093091e-08,-4.728018e-05,-6.515257e-06,3.089272e-01,3.556013e-03,-6.705377e-07,2.172110e-06,-2.913877e-05,-5.712935e-08,-4.710315e+00,-1.366573e+00,-1.392209e-03,-2.708121e+03,-6.443419e+04,-2.624991e+01,1.770769e+05,-5.995457e-05,1.591747e-01,-1.556960e-06,-7.568383e-01,1.769331e+03,3.182957e-02
1.741550e-03,7.378304e+02,1.583791e+04,3.421080e-03,-1.971862e-06,-1.187441e+01,5.733604e-03,2.396390e-06,1.247927e-01,0.000000e+00,0.000000e+00,1.877084e+01,0.000000e+00,0.000000e+00,0.000000e+00,0.000000e+00,0.000000e+00,0.000000e+00,0.000000e+00,0.000000e+00,0.000000e+00,0.000000e+00,7.378304e+02,2.760300e+03,6.598188e-03,2.370041e-06,-2.206161e+00,9.097791e-04,0.000000e+00,0.000000e+00,0.000000e+00,0.000000e+00,0.000000e+00,0.000000e+00,0.000000e+00,0.000000e+00,0.000000e+00,0.000000e+00,0.000000e+00,0.000000e+00,0.000000e+00,0.000000e+00,0.000000e+00,0.000000e+00,0.000000e+00,0.000000e+00,0.000000e+00,0.000000e+00,0.000000e+00,0.000000e+00,0.000000e+00,0.000000e+00,0.000000e+00,0.000000e+00,0.000000e+00,0.000000e+00,0.000000e+00,0.000000e+00,-2.101969e+05,2.868962e+01,-1.525596e+04,-5.837353e-08,1.365217e-10,1.261368e-07,9.105682e-08,-1.801500e-10,4.218480e-08,-4.675965e-05,-6.860941e-06,3.230152e-01,3.724430e-03,-7.725921e-07,2.118914e-06,-4.611022e-05,-7.201247e-08,-4.736264e+00,-2.026329e+00,-1.652576e-03,-2.706353e+03,-7.500408e+04,-2.868814e+01,1.969514e+05,-6.784242e-05,1.760820e-01,-1.352621e-06,-8.938317e-01,1.734123e+03,3.923754e-02
1.751135e-03,7.745027e+02,1.580022e+04,3.457293e-03,-2.101570e-06,-1.186057e+01,5.733604e-03,2.396552e-06,1.484695e-01,0.000000e+00,0.000000e+00,1.996380e+01,0.000000e+00,0.000000e+00,0.000000e+00,0.000000e+00,0.000000e+00,0.000000e+00,0.000000e+00,0.000000e+00,0.000000e+00,0.000000e+00,7.745027e+02,2.742235e+03,8.928090e-03,3.060457e-06,-2.199588e+00,9.097795e-04,0.000000e+00,0.000000e+00,0.000000e+00,0.000000e+00,0.000000e+00,0.000000e+00,0.000000e+00,0.000000e+00,0.000000e+00,0.000000e+00,0.000000e+00,0.000000e+00,0.000000e+00,0.000000e+00,0.000000e+00,0.000000e+00,0.000000e+00,0.000000e+00,0.000000e+00,0.000000e+00,0.000000e+00,0.000000e+00,0.000000e+00,0.000000e+00,0.000000e+00,0.000000e+00,0.000000e+00,0.000000e+00,0.000000e+00,0.000000e+00,-2.317401e+05,3.074888e+01,-1.895349e+04,-5.950908e-08,1.368668e-10,1.285398e-07,9.241177e-08,-1.804776e-10,4.282493e-08,-4.620205e-05,-7.219708e-06,3.369067e-01,4.002309e-03,-8.954103e-07,2.065258e-06,-6.993786e-05,-8.953170e-08,-4.762195e+00,-2.768765e+00,-1.934975e-03,-2.704390e+03,-8.075662e+04,-3.074726e+01,2.180392e+05,-7.679965e-05,1.923674e-01,-9.331855e-07,-1.024076e+00,1.635612e+03,2.246140e-02
1.760722e-03,8.133342e+02,1.576161e+04,3.576656e-03,-2.246253e-06,-1.184620e+01,5.733604e-03,2.396529e-06,1.727665e-01,0.000000e+00,0.000000e+00,1.990539e+01,0.000000e+00,0.000000e+00,0.000000e+00,0.000000e+00,0.000000e+00,0.000000e+00,0.000000e+00,0.000000e+00,0.000000e+00,0.000000e+00,8.133342e+02,2.725179e+03,1.149792e-02,3.754394e-06,-2.193156e+00,9.097792e-04,0.000000e+00,0.000000e+00,0.000000e+00,0.000000e+00,0.000000e+00,0.000000e+00,0.000000e+00,0.000000e+00,0.000000e+00,0.000000e+00,0.000000e+00,0.000000e+00,0.000000e+00,0.000000e+00,0.000000e+00,0.000000e+00,0.000000e+00,0.000000e+00,0.000000e+00,0.000000e+00,0.000000e+00,0.000000e+00,0.000000e+00,0.000000e+00,0.000000e+00,0.000000e+00,0.000000e+00,0.000000e+00,0.000000e+00,0.000000e+00,-2.532177e+05,3.107779e+01,-2.434521e+04,-6.050179e-08,1.330748e-10,1.306361e-07,9.382570e-08,-1.737339e-10,4.349491e-08,-4.546925e-05,-7.584701e-06,3.512689e-01,4.160273e-03,-1.025255e-06,1.995241e-06,-1.011759e-04,-1.098686e-07,-4.788106e+00,-3.557396e+00,-2.235174e-03,-2.702222e+03,-8.494655e+04,-3.107779e+01,2.397832e+05,-8.675539e-05,2.077441e-01,-8.127321e-07,-1.026168e+00,1.570389e+03,2.817214e-02
1.770308e-03,8.524412e+02,1.572215e+04,3.633554e-03,-2.404427e-06,-1.183213e+01,5.733604e-03,2.396637e-06,1.988415e-01,0.000000e+00,0.000000e+00,2.041907e+01,0.000000e+00,0.000000e+00,0.000000e+00,0.000000e+00,0.000000e+00,0.000000e+00,0.000000e+00,0.000000e+00,0.000000e+00,0.000000e+00,8.524412e+02,2.709269e+03,1.420403e-02,4.441245e-06,-2.187773e+00,9.097797e-04,0.000000e+00,0.000000e+00,0.000000e+00,0.000000e+00,0.000000e+00,0.000000e+00,0.000000e+00,0.000000e+00,0.000000e+00,0.000000e+00,0.000000e+00,0.000000e+00,0.000000e+00,0.000000e+00,0.000000e+00,0.000000e+00,0.000000e+00,0.000000e+00,0.000000e+00,0.000000e+00,0.000000e+00,0.000000e+00,0.000000e+00,0.000000e+00,0.000000e+00,0.000000e+00,0.000000e+00,0.000000e+00,0.000000e+00,0.000000e+00,-2.760447e+05,3.291665e+01,-2.756931e+04,-6.144864e-08,1.296797e-10,1.326302e-07,9.530925e-08,-1.750586e-10,4.420003e-08,-4.499439e-05,-7.958291e-06,3.653482e-01,4.393242e-03,-1.154509e-06,1.950246e-06,-1.402401e-04,-1.331050e-07,-4.813997e+00,-4.393090e+00,-2.538943e-03,-2.699844e+03,-9.167041e+04,-3.291471e+01,2.618344e+05,-9.710325e-05,2.229240e-01,-6.392510e-07,-1.163081e+00,1.639960e+03,-1.745253e-03
1.782291e-03,9.025940e+02,1.567176e+04,3.744378e-03,-2.570581e-06,-1.181400e+01,5.733604e-03,2.396585e-06,2.381864e-01,0.000000e+00,0.000000e+00,2.083122e+01,0.000000e+00,0.000000e+00,0.000000e+00,0.000000e+00,0.000000e+00,0.000000e+00,0.000000e+00,0.000000e+00,0.000000e+00,0.000000e+00,9.025940e+02,2.691185e+03,1.795826e-02,5.363254e-06,-2.181611e+00,9.097792e-04,0.000000e+00,0.000000e+00,0.000000e+00,0.000000e+00,0.000000e+00,0.000000e+00,0.000000e+00,0.000000e+00,0.000000e+00,0.000000e+00,0.000000e+00,0.000000e+00,0.000000e+00,0.000000e+00,0.000000e+00,0.000000e+00,0.000000e+00,0.000000e+00,0.000000e+00,0.000000e+00,0.000000e+00,0.000000e+00,0.000000e+00,0.000000e+00,0.000000e+00,0.000000e+00,0.000000e+00,0.000000e+00,0.000000e+00,0.000000e+00,-3.066927e+05,3.357388e+01,-2.755723e+04,-6.262608e-08,1.261458e-10,1.351069e-07,9.700628e-08,-1.693853e-10,4.500708e-08,-4.399575e-05,-8.366378e-06,3.835007e-01,4.636141e-03,-1.334649e-06,1.849785e-06,-2.010567e-04,-1.663692e-07,-4.846326e+00,-5.550119e+00,-2.933194e-03,-2.696573e+03,-1.046326e+05,-3.357173e+01,2.896064e+05,-1.110951e-04,2.438167e-01,-8.764316e-07,-1.219810e+00,1.934733e+03,-3.480632e-02
1.791877e-03,9.432023e+02,1.563073e+04,3.801700e-03,-2.747218e-06,-1.179962e+01,5.733604e-03,2.396631e-06,2.784602e-01,0.000000e+00,0.000000e+00,2.137090e+01,0.000000e+00,0.000000e+00,0.000000e+00,0.000000e+00,0.000000e+00,0.000000e+00,0.000000e+00,0.000000e+00,0.000000e+00,0.000000e+00,9.432023e+02,2.678375e+03,2.131656e-02,6.104296e-06,-2.177691e+00,9.097793e-04,0.000000e+00,0.000000e+00,0.000000e+00,0.000000e+00,0.000000e+00,0.000000e+00,0.000000e+00,0.000000e+00,0.000000e+00,0.000000e+00,0.000000e+00,0.000000e+00,0.000000e+00,0.000000e+00,0.000000e+00,0.000000e+00,0.000000e+00,0.000000e+00,0.000000e+00,0.000000e+00,0.000000e+00,0.000000e+00,0.000000e+00,0.000000e+00,0.000000e+00,0.000000e+00,0.000000e+00,0.000000e+00,0.000000e+00,0.000000e+00,-3.323226e+05,3.863117e+01,-2.632899e+04,-6.396151e-08,1.198285e-10,1.379213e-07,9.918347e-08,-1.664960e-10,4.604048e-08,-4.345963e-05,-8.620309e-06,3.979003e-01,4.883200e-03,-1.444647e-06,1.798384e-06,-2.604420e-04,-1.964627e-07,-4.872159e+00,-6.595819e+00,-3.268899e-03,-2.693717e+03,-1.165759e+05,-3.862884e+01,3.123165e+05,-1.229856e-04,2.634516e-01,-1.071532e-06,-1.322260e+00,2.236597e+03,-1.559848e-02
1.801464e-03,9.843185e+02,1.558918e+04,3.874314e-03,-2.909086e-06,-1.178485e+01,5.733604e-03,2.396609e-06,3.280566e-01,0.000000e+00,0.000000e+00,2.191118e+01,0.000000e+00,0.000000e+00,0.000000e+00,0.000000e+00,0.000000e+00,0.000000e+00,0.000000e+00,0.000000e+00,0.000000e+00,0.000000e+00,9.843185e+02,2.667218e+03,2.500494e-02,7.049064e-06,-2.174236e+00,9.097797e-04,0.000000e+00,0.000000e+00,0.000000e+00,0.000000e+00,0.000000e+00,0.000000e+00,0.000000e+00,0.000000e+00,0.000000e+00,0.000000e+00,0.000000e+00,0.000000e+00,0.000000e+00,0.000000e+00,0.000000e+00,0.000000e+00,0.000000e+00,0.000000e+00,0.000000e+00,0.000000e+00,0.000000e+00,0.000000e+00,0.000000e+00,0.000000e+00,0.000000e+00,0.000000e+00,0.000000e+00,0.000000e+00,0.000000e+00,0.000000e+00,-3.591127e+05,4.424780e+01,-2.614354e+04,-6.524372e-08,1.121921e-10,1.406210e-07,1.012986e-07,-1.610725e-10,4.704508e-08,-4.262424e-05,-8.883711e-06,4.126951e-01,5.090781e-03,-1.559023e-06,1.716349e-06,-3.305387e-04,-2.301028e-07,-4.897964e+00,-7.755690e+00,-3.659051e-03,-2.690637e+03,-1.280646e+05,-4.424528e+01,3.365187e+05,-1.355805e-04,2.858746e-01,-1.055091e-06,-1.344095e+00,2.492477e+03,1.449384e-02
1.811050e-03,1.026360e+03,1.554715e+04,3.920292e-03,-3.069043e-06,-1.177015e+01,5.733604e-03,2.396629e-06,3.866006e-01,0.000000e+00,0.000000e+00,2.199914e+01,0.000000e+00,0.000000e+00,0.000000e+00,0.000000e+00,0.000000e+00,0.000000e+00,0.000000e+00,0.000000e+00,0.000000e+00,0.000000e+00,1.026360e+03,2.657926e+03,2.901561e-02,8.204603e-06,-2.171700e+00,9.097793e-04,0.000000e+00,0.000000e+00,0.000000e+00,0.000000e+00,0.000000e+00,0.000000e+00,0.000000e+00,0.000000e+00,0.000000e+00,0.000000e+00,0.000000e+00,0.000000e+00,0.000000e+00,0.000000e+00,0.000000e+00,0.000000e+00,0.000000e+00,0.000000e+00,0.000000e+00,0.000000e+00,0.000000e+00,0.000000e+00,0.000000e+00,0.000000e+00,0.000000e+00,0.000000e+00,0.000000e+00,0.000000e+00,0.000000e+00,0.000000e+00,-3.878144e+05,5.116906e+01,-2.936459e+04,-6.679350e-08,1.065179e-10,1.438931e-07,1.038381e-07,-1.585929e-10,4.824755e-08,-4.210042e-05,-8.999399e-06,4.273869e-01,5.342728e-03,-1.636477e-06,1.665229e-06,-4.123865e-04,-2.678031e-07,-4.923738e+00,-9.018765e+00,-4.105333e-03,-2.687316e+03,-1.372733e+05,-5.116634e+01,3.638933e+05,-1.486874e-04,3.104071e-01,-8.112199e-07,-1.379332e+00,2.646652e+03,3.001515e-02
1.820637e-03,1.068172e+03,1.550472e+04,3.943551e-03,-3.184151e-06,-1.175522e+01,5.733604e-03,2.396646e-06,4.525874e-01,0.000000e+00,0.000000e+00,2.269791e+01,0.000000e+00,0.000000e+00,0.000000e+00,0.000000e+00,0.000000e+00,0.000000e+00,0.000000e+00,0.000000e+00,0.000000e+00,0.000000e+00,1.068172e+03,2.650851e+03,3.323365e-02,9.623123e-06,-2.169971e+00,9.097792e-04,0.000000e+00,0.000000e+00,0.000000e+00,0.000000e+00,0.000000e+00,0.000000e+00,0.000000e+00,0.000000e+00,0.000000e+00,0.000000e+00,0.000000e+00,0.000000e+00,0.000000e+00,0.000000e+00,0.000000e+00,0.000000e+00,0.000000e+00,0.000000e+00,0.000000e+00,0.000000e+00,0.000000e+00,0.000000e+00,0.000000e+00,0.000000e+00,0.000000e+00,0.000000e+00,0.000000e+00,0.000000e+00,0.000000e+00,0.000000e+00,-4.182654e+05,5.604185e+01,-3.661847e+04,-6.822277e-08,1.013641e-10,1.469042e-07,1.061298e-07,-1.569605e-10,4.933541e-08,-4.130148e-05,-9.164963e-06,4.423503e-01,5.607199e-03,-1.732518e-06,1.588302e-06,-5.068297e-04,-3.101823e-07,-4.949479e+00,-1.035916e+01,-4.616091e-03,-2.683719e+03,-1.435661e+05,-5.603598e+01,3.945575e+05,-1.614406e-04,3.360438e-01,-5.208106e-07,-1.253803e+00,2.705904e+03,1.409213e-02
1.830224e-03,1.111093e+03,1.546200e+04,3.980092e-03,-3.317752e-06,-1.174031e+01,5.733604e-03,2.396657e-06,5.248089e-01,0.000000e+00,0.000000e+00,2.256061e+01,0.000000e+00,0.000000e+00,0.000000e+00,0.000000e+00,0.000000e+00,0.000000e+00,0.000000e+00,0.000000e+00,0.000000e+00,0.000000e+00,1.111093e+03,2.646302e+03,3.766306e-02,1.118705e-05,-2.169282e+00,9.097796e-04,0.000000e+00,0.000000e+00,0.000000e+00,0.000000e+00,0.000000e+00,0.000000e+00,0.000000e+00,0.000000e+00,0.000000e+00,0.000000e+00,0.000000e+00,0.000000e+00,0.000000e+00,0.000000e+00,0.000000e+00,0.000000e+00,0.000000e+00,0.000000e+00,0.000000e+00,0.000000e+00,0.000000e+00,0.000000e+00,0.000000e+00,0.000000e+00,0.000000e+00,0.000000e+00,0.000000e+00,0.000000e+00,0.000000e+00,0.000000e+00,-4.488945e+05,6.003103e+01,-4.542300e+04,-7.004756e-08,9.398480e-11,1.507440e-07,1.087499e-07,-1.543187e-10,5.058272e-08,-4.072125e-05,-9.204496e-06,4.572467e-01,5.869146e-03,-1.803604e-06,1.529254e-06,-6.144578e-04,-3.577225e-07,-4.975184e+00,-1.175364e+01,-5.170283e-03,-2.679823e+03,-1.485281e+05,-6.002473e+01,4.260386e+05,-1.731729e-04,3.620805e-01,-4.702591e-07,-1.106064e+00,2.733011e+03,3.522065e-03
1.842207e-03,1.164068e+03,1.540838e+04,3.979084e-03,-3.490698e-06,-1.172153e+01,5.733604e-03,2.396704e-06,6.242712e-01,0.000000e+00,0.000000e+00,2.326806e+01,0.000000e+00,0.000000e+00,0.000000e+00,0.000000e+00,0.000000e+00,0.000000e+00,0.000000e+00,0.000000e+00,0.000000e+00,0.000000e+00,1.164068e+03,2.644157e+03,4.335852e-02,1.320755e-05,-2.169786e+00,9.097792e-04,0.000000e+00,0.000000e+00,0.000000e+00,0.000000e+00,0.000000e+00,0.000000e+00,0.000000e+00,0.000000e+00,0.000000e+00,0.000000e+00,0.000000e+00,0.000000e+00,0.000000e+00,0.000000e+00,0.000000e+00,0.000000e+00,0.000000e+00,0.000000e+00,0.000000e+00,0.000000e+00,0.000000e+00,0.000000e+00,0.000000e+00,0.000000e+00,0.000000e+00,0.000000e+00,0.000000e+00,0.000000e+00,0.000000e+00,0.000000e+00,-4.814502e+05,5.343769e+01,-5.417933e+04,-7.206069e-08,8.856943e-11,1.549782e-07,1.118208e-07,-1.520252e-10,5.204335e-08,-3.978538e-05,-9.271482e-06,4.760535e-01,6.224859e-03,-1.880409e-06,1.437931e-06,-7.682400e-04,-4.247362e-07,-5.007260e+00,-1.356178e+01,-5.862901e-03,-2.674549e+03,-1.543481e+05,-5.343094e+01,4.592454e+05,-1.852527e-04,3.951110e-01,-7.559509e-07,-8.981221e-01,2.807682e+03,-7.600717e-02
1.851794e-03,1.207073e+03,1.536541e+04,4.002801e-03,-3.620856e-06,-1.170647e+01,5.733604e-03,2.396713e-06,7.135210e-01,0.000000e+00,0.000000e+00,2.326476e+01,0.000000e+00,0.000000e+00,0.000000e+00,0.000000e+00,0.000000e+00,0.000000e+00,0.000000e+00,0.000000e+00,0.000000e+00,0.000000e+00,1.207073e+03,2.644699e+03,4.810690e-02,1.465529e-05,-2.171028e+00,9.097793e-04,0.000000e+00,0.000000e+00,0.000000e+00,0.000000e+00,0.000000e+00,0.000000e+00,0.000000e+00,0.000000e+00,0.000000e+00,0.000000e+00,0.000000e+00,0.000000e+00,0.000000e+00,0.000000e+00,0.000000e+00,0.000000e+00,0.000000e+00,0.000000e+00,0.000000e+00,0.000000e+00,0.000000e+00,0.000000e+00,0.000000e+00,0.000000e+00,0.000000e+00,0.000000e+00,0.000000e+00,0.000000e+00,0.000000e+00,0.000000e+00,-4.988781e+05,5.008213e+01,-5.695931e+04,-7.387325e-08,8.274122e-11,1.587922e-07,1.147367e-07,-1.390320e-10,5.342964e-08,-3.910825e-05,-9.252132e-06,4.911069e-01,6.498709e-03,-1.935987e-06,1.371299e-06,-9.071862e-04,-4.839642e-07,-5.032874e+00,-1.505812e+01,-6.362581e-03,-2.670079e+03,-1.591913e+05,-5.007164e+01,4.762162e+05,-1.936639e-04,4.224705e-01,-1.556420e-06,-8.224142e-01,2.952568e+03,-8.939490e-02
1.861381e-03,1.249610e+03,1.532240e+04,3.997797e-03,-3.793507e-06,-1.169133e+01,5.733604e-03,2.396755e-06,8.157111e-01,0.000000e+00,0.000000e+00,2.376028e+01,0.000000e+00,0.000000e+00,0.000000e+00,0.000000e+00,0.000000e+00,0.000000e+00,0.000000e+00,0.000000e+00,0.000000e+00,0.000000e+00,1.249610e+03,2.646467e+03,5.296222e-02,1.595402e-05,-2.172723e+00,9.097793e-04,0.000000e+00,0.000000e+00,0.000000e+00,0.000000e+00,0.000000e+00,0.000000e+00,0.000000e+00,0.000000e+00,0.000000e+00,0.000000e+00,0.000000e+00,0.000000e+00,0.000000e+00,0.000000e+00,0.000000e+00,0.000000e+00,0.000000e+00,0.000000e+00,0.000000e+00,0.000000e+00,0.000000e+00,0.000000e+00,0.000000e+00,0.000000e+00,0.000000e+00,0.000000e+00,0.000000e+00,0.000000e+00,0.000000e+00,0.000000e+00,-5.109613e+05,4.638459e+01,-5.517227e+04,-7.555203e-08,8.079104e-11,1.623177e-07,1.174882e-07,-1.309555e-10,5.473994e-08,-3.833894e-05,-9.219146e-06,5.062674e-01,6.790883e-03,-1.932534e-06,1.295078e-06,-1.060780e-03,-5.477735e-07,-5.058444e+00,-1.660671e+01,-6.827099e-03,-2.665474e+03,-1.659148e+05,-4.637384e+01,4.864132e+05,-2.012874e-04,4.516373e-01,-2.554777e-06,-8.431266e-01,3.218846e+03,-1.718849e-01
1.870968e-03,1.292727e+03,1.527931e+04,4.021419e-03,-3.917588e-06,-1.167614e+01,5.733604e-03,2.396748e-06,9.365246e-01,0.000000e+00,0.000000e+00,2.373745e+01,0.000000e+00,0.000000e+00,0.000000e+00,0.000000e+00,0.000000e+00,0.000000e+00,0.000000e+00,0.000000e+00,0.000000e+00,0.000000e+00,1.292727e+03,2.649003e+03,5.803633e-02,1.724344e-05,-2.174696e+00,9.097795e-04,0.000000e+00,0.000000e+00,0.000000e+00,0.000000e+00,0.000000e+00,0.000000e+00,0.000000e+00,0.000000e+00,0.000000e+00,0.000000e+00,0.000000e+00,0.000000e+00,0.000000e+00,0.000000e+00,0.000000e+00,0.000000e+00,0.000000e+00,0.000000e+00,0.000000e+00,0.000000e+00,0.000000e+00,0.000000e+00,0.000000e+00,0.000000e+00,0.000000e+00,0.000000e+00,0.000000e+00,0.000000e+00,0.000000e+00,0.000000e+00,-5.225713e+05,4.943069e+01,-5.199542e+04,-7.771149e-08,8.018646e-11,1.668588e-07,1.210379e-07,-1.245118e-10,5.642779e-08,-3.753928e-05,-9.202473e-06,5.214536e-01,7.061412e-03,-1.952763e-06,1.216012e-06,-1.229633e-03,-6.159186e-07,-5.083970e+00,-1.822584e+01,-7.279836e-03,-2.660780e+03,-1.736981e+05,-4.941969e+01,4.955938e+05,-2.098669e-04,4.837670e-01,-4.380626e-06,-9.341105e-01,3.583744e+03,-2.004481e-01
1.880555e-03,1.335393e+03,1.523621e+04,4.006885e-03,-4.081505e-06,-1.166091e+01,5.733604e-03,2.396779e-06,1.080310e+00,0.000000e+00,0.000000e+00,2.413416e+01,0.000000e+00,0.000000e+00,0.000000e+00,0.000000e+00,0.000000e+00,0.000000e+00,0.000000e+00,0.000000e+00,0.000000e+00,0.000000e+00,1.335393e+03,2.652509e+03,6.323120e-02,1.858408e-05,-2.177054e+00,9.097794e-04,0.000000e+00,0.000000e+00,0.000000e+00,0.000000e+00,0.000000e+00,0.000000e+00,0.000000e+00,0.000000e+00,0.000000e+00,0.000000e+00,0.000000e+00,0.000000e+00,0.000000e+00,0.000000e+00,0.000000e+00,0.000000e+00,0.000000e+00,0.000000e+00,0.000000e+00,0.000000e+00,0.000000e+00,0.000000e+00,0.000000e+00,0.000000e+00,0.000000e+00,0.000000e+00,0.000000e+00,0.000000e+00,0.000000e+00,0.000000e+00,-5.370330e+05,5.495761e+01,-5.311297e+04,-8.014965e-08,7.657486e-11,1.719901e-07,1.248906e-07,-1.173795e-10,5.825940e-08,-3.681679e-05,-9.094059e-06,5.367019e-01,7.366502e-03,-1.925706e-06,1.143232e-06,-1.414432e-03,-6.885929e-07,-5.109450e+00,-1.991269e+01,-7.766170e-03,-2.655984e+03,-1.787939e+05,-5.494632e+01,5.091740e+05,-2.191188e-04,5.194654e-01,-6.443668e-06,-1.078211e+00,3.943053e+03,-2.799011e-01
1.890142e-03,1.378274e+03,1.519320e+04,4.006688e-03,-4.240805e-06,-1.164560e+01,5.733604e-03,2.396789e-06,1.247596e+00,0.000000e+00,0.000000e+00,2.420287e+01,0.000000e+00,0.000000e+00,0.000000e+00,0.000000e+00,0.000000e+00,0.000000e+00,0.000000e+00,0.000000e+00,0.000000e+00,0.000000e+00,1.378274e+03,2.657559e+03,6.847793e-02,2.017245e-05,-2.179906e+00,9.097793e-04,0.000000e+00,0.000000e+00,0.000000e+00,0.000000e+00,0.000000e+00,0.000000e+00,0.000000e+00,0.000000e+00,0.000000e+00,0.000000e+00,0.000000e+00,0.000000e+00,0.000000e+00,0.000000e+00,0.000000e+00,0.000000e+00,0.000000e+00,0.000000e+00,0.000000e+00,0.000000e+00,0.000000e+00,0.000000e+00,0.000000e+00,0.000000e+00,0.000000e+00,0.000000e+00,0.000000e+00,0.000000e+00,0.000000e+00,0.000000e+00,-5.553614e+05,6.456864e+01,-6.168806e+04,-8.266271e-08,7.113084e-11,1.772768e-07,1.286167e-07,-1.201853e-10,6.003351e-08,-3.594696e-05,-9.045303e-06,5.520111e-01,7.654300e-03,-1.904431e-06,1.056630e-06,-1.615628e-03,-7.663535e-07,-5.134884e+00,-2.163096e+01,-8.329676e-03,-2.651034e+03,-1.787640e+05,-6.455696e+01,5.294102e+05,-2.291729e-04,5.582845e-01,-8.971929e-06,-9.245808e-01,4.198558e+03,-1.963836e-01
1.902126e-03,1.431475e+03,1.513964e+04,3.980370e-03,-4.513751e-06,-1.162645e+01,5.733604e-03,2.396828e-06,1.485177e+00,0.000000e+00,0.000000e+00,2.445534e+01,0.000000e+00,0.000000e+00,0.000000e+00,0.000000e+00,0.000000e+00,0.000000e+00,0.000000e+00,0.000000e+00,0.000000e+00,0.000000e+00,1.431475e+03,2.666915e+03,7.481805e-02,2.253131e-05,-2.184596e+00,9.097792e-04,0.000000e+00,0.000000e+00,0.000000e+00,0.000000e+00,0.000000e+00,0.000000e+00,0.000000e+00,0.000000e+00,0.000000e+00,0.000000e+00,0.000000e+00,0.000000e+00,0.000000e+00,0.000000e+00,0.000000e+00,0.000000e+00,0.000000e+00,0.000000e+00,0.000000e+00,0.000000e+00,0.000000e+00,0.000000e+00,0.000000e+00,0.000000e+00,0.000000e+00,0.000000e+00,0.000000e+00,0.000000e+00,0.000000e+00,0.000000e+00,-5.805791e+05,7.045583e+01,-8.353889e+04,-8.521727e-08,5.970256e-11,1.826446e-07,1.327713e-07,-1.084229e-10,6.201079e-08,-3.497987e-05,-8.867165e-06,5.711730e-01,8.033996e-03,-1.825585e-06,9.642737e-07,-1.890113e-03,-8.719299e-07,-5.166607e+00,-2.374038e+01,-9.139538e-03,-2.644540e+03,-1.696118e+05,-7.043955e+01,5.615004e+05,-2.396419e-04,6.094260e-01,-1.163758e-05,-6.967461e-01,4.331190e+03,-2.411643e-01
1.911713e-03,1.473971e+03,1.509697e+04,3.956581e-03,-4.698060e-06,-1.161110e+01,5.733604e-03,2.396850e-06,1.692737e+00,0.000000e+00,0.000000e+00,2.452009e+01,0.000000e+00,0.000000e+00,0.000000e+00,0.000000e+00,0.000000e+00,0.000000e+00,0.000000e+00,0.000000e+00,0.000000e+00,0.000000e+00,1.473971e+03,2.677149e+03,7.946640e-02,2.459809e-05,-2.189328e+00,9.097795e-04,0.000000e+00,0.000000e+00,0.000000e+00,0.000000e+00,0.000000e+00,0.000000e+00,0.000000e+00,0.000000e+00,0.000000e+00,0.000000e+00,0.000000e+00,0.000000e+00,0.000000e+00,0.000000e+00,0.000000e+00,0.000000e+00,0.000000e+00,0.000000e+00,0.000000e+00,0.000000e+00,0.000000e+00,0.000000e+00,0.000000e+00,0.000000e+00,0.000000e+00,0.000000e+00,0.000000e+00,0.000000e+00,0.000000e+00,0.000000e+00,-5.974338e+05,7.043275e+01,-1.087418e+05,-8.718392e-08,5.473237e-11,1.867696e-07,1.358732e-07,-1.060253e-10,6.349036e-08,-3.411128e-05,-8.779154e-06,5.865231e-01,8.333759e-03,-1.797021e-06,8.795444e-07,-2.127263e-03,-9.635952e-07,-5.191929e+00,-2.531506e+01,-9.813651e-03,-2.639062e+03,-1.538886e+05,-7.035943e+01,5.874268e+05,-2.447632e-04,6.509764e-01,-1.384614e-05,-3.200531e-01,4.325428e+03,-2.440537e-01
1.921301e-03,1.516273e+03,1.505406e+04,3.896678e-03,-4.948553e-06,-1.159537e+01,5.733604e-03,2.396856e-06,1.912776e+00,0.000000e+00,0.000000e+00,2.506866e+01,0.000000e+00,0.000000e+00,0.000000e+00,0.000000e+00,0.000000e+00,0.000000e+00,0.000000e+00,0.000000e+00,0.000000e+00,0.000000e+00,1.516273e+03,2.689486e+03,8.348301e-02,2.664654e-05,-2.194740e+00,9.097792e-04,0.000000e+00,0.000000e+00,0.000000e+00,0.000000e+00,0.000000e+00,0.000000e+00,0.000000e+00,0.000000e+00,0.000000e+00,0.000000e+00,0.000000e+00,0.000000e+00,0.000000e+00,0.000000e+00,0.000000e+00,0.000000e+00,0.000000e+00,0.000000e+00,0.000000e+00,0.000000e+00,0.000000e+00,0.000000e+00,0.000000e+00,0.000000e+00,0.000000e+00,0.000000e+00,0.000000e+00,0.000000e+00,0.000000e+00,0.000000e+00,-6.089567e+05,6.635472e+01,-1.363811e+05,-8.944851e-08,5.000645e-11,1.915228e-07,1.394356e-07,-1.064008e-10,6.518790e-08,-3.049676e-05,-8.612091e-06,6.024684e-01,8.651458e-03,-1.711989e-06,1.050473e-06,-2.378527e-03,-1.061666e-06,-5.217196e+00,-2.671921e+01,-1.047409e-02,-2.633348e+03,-1.337026e+05,-6.633764e+01,6.095504e+05,-2.465542e-04,6.923461e-01,-1.641284e-05,6.450091e-02,4.304619e+03,-2.995742e-01
1.930888e-03,1.560210e+03,1.501076e+04,3.819442e-03,-5.161368e-06,-1.157902e+01,5.733604e-03,2.396907e-06,2.146687e+00,0.000000e+00,0.000000e+00,2.455939e+01,0.000000e+00,0.000000e+00,0.000000e+00,0.000000e+00,0.000000e+00,0.000000e+00,0.000000e+00,0.000000e+00,0.000000e+00,0.000000e+00,1.560210e+03,2.702942e+03,8.677073e-02,2.864119e-05,-2.199837e+00,9.097794e-04,0.000000e+00,0.000000e+00,0.000000e+00,0.000000e+00,0.000000e+00,0.000000e+00,0.000000e+00,0.000000e+00,0.000000e+00,0.000000e+00,0.000000e+00,0.000000e+00,0.000000e+00,0.000000e+00,0.000000e+00,0.000000e+00,0.000000e+00,0.000000e+00,0.000000e+00,0.000000e+00,0.000000e+00,0.000000e+00,0.000000e+00,0.000000e+00,0.000000e+00,0.000000e+00,0.000000e+00,0.000000e+00,0.000000e+00,0.000000e+00,-6.168929e+05,6.379431e+01,-1.618043e+05,-9.178956e-08,4.373650e-11,1.964317e-07,1.432856e-07,-1.036592e-10,6.702425e-08,-2.538437e-05,-8.661505e-06,6.186380e-01,8.952856e-03,-1.670982e-06,1.350584e-06,-2.642086e-03,-1.165860e-06,-5.242408e+00,-2.792866e+01,-1.110058e-02,-2.627436e+03,-1.140098e+05,-6.377268e+01,6.274864e+05,-2.451506e-04,7.337134e-01,-1.958817e-05,2.178574e-01,4.347403e+03,-4.256047e-01
1.940476e-03,1.601979e+03,1.496718e+04,3.721576e-03,-5.487259e-06,-1.156249e+01,5.733604e-03,2.396903e-06,2.397927e+00,0.000000e+00,0.000000e+00,2.633967e+01,0.000000e+00,0.000000e+00,0.000000e+00,0.000000e+00,0.000000e+00,0.000000e+00,0.000000e+00,0.000000e+00,0.000000e+00,0.000000e+00,1.601979e+03,2.717585e+03,8.939715e-02,3.053714e-05,-2.205789e+00,9.097793e-04,0.000000e+00,0.000000e+00,0.000000e+00,0.000000e+00,0.000000e+00,0.000000e+00,0.000000e+00,0.000000e+00,0.000000e+00,0.000000e+00,0.000000e+00,0.000000e+00,0.000000e+00,0.000000e+00,0.000000e+00,0.000000e+00,0.000000e+00,0.000000e+00,0.000000e+00,0.000000e+00,0.000000e+00,0.000000e+00,0.000000e+00,0.000000e+00,0.000000e+00,0.000000e+00,0.000000e+00,0.000000e+00,0.000000e+00,0.000000e+00,-6.224964e+05,6.298751e+01,-1.836798e+05,-9.453800e-08,3.958618e-11,2.022001e-07,1.478782e-07,-9.872133e-11,6.921242e-08,-2.027674e-05,-8.317290e-06,6.354252e-01,9.289200e-03,-1.502161e-06,1.743394e-06,-2.916150e-03,-1.275947e-06,-5.267563e+00,-2.895745e+01,-1.171000e-02,-2.621365e+03,-9.654514e+04,-6.296568e+01,6.418092e+05,-2.431077e-04,7.756743e-01,-2.434063e-05,3.009682e-01,4.416734e+03,-5.660440e-01
1.950063e-03,1.648251e+03,1.492299e+04,3.579987e-03,-5.696185e-06,-1.154552e+01,5.733604e-03,2.396962e-06,2.664316e+00,0.000000e+00,0.000000e+00,2.422806e+01,0.000000e+00,0.000000e+00,0.000000e+00,0.000000e+00,0.000000e+00,0.000000e+00,0.000000e+00,0.000000e+00,0.000000e+00,0.000000e+00,1.648251e+03,2.732577e+03,9.138267e-02,3.242982e-05,-2.211227e+00,9.097793e-04,0.000000e+00,0.000000e+00,0.000000e+00,0.000000e+00,0.000000e+00,0.000000e+00,0.000000e+00,0.000000e+00,0.000000e+00,0.000000e+00,0.000000e+00,0.000000e+00,0.000000e+00,0.000000e+00,0.000000e+00,0.000000e+00,0.000000e+00,0.000000e+00,0.000000e+00,0.000000e+00,0.000000e+00,0.000000e+00,0.000000e+00,0.000000e+00,0.000000e+00,0.000000e+00,0.000000e+00,0.000000e+00,0.000000e+00,0.000000e+00,-6.255723e+05,6.281342e+01,-2.023298e+05,-9.768925e-08,2.995294e-11,2.088120e-07,1.531303e-07,-8.901534e-11,7.171557e-08,-1.515213e-05,-8.530493e-06,6.521617e-01,9.633976e-03,-1.410615e-06,2.089443e-06,-3.199096e-03,-1.391786e-06,-5.292659e+00,-2.982555e+01,-1.230376e-02,-2.615171e+03,-8.093666e+04,-6.279148e+01,6.524778e+05,-2.396705e-04,8.179761e-01,-2.995747e-05,3.966530e-01,4.363079e+03,-6.054848e-01
1.962048e-03,1.700918e+03,1.486792e+04,3.364973e-03,-6.170498e-06,-1.152392e+01,5.733604e-03,2.396961e-06,2.999806e+00,0.000000e+00,0.000000e+00,2.651193e+01,0.000000e+00,0.000000e+00,0.000000e+00,0.000000e+00,0.000000e+00,0.000000e+00,0.000000e+00,0.000000e+00,0.000000e+00,0.000000e+00,1.700918e+03,2.752356e+03,9.318426e-02,3.477978e-05,-2.218623e+00,9.097796e-04,0.000000e+00,0.000000e+00,0.000000e+00,0.000000e+00,0.000000e+00,0.000000e+00,0.000000e+00,0.000000e+00,0.000000e+00,0.000000e+00,0.000000e+00,0.000000e+00,0.000000e+00,0.000000e+00,0.000000e+00,0.000000e+00,0.000000e+00,0.000000e+00,0.000000e+00,0.000000e+00,0.000000e+00,0.000000e+00,0.000000e+00,0.000000e+00,0.000000e+00,0.000000e+00,0.000000e+00,0.000000e+00,0.000000e+00,0.000000e+00,-6.280041e+05,6.273604e+01,-2.218540e+05,-1.019263e-07,1.617831e-11,2.176958e-07,1.599962e-07,-8.313068e-11,7.499080e-08,-1.066632e-05,-8.213816e-06,6.740034e-01,1.004285e-02,-1.302004e-06,2.678773e-06,-3.563131e-03,-1.544702e-06,-5.323945e+00,-3.071256e+01,-1.306236e-02,-2.607300e+03,-6.426191e+04,-6.270962e+01,6.629320e+05,-2.333413e-04,8.687393e-01,-3.677406e-05,7.120746e-01,3.970174e+03,-5.205482e-01
1.971636e-03,1.746413e+03,1.482309e+04,3.093567e-03,-6.376389e-06,-1.150658e+01,5.733604e-03,2.397102e-06,3.249344e+00,0.000000e+00,0.000000e+00,2.584619e+01,0.000000e+00,0.000000e+00,0.000000e+00,0.000000e+00,0.000000e+00,0.000000e+00,0.000000e+00,0.000000e+00,0.000000e+00,0.000000e+00,1.746413e+03,2.768107e+03,9.414098e-02,3.679027e-05,-2.224592e+00,9.097796e-04,0.000000e+00,0.000000e+00,0.000000e+00,0.000000e+00,0.000000e+00,0.000000e+00,0.000000e+00,0.000000e+00,0.000000e+00,0.000000e+00,0.000000e+00,0.000000e+00,0.000000e+00,0.000000e+00,0.000000e+00,0.000000e+00,0.000000e+00,0.000000e+00,0.000000e+00,0.000000e+00,0.000000e+00,0.000000e+00,0.000000e+00,0.000000e+00,0.000000e+00,0.000000e+00,0.000000e+00,0.000000e+00,0.000000e+00,0.000000e+00,-6.319118e+05,6.363301e+01,-2.357142e+05,-1.056958e-07,2.300220e-12,2.256065e-07,1.663067e-07,-7.514835e-11,7.799776e-08,-9.647649e-06,-8.514688e-06,6.913823e-01,1.037792e-02,-1.334975e-06,2.932698e-06,-3.861128e-03,-1.673538e-06,-5.348906e+00,-3.128773e+01,-1.366276e-02,-2.600911e+03,-5.334477e+04,-6.360642e+01,6.723302e+05,-2.261363e-04,9.049866e-01,-4.176647e-05,8.256482e-01,3.434321e+03,-5.043957e-01
1.981225e-03,1.790877e+03,1.477772e+04,2.852549e-03,-6.854248e-06,-1.148818e+01,5.733604e-03,2.397106e-06,3.467049e+00,0.000000e+00,0.000000e+00,2.692667e+01,0.000000e+00,0.000000e+00,0.000000e+00,0.000000e+00,0.000000e+00,0.000000e+00,0.000000e+00,0.000000e+00,0.000000e+00,0.000000e+00,1.790877e+03,2.783898e+03,9.490061e-02,3.862940e-05,-2.229711e+00,9.097790e-04,0.000000e+00,0.000000e+00,0.000000e+00,0.000000e+00,0.000000e+00,0.000000e+00,0.000000e+00,0.000000e+00,0.000000e+00,0.000000e+00,0.000000e+00,0.000000e+00,0.000000e+00,0.000000e+00,0.000000e+00,0.000000e+00,0.000000e+00,0.000000e+00,0.000000e+00,0.000000e+00,0.000000e+00,0.000000e+00,0.000000e+00,0.000000e+00,0.000000e+00,0.000000e+00,0.000000e+00,0.000000e+00,0.000000e+00,0.000000e+00,-6.372480e+05,6.260942e+01,-2.476609e+05,-1.096260e-07,1.364338e-14,2.338520e-07,1.728999e-07,-7.832129e-11,8.114042e-08,-7.484292e-06,-8.259647e-06,7.097599e-01,1.071436e-02,-1.393466e-06,3.385992e-06,-4.164065e-03,-1.808184e-06,-5.373806e+00,-3.176670e+01,-1.426773e-02,-2.594428e+03,-4.476592e+04,-6.258261e+01,6.822148e+05,-2.171842e-04,9.356959e-01,-4.635894e-05,1.099168e+00,2.810001e+03,-4.589064e-01
1.990813e-03,1.837442e+03,1.473172e+04,2.534104e-03,-7.220298e-06,-1.147015e+01,5.733604e-03,2.397147e-06,3.646381e+00,0.000000e+00,0.000000e+00,2.643689e+01,0.000000e+00,0.000000e+00,0.000000e+00,0.000000e+00,0.000000e+00,0.000000e+00,0.000000e+00,0.000000e+00,0.000000e+00,0.000000e+00,1.837442e+03,2.799580e+03,9.546943e-02,4.061731e-05,-2.235594e+00,9.097795e-04,0.000000e+00,0.000000e+00,0.000000e+00,0.000000e+00,0.000000e+00,0.000000e+00,0.000000e+00,0.000000e+00,0.000000e+00,0.000000e+00,0.000000e+00,0.000000e+00,0.000000e+00,0.000000e+00,0.000000e+00,0.000000e+00,0.000000e+00,0.000000e+00,0.000000e+00,0.000000e+00,0.000000e+00,0.000000e+00,0.000000e+00,0.000000e+00,0.000000e+00,0.000000e+00,0.000000e+00,0.000000e+00,0.000000e+00,0.000000e+00,-6.407419e+05,6.631973e+01,-2.570740e+05,-1.138065e-07,-1.066016e-12,2.426366e-07,1.798265e-07,-7.710461e-11,8.443696e-08,-5.264459e-06,-8.569117e-06,7.279173e-01,1.117388e-02,-1.504341e-06,3.817028e-06,-4.471126e-03,-1.948628e-06,-5.398643e+00,-3.217008e+01,-1.488042e-02,-2.587858e+03,-3.770371e+04,-6.628828e+01,6.893589e+05,-2.061305e-04,9.604061e-01,-5.089004e-05,1.305330e+00,2.200844e+03,-4.516268e-01
2.000402e-03,1.884164e+03,1.468454e+04,2.208839e-03,-7.662040e-06,-1.145128e+01,5.733604e-03,1.278194e-06,3.782278e+00,0.000000e+00,0.000000e+00,2.784734e+01,0.000000e+00,0.000000e+00,0.000000e+00,0.000000e+00,0.000000e+00,0.000000e+00,0.000000e+00,0.000000e+00,0.000000e+00,0.000000e+00,1.884164e+03,2.814646e+03,9.590328e-02,4.279148e-05,-2.240533e+00,9.097796e-04,0.000000e+00,0.000000e+00,0.000000e+00,0.000000e+00,0.000000e+00,0.000000e+00,0.000000e+00,0.000000e+00,0.000000e+00,0.000000e+00,0.000000e+00,0.000000e+00,0.000000e+00,0.000000e+00,0.000000e+00,0.000000e+00,0.000000e+00,0.000000e+00,0.000000e+00,0.000000e+00,0.000000e+00,0.000000e+00,0.000000e+00,0.000000e+00,0.000000e+00,0.000000e+00,0.000000e+00,0.000000e+00,0.000000e+00,0.000000e+00,-7.281049e+05,3.276028e+02,-3.250902e+05,-1.018832e-05,-1.801923e-06,-9.024004e-04,-1.070678e-04,3.642587e-06,1.276965e-06,-1.628475e-06,-8.461631e-06,7.466897e-01,1.154752e-02,-1.611425e-06,4.419358e-06,-4.781660e-03,-2.095161e-06,-5.423417e+00,-3.250599e+01,-1.552562e-02,-2.581237e+03,-1.295836e+04,-3.275670e+02,7.972782e+05,-1.919232e-04,9.795326e-01,-5.473617e-05,-5.256463e+00,1.078766e+03,-8.896719e-01
2.011484e-03,1.941249e+03,1.462844e+04,1.784890e-03,-8.176067e-06,-1.142984e+01,5.733604e-03,2.251145e-06,3.902398e+00,0.000000e+00,0.000000e+00,2.713672e+01,0.000000e+00,0.000000e+00,0.000000e+00,0.000000e+00,0.000000e+00,0.000000e+00,0.000000e+00,0.000000e+00,0.000000e+00,0.000000e+00,1.941249e+03,2.831673e+03,9.612960e-02,4.427764e-05,-2.247771e+00,9.097793e-04,0.000000e+00,0.000000e+00,0.000000e+00,0.000000e+00,0.000000e+00,0.000000e+00,0.000000e+00,0.000000e+00,0.000000e+00,0.000000e+00,0.000000e+00,0.000000e+00,0.000000e+00,0.000000e+00,0.000000e+00,0.000000e+00,0.000000e+00,0.000000e+00,0.000000e+00,0.000000e+00,0.000000e+00,0.000000e+00,0.000000e+00,0.000000e+00,0.000000e+00,0.000000e+00,0.000000e+00,0.000000e+00,0.000000e+00,0.000000e+00,-6.317343e+05,6.543539e+01,-2.720500e+05,-1.447580e-05,-2.542576e-06,-1.252687e-03,-2.744943e-05,7.374913e-07,3.118834e-07,1.676561e-06,-8.715555e-06,7.685440e-01,1.201655e-02,-1.672841e-06,5.000077e-06,-5.143796e-03,-2.269191e-06,-5.451970e+00,-3.278907e+01,-1.590793e-02,-2.573208e+03,-2.031053e+04,-6.540439e+01,6.875223e+05,-1.618592e-04,9.951316e-01,-5.804518e-05,2.030626e+00,1.121210e+03,-2.365510e-01
2.021076e-03,1.990749e+03,1.458087e+04,1.365224e-03,-8.649378e-06,-1.141057e+01,5.733604e-03,1.397722e-06,3.958316e+00,0.000000e+00,0.000000e+00,2.691875e+01,0.000000e+00,0.000000e+00,0.000000e+00,0.000000e+00,0.000000e+00,0.000000e+00,0.000000e+00,0.000000e+00,0.000000e+00,0.000000e+00,1.990749e+03,2.849534e+03,9.599040e-02,4.391806e-05,-2.253774e+00,9.097795e-04,0.000000e+00,0.000000e+00,0.000000e+00,0.000000e+00,0.000000e+00,0.000000e+00,0.000000e+00,0.000000e+00,0.000000e+00,0.000000e+00,0.000000e+00,0.000000e+00,0.000000e+00,0.000000e+00,0.000000e+00,0.000000e+00,0.000000e+00,0.000000e+00,0.000000e+00,0.000000e+00,0.000000e+00,0.000000e+00,0.000000e+00,0.000000e+00,0.000000e+00,0.000000e+00,0.000000e+00,0.000000e+00,0.000000e+00,0.000000e+00,-6.227422e+05,5.821958e+01,-2.790733e+05,-5.698498e-05,-7.997766e-06,-3.359878e-03,-7.380616e-05,2.137931e-06,1.146330e-06,3.787573e-06,-8.675478e-06,7.884886e-01,1.239084e-02,-1.666732e-06,5.460061e-06,-5.459209e-03,-2.425015e-06,-5.476612e+00,-3.292216e+01,-1.564101e-02,-2.565930e+03,-1.013932e+04,-5.803949e+01,6.823393e+05,-1.165194e-04,1.003003e+00,-5.856381e-05,2.259055e+00,6.105259e+02,-1.882919e-01
2.030869e-03,2.043165e+03,1.452712e+04,9.708558e-04,-9.225916e-06,-1.139102e+01,5.733604e-03,1.253288e-06,3.983899e+00,0.000000e+00,0.000000e+00,2.856251e+01,0.000000e+00,0.000000e+00,0.000000e+00,0.000000e+00,0.000000e+00,0.000000e+00,0.000000e+00,0.000000e+00,0.000000e+00,0.000000e+00,2.043165e+03,2.857479e+03,9.572710e-02,4.774751e-05,-2.258556e+00,9.097793e-04,0.000000e+00,0.000000e+00,0.000000e+00,0.000000e+00,0.000000e+00,0.000000e+00,0.000000e+00,0.000000e+00,0.000000e+00,0.000000e+00,0.000000e+00,0.000000e+00,0.000000e+00,0.000000e+00,0.000000e+00,0.000000e+00,0.000000e+00,0.000000e+00,0.000000e+00,0.000000e+00,0.000000e+00,0.000000e+00,0.000000e+00,0.000000e+00,0.000000e+00,0.000000e+00,0.000000e+00,0.000000e+00,0.000000e+00,0.000000e+00,-6.607864e+05,-4.580907e+02,-3.124626e+05,-7.959220e-05,-1.064563e-05,-4.104671e-03,-4.157800e-05,4.644612e-06,1.582205e-07,5.977092e-06,-8.876918e-06,8.082209e-01,1.276080e-02,-1.684183e-06,5.899635e-06,-5.781988e-03,-2.582071e-06,-5.501702e+00,-3.298149e+01,-1.685122e-02,-2.559156e+03,4.059405e+03,4.581231e+02,7.309276e+05,-1.113709e-04,1.006669e+00,-6.030680e-05,1.615277e+01,-6.367053e+01,7.958770e-02
2.041243e-03,2.096552e+03,1.447112e+04,4.596218e-04,-1.000527e-05,-1.136922e+01,5.733604e-03,9.902139e-07,3.947225e+00,0.000000e+00,0.000000e+00,3.287475e+01,0.000000e+00,0.000000e+00,0.000000e+00,0.000000e+00,0.000000e+00,0.000000e+00,0.000000e+00,0.000000e+00,0.000000e+00,0.000000e+00,2.096552e+03,2.869420e+03,9.495373e-02,1.478008e-04,-2.262723e+00,9.097791e-04,0.000000e+00,0.000000e+00,0.000000e+00,0.000000e+00,0.000000e+00,0.000000e+00,0.000000e+00,0.000000e+00,0.000000e+00,0.000000e+00,0.000000e+00,0.000000e+00,0.000000e+00,0.000000e+00,0.000000e+00,0.000000e+00,0.000000e+00,0.000000e+00,0.000000e+00,0.000000e+00,0.000000e+00,0.000000e+00,0.000000e+00,0.000000e+00,0.000000e+00,0.000000e+00,0.000000e+00,0.000000e+00,0.000000e+00,0.000000e+00,-9.315742e+05,-3.090106e+04,-4.338493e+05,-1.236767e-04,-4.926063e-05,-6.804137e-03,7.541436e-06,-2.862703e-06,-1.876282e-05,7.653342e-06,-8.991977e-06,8.298482e-01,1.314741e-02,-1.578592e-06,6.344035e-06,-6.123709e-03,-2.799394e-06,-5.528208e+00,-3.287888e+01,-5.233243e-02,-2.551948e+03,-3.020938e+02,3.090112e+04,1.027646e+06,-1.218668e-03,1.002450e+00,-1.050829e-04,7.800438e+02,-6.342362e+02,4.483762e+01
2.051199e-03,2.155985e+03,1.441449e+04,-6.931287e-05,-1.082855e-05,-1.134744e+01,5.733604e-03,1.832413e-06,3.852026e+00,0.000000e+00,0.000000e+00,3.056258e+01,0.000000e+00,0.000000e+00,0.000000e+00,0.000000e+00,0.000000e+00,0.000000e+00,0.000000e+00,0.000000e+00,0.000000e+00,0.000000e+00,2.155985e+03,2.879548e+03,9.386334e-02,3.034156e-05,-2.267780e+00,9.097795e-04,0.000000e+00,0.000000e+00,0.000000e+00,0.000000e+00,0.000000e+00,0.000000e+00,0.000000e+00,0.000000e+00,0.000000e+00,0.000000e+00,0.000000e+00,0.000000e+00,0.000000e+00,0.000000e+00,0.000000e+00,0.000000e+00,0.000000e+00,0.000000e+00,0.000000e+00,0.000000e+00,0.000000e+00,0.000000e+00,0.000000e+00,0.000000e+00,0.000000e+00,0.000000e+00,0.000000e+00,0.000000e+00,0.000000e+00,0.000000e+00,-6.028789e+05,3.757791e+01,-3.131141e+05,-1.490875e-04,-4.213505e-05,-8.289373e-03,-1.063418e-04,-2.336575e-05,-2.386195e-05,9.511362e-06,-9.265739e-06,8.514441e-01,1.357510e-02,-1.577654e-06,6.817310e-06,-6.449777e-03,-2.913874e-06,-5.553569e+00,-3.264662e+01,-1.242668e-02,-2.544475e+03,2.912680e+04,-3.754409e+01,6.787158e+05,-1.071749e-04,9.909881e-01,-7.156753e-05,2.842089e+00,-1.392995e+03,-4.511695e-02
2.060868e-03,2.210401e+03,1.435861e+04,-5.808857e-04,-1.557994e-05,-1.132540e+01,5.733604e-03,1.466809e-06,3.706202e+00,0.000000e+00,0.000000e+00,3.299567e+01,0.000000e+00,0.000000e+00,0.000000e+00,0.000000e+00,0.000000e+00,0.000000e+00,0.000000e+00,0.000000e+00,0.000000e+00,0.000000e+00,2.210401e+03,2.889145e+03,9.230021e-02,-2.551341e-05,-2.271226e+00,9.097794e-04,0.000000e+00,0.000000e+00,0.000000e+00,0.000000e+00,0.000000e+00,0.000000e+00,0.000000e+00,0.000000e+00,0.000000e+00,0.000000e+00,0.000000e+00,0.000000e+00,0.000000e+00,0.000000e+00,0.000000e+00,0.000000e+00,0.000000e+00,0.000000e+00,0.000000e+00,0.000000e+00,0.000000e+00,0.000000e+00,0.000000e+00,0.000000e+00,0.000000e+00,0.000000e+00,0.000000e+00,0.000000e+00,0.000000e+00,0.000000e+00,-6.904280e+05,4.860436e+03,-3.913029e+05,-2.104641e-04,-1.516051e-06,-1.129698e-02,-3.376367e-04,-1.011478e-04,-3.028481e-05,8.381736e-06,-9.276583e-06,8.737652e-01,1.399593e-02,6.747359e-07,7.403041e-06,-6.763261e-03,-2.942738e-06,-5.578133e+00,-3.223548e+01,8.633541e-03,-2.537262e+03,6.302036e+04,-4.860402e+03,7.910988e+05,9.283570e-04,9.728864e-01,-9.375629e-05,-2.333807e+02,-2.636169e+03,1.455214e+01
2.070426e-03,2.268695e+03,1.429971e+04,-1.139768e-03,-2.800758e-05,-1.130231e+01,5.733604e-03,1.347362e-06,3.523409e+00,0.000000e+00,0.000000e+00,3.452362e+01,0.000000e+00,0.000000e+00,0.000000e+00,0.000000e+00,0.000000e+00,0.000000e+00,0.000000e+00,0.000000e+00,0.000000e+00,0.000000e+00,2.268695e+03,2.896615e+03,9.027900e-02,-1.623677e-04,-2.274652e+00,9.097796e-04,0.000000e+00,0.000000e+00,0.000000e+00,0.000000e+00,0.000000e+00,0.000000e+00,0.000000e+00,0.000000e+00,0.000000e+00,0.000000e+00,0.000000e+00,0.000000e+00,0.000000e+00,0.000000e+00,0.000000e+00,0.000000e+00,0.000000e+00,0.000000e+00,0.000000e+00,0.000000e+00,0.000000e+00,0.000000e+00,0.000000e+00,0.000000e+00,0.000000e+00,0.000000e+00,0.000000e+00,0.000000e+00,0.000000e+00,0.000000e+00,-7.110757e+05,2.423940e+03,-3.906553e+05,-2.817596e-04,-2.552273e-05,-1.546574e-02,-4.502097e-04,-2.249041e-04,-4.642404e-05,7.634962e-06,-9.005464e-06,8.970789e-01,1.457265e-02,6.643778e-06,8.044760e-06,-7.068312e-03,-2.678459e-06,-5.602340e+00,-3.167147e+01,4.823087e-02,-2.529725e+03,5.371845e+04,-2.423910e+03,8.095398e+05,1.641957e-03,9.483142e-01,-4.476620e-05,5.735541e+01,-2.449118e+03,4.686402e+00
2.080537e-03,2.330503e+03,1.423699e+04,-1.631855e-03,-2.872018e-05,-1.127706e+01,5.733616e-03,9.257400e-07,3.306901e+00,0.000000e+00,0.000000e+00,3.615104e+01,0.000000e+00,0.000000e+00,0.000000e+00,0.000000e+00,0.000000e+00,0.000000e+00,0.000000e+00,0.000000e+00,0.000000e+00,0.000000e+00,2.330503e+03,2.902586e+03,8.803345e-02,-1.984231e-04,-2.276597e+00,9.097795e-04,0.000000e+00,0.000000e+00,0.000000e+00,0.000000e+00,0.000000e+00,0.000000e+00,0.000000e+00,0.000000e+00,0.000000e+00,0.000000e+00,0.000000e+00,0.000000e+00,0.000000e+00,0.000000e+00,0.000000e+00,0.000000e+00,0.000000e+00,0.000000e+00,0.000000e+00,0.000000e+00,0.000000e+00,0.000000e+00,0.000000e+00,0.000000e+00,0.000000e+00,0.000000e+00,0.000000e+00,0.000000e+00,0.000000e+00,0.000000e+00,-6.664910e+05,2.633707e+04,-4.090670e+05,-3.204087e-04,-9.025503e-06,-1.898049e-02,-6.466820e-04,-2.173690e-04,-7.235496e-05,5.598017e-06,-8.965324e-06,9.228941e-01,1.511998e-02,6.398638e-06,8.747385e-06,-7.384930e-03,-2.242641e-06,-5.627874e+00,-3.099235e+01,6.276456e-02,-2.521895e+03,8.924766e+04,-2.633706e+04,7.769048e+05,2.380932e-03,9.189270e-01,5.140142e-05,-7.610499e+02,-3.689425e+03,-2.649138e+01
2.090196e-03,2.394651e+03,1.417352e+04,-2.137987e-03,-1.378266e-05,-1.125208e+01,5.733616e-03,1.347302e-06,3.063855e+00,0.000000e+00,0.000000e+00,3.627005e+01,0.000000e+00,0.000000e+00,0.000000e+00,0.000000e+00,0.000000e+00,0.000000e+00,0.000000e+00,0.000000e+00,0.000000e+00,0.000000e+00,2.394651e+03,2.907209e+03,8.548283e-02,-2.426518e-04,-2.278698e+00,9.097796e-04,0.000000e+00,0.000000e+00,0.000000e+00,0.000000e+00,0.000000e+00,0.000000e+00,0.000000e+00,0.000000e+00,0.000000e+00,0.000000e+00,0.000000e+00,0.000000e+00,0.000000e+00,0.000000e+00,0.000000e+00,0.000000e+00,0.000000e+00,0.000000e+00,0.000000e+00,0.000000e+00,0.000000e+00,0.000000e+00,0.000000e+00,0.000000e+00,0.000000e+00,0.000000e+00,0.000000e+00,0.000000e+00,0.000000e+00,0.000000e+00,-6.230921e+05,2.755144e+04,-3.944942e+05,-4.004387e-04,-2.367843e-06,-2.387587e-02,-8.615300e-04,-2.278067e-04,-8.174379e-05,4.553168e-06,-9.082367e-06,9.473891e-01,1.568852e-02,-2.515653e-07,9.373093e-06,-7.679963e-03,-1.705130e-06,-5.652190e+00,-3.020447e+01,8.228303e-02,-2.514332e+03,9.437750e+04,-2.755143e+04,7.314112e+05,2.877055e-03,8.853359e-01,4.310530e-05,-6.909146e+02,-3.808626e+03,-2.185608e+00
2.100977e-03,2.463619e+03,1.410236e+04,-2.656533e-03,5.752217e-06,-1.122386e+01,5.733616e-03,1.465841e-06,2.759882e+00,0.000000e+00,0.000000e+00,3.939404e+01,0.000000e+00,0.000000e+00,0.000000e+00,0.000000e+00,0.000000e+00,0.000000e+00,0.000000e+00,0.000000e+00,0.000000e+00,0.000000e+00,2.463619e+03,2.909787e+03,8.228277e-02,-9.778136e-05,-2.279957e+00,9.097793e-04,0.000000e+00,0.000000e+00,0.000000e+00,0.000000e+00,0.000000e+00,0.000000e+00,0.000000e+00,0.000000e+00,0.000000e+00,0.000000e+00,0.000000e+00,0.000000e+00,0.000000e+00,0.000000e+00,0.000000e+00,0.000000e+00,0.000000e+00,0.000000e+00,0.000000e+00,0.000000e+00,0.000000e+00,0.000000e+00,0.000000e+00,0.000000e+00,0.000000e+00,0.000000e+00,0.000000e+00,0.000000e+00,0.000000e+00,0.000000e+00,-6.032023e+05,-2.827054e+04,-4.072641e+05,-4.201405e-04,-3.453860e-05,-2.949024e-02,-1.322871e-03,-3.225589e-04,-1.155800e-04,2.343362e-06,-9.551061e-06,9.756184e-01,1.626273e-02,-7.554274e-06,1.009053e-05,-7.999187e-03,-1.111684e-06,-5.679248e+00,-2.916694e+01,3.767414e-02,-2.505971e+03,1.143600e+05,2.827054e+04,7.187759e+05,1.501206e-03,8.411109e-01,5.328950e-05,7.010665e+02,-4.716772e+03,4.115522e+01
2.110155e-03,2.525303e+03,1.404077e+04,-3.147881e-03,2.474163e-05,-1.119874e+01,5.733616e-03,1.333531e-06,2.495906e+00,0.000000e+00,0.000000e+00,4.006197e+01,0.000000e+00,0.000000e+00,0.000000e+00,0.000000e+00,0.000000e+00,0.000000e+00,0.000000e+00,0.000000e+00,0.000000e+00,0.000000e+00,2.525303e+03,2.909308e+03,7.931212e-02,-2.882928e-04,-2.279223e+00,9.097792e-04,0.000000e+00,0.000000e+00,0.000000e+00,0.000000e+00,0.000000e+00,0.000000e+00,0.000000e+00,0.000000e+00,0.000000e+00,0.000000e+00,0.000000e+00,0.000000e+00,0.000000e+00,0.000000e+00,0.000000e+00,0.000000e+00,0.000000e+00,0.000000e+00,0.000000e+00,0.000000e+00,0.000000e+00,0.000000e+00,0.000000e+00,0.000000e+00,0.000000e+00,0.000000e+00,0.000000e+00,0.000000e+00,0.000000e+00,0.000000e+00,-6.196901e+05,-2.715295e+03,-4.174532e+05,-5.225134e-04,-9.937222e-06,-3.441554e-02,-1.556219e-03,-3.896476e-04,-1.398108e-04,9.935947e-07,-1.025602e-05,1.000948e+00,1.681948e-02,-1.488943e-05,1.070357e-05,-8.261822e-03,-3.057893e-07,-5.702210e+00,-2.821280e+01,1.115869e-01,-2.498998e+03,1.166372e+05,2.715273e+03,7.380236e+05,3.605430e-03,7.999725e-01,1.402963e-04,4.120391e+01,-5.049800e+03,-5.585184e+00
2.120389e-03,2.594771e+03,1.396951e+04,-3.553372e-03,3.748041e-05,-1.116923e+01,5.733616e-03,1.086642e-06,2.182597e+00,0.000000e+00,0.000000e+00,4.295901e+01,0.000000e+00,0.000000e+00,0.000000e+00,0.000000e+00,0.000000e+00,0.000000e+00,0.000000e+00,0.000000e+00,0.000000e+00,0.000000e+00,2.594771e+03,2.907863e+03,7.604815e-02,-2.365732e-04,-2.277727e+00,9.097793e-04,0.000000e+00,0.000000e+00,0.000000e+00,0.000000e+00,0.000000e+00,0.000000e+00,0.000000e+00,0.000000e+00,0.000000e+00,0.000000e+00,0.000000e+00,0.000000e+00,0.000000e+00,0.000000e+00,0.000000e+00,0.000000e+00,0.000000e+00,0.000000e+00,0.000000e+00,0.000000e+00,0.000000e+00,0.000000e+00,0.000000e+00,0.000000e+00,0.000000e+00,0.000000e+00,0.000000e+00,0.000000e+00,0.000000e+00,0.000000e+00,-5.911189e+05,1.251637e+04,-3.982366e+05,-5.508058e-04,-8.472571e-06,-4.117187e-02,-1.871749e-03,-2.981706e-04,-1.837605e-04,-9.824113e-07,-1.123377e-05,1.030933e+00,1.727348e-02,-1.621873e-05,1.136396e-05,-8.543882e-03,6.017436e-07,-5.727738e+00,-2.707765e+01,9.860011e-02,-2.490869e+03,1.112920e+05,-1.251640e+04,7.040086e+05,3.316887e-03,7.475840e-01,1.705425e-04,-3.562170e+02,-5.086613e+03,-2.881324e+01
2.130113e-03,2.663361e+03,1.390080e+04,-4.163927e-03,6.145820e-05,-1.114086e+01,5.733616e-03,1.225244e-06,1.872164e+00,0.000000e+00,0.000000e+00,4.399408e+01,0.000000e+00,0.000000e+00,0.000000e+00,0.000000e+00,0.000000e+00,0.000000e+00,0.000000e+00,0.000000e+00,0.000000e+00,0.000000e+00,2.663361e+03,2.904145e+03,7.260613e-02,-1.484976e-04,-2.275444e+00,9.097795e-04,0.000000e+00,0.000000e+00,0.000000e+00,0.000000e+00,0.000000e+00,0.000000e+00,0.000000e+00,0.000000e+00,0.000000e+00,0.000000e+00,0.000000e+00,0.000000e+00,0.000000e+00,0.000000e+00,0.000000e+00,0.000000e+00,0.000000e+00,0.000000e+00,0.000000e+00,0.000000e+00,0.000000e+00,0.000000e+00,0.000000e+00,0.000000e+00,0.000000e+00,0.000000e+00,0.000000e+00,0.000000e+00,0.000000e+00,0.000000e+00,-5.670595e+05,-5.538088e+03,-4.245903e+05,-5.854819e-04,6.544749e-06,-4.744677e-02,-2.322752e-03,-3.103256e-04,-2.333698e-04,-2.597034e-06,-1.230860e-05,1.059019e+00,1.768833e-02,-3.013920e-05,1.198165e-05,-8.800779e-03,1.420364e-06,-5.751919e+00,-2.593546e+01,7.578409e-02,-2.483493e+03,1.453468e+05,5.538041e+03,6.933309e+05,2.697375e-03,6.938598e-01,1.323391e-04,1.755018e+02,-6.211162e+03,-5.388167e+00
2.140006e-03,2.733421e+03,1.382927e+04,-4.620493e-03,8.533444e-05,-1.111076e+01,5.733616e-03,1.225177e-06,1.571025e+00,0.000000e+00,0.000000e+00,4.627287e+01,0.000000e+00,0.000000e+00,0.000000e+00,0.000000e+00,0.000000e+00,0.000000e+00,0.000000e+00,0.000000e+00,0.000000e+00,0.000000e+00,2.733421e+03,2.896604e+03,6.903477e-02,-2.872299e-04,-2.271266e+00,9.097793e-04,0.000000e+00,0.000000e+00,0.000000e+00,0.000000e+00,0.000000e+00,0.000000e+00,0.000000e+00,0.000000e+00,0.000000e+00,0.000000e+00,0.000000e+00,0.000000e+00,0.000000e+00,0.000000e+00,0.000000e+00,0.000000e+00,0.000000e+00,0.000000e+00,0.000000e+00,0.000000e+00,0.000000e+00,0.000000e+00,0.000000e+00,0.000000e+00,0.000000e+00,0.000000e+00,0.000000e+00,0.000000e+00,0.000000e+00,0.000000e+00,-6.129097e+05,3.829607e+04,-4.461994e+05,-6.314204e-04,-1.150340e-05,-5.427074e-02,-2.639440e-03,-2.840011e-04,-3.055669e-04,-4.303394e-06,-1.344965e-05,1.089098e+00,1.792029e-02,-4.362455e-05,1.257059e-05,-9.050161e-03,2.308372e-06,-5.776448e+00,-2.469137e+01,1.303346e-01,-2.476071e+03,1.455727e+05,-3.829614e+04,7.440167e+05,4.025368e-03,6.361790e-01,1.166509e-04,-9.507368e+02,-6.435991e+03,-6.077987e+01
2.150556e-03,2.811027e+03,1.375133e+04,-5.367900e-03,9.724937e-05,-1.107877e+01,5.733616e-03,1.070715e-06,1.255370e+00,0.000000e+00,0.000000e+00,4.765572e+01,0.000000e+00,0.000000e+00,0.000000e+00,0.000000e+00,0.000000e+00,0.000000e+00,0.000000e+00,0.000000e+00,0.000000e+00,0.000000e+00,2.811027e+03,2.888706e+03,6.429654e-02,-1.100870e-04,-2.267537e+00,9.097796e-04,0.000000e+00,0.000000e+00,0.000000e+00,0.000000e+00,0.000000e+00,0.000000e+00,0.000000e+00,0.000000e+00,0.000000e+00,0.000000e+00,0.000000e+00,0.000000e+00,0.000000e+00,0.000000e+00,0.000000e+00,0.000000e+00,0.000000e+00,0.000000e+00,0.000000e+00,0.000000e+00,0.000000e+00,0.000000e+00,0.000000e+00,0.000000e+00,0.000000e+00,0.000000e+00,0.000000e+00,0.000000e+00,0.000000e+00,0.000000e+00,-6.861064e+05,-3.625565e+04,-4.476711e+05,-6.272260e-04,-2.648468e-05,-6.295201e-02,-3.188911e-03,-3.377864e-04,-4.242352e-04,-6.380377e-06,-1.503063e-05,1.121384e+00,1.825766e-02,-4.546438e-05,1.311166e-05,-9.301721e-03,2.962442e-06,-5.802523e+00,-2.313650e+01,7.474647e-02,-2.467850e+03,1.159965e+05,3.625555e+04,8.109848e+05,2.432302e-03,5.681056e-01,1.595189e-04,1.045483e+03,-5.689141e+03,4.728011e+01
2.160649e-03,2.886680e+03,1.367457e+04,-6.035742e-03,9.354301e-05,-1.104731e+01,5.733616e-03,1.158874e-06,9.775722e-01,0.000000e+00,0.000000e+00,4.954502e+01,0.000000e+00,0.000000e+00,0.000000e+00,0.000000e+00,0.000000e+00,0.000000e+00,0.000000e+00,0.000000e+00,0.000000e+00,0.000000e+00,2.886680e+03,2.878010e+03,5.949043e-02,-1.177146e-04,-2.262864e+00,9.097793e-04,0.000000e+00,0.000000e+00,0.000000e+00,0.000000e+00,0.000000e+00,0.000000e+00,0.000000e+00,0.000000e+00,0.000000e+00,0.000000e+00,0.000000e+00,0.000000e+00,0.000000e+00,0.000000e+00,0.000000e+00,0.000000e+00,0.000000e+00,0.000000e+00,0.000000e+00,0.000000e+00,0.000000e+00,0.000000e+00,0.000000e+00,0.000000e+00,0.000000e+00,0.000000e+00,0.000000e+00,0.000000e+00,0.000000e+00,0.000000e+00,-6.609079e+05,-1.545085e+03,-5.050896e+05,-6.609542e-04,-2.433769e-05,-7.094982e-02,-3.898270e-03,-2.157005e-04,-5.132277e-04,-8.192314e-06,-1.634034e-05,1.152741e+00,1.851565e-02,-3.599541e-05,1.357225e-05,-9.526614e-03,3.690988e-06,-5.827387e+00,-2.155856e+01,7.589378e-02,-2.460190e+03,1.786896e+05,1.544978e+03,8.123944e+05,2.445112e-03,5.027355e-01,1.550036e-04,9.274674e+01,-7.083321e+03,-4.452292e+00
2.170603e-03,2.964631e+03,1.359715e+04,-6.853454e-03,7.906250e-05,-1.101659e+01,5.733616e-03,9.565531e-07,7.224481e-01,0.000000e+00,0.000000e+00,4.977573e+01,0.000000e+00,0.000000e+00,0.000000e+00,0.000000e+00,0.000000e+00,0.000000e+00,0.000000e+00,0.000000e+00,0.000000e+00,0.000000e+00,2.964631e+03,2.867225e+03,5.372476e-02,-2.860610e-05,-2.259152e+00,9.097792e-04,0.000000e+00,0.000000e+00,0.000000e+00,0.000000e+00,0.000000e+00,0.000000e+00,0.000000e+00,0.000000e+00,0.000000e+00,0.000000e+00,0.000000e+00,0.000000e+00,0.000000e+00,0.000000e+00,0.000000e+00,0.000000e+00,0.000000e+00,0.000000e+00,0.000000e+00,0.000000e+00,0.000000e+00,0.000000e+00,0.000000e+00,0.000000e+00,0.000000e+00,0.000000e+00,0.000000e+00,0.000000e+00,0.000000e+00,0.000000e+00,-6.848144e+05,-2.587020e+04,-5.661213e+05,-5.622965e-04,-3.735166e-05,-8.027171e-02,-5.018835e-03,-1.618336e-04,-6.636133e-04,-1.037627e-05,-1.773513e-05,1.183734e+00,1.892219e-02,-2.145102e-05,1.402946e-05,-9.731367e-03,4.228924e-06,-5.851832e+00,-1.972008e+01,4.021908e-02,-2.452295e+03,2.239170e+05,2.586978e+04,8.598403e+05,1.460288e-03,4.325043e-01,3.148556e-05,6.856808e+02,-8.030328e+03,1.235384e+00
2.180021e-03,3.036863e+03,1.352247e+04,-7.504516e-03,5.498535e-05,-1.098708e+01,5.733634e-03,1.019064e-06,5.211465e-01,0.000000e+00,0.000000e+00,5.283399e+01,0.000000e+00,0.000000e+00,0.000000e+00,0.000000e+00,0.000000e+00,0.000000e+00,0.000000e+00,0.000000e+00,0.000000e+00,0.000000e+00,3.036863e+03,2.856548e+03,4.802472e-02,-5.935715e-05,-2.255794e+00,9.097796e-04,0.000000e+00,0.000000e+00,0.000000e+00,0.000000e+00,0.000000e+00,0.000000e+00,0.000000e+00,0.000000e+00,0.000000e+00,0.000000e+00,0.000000e+00,0.000000e+00,0.000000e+00,0.000000e+00,0.000000e+00,0.000000e+00,0.000000e+00,0.000000e+00,0.000000e+00,0.000000e+00,0.000000e+00,0.000000e+00,0.000000e+00,0.000000e+00,0.000000e+00,0.000000e+00,0.000000e+00,0.000000e+00,0.000000e+00,0.000000e+00,-6.877650e+05,-1.818398e+04,-5.349344e+05,-5.462623e-04,-2.826808e-05,-8.958191e-02,-5.668831e-03,-1.496461e-04,-8.162268e-04,-1.208048e-05,-1.874234e-05,1.213378e+00,1.916913e-02,-5.785811e-06,1.443756e-05,-9.907826e-03,4.697200e-06,-5.874890e+00,-1.789433e+01,4.220005e-02,-2.444762e+03,1.944047e+05,1.818385e+04,8.493422e+05,1.647332e-03,3.673334e-01,4.245579e-05,3.990635e+02,-6.871186e+03,4.634608e+01
2.190985e-03,3.126020e+03,1.343426e+04,-8.251728e-03,4.161157e-05,-1.095189e+01,5.733634e-03,1.068867e-06,3.246803e-01,0.000000e+00,0.000000e+00,5.245586e+01,0.000000e+00,0.000000e+00,0.000000e+00,0.000000e+00,0.000000e+00,0.000000e+00,0.000000e+00,0.000000e+00,0.000000e+00,0.000000e+00,3.126020e+03,2.843877e+03,4.073004e-02,-8.466933e-05,-2.251528e+00,9.097792e-04,0.000000e+00,0.000000e+00,0.000000e+00,0.000000e+00,0.000000e+00,0.000000e+00,0.000000e+00,0.000000e+00,0.000000e+00,0.000000e+00,0.000000e+00,0.000000e+00,0.000000e+00,0.000000e+00,0.000000e+00,0.000000e+00,0.000000e+00,0.000000e+00,0.000000e+00,0.000000e+00,0.000000e+00,0.000000e+00,0.000000e+00,0.000000e+00,0.000000e+00,0.000000e+00,0.000000e+00,0.000000e+00,0.000000e+00,0.000000e+00,-6.966267e+05,-3.163410e+03,-5.254529e+05,-4.582777e-04,-2.721892e-05,-1.012076e-01,-6.633890e-03,-1.198920e-04,-1.002361e-03,-1.448801e-05,-2.018842e-05,1.248435e+00,1.945863e-02,-1.069719e-06,1.483848e-05,-1.009031e-02,5.190785e-06,-5.901640e+00,-1.556276e+01,4.761495e-02,-2.435862e+03,1.820705e+05,3.163263e+03,8.533697e+05,1.794919e-03,2.903999e-01,1.027742e-04,9.196211e+00,-5.959952e+03,2.350107e+01
2.200990e-03,3.204601e+03,1.335305e+04,-8.818518e-03,2.254889e-05,-1.091938e+01,5.733634e-03,1.069659e-06,1.833794e-01,0.000000e+00,0.000000e+00,5.551698e+01,0.000000e+00,0.000000e+00,0.000000e+00,0.000000e+00,0.000000e+00,0.000000e+00,0.000000e+00,0.000000e+00,0.000000e+00,0.000000e+00,3.204601e+03,2.832103e+03,3.339728e-02,-6.730470e-05,-2.247595e+00,9.097795e-04,0.000000e+00,0.000000e+00,0.000000e+00,0.000000e+00,0.000000e+00,0.000000e+00,0.000000e+00,0.000000e+00,0.000000e+00,0.000000e+00,0.000000e+00,0.000000e+00,0.000000e+00,0.000000e+00,0.000000e+00,0.000000e+00,0.000000e+00,0.000000e+00,0.000000e+00,0.000000e+00,0.000000e+00,0.000000e+00,0.000000e+00,0.000000e+00,0.000000e+00,0.000000e+00,0.000000e+00,0.000000e+00,0.000000e+00,0.000000e+00,-6.635340e+05,-1.115785e+04,-5.777214e+05,-3.578941e-04,-1.485166e-05,-1.121653e-01,-7.887898e-03,-1.195406e-04,-1.184036e-03,-1.645251e-05,-2.139620e-05,1.280954e+00,1.961349e-02,7.562087e-06,1.521487e-05,-1.023349e-02,5.617010e-06,-5.925964e+00,-1.321496e+01,3.540097e-02,-2.427678e+03,2.434270e+05,1.115770e+04,8.454482e+05,1.576048e-03,2.197540e-01,1.035151e-04,2.235549e+02,-7.090417e+03,-9.125929e+00
2.210509e-03,3.283869e+03,1.327485e+04,-9.396643e-03,4.635230e-06,-1.088742e+01,5.733634e-03,9.484632e-07,9.261901e-02,0.000000e+00,0.000000e+00,5.482702e+01,0.000000e+00,0.000000e+00,0.000000e+00,0.000000e+00,0.000000e+00,0.000000e+00,0.000000e+00,0.000000e+00,0.000000e+00,0.000000e+00,3.283869e+03,2.820894e+03,2.623666e-02,-6.795768e-05,-2.243202e+00,9.097792e-04,0.000000e+00,0.000000e+00,0.000000e+00,0.000000e+00,0.000000e+00,0.000000e+00,0.000000e+00,0.000000e+00,0.000000e+00,0.000000e+00,0.000000e+00,0.000000e+00,0.000000e+00,0.000000e+00,0.000000e+00,0.000000e+00,0.000000e+00,0.000000e+00,0.000000e+00,0.000000e+00,0.000000e+00,0.000000e+00,0.000000e+00,0.000000e+00,0.000000e+00,0.000000e+00,0.000000e+00,0.000000e+00,0.000000e+00,0.000000e+00,-6.376200e+05,-1.327202e+03,-5.876151e+05,-3.656955e-04,-2.012403e-07,-1.232058e-01,-8.478850e-03,-9.193203e-05,-1.404455e-03,-1.885342e-05,-2.277113e-05,1.312950e+00,1.981127e-02,1.683925e-05,1.552394e-05,-1.034757e-02,6.041557e-06,-5.949033e+00,-1.097053e+01,2.987324e-02,-2.419743e+03,2.633410e+05,1.327050e+03,8.261369e+05,1.519828e-03,1.571897e-01,-8.280877e-07,-5.956611e+01,-7.091083e+03,5.872499e+00
2.220902e-03,3.370015e+03,1.318643e+04,-1.008929e-02,-3.383288e-06,-1.085110e+01,5.733648e-03,9.454190e-07,2.877662e-02,0.000000e+00,0.000000e+00,5.749841e+01,0.000000e+00,0.000000e+00,0.000000e+00,0.000000e+00,0.000000e+00,0.000000e+00,0.000000e+00,0.000000e+00,0.000000e+00,0.000000e+00,3.370015e+03,2.806100e+03,1.777233e-02,-1.658357e-04,-2.237459e+00,9.097792e-04,0.000000e+00,0.000000e+00,0.000000e+00,0.000000e+00,0.000000e+00,0.000000e+00,0.000000e+00,0.000000e+00,0.000000e+00,0.000000e+00,0.000000e+00,0.000000e+00,0.000000e+00,0.000000e+00,0.000000e+00,0.000000e+00,0.000000e+00,0.000000e+00,0.000000e+00,0.000000e+00,0.000000e+00,0.000000e+00,0.000000e+00,0.000000e+00,0.000000e+00,0.000000e+00,0.000000e+00,0.000000e+00,0.000000e+00,0.000000e+00,-6.411078e+05,3.136601e+04,-5.605598e+05,-3.450138e-04,-1.849327e-05,-1.358508e-01,-9.154459e-03,-7.725539e-05,-1.685178e-03,-1.878244e-05,-2.375774e-05,1.349618e+00,1.998983e-02,1.731029e-05,1.615639e-05,-1.044657e-02,6.551610e-06,-5.974132e+00,-8.357954e+00,5.997411e-02,-2.410939e+03,2.373453e+05,-3.136615e+04,8.178714e+05,2.175741e-03,8.845183e-02,1.654864e-04,-9.279229e+02,-6.170498e+03,-4.470161e+01
2.230495e-03,3.453149e+03,1.310231e+04,-1.069795e-02,-9.558078e-06,-1.081627e+01,5.733648e-03,9.467043e-07,2.493161e-03,0.000000e+00,0.000000e+00,5.887614e+01,0.000000e+00,0.000000e+00,0.000000e+00,0.000000e+00,0.000000e+00,0.000000e+00,0.000000e+00,0.000000e+00,0.000000e+00,0.000000e+00,3.453149e+03,2.791495e+03,1.004634e-02,-1.555171e-04,-2.231445e+00,9.097795e-04,0.000000e+00,0.000000e+00,0.000000e+00,0.000000e+00,0.000000e+00,0.000000e+00,0.000000e+00,0.000000e+00,0.000000e+00,0.000000e+00,0.000000e+00,0.000000e+00,0.000000e+00,0.000000e+00,0.000000e+00,0.000000e+00,0.000000e+00,0.000000e+00,0.000000e+00,0.000000e+00,0.000000e+00,0.000000e+00,0.000000e+00,0.000000e+00,0.000000e+00,0.000000e+00,0.000000e+00,0.000000e+00,0.000000e+00,0.000000e+00,-6.769246e+05,5.209300e+02,-5.860384e+05,-3.607030e-04,-2.003032e-05,-1.484136e-01,-9.628817e-03,-1.540112e-04,-1.986599e-03,-1.660053e-05,-2.493645e-05,1.384443e+00,2.008274e-02,1.927439e-05,1.701944e-05,-1.051432e-02,6.976321e-06,-5.997217e+00,-5.970607e+00,5.581942e-02,-2.402669e+03,2.453145e+05,-5.211199e+02,8.610973e+05,2.038287e-03,2.800762e-02,8.008597e-05,-1.011209e+02,-6.137913e+03,2.313732e+01
2.240923e-03,3.544317e+03,1.300862e+04,-1.146651e-02,-6.948867e-06,-1.077648e+01,5.733648e-03,9.363725e-07,5.710165e-03,0.000000e+00,0.000000e+00,6.168328e+01,0.000000e+00,0.000000e+00,0.000000e+00,0.000000e+00,0.000000e+00,0.000000e+00,0.000000e+00,0.000000e+00,0.000000e+00,0.000000e+00,3.544317e+03,2.773874e+03,1.629702e-03,-1.090900e-04,-2.223442e+00,9.097792e-04,0.000000e+00,0.000000e+00,0.000000e+00,0.000000e+00,0.000000e+00,0.000000e+00,0.000000e+00,0.000000e+00,0.000000e+00,0.000000e+00,0.000000e+00,0.000000e+00,0.000000e+00,0.000000e+00,0.000000e+00,0.000000e+00,0.000000e+00,0.000000e+00,0.000000e+00,0.000000e+00,0.000000e+00,0.000000e+00,0.000000e+00,0.000000e+00,0.000000e+00,0.000000e+00,0.000000e+00,0.000000e+00,0.000000e+00,0.000000e+00,-6.939158e+05,-1.738251e+04,-5.857652e+05,-3.841081e-04,-3.954182e-05,-1.622544e-01,-9.954446e-03,-1.377862e-04,-2.369117e-03,-1.380157e-05,-2.564726e-05,1.424394e+00,2.023444e-02,1.634143e-05,1.802016e-05,-1.056205e-02,7.389402e-06,-6.022219e+00,-3.426476e+00,4.014788e-02,-2.393597e+03,2.378902e+05,1.738200e+04,8.763836e+05,1.422766e-03,-3.528802e-02,2.276920e-04,4.196200e+02,-5.952058e+03,2.369603e+01
2.250266e-03,3.629765e+03,1.292238e+04,-1.223288e-02,2.634343e-06,-1.073962e+01,5.733648e-03,9.334613e-07,3.260882e-02,0.000000e+00,0.000000e+00,6.272000e+01,0.000000e+00,0.000000e+00,0.000000e+00,0.000000e+00,0.000000e+00,0.000000e+00,0.000000e+00,0.000000e+00,0.000000e+00,0.000000e+00,3.629765e+03,2.758043e+03,-5.524266e-03,-4.926277e-05,-2.215979e+00,9.097795e-04,0.000000e+00,0.000000e+00,0.000000e+00,0.000000e+00,0.000000e+00,0.000000e+00,0.000000e+00,0.000000e+00,0.000000e+00,0.000000e+00,0.000000e+00,0.000000e+00,0.000000e+00,0.000000e+00,0.000000e+00,0.000000e+00,0.000000e+00,0.000000e+00,0.000000e+00,0.000000e+00,0.000000e+00,0.000000e+00,0.000000e+00,0.000000e+00,0.000000e+00,0.000000e+00,0.000000e+00,0.000000e+00,0.000000e+00,0.000000e+00,-7.329631e+05,1.715829e+04,-5.756301e+05,-4.401407e-04,-4.605576e-05,-1.757377e-01,-9.887578e-03,2.828753e-05,-2.717264e-03,-1.175564e-05,-2.645535e-05,1.461259e+00,2.044947e-02,6.320211e-06,1.893355e-05,-1.058301e-02,7.661925e-06,-6.044540e+00,-1.292390e+00,1.767525e-02,-2.385191e+03,2.122120e+05,-1.715851e+04,9.074971e+05,6.639473e-04,-8.857249e-02,1.666517e-04,-4.530742e+02,-5.351665e+03,-1.343234e+01
2.260534e-03,3.724313e+03,1.282564e+04,-1.338835e-02,-5.777894e-06,-1.069806e+01,5.733648e-03,9.333837e-07,8.507913e-02,0.000000e+00,0.000000e+00,6.506863e+01,0.000000e+00,0.000000e+00,0.000000e+00,0.000000e+00,0.000000e+00,0.000000e+00,0.000000e+00,0.000000e+00,0.000000e+00,0.000000e+00,3.724313e+03,2.740423e+03,-1.321947e-02,4.685740e-05,-2.207695e+00,9.097797e-04,0.000000e+00,0.000000e+00,0.000000e+00,0.000000e+00,0.000000e+00,0.000000e+00,0.000000e+00,0.000000e+00,0.000000e+00,0.000000e+00,0.000000e+00,0.000000e+00,0.000000e+00,0.000000e+00,0.000000e+00,0.000000e+00,0.000000e+00,0.000000e+00,0.000000e+00,0.000000e+00,0.000000e+00,0.000000e+00,0.000000e+00,0.000000e+00,0.000000e+00,0.000000e+00,0.000000e+00,0.000000e+00,0.000000e+00,0.000000e+00,-7.621898e+05,-4.891220e+02,-5.788957e+05,-5.059111e-04,-4.288591e-05,-1.913587e-01,-9.698092e-03,7.677307e-05,-3.162059e-03,-9.311581e-06,-2.696523e-05,1.502910e+00,2.090028e-02,1.288368e-05,1.989211e-05,-1.058398e-02,7.671267e-06,-6.068977e+00,8.959715e-01,-1.646007e-02,-2.375708e+03,2.028262e+05,4.888868e+02,9.353689e+05,-3.396432e-04,-1.446519e-01,1.459031e-04,5.472177e+01,-5.254746e+03,3.320146e+01
2.270801e-03,3.822590e+03,1.272704e+04,-1.452353e-02,-2.755151e-05,-1.065547e+01,5.733648e-03,9.333122e-07,1.577501e-01,0.000000e+00,0.000000e+00,6.550519e+01,0.000000e+00,0.000000e+00,0.000000e+00,0.000000e+00,0.000000e+00,0.000000e+00,0.000000e+00,0.000000e+00,0.000000e+00,0.000000e+00,3.822590e+03,2.721639e+03,-2.032460e-02,2.222892e-05,-2.198723e+00,9.097795e-04,0.000000e+00,0.000000e+00,0.000000e+00,0.000000e+00,0.000000e+00,0.000000e+00,0.000000e+00,0.000000e+00,0.000000e+00,0.000000e+00,0.000000e+00,0.000000e+00,0.000000e+00,0.000000e+00,0.000000e+00,0.000000e+00,0.000000e+00,0.000000e+00,0.000000e+00,0.000000e+00,0.000000e+00,0.000000e+00,0.000000e+00,0.000000e+00,0.000000e+00,0.000000e+00,0.000000e+00,0.000000e+00,0.000000e+00,0.000000e+00,-7.757770e+05,2.985456e+04,-5.529994e+05,-5.367751e-04,-6.234438e-05,-2.073402e-01,-9.320203e-03,1.715992e-04,-3.626712e-03,-7.462744e-06,-2.700518e-05,1.545496e+00,2.145394e-02,2.707769e-05,2.092299e-05,-1.056327e-02,7.488332e-06,-6.093316e+00,2.915310e+00,-1.591429e-02,-2.366115e+03,1.736137e+05,-2.985480e+04,9.367479e+05,-5.397155e-04,-1.981220e-01,2.050589e-04,-8.110125e+02,-4.681057e+03,-8.183580e+01
2.280051e-03,3.911868e+03,1.263672e+04,-1.572244e-02,-6.957505e-05,-1.061703e+01,5.733648e-03,1.096867e-06,2.406743e-01,0.000000e+00,0.000000e+00,6.666257e+01,0.000000e+00,0.000000e+00,0.000000e+00,0.000000e+00,0.000000e+00,0.000000e+00,0.000000e+00,0.000000e+00,0.000000e+00,0.000000e+00,3.911868e+03,2.705539e+03,-2.650482e-02,1.279170e-04,-2.191720e+00,9.097791e-04,0.000000e+00,0.000000e+00,0.000000e+00,0.000000e+00,0.000000e+00,0.000000e+00,0.000000e+00,0.000000e+00,0.000000e+00,0.000000e+00,0.000000e+00,0.000000e+00,0.000000e+00,0.000000e+00,0.000000e+00,0.000000e+00,0.000000e+00,0.000000e+00,0.000000e+00,0.000000e+00,0.000000e+00,0.000000e+00,0.000000e+00,0.000000e+00,0.000000e+00,0.000000e+00,0.000000e+00,0.000000e+00,0.000000e+00,0.000000e+00,-7.685613e+05,-1.211652e+04,-5.779688e+05,-5.730147e-04,-7.570074e-05,-2.226208e-01,-9.112963e-03,2.059641e-04,-4.069376e-03,-6.011875e-06,-2.721316e-05,1.583624e+00,2.210364e-02,5.182882e-05,2.175843e-05,-1.052746e-02,7.096783e-06,-6.115156e+00,4.608122e+00,-6.575590e-02,-2.357271e+03,1.992914e+05,1.211629e+04,9.407536e+05,-1.787918e-03,-2.444004e-01,1.098431e-04,2.464325e+02,-5.490461e+03,3.058165e+01
2.290296e-03,4.012714e+03,1.253509e+04,-1.688099e-02,-1.387201e-04,-1.057367e+01,5.733648e-03,1.096793e-06,3.469323e-01,0.000000e+00,0.000000e+00,6.756024e+01,0.000000e+00,0.000000e+00,0.000000e+00,0.000000e+00,0.000000e+00,0.000000e+00,0.000000e+00,0.000000e+00,0.000000e+00,0.000000e+00,4.012714e+03,2.686933e+03,-3.287171e-02,-5.844166e-05,-2.183638e+00,9.097792e-04,0.000000e+00,0.000000e+00,0.000000e+00,0.000000e+00,0.000000e+00,0.000000e+00,0.000000e+00,0.000000e+00,0.000000e+00,0.000000e+00,0.000000e+00,0.000000e+00,0.000000e+00,0.000000e+00,0.000000e+00,0.000000e+00,0.000000e+00,0.000000e+00,0.000000e+00,0.000000e+00,0.000000e+00,0.000000e+00,0.000000e+00,0.000000e+00,0.000000e+00,0.000000e+00,0.000000e+00,0.000000e+00,0.000000e+00,0.000000e+00,-8.308282e+05,1.877576e+02,-5.609964e+05,-6.217643e-04,-6.885941e-05,-2.404991e-01,-8.631925e-03,1.152988e-04,-4.616088e-03,-4.428922e-06,-2.667588e-05,1.627002e+00,2.267075e-02,9.653288e-05,2.266040e-05,-1.046995e-02,6.784019e-06,-6.139249e+00,6.385134e+00,-2.562360e-02,-2.347232e+03,1.576062e+05,-1.879906e+02,9.900266e+05,-7.271387e-04,-2.945797e-01,4.464271e-04,-1.975533e+01,-4.512111e+03,-1.730634e+01
2.300142e-03,4.110643e+03,1.243629e+04,-1.804496e-02,-1.745429e-04,-1.053205e+01,5.733648e-03,1.071717e-06,4.614725e-01,0.000000e+00,0.000000e+00,6.855242e+01,0.000000e+00,0.000000e+00,0.000000e+00,0.000000e+00,0.000000e+00,0.000000e+00,0.000000e+00,0.000000e+00,0.000000e+00,0.000000e+00,4.110643e+03,2.669261e+03,-3.850126e-02,-1.130183e-04,-2.176630e+00,9.097795e-04,0.000000e+00,0.000000e+00,0.000000e+00,0.000000e+00,0.000000e+00,0.000000e+00,0.000000e+00,0.000000e+00,0.000000e+00,0.000000e+00,0.000000e+00,0.000000e+00,0.000000e+00,0.000000e+00,0.000000e+00,0.000000e+00,0.000000e+00,0.000000e+00,0.000000e+00,0.000000e+00,0.000000e+00,0.000000e+00,0.000000e+00,0.000000e+00,0.000000e+00,0.000000e+00,0.000000e+00,0.000000e+00,0.000000e+00,0.000000e+00,-8.684442e+05,-3.697950e+02,-5.668032e+05,-6.678333e-04,-7.934545e-05,-2.583173e-01,-8.165087e-03,8.385182e-05,-5.181249e-03,-3.354299e-06,-2.686409e-05,1.668677e+00,2.323334e-02,1.056197e-04,2.354044e-05,-1.039855e-02,6.718602e-06,-6.162308e+00,7.933265e+00,-1.584670e-02,-2.337376e+03,1.469794e+05,3.695453e+02,1.026576e+06,-4.353249e-04,-3.401981e-01,5.290105e-04,-1.272325e+02,-4.480250e+03,-7.850087e-01
2.310119e-03,4.209670e+03,1.233518e+04,-1.900646e-02,-1.992639e-04,-1.048909e+01,5.733648e-03,1.044051e-06,5.885903e-01,0.000000e+00,0.000000e+00,7.076112e+01,0.000000e+00,0.000000e+00,0.000000e+00,0.000000e+00,0.000000e+00,0.000000e+00,0.000000e+00,0.000000e+00,0.000000e+00,0.000000e+00,4.209670e+03,2.652119e+03,-4.354712e-02,-3.363901e-04,-2.169705e+00,9.097795e-04,0.000000e+00,0.000000e+00,0.000000e+00,0.000000e+00,0.000000e+00,0.000000e+00,0.000000e+00,0.000000e+00,0.000000e+00,0.000000e+00,0.000000e+00,0.000000e+00,0.000000e+00,0.000000e+00,0.000000e+00,0.000000e+00,0.000000e+00,0.000000e+00,0.000000e+00,0.000000e+00,0.000000e+00,0.000000e+00,0.000000e+00,0.000000e+00,0.000000e+00,0.000000e+00,0.000000e+00,0.000000e+00,0.000000e+00,0.000000e+00,-8.743751e+05,-1.200980e+04,-5.611039e+05,-7.263456e-04,-9.575986e-05,-2.771671e-01,-7.620240e-03,-1.210929e-04,-5.750760e-03,-1.891780e-06,-2.634795e-05,1.711792e+00,2.357695e-02,1.108841e-04,2.429876e-05,-1.031139e-02,6.902194e-06,-6.185572e+00,9.351845e+00,4.722462e-02,-2.327131e+03,1.393060e+05,1.200926e+04,1.029545e+06,1.005663e-03,-3.846207e-01,9.065206e-04,2.242609e+02,-4.478521e+03,2.696828e+01
2.320067e-03,4.311319e+03,1.223354e+04,-1.982152e-02,-1.577270e-04,-1.044600e+01,5.733648e-03,1.071517e-06,7.276514e-01,0.000000e+00,0.000000e+00,7.086135e+01,0.000000e+00,0.000000e+00,0.000000e+00,0.000000e+00,0.000000e+00,0.000000e+00,0.000000e+00,0.000000e+00,0.000000e+00,0.000000e+00,4.311319e+03,2.634705e+03,-4.798206e-02,-4.320877e-04,-2.162832e+00,9.097795e-04,0.000000e+00,0.000000e+00,0.000000e+00,0.000000e+00,0.000000e+00,0.000000e+00,0.000000e+00,0.000000e+00,0.000000e+00,0.000000e+00,0.000000e+00,0.000000e+00,0.000000e+00,0.000000e+00,0.000000e+00,0.000000e+00,0.000000e+00,0.000000e+00,0.000000e+00,0.000000e+00,0.000000e+00,0.000000e+00,0.000000e+00,0.000000e+00,0.000000e+00,0.000000e+00,0.000000e+00,0.000000e+00,0.000000e+00,0.000000e+00,-9.067171e+05,1.652791e+04,-5.490029e+05,-8.047926e-04,-9.474810e-05,-2.963119e-01,-7.080899e-03,-1.767311e-04,-6.349872e-03,-1.056183e-06,-2.662906e-05,1.754768e+00,2.392379e-02,7.628207e-05,2.508733e-05,-1.021106e-02,7.253970e-06,-6.208666e+00,1.064647e+01,9.283175e-02,-2.316870e+03,1.146732e+05,-1.652847e+04,1.053750e+06,2.035996e-03,-4.280562e-01,1.161015e-03,-4.340733e+02,-4.003092e+03,4.590551e+01
2.330367e-03,4.414727e+03,1.212789e+04,-2.047995e-02,-7.828871e-05,-1.040093e+01,5.733648e-03,9.323031e-07,8.765155e-01,0.000000e+00,0.000000e+00,7.307699e+01,0.000000e+00,0.000000e+00,0.000000e+00,0.000000e+00,0.000000e+00,0.000000e+00,0.000000e+00,0.000000e+00,0.000000e+00,0.000000e+00,4.414727e+03,2.616791e+03,-5.182151e-02,-1.940739e-04,-2.155756e+00,9.097793e-04,0.000000e+00,0.000000e+00,0.000000e+00,0.000000e+00,0.000000e+00,0.000000e+00,0.000000e+00,0.000000e+00,0.000000e+00,0.000000e+00,0.000000e+00,0.000000e+00,0.000000e+00,0.000000e+00,0.000000e+00,0.000000e+00,0.000000e+00,0.000000e+00,0.000000e+00,0.000000e+00,0.000000e+00,0.000000e+00,0.000000e+00,0.000000e+00,0.000000e+00,0.000000e+00,0.000000e+00,0.000000e+00,0.000000e+00,0.000000e+00,-8.948136e+05,7.149918e+03,-5.454898e+05,-8.963362e-04,-7.395718e-05,-3.167552e-01,-6.421243e-03,-7.885985e-05,-6.991606e-03,2.190633e-07,-2.667586e-05,1.800199e+00,2.407624e-02,1.439432e-05,2.579286e-05,-1.009482e-02,7.750111e-06,-6.232468e+00,1.180020e+01,4.031657e-02,-2.306022e+03,1.165106e+05,-7.150200e+03,1.041478e+06,5.471577e-04,-4.701940e-01,1.440898e-03,-1.374628e+02,-4.225163e+03,3.415575e+01
2.340993e-03,4.523890e+03,1.201846e+04,-2.095066e-02,-2.743585e-05,-1.035376e+01,5.733648e-03,1.071412e-06,1.029780e+00,0.000000e+00,0.000000e+00,7.330338e+01,0.000000e+00,0.000000e+00,0.000000e+00,0.000000e+00,0.000000e+00,0.000000e+00,0.000000e+00,0.000000e+00,0.000000e+00,0.000000e+00,4.523890e+03,2.598473e+03,-5.497686e-02,-7.599941e-05,-2.148164e+00,9.097792e-04,0.000000e+00,0.000000e+00,0.000000e+00,0.000000e+00,0.000000e+00,0.000000e+00,0.000000e+00,0.000000e+00,0.000000e+00,0.000000e+00,0.000000e+00,0.000000e+00,0.000000e+00,0.000000e+00,0.000000e+00,0.000000e+00,0.000000e+00,0.000000e+00,0.000000e+00,0.000000e+00,0.000000e+00,0.000000e+00,0.000000e+00,0.000000e+00,0.000000e+00,0.000000e+00,0.000000e+00,0.000000e+00,0.000000e+00,0.000000e+00,-9.218541e+05,-2.277348e+04,-5.265943e+05,-9.855948e-04,-6.859887e-05,-3.380792e-01,-5.602220e-03,-1.274391e-04,-7.655706e-03,1.082608e-06,-2.677676e-05,1.847062e+00,2.414927e-02,-2.176146e-05,2.650112e-05,-9.963414e-03,8.140069e-06,-6.256907e+00,1.280785e+01,1.703537e-02,-2.294900e+03,8.795725e+04,2.277290e+04,1.058008e+06,-2.464420e-04,-5.098364e-01,1.752408e-03,5.798436e+02,-3.630663e+03,4.624463e+01
2.350735e-03,4.623097e+03,1.191759e+04,-2.128505e-02,1.429596e-05,-1.031018e+01,5.733648e-03,9.322531e-07,1.168996e+00,0.000000e+00,0.000000e+00,7.492108e+01,0.000000e+00,0.000000e+00,0.000000e+00,0.000000e+00,0.000000e+00,0.000000e+00,0.000000e+00,0.000000e+00,0.000000e+00,0.000000e+00,4.623097e+03,2.580896e+03,-5.742438e-02,-4.270194e-05,-2.140984e+00,9.097793e-04,0.000000e+00,0.000000e+00,0.000000e+00,0.000000e+00,0.000000e+00,0.000000e+00,0.000000e+00,0.000000e+00,0.000000e+00,0.000000e+00,0.000000e+00,0.000000e+00,0.000000e+00,0.000000e+00,0.000000e+00,0.000000e+00,0.000000e+00,0.000000e+00,0.000000e+00,0.000000e+00,0.000000e+00,0.000000e+00,0.000000e+00,0.000000e+00,0.000000e+00,0.000000e+00,0.000000e+00,0.000000e+00,0.000000e+00,0.000000e+00,-9.413864e+05,-2.323223e+04,-5.029476e+05,-1.132091e-03,-9.301605e-05,-3.580835e-01,-4.779206e-03,-9.867860e-05,-8.295327e-03,2.159674e-06,-2.674559e-05,1.891017e+00,2.415663e-02,-6.228235e-05,2.710434e-05,-9.834170e-03,8.492251e-06,-6.279208e+00,1.361336e+01,1.704776e-02,-2.284534e+03,5.826824e+04,2.323165e+04,1.065725e+06,-5.318450e-04,-5.439179e-01,2.006268e-03,5.558514e+02,-2.918798e+03,1.814068e+01
2.360057e-03,4.719899e+03,1.181990e+04,-2.141502e-02,3.180647e-05,-1.026669e+01,5.733648e-03,9.321817e-07,1.301605e+00,0.000000e+00,0.000000e+00,7.583694e+01,0.000000e+00,0.000000e+00,0.000000e+00,0.000000e+00,0.000000e+00,0.000000e+00,0.000000e+00,0.000000e+00,0.000000e+00,0.000000e+00,4.719899e+03,2.564196e+03,-5.911846e-02,-1.913845e-05,-2.133009e+00,9.097796e-04,0.000000e+00,0.000000e+00,0.000000e+00,0.000000e+00,0.000000e+00,0.000000e+00,0.000000e+00,0.000000e+00,0.000000e+00,0.000000e+00,0.000000e+00,0.000000e+00,0.000000e+00,0.000000e+00,0.000000e+00,0.000000e+00,0.000000e+00,0.000000e+00,0.000000e+00,0.000000e+00,0.000000e+00,0.000000e+00,0.000000e+00,0.000000e+00,0.000000e+00,0.000000e+00,0.000000e+00,0.000000e+00,0.000000e+00,0.000000e+00,-9.445219e+05,1.489253e+04,-5.081391e+05,-1.246077e-03,-1.196990e-04,-3.778470e-01,-4.056337e-03,2.640128e-05,-8.931214e-03,3.020002e-06,-2.640705e-05,1.934536e+00,2.395957e-02,-8.044254e-05,2.762535e-05,-9.704028e-03,8.796418e-06,-6.300454e+00,1.424407e+01,1.699032e-02,-2.274502e+03,6.164351e+04,-1.489286e+04,1.070760e+06,-8.586370e-04,-5.739056e-01,2.155110e-03,-5.259507e+02,-3.151078e+03,-3.507866e+01
2.370311e-03,4.827904e+03,1.171100e+04,-2.159824e-02,4.603047e-05,-1.021916e+01,5.733648e-03,9.321262e-07,1.443615e+00,0.000000e+00,0.000000e+00,7.678661e+01,0.000000e+00,0.000000e+00,0.000000e+00,0.000000e+00,0.000000e+00,0.000000e+00,0.000000e+00,0.000000e+00,0.000000e+00,0.000000e+00,4.827904e+03,2.544667e+03,-6.060418e-02,-8.160656e-05,-2.124851e+00,9.097797e-04,0.000000e+00,0.000000e+00,0.000000e+00,0.000000e+00,0.000000e+00,0.000000e+00,0.000000e+00,0.000000e+00,0.000000e+00,0.000000e+00,0.000000e+00,0.000000e+00,0.000000e+00,0.000000e+00,0.000000e+00,0.000000e+00,0.000000e+00,0.000000e+00,0.000000e+00,0.000000e+00,0.000000e+00,0.000000e+00,0.000000e+00,0.000000e+00,0.000000e+00,0.000000e+00,0.000000e+00,0.000000e+00,0.000000e+00,0.000000e+00,-9.485468e+05,2.421157e+04,-5.031058e+05,-1.379252e-03,-1.619914e-04,-3.999889e-01,-3.175592e-03,2.656944e-05,-9.694941e-03,4.241212e-06,-2.638325e-05,1.982120e+00,2.382227e-02,-1.017665e-04,2.809025e-05,-9.554832e-03,9.077077e-06,-6.323714e+00,1.480612e+01,4.013768e-02,-2.263392e+03,5.537442e+04,-2.421189e+04,1.072283e+06,-5.949949e-04,-6.045521e-01,2.418675e-03,-6.403781e+02,-2.998484e+03,-1.857811e+01
2.380564e-03,4.937311e+03,1.160011e+04,-2.157863e-02,1.953086e-05,-1.016977e+01,5.733648e-03,9.320811e-07,1.591371e+00,0.000000e+00,0.000000e+00,7.840270e+01,0.000000e+00,0.000000e+00,0.000000e+00,0.000000e+00,0.000000e+00,0.000000e+00,0.000000e+00,0.000000e+00,0.000000e+00,0.000000e+00,4.937311e+03,2.523976e+03,-6.174484e-02,-4.841026e-05,-2.115385e+00,9.097792e-04,0.000000e+00,0.000000e+00,0.000000e+00,0.000000e+00,0.000000e+00,0.000000e+00,0.000000e+00,0.000000e+00,0.000000e+00,0.000000e+00,0.000000e+00,0.000000e+00,0.000000e+00,0.000000e+00,0.000000e+00,0.000000e+00,0.000000e+00,0.000000e+00,0.000000e+00,0.000000e+00,0.000000e+00,0.000000e+00,0.000000e+00,0.000000e+00,0.000000e+00,0.000000e+00,0.000000e+00,0.000000e+00,0.000000e+00,0.000000e+00,-9.847081e+05,1.485617e+04,-5.160141e+05,-1.455451e-03,-1.538653e-04,-4.229225e-01,-2.483997e-03,5.166433e-05,-1.053817e-02,5.544392e-06,-2.578770e-05,2.031524e+00,2.349566e-02,-9.486705e-05,2.859274e-05,-9.400076e-03,9.208890e-06,-6.346859e+00,1.532264e+01,2.305016e-02,-2.252128e+03,5.179455e+04,-1.485678e+04,1.110512e+06,-1.033065e-03,-6.348292e-01,2.532573e-03,-2.974210e+02,-2.949006e+03,-3.410953e+00
2.390817e-03,5.048453e+03,1.148801e+04,-2.151461e-02,-3.659497e-05,-1.012070e+01,5.733648e-03,9.320336e-07,1.740612e+00,0.000000e+00,0.000000e+00,7.960463e+01,0.000000e+00,0.000000e+00,0.000000e+00,0.000000e+00,0.000000e+00,0.000000e+00,0.000000e+00,0.000000e+00,0.000000e+00,0.000000e+00,5.048453e+03,2.503774e+03,-6.273009e-02,4.367274e-05,-2.107160e+00,9.097795e-04,0.000000e+00,0.000000e+00,0.000000e+00,0.000000e+00,0.000000e+00,0.000000e+00,0.000000e+00,0.000000e+00,0.000000e+00,0.000000e+00,0.000000e+00,0.000000e+00,0.000000e+00,0.000000e+00,0.000000e+00,0.000000e+00,0.000000e+00,0.000000e+00,0.000000e+00,0.000000e+00,0.000000e+00,0.000000e+00,0.000000e+00,0.000000e+00,0.000000e+00,0.000000e+00,0.000000e+00,0.000000e+00,0.000000e+00,0.000000e+00,-9.956877e+05,-1.844382e+04,-4.985323e+05,-1.491851e-03,-1.955711e-04,-4.468086e-01,-1.916930e-03,1.450618e-04,-1.145823e-02,6.732394e-06,-2.541974e-05,2.080627e+00,2.313046e-02,-7.220761e-05,2.899455e-05,-9.240314e-03,9.227555e-06,-6.369885e+00,1.580267e+01,-2.533239e-02,-2.240606e+03,3.130316e+04,1.844348e+04,1.113081e+06,-2.218013e-03,-6.642994e-01,2.462674e-03,3.766852e+02,-2.288479e+03,4.861009e+01
2.400137e-03,5.149759e+03,1.138390e+04,-2.118627e-02,-8.329770e-05,-1.007392e+01,5.733648e-03,9.319711e-07,1.873294e+00,0.000000e+00,0.000000e+00,8.259604e+01,0.000000e+00,0.000000e+00,0.000000e+00,0.000000e+00,0.000000e+00,0.000000e+00,0.000000e+00,0.000000e+00,0.000000e+00,0.000000e+00,5.149759e+03,2.481533e+03,-6.329672e-02,-2.578169e-05,-2.097032e+00,9.097796e-04,0.000000e+00,0.000000e+00,0.000000e+00,0.000000e+00,0.000000e+00,0.000000e+00,0.000000e+00,0.000000e+00,0.000000e+00,0.000000e+00,0.000000e+00,0.000000e+00,0.000000e+00,0.000000e+00,0.000000e+00,0.000000e+00,0.000000e+00,0.000000e+00,0.000000e+00,0.000000e+00,0.000000e+00,0.000000e+00,0.000000e+00,0.000000e+00,0.000000e+00,0.000000e+00,0.000000e+00,0.000000e+00,0.000000e+00,0.000000e+00,-1.048517e+06,-2.341370e+04,-5.568728e+05,-1.570023e-03,-2.370094e-04,-4.683959e-01,-1.596659e-03,1.535133e-04,-1.232355e-02,8.167806e-06,-2.476147e-05,2.127503e+00,2.257885e-02,-5.967853e-05,2.937181e-05,-9.090999e-03,9.113833e-06,-6.390715e+00,1.621040e+01,-1.973952e-02,-2.230294e+03,6.186133e+04,2.341336e+04,1.185609e+06,-2.110199e-03,-6.886823e-01,2.208938e-03,6.186674e+02,-3.390044e+03,5.097410e+01
2.410333e-03,5.265550e+03,1.126821e+04,-2.068295e-02,-1.589279e-04,-1.002292e+01,5.733652e-03,9.257400e-07,2.010555e+00,0.000000e+00,0.000000e+00,8.279611e+01,0.000000e+00,0.000000e+00,0.000000e+00,0.000000e+00,0.000000e+00,0.000000e+00,0.000000e+00,0.000000e+00,0.000000e+00,0.000000e+00,5.265550e+03,2.458227e+03,-6.361714e-02,-4.051556e-05,-2.087461e+00,9.097792e-04,0.000000e+00,0.000000e+00,0.000000e+00,0.000000e+00,0.000000e+00,0.000000e+00,0.000000e+00,0.000000e+00,0.000000e+00,0.000000e+00,0.000000e+00,0.000000e+00,0.000000e+00,0.000000e+00,0.000000e+00,0.000000e+00,0.000000e+00,0.000000e+00,0.000000e+00,0.000000e+00,0.000000e+00,0.000000e+00,0.000000e+00,0.000000e+00,0.000000e+00,0.000000e+00,0.000000e+00,0.000000e+00,0.000000e+00,0.000000e+00,-1.046396e+06,-5.634385e+03,-5.682593e+05,-1.663140e-03,-2.530361e-04,-4.935124e-01,-1.143617e-03,2.830602e-04,-1.335204e-02,9.457672e-06,-2.403857e-05,2.178523e+00,2.198196e-02,-2.317456e-05,2.966131e-05,-8.923557e-03,8.860834e-06,-6.413389e+00,1.659768e+01,-4.200830e-02,-2.218607e+03,7.307045e+04,5.634047e+03,1.188496e+06,-2.339854e-03,-7.134931e-01,1.866808e-03,2.454241e+02,-3.480253e+03,-5.847187e+01
2.420516e-03,5.380405e+03,1.115065e+04,-2.000140e-02,-1.991981e-04,-9.969968e+00,5.733652e-03,9.257675e-07,2.141196e+00,0.000000e+00,0.000000e+00,8.576388e+01,0.000000e+00,0.000000e+00,0.000000e+00,0.000000e+00,0.000000e+00,0.000000e+00,0.000000e+00,0.000000e+00,0.000000e+00,0.000000e+00,5.380405e+03,2.432986e+03,-6.379275e-02,1.893577e-05,-2.076264e+00,9.097796e-04,0.000000e+00,0.000000e+00,0.000000e+00,0.000000e+00,0.000000e+00,0.000000e+00,0.000000e+00,0.000000e+00,0.000000e+00,0.000000e+00,0.000000e+00,0.000000e+00,0.000000e+00,0.000000e+00,0.000000e+00,0.000000e+00,0.000000e+00,0.000000e+00,0.000000e+00,0.000000e+00,0.000000e+00,0.000000e+00,0.000000e+00,0.000000e+00,0.000000e+00,0.000000e+00,0.000000e+00,0.000000e+00,0.000000e+00,0.000000e+00,-1.043928e+06,-3.052615e+04,-5.393436e+05,-1.733958e-03,-2.824496e-04,-5.191059e-01,-7.354896e-04,3.244851e-04,-1.444873e-02,1.108999e-05,-2.326445e-05,2.231570e+00,2.129691e-02,-1.121297e-05,2.993248e-05,-8.752390e-03,8.413104e-06,-6.435916e+00,1.698281e+01,-7.364354e-02,-2.206872e+03,4.789434e+04,3.052555e+04,1.174045e+06,-2.641283e-03,-7.367895e-01,1.227926e-03,8.357855e+02,-2.556897e+03,3.996988e+00
2.430699e-03,5.498987e+03,1.103151e+04,-1.919255e-02,-2.496341e-04,-9.917091e+00,5.733652e-03,9.257558e-07,2.241942e+00,0.000000e+00,0.000000e+00,8.660801e+01,0.000000e+00,0.000000e+00,0.000000e+00,0.000000e+00,0.000000e+00,0.000000e+00,0.000000e+00,0.000000e+00,0.000000e+00,0.000000e+00,5.498987e+03,2.406986e+03,-6.355536e-02,-4.361919e-05,-2.065619e+00,9.097792e-04,0.000000e+00,0.000000e+00,0.000000e+00,0.000000e+00,0.000000e+00,0.000000e+00,0.000000e+00,0.000000e+00,0.000000e+00,0.000000e+00,0.000000e+00,0.000000e+00,0.000000e+00,0.000000e+00,0.000000e+00,0.000000e+00,0.000000e+00,0.000000e+00,0.000000e+00,0.000000e+00,0.000000e+00,0.000000e+00,0.000000e+00,0.000000e+00,0.000000e+00,0.000000e+00,0.000000e+00,0.000000e+00,0.000000e+00,0.000000e+00,-1.066502e+06,-1.679847e+04,-5.143555e+05,-1.812800e-03,-3.009538e-04,-5.457076e-01,-1.299944e-04,3.454231e-04,-1.561209e-02,1.236592e-05,-2.238287e-05,2.284428e+00,2.057166e-02,4.827373e-06,3.007221e-05,-8.578088e-03,7.720689e-06,-6.458323e+00,1.725714e+01,-6.857672e-02,-2.194987e+03,1.570040e+04,1.679845e+04,1.183952e+06,-1.931291e-03,-7.545572e-01,6.200811e-04,5.436750e+02,-1.253644e+03,-7.303912e+01
2.440882e-03,5.615999e+03,1.091111e+04,-1.835014e-02,-2.868614e-04,-9.862615e+00,5.733652e-03,9.257441e-07,2.299935e+00,0.000000e+00,0.000000e+00,9.023256e+01,0.000000e+00,0.000000e+00,0.000000e+00,0.000000e+00,0.000000e+00,0.000000e+00,0.000000e+00,0.000000e+00,0.000000e+00,0.000000e+00,5.615999e+03,2.379251e+03,-6.308571e-02,6.612088e-05,-2.053496e+00,9.097792e-04,0.000000e+00,0.000000e+00,0.000000e+00,0.000000e+00,0.000000e+00,0.000000e+00,0.000000e+00,0.000000e+00,0.000000e+00,0.000000e+00,0.000000e+00,0.000000e+00,0.000000e+00,0.000000e+00,0.000000e+00,0.000000e+00,0.000000e+00,0.000000e+00,0.000000e+00,0.000000e+00,0.000000e+00,0.000000e+00,0.000000e+00,0.000000e+00,0.000000e+00,0.000000e+00,0.000000e+00,0.000000e+00,0.000000e+00,0.000000e+00,-1.047770e+06,-5.194988e+03,-4.746322e+05,-1.908637e-03,-3.157459e-04,-5.725279e-01,6.072824e-04,5.097489e-04,-1.680238e-02,1.387725e-05,-2.157222e-05,2.339004e+00,1.985929e-02,-2.125800e-06,3.012572e-05,-8.401582e-03,6.813490e-06,-6.480609e+00,1.742443e+01,-1.168910e-01,-2.183128e+03,-1.240031e+04,5.194462e+03,1.150193e+06,-2.454163e-03,-7.648972e-01,-2.567864e-04,2.108635e+02,1.228481e+02,-4.417617e+01
2.450140e-03,5.726507e+03,1.080033e+04,-1.771352e-02,-3.404665e-04,-9.812867e+00,5.733652e-03,9.257400e-07,2.330717e+00,0.000000e+00,0.000000e+00,9.079394e+01,0.000000e+00,0.000000e+00,0.000000e+00,0.000000e+00,0.000000e+00,0.000000e+00,0.000000e+00,0.000000e+00,0.000000e+00,0.000000e+00,5.726507e+03,2.353970e+03,-6.285907e-02,4.476670e-05,-2.042883e+00,9.097793e-04,0.000000e+00,0.000000e+00,0.000000e+00,0.000000e+00,0.000000e+00,0.000000e+00,0.000000e+00,0.000000e+00,0.000000e+00,0.000000e+00,0.000000e+00,0.000000e+00,0.000000e+00,0.000000e+00,0.000000e+00,0.000000e+00,0.000000e+00,0.000000e+00,0.000000e+00,0.000000e+00,0.000000e+00,0.000000e+00,0.000000e+00,0.000000e+00,0.000000e+00,0.000000e+00,0.000000e+00,0.000000e+00,0.000000e+00,0.000000e+00,-1.080951e+06,6.106575e+03,-5.347257e+05,-1.983160e-03,-3.148582e-04,-5.982192e-01,9.250665e-04,5.324552e-04,-1.801141e-02,1.514573e-05,-2.063006e-05,2.388716e+00,1.932563e-02,-2.078674e-06,3.012673e-05,-8.239662e-03,5.880161e-06,-6.500764e+00,1.757701e+01,-1.215769e-01,-2.172154e+03,2.804206e+04,-6.106856e+03,1.205654e+06,-1.800506e-03,-7.696649e-01,-7.838157e-04,-1.794180e+02,-5.998802e+02,-4.757357e+01
2.460334e-03,5.845937e+03,1.067743e+04,-1.705844e-02,-3.826565e-04,-9.757396e+00,5.733665e-03,9.257400e-07,2.308154e+00,0.000000e+00,0.000000e+00,9.454161e+01,0.000000e+00,0.000000e+00,0.000000e+00,0.000000e+00,0.000000e+00,0.000000e+00,0.000000e+00,0.000000e+00,0.000000e+00,0.000000e+00,5.845937e+03,2.324243e+03,-6.257381e-02,-4.471594e-05,-2.030420e+00,9.097796e-04,0.000000e+00,0.000000e+00,0.000000e+00,0.000000e+00,0.000000e+00,0.000000e+00,0.000000e+00,0.000000e+00,0.000000e+00,0.000000e+00,0.000000e+00,0.000000e+00,0.000000e+00,0.000000e+00,0.000000e+00,0.000000e+00,0.000000e+00,0.000000e+00,0.000000e+00,0.000000e+00,0.000000e+00,0.000000e+00,0.000000e+00,0.000000e+00,0.000000e+00,0.000000e+00,0.000000e+00,0.000000e+00,0.000000e+00,0.000000e+00,-1.075116e+06,2.520184e+04,-5.289476e+05,-2.040081e-03,-3.191127e-04,-6.266083e-01,1.429745e-03,5.124304e-04,-1.938672e-02,1.656425e-05,-1.969590e-05,2.444288e+00,1.886193e-02,-1.696257e-06,2.992503e-05,-8.060006e-03,4.821246e-06,-6.522841e+00,1.765598e+01,-1.027296e-01,-2.160151e+03,2.526032e+04,-2.520180e+04,1.197924e+06,-8.428453e-04,-7.662860e-01,-1.231962e-03,-5.348947e+02,1.683626e+02,-1.234121e+02
2.470518e-03,5.970437e+03,1.055363e+04,-1.647361e-02,-4.168326e-04,-9.701344e+00,5.733670e-03,9.257682e-07,2.243092e+00,0.000000e+00,0.000000e+00,9.425507e+01,0.000000e+00,0.000000e+00,0.000000e+00,0.000000e+00,0.000000e+00,0.000000e+00,0.000000e+00,0.000000e+00,0.000000e+00,0.000000e+00,5.970437e+03,2.294552e+03,-6.245323e-02,-6.299128e-05,-2.017969e+00,9.097792e-04,0.000000e+00,0.000000e+00,0.000000e+00,0.000000e+00,0.000000e+00,0.000000e+00,0.000000e+00,0.000000e+00,0.000000e+00,0.000000e+00,0.000000e+00,0.000000e+00,0.000000e+00,0.000000e+00,0.000000e+00,0.000000e+00,0.000000e+00,0.000000e+00,0.000000e+00,0.000000e+00,0.000000e+00,0.000000e+00,0.000000e+00,0.000000e+00,0.000000e+00,0.000000e+00,0.000000e+00,0.000000e+00,0.000000e+00,0.000000e+00,-1.045412e+06,8.048131e+03,-4.900672e+05,-2.069952e-03,-3.245081e-04,-6.561750e-01,1.774015e-03,4.692222e-04,-2.082166e-02,1.807836e-05,-1.873020e-05,2.500329e+00,1.842905e-02,-4.986323e-06,2.970618e-05,-7.879510e-03,3.773353e-06,-6.544771e+00,1.772099e+01,-1.062663e-01,-2.147971e+03,2.558322e+03,-8.048092e+03,1.154576e+06,-5.260608e-04,-7.561169e-01,-1.482209e-03,-1.972313e+02,1.696466e+03,-7.265508e+01
2.480701e-03,6.091078e+03,1.042875e+04,-1.584804e-02,-4.110123e-04,-9.644844e+00,5.733670e-03,9.257400e-07,2.142428e+00,0.000000e+00,0.000000e+00,9.888210e+01,0.000000e+00,0.000000e+00,0.000000e+00,0.000000e+00,0.000000e+00,0.000000e+00,0.000000e+00,0.000000e+00,0.000000e+00,0.000000e+00,6.091078e+03,2.262874e+03,-6.253137e-02,-4.736660e-05,-2.005011e+00,9.097796e-04,0.000000e+00,0.000000e+00,0.000000e+00,0.000000e+00,0.000000e+00,0.000000e+00,0.000000e+00,0.000000e+00,0.000000e+00,0.000000e+00,0.000000e+00,0.000000e+00,0.000000e+00,0.000000e+00,0.000000e+00,0.000000e+00,0.000000e+00,0.000000e+00,0.000000e+00,0.000000e+00,0.000000e+00,0.000000e+00,0.000000e+00,0.000000e+00,0.000000e+00,0.000000e+00,0.000000e+00,0.000000e+00,0.000000e+00,0.000000e+00,-1.088744e+06,1.573068e+04,-5.196182e+05,-2.047359e-03,-3.214672e-04,-6.862953e-01,1.686698e-03,4.986114e-04,-2.236444e-02,1.945960e-05,-1.783868e-05,2.556922e+00,1.795997e-02,-3.893167e-05,2.936743e-05,-7.698482e-03,2.803933e-06,-6.566577e+00,1.780440e+01,-1.086734e-01,-2.135868e+03,1.102958e+04,-1.573120e+04,1.206336e+06,-2.866314e-04,-7.390685e-01,-1.578102e-03,-4.856294e+02,1.901446e+03,-8.164565e+00
2.490884e-03,6.216925e+03,1.030331e+04,-1.509134e-02,-3.897927e-04,-9.587261e+00,5.733670e-03,9.257400e-07,1.985882e+00,0.000000e+00,0.000000e+00,9.884869e+01,0.000000e+00,0.000000e+00,0.000000e+00,0.000000e+00,0.000000e+00,0.000000e+00,0.000000e+00,0.000000e+00,0.000000e+00,0.000000e+00,6.216925e+03,2.230949e+03,-6.233913e-02,-1.822336e-04,-1.991235e+00,9.097793e-04,0.000000e+00,0.000000e+00,0.000000e+00,0.000000e+00,0.000000e+00,0.000000e+00,0.000000e+00,0.000000e+00,0.000000e+00,0.000000e+00,0.000000e+00,0.000000e+00,0.000000e+00,0.000000e+00,0.000000e+00,0.000000e+00,0.000000e+00,0.000000e+00,0.000000e+00,0.000000e+00,0.000000e+00,0.000000e+00,0.000000e+00,0.000000e+00,0.000000e+00,0.000000e+00,0.000000e+00,0.000000e+00,0.000000e+00,0.000000e+00,-1.083190e+06,2.065658e+04,-5.314806e+05,-2.059967e-03,-3.227030e-04,-7.170185e-01,1.712214e-03,3.690444e-04,-2.390860e-02,2.104269e-05,-1.699573e-05,2.614482e+00,1.743438e-02,-7.986360e-05,2.900022e-05,-7.517198e-03,1.961551e-06,-6.588259e+00,1.778801e+01,-5.481009e-02,-2.123701e+03,2.411826e+04,-2.065652e+04,1.206312e+06,1.186784e-03,-7.117653e-01,-1.458439e-03,-5.695854e+02,2.286602e+03,-6.065106e-01
2.500169e-03,6.329610e+03,1.018817e+04,-1.431483e-02,-3.668671e-04,-9.534556e+00,5.733670e-03,9.313762e-07,1.817961e+00,0.000000e+00,0.000000e+00,1.016141e+02,0.000000e+00,0.000000e+00,0.000000e+00,0.000000e+00,0.000000e+00,0.000000e+00,0.000000e+00,0.000000e+00,0.000000e+00,0.000000e+00,6.329610e+03,2.201391e+03,-6.229218e-02,-1.686163e-04,-1.978976e+00,9.097796e-04,0.000000e+00,0.000000e+00,0.000000e+00,0.000000e+00,0.000000e+00,0.000000e+00,0.000000e+00,0.000000e+00,0.000000e+00,0.000000e+00,0.000000e+00,0.000000e+00,0.000000e+00,0.000000e+00,0.000000e+00,0.000000e+00,0.000000e+00,0.000000e+00,0.000000e+00,0.000000e+00,0.000000e+00,0.000000e+00,0.000000e+00,0.000000e+00,0.000000e+00,0.000000e+00,0.000000e+00,0.000000e+00,0.000000e+00,0.000000e+00,-1.083242e+06,-8.995937e+03,-5.107479e+05,-2.014282e-03,-3.399126e-04,-7.455584e-01,1.573565e-03,3.165071e-04,-2.540205e-02,1.981742e-05,-1.610705e-05,2.667252e+00,1.694296e-02,-1.170061e-04,2.871189e-05,-7.351790e-03,1.348593e-06,-6.607922e+00,1.779806e+01,-5.443473e-02,-2.112514e+03,5.297537e+03,8.995428e+03,1.197602e+06,9.359848e-04,-6.816332e-01,-1.191624e-03,2.989684e+02,3.516014e+03,2.568009e+01
2.510358e-03,6.457231e+03,1.006142e+04,-1.346370e-02,-3.497242e-04,-9.475404e+00,5.733670e-03,9.257400e-07,1.604328e+00,0.000000e+00,0.000000e+00,1.011153e+02,0.000000e+00,0.000000e+00,0.000000e+00,0.000000e+00,0.000000e+00,0.000000e+00,0.000000e+00,0.000000e+00,0.000000e+00,0.000000e+00,6.457231e+03,2.168254e+03,-6.231480e-02,-2.871279e-04,-1.964209e+00,9.097796e-04,0.000000e+00,0.000000e+00,0.000000e+00,0.000000e+00,0.000000e+00,0.000000e+00,0.000000e+00,0.000000e+00,0.000000e+00,0.000000e+00,0.000000e+00,0.000000e+00,0.000000e+00,0.000000e+00,0.000000e+00,0.000000e+00,0.000000e+00,0.000000e+00,0.000000e+00,0.000000e+00,0.000000e+00,0.000000e+00,0.000000e+00,0.000000e+00,0.000000e+00,0.000000e+00,0.000000e+00,0.000000e+00,0.000000e+00,0.000000e+00,-1.104108e+06,-3.722311e+03,-4.946232e+05,-1.977917e-03,-3.527905e-04,-7.772900e-01,1.486768e-03,2.146451e-04,-2.703325e-02,1.405520e-05,-1.560080e-05,2.726418e+00,1.653067e-02,-1.424679e-04,2.859216e-05,-7.170625e-03,1.098796e-06,-6.629377e+00,1.778009e+01,-6.714805e-03,-2.100228e+03,-1.814216e+04,3.722331e+03,1.209701e+06,2.129826e-03,-6.410158e-01,-7.424954e-04,1.048032e+02,4.806411e+03,4.431778e+01
2.520547e-03,6.582263e+03,9.934379e+03,-1.263002e-02,-3.243264e-04,-9.416196e+00,5.733696e-03,9.257400e-07,1.378987e+00,0.000000e+00,0.000000e+00,1.034920e+02,0.000000e+00,0.000000e+00,0.000000e+00,0.000000e+00,0.000000e+00,0.000000e+00,0.000000e+00,0.000000e+00,0.000000e+00,0.000000e+00,6.582263e+03,2.134464e+03,-6.247568e-02,-3.465472e-04,-1.949530e+00,9.097792e-04,0.000000e+00,0.000000e+00,0.000000e+00,0.000000e+00,0.000000e+00,0.000000e+00,0.000000e+00,0.000000e+00,0.000000e+00,0.000000e+00,0.000000e+00,0.000000e+00,0.000000e+00,0.000000e+00,0.000000e+00,0.000000e+00,0.000000e+00,0.000000e+00,0.000000e+00,0.000000e+00,0.000000e+00,0.000000e+00,0.000000e+00,0.000000e+00,0.000000e+00,0.000000e+00,0.000000e+00,0.000000e+00,0.000000e+00,0.000000e+00,-1.098964e+06,-9.225733e+03,-5.082619e+05,-1.939080e-03,-3.791894e-04,-8.092619e-01,1.341430e-03,1.496768e-04,-2.871454e-02,6.029478e-06,-1.536016e-05,2.785739e+00,1.626450e-02,-1.852942e-04,2.849795e-05,-6.989722e-03,1.211576e-06,-6.650708e+00,1.775991e+01,2.054790e-02,-2.087927e+03,-3.613961e+03,9.225456e+03,1.210801e+06,2.778071e-03,-5.944619e-01,-4.699415e-04,2.270424e+02,4.823151e+03,1.926127e+01
2.530730e-03,6.709021e+03,9.807122e+03,-1.172729e-02,-2.811412e-04,-9.355668e+00,5.733696e-03,9.257400e-07,1.154477e+00,0.000000e+00,0.000000e+00,1.042891e+02,0.000000e+00,0.000000e+00,0.000000e+00,0.000000e+00,0.000000e+00,0.000000e+00,0.000000e+00,0.000000e+00,0.000000e+00,0.000000e+00,6.709021e+03,2.100469e+03,-6.271472e-02,-4.415980e-04,-1.933772e+00,9.097792e-04,0.000000e+00,0.000000e+00,0.000000e+00,0.000000e+00,0.000000e+00,0.000000e+00,0.000000e+00,0.000000e+00,0.000000e+00,0.000000e+00,0.000000e+00,0.000000e+00,0.000000e+00,0.000000e+00,0.000000e+00,0.000000e+00,0.000000e+00,0.000000e+00,0.000000e+00,0.000000e+00,0.000000e+00,0.000000e+00,0.000000e+00,0.000000e+00,0.000000e+00,0.000000e+00,0.000000e+00,0.000000e+00,0.000000e+00,0.000000e+00,-1.098906e+06,-7.173759e+03,-5.112025e+05,-1.898093e-03,-3.937296e-04,-8.416342e-01,1.284840e-03,3.383142e-05,-3.044563e-02,-1.039062e-06,-1.553695e-05,2.846298e+00,1.609503e-02,-2.360780e-04,2.831212e-05,-6.808967e-03,1.739274e-06,-6.671901e+00,1.775459e+01,6.852358e-02,-2.075584e+03,-9.309023e+02,7.173177e+03,1.211990e+06,4.072201e-03,-5.442163e-01,-1.891422e-04,1.448659e+02,5.069363e+03,4.086228e+01
2.540913e-03,6.835768e+03,9.678861e+03,-1.086380e-02,-2.255882e-04,-9.293882e+00,5.733696e-03,9.257400e-07,9.394878e-01,0.000000e+00,0.000000e+00,1.061684e+02,0.000000e+00,0.000000e+00,0.000000e+00,0.000000e+00,0.000000e+00,0.000000e+00,0.000000e+00,0.000000e+00,0.000000e+00,0.000000e+00,6.835768e+03,2.065341e+03,-6.296696e-02,-4.765769e-04,-1.916988e+00,9.097796e-04,0.000000e+00,0.000000e+00,0.000000e+00,0.000000e+00,0.000000e+00,0.000000e+00,0.000000e+00,0.000000e+00,0.000000e+00,0.000000e+00,0.000000e+00,0.000000e+00,0.000000e+00,0.000000e+00,0.000000e+00,0.000000e+00,0.000000e+00,0.000000e+00,0.000000e+00,0.000000e+00,0.000000e+00,0.000000e+00,0.000000e+00,0.000000e+00,0.000000e+00,0.000000e+00,0.000000e+00,0.000000e+00,0.000000e+00,0.000000e+00,-1.095133e+06,-1.089114e+04,-4.981428e+05,-1.819101e-03,-3.953612e-04,-8.744043e-01,1.337255e-03,-6.132465e-05,-3.219008e-02,-6.121385e-06,-1.600350e-05,2.908140e+00,1.609425e-02,-2.924776e-04,2.802472e-05,-6.628236e-03,2.555873e-06,-6.692968e+00,1.772789e+01,9.925418e-02,-2.063188e+03,-1.118181e+04,1.089106e+04,1.203054e+06,4.903247e-03,-4.913741e-01,-2.875561e-04,2.877453e+02,5.546173e+03,2.394972e+01
2.550171e-03,6.951339e+03,9.560826e+03,-9.764620e-03,-1.808467e-04,-9.236355e+00,5.733696e-03,9.257400e-07,7.619324e-01,0.000000e+00,0.000000e+00,1.089739e+02,0.000000e+00,0.000000e+00,0.000000e+00,0.000000e+00,0.000000e+00,0.000000e+00,0.000000e+00,0.000000e+00,0.000000e+00,0.000000e+00,6.951339e+03,2.031389e+03,-6.290797e-02,-5.066288e-04,-1.900391e+00,9.097793e-04,0.000000e+00,0.000000e+00,0.000000e+00,0.000000e+00,0.000000e+00,0.000000e+00,0.000000e+00,0.000000e+00,0.000000e+00,0.000000e+00,0.000000e+00,0.000000e+00,0.000000e+00,0.000000e+00,0.000000e+00,0.000000e+00,0.000000e+00,0.000000e+00,0.000000e+00,0.000000e+00,0.000000e+00,0.000000e+00,0.000000e+00,0.000000e+00,0.000000e+00,0.000000e+00,0.000000e+00,0.000000e+00,0.000000e+00,0.000000e+00,-1.116824e+06,1.545873e+03,-5.183953e+05,-1.752544e-03,-4.228694e-04,-9.043863e-01,1.335542e-03,-7.534763e-05,-3.384031e-02,-8.304782e-06,-1.650884e-05,2.965765e+00,1.583917e-02,-3.276271e-04,2.755369e-05,-6.464300e-03,3.666944e-06,-6.712010e+00,1.770016e+01,1.244814e-01,-2.051929e+03,-1.994840e+03,-1.545999e+03,1.231270e+06,5.430345e-03,-4.425932e-01,-3.562722e-04,-4.958724e+01,5.192244e+03,-1.424325e+01
2.560354e-03,7.081621e+03,9.429588e+03,-8.952211e-03,-1.549467e-04,-9.172092e+00,5.733716e-03,9.257400e-07,5.843844e-01,0.000000e+00,0.000000e+00,1.103337e+02,0.000000e+00,0.000000e+00,0.000000e+00,0.000000e+00,0.000000e+00,0.000000e+00,0.000000e+00,0.000000e+00,0.000000e+00,0.000000e+00,7.081621e+03,1.992817e+03,-6.299826e-02,-5.992053e-04,-1.881361e+00,9.097793e-04,0.000000e+00,0.000000e+00,0.000000e+00,0.000000e+00,0.000000e+00,0.000000e+00,0.000000e+00,0.000000e+00,0.000000e+00,0.000000e+00,0.000000e+00,0.000000e+00,0.000000e+00,0.000000e+00,0.000000e+00,0.000000e+00,0.000000e+00,0.000000e+00,0.000000e+00,0.000000e+00,0.000000e+00,0.000000e+00,0.000000e+00,0.000000e+00,0.000000e+00,0.000000e+00,0.000000e+00,0.000000e+00,0.000000e+00,0.000000e+00,-1.123805e+06,1.460923e+03,-5.177152e+05,-1.650420e-03,-4.586330e-04,-9.378368e-01,1.468486e-03,-1.653599e-04,-3.567725e-02,-1.144048e-05,-1.705723e-05,3.030082e+00,1.581261e-02,-3.467972e-04,2.685503e-05,-6.284602e-03,5.129051e-06,-6.732836e+00,1.760591e+01,1.618820e-01,-2.039449e+03,-5.564262e+03,-1.461665e+03,1.237310e+06,6.118122e-03,-3.878960e-01,-5.456693e-04,-3.781215e+01,5.206248e+03,-7.259326e+00
2.570537e-03,7.212264e+03,9.297488e+03,-7.708256e-03,-1.015335e-04,-9.106895e+00,5.733716e-03,9.257400e-07,4.304576e-01,0.000000e+00,0.000000e+00,1.120381e+02,0.000000e+00,0.000000e+00,0.000000e+00,0.000000e+00,0.000000e+00,0.000000e+00,0.000000e+00,0.000000e+00,0.000000e+00,0.000000e+00,7.212264e+03,1.953513e+03,-6.256934e-02,-5.996128e-04,-1.861838e+00,9.097791e-04,0.000000e+00,0.000000e+00,0.000000e+00,0.000000e+00,0.000000e+00,0.000000e+00,0.000000e+00,0.000000e+00,0.000000e+00,0.000000e+00,0.000000e+00,0.000000e+00,0.000000e+00,0.000000e+00,0.000000e+00,0.000000e+00,0.000000e+00,0.000000e+00,0.000000e+00,0.000000e+00,0.000000e+00,0.000000e+00,0.000000e+00,0.000000e+00,0.000000e+00,0.000000e+00,0.000000e+00,0.000000e+00,0.000000e+00,0.000000e+00,-1.122349e+06,2.128435e+03,-5.026246e+05,-1.537315e-03,-4.800988e-04,-9.718048e-01,1.626539e-03,-2.188297e-04,-3.752860e-02,-1.313301e-05,-1.775936e-05,3.095348e+00,1.522846e-02,-3.680975e-04,2.588915e-05,-6.106004e-03,6.866387e-06,-6.753534e+00,1.748007e+01,1.803705e-01,-2.026876e+03,-1.863162e+04,-2.128951e+03,1.229614e+06,6.407162e-03,-3.333704e-01,-4.547343e-04,-1.039280e+02,5.498817e+03,-1.791262e+01
2.580720e-03,7.343712e+03,9.165053e+03,-6.784034e-03,-7.980704e-05,-9.041008e+00,5.733716e-03,9.257400e-07,2.989977e-01,0.000000e+00,0.000000e+00,1.132585e+02,0.000000e+00,0.000000e+00,0.000000e+00,0.000000e+00,0.000000e+00,0.000000e+00,0.000000e+00,0.000000e+00,0.000000e+00,0.000000e+00,7.343712e+03,1.914164e+03,-6.221490e-02,-6.259113e-04,-1.841984e+00,9.097796e-04,0.000000e+00,0.000000e+00,0.000000e+00,0.000000e+00,0.000000e+00,0.000000e+00,0.000000e+00,0.000000e+00,0.000000e+00,0.000000e+00,0.000000e+00,0.000000e+00,0.000000e+00,0.000000e+00,0.000000e+00,0.000000e+00,0.000000e+00,0.000000e+00,0.000000e+00,0.000000e+00,0.000000e+00,0.000000e+00,0.000000e+00,0.000000e+00,0.000000e+00,0.000000e+00,0.000000e+00,0.000000e+00,0.000000e+00,0.000000e+00,-1.140333e+06,-4.711287e+03,-5.197341e+05,-1.380529e-03,-5.035390e-04,-1.006525e+00,1.820905e-03,-2.902890e-04,-3.940194e-02,-1.481330e-05,-1.860881e-05,3.161226e+00,1.472211e-02,-3.736922e-04,2.462305e-05,-5.929064e-03,8.706510e-06,-6.774104e+00,1.728519e+01,1.965461e-01,-2.014182e+03,-1.072653e+04,4.710408e+03,1.253143e+06,6.546745e-03,-2.780704e-01,-2.572720e-04,8.163031e+01,5.139382e+03,3.408598e+01
2.590903e-03,7.474745e+03,9.032500e+03,-5.661467e-03,-3.819439e-05,-8.975112e+00,5.733720e-03,9.257400e-07,1.912083e-01,0.000000e+00,0.000000e+00,1.149791e+02,0.000000e+00,0.000000e+00,0.000000e+00,0.000000e+00,0.000000e+00,0.000000e+00,0.000000e+00,0.000000e+00,0.000000e+00,0.000000e+00,7.474745e+03,1.875374e+03,-6.158884e-02,-4.712389e-04,-1.822813e+00,9.097793e-04,0.000000e+00,0.000000e+00,0.000000e+00,0.000000e+00,0.000000e+00,0.000000e+00,0.000000e+00,0.000000e+00,0.000000e+00,0.000000e+00,0.000000e+00,0.000000e+00,0.000000e+00,0.000000e+00,0.000000e+00,0.000000e+00,0.000000e+00,0.000000e+00,0.000000e+00,0.000000e+00,0.000000e+00,0.000000e+00,0.000000e+00,0.000000e+00,0.000000e+00,0.000000e+00,0.000000e+00,0.000000e+00,0.000000e+00,0.000000e+00,-1.180728e+06,3.881797e+03,-5.206675e+05,-1.221780e-03,-5.904185e-04,-1.042105e+00,2.159404e-03,-9.013291e-05,-4.133394e-02,-1.609088e-05,-1.944186e-05,3.227161e+00,1.381829e-02,-4.014934e-04,2.331632e-05,-5.754162e-03,1.059031e-05,-6.794544e+00,1.706754e+01,1.503752e-01,-2.001299e+03,-2.694985e+04,-3.882764e+03,1.290150e+06,4.549786e-03,-2.230207e-01,-7.870805e-06,-2.836743e+02,5.476569e+03,4.728183e+01
2.600160e-03,7.594795e+03,8.911904e+03,-4.679476e-03,-1.737744e-05,-8.914750e+00,5.733736e-03,9.257433e-07,1.160734e-01,0.000000e+00,0.000000e+00,1.157771e+02,0.000000e+00,0.000000e+00,0.000000e+00,0.000000e+00,0.000000e+00,0.000000e+00,0.000000e+00,0.000000e+00,0.000000e+00,0.000000e+00,7.594795e+03,1.840288e+03,-6.107299e-02,-5.175591e-04,-1.805263e+00,9.097790e-04,0.000000e+00,0.000000e+00,0.000000e+00,0.000000e+00,0.000000e+00,0.000000e+00,0.000000e+00,0.000000e+00,0.000000e+00,0.000000e+00,0.000000e+00,0.000000e+00,0.000000e+00,0.000000e+00,0.000000e+00,0.000000e+00,0.000000e+00,0.000000e+00,0.000000e+00,0.000000e+00,0.000000e+00,0.000000e+00,0.000000e+00,0.000000e+00,0.000000e+00,0.000000e+00,0.000000e+00,0.000000e+00,0.000000e+00,0.000000e+00,-1.176638e+06,-5.679568e+03,-5.341519e+05,-1.048939e-03,-5.788277e-04,-1.074887e+00,2.431630e-03,-2.267916e-04,-4.310833e-02,-1.640902e-05,-2.046573e-05,3.287550e+00,1.295024e-02,-4.038630e-04,2.208587e-05,-5.597110e-03,1.206815e-05,-6.813010e+00,1.688564e+01,1.757360e-01,-1.989477e+03,-1.300303e+04,5.678833e+03,1.292140e+06,4.940770e-03,-1.740863e-01,6.799049e-04,2.959163e+02,5.055801e+03,1.101721e+02
2.610344e-03,7.726610e+03,8.779241e+03,-3.687532e-03,7.595853e-06,-8.848837e+00,5.733759e-03,9.257400e-07,5.561664e-02,0.000000e+00,0.000000e+00,1.169741e+02,0.000000e+00,0.000000e+00,0.000000e+00,0.000000e+00,0.000000e+00,0.000000e+00,0.000000e+00,0.000000e+00,0.000000e+00,0.000000e+00,7.726610e+03,1.802612e+03,-6.073752e-02,-2.505267e-04,-1.787242e+00,9.097792e-04,0.000000e+00,0.000000e+00,0.000000e+00,0.000000e+00,0.000000e+00,0.000000e+00,0.000000e+00,0.000000e+00,0.000000e+00,0.000000e+00,0.000000e+00,0.000000e+00,0.000000e+00,0.000000e+00,0.000000e+00,0.000000e+00,0.000000e+00,0.000000e+00,0.000000e+00,0.000000e+00,0.000000e+00,0.000000e+00,0.000000e+00,0.000000e+00,0.000000e+00,0.000000e+00,0.000000e+00,0.000000e+00,0.000000e+00,0.000000e+00,-1.159428e+06,1.322045e+04,-5.331227e+05,-8.412307e-04,-6.459547e-04,-1.111809e+00,2.841808e-03,1.055588e-04,-4.509945e-02,-1.771246e-05,-2.139647e-05,3.353515e+00,1.194370e-02,-4.158481e-04,2.077354e-05,-5.426169e-03,1.329770e-05,-6.833196e+00,1.673018e+01,8.842070e-02,-1.976248e+03,-6.666447e+03,-1.322122e+04,1.276107e+06,2.080187e-03,-1.212558e-01,1.287861e-03,-3.992805e+02,5.057298e+03,1.080212e+01
2.620527e-03,7.856007e+03,8.646785e+03,-2.480911e-03,-7.822506e-06,-8.781839e+00,5.733760e-03,9.257400e-07,1.715833e-02,0.000000e+00,0.000000e+00,1.203166e+02,0.000000e+00,0.000000e+00,0.000000e+00,0.000000e+00,0.000000e+00,0.000000e+00,0.000000e+00,0.000000e+00,0.000000e+00,0.000000e+00,7.856007e+03,1.765865e+03,-6.041290e-02,-3.186931e-04,-1.768884e+00,9.097795e-04,0.000000e+00,0.000000e+00,0.000000e+00,0.000000e+00,0.000000e+00,0.000000e+00,0.000000e+00,0.000000e+00,0.000000e+00,0.000000e+00,0.000000e+00,0.000000e+00,0.000000e+00,0.000000e+00,0.000000e+00,0.000000e+00,0.000000e+00,0.000000e+00,0.000000e+00,0.000000e+00,0.000000e+00,0.000000e+00,0.000000e+00,0.000000e+00,0.000000e+00,0.000000e+00,0.000000e+00,0.000000e+00,0.000000e+00,0.000000e+00,-1.182360e+06,-5.887018e+01,-5.515336e+05,-6.275531e-04,-6.865891e-04,-1.149607e+00,3.351184e-03,1.592874e-05,-4.716325e-02,-1.758560e-05,-2.250339e-05,3.420560e+00,1.065137e-02,-3.933853e-04,1.948024e-05,-5.256480e-03,1.415082e-05,-6.853246e+00,1.663994e+01,1.097391e-01,-1.962833e+03,3.291484e+02,5.806595e+01,1.304670e+06,2.342076e-03,-6.834819e-02,1.889425e-03,3.123146e+01,5.090514e+03,5.618830e+01
2.630710e-03,7.987533e+03,8.514715e+03,-1.483032e-03,-5.374473e-05,-8.714787e+00,5.733760e-03,9.257400e-07,5.433747e-04,0.000000e+00,0.000000e+00,1.211641e+02,0.000000e+00,0.000000e+00,0.000000e+00,0.000000e+00,0.000000e+00,0.000000e+00,0.000000e+00,0.000000e+00,0.000000e+00,0.000000e+00,7.987533e+03,1.730340e+03,-6.053154e-02,-1.696932e-04,-1.751184e+00,9.097795e-04,0.000000e+00,0.000000e+00,0.000000e+00,0.000000e+00,0.000000e+00,0.000000e+00,0.000000e+00,0.000000e+00,0.000000e+00,0.000000e+00,0.000000e+00,0.000000e+00,0.000000e+00,0.000000e+00,0.000000e+00,0.000000e+00,0.000000e+00,0.000000e+00,0.000000e+00,0.000000e+00,0.000000e+00,0.000000e+00,0.000000e+00,0.000000e+00,0.000000e+00,0.000000e+00,0.000000e+00,0.000000e+00,0.000000e+00,0.000000e+00,-1.176548e+06,-1.369510e+04,-5.714981e+05,-3.910523e-04,-7.165453e-04,-1.188107e+00,3.937411e-03,1.927290e-04,-4.929670e-02,-1.850887e-05,-2.298022e-05,3.487612e+00,9.475034e-03,-3.596491e-04,1.817125e-05,-5.087329e-03,1.468499e-05,-6.873158e+00,1.659912e+01,3.999218e-02,-1.949206e+03,2.087979e+04,1.369461e+04,1.307838e+06,5.072923e-04,-1.380889e-02,2.077491e-03,3.711797e+02,4.893588e+03,-8.587978e+00
2.640893e-03,8.115777e+03,8.382952e+03,-3.278408e-04,-1.138132e-04,-8.646648e+00,5.733773e-03,9.257400e-07,7.841341e-03,0.000000e+00,0.000000e+00,1.249427e+02,0.000000e+00,0.000000e+00,0.000000e+00,0.000000e+00,0.000000e+00,0.000000e+00,0.000000e+00,0.000000e+00,0.000000e+00,0.000000e+00,8.115777e+03,1.695262e+03,-6.071617e-02,-3.760188e-04,-1.732908e+00,9.097795e-04,0.000000e+00,0.000000e+00,0.000000e+00,0.000000e+00,0.000000e+00,0.000000e+00,0.000000e+00,0.000000e+00,0.000000e+00,0.000000e+00,0.000000e+00,0.000000e+00,0.000000e+00,0.000000e+00,0.000000e+00,0.000000e+00,0.000000e+00,0.000000e+00,0.000000e+00,0.000000e+00,0.000000e+00,0.000000e+00,0.000000e+00,0.000000e+00,0.000000e+00,0.000000e+00,0.000000e+00,0.000000e+00,0.000000e+00,0.000000e+00,-1.219519e+06,3.516887e+01,-5.832642e+05,-1.279426e-04,-7.530986e-04,-1.227175e+00,4.649363e-03,9.075223e-05,-5.150891e-02,-1.821899e-05,-2.353961e-05,3.555846e+00,8.140055e-03,-3.194812e-04,1.692655e-05,-4.918079e-03,1.504905e-05,-6.892931e+00,1.661206e+01,9.153493e-02,-1.935456e+03,1.338863e+04,-3.633600e+01,1.351756e+06,1.989195e-03,4.211554e-02,1.964736e-03,9.647278e+01,5.301885e+03,-3.442913e+01
2.650150e-03,8.234272e+03,8.263500e+03,5.943519e-04,-1.446318e-04,-8.584350e+00,5.733782e-03,9.257539e-07,3.591494e-02,0.000000e+00,0.000000e+00,1.261099e+02,0.000000e+00,0.000000e+00,0.000000e+00,0.000000e+00,0.000000e+00,0.000000e+00,0.000000e+00,0.000000e+00,0.000000e+00,0.000000e+00,8.234272e+03,1.664179e+03,-6.115475e-02,-2.414304e-04,-1.716422e+00,9.097796e-04,0.000000e+00,0.000000e+00,0.000000e+00,0.000000e+00,0.000000e+00,0.000000e+00,0.000000e+00,0.000000e+00,0.000000e+00,0.000000e+00,0.000000e+00,0.000000e+00,0.000000e+00,0.000000e+00,0.000000e+00,0.000000e+00,0.000000e+00,0.000000e+00,0.000000e+00,0.000000e+00,0.000000e+00,0.000000e+00,0.000000e+00,0.000000e+00,0.000000e+00,0.000000e+00,0.000000e+00,0.000000e+00,0.000000e+00,0.000000e+00,-1.242253e+06,-1.711952e+04,-5.811165e+05,1.007058e-04,-7.620707e-04,-1.263081e+00,5.287935e-03,1.662266e-04,-5.352810e-02,-1.833974e-05,-2.373674e-05,3.618158e+00,7.024599e-03,-2.978050e-04,1.573350e-05,-4.763843e-03,1.544089e-05,-6.910784e+00,1.667066e+01,4.397568e-02,-1.922805e+03,1.838895e+03,1.711864e+04,1.371454e+06,1.062644e-03,9.294543e-02,1.424766e-03,6.316947e+02,5.640865e+03,7.330478e+00
2.660334e-03,8.361952e+03,8.132091e+03,1.556765e-03,-1.858373e-04,-8.514548e+00,5.733782e-03,9.257400e-07,8.993110e-02,0.000000e+00,0.000000e+00,1.299780e+02,0.000000e+00,0.000000e+00,0.000000e+00,0.000000e+00,0.000000e+00,0.000000e+00,0.000000e+00,0.000000e+00,0.000000e+00,0.000000e+00,8.361952e+03,1.630053e+03,-6.166818e-02,-3.286071e-04,-1.697496e+00,9.097795e-04,0.000000e+00,0.000000e+00,0.000000e+00,0.000000e+00,0.000000e+00,0.000000e+00,0.000000e+00,0.000000e+00,0.000000e+00,0.000000e+00,0.000000e+00,0.000000e+00,0.000000e+00,0.000000e+00,0.000000e+00,0.000000e+00,0.000000e+00,0.000000e+00,0.000000e+00,0.000000e+00,0.000000e+00,0.000000e+00,0.000000e+00,0.000000e+00,0.000000e+00,0.000000e+00,0.000000e+00,0.000000e+00,0.000000e+00,0.000000e+00,-1.275924e+06,1.758985e+03,-6.051803e+05,3.599738e-04,-7.871206e-04,-1.302780e+00,5.983685e-03,1.603114e-04,-5.581865e-02,-1.673225e-05,-2.386499e-05,3.688047e+00,5.889994e-03,-2.750180e-04,1.433293e-05,-4.593678e-03,1.596494e-05,-6.930287e+00,1.672279e+01,5.877778e-02,-1.908784e+03,9.423305e+03,-1.759933e+03,1.412139e+06,2.012934e-03,1.488069e-01,1.031892e-03,-4.030912e+00,5.223825e+03,-1.852539e+02
2.670517e-03,8.492020e+03,7.999909e+03,2.464104e-03,-2.034957e-04,-8.443043e+00,5.733782e-03,9.257400e-07,1.635834e-01,0.000000e+00,0.000000e+00,1.322551e+02,0.000000e+00,0.000000e+00,0.000000e+00,0.000000e+00,0.000000e+00,0.000000e+00,0.000000e+00,0.000000e+00,0.000000e+00,0.000000e+00,8.492020e+03,1.595744e+03,-6.220030e-02,-3.482711e-04,-1.677592e+00,9.097795e-04,0.000000e+00,0.000000e+00,0.000000e+00,0.000000e+00,0.000000e+00,0.000000e+00,0.000000e+00,0.000000e+00,0.000000e+00,0.000000e+00,0.000000e+00,0.000000e+00,0.000000e+00,0.000000e+00,0.000000e+00,0.000000e+00,0.000000e+00,0.000000e+00,0.000000e+00,0.000000e+00,0.000000e+00,0.000000e+00,0.000000e+00,0.000000e+00,0.000000e+00,0.000000e+00,0.000000e+00,0.000000e+00,0.000000e+00,0.000000e+00,-1.258725e+06,-5.369640e+02,-6.023696e+05,6.199119e-04,-8.040986e-04,-1.342913e+00,6.588221e-03,1.344850e-04,-5.809316e-02,-1.489750e-05,-2.394108e-05,3.759661e+00,4.657589e-03,-2.637615e-04,1.303721e-05,-4.423006e-03,1.658978e-05,-6.949646e+00,1.678742e+01,5.815782e-02,-1.894558e+03,1.414576e+04,5.356797e+02,1.395363e+06,2.398789e-03,2.017424e-01,3.974260e-04,5.491668e+01,4.799087e+03,2.583216e+01
2.680700e-03,8.623148e+03,7.866176e+03,3.114604e-03,-2.010759e-04,-8.369716e+00,5.733815e-03,9.257400e-07,2.549424e-01,0.000000e+00,0.000000e+00,1.351568e+02,0.000000e+00,0.000000e+00,0.000000e+00,0.000000e+00,0.000000e+00,0.000000e+00,0.000000e+00,0.000000e+00,0.000000e+00,0.000000e+00,8.623148e+03,1.560163e+03,-6.258265e-02,-4.554752e-04,-1.656295e+00,9.097792e-04,0.000000e+00,0.000000e+00,0.000000e+00,0.000000e+00,0.000000e+00,0.000000e+00,0.000000e+00,0.000000e+00,0.000000e+00,0.000000e+00,0.000000e+00,0.000000e+00,0.000000e+00,0.000000e+00,0.000000e+00,0.000000e+00,0.000000e+00,0.000000e+00,0.000000e+00,0.000000e+00,0.000000e+00,0.000000e+00,0.000000e+00,0.000000e+00,0.000000e+00,0.000000e+00,0.000000e+00,0.000000e+00,0.000000e+00,0.000000e+00,-1.295733e+06,6.064331e+03,-6.267058e+05,8.390506e-04,-8.236230e-04,-1.383686e+00,7.352479e-03,1.827840e-05,-6.045084e-02,-1.382589e-05,-2.485157e-05,3.833111e+00,3.725816e-03,-2.838348e-04,1.150785e-05,-4.252109e-03,1.754068e-05,-6.968859e+00,1.674870e+01,9.712503e-02,-1.880178e+03,2.057015e+04,-6.065343e+03,1.439188e+06,3.754319e-03,2.527310e-01,6.890808e-05,-1.554103e+02,4.077884e+03,-7.284559e+01
2.690883e-03,8.755115e+03,7.730686e+03,3.679597e-03,-1.691937e-04,-8.294584e+00,5.733815e-03,9.258579e-07,3.590494e-01,0.000000e+00,0.000000e+00,1.390177e+02,0.000000e+00,0.000000e+00,0.000000e+00,0.000000e+00,0.000000e+00,0.000000e+00,0.000000e+00,0.000000e+00,0.000000e+00,0.000000e+00,8.755115e+03,1.524021e+03,-6.261680e-02,-6.314492e-04,-1.634254e+00,9.097792e-04,0.000000e+00,0.000000e+00,0.000000e+00,0.000000e+00,0.000000e+00,0.000000e+00,0.000000e+00,0.000000e+00,0.000000e+00,0.000000e+00,0.000000e+00,0.000000e+00,0.000000e+00,0.000000e+00,0.000000e+00,0.000000e+00,0.000000e+00,0.000000e+00,0.000000e+00,0.000000e+00,0.000000e+00,0.000000e+00,0.000000e+00,0.000000e+00,0.000000e+00,0.000000e+00,0.000000e+00,0.000000e+00,0.000000e+00,0.000000e+00,-1.303754e+06,-3.979076e+03,-5.677751e+05,9.549788e-04,-8.437951e-04,-1.425207e+00,8.290059e-03,-2.183187e-04,-6.287497e-02,-1.190958e-05,-2.579863e-05,3.908322e+00,2.861941e-03,-3.057052e-04,9.967638e-06,-4.082011e-03,1.893510e-05,-6.987924e+00,1.661655e+01,1.650140e-01,-1.865501e+03,-3.622746e+04,3.977665e+03,1.421559e+06,5.673882e-03,2.998895e-01,-1.317997e-04,1.249164e+02,4.868491e+03,3.652775e+01
2.700141e-03,8.879713e+03,7.605903e+03,4.114643e-03,-1.349808e-04,-8.224863e+00,5.733815e-03,9.257400e-07,4.657654e-01,0.000000e+00,0.000000e+00,1.394142e+02,0.000000e+00,0.000000e+00,0.000000e+00,0.000000e+00,0.000000e+00,0.000000e+00,0.000000e+00,0.000000e+00,0.000000e+00,0.000000e+00,8.879713e+03,1.490510e+03,-6.194892e-02,-7.031608e-04,-1.613659e+00,9.097792e-04,0.000000e+00,0.000000e+00,0.000000e+00,0.000000e+00,0.000000e+00,0.000000e+00,0.000000e+00,0.000000e+00,0.000000e+00,0.000000e+00,0.000000e+00,0.000000e+00,0.000000e+00,0.000000e+00,0.000000e+00,0.000000e+00,0.000000e+00,0.000000e+00,0.000000e+00,0.000000e+00,0.000000e+00,0.000000e+00,0.000000e+00,0.000000e+00,0.000000e+00,0.000000e+00,0.000000e+00,0.000000e+00,0.000000e+00,0.000000e+00,-1.346085e+06,-7.185103e+03,-5.785891e+05,9.911256e-04,-8.880052e-04,-1.463813e+00,9.299657e-03,-3.012714e-04,-6.511422e-02,-1.098674e-05,-2.790531e-05,3.978082e+00,2.221218e-03,-3.330900e-04,8.524732e-06,-3.929731e-03,2.057837e-05,-7.005125e+00,1.628300e+01,1.985936e-01,-1.851917e+03,-4.430649e+04,7.183885e+03,1.464496e+06,6.421856e-03,3.421289e-01,-2.321326e-04,2.003333e+02,4.317721e+03,6.037811e+01
2.710324e-03,9.014020e+03,7.467231e+03,4.349176e-03,-5.280078e-05,-8.147465e+00,5.733815e-03,9.257400e-07,5.954079e-01,0.000000e+00,0.000000e+00,1.439211e+02,0.000000e+00,0.000000e+00,0.000000e+00,0.000000e+00,0.000000e+00,0.000000e+00,0.000000e+00,0.000000e+00,0.000000e+00,0.000000e+00,9.014020e+03,1.453853e+03,-6.065315e-02,-7.229496e-04,-1.591639e+00,9.097797e-04,0.000000e+00,0.000000e+00,0.000000e+00,0.000000e+00,0.000000e+00,0.000000e+00,0.000000e+00,0.000000e+00,0.000000e+00,0.000000e+00,0.000000e+00,0.000000e+00,0.000000e+00,0.000000e+00,0.000000e+00,0.000000e+00,0.000000e+00,0.000000e+00,0.000000e+00,0.000000e+00,0.000000e+00,0.000000e+00,0.000000e+00,0.000000e+00,0.000000e+00,0.000000e+00,0.000000e+00,0.000000e+00,0.000000e+00,0.000000e+00,-1.412163e+06,-1.950394e+04,-5.690179e+05,1.031491e-03,-9.190636e-04,-1.507284e+00,1.064416e-02,-4.074012e-04,-6.764428e-02,-9.859569e-06,-3.046046e-05,4.055553e+00,1.715119e-03,-3.824445e-04,6.942499e-06,-3.767045e-03,2.276007e-05,-7.023899e+00,1.569832e+01,2.296775e-01,-1.836594e+03,-8.089433e+04,1.950261e+04,1.520342e+06,7.026881e-03,3.869421e-01,-1.746347e-04,5.096776e+02,4.631152e+03,6.797431e+01
2.720576e-03,9.154051e+03,7.326366e+03,4.536944e-03,3.300064e-05,-8.067707e+00,5.733815e-03,9.487057e-07,7.435298e-01,0.000000e+00,0.000000e+00,1.448072e+02,0.000000e+00,0.000000e+00,0.000000e+00,0.000000e+00,0.000000e+00,0.000000e+00,0.000000e+00,0.000000e+00,0.000000e+00,0.000000e+00,9.154051e+03,1.417844e+03,-5.844698e-02,-6.969798e-04,-1.569234e+00,9.097793e-04,0.000000e+00,0.000000e+00,0.000000e+00,0.000000e+00,0.000000e+00,0.000000e+00,0.000000e+00,0.000000e+00,0.000000e+00,0.000000e+00,0.000000e+00,0.000000e+00,0.000000e+00,0.000000e+00,0.000000e+00,0.000000e+00,0.000000e+00,0.000000e+00,0.000000e+00,0.000000e+00,0.000000e+00,0.000000e+00,0.000000e+00,0.000000e+00,0.000000e+00,0.000000e+00,0.000000e+00,0.000000e+00,0.000000e+00,0.000000e+00,-1.452826e+06,-1.050239e+04,-5.619573e+05,9.754844e-04,-9.436902e-04,-1.552047e+00,1.238443e-02,-4.306898e-04,-7.021979e-02,-9.152745e-06,-3.527009e-05,4.135242e+00,1.214442e-03,-4.255728e-04,5.241123e-06,-3.610873e-03,2.531024e-05,-7.042639e+00,1.484442e+01,2.503839e-01,-1.820732e+03,-1.044661e+05,1.050092e+04,1.554215e+06,7.302362e-03,4.325642e-01,1.597602e-04,2.537351e+02,4.735310e+03,3.126323e+01
2.730919e-03,9.293943e+03,7.183426e+03,4.367060e-03,1.490967e-04,-7.987383e+00,5.733815e-03,9.486709e-07,8.964242e-01,0.000000e+00,0.000000e+00,1.478857e+02,0.000000e+00,0.000000e+00,0.000000e+00,0.000000e+00,0.000000e+00,0.000000e+00,0.000000e+00,0.000000e+00,0.000000e+00,0.000000e+00,9.293943e+03,1.382493e+03,-5.609620e-02,-6.596178e-04,-1.548332e+00,9.097796e-04,0.000000e+00,0.000000e+00,0.000000e+00,0.000000e+00,0.000000e+00,0.000000e+00,0.000000e+00,0.000000e+00,0.000000e+00,0.000000e+00,0.000000e+00,0.000000e+00,0.000000e+00,0.000000e+00,0.000000e+00,0.000000e+00,0.000000e+00,0.000000e+00,0.000000e+00,0.000000e+00,0.000000e+00,0.000000e+00,0.000000e+00,0.000000e+00,0.000000e+00,0.000000e+00,0.000000e+00,0.000000e+00,0.000000e+00,0.000000e+00,-1.503153e+06,1.886693e+03,-6.040119e+05,8.707639e-04,-9.646869e-04,-1.598349e+00,1.410189e-02,-4.677326e-04,-7.285886e-02,-8.674182e-06,-4.084669e-05,4.215615e+00,9.206989e-04,-5.006233e-04,3.447399e-06,-3.462846e-03,2.816228e-05,-7.061379e+00,1.386549e+01,2.755951e-01,-1.804272e+03,-8.760427e+04,-1.888335e+03,1.617598e+06,7.695436e-03,4.756756e-01,4.556424e-04,-6.535157e+01,3.710808e+03,2.462194e+00
2.740200e-03,9.421484e+03,7.054721e+03,4.262340e-03,2.212274e-04,-7.914145e+00,5.733815e-03,9.257400e-07,1.035747e+00,0.000000e+00,0.000000e+00,1.490359e+02,0.000000e+00,0.000000e+00,0.000000e+00,0.000000e+00,0.000000e+00,0.000000e+00,0.000000e+00,0.000000e+00,0.000000e+00,0.000000e+00,9.421484e+03,1.351910e+03,-5.362333e-02,-6.222456e-04,-1.529729e+00,9.097792e-04,0.000000e+00,0.000000e+00,0.000000e+00,0.000000e+00,0.000000e+00,0.000000e+00,0.000000e+00,0.000000e+00,0.000000e+00,0.000000e+00,0.000000e+00,0.000000e+00,0.000000e+00,0.000000e+00,0.000000e+00,0.000000e+00,0.000000e+00,0.000000e+00,0.000000e+00,0.000000e+00,0.000000e+00,0.000000e+00,0.000000e+00,0.000000e+00,0.000000e+00,0.000000e+00,0.000000e+00,0.000000e+00,0.000000e+00,0.000000e+00,-1.537626e+06,3.305358e+03,-6.190899e+05,7.691871e-04,-1.011715e-03,-1.640830e+00,1.579877e-02,-4.721860e-04,-7.525069e-02,-7.974454e-06,-4.786593e-05,4.288944e+00,5.675544e-04,-5.445778e-04,1.802475e-06,-3.338931e-03,3.091051e-05,-7.078047e+00,1.291005e+01,2.866898e-01,-1.789082e+03,-8.849427e+04,-3.307492e+03,1.655214e+06,7.617257e-03,5.117104e-01,6.747816e-04,-1.004212e+02,3.235964e+03,9.886880e+01
2.750497e-03,9.563016e+03,6.911479e+03,3.725752e-03,3.131689e-04,-7.833472e+00,5.733815e-03,9.261233e-07,1.177714e+00,0.000000e+00,0.000000e+00,1.507250e+02,0.000000e+00,0.000000e+00,0.000000e+00,0.000000e+00,0.000000e+00,0.000000e+00,0.000000e+00,0.000000e+00,0.000000e+00,0.000000e+00,9.563016e+03,1.318855e+03,-5.125865e-02,-6.549454e-04,-1.510991e+00,9.097796e-04,0.000000e+00,0.000000e+00,0.000000e+00,0.000000e+00,0.000000e+00,0.000000e+00,0.000000e+00,0.000000e+00,0.000000e+00,0.000000e+00,0.000000e+00,0.000000e+00,0.000000e+00,0.000000e+00,0.000000e+00,0.000000e+00,0.000000e+00,0.000000e+00,0.000000e+00,0.000000e+00,0.000000e+00,0.000000e+00,0.000000e+00,0.000000e+00,0.000000e+00,0.000000e+00,0.000000e+00,0.000000e+00,0.000000e+00,0.000000e+00,-1.563787e+06,1.160791e+04,-6.420601e+05,6.399938e-04,-1.033798e-03,-1.688504e+00,1.751406e-02,-5.594741e-04,-7.792518e-02,-7.653361e-06,-5.694119e-05,4.369545e+00,5.274557e-04,-6.027390e-04,-4.499561e-08,-3.211616e-03,3.417951e-05,-7.096374e+00,1.188096e+01,3.267506e-01,-1.771899e+03,-7.871922e+04,-1.160985e+04,1.688631e+06,8.245538e-03,5.460886e-01,1.267219e-03,-3.456858e+02,2.449308e+03,1.077067e+01
2.760704e-03,9.702753e+03,6.769213e+03,3.285404e-03,3.744820e-04,-7.752558e+00,5.733815e-03,9.257486e-07,1.310796e+00,0.000000e+00,0.000000e+00,1.532005e+02,0.000000e+00,0.000000e+00,0.000000e+00,0.000000e+00,0.000000e+00,0.000000e+00,0.000000e+00,0.000000e+00,0.000000e+00,0.000000e+00,9.702753e+03,1.287357e+03,-4.869463e-02,-6.887667e-04,-1.492958e+00,9.097792e-04,0.000000e+00,0.000000e+00,0.000000e+00,0.000000e+00,0.000000e+00,0.000000e+00,0.000000e+00,0.000000e+00,0.000000e+00,0.000000e+00,0.000000e+00,0.000000e+00,0.000000e+00,0.000000e+00,0.000000e+00,0.000000e+00,0.000000e+00,0.000000e+00,0.000000e+00,0.000000e+00,0.000000e+00,0.000000e+00,0.000000e+00,0.000000e+00,0.000000e+00,0.000000e+00,0.000000e+00,0.000000e+00,0.000000e+00,0.000000e+00,-1.597526e+06,-6.133531e+03,-6.681752e+05,4.351556e-04,-1.026443e-03,-1.736812e+00,1.927334e-02,-7.043047e-04,-8.064985e-02,-7.029839e-06,-6.885039e-05,4.450570e+00,3.385197e-04,-6.383102e-04,-1.918123e-06,-3.095995e-03,3.768950e-05,-7.114361e+00,1.084743e+01,3.569837e-01,-1.754386e+03,-6.929480e+04,6.131417e+03,1.730244e+06,8.542155e-03,5.764741e-01,1.839504e-03,1.552962e+02,1.870918e+03,7.640778e+01
2.770006e-03,9.830795e+03,6.639372e+03,2.686763e-03,4.269978e-04,-7.678835e+00,5.733815e-03,9.485942e-07,1.423983e+00,0.000000e+00,0.000000e+00,1.549774e+02,0.000000e+00,0.000000e+00,0.000000e+00,0.000000e+00,0.000000e+00,0.000000e+00,0.000000e+00,0.000000e+00,0.000000e+00,0.000000e+00,9.830795e+03,1.259161e+03,-4.640332e-02,-7.507189e-04,-1.477480e+00,9.097792e-04,0.000000e+00,0.000000e+00,0.000000e+00,0.000000e+00,0.000000e+00,0.000000e+00,0.000000e+00,0.000000e+00,0.000000e+00,0.000000e+00,0.000000e+00,0.000000e+00,0.000000e+00,0.000000e+00,0.000000e+00,0.000000e+00,0.000000e+00,0.000000e+00,0.000000e+00,0.000000e+00,0.000000e+00,0.000000e+00,0.000000e+00,0.000000e+00,0.000000e+00,0.000000e+00,0.000000e+00,0.000000e+00,0.000000e+00,0.000000e+00,-1.637405e+06,8.959851e+03,-6.634372e+05,2.454488e-04,-1.031840e-03,-1.781193e+00,2.092100e-02,-7.575878e-04,-8.315617e-02,-6.755589e-06,-8.154733e-05,4.524209e+00,3.292442e-04,-6.711857e-04,-3.640185e-06,-2.999854e-03,4.125563e-05,-7.130599e+00,9.883317e+00,3.940681e-01,-1.738199e+03,-9.042431e+04,-8.962538e+03,1.764388e+06,8.785073e-03,6.008000e-01,2.610898e-03,-2.851827e+02,2.009332e+03,6.316224e+01
2.780373e-03,9.971920e+03,6.494819e+03,2.058506e-03,4.731462e-04,-7.596264e+00,5.733815e-03,9.481808e-07,1.537724e+00,0.000000e+00,0.000000e+00,1.583388e+02,0.000000e+00,0.000000e+00,0.000000e+00,0.000000e+00,0.000000e+00,0.000000e+00,0.000000e+00,0.000000e+00,0.000000e+00,0.000000e+00,9.971920e+03,1.228378e+03,-4.337711e-02,-8.898538e-04,-1.460807e+00,9.097792e-04,0.000000e+00,0.000000e+00,0.000000e+00,0.000000e+00,0.000000e+00,0.000000e+00,0.000000e+00,0.000000e+00,0.000000e+00,0.000000e+00,0.000000e+00,0.000000e+00,0.000000e+00,0.000000e+00,0.000000e+00,0.000000e+00,0.000000e+00,0.000000e+00,0.000000e+00,0.000000e+00,0.000000e+00,0.000000e+00,0.000000e+00,0.000000e+00,0.000000e+00,0.000000e+00,0.000000e+00,0.000000e+00,0.000000e+00,0.000000e+00,-1.651857e+06,-8.417615e+03,-6.732329e+05,-6.125039e-06,-1.022888e-03,-1.831247e+00,2.276779e-02,-9.813501e-04,-8.601501e-02,-6.417686e-06,-9.842069e-05,4.606909e+00,2.923513e-04,-7.014034e-04,-5.594075e-06,-2.903709e-03,4.568999e-05,-7.148515e+00,8.705457e+00,4.542679e-01,-1.719830e+03,-8.763998e+04,8.414739e+03,1.781627e+06,9.623352e-03,6.247523e-01,3.631675e-03,1.686541e+02,1.201969e+03,1.215994e+02
2.790579e-03,1.011189e+04,6.352662e+03,1.408802e-03,5.139482e-04,-7.514128e+00,5.733815e-03,9.257587e-07,1.618257e+00,0.000000e+00,0.000000e+00,1.605425e+02,0.000000e+00,0.000000e+00,0.000000e+00,0.000000e+00,0.000000e+00,0.000000e+00,0.000000e+00,0.000000e+00,0.000000e+00,0.000000e+00,1.011189e+04,1.198755e+03,-4.000603e-02,-9.659658e-04,-1.444512e+00,9.097793e-04,0.000000e+00,0.000000e+00,0.000000e+00,0.000000e+00,0.000000e+00,0.000000e+00,0.000000e+00,0.000000e+00,0.000000e+00,0.000000e+00,0.000000e+00,0.000000e+00,0.000000e+00,0.000000e+00,0.000000e+00,0.000000e+00,0.000000e+00,0.000000e+00,0.000000e+00,0.000000e+00,0.000000e+00,0.000000e+00,0.000000e+00,0.000000e+00,0.000000e+00,0.000000e+00,0.000000e+00,0.000000e+00,0.000000e+00,0.000000e+00,-1.683102e+06,1.208703e+04,-6.741577e+05,-2.225388e-04,-9.977242e-04,-1.881110e+00,2.436347e-02,-1.078648e-03,-8.887661e-02,-6.064048e-06,-1.174313e-04,4.689061e+00,2.271795e-04,-7.300251e-04,-7.552594e-06,-2.821360e-03,5.070385e-05,-7.165966e+00,7.475843e+00,4.955270e-01,-1.701470e+03,-9.999116e+04,-1.208977e+04,1.810337e+06,1.010894e-02,6.412476e-01,4.689787e-03,-4.280635e+02,4.770904e+02,4.583233e+01
2.800944e-03,1.025225e+04,6.208438e+03,7.534552e-04,5.604781e-04,-7.430593e+00,5.733815e-03,9.485446e-07,1.669535e+00,0.000000e+00,0.000000e+00,1.644665e+02,0.000000e+00,0.000000e+00,0.000000e+00,0.000000e+00,0.000000e+00,0.000000e+00,0.000000e+00,0.000000e+00,0.000000e+00,0.000000e+00,1.025225e+04,1.169344e+03,-3.583311e-02,-1.182621e-03,-1.428948e+00,9.097793e-04,0.000000e+00,0.000000e+00,0.000000e+00,0.000000e+00,0.000000e+00,0.000000e+00,0.000000e+00,0.000000e+00,0.000000e+00,0.000000e+00,0.000000e+00,0.000000e+00,0.000000e+00,0.000000e+00,0.000000e+00,0.000000e+00,0.000000e+00,0.000000e+00,0.000000e+00,0.000000e+00,0.000000e+00,0.000000e+00,0.000000e+00,0.000000e+00,0.000000e+00,0.000000e+00,0.000000e+00,0.000000e+00,0.000000e+00,0.000000e+00,-1.720623e+06,-1.588605e+04,-6.779309e+05,-4.444091e-04,-9.729333e-04,-1.932391e+00,2.594597e-02,-1.470128e-03,-9.190479e-02,-5.867653e-06,-1.395554e-04,4.772553e+00,1.619342e-04,-7.646975e-04,-9.586965e-06,-2.751603e-03,5.632778e-05,-7.183496e+00,6.059249e+00,5.843532e-01,-1.682526e+03,-1.124089e+05,1.588231e+04,1.845941e+06,1.201461e-02,6.516336e-01,5.841020e-03,3.872896e+02,-2.671232e+02,1.374158e+02
2.810430e-03,1.038115e+04,6.076663e+03,1.455754e-04,6.185978e-04,-7.352933e+00,5.733815e-03,9.485373e-07,1.683731e+00,0.000000e+00,0.000000e+00,1.674539e+02,0.000000e+00,0.000000e+00,0.000000e+00,0.000000e+00,0.000000e+00,0.000000e+00,0.000000e+00,0.000000e+00,0.000000e+00,0.000000e+00,1.038115e+04,1.142683e+03,-3.139786e-02,-1.260472e-03,-1.414175e+00,9.097793e-04,0.000000e+00,0.000000e+00,0.000000e+00,0.000000e+00,0.000000e+00,0.000000e+00,0.000000e+00,0.000000e+00,0.000000e+00,0.000000e+00,0.000000e+00,0.000000e+00,0.000000e+00,0.000000e+00,0.000000e+00,0.000000e+00,0.000000e+00,0.000000e+00,0.000000e+00,0.000000e+00,0.000000e+00,0.000000e+00,0.000000e+00,0.000000e+00,0.000000e+00,0.000000e+00,0.000000e+00,0.000000e+00,0.000000e+00,0.000000e+00,-1.741293e+06,1.240188e+04,-6.731232e+05,-6.393676e-04,-9.357610e-04,-1.979794e+00,2.736434e-02,-1.608939e-03,-9.470933e-02,-5.587739e-06,-1.639569e-04,4.850234e+00,6.953009e-05,-8.092924e-04,-1.150391e-05,-2.701321e-03,6.213415e-05,-7.199364e+00,4.629712e+00,6.323945e-01,-1.664949e+03,-1.254865e+05,-1.240551e+04,1.862646e+06,1.324321e-02,6.546863e-01,6.799869e-03,-3.179293e+02,-9.290040e+02,4.106789e+01
2.820864e-03,1.052190e+04,5.932264e+03,-4.319142e-04,7.026028e-04,-7.267483e+00,5.733815e-03,9.485145e-07,1.647122e+00,0.000000e+00,0.000000e+00,1.711999e+02,0.000000e+00,0.000000e+00,0.000000e+00,0.000000e+00,0.000000e+00,0.000000e+00,0.000000e+00,0.000000e+00,0.000000e+00,0.000000e+00,1.052190e+04,1.113761e+03,-2.611697e-02,-1.323136e-03,-1.398615e+00,9.097792e-04,0.000000e+00,0.000000e+00,0.000000e+00,0.000000e+00,0.000000e+00,0.000000e+00,0.000000e+00,0.000000e+00,0.000000e+00,0.000000e+00,0.000000e+00,0.000000e+00,0.000000e+00,0.000000e+00,0.000000e+00,0.000000e+00,0.000000e+00,0.000000e+00,0.000000e+00,0.000000e+00,0.000000e+00,0.000000e+00,0.000000e+00,0.000000e+00,0.000000e+00,0.000000e+00,0.000000e+00,0.000000e+00,0.000000e+00,0.000000e+00,-1.769917e+06,-2.512573e+02,-6.870342e+05,-8.541280e-04,-8.949647e-04,-2.032391e+00,2.867854e-02,-1.904619e-03,-9.790836e-02,-5.534677e-06,-1.962530e-04,4.935730e+00,-8.853697e-05,-8.705411e-04,-1.369100e-05,-2.661815e-03,6.900665e-05,-7.216624e+00,3.032048e+00,6.866983e-01,-1.645384e+03,-1.249578e+05,2.472646e+02,1.894468e+06,1.503465e-02,6.479658e-01,7.378846e-03,8.993742e+01,-1.950232e+03,6.015187e+01
2.830349e-03,1.064904e+04,5.801304e+03,-8.617764e-04,7.983267e-04,-7.187988e+00,5.733815e-03,9.485051e-07,1.580091e+00,0.000000e+00,0.000000e+00,1.751812e+02,0.000000e+00,0.000000e+00,0.000000e+00,0.000000e+00,0.000000e+00,0.000000e+00,0.000000e+00,0.000000e+00,0.000000e+00,0.000000e+00,1.064904e+04,1.087835e+03,-2.083797e-02,-1.314628e-03,-1.383476e+00,9.097793e-04,0.000000e+00,0.000000e+00,0.000000e+00,0.000000e+00,0.000000e+00,0.000000e+00,0.000000e+00,0.000000e+00,0.000000e+00,0.000000e+00,0.000000e+00,0.000000e+00,0.000000e+00,0.000000e+00,0.000000e+00,0.000000e+00,0.000000e+00,0.000000e+00,0.000000e+00,0.000000e+00,0.000000e+00,0.000000e+00,0.000000e+00,0.000000e+00,0.000000e+00,0.000000e+00,0.000000e+00,0.000000e+00,0.000000e+00,0.000000e+00,-1.793903e+06,5.182448e+03,-6.879551e+05,-1.036882e-03,-8.508176e-04,-2.080767e+00,2.999850e-02,-2.096914e-03,-1.008717e-01,-4.610399e-06,-2.332013e-04,5.015334e+00,-2.450013e-04,-9.331419e-04,-1.579264e-05,-2.640752e-03,7.573039e-05,-7.232137e+00,1.512996e+00,7.222181e-01,-1.627365e+03,-1.342433e+05,-5.186435e+03,1.916598e+06,1.658462e-02,6.348938e-01,7.604680e-03,-6.572143e+01,-2.538634e+03,1.193480e+00
2.840669e-03,1.078857e+04,5.659255e+03,-1.064683e-03,8.960402e-04,-7.101064e+00,5.733815e-03,9.257474e-07,1.459588e+00,0.000000e+00,0.000000e+00,1.779739e+02,0.000000e+00,0.000000e+00,0.000000e+00,0.000000e+00,0.000000e+00,0.000000e+00,0.000000e+00,0.000000e+00,0.000000e+00,0.000000e+00,1.078857e+04,1.059806e+03,-1.482505e-02,-1.253071e-03,-1.367126e+00,9.097792e-04,0.000000e+00,0.000000e+00,0.000000e+00,0.000000e+00,0.000000e+00,0.000000e+00,0.000000e+00,0.000000e+00,0.000000e+00,0.000000e+00,0.000000e+00,0.000000e+00,0.000000e+00,0.000000e+00,0.000000e+00,0.000000e+00,0.000000e+00,0.000000e+00,0.000000e+00,0.000000e+00,0.000000e+00,0.000000e+00,0.000000e+00,0.000000e+00,0.000000e+00,0.000000e+00,0.000000e+00,0.000000e+00,0.000000e+00,0.000000e+00,-1.816690e+06,9.262444e+03,-7.019375e+05,-1.200345e-03,-8.442278e-04,-2.133950e+00,3.117495e-02,-2.199612e-03,-1.042220e-01,-3.738144e-06,-2.800430e-04,5.102322e+00,-5.598236e-04,-9.897017e-04,-1.811655e-05,-2.633832e-03,8.328816e-05,-7.248820e+00,-6.952381e-02,7.362767e-01,-1.607499e+03,-1.311833e+05,-9.267190e+03,1.943160e+06,1.711164e-02,6.105614e-01,7.366364e-03,-2.363295e+02,-3.336400e+03,-3.196093e+01
2.850852e-03,1.092439e+04,5.519706e+03,-1.092292e-03,1.020869e-03,-7.013398e+00,5.733815e-03,9.257437e-07,1.316700e+00,0.000000e+00,0.000000e+00,1.819435e+02,0.000000e+00,0.000000e+00,0.000000e+00,0.000000e+00,0.000000e+00,0.000000e+00,0.000000e+00,0.000000e+00,0.000000e+00,0.000000e+00,1.092439e+04,1.032783e+03,-8.625474e-03,-1.149440e-03,-1.350094e+00,9.097792e-04,0.000000e+00,0.000000e+00,0.000000e+00,0.000000e+00,0.000000e+00,0.000000e+00,0.000000e+00,0.000000e+00,0.000000e+00,0.000000e+00,0.000000e+00,0.000000e+00,0.000000e+00,0.000000e+00,0.000000e+00,0.000000e+00,0.000000e+00,0.000000e+00,0.000000e+00,0.000000e+00,0.000000e+00,0.000000e+00,0.000000e+00,0.000000e+00,0.000000e+00,0.000000e+00,0.000000e+00,0.000000e+00,0.000000e+00,0.000000e+00,-1.844486e+06,6.361343e+03,-7.302390e+05,-1.389663e-03,-8.229907e-04,-2.187004e+00,3.239480e-02,-2.265861e-03,-1.075615e-01,-2.514520e-06,-3.353424e-04,5.190093e+00,-9.692944e-04,-1.060794e-03,-2.019794e-05,-2.643010e-03,9.089211e-05,-7.265079e+00,-1.620619e+00,7.374643e-01,-1.587661e+03,-1.172600e+05,-6.366899e+03,1.980310e+06,1.730277e-02,5.803719e-01,6.464071e-03,-1.139205e+02,-4.230979e+03,-7.942279e+01
2.860109e-03,1.104890e+04,5.393367e+03,-9.826780e-04,1.080115e-03,-6.934044e+00,5.733815e-03,9.257550e-07,1.171997e+00,0.000000e+00,0.000000e+00,1.840146e+02,0.000000e+00,0.000000e+00,0.000000e+00,0.000000e+00,0.000000e+00,0.000000e+00,0.000000e+00,0.000000e+00,0.000000e+00,0.000000e+00,1.104890e+04,1.009159e+03,-2.887827e-03,-1.065965e-03,-1.335906e+00,9.097792e-04,0.000000e+00,0.000000e+00,0.000000e+00,0.000000e+00,0.000000e+00,0.000000e+00,0.000000e+00,0.000000e+00,0.000000e+00,0.000000e+00,0.000000e+00,0.000000e+00,0.000000e+00,0.000000e+00,0.000000e+00,0.000000e+00,0.000000e+00,0.000000e+00,0.000000e+00,0.000000e+00,0.000000e+00,0.000000e+00,0.000000e+00,0.000000e+00,0.000000e+00,0.000000e+00,0.000000e+00,0.000000e+00,0.000000e+00,0.000000e+00,-1.865818e+06,2.185848e+04,-7.127521e+05,-1.497127e-03,-8.006459e-04,-2.235911e+00,3.348257e-02,-2.228683e-03,-1.106975e-01,-1.306088e-06,-3.905691e-04,5.269451e+00,-1.432440e-03,-1.092219e-03,-2.221868e-05,-2.664814e-03,9.763175e-05,-7.279684e+00,-2.987420e+00,7.293829e-01,-1.569320e+03,-1.421130e+05,-2.186362e+04,1.992259e+06,1.711043e-02,5.474967e-01,5.392227e-03,-5.604803e+02,-3.891822e+03,-1.483780e+02
2.870293e-03,1.118440e+04,5.255152e+03,-5.759262e-04,1.126020e-03,-6.844823e+00,5.733820e-03,9.257400e-07,1.004744e+00,0.000000e+00,0.000000e+00,1.870271e+02,0.000000e+00,0.000000e+00,0.000000e+00,0.000000e+00,0.000000e+00,0.000000e+00,0.000000e+00,0.000000e+00,0.000000e+00,0.000000e+00,1.118440e+04,9.840577e+02,3.633632e-03,-8.052344e-04,-1.319359e+00,9.097793e-04,0.000000e+00,0.000000e+00,0.000000e+00,0.000000e+00,0.000000e+00,0.000000e+00,0.000000e+00,0.000000e+00,0.000000e+00,0.000000e+00,0.000000e+00,0.000000e+00,0.000000e+00,0.000000e+00,0.000000e+00,0.000000e+00,0.000000e+00,0.000000e+00,0.000000e+00,0.000000e+00,0.000000e+00,0.000000e+00,0.000000e+00,0.000000e+00,0.000000e+00,0.000000e+00,0.000000e+00,0.000000e+00,0.000000e+00,0.000000e+00,-1.888331e+06,-2.228776e+03,-7.538270e+05,-1.747701e-03,-8.096814e-04,-2.290498e+00,3.450263e-02,-2.045617e-03,-1.142077e-01,2.904907e-07,-4.573059e-04,5.358704e+00,-2.099092e-03,-1.142484e-03,-2.435204e-05,-2.703236e-03,1.045624e-04,-7.295551e+00,-4.445620e+00,6.495444e-01,-1.548851e+03,-1.143826e+05,2.223272e+03,2.030016e+06,1.479433e-02,5.075614e-01,3.882182e-03,2.016889e+01,-4.900670e+03,-9.549740e+01
2.880476e-03,1.131856e+04,5.117596e+03,-3.456843e-05,1.091502e-03,-6.755368e+00,5.733820e-03,9.257400e-07,8.443090e-01,0.000000e+00,0.000000e+00,1.907339e+02,0.000000e+00,0.000000e+00,0.000000e+00,0.000000e+00,0.000000e+00,0.000000e+00,0.000000e+00,0.000000e+00,0.000000e+00,0.000000e+00,1.131856e+04,9.603927e+02,1.033243e-02,-7.279915e-04,-1.304120e+00,9.097793e-04,0.000000e+00,0.000000e+00,0.000000e+00,0.000000e+00,0.000000e+00,0.000000e+00,0.000000e+00,0.000000e+00,0.000000e+00,0.000000e+00,0.000000e+00,0.000000e+00,0.000000e+00,0.000000e+00,0.000000e+00,0.000000e+00,0.000000e+00,0.000000e+00,0.000000e+00,0.000000e+00,0.000000e+00,0.000000e+00,0.000000e+00,0.000000e+00,0.000000e+00,0.000000e+00,0.000000e+00,0.000000e+00,0.000000e+00,0.000000e+00,-1.940636e+06,4.455433e+04,-7.535072e+05,-1.969756e-03,-7.846552e-04,-2.346245e+00,3.556493e-02,-1.810121e-03,-1.177808e-01,2.059244e-06,-5.287863e-04,5.448249e+00,-2.816488e-03,-1.127158e-03,-2.663218e-05,-2.756347e-03,1.110136e-04,-7.311208e+00,-5.897738e+00,6.082680e-01,-1.527968e+03,-1.367566e+05,-4.456027e+04,2.077291e+06,1.391334e-02,4.651812e-01,2.360714e-03,-1.226089e+03,-4.255969e+03,-2.021615e+02
2.890659e-03,1.145311e+04,4.981178e+03,6.684830e-04,1.004745e-03,-6.665290e+00,5.733821e-03,9.257400e-07,6.993679e-01,0.000000e+00,0.000000e+00,1.929038e+02,0.000000e+00,0.000000e+00,0.000000e+00,0.000000e+00,0.000000e+00,0.000000e+00,0.000000e+00,0.000000e+00,0.000000e+00,0.000000e+00,1.145311e+04,9.377649e+02,1.716126e-02,-5.390394e-04,-1.289172e+00,9.097792e-04,0.000000e+00,0.000000e+00,0.000000e+00,0.000000e+00,0.000000e+00,0.000000e+00,0.000000e+00,0.000000e+00,0.000000e+00,0.000000e+00,0.000000e+00,0.000000e+00,0.000000e+00,0.000000e+00,0.000000e+00,0.000000e+00,0.000000e+00,0.000000e+00,0.000000e+00,0.000000e+00,0.000000e+00,0.000000e+00,0.000000e+00,0.000000e+00,0.000000e+00,0.000000e+00,0.000000e+00,0.000000e+00,0.000000e+00,0.000000e+00,-1.945454e+06,2.220338e+04,-7.784552e+05,-2.305376e-03,-7.571963e-04,-2.402486e+00,3.659622e-02,-1.627415e-03,-1.214455e-01,3.768815e-06,-6.043512e-04,5.538309e+00,-3.623645e-03,-1.114669e-03,-2.891906e-05,-2.824319e-03,1.165861e-04,-7.326650e+00,-7.348671e+00,5.115184e-01,-1.506799e+03,-1.161673e+05,-2.221000e+04,2.092197e+06,1.155984e-02,4.237718e-01,8.403704e-04,-5.490076e+02,-4.673967e+03,-1.494523e+02
2.900842e-03,1.158475e+04,4.845927e+03,1.496204e-03,8.620768e-04,-6.573923e+00,5.733821e-03,9.257400e-07,5.732756e-01,0.000000e+00,0.000000e+00,1.968079e+02,0.000000e+00,0.000000e+00,0.000000e+00,0.000000e+00,0.000000e+00,0.000000e+00,0.000000e+00,0.000000e+00,0.000000e+00,0.000000e+00,1.158475e+04,9.165131e+02,2.392633e-02,-5.038597e-04,-1.274167e+00,9.097792e-04,0.000000e+00,0.000000e+00,0.000000e+00,0.000000e+00,0.000000e+00,0.000000e+00,0.000000e+00,0.000000e+00,0.000000e+00,0.000000e+00,0.000000e+00,0.000000e+00,0.000000e+00,0.000000e+00,0.000000e+00,0.000000e+00,0.000000e+00,0.000000e+00,0.000000e+00,0.000000e+00,0.000000e+00,0.000000e+00,0.000000e+00,0.000000e+00,0.000000e+00,0.000000e+00,0.000000e+00,0.000000e+00,0.000000e+00,0.000000e+00,-1.996302e+06,1.239174e+03,-7.757037e+05,-2.630300e-03,-7.550847e-04,-2.459620e+00,3.768170e-02,-1.540341e-03,-1.251971e-01,5.697132e-06,-6.833844e-04,5.629731e+00,-4.483230e-03,-1.062628e-03,-3.117598e-05,-2.906926e-03,1.214052e-04,-7.341876e+00,-8.749960e+00,4.462829e-01,-1.485309e+03,-1.401313e+05,-1.246559e+03,2.137125e+06,1.004185e-02,3.834542e-01,-1.101839e-04,1.019582e+02,-3.751093e+03,-6.010929e+00
2.910101e-03,1.170364e+04,4.724166e+03,2.248495e-03,7.117825e-04,-6.490908e+00,5.733821e-03,9.257400e-07,4.771603e-01,0.000000e+00,0.000000e+00,1.998962e+02,0.000000e+00,0.000000e+00,0.000000e+00,0.000000e+00,0.000000e+00,0.000000e+00,0.000000e+00,0.000000e+00,0.000000e+00,0.000000e+00,1.170364e+04,8.981356e+02,2.987575e-02,-5.214543e-04,-1.261399e+00,9.097792e-04,0.000000e+00,0.000000e+00,0.000000e+00,0.000000e+00,0.000000e+00,0.000000e+00,0.000000e+00,0.000000e+00,0.000000e+00,0.000000e+00,0.000000e+00,0.000000e+00,0.000000e+00,0.000000e+00,0.000000e+00,0.000000e+00,0.000000e+00,0.000000e+00,0.000000e+00,0.000000e+00,0.000000e+00,0.000000e+00,0.000000e+00,0.000000e+00,0.000000e+00,0.000000e+00,0.000000e+00,0.000000e+00,0.000000e+00,0.000000e+00,-2.001161e+06,1.103635e+04,-8.105882e+05,-2.932725e-03,-7.650435e-04,-2.512027e+00,3.866349e-02,-1.455284e-03,-1.286580e-01,7.317882e-06,-7.580786e-04,5.712789e+00,-5.293007e-03,-1.011259e-03,-3.329404e-05,-2.994380e-03,1.252956e-04,-7.355526e+00,-9.990437e+00,4.086428e-01,-1.465552e+03,-1.105566e+05,-1.104308e+04,2.156264e+06,9.454873e-03,3.500871e-01,-4.297179e-04,-2.171396e+02,-3.975510e+03,1.697761e+01
2.920284e-03,1.183331e+04,4.591587e+03,3.087159e-03,5.614253e-04,-6.398085e+00,5.733821e-03,9.257400e-07,3.857895e-01,0.000000e+00,0.000000e+00,2.030458e+02,0.000000e+00,0.000000e+00,0.000000e+00,0.000000e+00,0.000000e+00,0.000000e+00,0.000000e+00,0.000000e+00,0.000000e+00,0.000000e+00,1.183331e+04,8.794042e+02,3.577231e-02,-4.476059e-04,-1.246989e+00,9.097790e-04,0.000000e+00,0.000000e+00,0.000000e+00,0.000000e+00,0.000000e+00,0.000000e+00,0.000000e+00,0.000000e+00,0.000000e+00,0.000000e+00,0.000000e+00,0.000000e+00,0.000000e+00,0.000000e+00,0.000000e+00,0.000000e+00,0.000000e+00,0.000000e+00,0.000000e+00,0.000000e+00,0.000000e+00,0.000000e+00,0.000000e+00,0.000000e+00,0.000000e+00,0.000000e+00,0.000000e+00,0.000000e+00,0.000000e+00,0.000000e+00,-2.026322e+06,-5.842178e+03,-8.437104e+05,-3.285626e-03,-7.588931e-04,-2.570578e+00,3.968721e-02,-1.368746e-03,-1.325809e-01,9.153579e-06,-8.450564e-04,5.805626e+00,-6.175505e-03,-9.732299e-04,-3.570603e-05,-3.102839e-03,1.290584e-04,-7.370328e+00,-1.117731e+01,3.324532e-01,-1.443496e+03,-9.115340e+04,5.834724e+03,2.193061e+06,7.831478e-03,3.148874e-01,-5.536365e-04,1.806337e+02,-3.760331e+03,5.444684e+01
2.930467e-03,1.196119e+04,4.460417e+03,3.830715e-03,4.282668e-04,-6.305025e+00,5.733821e-03,9.257403e-07,3.098380e-01,0.000000e+00,0.000000e+00,2.065421e+02,0.000000e+00,0.000000e+00,0.000000e+00,0.000000e+00,0.000000e+00,0.000000e+00,0.000000e+00,0.000000e+00,0.000000e+00,0.000000e+00,1.196119e+04,8.608392e+02,4.076828e-02,-4.767812e-04,-1.232726e+00,9.097794e-04,0.000000e+00,0.000000e+00,0.000000e+00,0.000000e+00,0.000000e+00,0.000000e+00,0.000000e+00,0.000000e+00,0.000000e+00,0.000000e+00,0.000000e+00,0.000000e+00,0.000000e+00,0.000000e+00,0.000000e+00,0.000000e+00,0.000000e+00,0.000000e+00,0.000000e+00,0.000000e+00,0.000000e+00,0.000000e+00,0.000000e+00,0.000000e+00,0.000000e+00,0.000000e+00,0.000000e+00,0.000000e+00,0.000000e+00,0.000000e+00,-2.033948e+06,1.455289e+04,-8.525638e+05,-3.629568e-03,-7.352275e-04,-2.629214e+00,4.063785e-02,-1.332073e-03,-1.365290e-01,1.108643e-05,-9.375101e-04,5.898746e+00,-7.011416e-03,-9.340342e-04,-3.822946e-05,-3.222272e-03,1.323848e-04,-7.384905e+00,-1.215790e+01,2.995460e-01,-1.421352e+03,-8.634469e+04,-1.456047e+04,2.203714e+06,7.256655e-03,2.821244e-01,-3.700426e-04,-4.046837e+02,-3.218073e+03,1.696544e+00
2.940651e-03,1.208805e+04,4.330779e+03,4.484209e-03,3.175798e-04,-6.211167e+00,5.733828e-03,9.257400e-07,2.435078e-01,0.000000e+00,0.000000e+00,2.095028e+02,0.000000e+00,0.000000e+00,0.000000e+00,0.000000e+00,0.000000e+00,0.000000e+00,0.000000e+00,0.000000e+00,0.000000e+00,0.000000e+00,1.208805e+04,8.431576e+02,4.484105e-02,-4.326615e-04,-1.218407e+00,9.097792e-04,0.000000e+00,0.000000e+00,0.000000e+00,0.000000e+00,0.000000e+00,0.000000e+00,0.000000e+00,0.000000e+00,0.000000e+00,0.000000e+00,0.000000e+00,0.000000e+00,0.000000e+00,0.000000e+00,0.000000e+00,0.000000e+00,0.000000e+00,0.000000e+00,0.000000e+00,0.000000e+00,0.000000e+00,0.000000e+00,0.000000e+00,0.000000e+00,0.000000e+00,0.000000e+00,0.000000e+00,0.000000e+00,0.000000e+00,0.000000e+00,-2.007405e+06,-1.727438e+04,-8.830981e+05,-3.961100e-03,-7.502690e-04,-2.688401e+00,4.131601e-02,-1.337040e-03,-1.405850e-01,1.291020e-05,-1.036302e-03,5.992624e+00,-7.785707e-03,-9.124174e-04,-4.084508e-05,-3.350382e-03,1.352509e-04,-7.399256e+00,-1.290799e+01,2.469134e-01,-1.398989e+03,-4.744924e+04,1.726625e+04,2.192552e+06,5.736793e-03,2.503421e-01,4.072327e-05,4.702523e+02,-3.338105e+03,1.028885e+02
2.950836e-03,1.221304e+04,4.202008e+03,4.980524e-03,2.246536e-04,-6.115477e+00,5.733828e-03,9.257417e-07,1.855929e-01,0.000000e+00,0.000000e+00,2.134831e+02,0.000000e+00,0.000000e+00,0.000000e+00,0.000000e+00,0.000000e+00,0.000000e+00,0.000000e+00,0.000000e+00,0.000000e+00,0.000000e+00,1.221304e+04,8.249582e+02,4.781450e-02,-4.662604e-04,-1.202592e+00,9.097792e-04,0.000000e+00,0.000000e+00,0.000000e+00,0.000000e+00,0.000000e+00,0.000000e+00,0.000000e+00,0.000000e+00,0.000000e+00,0.000000e+00,0.000000e+00,0.000000e+00,0.000000e+00,0.000000e+00,0.000000e+00,0.000000e+00,0.000000e+00,0.000000e+00,0.000000e+00,0.000000e+00,0.000000e+00,0.000000e+00,0.000000e+00,0.000000e+00,0.000000e+00,0.000000e+00,0.000000e+00,0.000000e+00,0.000000e+00,0.000000e+00,-1.999695e+06,-1.354735e+04,-9.136388e+05,-4.304230e-03,-7.714441e-04,-2.747753e+00,4.170182e-02,-1.326009e-03,-1.447125e-01,1.487809e-05,-1.142155e-03,6.088412e+00,-8.403140e-03,-8.979965e-04,-4.352996e-05,-3.484771e-03,1.379295e-04,-7.413379e+00,-1.339587e+01,2.288703e-01,-1.376561e+03,-1.650507e+04,1.353963e+04,2.198464e+06,5.270842e-03,2.188415e-01,4.792852e-04,2.998439e+02,-3.547960e+03,1.198285e+02
2.960093e-03,1.232579e+04,4.085787e+03,5.422391e-03,1.416077e-04,-6.028378e+00,5.733828e-03,9.257450e-07,1.422129e-01,0.000000e+00,0.000000e+00,2.171524e+02,0.000000e+00,0.000000e+00,0.000000e+00,0.000000e+00,0.000000e+00,0.000000e+00,0.000000e+00,0.000000e+00,0.000000e+00,0.000000e+00,1.232579e+04,8.083806e+02,5.001261e-02,-5.683206e-04,-1.188511e+00,9.097793e-04,0.000000e+00,0.000000e+00,0.000000e+00,0.000000e+00,0.000000e+00,0.000000e+00,0.000000e+00,0.000000e+00,0.000000e+00,0.000000e+00,0.000000e+00,0.000000e+00,0.000000e+00,0.000000e+00,0.000000e+00,0.000000e+00,0.000000e+00,0.000000e+00,0.000000e+00,0.000000e+00,0.000000e+00,0.000000e+00,0.000000e+00,0.000000e+00,0.000000e+00,0.000000e+00,0.000000e+00,0.000000e+00,0.000000e+00,0.000000e+00,-2.026054e+06,-1.246648e+04,-9.367436e+05,-4.609953e-03,-7.924518e-04,-2.802223e+00,4.198705e-02,-1.387012e-03,-1.484901e-01,1.687335e-05,-1.245606e-03,6.175518e+00,-9.040306e-03,-8.818326e-04,-4.603418e-05,-3.610643e-03,1.402079e-04,-7.426018e+00,-1.371342e+01,2.375457e-01,-1.356040e+03,-6.692396e+03,1.245855e+04,2.232115e+06,5.403098e-03,1.917297e-01,8.963755e-04,3.230146e+02,-3.510433e+03,7.256839e+00
2.970276e-03,1.244929e+04,3.958960e+03,5.896576e-03,4.417176e-05,-5.931040e+00,5.733828e-03,9.257400e-07,1.026041e-01,0.000000e+00,0.000000e+00,2.206380e+02,0.000000e+00,0.000000e+00,0.000000e+00,0.000000e+00,0.000000e+00,0.000000e+00,0.000000e+00,0.000000e+00,0.000000e+00,0.000000e+00,1.244929e+04,7.902128e+02,5.204754e-02,-5.586995e-04,-1.172123e+00,9.097792e-04,0.000000e+00,0.000000e+00,0.000000e+00,0.000000e+00,0.000000e+00,0.000000e+00,0.000000e+00,0.000000e+00,0.000000e+00,0.000000e+00,0.000000e+00,0.000000e+00,0.000000e+00,0.000000e+00,0.000000e+00,0.000000e+00,0.000000e+00,0.000000e+00,0.000000e+00,0.000000e+00,0.000000e+00,0.000000e+00,0.000000e+00,0.000000e+00,0.000000e+00,0.000000e+00,0.000000e+00,0.000000e+00,0.000000e+00,0.000000e+00,-2.034581e+06,-1.552904e+04,-9.263431e+05,-4.936530e-03,-7.843358e-04,-2.862454e+00,4.221223e-02,-1.352328e-03,-1.526733e-01,1.916750e-05,-1.366938e-03,6.272947e+00,-9.755849e-03,-8.727068e-04,-4.885286e-05,-3.751687e-03,1.425472e-04,-7.439701e+00,-1.396344e+01,2.015557e-01,-1.333314e+03,-1.971769e+04,1.552045e+04,2.235452e+06,4.552831e-03,1.627685e-01,9.725917e-04,4.393927e+02,-2.798808e+03,3.029219e+01
2.980459e-03,1.257236e+04,3.832813e+03,6.267839e-03,-1.007919e-05,-5.832762e+00,5.733828e-03,9.257400e-07,7.023594e-02,0.000000e+00,0.000000e+00,2.239201e+02,0.000000e+00,0.000000e+00,0.000000e+00,0.000000e+00,0.000000e+00,0.000000e+00,0.000000e+00,0.000000e+00,0.000000e+00,0.000000e+00,1.257236e+04,7.719363e+02,5.376800e-02,-5.746414e-04,-1.155490e+00,9.097792e-04,0.000000e+00,0.000000e+00,0.000000e+00,0.000000e+00,0.000000e+00,0.000000e+00,0.000000e+00,0.000000e+00,0.000000e+00,0.000000e+00,0.000000e+00,0.000000e+00,0.000000e+00,0.000000e+00,0.000000e+00,0.000000e+00,0.000000e+00,0.000000e+00,0.000000e+00,0.000000e+00,0.000000e+00,0.000000e+00,0.000000e+00,0.000000e+00,0.000000e+00,0.000000e+00,0.000000e+00,0.000000e+00,0.000000e+00,0.000000e+00,-2.051814e+06,-1.646385e+04,-9.255229e+05,-5.219854e-03,-8.068967e-04,-2.923245e+00,4.231049e-02,-1.350916e-03,-1.569436e-01,2.106311e-05,-1.496826e-03,6.371211e+00,-1.040804e-02,-8.904816e-04,-5.178514e-05,-3.895015e-03,1.447114e-04,-7.453151e+00,-1.415796e+01,1.866263e-01,-1.310369e+03,-2.773496e+04,1.645511e+04,2.250726e+06,4.112545e-03,1.346728e-01,8.966172e-04,4.438747e+02,-2.350538e+03,-1.474520e+01
2.990642e-03,1.269347e+04,3.707425e+03,6.542704e-03,-8.743702e-05,-5.733998e+00,5.733828e-03,9.257421e-07,4.557606e-02,0.000000e+00,0.000000e+00,2.283207e+02,0.000000e+00,0.000000e+00,0.000000e+00,0.000000e+00,0.000000e+00,0.000000e+00,0.000000e+00,0.000000e+00,0.000000e+00,0.000000e+00,1.269347e+04,7.534724e+02,5.543613e-02,-6.455989e-04,-1.139223e+00,9.097793e-04,0.000000e+00,0.000000e+00,0.000000e+00,0.000000e+00,0.000000e+00,0.000000e+00,0.000000e+00,0.000000e+00,0.000000e+00,0.000000e+00,0.000000e+00,0.000000e+00,0.000000e+00,0.000000e+00,0.000000e+00,0.000000e+00,0.000000e+00,0.000000e+00,0.000000e+00,0.000000e+00,0.000000e+00,0.000000e+00,0.000000e+00,0.000000e+00,0.000000e+00,0.000000e+00,0.000000e+00,0.000000e+00,0.000000e+00,0.000000e+00,-2.072847e+06,-1.878201e+04,-9.467654e+05,-5.529342e-03,-8.345092e-04,-2.984569e+00,4.252782e-02,-1.391854e-03,-1.612435e-01,2.352402e-05,-1.635470e-03,6.470083e+00,-1.100288e-02,-8.941158e-04,-5.479292e-05,-4.040574e-03,1.466530e-04,-7.466366e+00,-1.438109e+01,1.829033e-01,-1.287230e+03,-1.736403e+04,1.877307e+04,2.278763e+06,3.965640e-03,1.088003e-01,6.682430e-04,4.942451e+02,-2.630235e+03,-2.869409e+01
3.000826e-03,1.281673e+04,3.582723e+03,6.791331e-03,-1.146863e-04,-5.633976e+00,5.733828e-03,9.257400e-07,2.659419e-02,0.000000e+00,0.000000e+00,2.299034e+02,0.000000e+00,0.000000e+00,0.000000e+00,0.000000e+00,0.000000e+00,0.000000e+00,0.000000e+00,0.000000e+00,0.000000e+00,0.000000e+00,1.281673e+04,7.347213e+02,5.709813e-02,-5.797457e-04,-1.122273e+00,9.097793e-04,0.000000e+00,0.000000e+00,0.000000e+00,0.000000e+00,0.000000e+00,0.000000e+00,0.000000e+00,0.000000e+00,0.000000e+00,0.000000e+00,0.000000e+00,0.000000e+00,0.000000e+00,0.000000e+00,0.000000e+00,0.000000e+00,0.000000e+00,0.000000e+00,0.000000e+00,0.000000e+00,0.000000e+00,0.000000e+00,0.000000e+00,0.000000e+00,0.000000e+00,0.000000e+00,0.000000e+00,0.000000e+00,0.000000e+00,0.000000e+00,-2.105875e+06,-4.255734e+03,-9.641339e+05,-5.780108e-03,-8.346880e-04,-3.046622e+00,4.283154e-02,-1.344479e-03,-1.655596e-01,2.540157e-05,-1.785162e-03,6.570051e+00,-1.158305e-02,-9.373833e-04,-5.790798e-05,-4.188461e-03,1.483489e-04,-7.479344e+00,-1.461256e+01,1.523808e-01,-1.263885e+03,-1.556740e+04,4.247125e+03,2.316036e+06,3.225534e-03,8.343301e-02,4.087180e-04,1.523034e+02,-2.713208e+03,-9.226839e+00
3.010083e-03,1.292483e+04,3.470075e+03,6.903188e-03,-1.634096e-04,-5.543493e+00,5.733828e-03,9.257400e-07,1.391279e-02,0.000000e+00,0.000000e+00,2.345530e+02,0.000000e+00,0.000000e+00,0.000000e+00,0.000000e+00,0.000000e+00,0.000000e+00,0.000000e+00,0.000000e+00,0.000000e+00,0.000000e+00,1.292483e+04,7.172829e+02,5.839431e-02,-5.156196e-04,-1.107914e+00,9.097793e-04,0.000000e+00,0.000000e+00,0.000000e+00,0.000000e+00,0.000000e+00,0.000000e+00,0.000000e+00,0.000000e+00,0.000000e+00,0.000000e+00,0.000000e+00,0.000000e+00,0.000000e+00,0.000000e+00,0.000000e+00,0.000000e+00,0.000000e+00,0.000000e+00,0.000000e+00,0.000000e+00,0.000000e+00,0.000000e+00,0.000000e+00,0.000000e+00,0.000000e+00,0.000000e+00,0.000000e+00,0.000000e+00,0.000000e+00,0.000000e+00,-2.115496e+06,-6.279816e+03,-9.522749e+05,-6.009703e-03,-8.465039e-04,-3.103585e+00,4.321518e-02,-1.312456e-03,-1.694838e-01,2.745986e-05,-1.931385e-03,6.660617e+00,-1.205387e-02,-9.592898e-04,-6.080726e-05,-4.324782e-03,1.496372e-04,-7.490936e+00,-1.479589e+01,1.153467e-01,-1.242528e+03,-3.038070e+04,6.271115e+03,2.319748e+06,2.333026e-03,6.041505e-02,2.435779e-04,1.326154e+02,-2.111308e+03,3.500118e+01
3.020266e-03,1.304664e+04,3.347049e+03,7.041029e-03,-1.927473e-04,-5.442507e+00,5.733828e-03,9.257400e-07,5.134594e-03,0.000000e+00,0.000000e+00,2.358645e+02,0.000000e+00,0.000000e+00,0.000000e+00,0.000000e+00,0.000000e+00,0.000000e+00,0.000000e+00,0.000000e+00,0.000000e+00,0.000000e+00,1.304664e+04,6.976853e+02,5.973691e-02,-4.733226e-04,-1.091008e+00,9.097795e-04,0.000000e+00,0.000000e+00,0.000000e+00,0.000000e+00,0.000000e+00,0.000000e+00,0.000000e+00,0.000000e+00,0.000000e+00,0.000000e+00,0.000000e+00,0.000000e+00,0.000000e+00,0.000000e+00,0.000000e+00,0.000000e+00,0.000000e+00,0.000000e+00,0.000000e+00,0.000000e+00,0.000000e+00,0.000000e+00,0.000000e+00,0.000000e+00,0.000000e+00,0.000000e+00,0.000000e+00,0.000000e+00,0.000000e+00,0.000000e+00,-2.114076e+06,-2.563602e+04,-9.415923e+05,-6.241899e-03,-8.619210e-04,-3.166961e+00,4.372852e-02,-1.376495e-03,-1.738206e-01,2.940209e-05,-2.105323e-03,6.761569e+00,-1.258144e-02,-1.006777e-03,-6.410795e-05,-4.476621e-03,1.507313e-04,-7.503458e+00,-1.498114e+01,9.243038e-02,-1.218916e+03,-3.946364e+04,2.562728e+04,2.313948e+06,1.781317e-03,3.680373e-02,3.639060e-04,6.998946e+02,-1.575363e+03,4.305043e+01
3.030449e-03,1.316394e+04,3.225305e+03,7.119784e-03,-2.425990e-04,-5.342302e+00,5.733828e-03,9.257436e-07,9.654291e-04,0.000000e+00,0.000000e+00,2.403893e+02,0.000000e+00,0.000000e+00,0.000000e+00,0.000000e+00,0.000000e+00,0.000000e+00,0.000000e+00,0.000000e+00,0.000000e+00,0.000000e+00,1.316394e+04,6.774716e+02,6.089333e-02,-4.658890e-04,-1.075040e+00,9.097795e-04,0.000000e+00,0.000000e+00,0.000000e+00,0.000000e+00,0.000000e+00,0.000000e+00,0.000000e+00,0.000000e+00,0.000000e+00,0.000000e+00,0.000000e+00,0.000000e+00,0.000000e+00,0.000000e+00,0.000000e+00,0.000000e+00,0.000000e+00,0.000000e+00,0.000000e+00,0.000000e+00,0.000000e+00,0.000000e+00,0.000000e+00,0.000000e+00,0.000000e+00,0.000000e+00,0.000000e+00,0.000000e+00,0.000000e+00,0.000000e+00,-2.114970e+06,1.388152e+03,-9.567459e+05,-6.481394e-03,-8.739131e-04,-3.230839e+00,4.431068e-02,-1.347632e-03,-1.781744e-01,3.122106e-05,-2.293443e-03,6.861822e+00,-1.304642e-02,-1.040878e-03,-6.754311e-05,-4.630221e-03,1.516127e-04,-7.515739e+00,-1.515038e+01,7.588977e-02,-1.195289e+03,-2.610366e+04,-1.396941e+03,2.321159e+06,1.509760e-03,1.628104e-02,9.140905e-04,3.063013e+01,-1.540880e+03,4.515170e+01
3.040632e-03,1.328158e+04,3.105020e+03,7.162252e-03,-3.046372e-04,-5.240809e+00,5.733828e-03,9.257404e-07,3.040155e-05,0.000000e+00,0.000000e+00,2.430839e+02,0.000000e+00,0.000000e+00,0.000000e+00,0.000000e+00,0.000000e+00,0.000000e+00,0.000000e+00,0.000000e+00,0.000000e+00,0.000000e+00,1.328158e+04,6.571289e+02,6.164372e-02,-3.898803e-04,-1.058068e+00,9.097792e-04,0.000000e+00,0.000000e+00,0.000000e+00,0.000000e+00,0.000000e+00,0.000000e+00,0.000000e+00,0.000000e+00,0.000000e+00,0.000000e+00,0.000000e+00,0.000000e+00,0.000000e+00,0.000000e+00,0.000000e+00,0.000000e+00,0.000000e+00,0.000000e+00,0.000000e+00,0.000000e+00,0.000000e+00,0.000000e+00,0.000000e+00,0.000000e+00,0.000000e+00,0.000000e+00,0.000000e+00,0.000000e+00,0.000000e+00,0.000000e+00,-2.112718e+06,1.301774e+04,-9.773556e+05,-6.715801e-03,-8.885568e-04,-3.295341e+00,4.484237e-02,-1.323246e-03,-1.825741e-01,3.344787e-05,-2.496737e-03,6.963315e+00,-1.345952e-02,-1.084730e-03,-7.106900e-05,-4.785081e-03,1.520555e-04,-7.527779e+00,-1.523333e+01,3.580946e-02,-1.171580e+03,-6.469470e+03,-1.302711e+04,2.327822e+06,8.983306e-04,-1.467965e-03,1.582892e-03,-3.022850e+02,-1.393970e+03,6.212901e+01
3.050816e-03,1.339653e+04,2.986367e+03,7.210197e-03,-3.738431e-04,-5.139727e+00,5.733828e-03,9.257494e-07,9.390669e-04,0.000000e+00,0.000000e+00,2.468309e+02,0.000000e+00,0.000000e+00,0.000000e+00,0.000000e+00,0.000000e+00,0.000000e+00,0.000000e+00,0.000000e+00,0.000000e+00,0.000000e+00,1.339653e+04,6.365859e+02,6.190239e-02,-2.130803e-04,-1.041670e+00,9.097791e-04,0.000000e+00,0.000000e+00,0.000000e+00,0.000000e+00,0.000000e+00,0.000000e+00,0.000000e+00,0.000000e+00,0.000000e+00,0.000000e+00,0.000000e+00,0.000000e+00,0.000000e+00,0.000000e+00,0.000000e+00,0.000000e+00,0.000000e+00,0.000000e+00,0.000000e+00,0.000000e+00,0.000000e+00,0.000000e+00,0.000000e+00,0.000000e+00,0.000000e+00,0.000000e+00,0.000000e+00,0.000000e+00,0.000000e+00,0.000000e+00,-2.111502e+06,7.432447e+03,-9.981924e+05,-6.922861e-03,-9.033649e-04,-3.360266e+00,4.532400e-02,-1.269188e-03,-1.869765e-01,3.514269e-05,-2.715431e-03,7.064418e+00,-1.387110e-02,-1.130383e-03,-7.479226e-05,-4.940215e-03,1.519501e-04,-7.539578e+00,-1.520683e+01,-3.749351e-02,-1.147846e+03,1.292885e+04,-7.441285e+03,2.335522e+06,-4.812915e-04,-1.468653e-02,2.694058e-03,-1.358018e+02,-1.065015e+03,1.295366e+02
3.060073e-03,1.349941e+04,2.879997e+03,7.220963e-03,-4.495848e-04,-5.046910e+00,5.733828e-03,9.257400e-07,1.932787e-03,0.000000e+00,0.000000e+00,2.503579e+02,0.000000e+00,0.000000e+00,0.000000e+00,0.000000e+00,0.000000e+00,0.000000e+00,0.000000e+00,0.000000e+00,0.000000e+00,0.000000e+00,1.349941e+04,6.178061e+02,6.152199e-02,-9.104423e-05,-1.025969e+00,9.097792e-04,0.000000e+00,0.000000e+00,0.000000e+00,0.000000e+00,0.000000e+00,0.000000e+00,0.000000e+00,0.000000e+00,0.000000e+00,0.000000e+00,0.000000e+00,0.000000e+00,0.000000e+00,0.000000e+00,0.000000e+00,0.000000e+00,0.000000e+00,0.000000e+00,0.000000e+00,0.000000e+00,0.000000e+00,0.000000e+00,0.000000e+00,0.000000e+00,0.000000e+00,0.000000e+00,0.000000e+00,0.000000e+00,0.000000e+00,0.000000e+00,-2.105650e+06,3.581309e+03,-1.001445e+06,-7.137824e-03,-9.122575e-04,-3.419632e+00,4.575772e-02,-1.262428e-03,-1.909944e-01,3.722789e-05,-2.928349e-03,7.157265e+00,-1.421755e-02,-1.173822e-03,-7.827894e-05,-5.080299e-03,1.513175e-04,-7.550094e+00,-1.505267e+01,-9.266501e-02,-1.126255e+03,1.834870e+04,-3.590140e+03,2.331591e+06,-1.128670e-03,-2.162861e-02,3.877487e-03,2.107005e+00,-2.920023e+02,1.158675e+02
3.070256e-03,1.361178e+04,2.764683e+03,7.217884e-03,-5.342626e-04,-4.944758e+00,5.733828e-03,9.257400e-07,2.094959e-03,0.000000e+00,0.000000e+00,2.533248e+02,0.000000e+00,0.000000e+00,0.000000e+00,0.000000e+00,0.000000e+00,0.000000e+00,0.000000e+00,0.000000e+00,0.000000e+00,0.000000e+00,1.361178e+04,5.968250e+02,6.043280e-02,5.219178e-05,-1.008520e+00,9.097793e-04,0.000000e+00,0.000000e+00,0.000000e+00,0.000000e+00,0.000000e+00,0.000000e+00,0.000000e+00,0.000000e+00,0.000000e+00,0.000000e+00,0.000000e+00,0.000000e+00,0.000000e+00,0.000000e+00,0.000000e+00,0.000000e+00,0.000000e+00,0.000000e+00,0.000000e+00,0.000000e+00,0.000000e+00,0.000000e+00,0.000000e+00,0.000000e+00,0.000000e+00,0.000000e+00,0.000000e+00,0.000000e+00,0.000000e+00,0.000000e+00,-2.090728e+06,6.886885e+03,-1.019569e+06,-7.356504e-03,-9.217908e-04,-3.485168e+00,4.616826e-02,-1.235343e-03,-1.954348e-01,3.886242e-05,-3.179590e-03,7.259418e+00,-1.457394e-02,-1.223312e-03,-8.235477e-05,-5.232000e-03,1.500230e-04,-7.561431e+00,-1.474302e+01,-1.552621e-01,-1.102554e+03,4.107744e+04,-6.895680e+03,2.325721e+06,-1.575855e-03,-2.248823e-02,5.165970e-03,-3.498269e+01,2.297331e+02,1.066961e+02
3.080439e-03,1.372085e+04,2.651207e+03,7.186086e-03,-6.256549e-04,-4.841933e+00,5.733828e-03,9.257409e-07,1.120359e-03,0.000000e+00,0.000000e+00,2.577545e+02,0.000000e+00,0.000000e+00,0.000000e+00,0.000000e+00,0.000000e+00,0.000000e+00,0.000000e+00,0.000000e+00,0.000000e+00,0.000000e+00,1.372085e+04,5.755638e+02,5.859433e-02,1.872132e-04,-9.903269e-01,9.097793e-04,0.000000e+00,0.000000e+00,0.000000e+00,0.000000e+00,0.000000e+00,0.000000e+00,0.000000e+00,0.000000e+00,0.000000e+00,0.000000e+00,0.000000e+00,0.000000e+00,0.000000e+00,0.000000e+00,0.000000e+00,0.000000e+00,0.000000e+00,0.000000e+00,0.000000e+00,0.000000e+00,0.000000e+00,0.000000e+00,0.000000e+00,0.000000e+00,0.000000e+00,0.000000e+00,0.000000e+00,0.000000e+00,0.000000e+00,0.000000e+00,-2.075916e+06,9.730830e+03,-1.037346e+06,-7.591884e-03,-9.387488e-04,-3.550953e+00,4.656966e-02,-1.212019e-03,-1.998882e-01,4.093265e-05,-3.449794e-03,7.362280e+00,-1.490463e-02,-1.276313e-03,-8.664623e-05,-5.379615e-03,1.480531e-04,-7.572527e+00,-1.427929e+01,-2.153801e-01,-1.078905e+03,6.344900e+04,-9.739588e+03,2.319804e+06,-1.611083e-03,-1.585847e-02,6.228776e-03,-7.016727e+01,8.042224e+02,1.077496e+02
3.090623e-03,1.382961e+04,2.539693e+03,7.077760e-03,-7.184937e-04,-4.738760e+00,5.733828e-03,9.257409e-07,2.281782e-04,0.000000e+00,0.000000e+00,2.605167e+02,0.000000e+00,0.000000e+00,0.000000e+00,0.000000e+00,0.000000e+00,0.000000e+00,0.000000e+00,0.000000e+00,0.000000e+00,0.000000e+00,1.382961e+04,5.542176e+02,5.597652e-02,3.703162e-04,-9.717109e-01,9.097794e-04,0.000000e+00,0.000000e+00,0.000000e+00,0.000000e+00,0.000000e+00,0.000000e+00,0.000000e+00,0.000000e+00,0.000000e+00,0.000000e+00,0.000000e+00,0.000000e+00,0.000000e+00,0.000000e+00,0.000000e+00,0.000000e+00,0.000000e+00,0.000000e+00,0.000000e+00,0.000000e+00,0.000000e+00,0.000000e+00,0.000000e+00,0.000000e+00,0.000000e+00,0.000000e+00,0.000000e+00,0.000000e+00,0.000000e+00,0.000000e+00,-2.069049e+06,9.898725e+03,-1.040926e+06,-7.823054e-03,-9.478160e-04,-3.616987e+00,4.690080e-02,-1.143181e-03,-2.043681e-01,4.274685e-05,-3.740510e-03,7.465455e+00,-1.517773e-02,-1.333106e-03,-9.123384e-05,-5.521637e-03,1.453841e-04,-7.583383e+00,-1.366120e+01,-2.913446e-01,-1.055295e+03,6.959514e+04,-9.908066e+03,2.315091e+06,-1.708699e-03,-2.675115e-03,6.867061e-03,-7.703358e+01,1.537301e+03,6.097194e+01
3.100806e-03,1.393521e+04,2.430205e+03,6.961902e-03,-8.126752e-04,-4.635185e+00,5.733828e-03,9.257434e-07,1.317918e-03,0.000000e+00,0.000000e+00,2.644167e+02,0.000000e+00,0.000000e+00,0.000000e+00,0.000000e+00,0.000000e+00,0.000000e+00,0.000000e+00,0.000000e+00,0.000000e+00,0.000000e+00,1.393521e+04,5.327997e+02,5.285993e-02,5.180843e-04,-9.526093e-01,9.097793e-04,0.000000e+00,0.000000e+00,0.000000e+00,0.000000e+00,0.000000e+00,0.000000e+00,0.000000e+00,0.000000e+00,0.000000e+00,0.000000e+00,0.000000e+00,0.000000e+00,0.000000e+00,0.000000e+00,0.000000e+00,0.000000e+00,0.000000e+00,0.000000e+00,0.000000e+00,0.000000e+00,0.000000e+00,0.000000e+00,0.000000e+00,0.000000e+00,0.000000e+00,0.000000e+00,0.000000e+00,0.000000e+00,0.000000e+00,0.000000e+00,-2.068715e+06,5.615440e+03,-1.039734e+06,-8.071561e-03,-9.629472e-04,-3.683278e+00,4.718029e-02,-1.092066e-03,-2.088413e-01,4.460065e-05,-4.052074e-03,7.569049e+00,-1.546326e-02,-1.396027e-03,-9.611883e-05,-5.656835e-03,1.420596e-04,-7.593998e+00,-1.293884e+01,-3.564369e-01,-1.031729e+03,6.865337e+04,-5.624229e+03,2.314285e+06,-1.473934e-03,1.573644e-02,7.056524e-03,4.276645e+01,2.141978e+03,-1.625387e+01
3.110063e-03,1.402997e+04,2.332500e+03,6.808552e-03,-9.046945e-04,-4.540675e+00,5.733828e-03,9.257460e-07,5.494954e-03,0.000000e+00,0.000000e+00,2.673674e+02,0.000000e+00,0.000000e+00,0.000000e+00,0.000000e+00,0.000000e+00,0.000000e+00,0.000000e+00,0.000000e+00,0.000000e+00,0.000000e+00,1.402997e+04,5.134612e+02,4.981780e-02,5.940525e-04,-9.349325e-01,9.097793e-04,0.000000e+00,0.000000e+00,0.000000e+00,0.000000e+00,0.000000e+00,0.000000e+00,0.000000e+00,0.000000e+00,0.000000e+00,0.000000e+00,0.000000e+00,0.000000e+00,0.000000e+00,0.000000e+00,0.000000e+00,0.000000e+00,0.000000e+00,0.000000e+00,0.000000e+00,0.000000e+00,0.000000e+00,0.000000e+00,0.000000e+00,0.000000e+00,0.000000e+00,0.000000e+00,0.000000e+00,0.000000e+00,0.000000e+00,0.000000e+00,-2.062318e+06,5.281875e+03,-1.044739e+06,-8.311272e-03,-9.708084e-04,-3.743849e+00,4.738601e-02,-1.057800e-03,-2.129193e-01,4.632348e-05,-4.354270e-03,7.663570e+00,-1.569015e-02,-1.453924e-03,-1.008117e-04,-5.773202e-03,1.385500e-04,-7.603440e+00,-1.225793e+01,-4.009308e-01,-1.010304e+03,7.589365e+04,-5.290683e+03,2.310600e+06,-8.484668e-04,3.573903e-02,6.534313e-03,4.367541e+01,2.225420e+03,-8.791470e+01
3.120246e-03,1.413260e+04,2.227144e+03,6.662363e-03,-1.005230e-03,-4.436425e+00,5.733828e-03,9.257445e-07,1.508006e-02,0.000000e+00,0.000000e+00,2.700868e+02,0.000000e+00,0.000000e+00,0.000000e+00,0.000000e+00,0.000000e+00,0.000000e+00,0.000000e+00,0.000000e+00,0.000000e+00,0.000000e+00,1.413260e+04,4.924061e+02,4.657555e-02,6.091590e-04,-9.151937e-01,9.097795e-04,0.000000e+00,0.000000e+00,0.000000e+00,0.000000e+00,0.000000e+00,0.000000e+00,0.000000e+00,0.000000e+00,0.000000e+00,0.000000e+00,0.000000e+00,0.000000e+00,0.000000e+00,0.000000e+00,0.000000e+00,0.000000e+00,0.000000e+00,0.000000e+00,0.000000e+00,0.000000e+00,0.000000e+00,0.000000e+00,0.000000e+00,0.000000e+00,0.000000e+00,0.000000e+00,0.000000e+00,0.000000e+00,0.000000e+00,0.000000e+00,-2.068441e+06,8.034593e+03,-1.046602e+06,-8.564184e-03,-9.857933e-04,-3.810756e+00,4.761070e-02,-1.031627e-03,-2.173961e-01,4.800416e-05,-4.707619e-03,7.767822e+00,-1.596592e-02,-1.526492e-03,-1.062718e-04,-5.894028e-03,1.342951e-04,-7.613597e+00,-1.155247e+01,-4.316485e-01,-9.867473e+02,7.499838e+04,-8.044015e+03,2.316937e+06,1.116917e-04,6.061054e-02,5.306158e-03,-4.642052e+01,2.347518e+03,-1.388002e+02
3.130429e-03,1.423293e+04,2.123787e+03,6.513141e-03,-1.114878e-03,-4.331566e+00,5.733828e-03,9.257425e-07,3.068492e-02,0.000000e+00,0.000000e+00,2.731087e+02,0.000000e+00,0.000000e+00,0.000000e+00,0.000000e+00,0.000000e+00,0.000000e+00,0.000000e+00,0.000000e+00,0.000000e+00,0.000000e+00,1.423293e+04,4.716575e+02,4.345815e-02,6.213023e-04,-8.951894e-01,9.097793e-04,0.000000e+00,0.000000e+00,0.000000e+00,0.000000e+00,0.000000e+00,0.000000e+00,0.000000e+00,0.000000e+00,0.000000e+00,0.000000e+00,0.000000e+00,0.000000e+00,0.000000e+00,0.000000e+00,0.000000e+00,0.000000e+00,0.000000e+00,0.000000e+00,0.000000e+00,0.000000e+00,0.000000e+00,0.000000e+00,0.000000e+00,0.000000e+00,0.000000e+00,0.000000e+00,0.000000e+00,0.000000e+00,0.000000e+00,0.000000e+00,-2.090409e+06,5.420238e+03,-1.047556e+06,-8.811642e-03,-1.005894e-03,-3.878111e+00,4.770109e-02,-9.750554e-04,-2.219073e-01,5.130880e-05,-5.083793e-03,7.872715e+00,-1.624608e-02,-1.615548e-03,-1.122686e-04,-6.007936e-03,1.296643e-04,-7.623515e+00,-1.089340e+01,-4.689817e-01,-9.631069e+02,6.658570e+04,-5.429249e+03,2.337252e+06,6.644411e-04,8.713131e-02,3.451848e-03,-2.279643e+01,2.471572e+03,-2.244541e+02
3.140613e-03,1.433175e+04,2.022420e+03,6.386001e-03,-1.219687e-03,-4.226278e+00,5.733830e-03,9.257400e-07,5.355918e-02,0.000000e+00,0.000000e+00,2.756887e+02,0.000000e+00,0.000000e+00,0.000000e+00,0.000000e+00,0.000000e+00,0.000000e+00,0.000000e+00,0.000000e+00,0.000000e+00,0.000000e+00,1.433175e+04,4.514081e+02,4.066370e-02,6.242618e-04,-8.752699e-01,9.097790e-04,0.000000e+00,0.000000e+00,0.000000e+00,0.000000e+00,0.000000e+00,0.000000e+00,0.000000e+00,0.000000e+00,0.000000e+00,0.000000e+00,0.000000e+00,0.000000e+00,0.000000e+00,0.000000e+00,0.000000e+00,0.000000e+00,0.000000e+00,0.000000e+00,0.000000e+00,0.000000e+00,0.000000e+00,0.000000e+00,0.000000e+00,0.000000e+00,0.000000e+00,0.000000e+00,0.000000e+00,0.000000e+00,0.000000e+00,0.000000e+00,-2.104072e+06,5.477325e+03,-1.039559e+06,-8.985974e-03,-1.012365e-03,-3.945941e+00,4.763976e-02,-9.052347e-04,-2.264641e-01,5.469379e-05,-5.482249e-03,7.978004e+00,-1.659278e-02,-1.691537e-03,-1.185879e-04,-6.115702e-03,1.247262e-04,-7.633190e+00,-1.033112e+01,-5.036823e-01,-9.393204e+02,5.356872e+04,-5.486973e+03,2.346259e+06,1.039099e-03,1.154220e-01,1.316466e-03,-4.632808e+01,2.772773e+03,-1.936910e+02
3.150796e-03,1.442832e+04,1.923013e+03,6.320493e-03,-1.343582e-03,-4.120526e+00,5.733848e-03,9.257400e-07,8.471576e-02,0.000000e+00,0.000000e+00,2.785466e+02,0.000000e+00,0.000000e+00,0.000000e+00,0.000000e+00,0.000000e+00,0.000000e+00,0.000000e+00,0.000000e+00,0.000000e+00,0.000000e+00,1.442832e+04,4.314844e+02,3.816129e-02,5.899637e-04,-8.553644e-01,9.097794e-04,0.000000e+00,0.000000e+00,0.000000e+00,0.000000e+00,0.000000e+00,0.000000e+00,0.000000e+00,0.000000e+00,0.000000e+00,0.000000e+00,0.000000e+00,0.000000e+00,0.000000e+00,0.000000e+00,0.000000e+00,0.000000e+00,0.000000e+00,0.000000e+00,0.000000e+00,0.000000e+00,0.000000e+00,0.000000e+00,0.000000e+00,0.000000e+00,0.000000e+00,0.000000e+00,0.000000e+00,0.000000e+00,0.000000e+00,0.000000e+00,-2.124316e+06,-6.508050e+03,-1.023186e+06,-9.171365e-03,-1.029926e-03,-4.014194e+00,4.746269e-02,-8.476379e-04,-2.310386e-01,5.861556e-05,-5.905209e-03,8.083794e+00,-1.700091e-02,-1.786079e-03,-1.253027e-04,-6.218277e-03,1.194780e-04,-7.642622e+00,-9.841308e+00,-5.352950e-01,-9.154065e+02,3.018061e+04,6.498852e+03,2.357693e+06,1.023172e-03,1.452128e-01,-6.821108e-04,2.528161e+02,3.393075e+03,-1.861745e+02
3.160053e-03,1.451476e+04,1.834411e+03,6.271444e-03,-1.466584e-03,-4.023923e+00,5.733848e-03,9.257400e-07,1.184698e-01,0.000000e+00,0.000000e+00,2.807039e+02,0.000000e+00,0.000000e+00,0.000000e+00,0.000000e+00,0.000000e+00,0.000000e+00,0.000000e+00,0.000000e+00,0.000000e+00,0.000000e+00,1.451476e+04,4.139837e+02,3.590962e-02,4.966261e-04,-8.375210e-01,9.097793e-04,0.000000e+00,0.000000e+00,0.000000e+00,0.000000e+00,0.000000e+00,0.000000e+00,0.000000e+00,0.000000e+00,0.000000e+00,0.000000e+00,0.000000e+00,0.000000e+00,0.000000e+00,0.000000e+00,0.000000e+00,0.000000e+00,0.000000e+00,0.000000e+00,0.000000e+00,0.000000e+00,0.000000e+00,0.000000e+00,0.000000e+00,0.000000e+00,0.000000e+00,0.000000e+00,0.000000e+00,0.000000e+00,0.000000e+00,0.000000e+00,-2.135634e+06,7.805419e+03,-1.037132e+06,-9.261454e-03,-1.041159e-03,-4.076800e+00,4.697417e-02,-7.785266e-04,-2.352674e-01,6.265057e-05,-6.312802e-03,8.180401e+00,-1.741019e-02,-1.871197e-03,-1.318912e-04,-6.307234e-03,1.144856e-04,-7.650985e+00,-9.397509e+00,-5.474432e-01,-8.934675e+02,3.804325e+04,-7.814686e+03,2.373843e+06,1.323880e-03,1.720686e-01,-2.200026e-03,-1.352381e+02,3.235989e+03,-1.772276e+02
3.170236e-03,1.460656e+04,1.739078e+03,6.310397e-03,-1.617765e-03,-3.917104e+00,5.733848e-03,9.257400e-07,1.630651e-01,0.000000e+00,0.000000e+00,2.842397e+02,0.000000e+00,0.000000e+00,0.000000e+00,0.000000e+00,0.000000e+00,0.000000e+00,0.000000e+00,0.000000e+00,0.000000e+00,0.000000e+00,1.460656e+04,3.951955e+02,3.343978e-02,4.838965e-04,-8.177410e-01,9.097792e-04,0.000000e+00,0.000000e+00,0.000000e+00,0.000000e+00,0.000000e+00,0.000000e+00,0.000000e+00,0.000000e+00,0.000000e+00,0.000000e+00,0.000000e+00,0.000000e+00,0.000000e+00,0.000000e+00,0.000000e+00,0.000000e+00,0.000000e+00,0.000000e+00,0.000000e+00,0.000000e+00,0.000000e+00,0.000000e+00,0.000000e+00,0.000000e+00,0.000000e+00,0.000000e+00,0.000000e+00,0.000000e+00,0.000000e+00,0.000000e+00,-2.151449e+06,1.937412e+03,-1.059294e+06,-9.414916e-03,-1.053085e-03,-4.145890e+00,4.638629e-02,-6.888834e-04,-2.399258e-01,6.740901e-05,-6.789065e-03,8.287237e+00,-1.788072e-02,-1.961741e-03,-1.396950e-04,-6.400335e-03,1.086420e-04,-7.659949e+00,-8.892509e+00,-5.946034e-01,-8.692267e+02,5.145710e+04,-1.946162e+03,2.397538e+06,6.220902e-04,2.022809e-01,-3.600906e-03,3.474200e+00,2.890897e+03,-1.074041e+02
3.180419e-03,1.469733e+04,1.646044e+03,6.427728e-03,-1.779460e-03,-3.809650e+00,5.733867e-03,9.257400e-07,2.097390e-01,0.000000e+00,0.000000e+00,2.864957e+02,0.000000e+00,0.000000e+00,0.000000e+00,0.000000e+00,0.000000e+00,0.000000e+00,0.000000e+00,0.000000e+00,0.000000e+00,0.000000e+00,1.469733e+04,3.772556e+02,3.073720e-02,4.677376e-04,-7.980986e-01,9.097793e-04,0.000000e+00,0.000000e+00,0.000000e+00,0.000000e+00,0.000000e+00,0.000000e+00,0.000000e+00,0.000000e+00,0.000000e+00,0.000000e+00,0.000000e+00,0.000000e+00,0.000000e+00,0.000000e+00,0.000000e+00,0.000000e+00,0.000000e+00,0.000000e+00,0.000000e+00,0.000000e+00,0.000000e+00,0.000000e+00,0.000000e+00,0.000000e+00,0.000000e+00,0.000000e+00,0.000000e+00,0.000000e+00,0.000000e+00,0.000000e+00,-2.165241e+06,-2.298226e+03,-1.065190e+06,-9.521474e-03,-1.067730e-03,-4.215468e+00,4.552457e-02,-6.181065e-04,-2.446388e-01,7.254306e-05,-7.297222e-03,8.394715e+00,-1.833600e-02,-2.071092e-03,-1.481363e-04,-6.487519e-03,1.023410e-04,-7.668664e+00,-8.280504e+00,-6.433163e-01,-8.447520e+02,5.098170e+04,2.289465e+03,2.412530e+06,-8.639146e-05,2.295756e-01,-4.484336e-03,1.087994e+02,2.910325e+03,-3.894947e+01
3.190603e-03,1.478556e+04,1.555313e+03,6.631692e-03,-1.943957e-03,-3.701827e+00,5.733867e-03,9.257400e-07,2.577176e-01,0.000000e+00,0.000000e+00,2.890015e+02,0.000000e+00,0.000000e+00,0.000000e+00,0.000000e+00,0.000000e+00,0.000000e+00,0.000000e+00,0.000000e+00,0.000000e+00,0.000000e+00,1.478556e+04,3.599628e+02,2.795670e-02,4.871241e-04,-7.786950e-01,9.097792e-04,0.000000e+00,0.000000e+00,0.000000e+00,0.000000e+00,0.000000e+00,0.000000e+00,0.000000e+00,0.000000e+00,0.000000e+00,0.000000e+00,0.000000e+00,0.000000e+00,0.000000e+00,0.000000e+00,0.000000e+00,0.000000e+00,0.000000e+00,0.000000e+00,0.000000e+00,0.000000e+00,0.000000e+00,0.000000e+00,0.000000e+00,0.000000e+00,0.000000e+00,0.000000e+00,0.000000e+00,0.000000e+00,0.000000e+00,0.000000e+00,-2.178364e+06,4.177731e+02,-1.099416e+06,-9.632858e-03,-1.077163e-03,-4.285385e+00,4.449233e-02,-5.323055e-04,-2.493779e-01,7.777724e-05,-7.838215e-03,8.502531e+00,-1.883902e-02,-2.178896e-03,-1.571953e-04,-6.568218e-03,9.543235e-05,-7.677130e+00,-7.610320e+00,-7.022294e-01,-8.201017e+02,7.646595e+04,-4.271363e+02,2.438881e+06,-1.257612e-03,2.549931e-01,-4.768058e-03,1.677303e+01,2.127858e+03,3.802793e+00
3.200786e-03,1.487117e+04,1.466854e+03,6.896110e-03,-2.127268e-03,-3.593443e+00,5.733867e-03,9.257400e-07,3.059974e-01,0.000000e+00,0.000000e+00,2.918318e+02,0.000000e+00,0.000000e+00,0.000000e+00,0.000000e+00,0.000000e+00,0.000000e+00,0.000000e+00,0.000000e+00,0.000000e+00,0.000000e+00,1.487117e+04,3.434031e+02,2.515214e-02,5.095744e-04,-7.595845e-01,9.097796e-04,0.000000e+00,0.000000e+00,0.000000e+00,0.000000e+00,0.000000e+00,0.000000e+00,0.000000e+00,0.000000e+00,0.000000e+00,0.000000e+00,0.000000e+00,0.000000e+00,0.000000e+00,0.000000e+00,0.000000e+00,0.000000e+00,0.000000e+00,0.000000e+00,0.000000e+00,0.000000e+00,0.000000e+00,0.000000e+00,0.000000e+00,0.000000e+00,0.000000e+00,0.000000e+00,0.000000e+00,0.000000e+00,0.000000e+00,0.000000e+00,-2.187153e+06,1.247286e+04,-1.103312e+06,-9.702336e-03,-1.089635e-03,-4.355752e+00,4.339995e-02,-4.027279e-04,-2.541418e-01,8.332731e-05,-8.414133e-03,8.610937e+00,-1.935258e-02,-2.297612e-03,-1.669007e-04,-6.641657e-03,8.784414e-05,-7.685343e+00,-6.900493e+00,-7.697980e-01,-7.952134e+02,7.629333e+04,-1.248217e+04,2.448492e+06,-2.978690e-03,2.779685e-01,-4.498028e-03,-3.494369e+02,2.067465e+03,1.318906e+00
3.210043e-03,1.494766e+04,1.388405e+03,7.206408e-03,-2.295800e-03,-3.494690e+00,5.733867e-03,9.257400e-07,3.484238e-01,0.000000e+00,0.000000e+00,2.937786e+02,0.000000e+00,0.000000e+00,0.000000e+00,0.000000e+00,0.000000e+00,0.000000e+00,0.000000e+00,0.000000e+00,0.000000e+00,0.000000e+00,1.494766e+04,3.287647e+02,2.258169e-02,5.404346e-04,-7.424362e-01,9.097793e-04,0.000000e+00,0.000000e+00,0.000000e+00,0.000000e+00,0.000000e+00,0.000000e+00,0.000000e+00,0.000000e+00,0.000000e+00,0.000000e+00,0.000000e+00,0.000000e+00,0.000000e+00,0.000000e+00,0.000000e+00,0.000000e+00,0.000000e+00,0.000000e+00,0.000000e+00,0.000000e+00,0.000000e+00,0.000000e+00,0.000000e+00,0.000000e+00,0.000000e+00,0.000000e+00,0.000000e+00,0.000000e+00,0.000000e+00,0.000000e+00,-2.207620e+06,7.680106e+03,-1.106825e+06,-9.785722e-03,-1.101682e-03,-4.419967e+00,4.228821e-02,-2.939623e-04,-2.585174e-01,8.820125e-05,-8.969842e-03,8.709659e+00,-1.986009e-02,-2.409681e-03,-1.763091e-04,-6.702037e-03,8.029211e-05,-7.692589e+00,-6.215222e+00,-8.379234e-01,-7.724437e+02,7.083935e+04,-7.689391e+03,2.468528e+06,-5.205260e-03,2.966957e-01,-3.940141e-03,-2.675034e+02,1.996221e+03,8.228998e+01
3.220226e-03,1.502879e+04,1.304282e+03,7.569235e-03,-2.515328e-03,-3.385459e+00,5.733867e-03,9.257418e-07,3.941169e-01,0.000000e+00,0.000000e+00,2.967635e+02,0.000000e+00,0.000000e+00,0.000000e+00,0.000000e+00,0.000000e+00,0.000000e+00,0.000000e+00,0.000000e+00,0.000000e+00,0.000000e+00,1.502879e+04,3.129907e+02,1.990013e-02,4.721119e-04,-7.234437e-01,9.097793e-04,0.000000e+00,0.000000e+00,0.000000e+00,0.000000e+00,0.000000e+00,0.000000e+00,0.000000e+00,0.000000e+00,0.000000e+00,0.000000e+00,0.000000e+00,0.000000e+00,0.000000e+00,0.000000e+00,0.000000e+00,0.000000e+00,0.000000e+00,0.000000e+00,0.000000e+00,0.000000e+00,0.000000e+00,0.000000e+00,0.000000e+00,0.000000e+00,0.000000e+00,0.000000e+00,0.000000e+00,0.000000e+00,0.000000e+00,0.000000e+00,-2.216462e+06,7.145976e+03,-1.109328e+06,-9.847860e-03,-1.112590e-03,-4.490882e+00,4.102637e-02,-1.814862e-04,-2.633502e-01,9.394427e-05,-9.619715e-03,8.818904e+00,-2.042282e-02,-2.533518e-03,-1.874342e-04,-6.761278e-03,7.142863e-05,-7.700315e+00,-5.484675e+00,-8.931710e-01,-7.472697e+02,6.938322e+04,-7.155126e+03,2.477600e+06,-7.564192e-03,3.156869e-01,-3.133126e-03,-3.090744e+02,1.763723e+03,8.732813e+01
3.230409e-03,1.510819e+04,1.222557e+03,7.965752e-03,-2.707221e-03,-3.276105e+00,5.733867e-03,9.257404e-07,4.358264e-01,0.000000e+00,0.000000e+00,2.991439e+02,0.000000e+00,0.000000e+00,0.000000e+00,0.000000e+00,0.000000e+00,0.000000e+00,0.000000e+00,0.000000e+00,0.000000e+00,0.000000e+00,1.510819e+04,2.974540e+02,1.737877e-02,3.565614e-04,-7.044602e-01,9.097796e-04,0.000000e+00,0.000000e+00,0.000000e+00,0.000000e+00,0.000000e+00,0.000000e+00,0.000000e+00,0.000000e+00,0.000000e+00,0.000000e+00,0.000000e+00,0.000000e+00,0.000000e+00,0.000000e+00,0.000000e+00,0.000000e+00,0.000000e+00,0.000000e+00,0.000000e+00,0.000000e+00,0.000000e+00,0.000000e+00,0.000000e+00,0.000000e+00,0.000000e+00,0.000000e+00,0.000000e+00,0.000000e+00,0.000000e+00,0.000000e+00,-2.221263e+06,2.947903e+03,-1.122897e+06,-9.941380e-03,-1.130650e-03,-4.561961e+00,3.972057e-02,-1.038373e-04,-2.682192e-01,9.949357e-05,-1.017600e-02,8.928242e+00,-2.098031e-02,-2.638693e-03,-1.956191e-04,-6.813228e-03,6.208717e-05,-7.707785e+00,-4.775648e+00,-9.242443e-01,-7.220419e+02,7.966112e+04,-2.956875e+03,2.487682e+06,-9.781891e-03,3.322760e-01,-2.340445e-03,-2.226847e+02,1.109176e+03,7.801006e+01
3.240593e-03,1.518533e+04,1.143274e+03,8.379490e-03,-2.900997e-03,-3.166182e+00,5.733867e-03,9.257400e-07,4.705112e-01,0.000000e+00,0.000000e+00,3.012888e+02,0.000000e+00,0.000000e+00,0.000000e+00,0.000000e+00,0.000000e+00,0.000000e+00,0.000000e+00,0.000000e+00,0.000000e+00,0.000000e+00,1.518533e+04,2.822805e+02,1.508180e-02,2.508097e-04,-6.852223e-01,9.097793e-04,0.000000e+00,0.000000e+00,0.000000e+00,0.000000e+00,0.000000e+00,0.000000e+00,0.000000e+00,0.000000e+00,0.000000e+00,0.000000e+00,0.000000e+00,0.000000e+00,0.000000e+00,0.000000e+00,0.000000e+00,0.000000e+00,0.000000e+00,0.000000e+00,0.000000e+00,0.000000e+00,0.000000e+00,0.000000e+00,0.000000e+00,0.000000e+00,0.000000e+00,0.000000e+00,0.000000e+00,0.000000e+00,0.000000e+00,0.000000e+00,-2.225352e+06,-3.874119e+01,-1.108933e+06,-9.982345e-03,-1.136199e-03,-4.633326e+00,3.837547e-02,2.679210e-05,-2.731263e-01,1.051844e-04,-1.070790e-02,9.038157e+00,-2.154195e-02,-2.700952e-03,-2.021977e-04,-6.857993e-03,5.243014e-05,-7.714997e+00,-4.100847e+00,-9.650224e-01,-6.967157e+02,6.528659e+04,3.000946e+01,2.485490e+06,-1.239821e-02,3.452109e-01,-1.750182e-03,-1.579225e+02,1.075888e+03,3.880219e+01
3.250776e-03,1.525968e+04,1.066561e+03,8.808772e-03,-3.138824e-03,-3.056266e+00,5.733867e-03,9.257400e-07,4.949057e-01,0.000000e+00,0.000000e+00,3.036415e+02,0.000000e+00,0.000000e+00,0.000000e+00,0.000000e+00,0.000000e+00,0.000000e+00,0.000000e+00,0.000000e+00,0.000000e+00,0.000000e+00,1.525968e+04,2.674580e+02,1.298294e-02,3.429590e-05,-6.661301e-01,9.097793e-04,0.000000e+00,0.000000e+00,0.000000e+00,0.000000e+00,0.000000e+00,0.000000e+00,0.000000e+00,0.000000e+00,0.000000e+00,0.000000e+00,0.000000e+00,0.000000e+00,0.000000e+00,0.000000e+00,0.000000e+00,0.000000e+00,0.000000e+00,0.000000e+00,0.000000e+00,0.000000e+00,0.000000e+00,0.000000e+00,0.000000e+00,0.000000e+00,0.000000e+00,0.000000e+00,0.000000e+00,0.000000e+00,0.000000e+00,0.000000e+00,-2.235688e+06,3.725655e+03,-1.111353e+06,-1.005665e-02,-1.155384e-03,-4.704834e+00,3.692813e-02,1.400367e-04,-2.780714e-01,1.108466e-04,-1.126435e-02,9.148070e+00,-2.212249e-02,-2.757088e-03,-2.096151e-04,-6.896139e-03,4.251756e-05,-7.721951e+00,-3.450419e+00,-9.842598e-01,-6.713396e+02,6.312113e+04,-3.733534e+03,2.495881e+06,-1.468642e-02,3.541873e-01,-1.191087e-03,-2.825768e+02,6.325919e+02,5.736259e+01
3.260033e-03,1.532520e+04,9.991516e+02,9.187770e-03,-3.339895e-03,-2.955988e+00,5.733875e-03,9.257400e-07,5.070602e-01,0.000000e+00,0.000000e+00,3.055356e+02,0.000000e+00,0.000000e+00,0.000000e+00,0.000000e+00,0.000000e+00,0.000000e+00,0.000000e+00,0.000000e+00,0.000000e+00,0.000000e+00,1.532520e+04,2.544853e+02,1.123640e-02,-1.315970e-04,-6.486786e-01,9.097793e-04,0.000000e+00,0.000000e+00,0.000000e+00,0.000000e+00,0.000000e+00,0.000000e+00,0.000000e+00,0.000000e+00,0.000000e+00,0.000000e+00,0.000000e+00,0.000000e+00,0.000000e+00,0.000000e+00,0.000000e+00,0.000000e+00,0.000000e+00,0.000000e+00,0.000000e+00,0.000000e+00,0.000000e+00,0.000000e+00,0.000000e+00,0.000000e+00,0.000000e+00,0.000000e+00,0.000000e+00,0.000000e+00,0.000000e+00,0.000000e+00,-2.244962e+06,3.193427e+03,-1.112187e+06,-1.008106e-02,-1.166452e-03,-4.770095e+00,3.552270e-02,2.399281e-04,-2.825939e-01,1.160388e-04,-1.178971e-02,9.248337e+00,-2.265823e-02,-2.830781e-03,-2.163192e-04,-6.925186e-03,3.330761e-05,-7.728047e+00,-2.883991e+00,-1.005461e+00,-6.481787e+02,5.996970e+04,-3.201661e+03,2.504640e+06,-1.682338e-02,3.585876e-01,-7.758738e-04,-2.576001e+02,2.853585e+02,3.769564e+01
3.270216e-03,1.539509e+04,9.275599e+02,9.564604e-03,-3.568520e-03,-2.845606e+00,5.733875e-03,9.257400e-07,5.106607e-01,0.000000e+00,0.000000e+00,3.072377e+02,0.000000e+00,0.000000e+00,0.000000e+00,0.000000e+00,0.000000e+00,0.000000e+00,0.000000e+00,0.000000e+00,0.000000e+00,0.000000e+00,1.539509e+04,2.405672e+02,9.389396e-03,-3.283716e-04,-6.294388e-01,9.097792e-04,0.000000e+00,0.000000e+00,0.000000e+00,0.000000e+00,0.000000e+00,0.000000e+00,0.000000e+00,0.000000e+00,0.000000e+00,0.000000e+00,0.000000e+00,0.000000e+00,0.000000e+00,0.000000e+00,0.000000e+00,0.000000e+00,0.000000e+00,0.000000e+00,0.000000e+00,0.000000e+00,0.000000e+00,0.000000e+00,0.000000e+00,0.000000e+00,0.000000e+00,0.000000e+00,0.000000e+00,0.000000e+00,0.000000e+00,0.000000e+00,-2.249994e+06,4.731489e+03,-1.114603e+06,-1.014927e-02,-1.176554e-03,-4.841884e+00,3.393674e-02,3.439137e-04,-2.875867e-01,1.213352e-04,-1.238958e-02,9.358711e+00,-2.322101e-02,-2.918458e-03,-2.245539e-04,-6.951195e-03,2.293102e-05,-7.734507e+00,-2.268981e+00,-1.027849e+00,-6.226851e+02,6.004393e+04,-4.739336e+03,2.510221e+06,-1.902465e-02,3.599099e-01,-2.932131e-04,-2.604772e+02,-5.997546e+01,4.770153e+01
3.280399e-03,1.546240e+04,8.585845e+02,9.900231e-03,-3.801091e-03,-2.735031e+00,5.733875e-03,9.257408e-07,5.049880e-01,0.000000e+00,0.000000e+00,3.089237e+02,0.000000e+00,0.000000e+00,0.000000e+00,0.000000e+00,0.000000e+00,0.000000e+00,0.000000e+00,0.000000e+00,0.000000e+00,0.000000e+00,1.546240e+04,2.270592e+02,7.564860e-03,-4.712568e-04,-6.101886e-01,9.097795e-04,0.000000e+00,0.000000e+00,0.000000e+00,0.000000e+00,0.000000e+00,0.000000e+00,0.000000e+00,0.000000e+00,0.000000e+00,0.000000e+00,0.000000e+00,0.000000e+00,0.000000e+00,0.000000e+00,0.000000e+00,0.000000e+00,0.000000e+00,0.000000e+00,0.000000e+00,0.000000e+00,0.000000e+00,0.000000e+00,0.000000e+00,0.000000e+00,0.000000e+00,0.000000e+00,0.000000e+00,0.000000e+00,0.000000e+00,0.000000e+00,-2.243521e+06,8.397463e+03,-1.129502e+06,-1.016668e-02,-1.194588e-03,-4.913870e+00,3.227689e-02,4.918995e-04,-2.926374e-01,1.256709e-04,-1.301227e-02,9.469263e+00,-2.375000e-02,-3.015270e-03,-2.334808e-04,-6.970905e-03,1.224534e-05,-7.740705e+00,-1.651812e+00,-1.066669e+00,-5.971276e+02,7.629352e+04,-8.404898e+03,2.510645e+06,-2.140499e-02,3.580601e-01,1.442717e-04,-3.544002e+02,-7.097904e+02,3.026129e+01
3.290582e-03,1.552708e+04,7.921558e+02,1.020690e-02,-4.030862e-03,-2.624228e+00,5.733875e-03,9.257400e-07,4.929924e-01,0.000000e+00,0.000000e+00,3.107051e+02,0.000000e+00,0.000000e+00,0.000000e+00,0.000000e+00,0.000000e+00,0.000000e+00,0.000000e+00,0.000000e+00,0.000000e+00,0.000000e+00,1.552708e+04,2.136801e+02,5.627296e-03,-5.825299e-04,-5.905632e-01,9.097793e-04,0.000000e+00,0.000000e+00,0.000000e+00,0.000000e+00,0.000000e+00,0.000000e+00,0.000000e+00,0.000000e+00,0.000000e+00,0.000000e+00,0.000000e+00,0.000000e+00,0.000000e+00,0.000000e+00,0.000000e+00,0.000000e+00,0.000000e+00,0.000000e+00,0.000000e+00,0.000000e+00,0.000000e+00,0.000000e+00,0.000000e+00,0.000000e+00,0.000000e+00,0.000000e+00,0.000000e+00,0.000000e+00,0.000000e+00,0.000000e+00,-2.239668e+06,3.970637e+03,-1.120325e+06,-1.020963e-02,-1.209214e-03,-4.985840e+00,3.069695e-02,6.132361e-04,-2.977270e-01,1.295557e-04,-1.366067e-02,9.580047e+00,-2.426700e-02,-3.120139e-03,-2.425339e-04,-6.984097e-03,1.097523e-06,-7.746644e+00,-9.945308e-01,-1.112772e+00,-5.716036e+02,6.961045e+04,-3.976959e+03,2.503276e+06,-2.365942e-02,3.535962e-01,4.976149e-04,-1.735340e+02,-6.413477e+02,2.576517e+01
3.300766e-03,1.558899e+04,7.282373e+02,1.045249e-02,-4.249542e-03,-2.513302e+00,5.733875e-03,9.257417e-07,4.755284e-01,0.000000e+00,0.000000e+00,3.127392e+02,0.000000e+00,0.000000e+00,0.000000e+00,0.000000e+00,0.000000e+00,0.000000e+00,0.000000e+00,0.000000e+00,0.000000e+00,0.000000e+00,1.558899e+04,2.004109e+02,3.584617e-03,-6.348559e-04,-5.706855e-01,9.097795e-04,0.000000e+00,0.000000e+00,0.000000e+00,0.000000e+00,0.000000e+00,0.000000e+00,0.000000e+00,0.000000e+00,0.000000e+00,0.000000e+00,0.000000e+00,0.000000e+00,0.000000e+00,0.000000e+00,0.000000e+00,0.000000e+00,0.000000e+00,0.000000e+00,0.000000e+00,0.000000e+00,0.000000e+00,0.000000e+00,0.000000e+00,0.000000e+00,0.000000e+00,0.000000e+00,0.000000e+00,0.000000e+00,0.000000e+00,0.000000e+00,-2.234633e+06,4.414616e+03,-1.113264e+06,-1.020895e-02,-1.228331e-03,-5.057902e+00,2.911732e-02,7.750990e-04,-3.028766e-01,1.331260e-04,-1.433380e-02,9.690956e+00,-2.474928e-02,-3.236516e-03,-2.517304e-04,-6.990458e-03,-1.055897e-05,-7.752323e+00,-3.120781e-01,-1.172760e+00,-5.461096e+02,6.534246e+04,-4.419845e+03,2.495731e+06,-2.588196e-02,3.470776e-01,7.237269e-04,-1.704053e+02,-6.133399e+02,6.953870e+01
3.310023e-03,1.564349e+04,6.723422e+02,1.064072e-02,-4.414518e-03,-2.412270e+00,5.733875e-03,9.257400e-07,4.579690e-01,0.000000e+00,0.000000e+00,3.142115e+02,0.000000e+00,0.000000e+00,0.000000e+00,0.000000e+00,0.000000e+00,0.000000e+00,0.000000e+00,0.000000e+00,0.000000e+00,0.000000e+00,1.564349e+04,1.883630e+02,1.605623e-03,-6.328051e-04,-5.520642e-01,9.097792e-04,0.000000e+00,0.000000e+00,0.000000e+00,0.000000e+00,0.000000e+00,0.000000e+00,0.000000e+00,0.000000e+00,0.000000e+00,0.000000e+00,0.000000e+00,0.000000e+00,0.000000e+00,0.000000e+00,0.000000e+00,0.000000e+00,0.000000e+00,0.000000e+00,0.000000e+00,0.000000e+00,0.000000e+00,0.000000e+00,0.000000e+00,0.000000e+00,0.000000e+00,0.000000e+00,0.000000e+00,0.000000e+00,0.000000e+00,0.000000e+00,-2.227906e+06,6.762654e+03,-1.116237e+06,-1.023538e-02,-1.246286e-03,-5.123356e+00,2.770889e-02,9.271455e-04,-3.075922e-01,1.364075e-04,-1.491790e-02,9.791959e+00,-2.516678e-02,-3.348357e-03,-2.621999e-04,-6.990102e-03,-2.167982e-05,-7.757261e+00,3.377538e-01,-1.230740e+00,-5.230287e+02,7.088802e+04,-6.767985e+03,2.490889e+06,-2.767179e-02,3.404662e-01,9.831914e-04,-1.861096e+02,-6.867726e+02,3.922047e+01
3.320206e-03,1.570070e+04,6.132736e+02,1.079767e-02,-4.616523e-03,-2.301028e+00,5.733875e-03,9.257400e-07,4.400600e-01,0.000000e+00,0.000000e+00,3.160911e+02,0.000000e+00,0.000000e+00,0.000000e+00,0.000000e+00,0.000000e+00,0.000000e+00,0.000000e+00,0.000000e+00,0.000000e+00,0.000000e+00,1.570070e+04,1.751603e+02,-8.244682e-04,-6.388488e-04,-5.311456e-01,9.097795e-04,0.000000e+00,0.000000e+00,0.000000e+00,0.000000e+00,0.000000e+00,0.000000e+00,0.000000e+00,0.000000e+00,0.000000e+00,0.000000e+00,0.000000e+00,0.000000e+00,0.000000e+00,0.000000e+00,0.000000e+00,0.000000e+00,0.000000e+00,0.000000e+00,0.000000e+00,0.000000e+00,0.000000e+00,0.000000e+00,0.000000e+00,0.000000e+00,0.000000e+00,0.000000e+00,0.000000e+00,0.000000e+00,0.000000e+00,0.000000e+00,-2.209373e+06,9.293614e+03,-1.120817e+06,-1.023041e-02,-1.268949e-03,-5.195400e+00,2.616546e-02,1.089461e-03,-3.128369e-01,1.399487e-04,-1.552209e-02,9.903194e+00,-2.557590e-02,-3.461914e-03,-2.742664e-04,-6.982485e-03,-3.454974e-05,-7.762447e+00,1.106522e+00,-1.296305e+00,-4.977371e+02,8.287895e+04,-9.298927e+03,2.476024e+06,-2.936309e-02,3.335516e-01,1.295205e-03,-2.235641e+02,-6.848733e+02,1.257136e+01
3.330390e-03,1.575585e+04,5.567326e+02,1.090784e-02,-4.812251e-03,-2.189465e+00,5.733875e-03,9.257400e-07,4.268434e-01,0.000000e+00,0.000000e+00,3.175041e+02,0.000000e+00,0.000000e+00,0.000000e+00,0.000000e+00,0.000000e+00,0.000000e+00,0.000000e+00,0.000000e+00,0.000000e+00,0.000000e+00,1.575585e+04,1.619008e+02,-3.687963e-03,-6.175078e-04,-5.092685e-01,9.097796e-04,0.000000e+00,0.000000e+00,0.000000e+00,0.000000e+00,0.000000e+00,0.000000e+00,0.000000e+00,0.000000e+00,0.000000e+00,0.000000e+00,0.000000e+00,0.000000e+00,0.000000e+00,0.000000e+00,0.000000e+00,0.000000e+00,0.000000e+00,0.000000e+00,0.000000e+00,0.000000e+00,0.000000e+00,0.000000e+00,0.000000e+00,0.000000e+00,0.000000e+00,0.000000e+00,0.000000e+00,0.000000e+00,0.000000e+00,0.000000e+00,-2.187480e+06,5.652208e+03,-1.117306e+06,-1.024092e-02,-1.291514e-03,-5.267393e+00,2.464209e-02,1.236427e-03,-3.181011e-01,1.432824e-04,-1.613985e-02,1.001475e+01,-2.596813e-02,-3.565351e-03,-2.870346e-04,-6.966481e-03,-4.813666e-05,-7.767375e+00,1.974176e+00,-1.365285e+00,-4.726294e+02,8.894770e+04,-5.656249e+03,2.454696e+06,-3.090946e-02,3.281769e-01,1.488506e-03,-1.118827e+02,-3.585653e+02,-7.471410e+00
3.340573e-03,1.580800e+04,5.027555e+02,1.094560e-02,-5.021034e-03,-2.077673e+00,5.733875e-03,9.257400e-07,4.180861e-01,0.000000e+00,0.000000e+00,3.193577e+02,0.000000e+00,0.000000e+00,0.000000e+00,0.000000e+00,0.000000e+00,0.000000e+00,0.000000e+00,0.000000e+00,0.000000e+00,0.000000e+00,1.580800e+04,1.486581e+02,-7.097872e-03,-6.126000e-04,-4.865074e-01,9.097792e-04,0.000000e+00,0.000000e+00,0.000000e+00,0.000000e+00,0.000000e+00,0.000000e+00,0.000000e+00,0.000000e+00,0.000000e+00,0.000000e+00,0.000000e+00,0.000000e+00,0.000000e+00,0.000000e+00,0.000000e+00,0.000000e+00,0.000000e+00,0.000000e+00,0.000000e+00,0.000000e+00,0.000000e+00,0.000000e+00,0.000000e+00,0.000000e+00,0.000000e+00,0.000000e+00,0.000000e+00,0.000000e+00,0.000000e+00,0.000000e+00,-2.163026e+06,5.169037e+03,-1.115204e+06,-1.021732e-02,-1.313848e-03,-5.339400e+00,2.305932e-02,1.388835e-03,-3.234375e-01,1.464625e-04,-1.677450e-02,1.012652e+01,-2.633043e-02,-3.675894e-03,-3.007332e-04,-6.941002e-03,-6.241757e-05,-7.772050e+00,2.963219e+00,-1.433808e+00,-4.477073e+02,9.737796e+04,-5.171831e+03,2.431641e+06,-3.235494e-02,3.244848e-01,1.517043e-03,-1.029169e+02,-6.512638e+01,1.669180e+01
3.350756e-03,1.585792e+04,4.514930e+02,1.090179e-02,-5.241364e-03,-1.965683e+00,5.733875e-03,9.257434e-07,4.142810e-01,0.000000e+00,0.000000e+00,3.207034e+02,0.000000e+00,0.000000e+00,0.000000e+00,0.000000e+00,0.000000e+00,0.000000e+00,0.000000e+00,0.000000e+00,0.000000e+00,0.000000e+00,1.585792e+04,1.355205e+02,-1.110995e-02,-6.046816e-04,-4.626641e-01,9.097792e-04,0.000000e+00,0.000000e+00,0.000000e+00,0.000000e+00,0.000000e+00,0.000000e+00,0.000000e+00,0.000000e+00,0.000000e+00,0.000000e+00,0.000000e+00,0.000000e+00,0.000000e+00,0.000000e+00,0.000000e+00,0.000000e+00,0.000000e+00,0.000000e+00,0.000000e+00,0.000000e+00,0.000000e+00,0.000000e+00,0.000000e+00,0.000000e+00,0.000000e+00,0.000000e+00,0.000000e+00,0.000000e+00,0.000000e+00,0.000000e+00,-2.134580e+06,1.523719e+03,-1.125114e+06,-1.021326e-02,-1.333246e-03,-5.411317e+00,2.148767e-02,1.548199e-03,-3.288004e-01,1.495932e-04,-1.742650e-02,1.023849e+01,-2.662794e-02,-3.780081e-03,-3.152851e-04,-6.904780e-03,-7.744056e-05,-7.776472e+00,4.084832e+00,-1.508083e+00,-4.230439e+02,1.183809e+05,-1.525232e+03,2.410041e+06,-3.398852e-02,3.228390e-01,1.497526e-03,-1.253509e+01,-9.754431e+01,1.710370e+01
3.360013e-03,1.590063e+04,4.073030e+02,1.084432e-02,-5.465043e-03,-1.863766e+00,5.733875e-03,9.257402e-07,4.116501e-01,0.000000e+00,0.000000e+00,3.221939e+02,0.000000e+00,0.000000e+00,0.000000e+00,0.000000e+00,0.000000e+00,0.000000e+00,0.000000e+00,0.000000e+00,0.000000e+00,0.000000e+00,1.590063e+04,1.238278e+02,-1.533040e-02,-6.377542e-04,-4.401918e-01,9.097792e-04,0.000000e+00,0.000000e+00,0.000000e+00,0.000000e+00,0.000000e+00,0.000000e+00,0.000000e+00,0.000000e+00,0.000000e+00,0.000000e+00,0.000000e+00,0.000000e+00,0.000000e+00,0.000000e+00,0.000000e+00,0.000000e+00,0.000000e+00,0.000000e+00,0.000000e+00,0.000000e+00,0.000000e+00,0.000000e+00,0.000000e+00,0.000000e+00,0.000000e+00,0.000000e+00,0.000000e+00,0.000000e+00,0.000000e+00,0.000000e+00,-2.112258e+06,1.020964e+04,-1.133045e+06,-1.018874e-02,-1.350969e-03,-5.476722e+00,2.002727e-02,1.711869e-03,-3.337243e-01,1.524368e-04,-1.803316e-02,1.034038e+01,-2.689306e-02,-3.878992e-03,-3.290735e-04,-6.861124e-03,-9.169328e-05,-7.780275e+00,5.257231e+00,-1.570398e+00,-4.008091e+02,1.350037e+05,-1.021112e+04,2.393157e+06,-3.544420e-02,3.216472e-01,1.618013e-03,-2.539058e+02,-1.393633e+02,4.226959e+00
3.370196e-03,1.594499e+04,3.614213e+02,1.074329e-02,-5.629864e-03,-1.751554e+00,5.733875e-03,9.257411e-07,4.087223e-01,0.000000e+00,0.000000e+00,3.241559e+02,0.000000e+00,0.000000e+00,0.000000e+00,0.000000e+00,0.000000e+00,0.000000e+00,0.000000e+00,0.000000e+00,0.000000e+00,0.000000e+00,1.594499e+04,1.113725e+02,-2.055116e-02,-5.888746e-04,-4.146780e-01,9.097792e-04,0.000000e+00,0.000000e+00,0.000000e+00,0.000000e+00,0.000000e+00,0.000000e+00,0.000000e+00,0.000000e+00,0.000000e+00,0.000000e+00,0.000000e+00,0.000000e+00,0.000000e+00,0.000000e+00,0.000000e+00,0.000000e+00,0.000000e+00,0.000000e+00,0.000000e+00,0.000000e+00,0.000000e+00,0.000000e+00,0.000000e+00,0.000000e+00,0.000000e+00,0.000000e+00,0.000000e+00,0.000000e+00,0.000000e+00,0.000000e+00,-2.089166e+06,4.301000e+03,-1.133111e+06,-1.018682e-02,-1.374053e-03,-5.548625e+00,1.845330e-02,1.867714e-03,-3.391432e-01,1.554789e-04,-1.839563e-02,1.045261e+01,-2.710659e-02,-3.987005e-03,-3.330555e-04,-6.799654e-03,-1.080906e-04,-7.784221e+00,6.700799e+00,-1.641618e+00,-3.765518e+02,1.448257e+05,-4.301760e+03,2.372252e+06,-3.728633e-02,3.202345e-01,1.930657e-03,-1.194277e+02,-4.371799e+01,2.842723e+01
3.380379e-03,1.598651e+04,3.183351e+02,1.064972e-02,-5.793890e-03,-1.639152e+00,5.733875e-03,9.257417e-07,4.033540e-01,0.000000e+00,0.000000e+00,3.257397e+02,0.000000e+00,0.000000e+00,0.000000e+00,0.000000e+00,0.000000e+00,0.000000e+00,0.000000e+00,0.000000e+00,0.000000e+00,0.000000e+00,1.598651e+04,9.943304e+01,-2.622980e-02,-5.804317e-04,-3.884751e-01,9.097792e-04,0.000000e+00,0.000000e+00,0.000000e+00,0.000000e+00,0.000000e+00,0.000000e+00,0.000000e+00,0.000000e+00,0.000000e+00,0.000000e+00,0.000000e+00,0.000000e+00,0.000000e+00,0.000000e+00,0.000000e+00,0.000000e+00,0.000000e+00,0.000000e+00,0.000000e+00,0.000000e+00,0.000000e+00,0.000000e+00,0.000000e+00,0.000000e+00,0.000000e+00,0.000000e+00,0.000000e+00,0.000000e+00,0.000000e+00,0.000000e+00,-2.074545e+06,2.388555e+03,-1.142720e+06,-1.016400e-02,-1.397835e-03,-5.620608e+00,1.683593e-02,2.009819e-03,-3.446028e-01,1.582623e-04,-1.873110e-02,1.056501e+01,-2.730534e-02,-4.145204e-03,-3.406862e-04,-6.722795e-03,-1.251191e-04,-7.787922e+00,8.275959e+00,-1.698740e+00,-3.524246e+02,1.597181e+05,-2.387993e+03,2.363056e+06,-3.895250e-02,3.179908e-01,2.402734e-03,-9.302951e+01,-2.645293e+02,4.080252e+01
3.390562e-03,1.602559e+04,2.780759e+02,1.062279e-02,-5.960047e-03,-1.526679e+00,5.733875e-03,9.257409e-07,3.964689e-01,0.000000e+00,0.000000e+00,3.269377e+02,0.000000e+00,0.000000e+00,0.000000e+00,0.000000e+00,0.000000e+00,0.000000e+00,0.000000e+00,0.000000e+00,0.000000e+00,0.000000e+00,1.602559e+04,8.807657e+01,-3.206924e-02,-6.371589e-04,-3.617551e-01,9.097792e-04,0.000000e+00,0.000000e+00,0.000000e+00,0.000000e+00,0.000000e+00,0.000000e+00,0.000000e+00,0.000000e+00,0.000000e+00,0.000000e+00,0.000000e+00,0.000000e+00,0.000000e+00,0.000000e+00,0.000000e+00,0.000000e+00,0.000000e+00,0.000000e+00,0.000000e+00,0.000000e+00,0.000000e+00,0.000000e+00,0.000000e+00,0.000000e+00,0.000000e+00,0.000000e+00,0.000000e+00,0.000000e+00,0.000000e+00,0.000000e+00,-2.059540e+06,-7.853533e+02,-1.137628e+06,-1.016002e-02,-1.420069e-03,-5.692562e+00,1.532963e-02,2.118870e-03,-3.500663e-01,1.610595e-04,-1.906961e-02,1.067749e+01,-2.755513e-02,-4.199747e-03,-3.426541e-04,-6.629421e-03,-1.426665e-04,-7.791377e+00,9.921118e+00,-1.737088e+00,-3.284253e+02,1.614463e+05,7.866518e+02,2.347304e+06,-4.041434e-02,3.150451e-01,2.952879e-03,-3.689714e+01,-2.903160e+02,7.542204e+01
3.400746e-03,1.606193e+04,2.406305e+02,1.062956e-02,-6.145066e-03,-1.414153e+00,5.733875e-03,9.257404e-07,3.846101e-01,0.000000e+00,0.000000e+00,3.280715e+02,0.000000e+00,0.000000e+00,0.000000e+00,0.000000e+00,0.000000e+00,0.000000e+00,0.000000e+00,0.000000e+00,0.000000e+00,0.000000e+00,1.606193e+04,7.733624e+01,-3.798749e-02,-7.569934e-04,-3.345300e-01,9.097793e-04,0.000000e+00,0.000000e+00,0.000000e+00,0.000000e+00,0.000000e+00,0.000000e+00,0.000000e+00,0.000000e+00,0.000000e+00,0.000000e+00,0.000000e+00,0.000000e+00,0.000000e+00,0.000000e+00,0.000000e+00,0.000000e+00,0.000000e+00,0.000000e+00,0.000000e+00,0.000000e+00,0.000000e+00,0.000000e+00,0.000000e+00,0.000000e+00,0.000000e+00,0.000000e+00,0.000000e+00,0.000000e+00,0.000000e+00,0.000000e+00,-2.049708e+06,2.292689e+03,-1.141469e+06,-1.014270e-02,-1.445039e-03,-5.764518e+00,1.381122e-02,2.229464e-03,-3.555720e-01,1.638116e-04,-1.940879e-02,1.079001e+01,-2.780954e-02,-4.248641e-03,-3.451241e-04,-6.519050e-03,-1.605210e-04,-7.794589e+00,1.160875e+01,-1.762100e+00,-3.045397e+02,1.690876e+05,-2.290639e+03,2.340013e+06,-4.176717e-02,3.101905e-01,3.461614e-03,-1.328402e+02,-6.516496e+02,4.655326e+01
3.410003e-03,1.609234e+04,2.090375e+02,1.075330e-02,-6.311616e-03,-1.311772e+00,5.733875e-03,9.257433e-07,3.713955e-01,0.000000e+00,0.000000e+00,3.292856e+02,0.000000e+00,0.000000e+00,0.000000e+00,0.000000e+00,0.000000e+00,0.000000e+00,0.000000e+00,0.000000e+00,0.000000e+00,0.000000e+00,1.609234e+04,6.811890e+01,-4.321926e-02,-8.953364e-04,-3.092681e-01,9.097793e-04,0.000000e+00,0.000000e+00,0.000000e+00,0.000000e+00,0.000000e+00,0.000000e+00,0.000000e+00,0.000000e+00,0.000000e+00,0.000000e+00,0.000000e+00,0.000000e+00,0.000000e+00,0.000000e+00,0.000000e+00,0.000000e+00,0.000000e+00,0.000000e+00,0.000000e+00,0.000000e+00,0.000000e+00,0.000000e+00,0.000000e+00,0.000000e+00,0.000000e+00,0.000000e+00,0.000000e+00,0.000000e+00,0.000000e+00,0.000000e+00,-2.037050e+06,5.900297e+03,-1.133050e+06,-1.014135e-02,-1.464013e-03,-5.829892e+00,1.252114e-02,2.307718e-03,-3.605762e-01,1.663585e-04,-1.971822e-02,1.089241e+01,-2.813006e-02,-4.297545e-03,-3.472911e-04,-6.403733e-03,-1.769296e-04,-7.797298e+00,1.314238e+01,-1.775662e+00,-2.829472e+02,1.668082e+05,-5.896340e+03,2.324984e+06,-4.276420e-02,3.045890e-01,3.810947e-03,-2.195514e+02,-6.991649e+02,2.532422e+00
3.420186e-03,1.612331e+04,1.770036e+02,1.093757e-02,-6.460361e-03,-1.199011e+00,5.733875e-03,9.257423e-07,3.529967e-01,0.000000e+00,0.000000e+00,3.303767e+02,0.000000e+00,0.000000e+00,0.000000e+00,0.000000e+00,0.000000e+00,0.000000e+00,0.000000e+00,0.000000e+00,0.000000e+00,0.000000e+00,1.612331e+04,5.865387e+01,-4.895498e-02,-9.932792e-04,-2.808904e-01,9.097794e-04,0.000000e+00,0.000000e+00,0.000000e+00,0.000000e+00,0.000000e+00,0.000000e+00,0.000000e+00,0.000000e+00,0.000000e+00,0.000000e+00,0.000000e+00,0.000000e+00,0.000000e+00,0.000000e+00,0.000000e+00,0.000000e+00,0.000000e+00,0.000000e+00,0.000000e+00,0.000000e+00,0.000000e+00,0.000000e+00,0.000000e+00,0.000000e+00,0.000000e+00,0.000000e+00,0.000000e+00,0.000000e+00,0.000000e+00,0.000000e+00,-2.028884e+06,5.537611e+03,-1.135592e+06,-1.012847e-02,-1.490302e-03,-5.901855e+00,1.107554e-02,2.397030e-03,-3.661101e-01,1.692497e-04,-2.006074e-02,1.100516e+01,-2.850829e-02,-4.359265e-03,-3.474063e-04,-6.260453e-03,-1.951346e-04,-7.800048e+00,1.484763e+01,-1.796643e+00,-2.593105e+02,1.725675e+05,-5.532929e+03,2.318654e+06,-4.398868e-02,2.967423e-01,4.030498e-03,-2.142717e+02,-9.790818e+02,1.234345e+01
3.430370e-03,1.615149e+04,1.478419e+02,1.121561e-02,-6.595463e-03,-1.086076e+00,5.733875e-03,9.257428e-07,3.332500e-01,0.000000e+00,0.000000e+00,3.314124e+02,0.000000e+00,0.000000e+00,0.000000e+00,0.000000e+00,0.000000e+00,0.000000e+00,0.000000e+00,0.000000e+00,0.000000e+00,0.000000e+00,1.615149e+04,4.998032e+01,-5.454329e-02,-1.095174e-03,-2.520176e-01,9.097793e-04,0.000000e+00,0.000000e+00,0.000000e+00,0.000000e+00,0.000000e+00,0.000000e+00,0.000000e+00,0.000000e+00,0.000000e+00,0.000000e+00,0.000000e+00,0.000000e+00,0.000000e+00,0.000000e+00,0.000000e+00,0.000000e+00,0.000000e+00,0.000000e+00,0.000000e+00,0.000000e+00,0.000000e+00,0.000000e+00,0.000000e+00,0.000000e+00,0.000000e+00,0.000000e+00,0.000000e+00,0.000000e+00,0.000000e+00,0.000000e+00,-2.022603e+06,-7.356134e+02,-1.118470e+06,-1.012760e-02,-1.517695e-03,-5.973857e+00,9.772553e-03,2.445712e-03,-3.716345e-01,1.722209e-04,-2.040504e-02,1.111811e+01,-2.893743e-02,-4.433893e-03,-3.478282e-04,-6.099813e-03,-2.135260e-04,-7.802557e+00,1.654517e+01,-1.812044e+00,-2.357641e+02,1.597061e+05,7.410599e+02,2.305730e+06,-4.501568e-02,2.878838e-01,4.226280e-03,-3.362551e+01,-7.512540e+02,2.798068e+01
3.440553e-03,1.617699e+04,1.216002e+02,1.162241e-02,-6.726817e-03,-9.730440e-01,5.733875e-03,9.257421e-07,3.116865e-01,0.000000e+00,0.000000e+00,3.321945e+02,0.000000e+00,0.000000e+00,0.000000e+00,0.000000e+00,0.000000e+00,0.000000e+00,0.000000e+00,0.000000e+00,0.000000e+00,0.000000e+00,1.617699e+04,4.220399e+01,-5.986626e-02,-1.215180e-03,-2.228574e-01,9.097792e-04,0.000000e+00,0.000000e+00,0.000000e+00,0.000000e+00,0.000000e+00,0.000000e+00,0.000000e+00,0.000000e+00,0.000000e+00,0.000000e+00,0.000000e+00,0.000000e+00,0.000000e+00,0.000000e+00,0.000000e+00,0.000000e+00,0.000000e+00,0.000000e+00,0.000000e+00,0.000000e+00,0.000000e+00,0.000000e+00,0.000000e+00,0.000000e+00,0.000000e+00,0.000000e+00,0.000000e+00,0.000000e+00,0.000000e+00,0.000000e+00,-2.023604e+06,2.066085e+03,-1.121228e+06,-1.012228e-02,-1.545291e-03,-6.045887e+00,8.516777e-03,2.484510e-03,-3.771755e-01,1.752607e-04,-2.075126e-02,1.123114e+01,-2.942814e-02,-4.521270e-03,-3.492247e-04,-5.922075e-03,-2.320501e-04,-7.804828e+00,1.820964e+01,-1.819077e+00,-2.122640e+02,1.617920e+05,-2.059823e+03,2.307801e+06,-4.565726e-02,2.781935e-01,4.334515e-03,-8.381421e+01,-1.017714e+03,1.685349e+01
3.450736e-03,1.619952e+04,9.827238e+01,1.210795e-02,-6.862529e-03,-8.598878e-01,5.733875e-03,9.257462e-07,2.894287e-01,0.000000e+00,0.000000e+00,3.330474e+02,0.000000e+00,0.000000e+00,0.000000e+00,0.000000e+00,0.000000e+00,0.000000e+00,0.000000e+00,0.000000e+00,0.000000e+00,0.000000e+00,1.619952e+04,3.537346e+01,-6.490655e-02,-1.295952e-03,-1.936010e-01,9.097792e-04,0.000000e+00,0.000000e+00,0.000000e+00,0.000000e+00,0.000000e+00,0.000000e+00,0.000000e+00,0.000000e+00,0.000000e+00,0.000000e+00,0.000000e+00,0.000000e+00,0.000000e+00,0.000000e+00,0.000000e+00,0.000000e+00,0.000000e+00,0.000000e+00,0.000000e+00,0.000000e+00,0.000000e+00,0.000000e+00,0.000000e+00,0.000000e+00,0.000000e+00,0.000000e+00,0.000000e+00,0.000000e+00,0.000000e+00,0.000000e+00,-2.027292e+06,8.089218e+03,-1.119487e+06,-1.012721e-02,-1.570193e-03,-6.117969e+00,7.362922e-03,2.557825e-03,-3.827206e-01,1.783966e-04,-2.109899e-02,1.134430e+01,-2.994223e-02,-4.602657e-03,-3.505180e-04,-5.727617e-03,-2.507282e-04,-7.806859e+00,1.982124e+01,-1.839988e+00,-1.887565e+02,1.586621e+05,-8.081545e+03,2.310409e+06,-4.642051e-02,2.677343e-01,4.323823e-03,-2.245365e+02,-1.173394e+03,-8.913370e+00
3.460919e-03,1.621940e+04,7.788585e+01,1.267041e-02,-6.989676e-03,-7.466887e-01,5.733875e-03,9.257492e-07,2.655206e-01,0.000000e+00,0.000000e+00,3.335961e+02,0.000000e+00,0.000000e+00,0.000000e+00,0.000000e+00,0.000000e+00,0.000000e+00,0.000000e+00,0.000000e+00,0.000000e+00,0.000000e+00,1.621940e+04,2.952814e+01,-6.963993e-02,-1.332082e-03,-1.644125e-01,9.097792e-04,0.000000e+00,0.000000e+00,0.000000e+00,0.000000e+00,0.000000e+00,0.000000e+00,0.000000e+00,0.000000e+00,0.000000e+00,0.000000e+00,0.000000e+00,0.000000e+00,0.000000e+00,0.000000e+00,0.000000e+00,0.000000e+00,0.000000e+00,0.000000e+00,0.000000e+00,0.000000e+00,0.000000e+00,0.000000e+00,0.000000e+00,0.000000e+00,0.000000e+00,0.000000e+00,0.000000e+00,0.000000e+00,0.000000e+00,0.000000e+00,-2.036548e+06,2.730141e+03,-1.117022e+06,-1.012579e-02,-1.600651e-03,-6.190144e+00,6.254284e-03,2.619573e-03,-3.882744e-01,1.815643e-04,-2.144782e-02,1.145750e+01,-3.050189e-02,-4.676321e-03,-3.506540e-04,-5.517086e-03,-2.696091e-04,-7.808650e+00,2.137800e+01,-1.870618e+00,-1.652107e+02,1.525265e+05,-2.721611e+03,2.317758e+06,-4.723535e-02,2.560279e-01,4.377064e-03,-6.725446e+01,-1.316969e+03,2.035581e+01
3.470177e-03,1.623486e+04,6.192635e+01,1.322000e-02,-7.100830e-03,-6.436893e-01,5.733875e-03,9.257512e-07,2.433714e-01,0.000000e+00,0.000000e+00,3.341453e+02,0.000000e+00,0.000000e+00,0.000000e+00,0.000000e+00,0.000000e+00,0.000000e+00,0.000000e+00,0.000000e+00,0.000000e+00,0.000000e+00,1.623486e+04,2.510066e+01,-7.364205e-02,-1.394837e-03,-1.379711e-01,9.097792e-04,0.000000e+00,0.000000e+00,0.000000e+00,0.000000e+00,0.000000e+00,0.000000e+00,0.000000e+00,0.000000e+00,0.000000e+00,0.000000e+00,0.000000e+00,0.000000e+00,0.000000e+00,0.000000e+00,0.000000e+00,0.000000e+00,0.000000e+00,0.000000e+00,0.000000e+00,0.000000e+00,0.000000e+00,0.000000e+00,0.000000e+00,0.000000e+00,0.000000e+00,0.000000e+00,0.000000e+00,0.000000e+00,0.000000e+00,0.000000e+00,-2.043709e+06,7.068576e+02,-1.102899e+06,-1.011641e-02,-1.627304e-03,-6.255840e+00,5.349486e-03,2.630471e-03,-3.933186e-01,1.844129e-04,-2.176594e-02,1.156050e+01,-3.102360e-02,-4.743107e-03,-3.503416e-04,-5.312291e-03,-2.869278e-04,-7.810071e+00,2.272403e+01,-1.883729e+00,-1.437542e+02,1.367021e+05,-6.963832e+02,2.318285e+06,-4.741506e-02,2.446301e-01,4.632795e-03,4.346002e+00,-1.133180e+03,3.023288e+01
3.480360e-03,1.624930e+04,4.718839e+01,1.386391e-02,-7.223953e-03,-5.303159e-01,5.733875e-03,9.257528e-07,2.188939e-01,0.000000e+00,0.000000e+00,3.345051e+02,0.000000e+00,0.000000e+00,0.000000e+00,0.000000e+00,0.000000e+00,0.000000e+00,0.000000e+00,0.000000e+00,0.000000e+00,0.000000e+00,1.624930e+04,2.117097e+01,-7.766957e-02,-1.507923e-03,-1.089308e-01,9.097792e-04,0.000000e+00,0.000000e+00,0.000000e+00,0.000000e+00,0.000000e+00,0.000000e+00,0.000000e+00,0.000000e+00,0.000000e+00,0.000000e+00,0.000000e+00,0.000000e+00,0.000000e+00,0.000000e+00,0.000000e+00,0.000000e+00,0.000000e+00,0.000000e+00,0.000000e+00,0.000000e+00,0.000000e+00,0.000000e+00,0.000000e+00,0.000000e+00,0.000000e+00,0.000000e+00,0.000000e+00,0.000000e+00,0.000000e+00,0.000000e+00,-2.051400e+06,7.579620e+02,-1.099690e+06,-1.010806e-02,-1.656398e-03,-6.328153e+00,4.441663e-03,2.608683e-03,-3.988604e-01,1.876340e-04,-2.211636e-02,1.167387e+01,-3.159792e-02,-4.827048e-03,-3.503351e-04,-5.073131e-03,-3.061068e-04,-7.811403e+00,2.411482e+01,-1.883326e+00,-1.201141e+02,1.305548e+05,-7.466128e+02,2.323900e+06,-4.712147e-02,2.316510e-01,5.086051e-03,1.007626e+01,-1.298840e+03,5.906627e+01
3.490543e-03,1.626066e+04,3.538573e+01,1.456871e-02,-7.371279e-03,-4.168333e-01,5.733875e-03,9.257554e-07,1.937037e-01,0.000000e+00,0.000000e+00,3.349925e+02,0.000000e+00,0.000000e+00,0.000000e+00,0.000000e+00,0.000000e+00,0.000000e+00,0.000000e+00,0.000000e+00,0.000000e+00,0.000000e+00,1.626066e+04,1.820685e+01,-8.128410e-02,-1.622206e-03,-7.995162e-02,9.097795e-04,0.000000e+00,0.000000e+00,0.000000e+00,0.000000e+00,0.000000e+00,0.000000e+00,0.000000e+00,0.000000e+00,0.000000e+00,0.000000e+00,0.000000e+00,0.000000e+00,0.000000e+00,0.000000e+00,0.000000e+00,0.000000e+00,0.000000e+00,0.000000e+00,0.000000e+00,0.000000e+00,0.000000e+00,0.000000e+00,0.000000e+00,0.000000e+00,0.000000e+00,0.000000e+00,0.000000e+00,0.000000e+00,0.000000e+00,0.000000e+00,-2.058811e+06,-4.790929e+03,-1.090855e+06,-1.008410e-02,-1.683819e-03,-6.400523e+00,3.605232e-03,2.602428e-03,-4.044138e-01,1.908595e-04,-2.246761e-02,1.178736e+01,-3.220629e-02,-4.906538e-03,-3.509744e-04,-4.820266e-03,-3.253279e-04,-7.812495e+00,2.541343e+01,-1.889956e+00,-9.642535e+01,1.194210e+05,4.803108e+03,2.326888e+06,-4.708949e-02,2.173977e-01,5.697176e-03,1.371317e+02,-1.418061e+03,7.605010e+01
3.500726e-03,1.626937e+04,2.647866e+01,1.533687e-02,-7.516776e-03,-3.032680e-01,5.733875e-03,9.257521e-07,1.684461e-01,0.000000e+00,0.000000e+00,3.352460e+02,0.000000e+00,0.000000e+00,0.000000e+00,0.000000e+00,0.000000e+00,0.000000e+00,0.000000e+00,0.000000e+00,0.000000e+00,0.000000e+00,1.626937e+04,1.615895e+01,-8.428966e-02,-1.801559e-03,-5.096238e-02,9.097793e-04,0.000000e+00,0.000000e+00,0.000000e+00,0.000000e+00,0.000000e+00,0.000000e+00,0.000000e+00,0.000000e+00,0.000000e+00,0.000000e+00,0.000000e+00,0.000000e+00,0.000000e+00,0.000000e+00,0.000000e+00,0.000000e+00,0.000000e+00,0.000000e+00,0.000000e+00,0.000000e+00,0.000000e+00,0.000000e+00,0.000000e+00,0.000000e+00,0.000000e+00,0.000000e+00,0.000000e+00,0.000000e+00,0.000000e+00,0.000000e+00,-2.071042e+06,-4.676133e+03,-1.079687e+06,-1.006421e-02,-1.712918e-03,-6.472909e+00,2.904487e-03,2.560331e-03,-4.099554e-01,1.940685e-04,-2.281900e-02,1.190093e+01,-3.282886e-02,-4.995488e-03,-3.515368e-04,-4.554943e-03,-3.444580e-04,-7.813345e+00,2.656640e+01,-1.874913e+00,-7.270953e+01,1.041361e+05,4.689723e+03,2.333258e+06,-4.662844e-02,2.021773e-01,6.469729e-03,1.223075e+02,-1.563495e+03,8.998767e+01
3.510910e-03,1.627511e+04,2.046184e+01,1.622814e-02,-7.671646e-03,-1.896634e-01,5.733875e-03,9.257566e-07,1.434603e-01,0.000000e+00,0.000000e+00,3.355847e+02,0.000000e+00,0.000000e+00,0.000000e+00,0.000000e+00,0.000000e+00,0.000000e+00,0.000000e+00,0.000000e+00,0.000000e+00,0.000000e+00,1.627511e+04,1.502052e+01,-8.653806e-02,-1.996697e-03,-2.209259e-02,9.097792e-04,0.000000e+00,0.000000e+00,0.000000e+00,0.000000e+00,0.000000e+00,0.000000e+00,0.000000e+00,0.000000e+00,0.000000e+00,0.000000e+00,0.000000e+00,0.000000e+00,0.000000e+00,0.000000e+00,0.000000e+00,0.000000e+00,0.000000e+00,0.000000e+00,0.000000e+00,0.000000e+00,0.000000e+00,0.000000e+00,0.000000e+00,0.000000e+00,0.000000e+00,0.000000e+00,0.000000e+00,0.000000e+00,0.000000e+00,0.000000e+00,-2.079389e+06,-2.840604e+03,-1.064052e+06,-1.004219e-02,-1.740818e-03,-6.545296e+00,2.320684e-03,2.529441e-03,-4.155037e-01,1.972561e-04,-2.317115e-02,1.201453e+01,-3.351070e-02,-5.070500e-03,-3.517282e-04,-4.278788e-03,-3.634583e-04,-7.813953e+00,2.754859e+01,-1.858223e+00,-4.894749e+01,8.644258e+04,2.854979e+03,2.334222e+06,-4.627232e-02,1.858093e-01,7.354412e-03,6.231641e+01,-1.637192e+03,8.689881e+01
3.520167e-03,1.627806e+04,1.750678e+01,1.711728e-02,-7.776593e-03,-8.638400e-02,5.733875e-03,9.257597e-07,1.216420e-01,0.000000e+00,0.000000e+00,3.356427e+02,0.000000e+00,0.000000e+00,0.000000e+00,0.000000e+00,0.000000e+00,0.000000e+00,0.000000e+00,0.000000e+00,0.000000e+00,0.000000e+00,1.627806e+04,1.477362e+01,-8.792977e-02,-2.150098e-03,4.110291e-03,9.097795e-04,0.000000e+00,0.000000e+00,0.000000e+00,0.000000e+00,0.000000e+00,0.000000e+00,0.000000e+00,0.000000e+00,0.000000e+00,0.000000e+00,0.000000e+00,0.000000e+00,0.000000e+00,0.000000e+00,0.000000e+00,0.000000e+00,0.000000e+00,0.000000e+00,0.000000e+00,0.000000e+00,0.000000e+00,0.000000e+00,0.000000e+00,0.000000e+00,0.000000e+00,0.000000e+00,0.000000e+00,0.000000e+00,0.000000e+00,0.000000e+00,-2.087875e+06,-4.336402e+03,-1.050694e+06,-1.003122e-02,-1.763478e-03,-6.611056e+00,1.901752e-03,2.504562e-03,-4.205427e-01,2.002072e-04,-2.349171e-02,1.211781e+01,-3.415962e-02,-5.158519e-03,-3.517676e-04,-4.019892e-03,-3.805897e-04,-7.814297e+00,2.828607e+01,-1.841059e+00,-2.732799e+01,7.075773e+04,4.351521e+03,2.336273e+06,-4.603941e-02,1.702158e-01,8.115839e-03,7.830377e+01,-1.722401e+03,7.936612e+01
3.530351e-03,1.627845e+04,1.702898e+01,1.820521e-02,-7.888159e-03,2.716979e-02,5.733875e-03,9.257681e-07,9.900991e-02,0.000000e+00,0.000000e+00,3.357902e+02,0.000000e+00,0.000000e+00,0.000000e+00,0.000000e+00,0.000000e+00,0.000000e+00,0.000000e+00,0.000000e+00,0.000000e+00,0.000000e+00,1.627845e+04,1.537177e+01,-8.871511e-02,-2.345952e-03,3.280380e-02,9.097792e-04,0.000000e+00,0.000000e+00,0.000000e+00,0.000000e+00,0.000000e+00,0.000000e+00,0.000000e+00,0.000000e+00,0.000000e+00,0.000000e+00,0.000000e+00,0.000000e+00,0.000000e+00,0.000000e+00,0.000000e+00,0.000000e+00,0.000000e+00,0.000000e+00,0.000000e+00,0.000000e+00,0.000000e+00,0.000000e+00,0.000000e+00,0.000000e+00,0.000000e+00,0.000000e+00,0.000000e+00,0.000000e+00,0.000000e+00,0.000000e+00,-2.095206e+06,-1.590291e+03,-1.037423e+06,-1.002308e-02,-1.790600e-03,-6.683359e+00,1.564291e-03,2.489232e-03,-4.260785e-01,2.034309e-04,-2.384457e-02,1.223136e+01,-3.495384e-02,-5.243974e-03,-3.518333e-04,-3.728124e-03,-3.992158e-04,-7.814443e+00,2.892494e+01,-1.813789e+00,-3.524398e+00,5.563428e+04,1.606739e+03,2.337315e+06,-4.583045e-02,1.523383e-01,8.861261e-03,-2.117431e+01,-1.854390e+03,5.492263e+01
3.540534e-03,1.627613e+04,1.944824e+01,1.935694e-02,-7.971179e-03,1.406541e-01,5.733875e-03,9.257747e-07,7.869431e-02,0.000000e+00,0.000000e+00,3.357463e+02,0.000000e+00,0.000000e+00,0.000000e+00,0.000000e+00,0.000000e+00,0.000000e+00,0.000000e+00,0.000000e+00,0.000000e+00,0.000000e+00,1.627613e+04,1.687209e+01,-8.878428e-02,-2.529164e-03,6.143939e-02,9.097792e-04,0.000000e+00,0.000000e+00,0.000000e+00,0.000000e+00,0.000000e+00,0.000000e+00,0.000000e+00,0.000000e+00,0.000000e+00,0.000000e+00,0.000000e+00,0.000000e+00,0.000000e+00,0.000000e+00,0.000000e+00,0.000000e+00,0.000000e+00,0.000000e+00,0.000000e+00,0.000000e+00,0.000000e+00,0.000000e+00,0.000000e+00,0.000000e+00,0.000000e+00,0.000000e+00,0.000000e+00,0.000000e+00,0.000000e+00,0.000000e+00,-2.105240e+06,-1.572620e+03,-1.021419e+06,-1.003085e-02,-1.816449e-03,-6.755551e+00,1.414047e-03,2.472172e-03,-4.315970e-01,2.065927e-04,-2.419775e-02,1.234483e+01,-3.581439e-02,-5.344302e-03,-3.519950e-04,-3.430854e-03,-4.175513e-04,-7.814346e+00,2.938216e+01,-1.782305e+00,2.028004e+01,3.689398e+04,1.589843e+03,2.339652e+06,-4.567228e-02,1.341801e-01,9.469127e-03,-2.893639e+01,-1.812526e+03,5.125637e+01
3.550718e-03,1.627109e+04,2.472194e+01,2.055232e-02,-8.042513e-03,2.539113e-01,5.733875e-03,9.257783e-07,6.130829e-02,0.000000e+00,0.000000e+00,3.355780e+02,0.000000e+00,0.000000e+00,0.000000e+00,0.000000e+00,0.000000e+00,0.000000e+00,0.000000e+00,0.000000e+00,0.000000e+00,0.000000e+00,1.627109e+04,1.923034e+01,-8.824099e-02,-2.701215e-03,8.980402e-02,9.097792e-04,0.000000e+00,0.000000e+00,0.000000e+00,0.000000e+00,0.000000e+00,0.000000e+00,0.000000e+00,0.000000e+00,0.000000e+00,0.000000e+00,0.000000e+00,0.000000e+00,0.000000e+00,0.000000e+00,0.000000e+00,0.000000e+00,0.000000e+00,0.000000e+00,0.000000e+00,0.000000e+00,0.000000e+00,0.000000e+00,0.000000e+00,0.000000e+00,0.000000e+00,0.000000e+00,0.000000e+00,0.000000e+00,0.000000e+00,0.000000e+00,-2.109892e+06,-2.177157e+03,-1.008769e+06,-1.004379e-02,-1.841857e-03,-6.827588e+00,1.441578e-03,2.462438e-03,-4.371023e-01,2.097005e-04,-2.455091e-02,1.245808e+01,-3.671808e-02,-5.456951e-03,-3.521703e-04,-3.129846e-03,-4.355444e-04,-7.814007e+00,2.967924e+01,-1.752352e+00,4.409551e+01,2.346665e+04,2.195685e+03,2.338526e+06,-4.556486e-02,1.163689e-01,1.005747e-02,-5.798520e+00,-1.741874e+03,6.925227e+01
3.560901e-03,1.626369e+04,3.274538e+01,2.179651e-02,-8.083510e-03,3.668277e-01,5.733875e-03,9.257764e-07,4.737305e-02,0.000000e+00,0.000000e+00,3.350009e+02,0.000000e+00,0.000000e+00,0.000000e+00,0.000000e+00,0.000000e+00,0.000000e+00,0.000000e+00,0.000000e+00,0.000000e+00,0.000000e+00,1.626369e+04,2.233770e+01,-8.719122e-02,-2.846563e-03,1.177917e-01,9.097793e-04,0.000000e+00,0.000000e+00,0.000000e+00,0.000000e+00,0.000000e+00,0.000000e+00,0.000000e+00,0.000000e+00,0.000000e+00,0.000000e+00,0.000000e+00,0.000000e+00,0.000000e+00,0.000000e+00,0.000000e+00,0.000000e+00,0.000000e+00,0.000000e+00,0.000000e+00,0.000000e+00,0.000000e+00,0.000000e+00,0.000000e+00,0.000000e+00,0.000000e+00,0.000000e+00,0.000000e+00,0.000000e+00,0.000000e+00,0.000000e+00,-2.120150e+06,-2.100927e+03,-9.936519e+05,-1.007040e-02,-1.866991e-03,-6.899411e+00,1.679940e-03,2.440829e-03,-4.425821e-01,2.127417e-04,-2.490388e-02,1.257097e+01,-3.768279e-02,-5.567530e-03,-3.524628e-04,-2.826594e-03,-4.531939e-04,-7.813426e+00,2.984002e+01,-1.720441e+00,6.792029e+01,5.433161e+03,2.120264e+03,2.341442e+06,-4.532581e-02,9.976064e-02,1.064514e-02,2.414378e-02,-1.453520e+03,5.040919e+01
3.570159e-03,1.625482e+04,4.233315e+01,2.297237e-02,-8.101101e-03,4.690047e-01,5.733875e-03,9.257849e-07,3.802035e-02,0.000000e+00,0.000000e+00,3.343503e+02,0.000000e+00,0.000000e+00,0.000000e+00,0.000000e+00,0.000000e+00,0.000000e+00,0.000000e+00,0.000000e+00,0.000000e+00,0.000000e+00,1.625482e+04,2.570794e+01,-8.575916e-02,-2.937072e-03,1.426203e-01,9.097793e-04,0.000000e+00,0.000000e+00,0.000000e+00,0.000000e+00,0.000000e+00,0.000000e+00,0.000000e+00,0.000000e+00,0.000000e+00,0.000000e+00,0.000000e+00,0.000000e+00,0.000000e+00,0.000000e+00,0.000000e+00,0.000000e+00,0.000000e+00,0.000000e+00,0.000000e+00,0.000000e+00,0.000000e+00,0.000000e+00,0.000000e+00,0.000000e+00,0.000000e+00,0.000000e+00,0.000000e+00,0.000000e+00,0.000000e+00,0.000000e+00,-2.126240e+06,2.359833e+03,-9.859846e+05,-1.009424e-02,-1.889586e-03,-6.964550e+00,2.104563e-03,2.439840e-03,-4.475355e-01,2.153810e-04,-2.522349e-02,1.267312e+01,-3.860896e-02,-5.679417e-03,-3.528571e-04,-2.550195e-03,-4.689937e-04,-7.812687e+00,2.985096e+01,-1.697152e+00,8.961206e+01,-4.086614e+03,-2.339269e+03,2.343724e+06,-4.519941e-02,8.683655e-02,1.109561e-02,-1.106299e+02,-1.316058e+03,2.613643e+01
3.580343e-03,1.624286e+04,5.534958e+01,2.433358e-02,-8.105455e-03,5.807871e-01,5.733875e-03,9.257908e-07,3.111877e-02,0.000000e+00,0.000000e+00,3.333425e+02,0.000000e+00,0.000000e+00,0.000000e+00,0.000000e+00,0.000000e+00,0.000000e+00,0.000000e+00,0.000000e+00,0.000000e+00,0.000000e+00,1.624286e+04,2.996270e+01,-8.364366e-02,-2.995166e-03,1.692935e-01,9.097793e-04,0.000000e+00,0.000000e+00,0.000000e+00,0.000000e+00,0.000000e+00,0.000000e+00,0.000000e+00,0.000000e+00,0.000000e+00,0.000000e+00,0.000000e+00,0.000000e+00,0.000000e+00,0.000000e+00,0.000000e+00,0.000000e+00,0.000000e+00,0.000000e+00,0.000000e+00,0.000000e+00,0.000000e+00,0.000000e+00,0.000000e+00,0.000000e+00,0.000000e+00,0.000000e+00,0.000000e+00,0.000000e+00,0.000000e+00,0.000000e+00,-2.132066e+06,2.643353e+02,-9.692211e+05,-1.012668e-02,-1.913777e-03,-7.035902e+00,2.861633e-03,2.443231e-03,-4.529590e-01,2.183023e-04,-2.557338e-02,1.278487e+01,-3.967973e-02,-5.821242e-03,-3.533734e-04,-2.246851e-03,-4.861982e-04,-7.811642e+00,2.971034e+01,-1.682035e+00,1.134717e+02,-2.174252e+04,-2.425321e+02,2.341928e+06,-4.524607e-02,7.573082e-02,1.137814e-02,-4.636740e+01,-9.200165e+02,1.211798e+01
3.590526e-03,1.622825e+04,7.092432e+01,2.575107e-02,-8.107249e-03,6.918833e-01,5.733875e-03,9.257956e-07,2.725998e-02,0.000000e+00,0.000000e+00,3.324337e+02,0.000000e+00,0.000000e+00,0.000000e+00,0.000000e+00,0.000000e+00,0.000000e+00,0.000000e+00,0.000000e+00,0.000000e+00,0.000000e+00,1.622825e+04,3.478033e+01,-8.092297e-02,-3.053049e-03,1.953891e-01,9.097793e-04,0.000000e+00,0.000000e+00,0.000000e+00,0.000000e+00,0.000000e+00,0.000000e+00,0.000000e+00,0.000000e+00,0.000000e+00,0.000000e+00,0.000000e+00,0.000000e+00,0.000000e+00,0.000000e+00,0.000000e+00,0.000000e+00,0.000000e+00,0.000000e+00,0.000000e+00,0.000000e+00,0.000000e+00,0.000000e+00,0.000000e+00,0.000000e+00,0.000000e+00,0.000000e+00,0.000000e+00,0.000000e+00,0.000000e+00,0.000000e+00,-2.133737e+06,-4.855459e+03,-9.473136e+05,-1.015125e-02,-1.935348e-03,-7.106795e+00,3.948663e-03,2.421737e-03,-4.583538e-01,2.211145e-04,-2.592124e-02,1.289593e+01,-4.076979e-02,-5.970289e-03,-3.540695e-04,-1.945921e-03,-5.032190e-04,-7.810354e+00,2.938988e+01,-1.664697e+00,1.372859e+02,-4.230279e+04,4.877912e+03,2.334191e+06,-4.511702e-02,6.877194e-02,1.155196e-02,1.021745e+02,-4.224917e+02,2.640271e+01
3.600710e-03,1.621118e+04,8.902683e+01,2.718845e-02,-8.113173e-03,8.022736e-01,5.733875e-03,9.257980e-07,2.581746e-02,0.000000e+00,0.000000e+00,3.314603e+02,0.000000e+00,0.000000e+00,0.000000e+00,0.000000e+00,0.000000e+00,0.000000e+00,0.000000e+00,0.000000e+00,0.000000e+00,0.000000e+00,1.621118e+04,4.015035e+01,-7.757914e-02,-3.156287e-03,2.209605e-01,9.097792e-04,0.000000e+00,0.000000e+00,0.000000e+00,0.000000e+00,0.000000e+00,0.000000e+00,0.000000e+00,0.000000e+00,0.000000e+00,0.000000e+00,0.000000e+00,0.000000e+00,0.000000e+00,0.000000e+00,0.000000e+00,0.000000e+00,0.000000e+00,0.000000e+00,0.000000e+00,0.000000e+00,0.000000e+00,0.000000e+00,0.000000e+00,0.000000e+00,0.000000e+00,0.000000e+00,0.000000e+00,0.000000e+00,0.000000e+00,0.000000e+00,-2.139491e+06,-8.882746e+03,-9.233412e+05,-1.017656e-02,-1.957356e-03,-7.177082e+00,5.356036e-03,2.359665e-03,-4.637319e-01,2.238340e-04,-2.626769e-02,1.300629e+01,-4.186581e-02,-6.113732e-03,-3.549567e-04,-1.649301e-03,-5.199793e-04,-7.808824e+00,2.887345e+01,-1.633381e+00,1.610357e+02,-6.646107e+04,8.905870e+03,2.329284e+06,-4.457211e-02,6.617794e-02,1.175488e-02,2.076677e+02,7.965646e+01,3.908482e+01
3.610894e-03,1.619166e+04,1.095887e+02,2.859729e-02,-8.123223e-03,9.118373e-01,5.733875e-03,9.258047e-07,2.674774e-02,0.000000e+00,0.000000e+00,3.304657e+02,0.000000e+00,0.000000e+00,0.000000e+00,0.000000e+00,0.000000e+00,0.000000e+00,0.000000e+00,0.000000e+00,0.000000e+00,0.000000e+00,1.619166e+04,4.600796e+01,-7.350644e-02,-3.260896e-03,2.458052e-01,9.097792e-04,0.000000e+00,0.000000e+00,0.000000e+00,0.000000e+00,0.000000e+00,0.000000e+00,0.000000e+00,0.000000e+00,0.000000e+00,0.000000e+00,0.000000e+00,0.000000e+00,0.000000e+00,0.000000e+00,0.000000e+00,0.000000e+00,0.000000e+00,0.000000e+00,0.000000e+00,0.000000e+00,0.000000e+00,0.000000e+00,0.000000e+00,0.000000e+00,0.000000e+00,0.000000e+00,0.000000e+00,0.000000e+00,0.000000e+00,0.000000e+00,-2.146658e+06,-5.035557e+03,-8.987602e+05,-1.018839e-02,-1.976971e-03,-7.246698e+00,7.069634e-03,2.326866e-03,-4.691032e-01,2.263893e-04,-2.661270e-02,1.311582e+01,-4.291492e-02,-6.253666e-03,-3.560924e-04,-1.359249e-03,-5.364267e-04,-7.807052e+00,2.811666e+01,-1.602904e+00,1.847441e+02,-9.176927e+04,5.059817e+03,2.325401e+06,-4.409675e-02,6.797201e-02,1.206944e-02,1.006243e+02,4.856699e+02,3.726281e+01
3.620152e-03,1.617204e+04,1.303125e+02,2.985662e-02,-8.128910e-03,1.010595e+00,5.733875e-03,9.258117e-07,2.948650e-02,0.000000e+00,0.000000e+00,3.294104e+02,0.000000e+00,0.000000e+00,0.000000e+00,0.000000e+00,0.000000e+00,0.000000e+00,0.000000e+00,0.000000e+00,0.000000e+00,0.000000e+00,1.617204e+04,5.166327e+01,-6.905831e-02,-3.346061e-03,2.676407e-01,9.097792e-04,0.000000e+00,0.000000e+00,0.000000e+00,0.000000e+00,0.000000e+00,0.000000e+00,0.000000e+00,0.000000e+00,0.000000e+00,0.000000e+00,0.000000e+00,0.000000e+00,0.000000e+00,0.000000e+00,0.000000e+00,0.000000e+00,0.000000e+00,0.000000e+00,0.000000e+00,0.000000e+00,0.000000e+00,0.000000e+00,0.000000e+00,0.000000e+00,0.000000e+00,0.000000e+00,0.000000e+00,0.000000e+00,0.000000e+00,0.000000e+00,-2.153750e+06,-3.561701e+03,-8.794436e+05,-1.019825e-02,-1.993716e-03,-7.309336e+00,8.857165e-03,2.303716e-03,-4.739786e-01,2.287044e-04,-2.692489e-02,1.321453e+01,-4.383857e-02,-6.387295e-03,-3.576885e-04,-1.103465e-03,-5.511317e-04,-7.805232e+00,2.719314e+01,-1.577294e+00,2.062612e+02,-1.122704e+05,3.587058e+03,2.323673e+06,-4.375663e-02,7.293737e-02,1.249018e-02,5.680421e+01,6.512546e+02,5.011260e+01
3.630336e-03,1.614817e+04,1.552178e+02,3.120611e-02,-8.124978e-03,1.118199e+00,5.733875e-03,9.258207e-07,3.494637e-02,0.000000e+00,0.000000e+00,3.284259e+02,0.000000e+00,0.000000e+00,0.000000e+00,0.000000e+00,0.000000e+00,0.000000e+00,0.000000e+00,0.000000e+00,0.000000e+00,0.000000e+00,1.614817e+04,5.811485e+01,-6.323855e-02,-3.446226e-03,2.906713e-01,9.097792e-04,0.000000e+00,0.000000e+00,0.000000e+00,0.000000e+00,0.000000e+00,0.000000e+00,0.000000e+00,0.000000e+00,0.000000e+00,0.000000e+00,0.000000e+00,0.000000e+00,0.000000e+00,0.000000e+00,0.000000e+00,0.000000e+00,0.000000e+00,0.000000e+00,0.000000e+00,0.000000e+00,0.000000e+00,0.000000e+00,0.000000e+00,0.000000e+00,0.000000e+00,0.000000e+00,0.000000e+00,0.000000e+00,0.000000e+00,0.000000e+00,-2.163594e+06,-4.595650e+03,-8.483946e+05,-1.019416e-02,-2.011882e-03,-7.377477e+00,1.110305e-02,2.248177e-03,-4.793547e-01,2.310991e-04,-2.726721e-02,1.332208e+01,-4.482763e-02,-6.539920e-03,-3.592340e-04,-8.335005e-04,-5.670055e-04,-7.803000e+00,2.588595e+01,-1.542325e+00,2.299074e+02,-1.445703e+05,4.621604e+03,2.319485e+06,-4.320196e-02,8.186395e-02,1.314269e-02,8.706238e+01,1.076150e+03,7.132339e+01
3.640520e-03,1.612232e+04,1.822590e+02,3.249633e-02,-8.131698e-03,1.224610e+00,5.733875e-03,9.258284e-07,4.431211e-02,0.000000e+00,0.000000e+00,3.272920e+02,0.000000e+00,0.000000e+00,0.000000e+00,0.000000e+00,0.000000e+00,0.000000e+00,0.000000e+00,0.000000e+00,0.000000e+00,0.000000e+00,1.612232e+04,6.475836e+01,-5.644217e-02,-3.562599e-03,3.126616e-01,9.097792e-04,0.000000e+00,0.000000e+00,0.000000e+00,0.000000e+00,0.000000e+00,0.000000e+00,0.000000e+00,0.000000e+00,0.000000e+00,0.000000e+00,0.000000e+00,0.000000e+00,0.000000e+00,0.000000e+00,0.000000e+00,0.000000e+00,0.000000e+00,0.000000e+00,0.000000e+00,0.000000e+00,0.000000e+00,0.000000e+00,0.000000e+00,0.000000e+00,0.000000e+00,0.000000e+00,0.000000e+00,0.000000e+00,0.000000e+00,0.000000e+00,-2.169088e+06,-6.358176e+03,-8.188397e+05,-1.018568e-02,-2.033527e-03,-7.444650e+00,1.363371e-02,2.174407e-03,-4.847481e-01,2.333399e-04,-2.760873e-02,1.342843e+01,-4.579359e-02,-6.683856e-03,-3.603318e-04,-5.786251e-04,-5.825046e-04,-7.800528e+00,2.426116e+01,-1.503644e+00,2.534978e+02,-1.736806e+05,6.385587e+03,2.311985e+06,-4.250906e-02,9.522510e-02,1.397689e-02,1.352057e+02,1.516572e+03,9.068704e+01
3.650704e-03,1.609417e+04,2.113900e+02,3.368621e-02,-8.158448e-03,1.329732e+00,5.733875e-03,9.258284e-07,5.953250e-02,0.000000e+00,0.000000e+00,3.263485e+02,0.000000e+00,0.000000e+00,0.000000e+00,0.000000e+00,0.000000e+00,0.000000e+00,0.000000e+00,0.000000e+00,0.000000e+00,0.000000e+00,1.609417e+04,7.157845e+01,-4.882565e-02,-3.693494e-03,3.336115e-01,9.097795e-04,0.000000e+00,0.000000e+00,0.000000e+00,0.000000e+00,0.000000e+00,0.000000e+00,0.000000e+00,0.000000e+00,0.000000e+00,0.000000e+00,0.000000e+00,0.000000e+00,0.000000e+00,0.000000e+00,0.000000e+00,0.000000e+00,0.000000e+00,0.000000e+00,0.000000e+00,0.000000e+00,0.000000e+00,0.000000e+00,0.000000e+00,0.000000e+00,0.000000e+00,0.000000e+00,0.000000e+00,0.000000e+00,0.000000e+00,0.000000e+00,-2.171721e+06,-2.415404e+03,-7.901593e+05,-1.016668e-02,-2.058416e-03,-7.510764e+00,1.640988e-02,2.114424e-03,-4.901581e-01,2.354191e-04,-2.794942e-02,1.353349e+01,-4.671026e-02,-6.815305e-03,-3.613688e-04,-3.419452e-04,-5.976143e-04,-7.797815e+00,2.234759e+01,-1.467208e+00,2.770026e+02,-2.007887e+05,2.443295e+03,2.302262e+06,-4.190571e-02,1.134776e-01,1.489538e-02,3.420979e+01,2.027890e+03,8.746592e+01
3.660888e-03,1.606395e+04,2.425298e+02,3.474261e-02,-8.189516e-03,1.433442e+00,5.733875e-03,9.258166e-07,8.222975e-02,0.000000e+00,0.000000e+00,3.254576e+02,0.000000e+00,0.000000e+00,0.000000e+00,0.000000e+00,0.000000e+00,0.000000e+00,0.000000e+00,0.000000e+00,0.000000e+00,0.000000e+00,1.606395e+04,7.853479e+01,-4.057774e-02,-3.813546e-03,3.534988e-01,9.097792e-04,0.000000e+00,0.000000e+00,0.000000e+00,0.000000e+00,0.000000e+00,0.000000e+00,0.000000e+00,0.000000e+00,0.000000e+00,0.000000e+00,0.000000e+00,0.000000e+00,0.000000e+00,0.000000e+00,0.000000e+00,0.000000e+00,0.000000e+00,0.000000e+00,0.000000e+00,0.000000e+00,0.000000e+00,0.000000e+00,0.000000e+00,0.000000e+00,0.000000e+00,0.000000e+00,0.000000e+00,0.000000e+00,0.000000e+00,0.000000e+00,-2.169733e+06,-3.400028e+03,-7.664566e+05,-1.014579e-02,-2.080212e-03,-7.575769e+00,1.933897e-02,2.045679e-03,-4.955791e-01,2.374030e-04,-2.828824e-02,1.363714e+01,-4.754848e-02,-6.942950e-03,-3.626326e-04,-1.261398e-04,-6.123913e-04,-7.794864e+00,2.019093e+01,-1.436234e+00,3.003962e+02,-2.214296e+05,3.428412e+03,2.290451e+06,-4.140611e-02,1.362822e-01,1.576894e-02,5.820004e+01,2.403456e+03,8.466851e+01
3.670146e-03,1.603496e+04,2.724927e+02,3.559878e-02,-8.221128e-03,1.526379e+00,5.733875e-03,9.258059e-07,1.109395e-01,0.000000e+00,0.000000e+00,3.245121e+02,0.000000e+00,0.000000e+00,0.000000e+00,0.000000e+00,0.000000e+00,0.000000e+00,0.000000e+00,0.000000e+00,0.000000e+00,0.000000e+00,1.603496e+04,8.492538e+01,-3.262098e-02,-3.934382e-03,3.706076e-01,9.097793e-04,0.000000e+00,0.000000e+00,0.000000e+00,0.000000e+00,0.000000e+00,0.000000e+00,0.000000e+00,0.000000e+00,0.000000e+00,0.000000e+00,0.000000e+00,0.000000e+00,0.000000e+00,0.000000e+00,0.000000e+00,0.000000e+00,0.000000e+00,0.000000e+00,0.000000e+00,0.000000e+00,0.000000e+00,0.000000e+00,0.000000e+00,0.000000e+00,0.000000e+00,0.000000e+00,0.000000e+00,0.000000e+00,0.000000e+00,0.000000e+00,-2.164801e+06,-5.360227e+03,-7.459375e+05,-1.012809e-02,-2.097988e-03,-7.633839e+00,2.209405e-02,1.963346e-03,-5.005004e-01,2.390816e-04,-2.859383e-02,1.373001e+01,-4.825156e-02,-7.054311e-03,-3.639141e-04,5.001289e-05,-6.255292e-04,-7.791975e+00,1.804937e+01,-1.404975e+00,3.215470e+02,-2.379452e+05,5.389381e+03,2.277316e+06,-4.082392e-02,1.605988e-01,1.647374e-02,1.236403e+02,2.771599e+03,7.403649e+01
3.680330e-03,1.600137e+04,3.071667e+02,3.645083e-02,-8.261528e-03,1.627036e+00,5.733875e-03,9.257926e-07,1.539393e-01,0.000000e+00,0.000000e+00,3.234444e+02,0.000000e+00,0.000000e+00,0.000000e+00,0.000000e+00,0.000000e+00,0.000000e+00,0.000000e+00,0.000000e+00,0.000000e+00,0.000000e+00,1.600137e+04,9.198789e+01,-2.349382e-02,-4.049893e-03,3.883844e-01,9.097792e-04,0.000000e+00,0.000000e+00,0.000000e+00,0.000000e+00,0.000000e+00,0.000000e+00,0.000000e+00,0.000000e+00,0.000000e+00,0.000000e+00,0.000000e+00,0.000000e+00,0.000000e+00,0.000000e+00,0.000000e+00,0.000000e+00,0.000000e+00,0.000000e+00,0.000000e+00,0.000000e+00,0.000000e+00,0.000000e+00,0.000000e+00,0.000000e+00,0.000000e+00,0.000000e+00,0.000000e+00,0.000000e+00,0.000000e+00,0.000000e+00,-2.153781e+06,-2.430586e+03,-7.247868e+05,-1.012469e-02,-2.116297e-03,-7.696457e+00,2.519474e-02,1.890821e-03,-5.059118e-01,2.407703e-04,-2.892715e-02,1.383059e+01,-4.896721e-02,-7.170036e-03,-3.651831e-04,2.199908e-04,-6.396716e-04,-7.788572e+00,1.553745e+01,-1.377483e+00,3.446529e+02,-2.524609e+05,2.460069e+03,2.258396e+06,-4.017125e-02,1.913134e-01,1.712574e-02,7.313419e+01,3.205334e+03,4.917193e+01
3.690514e-03,1.596601e+04,3.434972e+02,3.724455e-02,-8.299021e-03,1.725985e+00,5.733875e-03,9.257565e-07,2.120760e-01,0.000000e+00,0.000000e+00,3.224683e+02,0.000000e+00,0.000000e+00,0.000000e+00,0.000000e+00,0.000000e+00,0.000000e+00,0.000000e+00,0.000000e+00,0.000000e+00,0.000000e+00,1.596601e+04,9.903704e+01,-1.409903e-02,-4.111442e-03,4.051698e-01,9.097794e-04,0.000000e+00,0.000000e+00,0.000000e+00,0.000000e+00,0.000000e+00,0.000000e+00,0.000000e+00,0.000000e+00,0.000000e+00,0.000000e+00,0.000000e+00,0.000000e+00,0.000000e+00,0.000000e+00,0.000000e+00,0.000000e+00,0.000000e+00,0.000000e+00,0.000000e+00,0.000000e+00,0.000000e+00,0.000000e+00,0.000000e+00,0.000000e+00,0.000000e+00,0.000000e+00,0.000000e+00,0.000000e+00,0.000000e+00,0.000000e+00,-2.135826e+06,1.842883e+03,-7.047296e+05,-1.012832e-02,-2.131599e-03,-7.757638e+00,2.832821e-02,1.840516e-03,-5.112982e-01,2.423613e-04,-2.925730e-02,1.392946e+01,-4.963503e-02,-7.285934e-03,-3.662481e-04,3.636783e-04,-6.536185e-04,-7.784935e+00,1.290725e+01,-1.365835e+00,3.675438e+02,-2.630549e+05,-1.812751e+03,2.233652e+06,-3.960005e-02,2.263083e-01,1.748446e-02,7.042074e-01,3.677347e+03,3.846984e+00
3.700697e-03,1.592888e+04,3.813019e+02,3.801318e-02,-8.322163e-03,1.823096e+00,5.733875e-03,9.257400e-07,2.889806e-01,0.000000e+00,0.000000e+00,3.217858e+02,0.000000e+00,0.000000e+00,0.000000e+00,0.000000e+00,0.000000e+00,0.000000e+00,0.000000e+00,0.000000e+00,0.000000e+00,0.000000e+00,1.592888e+04,1.060126e+02,-4.571627e-03,-4.098426e-03,4.210295e-01,9.097793e-04,0.000000e+00,0.000000e+00,0.000000e+00,0.000000e+00,0.000000e+00,0.000000e+00,0.000000e+00,0.000000e+00,0.000000e+00,0.000000e+00,0.000000e+00,0.000000e+00,0.000000e+00,0.000000e+00,0.000000e+00,0.000000e+00,0.000000e+00,0.000000e+00,0.000000e+00,0.000000e+00,0.000000e+00,0.000000e+00,0.000000e+00,0.000000e+00,0.000000e+00,0.000000e+00,0.000000e+00,0.000000e+00,0.000000e+00,0.000000e+00,-2.113698e+06,4.543948e+01,-6.886512e+05,-1.015588e-02,-2.146765e-03,-7.817272e+00,3.144895e-02,1.808643e-03,-5.166425e-01,2.437958e-04,-2.958376e-02,1.402648e+01,-5.028092e-02,-7.407554e-03,-3.672854e-04,4.801503e-04,-6.675669e-04,-7.781066e+00,1.020394e+01,-1.373684e+00,3.901666e+02,-2.682802e+05,-1.473816e+01,2.206804e+06,-3.919081e-02,2.656597e-01,1.743377e-02,7.420478e+01,4.103862e+03,-2.629763e+01
3.710880e-03,1.589055e+04,4.204138e+02,3.878371e-02,-8.336283e-03,1.918259e+00,5.733875e-03,9.257400e-07,3.895449e-01,0.000000e+00,0.000000e+00,3.209678e+02,0.000000e+00,0.000000e+00,0.000000e+00,0.000000e+00,0.000000e+00,0.000000e+00,0.000000e+00,0.000000e+00,0.000000e+00,0.000000e+00,1.589055e+04,1.128338e+02,5.028692e-03,-4.053977e-03,4.359225e-01,9.097792e-04,0.000000e+00,0.000000e+00,0.000000e+00,0.000000e+00,0.000000e+00,0.000000e+00,0.000000e+00,0.000000e+00,0.000000e+00,0.000000e+00,0.000000e+00,0.000000e+00,0.000000e+00,0.000000e+00,0.000000e+00,0.000000e+00,0.000000e+00,0.000000e+00,0.000000e+00,0.000000e+00,0.000000e+00,0.000000e+00,0.000000e+00,0.000000e+00,0.000000e+00,0.000000e+00,0.000000e+00,0.000000e+00,0.000000e+00,0.000000e+00,-2.087996e+06,1.000897e+03,-6.722158e+05,-1.020336e-02,-2.161132e-03,-7.875330e+00,3.458750e-02,1.793001e-03,-5.219417e-01,2.451652e-04,-2.990599e-02,1.412156e+01,-5.093720e-02,-7.530270e-03,-3.685541e-04,5.687944e-04,-6.816288e-04,-7.776969e+00,7.449875e+00,-1.389014e+00,4.125005e+02,-2.723190e+05,-9.700648e+02,2.176567e+06,-3.877043e-02,3.096769e-01,1.700919e-02,5.933567e+01,4.577422e+03,-5.090715e+01
3.720138e-03,1.585456e+04,4.569842e+02,3.949729e-02,-8.348144e-03,2.002958e+00,5.733875e-03,9.257400e-07,5.051257e-01,0.000000e+00,0.000000e+00,3.203207e+02,0.000000e+00,0.000000e+00,0.000000e+00,0.000000e+00,0.000000e+00,0.000000e+00,0.000000e+00,0.000000e+00,0.000000e+00,0.000000e+00,1.585456e+04,1.188787e+02,1.376954e-02,-3.989058e-03,4.485990e-01,9.097792e-04,0.000000e+00,0.000000e+00,0.000000e+00,0.000000e+00,0.000000e+00,0.000000e+00,0.000000e+00,0.000000e+00,0.000000e+00,0.000000e+00,0.000000e+00,0.000000e+00,0.000000e+00,0.000000e+00,0.000000e+00,0.000000e+00,0.000000e+00,0.000000e+00,0.000000e+00,0.000000e+00,0.000000e+00,0.000000e+00,0.000000e+00,0.000000e+00,0.000000e+00,0.000000e+00,0.000000e+00,0.000000e+00,0.000000e+00,0.000000e+00,-2.061415e+06,2.039456e+03,-6.622934e+05,-1.026402e-02,-2.174274e-03,-7.926683e+00,3.746801e-02,1.798720e-03,-5.267043e-01,2.463743e-04,-3.019465e-02,1.420617e+01,-5.155221e-02,-7.639265e-03,-3.698962e-04,6.248804e-04,-6.946009e-04,-7.773048e+00,4.920589e+00,-1.411027e+00,4.325263e+02,-2.700823e+05,-2.008481e+03,2.148283e+06,-3.855389e-02,3.536438e-01,1.644076e-02,3.302999e+01,4.836994e+03,-6.824105e+01
3.730321e-03,1.581347e+04,4.982373e+02,4.028829e-02,-8.362642e-03,2.094065e+00,5.733875e-03,9.257400e-07,6.582628e-01,0.000000e+00,0.000000e+00,3.200680e+02,0.000000e+00,0.000000e+00,0.000000e+00,0.000000e+00,0.000000e+00,0.000000e+00,0.000000e+00,0.000000e+00,0.000000e+00,0.000000e+00,1.581347e+04,1.253531e+02,2.323065e-02,-3.922616e-03,4.615805e-01,9.097793e-04,0.000000e+00,0.000000e+00,0.000000e+00,0.000000e+00,0.000000e+00,0.000000e+00,0.000000e+00,0.000000e+00,0.000000e+00,0.000000e+00,0.000000e+00,0.000000e+00,0.000000e+00,0.000000e+00,0.000000e+00,0.000000e+00,0.000000e+00,0.000000e+00,0.000000e+00,0.000000e+00,0.000000e+00,0.000000e+00,0.000000e+00,0.000000e+00,0.000000e+00,0.000000e+00,0.000000e+00,0.000000e+00,0.000000e+00,0.000000e+00,-2.028274e+06,1.872122e+03,-6.496961e+05,-1.033000e-02,-2.183468e-03,-7.981565e+00,4.055624e-02,1.798419e-03,-5.318641e-01,2.475972e-04,-3.050726e-02,1.429717e+01,-5.224359e-02,-7.754421e-03,-3.713405e-04,6.596738e-04,-7.091017e-04,-7.768523e+00,2.167205e+00,-1.434303e+00,4.542391e+02,-2.674995e+05,-1.840396e+03,2.112924e+06,-3.831194e-02,4.046254e-01,1.573105e-02,3.261148e+01,5.126956e+03,-6.908209e+01
3.740504e-03,1.577039e+04,5.404896e+02,4.106185e-02,-8.384136e-03,2.182988e+00,5.733875e-03,9.257400e-07,8.408299e-01,0.000000e+00,0.000000e+00,3.207859e+02,0.000000e+00,0.000000e+00,0.000000e+00,0.000000e+00,0.000000e+00,0.000000e+00,0.000000e+00,0.000000e+00,0.000000e+00,0.000000e+00,1.577039e+04,1.316996e+02,3.243054e-02,-3.873559e-03,4.736341e-01,9.097792e-04,0.000000e+00,0.000000e+00,0.000000e+00,0.000000e+00,0.000000e+00,0.000000e+00,0.000000e+00,0.000000e+00,0.000000e+00,0.000000e+00,0.000000e+00,0.000000e+00,0.000000e+00,0.000000e+00,0.000000e+00,0.000000e+00,0.000000e+00,0.000000e+00,0.000000e+00,0.000000e+00,0.000000e+00,0.000000e+00,0.000000e+00,0.000000e+00,0.000000e+00,0.000000e+00,0.000000e+00,0.000000e+00,0.000000e+00,0.000000e+00,-1.992508e+06,1.502424e+03,-6.405510e+05,-1.040850e-02,-2.190810e-03,-8.034691e+00,4.355600e-02,1.794879e-03,-5.369151e-01,2.487062e-04,-3.081538e-02,1.438600e+01,-5.293551e-02,-7.862679e-03,-3.728291e-04,6.666971e-04,-7.238244e-04,-7.763778e+00,-5.338482e-01,-1.454688e+00,4.755914e+02,-2.606788e+05,-1.470658e+03,2.076642e+06,-3.811773e-02,4.580839e-01,1.509005e-02,2.305017e+01,5.361997e+03,-5.835077e+01
3.750687e-03,1.572595e+04,5.835967e+02,4.180171e-02,-8.413231e-03,2.269687e+00,5.733875e-03,9.257400e-07,1.054001e+00,0.000000e+00,0.000000e+00,3.219680e+02,0.000000e+00,0.000000e+00,0.000000e+00,0.000000e+00,0.000000e+00,0.000000e+00,0.000000e+00,0.000000e+00,0.000000e+00,0.000000e+00,1.572595e+04,1.379067e+02,4.121635e-02,-3.838345e-03,4.848263e-01,9.097793e-04,0.000000e+00,0.000000e+00,0.000000e+00,0.000000e+00,0.000000e+00,0.000000e+00,0.000000e+00,0.000000e+00,0.000000e+00,0.000000e+00,0.000000e+00,0.000000e+00,0.000000e+00,0.000000e+00,0.000000e+00,0.000000e+00,0.000000e+00,0.000000e+00,0.000000e+00,0.000000e+00,0.000000e+00,0.000000e+00,0.000000e+00,0.000000e+00,0.000000e+00,0.000000e+00,0.000000e+00,0.000000e+00,0.000000e+00,0.000000e+00,-1.951792e+06,2.384788e+03,-6.337215e+05,-1.048965e-02,-2.197549e-03,-8.085993e+00,4.641887e-02,1.797638e-03,-5.418471e-01,2.497710e-04,-3.111924e-02,1.447259e+01,-5.361596e-02,-7.965889e-03,-3.746504e-04,6.466928e-04,-7.387303e-04,-7.758819e+00,-3.140504e+00,-1.474304e+00,4.965569e+02,-2.496659e+05,-2.353040e+03,2.036851e+06,-3.811420e-02,5.135353e-01,1.458358e-02,-2.682077e+01,5.534358e+03,-3.928649e+01
3.760870e-03,1.568072e+04,6.274709e+02,4.250898e-02,-8.446063e-03,2.354088e+00,5.733875e-03,9.257400e-07,1.297289e+00,0.000000e+00,0.000000e+00,3.231408e+02,0.000000e+00,0.000000e+00,0.000000e+00,0.000000e+00,0.000000e+00,0.000000e+00,0.000000e+00,0.000000e+00,0.000000e+00,0.000000e+00,1.568072e+04,1.440321e+02,4.948001e-02,-3.801927e-03,4.951942e-01,9.097795e-04,0.000000e+00,0.000000e+00,0.000000e+00,0.000000e+00,0.000000e+00,0.000000e+00,0.000000e+00,0.000000e+00,0.000000e+00,0.000000e+00,0.000000e+00,0.000000e+00,0.000000e+00,0.000000e+00,0.000000e+00,0.000000e+00,0.000000e+00,0.000000e+00,0.000000e+00,0.000000e+00,0.000000e+00,0.000000e+00,0.000000e+00,0.000000e+00,0.000000e+00,0.000000e+00,0.000000e+00,0.000000e+00,0.000000e+00,0.000000e+00,-1.908628e+06,2.208062e+03,-6.282096e+05,-1.055532e-02,-2.201699e-03,-8.135448e+00,4.908785e-02,1.813921e-03,-5.466560e-01,2.507414e-04,-3.141836e-02,1.455689e+01,-5.428004e-02,-8.064725e-03,-3.768017e-04,6.008307e-04,-7.538684e-04,-7.753648e+00,-5.618761e+00,-1.497479e+00,5.171069e+02,-2.364272e+05,-2.176359e+03,1.995398e+06,-3.846067e-02,5.702974e-01,1.429408e-02,-4.279251e+01,5.629392e+03,-1.142649e+01
3.770127e-03,1.563921e+04,6.679147e+02,4.312781e-02,-8.479113e-03,2.428741e+00,5.733875e-03,9.257400e-07,1.542179e+00,0.000000e+00,0.000000e+00,3.240165e+02,0.000000e+00,0.000000e+00,0.000000e+00,0.000000e+00,0.000000e+00,0.000000e+00,0.000000e+00,0.000000e+00,0.000000e+00,0.000000e+00,1.563921e+04,1.495237e+02,5.648756e-02,-3.773161e-03,5.038617e-01,9.097793e-04,0.000000e+00,0.000000e+00,0.000000e+00,0.000000e+00,0.000000e+00,0.000000e+00,0.000000e+00,0.000000e+00,0.000000e+00,0.000000e+00,0.000000e+00,0.000000e+00,0.000000e+00,0.000000e+00,0.000000e+00,0.000000e+00,0.000000e+00,0.000000e+00,0.000000e+00,0.000000e+00,0.000000e+00,0.000000e+00,0.000000e+00,0.000000e+00,0.000000e+00,0.000000e+00,0.000000e+00,0.000000e+00,0.000000e+00,0.000000e+00,-1.867023e+06,3.523031e+03,-6.238921e+05,-1.060288e-02,-2.203542e-03,-8.178859e+00,5.131248e-02,1.838823e-03,-5.509368e-01,2.515552e-04,-3.168547e-02,1.463144e+01,-5.488256e-02,-8.147314e-03,-3.787848e-04,5.379107e-04,-7.678360e-04,-7.748767e+00,-7.740971e+00,-1.517766e+00,5.354207e+02,-2.227627e+05,-3.491055e+03,1.955861e+06,-3.894307e-02,6.222587e-01,1.427341e-02,-9.304171e+01,5.647291e+03,8.008001e+00
3.780311e-03,1.559270e+04,7.129723e+02,4.379455e-02,-8.523735e-03,2.508501e+00,5.733875e-03,9.257400e-07,1.836627e+00,0.000000e+00,0.000000e+00,3.252280e+02,0.000000e+00,0.000000e+00,0.000000e+00,0.000000e+00,0.000000e+00,0.000000e+00,0.000000e+00,0.000000e+00,0.000000e+00,0.000000e+00,1.559270e+04,1.556293e+02,6.367450e-02,-3.736739e-03,5.126812e-01,9.097795e-04,0.000000e+00,0.000000e+00,0.000000e+00,0.000000e+00,0.000000e+00,0.000000e+00,0.000000e+00,0.000000e+00,0.000000e+00,0.000000e+00,0.000000e+00,0.000000e+00,0.000000e+00,0.000000e+00,0.000000e+00,0.000000e+00,0.000000e+00,0.000000e+00,0.000000e+00,0.000000e+00,0.000000e+00,0.000000e+00,0.000000e+00,0.000000e+00,0.000000e+00,0.000000e+00,0.000000e+00,0.000000e+00,0.000000e+00,0.000000e+00,-1.813645e+06,3.680172e+03,-6.176132e+05,-1.065628e-02,-2.208648e-03,-8.224812e+00,5.359825e-02,1.882688e-03,-5.555322e-01,2.524224e-04,-3.197378e-02,1.471109e+01,-5.554790e-02,-8.228527e-03,-3.809815e-04,4.467680e-04,-7.834435e-04,-7.743205e+00,-9.934091e+00,-1.544468e+00,5.551058e+02,-2.059043e+05,-3.648119e+03,1.904825e+06,-3.971420e-02,6.795428e-01,1.450001e-02,-1.066312e+02,5.568547e+03,3.540623e+01
3.790494e-03,1.554511e+04,7.585402e+02,4.448723e-02,-8.581125e-03,2.585851e+00,5.733875e-03,9.257400e-07,2.147265e+00,0.000000e+00,0.000000e+00,3.270008e+02,0.000000e+00,0.000000e+00,0.000000e+00,0.000000e+00,0.000000e+00,0.000000e+00,0.000000e+00,0.000000e+00,0.000000e+00,0.000000e+00,1.554511e+04,1.619745e+02,7.026327e-02,-3.717197e-03,5.210680e-01,9.097793e-04,0.000000e+00,0.000000e+00,0.000000e+00,0.000000e+00,0.000000e+00,0.000000e+00,0.000000e+00,0.000000e+00,0.000000e+00,0.000000e+00,0.000000e+00,0.000000e+00,0.000000e+00,0.000000e+00,0.000000e+00,0.000000e+00,0.000000e+00,0.000000e+00,0.000000e+00,0.000000e+00,0.000000e+00,0.000000e+00,0.000000e+00,0.000000e+00,0.000000e+00,0.000000e+00,0.000000e+00,0.000000e+00,0.000000e+00,0.000000e+00,-1.753484e+06,3.061708e+03,-6.116532e+05,-1.070537e-02,-2.212755e-03,-8.268790e+00,5.566427e-02,1.909745e-03,-5.599795e-01,2.532599e-04,-3.225636e-02,1.478834e+01,-5.620849e-02,-8.298083e-03,-3.833517e-04,3.342895e-04,-7.993120e-04,-7.737445e+00,-1.194034e+01,-1.568366e+00,5.742410e+02,-1.858908e+05,-3.029986e+03,1.847774e+06,-4.036967e-02,7.352548e-01,1.496049e-02,-7.486475e+01,5.326070e+03,5.261639e+01
3.800677e-03,1.549716e+04,8.044769e+02,4.519427e-02,-8.648722e-03,2.660858e+00,5.733876e-03,9.257400e-07,2.459482e+00,0.000000e+00,0.000000e+00,3.287718e+02,0.000000e+00,0.000000e+00,0.000000e+00,0.000000e+00,0.000000e+00,0.000000e+00,0.000000e+00,0.000000e+00,0.000000e+00,0.000000e+00,1.549716e+04,1.686526e+02,7.613932e-02,-3.708859e-03,5.292851e-01,9.097793e-04,0.000000e+00,0.000000e+00,0.000000e+00,0.000000e+00,0.000000e+00,0.000000e+00,0.000000e+00,0.000000e+00,0.000000e+00,0.000000e+00,0.000000e+00,0.000000e+00,0.000000e+00,0.000000e+00,0.000000e+00,0.000000e+00,0.000000e+00,0.000000e+00,0.000000e+00,0.000000e+00,0.000000e+00,0.000000e+00,0.000000e+00,0.000000e+00,0.000000e+00,0.000000e+00,0.000000e+00,0.000000e+00,0.000000e+00,0.000000e+00,-1.688583e+06,2.475839e+03,-6.081967e+05,-1.074799e-02,-2.214754e-03,-8.310751e+00,5.745725e-02,1.914909e-03,-5.642731e-01,2.541313e-04,-3.253267e-02,1.486323e+01,-5.685709e-02,-8.355740e-03,-3.858334e-04,2.025920e-04,-8.154081e-04,-7.731494e+00,-1.372083e+01,-1.589819e+00,5.927795e+02,-1.616088e+05,-2.444546e+03,1.787484e+06,-4.076286e-02,7.874267e-01,1.553523e-02,-3.152094e+01,4.865066e+03,6.092520e+01
3.810860e-03,1.544887e+04,8.506088e+02,4.587249e-02,-8.721676e-03,2.733442e+00,5.733876e-03,9.257400e-07,2.758897e+00,0.000000e+00,0.000000e+00,3.306856e+02,0.000000e+00,0.000000e+00,0.000000e+00,0.000000e+00,0.000000e+00,0.000000e+00,0.000000e+00,0.000000e+00,0.000000e+00,0.000000e+00,1.544887e+04,1.756767e+02,8.122268e-02,-3.680862e-03,5.373592e-01,9.097792e-04,0.000000e+00,0.000000e+00,0.000000e+00,0.000000e+00,0.000000e+00,0.000000e+00,0.000000e+00,0.000000e+00,0.000000e+00,0.000000e+00,0.000000e+00,0.000000e+00,0.000000e+00,0.000000e+00,0.000000e+00,0.000000e+00,0.000000e+00,0.000000e+00,0.000000e+00,0.000000e+00,0.000000e+00,0.000000e+00,0.000000e+00,0.000000e+00,0.000000e+00,0.000000e+00,0.000000e+00,0.000000e+00,0.000000e+00,0.000000e+00,-1.622737e+06,3.539193e+03,-6.037442e+05,-1.078567e-02,-2.213861e-03,-8.350730e+00,5.896926e-02,1.923971e-03,-5.683913e-01,2.549922e-04,-3.280145e-02,1.493571e+01,-5.747203e-02,-8.404450e-03,-3.883599e-04,5.413351e-05,-8.317460e-04,-7.725358e+00,-1.525722e+01,-1.617460e+00,6.106995e+02,-1.378305e+05,-3.507732e+03,1.725916e+06,-4.103477e-02,8.344861e-01,1.620050e-02,-3.454708e+01,4.310768e+03,6.937585e+01
3.820117e-03,1.540434e+04,8.926008e+02,4.645639e-02,-8.789674e-03,2.797255e+00,5.733876e-03,9.257400e-07,3.008811e+00,0.000000e+00,0.000000e+00,3.330163e+02,0.000000e+00,0.000000e+00,0.000000e+00,0.000000e+00,0.000000e+00,0.000000e+00,0.000000e+00,0.000000e+00,0.000000e+00,0.000000e+00,1.540434e+04,1.823595e+02,8.517187e-02,-3.613536e-03,5.445096e-01,9.097792e-04,0.000000e+00,0.000000e+00,0.000000e+00,0.000000e+00,0.000000e+00,0.000000e+00,0.000000e+00,0.000000e+00,0.000000e+00,0.000000e+00,0.000000e+00,0.000000e+00,0.000000e+00,0.000000e+00,0.000000e+00,0.000000e+00,0.000000e+00,0.000000e+00,0.000000e+00,0.000000e+00,0.000000e+00,0.000000e+00,0.000000e+00,0.000000e+00,0.000000e+00,0.000000e+00,0.000000e+00,0.000000e+00,0.000000e+00,0.000000e+00,-1.564683e+06,4.243397e+03,-6.017924e+05,-1.082822e-02,-2.212486e-03,-8.385412e+00,6.009725e-02,1.957237e-03,-5.719711e-01,2.557682e-04,-3.303884e-02,1.499942e+01,-5.801122e-02,-8.441646e-03,-3.906511e-04,-9.328701e-05,-8.469139e-04,-7.719624e+00,-1.644040e+01,-1.656101e+00,6.264543e+02,-1.150754e+05,-4.212383e+03,1.672466e+06,-4.145475e-02,8.719106e-01,1.686304e-02,-3.686497e+01,3.686481e+03,7.407201e+01
3.830300e-03,1.535554e+04,9.386823e+02,4.708670e-02,-8.860281e-03,2.865094e+00,5.733876e-03,9.257400e-07,3.247208e+00,0.000000e+00,0.000000e+00,3.355620e+02,0.000000e+00,0.000000e+00,0.000000e+00,0.000000e+00,0.000000e+00,0.000000e+00,0.000000e+00,0.000000e+00,0.000000e+00,0.000000e+00,1.535554e+04,1.899361e+02,8.882286e-02,-3.527762e-03,5.521324e-01,9.097793e-04,0.000000e+00,0.000000e+00,0.000000e+00,0.000000e+00,0.000000e+00,0.000000e+00,0.000000e+00,0.000000e+00,0.000000e+00,0.000000e+00,0.000000e+00,0.000000e+00,0.000000e+00,0.000000e+00,0.000000e+00,0.000000e+00,0.000000e+00,0.000000e+00,0.000000e+00,0.000000e+00,0.000000e+00,0.000000e+00,0.000000e+00,0.000000e+00,0.000000e+00,0.000000e+00,0.000000e+00,0.000000e+00,0.000000e+00,0.000000e+00,-1.501590e+06,2.973821e+03,-5.979412e+05,-1.086968e-02,-2.213896e-03,-8.421816e+00,6.102906e-02,1.980145e-03,-5.757255e-01,2.565991e-04,-3.329252e-02,1.506715e+01,-5.858891e-02,-8.476316e-03,-3.931702e-04,-2.668152e-04,-8.640286e-04,-7.713151e+00,-1.750378e+01,-1.699661e+00,6.432178e+02,-9.191373e+04,-2.942978e+03,1.613648e+06,-4.181108e-02,9.062407e-01,1.761605e-02,9.822881e+00,2.992466e+03,7.514242e+01
3.840484e-03,1.530726e+04,9.846166e+02,4.768609e-02,-8.931802e-03,2.930553e+00,5.733876e-03,9.257400e-07,3.442836e+00,0.000000e+00,0.000000e+00,3.377445e+02,0.000000e+00,0.000000e+00,0.000000e+00,0.000000e+00,0.000000e+00,0.000000e+00,0.000000e+00,0.000000e+00,0.000000e+00,0.000000e+00,1.530726e+04,1.978564e+02,9.178191e-02,-3.450212e-03,5.596350e-01,9.097793e-04,0.000000e+00,0.000000e+00,0.000000e+00,0.000000e+00,0.000000e+00,0.000000e+00,0.000000e+00,0.000000e+00,0.000000e+00,0.000000e+00,0.000000e+00,0.000000e+00,0.000000e+00,0.000000e+00,0.000000e+00,0.000000e+00,0.000000e+00,0.000000e+00,0.000000e+00,0.000000e+00,0.000000e+00,0.000000e+00,0.000000e+00,0.000000e+00,0.000000e+00,0.000000e+00,0.000000e+00,0.000000e+00,0.000000e+00,0.000000e+00,-1.438580e+06,3.773381e+03,-5.902514e+05,-1.091470e-02,-2.213815e-03,-8.456343e+00,6.167557e-02,1.985064e-03,-5.792722e-01,2.574699e-04,-3.353897e-02,1.513250e+01,-5.912916e-02,-8.500386e-03,-3.956856e-04,-4.498580e-04,-8.815483e-04,-7.706511e+00,-1.833797e+01,-1.740011e+00,6.593698e+02,-7.226884e+04,-3.742817e+03,1.553283e+06,-4.195247e-02,9.335221e-01,1.832463e-02,-3.014067e+00,2.356912e+03,6.428534e+01
3.850667e-03,1.525900e+04,1.030337e+03,4.822851e-02,-9.018069e-03,2.993784e+00,5.733876e-03,9.257400e-07,3.596092e+00,0.000000e+00,0.000000e+00,3.401702e+02,0.000000e+00,0.000000e+00,0.000000e+00,0.000000e+00,0.000000e+00,0.000000e+00,0.000000e+00,0.000000e+00,0.000000e+00,0.000000e+00,1.525900e+04,2.061175e+02,9.414674e-02,-3.378549e-03,5.671008e-01,9.097797e-04,0.000000e+00,0.000000e+00,0.000000e+00,0.000000e+00,0.000000e+00,0.000000e+00,0.000000e+00,0.000000e+00,0.000000e+00,0.000000e+00,0.000000e+00,0.000000e+00,0.000000e+00,0.000000e+00,0.000000e+00,0.000000e+00,0.000000e+00,0.000000e+00,0.000000e+00,0.000000e+00,0.000000e+00,0.000000e+00,0.000000e+00,0.000000e+00,0.000000e+00,0.000000e+00,0.000000e+00,0.000000e+00,0.000000e+00,0.000000e+00,-1.382072e+06,5.654520e+03,-5.823439e+05,-1.096154e-02,-2.215148e-03,-8.489039e+00,6.211081e-02,1.987103e-03,-5.826036e-01,2.583236e-04,-3.377858e-02,1.519564e+01,-5.961838e-02,-8.514612e-03,-3.982302e-04,-6.403386e-04,-8.994745e-04,-7.699709e+00,-1.898270e+01,-1.781200e+00,6.749270e+02,-5.556620e+04,-5.624510e+03,1.498720e+06,-4.205032e-02,9.544082e-01,1.889729e-02,-5.955700e+01,1.756899e+03,4.569189e+01
3.860850e-03,1.521082e+04,1.075793e+03,4.874167e-02,-9.116395e-03,3.054891e+00,5.733876e-03,9.257400e-07,3.702264e+00,0.000000e+00,0.000000e+00,3.428147e+02,0.000000e+00,0.000000e+00,0.000000e+00,0.000000e+00,0.000000e+00,0.000000e+00,0.000000e+00,0.000000e+00,0.000000e+00,0.000000e+00,1.521082e+04,2.145607e+02,9.599628e-02,-3.297694e-03,5.743294e-01,9.097792e-04,0.000000e+00,0.000000e+00,0.000000e+00,0.000000e+00,0.000000e+00,0.000000e+00,0.000000e+00,0.000000e+00,0.000000e+00,0.000000e+00,0.000000e+00,0.000000e+00,0.000000e+00,0.000000e+00,0.000000e+00,0.000000e+00,0.000000e+00,0.000000e+00,0.000000e+00,0.000000e+00,0.000000e+00,0.000000e+00,0.000000e+00,0.000000e+00,0.000000e+00,0.000000e+00,0.000000e+00,0.000000e+00,0.000000e+00,0.000000e+00,-1.334594e+06,7.007742e+03,-5.809769e+05,-1.099672e-02,-2.221401e-03,-8.520110e+00,6.230297e-02,2.022731e-03,-5.857388e-01,2.590973e-04,-3.401094e-02,1.525665e+01,-6.007087e-02,-8.520315e-03,-4.007369e-04,-8.363940e-04,-9.178982e-04,-7.692753e+00,-1.944817e+01,-1.833129e+00,6.899786e+02,-3.674635e+04,-6.978091e+03,1.455104e+06,-4.258705e-02,9.687307e-01,1.923597e-02,-1.205063e+02,1.059664e+03,1.491339e+01
3.870107e-03,1.516762e+04,1.116757e+03,4.918005e-02,-9.201310e-03,3.108676e+00,5.733876e-03,9.257400e-07,3.760405e+00,0.000000e+00,0.000000e+00,3.450104e+02,0.000000e+00,0.000000e+00,0.000000e+00,0.000000e+00,0.000000e+00,0.000000e+00,0.000000e+00,0.000000e+00,0.000000e+00,0.000000e+00,1.516762e+04,2.222000e+02,9.726437e-02,-3.192325e-03,5.805702e-01,9.097792e-04,0.000000e+00,0.000000e+00,0.000000e+00,0.000000e+00,0.000000e+00,0.000000e+00,0.000000e+00,0.000000e+00,0.000000e+00,0.000000e+00,0.000000e+00,0.000000e+00,0.000000e+00,0.000000e+00,0.000000e+00,0.000000e+00,0.000000e+00,0.000000e+00,0.000000e+00,0.000000e+00,0.000000e+00,0.000000e+00,0.000000e+00,0.000000e+00,0.000000e+00,0.000000e+00,0.000000e+00,0.000000e+00,0.000000e+00,0.000000e+00,-1.291648e+06,6.188389e+03,-5.761256e+05,-1.102969e-02,-2.233747e-03,-8.547002e+00,6.231941e-02,2.103778e-03,-5.884248e-01,2.596868e-04,-3.421574e-02,1.531036e+01,-6.045902e-02,-8.516887e-03,-4.029293e-04,-1.017982e-03,-9.351978e-04,-7.686297e+00,-1.972935e+01,-1.893882e+00,7.032779e+02,-2.300118e+04,-6.158490e+03,1.414124e+06,-4.369823e-02,9.764942e-01,1.930251e-02,-1.289248e+02,5.930589e+02,-9.939580e-01
3.880291e-03,1.512052e+04,1.161256e+03,4.959624e-02,-9.286486e-03,3.166070e+00,5.733876e-03,9.257400e-07,3.790941e+00,0.000000e+00,0.000000e+00,3.476102e+02,0.000000e+00,0.000000e+00,0.000000e+00,0.000000e+00,0.000000e+00,0.000000e+00,0.000000e+00,0.000000e+00,0.000000e+00,0.000000e+00,1.512052e+04,2.303784e+02,9.819966e-02,-3.096375e-03,5.871226e-01,9.097793e-04,0.000000e+00,0.000000e+00,0.000000e+00,0.000000e+00,0.000000e+00,0.000000e+00,0.000000e+00,0.000000e+00,0.000000e+00,0.000000e+00,0.000000e+00,0.000000e+00,0.000000e+00,0.000000e+00,0.000000e+00,0.000000e+00,0.000000e+00,0.000000e+00,0.000000e+00,0.000000e+00,0.000000e+00,0.000000e+00,0.000000e+00,0.000000e+00,0.000000e+00,0.000000e+00,0.000000e+00,0.000000e+00,0.000000e+00,0.000000e+00,-1.250542e+06,5.365185e+03,-5.735531e+05,-1.109243e-02,-2.247195e-03,-8.575154e+00,6.224687e-02,2.195020e-03,-5.911914e-01,2.603195e-04,-3.443411e-02,1.536768e+01,-6.083061e-02,-8.507514e-03,-4.053390e-04,-1.219952e-03,-9.548370e-04,-7.679056e+00,-1.989935e+01,-1.954506e+00,7.175104e+02,-7.967273e+03,-5.335590e+03,1.375775e+06,-4.512811e-02,9.805949e-01,1.916893e-02,-1.466470e+02,1.677898e+02,-2.443044e+01
3.890474e-03,1.507394e+04,1.204977e+03,4.993970e-02,-9.379122e-03,3.221892e+00,5.733876e-03,9.257400e-07,3.789377e+00,0.000000e+00,0.000000e+00,3.504976e+02,0.000000e+00,0.000000e+00,0.000000e+00,0.000000e+00,0.000000e+00,0.000000e+00,0.000000e+00,0.000000e+00,0.000000e+00,0.000000e+00,1.507394e+04,2.381229e+02,9.857034e-02,-3.049836e-03,5.935218e-01,9.097794e-04,0.000000e+00,0.000000e+00,0.000000e+00,0.000000e+00,0.000000e+00,0.000000e+00,0.000000e+00,0.000000e+00,0.000000e+00,0.000000e+00,0.000000e+00,0.000000e+00,0.000000e+00,0.000000e+00,0.000000e+00,0.000000e+00,0.000000e+00,0.000000e+00,0.000000e+00,0.000000e+00,0.000000e+00,0.000000e+00,0.000000e+00,0.000000e+00,0.000000e+00,0.000000e+00,0.000000e+00,0.000000e+00,0.000000e+00,0.000000e+00,-1.207974e+06,6.726223e+03,-5.767876e+05,-1.116965e-02,-2.249698e-03,-8.601859e+00,6.204570e-02,2.277364e-03,-5.937654e-01,2.609024e-04,-3.464576e-02,1.542343e+01,-6.113936e-02,-8.490062e-03,-4.077695e-04,-1.422801e-03,-9.750162e-04,-7.671672e+00,-1.990687e+01,-2.003007e+00,7.313594e+02,1.294883e+04,-6.696867e+03,1.338551e+06,-4.666455e-02,9.805549e-01,1.888110e-02,-2.228237e+02,-3.331329e+02,-4.430759e+01
3.900863e-03,1.502750e+04,1.248597e+03,5.022796e-02,-9.485818e-03,3.277389e+00,5.733876e-03,9.551708e-07,3.756392e+00,0.000000e+00,0.000000e+00,3.533916e+02,0.000000e+00,0.000000e+00,0.000000e+00,0.000000e+00,0.000000e+00,0.000000e+00,0.000000e+00,0.000000e+00,0.000000e+00,0.000000e+00,1.502750e+04,2.453619e+02,9.827679e-02,-3.053729e-03,5.999569e-01,9.097793e-04,0.000000e+00,0.000000e+00,0.000000e+00,0.000000e+00,0.000000e+00,0.000000e+00,0.000000e+00,0.000000e+00,0.000000e+00,0.000000e+00,0.000000e+00,0.000000e+00,0.000000e+00,0.000000e+00,0.000000e+00,0.000000e+00,0.000000e+00,0.000000e+00,0.000000e+00,0.000000e+00,0.000000e+00,0.000000e+00,0.000000e+00,0.000000e+00,0.000000e+00,0.000000e+00,0.000000e+00,0.000000e+00,0.000000e+00,0.000000e+00,-1.173174e+06,6.584933e+03,-5.751814e+05,-1.123184e-02,-2.253914e-03,-8.627622e+00,6.164902e-02,2.367153e-03,-5.962030e-01,2.614721e-04,-3.485496e-02,1.547879e+01,-6.139876e-02,-8.459303e-03,-4.102078e-04,-1.628696e-03,-9.960284e-04,-7.663996e+00,-1.971591e+01,-2.044829e+00,7.450980e+02,2.619598e+04,-6.555462e+03,1.306324e+06,-4.841632e-02,9.762846e-01,1.846377e-02,-2.499749e+02,-5.261579e+02,-4.940725e+01
3.910472e-03,1.498580e+04,1.287999e+03,5.039893e-02,-9.584575e-03,3.327348e+00,5.733876e-03,9.850741e-07,3.711543e+00,0.000000e+00,0.000000e+00,3.557706e+02,0.000000e+00,0.000000e+00,0.000000e+00,0.000000e+00,0.000000e+00,0.000000e+00,0.000000e+00,0.000000e+00,0.000000e+00,0.000000e+00,1.498580e+04,2.513663e+02,9.746827e-02,-3.085570e-03,6.056516e-01,9.097791e-04,0.000000e+00,0.000000e+00,0.000000e+00,0.000000e+00,0.000000e+00,0.000000e+00,0.000000e+00,0.000000e+00,0.000000e+00,0.000000e+00,0.000000e+00,0.000000e+00,0.000000e+00,0.000000e+00,0.000000e+00,0.000000e+00,0.000000e+00,0.000000e+00,0.000000e+00,0.000000e+00,0.000000e+00,0.000000e+00,0.000000e+00,0.000000e+00,0.000000e+00,0.000000e+00,0.000000e+00,0.000000e+00,0.000000e+00,0.000000e+00,-1.144603e+06,7.728947e+03,-5.760727e+05,-1.127270e-02,-2.258991e-03,-8.650225e+00,6.117823e-02,2.437550e-03,-5.982952e-01,2.619595e-04,-3.504260e-02,1.552860e+01,-6.158528e-02,-8.423576e-03,-4.124281e-04,-1.816555e-03,-1.015831e-03,-7.656771e+00,-1.940453e+01,-2.075482e+00,7.575001e+02,3.907668e+04,-7.699546e+03,1.280800e+06,-4.994910e-02,9.704321e-01,1.804352e-02,-2.789129e+02,-6.736204e+02,-5.107328e+01
3.920321e-03,1.494466e+04,1.327234e+03,5.047765e-02,-9.683959e-03,3.377123e+00,5.733876e-03,9.845917e-07,3.654457e+00,0.000000e+00,0.000000e+00,3.577904e+02,0.000000e+00,0.000000e+00,0.000000e+00,0.000000e+00,0.000000e+00,0.000000e+00,0.000000e+00,0.000000e+00,0.000000e+00,0.000000e+00,1.494466e+04,2.565888e+02,9.610284e-02,-3.075832e-03,6.110452e-01,9.097795e-04,0.000000e+00,0.000000e+00,0.000000e+00,0.000000e+00,0.000000e+00,0.000000e+00,0.000000e+00,0.000000e+00,0.000000e+00,0.000000e+00,0.000000e+00,0.000000e+00,0.000000e+00,0.000000e+00,0.000000e+00,0.000000e+00,0.000000e+00,0.000000e+00,0.000000e+00,0.000000e+00,0.000000e+00,0.000000e+00,0.000000e+00,0.000000e+00,0.000000e+00,0.000000e+00,0.000000e+00,0.000000e+00,0.000000e+00,0.000000e+00,-1.113981e+06,7.072108e+03,-5.749962e+05,-1.130661e-02,-2.271628e-03,-8.672272e+00,6.054788e-02,2.536718e-03,-6.003128e-01,2.624180e-04,-3.522864e-02,1.557831e+01,-6.172009e-02,-8.386167e-03,-4.148129e-04,-2.005254e-03,-1.036570e-03,-7.649242e+00,-1.895164e+01,-2.119235e+00,7.699654e+02,5.103698e+04,-7.041923e+03,1.252585e+06,-5.180141e-02,9.628872e-01,1.758571e-02,-2.431507e+02,-7.912668e+02,-5.845513e+01
3.930165e-03,1.490523e+04,1.365190e+03,5.051088e-02,-9.782446e-03,3.425545e+00,5.733876e-03,9.841618e-07,3.586274e+00,0.000000e+00,0.000000e+00,3.593745e+02,0.000000e+00,0.000000e+00,0.000000e+00,0.000000e+00,0.000000e+00,0.000000e+00,0.000000e+00,0.000000e+00,0.000000e+00,0.000000e+00,1.490523e+04,2.606886e+02,9.428868e-02,-3.030787e-03,6.159750e-01,9.097793e-04,0.000000e+00,0.000000e+00,0.000000e+00,0.000000e+00,0.000000e+00,0.000000e+00,0.000000e+00,0.000000e+00,0.000000e+00,0.000000e+00,0.000000e+00,0.000000e+00,0.000000e+00,0.000000e+00,0.000000e+00,0.000000e+00,0.000000e+00,0.000000e+00,0.000000e+00,0.000000e+00,0.000000e+00,0.000000e+00,0.000000e+00,0.000000e+00,0.000000e+00,0.000000e+00,0.000000e+00,0.000000e+00,0.000000e+00,0.000000e+00,-1.082640e+06,3.285938e+03,-5.780571e+05,-1.131356e-02,-2.285160e-03,-8.693266e+00,5.972577e-02,2.655264e-03,-6.022212e-01,2.628568e-04,-3.540743e-02,1.562667e+01,-6.181394e-02,-8.346430e-03,-4.173348e-04,-2.188785e-03,-1.057784e-03,-7.641597e+00,-1.837465e+01,-2.175420e+00,7.821813e+02,6.705461e+04,-3.256123e+03,1.225465e+06,-5.384864e-02,9.538637e-01,1.704059e-02,-1.364969e+02,-1.056092e+03,-5.598831e+01
3.940004e-03,1.486749e+04,1.401912e+03,5.049194e-02,-9.876546e-03,3.472795e+00,5.733876e-03,9.837737e-07,3.507089e+00,0.000000e+00,0.000000e+00,3.605171e+02,0.000000e+00,0.000000e+00,0.000000e+00,0.000000e+00,0.000000e+00,0.000000e+00,0.000000e+00,0.000000e+00,0.000000e+00,0.000000e+00,1.486749e+04,2.638472e+02,9.205020e-02,-2.976122e-03,6.207604e-01,9.097792e-04,0.000000e+00,0.000000e+00,0.000000e+00,0.000000e+00,0.000000e+00,0.000000e+00,0.000000e+00,0.000000e+00,0.000000e+00,0.000000e+00,0.000000e+00,0.000000e+00,0.000000e+00,0.000000e+00,0.000000e+00,0.000000e+00,0.000000e+00,0.000000e+00,0.000000e+00,0.000000e+00,0.000000e+00,0.000000e+00,0.000000e+00,0.000000e+00,0.000000e+00,0.000000e+00,0.000000e+00,0.000000e+00,0.000000e+00,0.000000e+00,-1.053906e+06,7.111638e+03,-5.690419e+05,-1.132117e-02,-2.299437e-03,-8.713186e+00,5.878517e-02,2.797043e-03,-6.040347e-01,2.632915e-04,-3.557951e-02,1.567387e+01,-6.187735e-02,-8.304536e-03,-4.197344e-04,-2.365924e-03,-1.079467e-03,-7.633835e+00,-1.768358e+01,-2.233326e+00,7.941161e+02,7.102145e+04,-7.081767e+03,1.195610e+06,-5.582278e-02,9.431468e-01,1.634114e-02,-2.278626e+02,-1.078563e+03,-8.958304e+01
3.950824e-03,1.482725e+04,1.441004e+03,5.038707e-02,-9.974967e-03,3.523449e+00,5.733876e-03,9.833394e-07,3.405500e+00,0.000000e+00,0.000000e+00,3.618396e+02,0.000000e+00,0.000000e+00,0.000000e+00,0.000000e+00,0.000000e+00,0.000000e+00,0.000000e+00,0.000000e+00,0.000000e+00,0.000000e+00,1.482725e+04,2.666143e+02,8.925550e-02,-2.870575e-03,6.261706e-01,9.097792e-04,0.000000e+00,0.000000e+00,0.000000e+00,0.000000e+00,0.000000e+00,0.000000e+00,0.000000e+00,0.000000e+00,0.000000e+00,0.000000e+00,0.000000e+00,0.000000e+00,0.000000e+00,0.000000e+00,0.000000e+00,0.000000e+00,0.000000e+00,0.000000e+00,0.000000e+00,0.000000e+00,0.000000e+00,0.000000e+00,0.000000e+00,0.000000e+00,0.000000e+00,0.000000e+00,0.000000e+00,0.000000e+00,0.000000e+00,0.000000e+00,-1.011863e+06,7.906912e+03,-5.609899e+05,-1.131154e-02,-2.309277e-03,-8.733732e+00,5.764539e-02,2.960240e-03,-6.058772e-01,2.637964e-04,-3.576175e-02,1.572447e+01,-6.189411e-02,-8.256672e-03,-4.220688e-04,-2.552413e-03,-1.104049e-03,-7.625168e+00,-1.684279e+01,-2.308433e+00,8.068394e+02,8.147986e+04,-7.877171e+03,1.154096e+06,-5.811967e-02,9.293750e-01,1.543105e-02,-2.313232e+02,-1.408169e+03,-8.530473e+01
3.960852e-03,1.479142e+04,1.476026e+03,5.026266e-02,-1.006800e-02,3.569197e+00,5.733876e-03,1.032324e-06,3.290565e+00,0.000000e+00,0.000000e+00,3.628083e+02,0.000000e+00,0.000000e+00,0.000000e+00,0.000000e+00,0.000000e+00,0.000000e+00,0.000000e+00,0.000000e+00,0.000000e+00,0.000000e+00,1.479142e+04,2.686390e+02,8.641706e-02,-2.750372e-03,6.314149e-01,9.097792e-04,0.000000e+00,0.000000e+00,0.000000e+00,0.000000e+00,0.000000e+00,0.000000e+00,0.000000e+00,0.000000e+00,0.000000e+00,0.000000e+00,0.000000e+00,0.000000e+00,0.000000e+00,0.000000e+00,0.000000e+00,0.000000e+00,0.000000e+00,0.000000e+00,0.000000e+00,0.000000e+00,0.000000e+00,0.000000e+00,0.000000e+00,0.000000e+00,0.000000e+00,0.000000e+00,0.000000e+00,0.000000e+00,0.000000e+00,0.000000e+00,-9.740428e+05,8.712324e+03,-5.521101e+05,-1.128148e-02,-2.321678e-03,-8.751529e+00,5.649239e-02,3.119176e-03,-6.074368e-01,2.642335e-04,-3.592434e-02,1.577004e+01,-6.187857e-02,-8.212239e-03,-4.240358e-04,-2.716681e-03,-1.127565e-03,-7.617014e+00,-1.598540e+01,-2.383456e+00,8.182146e+02,8.940298e+04,-8.682724e+03,1.116061e+06,-6.027079e-02,9.135792e-01,1.461369e-02,-2.487706e+02,-1.743047e+03,-7.284800e+01
3.970142e-03,1.475983e+04,1.507476e+03,5.014638e-02,-1.016278e-02,3.610434e+00,5.733876e-03,1.032210e-06,3.164515e+00,0.000000e+00,0.000000e+00,3.631411e+02,0.000000e+00,0.000000e+00,0.000000e+00,0.000000e+00,0.000000e+00,0.000000e+00,0.000000e+00,0.000000e+00,0.000000e+00,0.000000e+00,1.475983e+04,2.700972e+02,8.362089e-02,-2.609677e-03,6.363293e-01,9.097792e-04,0.000000e+00,0.000000e+00,0.000000e+00,0.000000e+00,0.000000e+00,0.000000e+00,0.000000e+00,0.000000e+00,0.000000e+00,0.000000e+00,0.000000e+00,0.000000e+00,0.000000e+00,0.000000e+00,0.000000e+00,0.000000e+00,0.000000e+00,0.000000e+00,0.000000e+00,0.000000e+00,0.000000e+00,0.000000e+00,0.000000e+00,0.000000e+00,0.000000e+00,0.000000e+00,0.000000e+00,0.000000e+00,0.000000e+00,0.000000e+00,-9.412939e+05,6.261964e+03,-5.445132e+05,-1.124014e-02,-2.334307e-03,-8.767091e+00,5.536647e-02,3.298864e-03,-6.087814e-01,2.646107e-04,-3.606968e-02,1.581122e+01,-6.184783e-02,-8.164982e-03,-4.258034e-04,-2.860769e-03,-1.150133e-03,-7.609359e+00,-1.512096e+01,-2.467190e+00,8.284558e+02,9.634703e+04,-6.232718e+03,1.083165e+06,-6.262346e-02,8.958672e-01,1.392422e-02,-1.708441e+02,-2.080185e+03,-6.639436e+01
3.980464e-03,1.472571e+04,1.541436e+03,4.998434e-02,-1.026214e-02,3.654933e+00,5.733876e-03,1.032120e-06,3.004930e+00,0.000000e+00,0.000000e+00,3.635243e+02,0.000000e+00,0.000000e+00,0.000000e+00,0.000000e+00,0.000000e+00,0.000000e+00,0.000000e+00,0.000000e+00,0.000000e+00,0.000000e+00,1.472571e+04,2.713893e+02,8.034967e-02,-2.497252e-03,6.417760e-01,9.097793e-04,0.000000e+00,0.000000e+00,0.000000e+00,0.000000e+00,0.000000e+00,0.000000e+00,0.000000e+00,0.000000e+00,0.000000e+00,0.000000e+00,0.000000e+00,0.000000e+00,0.000000e+00,0.000000e+00,0.000000e+00,0.000000e+00,0.000000e+00,0.000000e+00,0.000000e+00,0.000000e+00,0.000000e+00,0.000000e+00,0.000000e+00,0.000000e+00,0.000000e+00,0.000000e+00,0.000000e+00,0.000000e+00,0.000000e+00,0.000000e+00,-9.084565e+05,9.155185e+03,-5.330294e+05,-1.119462e-02,-2.340559e-03,-8.783362e+00,5.415106e-02,3.461717e-03,-6.101680e-01,2.649995e-04,-3.622556e-02,1.585565e+01,-6.179305e-02,-8.112231e-03,-4.276473e-04,-3.011119e-03,-1.176017e-03,-7.600745e+00,-1.410384e+01,-2.542165e+00,8.394781e+02,9.980595e+04,-9.126058e+03,1.048548e+06,-6.467538e-02,8.729032e-01,1.320278e-02,-2.531373e+02,-2.380892e+03,-8.192474e+01
3.990969e-03,1.469161e+04,1.575078e+03,4.983356e-02,-1.036238e-02,3.698903e+00,5.733876e-03,1.055285e-06,2.824809e+00,0.000000e+00,0.000000e+00,3.642226e+02,0.000000e+00,0.000000e+00,0.000000e+00,0.000000e+00,0.000000e+00,0.000000e+00,0.000000e+00,0.000000e+00,0.000000e+00,0.000000e+00,1.469161e+04,2.724287e+02,7.697703e-02,-2.405331e-03,6.472753e-01,9.097792e-04,0.000000e+00,0.000000e+00,0.000000e+00,0.000000e+00,0.000000e+00,0.000000e+00,0.000000e+00,0.000000e+00,0.000000e+00,0.000000e+00,0.000000e+00,0.000000e+00,0.000000e+00,0.000000e+00,0.000000e+00,0.000000e+00,0.000000e+00,0.000000e+00,0.000000e+00,0.000000e+00,0.000000e+00,0.000000e+00,0.000000e+00,0.000000e+00,0.000000e+00,0.000000e+00,0.000000e+00,0.000000e+00,0.000000e+00,0.000000e+00,-8.789592e+05,6.278114e+03,-5.245484e+05,-1.114976e-02,-2.351447e-03,-8.798948e+00,5.297644e-02,3.605043e-03,-6.114876e-01,2.653857e-04,-3.637847e-02,1.589951e+01,-6.172803e-02,-8.059406e-03,-4.293428e-04,-3.153102e-03,-1.203144e-03,-7.591864e+00,-1.303231e+01,-2.611020e+00,8.503361e+02,1.045751e+05,-6.248692e+03,1.018226e+06,-6.669208e-02,8.462805e-01,1.235723e-02,-1.967520e+02,-2.722262e+03,-8.300112e+01
4.000468e-03,1.466157e+04,1.604783e+03,4.972500e-02,-1.046382e-02,3.737514e+00,5.733876e-03,1.055665e-06,2.645218e+00,0.000000e+00,0.000000e+00,3.648030e+02,0.000000e+00,0.000000e+00,0.000000e+00,0.000000e+00,0.000000e+00,0.000000e+00,0.000000e+00,0.000000e+00,0.000000e+00,0.000000e+00,1.466157e+04,2.732441e+02,7.381936e-02,-2.398409e-03,6.522154e-01,9.097795e-04,0.000000e+00,0.000000e+00,0.000000e+00,0.000000e+00,0.000000e+00,0.000000e+00,0.000000e+00,0.000000e+00,0.000000e+00,0.000000e+00,0.000000e+00,0.000000e+00,0.000000e+00,0.000000e+00,0.000000e+00,0.000000e+00,0.000000e+00,0.000000e+00,0.000000e+00,0.000000e+00,0.000000e+00,0.000000e+00,0.000000e+00,0.000000e+00,0.000000e+00,0.000000e+00,0.000000e+00,0.000000e+00,0.000000e+00,0.000000e+00,-8.476533e+05,2.784632e+03,-5.191062e+05,-1.111241e-02,-2.357292e-03,-8.812252e+00,5.189155e-02,3.690799e-03,-6.126032e-01,2.657350e-04,-3.651224e-02,1.593806e+01,-6.166232e-02,-8.005204e-03,-4.307733e-04,-3.271507e-03,-1.228153e-03,-7.583736e+00,-1.200632e+01,-2.654821e+00,8.598671e+02,1.128619e+05,-2.755537e+03,9.875474e+05,-6.821781e-02,8.188896e-01,1.156745e-02,-1.205129e+02,-3.101731e+03,-8.590206e+01
4.011027e-03,1.462889e+04,1.637067e+03,4.958104e-02,-1.058097e-02,3.779198e+00,5.733876e-03,1.056168e-06,2.430864e+00,0.000000e+00,0.000000e+00,3.654841e+02,0.000000e+00,0.000000e+00,0.000000e+00,0.000000e+00,0.000000e+00,0.000000e+00,0.000000e+00,0.000000e+00,0.000000e+00,0.000000e+00,1.462889e+04,2.741504e+02,7.011497e-02,-2.461117e-03,6.577279e-01,9.097793e-04,0.000000e+00,0.000000e+00,0.000000e+00,0.000000e+00,0.000000e+00,0.000000e+00,0.000000e+00,0.000000e+00,0.000000e+00,0.000000e+00,0.000000e+00,0.000000e+00,0.000000e+00,0.000000e+00,0.000000e+00,0.000000e+00,0.000000e+00,0.000000e+00,0.000000e+00,0.000000e+00,0.000000e+00,0.000000e+00,0.000000e+00,0.000000e+00,0.000000e+00,0.000000e+00,0.000000e+00,0.000000e+00,0.000000e+00,0.000000e+00,-8.127103e+05,3.760096e+03,-5.082019e+05,-1.107447e-02,-2.359995e-03,-8.826201e+00,5.071553e-02,3.738997e-03,-6.137599e-01,2.661402e-04,-3.665580e-02,1.597969e+01,-6.158195e-02,-7.938257e-03,-4.322818e-04,-3.391288e-03,-1.256317e-03,-7.574597e+00,-1.078844e+01,-2.679629e+00,8.701207e+02,1.177322e+05,-3.731228e+03,9.512658e+05,-6.937985e-02,7.848636e-01,1.070478e-02,-1.415137e+02,-3.347285e+03,-8.101411e+01
4.020534e-03,1.460013e+04,1.665575e+03,4.938199e-02,-1.067451e-02,3.815794e+00,5.733876e-03,1.056604e-06,2.221601e+00,0.000000e+00,0.000000e+00,3.660153e+02,0.000000e+00,0.000000e+00,0.000000e+00,0.000000e+00,0.000000e+00,0.000000e+00,0.000000e+00,0.000000e+00,0.000000e+00,0.000000e+00,1.460013e+04,2.750970e+02,6.638708e-02,-2.494805e-03,6.628978e-01,9.097792e-04,0.000000e+00,0.000000e+00,0.000000e+00,0.000000e+00,0.000000e+00,0.000000e+00,0.000000e+00,0.000000e+00,0.000000e+00,0.000000e+00,0.000000e+00,0.000000e+00,0.000000e+00,0.000000e+00,0.000000e+00,0.000000e+00,0.000000e+00,0.000000e+00,0.000000e+00,0.000000e+00,0.000000e+00,0.000000e+00,0.000000e+00,0.000000e+00,0.000000e+00,0.000000e+00,0.000000e+00,0.000000e+00,0.000000e+00,0.000000e+00,-7.784628e+05,2.818034e+03,-5.113232e+05,-1.103404e-02,-2.363350e-03,-8.838114e+00,4.958069e-02,3.782129e-03,-6.147300e-01,2.664950e-04,-3.678172e-02,1.601624e+01,-6.146455e-02,-7.886274e-03,-4.335015e-04,-3.487576e-03,-1.281924e-03,-7.566277e+00,-9.576557e+00,-2.704797e+00,8.790455e+02,1.350230e+05,-2.789434e+03,9.215338e+05,-7.033881e-02,7.502988e-01,1.000345e-02,-9.339149e+01,-3.852660e+03,-6.320267e+01
4.030045e-03,1.457210e+04,1.693629e+03,4.912488e-02,-1.075841e-02,3.851522e+00,5.733876e-03,1.057024e-06,1.998591e+00,0.000000e+00,0.000000e+00,3.662807e+02,0.000000e+00,0.000000e+00,0.000000e+00,0.000000e+00,0.000000e+00,0.000000e+00,0.000000e+00,0.000000e+00,0.000000e+00,0.000000e+00,1.457210e+04,2.762682e+02,6.214944e-02,-2.508851e-03,6.682831e-01,9.097796e-04,0.000000e+00,0.000000e+00,0.000000e+00,0.000000e+00,0.000000e+00,0.000000e+00,0.000000e+00,0.000000e+00,0.000000e+00,0.000000e+00,0.000000e+00,0.000000e+00,0.000000e+00,0.000000e+00,0.000000e+00,0.000000e+00,0.000000e+00,0.000000e+00,0.000000e+00,0.000000e+00,0.000000e+00,0.000000e+00,0.000000e+00,0.000000e+00,0.000000e+00,0.000000e+00,0.000000e+00,0.000000e+00,0.000000e+00,0.000000e+00,-7.425042e+05,1.400282e+03,-5.159885e+05,-1.098658e-02,-2.363988e-03,-8.849471e+00,4.835917e-02,3.817321e-03,-6.156468e-01,2.668074e-04,-3.690473e-02,1.605191e+01,-6.132809e-02,-7.839385e-03,-4.346538e-04,-3.571552e-03,-1.307773e-03,-7.557870e+00,-8.212674e+00,-2.730483e+00,8.876819e+02,1.544344e+05,-1.371724e+03,8.909022e+05,-7.106380e-02,7.115812e-01,9.426152e-03,-3.296717e+01,-4.338612e+03,-5.050367e+01
4.040625e-03,1.454156e+04,1.724375e+03,4.873605e-02,-1.084046e-02,3.890192e+00,5.733876e-03,1.059945e-06,1.741980e+00,0.000000e+00,0.000000e+00,3.664112e+02,0.000000e+00,0.000000e+00,0.000000e+00,0.000000e+00,0.000000e+00,0.000000e+00,0.000000e+00,0.000000e+00,0.000000e+00,0.000000e+00,1.454156e+04,2.780040e+02,5.672839e-02,-2.527682e-03,6.745450e-01,9.097796e-04,0.000000e+00,0.000000e+00,0.000000e+00,0.000000e+00,0.000000e+00,0.000000e+00,0.000000e+00,0.000000e+00,0.000000e+00,0.000000e+00,0.000000e+00,0.000000e+00,0.000000e+00,0.000000e+00,0.000000e+00,0.000000e+00,0.000000e+00,0.000000e+00,0.000000e+00,0.000000e+00,0.000000e+00,0.000000e+00,0.000000e+00,0.000000e+00,0.000000e+00,0.000000e+00,0.000000e+00,0.000000e+00,0.000000e+00,0.000000e+00,-7.036532e+05,3.295668e+03,-5.146574e+05,-1.093033e-02,-2.368507e-03,-8.861417e+00,4.693771e-02,3.858490e-03,-6.166010e-01,2.671180e-04,-3.703722e-02,1.609052e+01,-6.116011e-02,-7.794144e-03,-4.361734e-04,-3.648602e-03,-1.336783e-03,-7.548425e+00,-6.498871e+00,-2.754672e+00,8.969265e+02,1.696291e+05,-3.267602e+03,8.551177e+05,-7.165867e-02,6.640698e-01,8.935151e-03,-8.628359e+01,-4.621792e+03,-4.556424e+01
4.050164e-03,1.451429e+04,1.751720e+03,4.832375e-02,-1.089863e-02,3.924193e+00,5.733876e-03,1.059936e-06,1.514047e+00,0.000000e+00,0.000000e+00,3.666351e+02,0.000000e+00,0.000000e+00,0.000000e+00,0.000000e+00,0.000000e+00,0.000000e+00,0.000000e+00,0.000000e+00,0.000000e+00,0.000000e+00,1.451429e+04,2.799515e+02,5.133229e-02,-2.518518e-03,6.804441e-01,9.097795e-04,0.000000e+00,0.000000e+00,0.000000e+00,0.000000e+00,0.000000e+00,0.000000e+00,0.000000e+00,0.000000e+00,0.000000e+00,0.000000e+00,0.000000e+00,0.000000e+00,0.000000e+00,0.000000e+00,0.000000e+00,0.000000e+00,0.000000e+00,0.000000e+00,0.000000e+00,0.000000e+00,0.000000e+00,0.000000e+00,0.000000e+00,0.000000e+00,0.000000e+00,0.000000e+00,0.000000e+00,0.000000e+00,0.000000e+00,0.000000e+00,-6.721043e+05,2.265699e+03,-5.119246e+05,-1.088090e-02,-2.375741e-03,-8.871635e+00,4.569502e-02,3.898732e-03,-6.174095e-01,2.673610e-04,-3.715314e-02,1.612449e+01,-6.100008e-02,-7.763527e-03,-4.376537e-04,-3.701785e-03,-1.363207e-03,-7.539826e+00,-4.813026e+00,-2.778777e+00,9.049554e+02,1.804718e+05,-2.237799e+03,8.253612e+05,-7.233530e-02,6.187152e-01,8.588651e-03,-6.780457e+01,-4.785431e+03,-3.008977e+01
4.060763e-03,1.448437e+04,1.781769e+03,4.783420e-02,-1.095509e-02,3.960974e+00,5.733876e-03,1.059901e-06,1.270993e+00,0.000000e+00,0.000000e+00,3.668185e+02,0.000000e+00,0.000000e+00,0.000000e+00,0.000000e+00,0.000000e+00,0.000000e+00,0.000000e+00,0.000000e+00,0.000000e+00,0.000000e+00,1.448437e+04,2.826019e+02,4.490814e-02,-2.499315e-03,6.872002e-01,9.097794e-04,0.000000e+00,0.000000e+00,0.000000e+00,0.000000e+00,0.000000e+00,0.000000e+00,0.000000e+00,0.000000e+00,0.000000e+00,0.000000e+00,0.000000e+00,0.000000e+00,0.000000e+00,0.000000e+00,0.000000e+00,0.000000e+00,0.000000e+00,0.000000e+00,0.000000e+00,0.000000e+00,0.000000e+00,0.000000e+00,0.000000e+00,0.000000e+00,0.000000e+00,0.000000e+00,0.000000e+00,0.000000e+00,0.000000e+00,0.000000e+00,-6.378424e+05,5.319091e+02,-5.136299e+05,-1.082272e-02,-2.376590e-03,-8.882394e+00,4.432572e-02,3.931907e-03,-6.182464e-01,2.675815e-04,-3.727828e-02,1.616121e+01,-6.083129e-02,-7.741150e-03,-4.391275e-04,-3.741271e-03,-1.392842e-03,-7.530184e+00,-2.816772e+00,-2.805743e+00,9.135499e+02,1.964805e+05,-5.041121e+02,7.950183e+05,-7.317210e-02,5.663797e-01,8.362168e-03,-2.470167e+01,-5.086323e+03,-5.640297e+00
4.070302e-03,1.445777e+04,1.808551e+03,4.735620e-02,-1.099214e-02,3.993089e+00,5.733876e-03,1.059880e-06,1.067930e+00,0.000000e+00,0.000000e+00,3.669255e+02,0.000000e+00,0.000000e+00,0.000000e+00,0.000000e+00,0.000000e+00,0.000000e+00,0.000000e+00,0.000000e+00,0.000000e+00,0.000000e+00,1.445777e+04,2.854410e+02,3.884806e-02,-2.502744e-03,6.933146e-01,9.097793e-04,0.000000e+00,0.000000e+00,0.000000e+00,0.000000e+00,0.000000e+00,0.000000e+00,0.000000e+00,0.000000e+00,0.000000e+00,0.000000e+00,0.000000e+00,0.000000e+00,0.000000e+00,0.000000e+00,0.000000e+00,0.000000e+00,0.000000e+00,0.000000e+00,0.000000e+00,0.000000e+00,0.000000e+00,0.000000e+00,0.000000e+00,0.000000e+00,0.000000e+00,0.000000e+00,0.000000e+00,0.000000e+00,0.000000e+00,0.000000e+00,-6.078200e+05,2.983702e+03,-5.034607e+05,-1.077829e-02,-2.370576e-03,-8.891560e+00,4.316023e-02,3.919260e-03,-6.189480e-01,2.677332e-04,-3.738804e-02,1.619328e+01,-6.067154e-02,-7.741492e-03,-4.404548e-04,-3.758233e-03,-1.419646e-03,-7.521430e+00,-9.458242e-01,-2.816439e+00,9.210035e+02,1.999352e+05,-2.956271e+03,7.635077e+05,-7.355581e-02,5.184578e-01,8.419429e-03,-9.522342e+01,-5.058019e+03,1.902483e+01
4.080901e-03,1.442826e+04,1.838002e+03,4.678386e-02,-1.103716e-02,4.027620e+00,5.733876e-03,1.059876e-06,8.640367e-01,0.000000e+00,0.000000e+00,3.672573e+02,0.000000e+00,0.000000e+00,0.000000e+00,0.000000e+00,0.000000e+00,0.000000e+00,0.000000e+00,0.000000e+00,0.000000e+00,0.000000e+00,1.442826e+04,2.892009e+02,3.192009e-02,-2.525802e-03,7.001879e-01,9.097793e-04,0.000000e+00,0.000000e+00,0.000000e+00,0.000000e+00,0.000000e+00,0.000000e+00,0.000000e+00,0.000000e+00,0.000000e+00,0.000000e+00,0.000000e+00,0.000000e+00,0.000000e+00,0.000000e+00,0.000000e+00,0.000000e+00,0.000000e+00,0.000000e+00,0.000000e+00,0.000000e+00,0.000000e+00,0.000000e+00,0.000000e+00,0.000000e+00,0.000000e+00,0.000000e+00,0.000000e+00,0.000000e+00,0.000000e+00,0.000000e+00,-5.766938e+05,1.185087e+03,-4.908344e+05,-1.073644e-02,-2.365192e-03,-8.901105e+00,4.193857e-02,3.866085e-03,-6.196685e-01,2.678702e-04,-3.750661e-02,1.622775e+01,-6.049132e-02,-7.742800e-03,-4.423143e-04,-3.755929e-03,-1.449547e-03,-7.511621e+00,1.176285e+00,-2.824126e+00,9.289392e+02,2.016269e+05,-1.158374e+03,7.299594e+05,-7.384232e-02,4.653685e-01,8.848901e-03,-3.696244e+01,-4.982351e+03,6.097958e+01
4.090440e-03,1.440199e+04,1.864227e+03,4.625754e-02,-1.106698e-02,4.057666e+00,5.733876e-03,1.059873e-06,7.004421e-01,0.000000e+00,0.000000e+00,3.675436e+02,0.000000e+00,0.000000e+00,0.000000e+00,0.000000e+00,0.000000e+00,0.000000e+00,0.000000e+00,0.000000e+00,0.000000e+00,0.000000e+00,1.440199e+04,2.930981e+02,2.556626e-02,-2.532989e-03,7.063955e-01,9.097793e-04,0.000000e+00,0.000000e+00,0.000000e+00,0.000000e+00,0.000000e+00,0.000000e+00,0.000000e+00,0.000000e+00,0.000000e+00,0.000000e+00,0.000000e+00,0.000000e+00,0.000000e+00,0.000000e+00,0.000000e+00,0.000000e+00,0.000000e+00,0.000000e+00,0.000000e+00,0.000000e+00,0.000000e+00,0.000000e+00,0.000000e+00,0.000000e+00,0.000000e+00,0.000000e+00,0.000000e+00,0.000000e+00,0.000000e+00,0.000000e+00,-5.487339e+05,2.883717e+03,-4.806811e+05,-1.070017e-02,-2.362230e-03,-8.909220e+00,4.088942e-02,3.815940e-03,-6.202728e-01,2.679188e-04,-3.761017e-02,1.625774e+01,-6.035982e-02,-7.743418e-03,-4.441747e-04,-3.734456e-03,-1.476505e-03,-7.502724e+00,3.111372e+00,-2.829585e+00,9.357857e+02,2.042237e+05,-2.857402e+03,7.003257e+05,-7.395713e-02,4.179280e-01,9.472900e-03,-7.566752e+01,-4.964250e+03,6.698146e+01
4.101038e-03,1.437293e+04,1.893063e+03,4.567337e-02,-1.105156e-02,4.089923e+00,5.733876e-03,1.059889e-06,5.401304e-01,0.000000e+00,0.000000e+00,3.680196e+02,0.000000e+00,0.000000e+00,0.000000e+00,0.000000e+00,0.000000e+00,0.000000e+00,0.000000e+00,0.000000e+00,0.000000e+00,0.000000e+00,1.437293e+04,2.980801e+02,1.844249e-02,-2.451766e-03,7.133857e-01,9.097797e-04,0.000000e+00,0.000000e+00,0.000000e+00,0.000000e+00,0.000000e+00,0.000000e+00,0.000000e+00,0.000000e+00,0.000000e+00,0.000000e+00,0.000000e+00,0.000000e+00,0.000000e+00,0.000000e+00,0.000000e+00,0.000000e+00,0.000000e+00,0.000000e+00,0.000000e+00,0.000000e+00,0.000000e+00,0.000000e+00,0.000000e+00,0.000000e+00,0.000000e+00,0.000000e+00,0.000000e+00,0.000000e+00,0.000000e+00,0.000000e+00,-5.197637e+05,1.278474e+03,-4.676010e+05,-1.067168e-02,-2.362533e-03,-8.917720e+00,3.978869e-02,3.788913e-03,-6.208904e-01,2.678794e-04,-3.772187e-02,1.628994e+01,-6.024541e-02,-7.776639e-03,-4.461968e-04,-3.688841e-03,-1.506620e-03,-7.492764e+00,5.278795e+00,-2.850140e+00,9.430517e+02,2.045937e+05,-1.252917e+03,6.685406e+05,-7.442903e-02,3.654086e-01,1.020978e-02,-2.137693e+01,-4.956524e+03,7.595454e+01
4.110578e-03,1.434718e+04,1.918667e+03,4.512627e-02,-1.100273e-02,4.117950e+00,5.733876e-03,1.059899e-06,4.139583e-01,0.000000e+00,0.000000e+00,3.683763e+02,0.000000e+00,0.000000e+00,0.000000e+00,0.000000e+00,0.000000e+00,0.000000e+00,0.000000e+00,0.000000e+00,0.000000e+00,0.000000e+00,1.434718e+04,3.030240e+02,1.201408e-02,-2.341617e-03,7.196927e-01,9.097792e-04,0.000000e+00,0.000000e+00,0.000000e+00,0.000000e+00,0.000000e+00,0.000000e+00,0.000000e+00,0.000000e+00,0.000000e+00,0.000000e+00,0.000000e+00,0.000000e+00,0.000000e+00,0.000000e+00,0.000000e+00,0.000000e+00,0.000000e+00,0.000000e+00,0.000000e+00,0.000000e+00,0.000000e+00,0.000000e+00,0.000000e+00,0.000000e+00,0.000000e+00,0.000000e+00,0.000000e+00,0.000000e+00,0.000000e+00,0.000000e+00,-4.942718e+05,1.834970e+03,-4.550758e+05,-1.064744e-02,-2.360012e-03,-8.924973e+00,3.887237e-02,3.757347e-03,-6.214116e-01,2.677075e-04,-3.781958e-02,1.631791e+01,-6.014023e-02,-7.834695e-03,-4.479967e-04,-3.628144e-03,-1.533884e-03,-7.483734e+00,7.228346e+00,-2.867214e+00,9.493053e+02,2.039977e+05,-1.809651e+03,6.401433e+05,-7.470675e-02,3.180081e-01,1.101009e-02,-2.108855e+01,-4.988371e+03,9.269474e+01
4.120117e-03,1.432192e+04,1.943903e+03,4.455296e-02,-1.094612e-02,4.145024e+00,5.733876e-03,1.059885e-06,3.045680e-01,0.000000e+00,0.000000e+00,3.685912e+02,0.000000e+00,0.000000e+00,0.000000e+00,0.000000e+00,0.000000e+00,0.000000e+00,0.000000e+00,0.000000e+00,0.000000e+00,0.000000e+00,1.432192e+04,3.083950e+02,5.592307e-03,-2.187874e-03,7.260193e-01,9.097792e-04,0.000000e+00,0.000000e+00,0.000000e+00,0.000000e+00,0.000000e+00,0.000000e+00,0.000000e+00,0.000000e+00,0.000000e+00,0.000000e+00,0.000000e+00,0.000000e+00,0.000000e+00,0.000000e+00,0.000000e+00,0.000000e+00,0.000000e+00,0.000000e+00,0.000000e+00,0.000000e+00,0.000000e+00,0.000000e+00,0.000000e+00,0.000000e+00,0.000000e+00,0.000000e+00,0.000000e+00,0.000000e+00,0.000000e+00,0.000000e+00,-4.691500e+05,3.358552e+03,-4.430719e+05,-1.063020e-02,-2.359684e-03,-8.931823e+00,3.801277e-02,3.742996e-03,-6.218914e-01,2.674355e-04,-3.791446e-02,1.634494e+01,-6.004117e-02,-7.905203e-03,-4.500223e-04,-3.548883e-03,-1.561346e-03,-7.474647e+00,9.173940e+00,-2.893085e+00,9.552880e+02,2.037179e+05,-3.333964e+03,6.123019e+05,-7.502493e-02,2.701699e-01,1.193903e-02,-3.372097e+01,-5.042976e+03,9.914455e+01
4.130715e-03,1.429444e+04,1.971408e+03,4.387241e-02,-1.089963e-02,4.174033e+00,5.733876e-03,1.059822e-06,2.032654e-01,0.000000e+00,0.000000e+00,3.687526e+02,0.000000e+00,0.000000e+00,0.000000e+00,0.000000e+00,0.000000e+00,0.000000e+00,0.000000e+00,0.000000e+00,0.000000e+00,0.000000e+00,1.429444e+04,3.146842e+02,-1.555261e-03,-2.022792e-03,7.330153e-01,9.097792e-04,0.000000e+00,0.000000e+00,0.000000e+00,0.000000e+00,0.000000e+00,0.000000e+00,0.000000e+00,0.000000e+00,0.000000e+00,0.000000e+00,0.000000e+00,0.000000e+00,0.000000e+00,0.000000e+00,0.000000e+00,0.000000e+00,0.000000e+00,0.000000e+00,0.000000e+00,0.000000e+00,0.000000e+00,0.000000e+00,0.000000e+00,0.000000e+00,0.000000e+00,0.000000e+00,0.000000e+00,0.000000e+00,0.000000e+00,0.000000e+00,-4.441304e+05,2.653016e+03,-4.309648e+05,-1.061257e-02,-2.358438e-03,-8.938996e+00,3.709064e-02,3.709553e-03,-6.223887e-01,2.670792e-04,-3.801632e-02,1.637390e+01,-5.992723e-02,-7.971076e-03,-4.524319e-04,-3.439092e-03,-1.592177e-03,-7.464485e+00,1.132921e+01,-2.922883e+00,9.616454e+02,2.032999e+05,-2.628697e+03,5.845098e+05,-7.504426e-02,2.166047e-01,1.293421e-02,1.836945e+01,-5.077447e+03,8.116599e+01
4.140912e-03,1.426856e+04,1.997306e+03,4.318497e-02,-1.088388e-02,4.200910e+00,5.733876e-03,9.650336e-07,1.274153e-01,0.000000e+00,0.000000e+00,3.689026e+02,0.000000e+00,0.000000e+00,0.000000e+00,0.000000e+00,0.000000e+00,0.000000e+00,0.000000e+00,0.000000e+00,0.000000e+00,0.000000e+00,1.426856e+04,3.210643e+02,-8.440094e-03,-1.885287e-03,7.397789e-01,9.097797e-04,0.000000e+00,0.000000e+00,0.000000e+00,0.000000e+00,0.000000e+00,0.000000e+00,0.000000e+00,0.000000e+00,0.000000e+00,0.000000e+00,0.000000e+00,0.000000e+00,0.000000e+00,0.000000e+00,0.000000e+00,0.000000e+00,0.000000e+00,0.000000e+00,0.000000e+00,0.000000e+00,0.000000e+00,0.000000e+00,0.000000e+00,0.000000e+00,0.000000e+00,0.000000e+00,0.000000e+00,0.000000e+00,0.000000e+00,0.000000e+00,-4.207698e+05,3.089231e+03,-4.156653e+05,-1.059546e-02,-2.360082e-03,-8.945434e+00,3.624857e-02,3.698800e-03,-6.228202e-01,2.667425e-04,-3.811134e-02,1.640085e+01,-5.980542e-02,-8.012783e-03,-4.548541e-04,-3.311972e-03,-1.622132e-03,-7.454646e+00,1.339477e+01,-2.954270e+00,9.674984e+02,1.992889e+05,-3.065737e+03,5.568742e+05,-7.494779e-02,1.650619e-01,1.356733e-02,4.091858e+00,-4.965478e+03,4.118397e+01
4.150562e-03,1.424451e+04,2.021253e+03,4.252538e-02,-1.087482e-02,4.225461e+00,5.733876e-03,9.649766e-07,7.536197e-02,0.000000e+00,0.000000e+00,3.691430e+02,0.000000e+00,0.000000e+00,0.000000e+00,0.000000e+00,0.000000e+00,0.000000e+00,0.000000e+00,0.000000e+00,0.000000e+00,0.000000e+00,1.424451e+04,3.273279e+02,-1.485823e-02,-1.797300e-03,7.462164e-01,9.097795e-04,0.000000e+00,0.000000e+00,0.000000e+00,0.000000e+00,0.000000e+00,0.000000e+00,0.000000e+00,0.000000e+00,0.000000e+00,0.000000e+00,0.000000e+00,0.000000e+00,0.000000e+00,0.000000e+00,0.000000e+00,0.000000e+00,0.000000e+00,0.000000e+00,0.000000e+00,0.000000e+00,0.000000e+00,0.000000e+00,0.000000e+00,0.000000e+00,0.000000e+00,0.000000e+00,0.000000e+00,0.000000e+00,0.000000e+00,0.000000e+00,-3.973351e+05,2.651033e+03,-4.041238e+05,-1.058330e-02,-2.360854e-03,-8.951048e+00,3.553927e-02,3.667712e-03,-6.231853e-01,2.664246e-04,-3.819783e-02,1.642535e+01,-5.966683e-02,-8.050361e-03,-4.573042e-04,-3.172505e-03,-1.650704e-03,-7.445282e+00,1.530986e+01,-2.971462e+00,9.727422e+02,1.987146e+05,-2.627875e+03,5.307578e+05,-7.450271e-02,1.175994e-01,1.385980e-02,2.133305e+01,-4.894086e+03,1.921654e+01
4.160211e-03,1.422093e+04,2.044588e+03,4.187042e-02,-1.086793e-02,4.249150e+00,5.733876e-03,9.649224e-07,4.162895e-02,0.000000e+00,0.000000e+00,3.695043e+02,0.000000e+00,0.000000e+00,0.000000e+00,0.000000e+00,0.000000e+00,0.000000e+00,0.000000e+00,0.000000e+00,0.000000e+00,0.000000e+00,1.422093e+04,3.336829e+02,-2.120320e-02,-1.727275e-03,7.526124e-01,9.097793e-04,0.000000e+00,0.000000e+00,0.000000e+00,0.000000e+00,0.000000e+00,0.000000e+00,0.000000e+00,0.000000e+00,0.000000e+00,0.000000e+00,0.000000e+00,0.000000e+00,0.000000e+00,0.000000e+00,0.000000e+00,0.000000e+00,0.000000e+00,0.000000e+00,0.000000e+00,0.000000e+00,0.000000e+00,0.000000e+00,0.000000e+00,0.000000e+00,0.000000e+00,0.000000e+00,0.000000e+00,0.000000e+00,0.000000e+00,0.000000e+00,-3.768072e+05,2.422465e+03,-3.879550e+05,-1.056943e-02,-2.364295e-03,-8.956335e+00,3.493357e-02,3.638455e-03,-6.235274e-01,2.660878e-04,-3.828166e-02,1.644901e+01,-5.951138e-02,-8.082918e-03,-4.594877e-04,-3.014712e-03,-1.679410e-03,-7.435868e+00,1.719819e+01,-2.984342e+00,9.777511e+02,1.927186e+05,-2.400373e+03,5.053241e+05,-7.382149e-02,7.152629e-02,1.399137e-02,5.331630e+01,-4.643097e+03,6.635583e+00
4.170825e-03,1.419569e+04,2.069508e+03,4.124575e-02,-1.085872e-02,4.274313e+00,5.733876e-03,9.647816e-07,2.376482e-02,0.000000e+00,0.000000e+00,3.699400e+02,0.000000e+00,0.000000e+00,0.000000e+00,0.000000e+00,0.000000e+00,0.000000e+00,0.000000e+00,0.000000e+00,0.000000e+00,0.000000e+00,1.419569e+04,3.408105e+02,-2.799677e-02,-1.650455e-03,7.597516e-01,9.097793e-04,0.000000e+00,0.000000e+00,0.000000e+00,0.000000e+00,0.000000e+00,0.000000e+00,0.000000e+00,0.000000e+00,0.000000e+00,0.000000e+00,0.000000e+00,0.000000e+00,0.000000e+00,0.000000e+00,0.000000e+00,0.000000e+00,0.000000e+00,0.000000e+00,0.000000e+00,0.000000e+00,0.000000e+00,0.000000e+00,0.000000e+00,0.000000e+00,0.000000e+00,0.000000e+00,0.000000e+00,0.000000e+00,0.000000e+00,0.000000e+00,-3.517710e+05,6.794876e+02,-3.752860e+05,-1.056245e-02,-2.361493e-03,-8.961731e+00,3.439564e-02,3.585848e-03,-6.238647e-01,2.657019e-04,-3.837120e-02,1.647413e+01,-5.939583e-02,-8.108970e-03,-4.611348e-04,-2.820365e-03,-1.711116e-03,-7.425460e+00,1.923433e+01,-2.994093e+00,9.829727e+02,1.917979e+05,-6.581013e+02,4.772798e+05,-7.259063e-02,2.323136e-02,1.405259e-02,1.418780e+02,-4.456156e+03,2.972202e+00
4.180435e-03,1.417357e+04,2.091327e+03,4.078944e-02,-1.084795e-02,4.296293e+00,5.733876e-03,9.458472e-07,2.294443e-02,0.000000e+00,0.000000e+00,3.703323e+02,0.000000e+00,0.000000e+00,0.000000e+00,0.000000e+00,0.000000e+00,0.000000e+00,0.000000e+00,0.000000e+00,0.000000e+00,0.000000e+00,1.417357e+04,3.473201e+02,-3.406191e-02,-1.569895e-03,7.663083e-01,9.097793e-04,0.000000e+00,0.000000e+00,0.000000e+00,0.000000e+00,0.000000e+00,0.000000e+00,0.000000e+00,0.000000e+00,0.000000e+00,0.000000e+00,0.000000e+00,0.000000e+00,0.000000e+00,0.000000e+00,0.000000e+00,0.000000e+00,0.000000e+00,0.000000e+00,0.000000e+00,0.000000e+00,0.000000e+00,0.000000e+00,0.000000e+00,0.000000e+00,0.000000e+00,0.000000e+00,0.000000e+00,0.000000e+00,0.000000e+00,0.000000e+00,-3.319022e+05,-4.101002e+02,-3.646429e+05,-1.055470e-02,-2.365685e-03,-8.966286e+00,3.395519e-02,3.563636e-03,-6.241356e-01,2.653328e-04,-3.845032e-02,1.649609e+01,-5.936483e-02,-8.127188e-03,-4.621914e-04,-2.625819e-03,-1.739937e-03,-7.415990e+00,2.107065e+01,-3.007621e+00,9.874483e+02,1.905329e+05,4.311411e+02,4.547754e+05,-7.138753e-02,-1.842064e-02,1.400967e-02,1.821105e+02,-4.183333e+03,-8.527939e+00
4.190639e-03,1.415118e+04,2.113630e+03,4.039139e-02,-1.083026e-02,4.318792e+00,5.733876e-03,9.257411e-07,3.450306e-02,0.000000e+00,0.000000e+00,3.705039e+02,0.000000e+00,0.000000e+00,0.000000e+00,0.000000e+00,0.000000e+00,0.000000e+00,0.000000e+00,0.000000e+00,0.000000e+00,0.000000e+00,1.415118e+04,3.542009e+02,-4.035940e-02,-1.507834e-03,7.733481e-01,9.097793e-04,0.000000e+00,0.000000e+00,0.000000e+00,0.000000e+00,0.000000e+00,0.000000e+00,0.000000e+00,0.000000e+00,0.000000e+00,0.000000e+00,0.000000e+00,0.000000e+00,0.000000e+00,0.000000e+00,0.000000e+00,0.000000e+00,0.000000e+00,0.000000e+00,0.000000e+00,0.000000e+00,0.000000e+00,0.000000e+00,0.000000e+00,0.000000e+00,0.000000e+00,0.000000e+00,0.000000e+00,0.000000e+00,0.000000e+00,0.000000e+00,-3.031397e+05,4.544366e+02,-3.479528e+05,-1.055864e-02,-2.358572e-03,-8.970731e+00,3.365065e-02,3.498294e-03,-6.243866e-01,2.649272e-04,-3.853186e-02,1.651858e+01,-5.939313e-02,-8.137665e-03,-4.630639e-04,-2.400178e-03,-1.770596e-03,-7.405890e+00,2.297356e+01,-3.006950e+00,9.919235e+02,1.875383e+05,-4.344445e+02,4.216565e+05,-6.960411e-02,-5.840321e-02,1.378630e-02,1.642967e+02,-3.778250e+03,-3.414465e+01
4.200856e-03,1.412975e+04,2.135085e+03,4.011363e-02,-1.080921e-02,4.340434e+00,5.733876e-03,9.257400e-07,5.576891e-02,0.000000e+00,0.000000e+00,3.705528e+02,0.000000e+00,0.000000e+00,0.000000e+00,0.000000e+00,0.000000e+00,0.000000e+00,0.000000e+00,0.000000e+00,0.000000e+00,0.000000e+00,1.412975e+04,3.611171e+02,-4.653456e-02,-1.436242e-03,7.804979e-01,9.097793e-04,0.000000e+00,0.000000e+00,0.000000e+00,0.000000e+00,0.000000e+00,0.000000e+00,0.000000e+00,0.000000e+00,0.000000e+00,0.000000e+00,0.000000e+00,0.000000e+00,0.000000e+00,0.000000e+00,0.000000e+00,0.000000e+00,0.000000e+00,0.000000e+00,0.000000e+00,0.000000e+00,0.000000e+00,0.000000e+00,0.000000e+00,0.000000e+00,0.000000e+00,0.000000e+00,0.000000e+00,0.000000e+00,0.000000e+00,0.000000e+00,-2.841851e+05,1.332140e+03,-3.315442e+05,-1.055562e-02,-2.360928e-03,-8.974770e+00,3.338038e-02,3.471174e-03,-6.245992e-01,2.644881e-04,-3.861037e-02,1.654019e+01,-5.950174e-02,-8.141246e-03,-4.639286e-04,-2.154924e-03,-1.801349e-03,-7.395731e+00,2.485645e+01,-3.014210e+00,9.961067e+02,1.806603e+05,-1.312897e+03,3.975482e+05,-6.806237e-02,-9.468772e-02,1.332309e-02,1.384700e+02,-3.295908e+03,-6.026927e+01
4.210113e-03,1.411101e+04,2.153780e+03,3.998581e-02,-1.077877e-02,4.359275e+00,5.733876e-03,9.257400e-07,8.040286e-02,0.000000e+00,0.000000e+00,3.706420e+02,0.000000e+00,0.000000e+00,0.000000e+00,0.000000e+00,0.000000e+00,0.000000e+00,0.000000e+00,0.000000e+00,0.000000e+00,0.000000e+00,1.411101e+04,3.673147e+02,-5.194481e-02,-1.352827e-03,7.869406e-01,9.097792e-04,0.000000e+00,0.000000e+00,0.000000e+00,0.000000e+00,0.000000e+00,0.000000e+00,0.000000e+00,0.000000e+00,0.000000e+00,0.000000e+00,0.000000e+00,0.000000e+00,0.000000e+00,0.000000e+00,0.000000e+00,0.000000e+00,0.000000e+00,0.000000e+00,0.000000e+00,0.000000e+00,0.000000e+00,0.000000e+00,0.000000e+00,0.000000e+00,0.000000e+00,0.000000e+00,0.000000e+00,0.000000e+00,0.000000e+00,0.000000e+00,-2.652357e+05,1.188731e+03,-3.209208e+05,-1.055683e-02,-2.366700e-03,-8.978150e+00,3.320021e-02,3.467911e-03,-6.247740e-01,2.641036e-04,-3.867858e-02,1.655899e+01,-5.966280e-02,-8.150735e-03,-4.647297e-04,-1.916314e-03,-1.829328e-03,-7.386492e+00,2.652337e+01,-3.025890e+00,9.996877e+02,1.790252e+05,-1.170483e+03,3.758858e+05,-6.675640e-02,-1.239985e-01,1.270414e-02,1.515001e+02,-3.002478e+03,-7.439293e+01
4.220296e-03,1.409106e+04,2.173595e+03,3.994038e-02,-1.072699e-02,4.379199e+00,5.733876e-03,9.257400e-07,1.106720e-01,0.000000e+00,0.000000e+00,3.708392e+02,0.000000e+00,0.000000e+00,0.000000e+00,0.000000e+00,0.000000e+00,0.000000e+00,0.000000e+00,0.000000e+00,0.000000e+00,0.000000e+00,1.409106e+04,3.741198e+02,-5.777697e-02,-1.230114e-03,7.940205e-01,9.097793e-04,0.000000e+00,0.000000e+00,0.000000e+00,0.000000e+00,0.000000e+00,0.000000e+00,0.000000e+00,0.000000e+00,0.000000e+00,0.000000e+00,0.000000e+00,0.000000e+00,0.000000e+00,0.000000e+00,0.000000e+00,0.000000e+00,0.000000e+00,0.000000e+00,0.000000e+00,0.000000e+00,0.000000e+00,0.000000e+00,0.000000e+00,0.000000e+00,0.000000e+00,0.000000e+00,0.000000e+00,0.000000e+00,0.000000e+00,0.000000e+00,-2.451279e+05,1.684606e+03,-3.064855e+05,-1.055625e-02,-2.368476e-03,-8.981483e+00,3.306781e-02,3.461580e-03,-6.249328e-01,2.636838e-04,-3.875130e-02,1.657887e+01,-5.985265e-02,-8.189523e-03,-4.654636e-04,-1.636171e-03,-1.860225e-03,-7.376291e+00,2.832770e+01,-3.036700e+00,1.003392e+03,1.744225e+05,-1.666996e+03,3.515649e+05,-6.514480e-02,-1.526365e-01,1.189116e-02,1.421561e+02,-2.561063e+03,-8.353976e+01
4.230480e-03,1.407188e+04,2.192613e+03,3.995671e-02,-1.066331e-02,4.398321e+00,5.733876e-03,9.263022e-07,1.411713e-01,0.000000e+00,0.000000e+00,3.710510e+02,0.000000e+00,0.000000e+00,0.000000e+00,0.000000e+00,0.000000e+00,0.000000e+00,0.000000e+00,0.000000e+00,0.000000e+00,0.000000e+00,1.407188e+04,3.807439e+02,-6.352815e-02,-1.108917e-03,8.009735e-01,9.097793e-04,0.000000e+00,0.000000e+00,0.000000e+00,0.000000e+00,0.000000e+00,0.000000e+00,0.000000e+00,0.000000e+00,0.000000e+00,0.000000e+00,0.000000e+00,0.000000e+00,0.000000e+00,0.000000e+00,0.000000e+00,0.000000e+00,0.000000e+00,0.000000e+00,0.000000e+00,0.000000e+00,0.000000e+00,0.000000e+00,0.000000e+00,0.000000e+00,0.000000e+00,0.000000e+00,0.000000e+00,0.000000e+00,0.000000e+00,0.000000e+00,-2.316808e+05,7.933633e+02,-2.988646e+05,-1.055697e-02,-2.371224e-03,-8.984461e+00,3.301889e-02,3.440819e-03,-6.250557e-01,2.632336e-04,-3.882277e-02,1.659796e+01,-6.004796e-02,-8.244411e-03,-4.660739e-04,-1.337874e-03,-1.891197e-03,-7.366054e+00,3.009512e+01,-3.042647e+00,1.006888e+03,1.731872e+05,-7.763236e+02,3.361581e+05,-6.344999e-02,-1.769300e-01,1.104953e-02,1.423623e+02,-2.189534e+03,-7.868786e+01
4.240664e-03,1.405358e+04,2.210837e+03,4.001772e-02,-1.060358e-02,4.416657e+00,5.733876e-03,9.257582e-07,1.702175e-01,0.000000e+00,0.000000e+00,3.711791e+02,0.000000e+00,0.000000e+00,0.000000e+00,0.000000e+00,0.000000e+00,0.000000e+00,0.000000e+00,0.000000e+00,0.000000e+00,0.000000e+00,1.405358e+04,3.869353e+02,-6.924118e-02,-1.010031e-03,8.075424e-01,9.097792e-04,0.000000e+00,0.000000e+00,0.000000e+00,0.000000e+00,0.000000e+00,0.000000e+00,0.000000e+00,0.000000e+00,0.000000e+00,0.000000e+00,0.000000e+00,0.000000e+00,0.000000e+00,0.000000e+00,0.000000e+00,0.000000e+00,0.000000e+00,0.000000e+00,0.000000e+00,0.000000e+00,0.000000e+00,0.000000e+00,0.000000e+00,0.000000e+00,0.000000e+00,0.000000e+00,0.000000e+00,0.000000e+00,0.000000e+00,0.000000e+00,-2.246206e+05,1.696111e+03,-2.928412e+05,-1.055774e-02,-2.372864e-03,-8.987201e+00,3.299873e-02,3.420366e-03,-6.251603e-01,2.627320e-04,-3.889259e-02,1.661625e+01,-6.024998e-02,-8.299873e-03,-4.666435e-04,-1.021633e-03,-1.922200e-03,-7.355781e+00,3.184007e+01,-3.045980e+00,1.010259e+03,1.707049e+05,-1.679229e+03,3.272159e+05,-6.209429e-02,-1.972458e-01,1.030506e-02,6.002630e+01,-1.822205e+03,-6.601002e+01
4.250847e-03,1.403607e+04,2.228283e+03,4.013715e-02,-1.055006e-02,4.434204e+00,5.733876e-03,9.257400e-07,1.961676e-01,0.000000e+00,0.000000e+00,3.713022e+02,0.000000e+00,0.000000e+00,0.000000e+00,0.000000e+00,0.000000e+00,0.000000e+00,0.000000e+00,0.000000e+00,0.000000e+00,0.000000e+00,1.403607e+04,3.925290e+02,-7.479842e-02,-9.430948e-04,8.135405e-01,9.097795e-04,0.000000e+00,0.000000e+00,0.000000e+00,0.000000e+00,0.000000e+00,0.000000e+00,0.000000e+00,0.000000e+00,0.000000e+00,0.000000e+00,0.000000e+00,0.000000e+00,0.000000e+00,0.000000e+00,0.000000e+00,0.000000e+00,0.000000e+00,0.000000e+00,0.000000e+00,0.000000e+00,0.000000e+00,0.000000e+00,0.000000e+00,0.000000e+00,0.000000e+00,0.000000e+00,0.000000e+00,0.000000e+00,0.000000e+00,0.000000e+00,-2.221396e+05,6.283623e+02,-2.828899e+05,-1.055720e-02,-2.372914e-03,-8.989748e+00,3.302922e-02,3.406946e-03,-6.252559e-01,2.621795e-04,-3.896004e-02,1.663377e+01,-6.047136e-02,-8.358575e-03,-4.671847e-04,-6.879221e-04,-1.953254e-03,-7.345474e+00,3.353537e+01,-3.049776e+00,1.013558e+03,1.627293e+05,-6.117495e+02,3.207677e+05,-6.138514e-02,-2.136802e-01,9.756612e-03,2.927548e+01,-1.418696e+03,-3.704606e+01
4.260105e-03,1.402075e+04,2.243534e+03,4.030338e-02,-1.049608e-02,4.449526e+00,5.733876e-03,9.257400e-07,2.155679e-01,0.000000e+00,0.000000e+00,3.714253e+02,0.000000e+00,0.000000e+00,0.000000e+00,0.000000e+00,0.000000e+00,0.000000e+00,0.000000e+00,0.000000e+00,0.000000e+00,0.000000e+00,1.402075e+04,3.971252e+02,-7.957481e-02,-9.033747e-04,8.185221e-01,9.097792e-04,0.000000e+00,0.000000e+00,0.000000e+00,0.000000e+00,0.000000e+00,0.000000e+00,0.000000e+00,0.000000e+00,0.000000e+00,0.000000e+00,0.000000e+00,0.000000e+00,0.000000e+00,0.000000e+00,0.000000e+00,0.000000e+00,0.000000e+00,0.000000e+00,0.000000e+00,0.000000e+00,0.000000e+00,0.000000e+00,0.000000e+00,0.000000e+00,0.000000e+00,0.000000e+00,0.000000e+00,0.000000e+00,0.000000e+00,0.000000e+00,-2.216245e+05,-7.137217e+01,-2.711849e+05,-1.056149e-02,-2.373209e-03,-8.991832e+00,3.314079e-02,3.387012e-03,-6.253290e-01,2.615700e-04,-3.901958e-02,1.664905e+01,-6.070052e-02,-8.415374e-03,-4.677417e-04,-3.699645e-04,-1.981473e-03,-7.336076e+00,3.499465e+01,-3.045187e+00,1.016503e+03,1.523343e+05,8.801478e+01,3.153616e+05,-6.101391e-02,-2.251702e-01,9.564130e-03,7.199153e+00,-1.065362e+03,-2.626745e+00
4.270288e-03,1.400453e+04,2.259719e+03,4.055805e-02,-1.043234e-02,4.465715e+00,5.733877e-03,9.257400e-07,2.318487e-01,0.000000e+00,0.000000e+00,3.715211e+02,0.000000e+00,0.000000e+00,0.000000e+00,0.000000e+00,0.000000e+00,0.000000e+00,0.000000e+00,0.000000e+00,0.000000e+00,0.000000e+00,1.400453e+04,4.016808e+02,-8.444713e-02,-8.664455e-04,8.234648e-01,9.097792e-04,0.000000e+00,0.000000e+00,0.000000e+00,0.000000e+00,0.000000e+00,0.000000e+00,0.000000e+00,0.000000e+00,0.000000e+00,0.000000e+00,0.000000e+00,0.000000e+00,0.000000e+00,0.000000e+00,0.000000e+00,0.000000e+00,0.000000e+00,0.000000e+00,0.000000e+00,0.000000e+00,0.000000e+00,0.000000e+00,0.000000e+00,0.000000e+00,0.000000e+00,0.000000e+00,0.000000e+00,0.000000e+00,0.000000e+00,0.000000e+00,-2.224638e+05,-3.071219e+03,-2.580872e+05,-1.056794e-02,-2.375592e-03,-8.993881e+00,3.332080e-02,3.375458e-03,-6.253957e-01,2.607663e-04,-3.908332e-02,1.666521e+01,-6.095786e-02,-8.489160e-03,-4.684531e-04,-5.195810e-06,-2.012454e-03,-7.325707e+00,3.648849e+01,-3.035803e+00,1.019695e+03,1.401049e+05,3.087460e+03,3.105957e+05,-6.095203e-02,-2.343390e-01,9.747345e-03,3.875229e+01,-7.127846e+02,4.443133e+01
4.280471e-03,1.398891e+04,2.275349e+03,4.087112e-02,-1.037360e-02,4.481182e+00,5.733877e-03,9.257400e-07,2.415157e-01,0.000000e+00,0.000000e+00,3.715723e+02,0.000000e+00,0.000000e+00,0.000000e+00,0.000000e+00,0.000000e+00,0.000000e+00,0.000000e+00,0.000000e+00,0.000000e+00,0.000000e+00,1.398891e+04,4.058180e+02,-8.885145e-02,-8.949752e-04,8.278503e-01,9.097793e-04,0.000000e+00,0.000000e+00,0.000000e+00,0.000000e+00,0.000000e+00,0.000000e+00,0.000000e+00,0.000000e+00,0.000000e+00,0.000000e+00,0.000000e+00,0.000000e+00,0.000000e+00,0.000000e+00,0.000000e+00,0.000000e+00,0.000000e+00,0.000000e+00,0.000000e+00,0.000000e+00,0.000000e+00,0.000000e+00,0.000000e+00,0.000000e+00,0.000000e+00,0.000000e+00,0.000000e+00,0.000000e+00,0.000000e+00,0.000000e+00,-2.221883e+05,-4.129460e+03,-2.409198e+05,-1.057991e-02,-2.376805e-03,-8.995692e+00,3.356994e-02,3.358274e-03,-6.254516e-01,2.598953e-04,-3.914523e-02,1.668064e+01,-6.122347e-02,-8.554581e-03,-4.689433e-04,3.740276e-04,-2.043227e-03,-7.315306e+00,3.784304e+01,-3.009261e+00,1.022826e+03,1.246562e+05,4.145544e+03,3.031018e+05,-6.101310e-02,-2.396572e-01,1.032535e-02,-1.340032e+00,-3.069439e+02,6.955492e+01
4.290929e-03,1.397331e+04,2.290897e+03,4.121719e-02,-1.031173e-02,4.496378e+00,5.733877e-03,9.954992e-07,2.444173e-01,0.000000e+00,0.000000e+00,3.716766e+02,0.000000e+00,0.000000e+00,0.000000e+00,0.000000e+00,0.000000e+00,0.000000e+00,0.000000e+00,0.000000e+00,0.000000e+00,0.000000e+00,1.397331e+04,4.098412e+02,-9.286918e-02,-9.889151e-04,8.319554e-01,9.097792e-04,0.000000e+00,0.000000e+00,0.000000e+00,0.000000e+00,0.000000e+00,0.000000e+00,0.000000e+00,0.000000e+00,0.000000e+00,0.000000e+00,0.000000e+00,0.000000e+00,0.000000e+00,0.000000e+00,0.000000e+00,0.000000e+00,0.000000e+00,0.000000e+00,0.000000e+00,0.000000e+00,0.000000e+00,0.000000e+00,0.000000e+00,0.000000e+00,0.000000e+00,0.000000e+00,0.000000e+00,0.000000e+00,0.000000e+00,0.000000e+00,-2.174434e+05,-4.569597e+03,-2.222958e+05,-1.059480e-02,-2.378264e-03,-8.997307e+00,3.386918e-02,3.338006e-03,-6.255006e-01,2.589943e-04,-3.920719e-02,1.669578e+01,-6.148413e-02,-8.620988e-03,-4.693219e-04,7.769598e-04,-2.074450e-03,-7.304592e+00,3.907537e+01,-2.966034e+00,1.025937e+03,1.097735e+05,4.585029e+03,2.909410e+05,-6.136403e-02,-2.412173e-01,1.105771e-02,-5.239323e+01,4.417917e+01,6.864802e+01
4.300888e-03,1.395882e+04,2.305311e+03,4.160366e-02,-1.026363e-02,4.510270e+00,5.733877e-03,9.957442e-07,2.408469e-01,0.000000e+00,0.000000e+00,3.718399e+02,0.000000e+00,0.000000e+00,0.000000e+00,0.000000e+00,0.000000e+00,0.000000e+00,0.000000e+00,0.000000e+00,0.000000e+00,0.000000e+00,1.395882e+04,4.136466e+02,-9.620284e-02,-1.121827e-03,8.356583e-01,9.097794e-04,0.000000e+00,0.000000e+00,0.000000e+00,0.000000e+00,0.000000e+00,0.000000e+00,0.000000e+00,0.000000e+00,0.000000e+00,0.000000e+00,0.000000e+00,0.000000e+00,0.000000e+00,0.000000e+00,0.000000e+00,0.000000e+00,0.000000e+00,0.000000e+00,0.000000e+00,0.000000e+00,0.000000e+00,0.000000e+00,0.000000e+00,0.000000e+00,0.000000e+00,0.000000e+00,0.000000e+00,0.000000e+00,0.000000e+00,0.000000e+00,-2.136453e+05,-5.640891e+03,-2.058777e+05,-1.060973e-02,-2.380497e-03,-8.998644e+00,3.418516e-02,3.322735e-03,-6.255396e-01,2.582082e-04,-3.926476e-02,1.670962e+01,-6.174459e-02,-8.674165e-03,-4.693671e-04,1.171848e-03,-2.103728e-03,-7.294359e+00,4.010461e+01,-2.917186e+00,1.028781e+03,9.649100e+04,5.655877e+03,2.805695e+05,-6.192119e-02,-2.393073e-01,1.170022e-02,-4.363289e+01,3.687415e+02,6.048204e+01
4.310844e-03,1.394468e+04,2.319348e+03,4.206698e-02,-1.023676e-02,4.523646e+00,5.733877e-03,9.954181e-07,2.310286e-01,0.000000e+00,0.000000e+00,3.720168e+02,0.000000e+00,0.000000e+00,0.000000e+00,0.000000e+00,0.000000e+00,0.000000e+00,0.000000e+00,0.000000e+00,0.000000e+00,0.000000e+00,1.394468e+04,4.174191e+02,-9.911520e-02,-1.300984e-03,8.391896e-01,9.097792e-04,0.000000e+00,0.000000e+00,0.000000e+00,0.000000e+00,0.000000e+00,0.000000e+00,0.000000e+00,0.000000e+00,0.000000e+00,0.000000e+00,0.000000e+00,0.000000e+00,0.000000e+00,0.000000e+00,0.000000e+00,0.000000e+00,0.000000e+00,0.000000e+00,0.000000e+00,0.000000e+00,0.000000e+00,0.000000e+00,0.000000e+00,0.000000e+00,0.000000e+00,0.000000e+00,0.000000e+00,0.000000e+00,0.000000e+00,0.000000e+00,-2.094379e+05,-5.475304e+03,-1.911476e+05,-1.062418e-02,-2.382218e-03,-8.999796e+00,3.452513e-02,3.296401e-03,-6.255720e-01,2.575274e-04,-3.932111e-02,1.672297e+01,-6.204083e-02,-8.709665e-03,-4.693200e-04,1.576205e-03,-2.132453e-03,-7.284101e+00,4.101544e+01,-2.859345e+00,1.031523e+03,8.491153e+04,5.489966e+03,2.705393e+05,-6.229162e-02,-2.340831e-01,1.227573e-02,-4.058607e+01,7.535649e+02,5.398752e+01
4.320796e-03,1.393100e+04,2.332965e+03,4.261111e-02,-1.021572e-02,4.536554e+00,5.733877e-03,9.950504e-07,2.149496e-01,0.000000e+00,0.000000e+00,3.721715e+02,0.000000e+00,0.000000e+00,0.000000e+00,0.000000e+00,0.000000e+00,0.000000e+00,0.000000e+00,0.000000e+00,0.000000e+00,0.000000e+00,1.393100e+04,4.210269e+02,-1.016958e-01,-1.484108e-03,8.425217e-01,9.097793e-04,0.000000e+00,0.000000e+00,0.000000e+00,0.000000e+00,0.000000e+00,0.000000e+00,0.000000e+00,0.000000e+00,0.000000e+00,0.000000e+00,0.000000e+00,0.000000e+00,0.000000e+00,0.000000e+00,0.000000e+00,0.000000e+00,0.000000e+00,0.000000e+00,0.000000e+00,0.000000e+00,0.000000e+00,0.000000e+00,0.000000e+00,0.000000e+00,0.000000e+00,0.000000e+00,0.000000e+00,0.000000e+00,0.000000e+00,0.000000e+00,-2.052777e+05,-5.361546e+03,-1.830602e+05,-1.063994e-02,-2.383308e-03,-9.000734e+00,3.489030e-02,3.268045e-03,-6.255950e-01,2.570165e-04,-3.937640e-02,1.673586e+01,-6.237242e-02,-8.740735e-03,-4.693883e-04,1.988940e-03,-2.160596e-03,-7.273820e+00,4.183347e+01,-2.802139e+00,1.034178e+03,7.933445e+04,5.375879e+03,2.633550e+05,-6.254608e-02,-2.252040e-01,1.280286e-02,-2.664804e+01,1.047023e+03,4.805296e+01
4.330746e-03,1.391779e+04,2.346120e+03,4.326521e-02,-1.020571e-02,4.548956e+00,5.733877e-03,9.947925e-07,1.949389e-01,0.000000e+00,0.000000e+00,3.723026e+02,0.000000e+00,0.000000e+00,0.000000e+00,0.000000e+00,0.000000e+00,0.000000e+00,0.000000e+00,0.000000e+00,0.000000e+00,0.000000e+00,1.391779e+04,4.242793e+02,-1.040075e-01,-1.649474e-03,8.454758e-01,9.097795e-04,0.000000e+00,0.000000e+00,0.000000e+00,0.000000e+00,0.000000e+00,0.000000e+00,0.000000e+00,0.000000e+00,0.000000e+00,0.000000e+00,0.000000e+00,0.000000e+00,0.000000e+00,0.000000e+00,0.000000e+00,0.000000e+00,0.000000e+00,0.000000e+00,0.000000e+00,0.000000e+00,0.000000e+00,0.000000e+00,0.000000e+00,0.000000e+00,0.000000e+00,0.000000e+00,0.000000e+00,0.000000e+00,0.000000e+00,0.000000e+00,-2.065477e+05,-4.757212e+03,-1.759883e+05,-1.065453e-02,-2.385249e-03,-9.001478e+00,3.523533e-02,3.254083e-03,-6.256121e-01,2.567217e-04,-3.943045e-02,1.674823e+01,-6.274569e-02,-8.760671e-03,-4.695713e-04,2.409361e-03,-2.188207e-03,-7.263516e+00,4.258952e+01,-2.754025e+00,1.036789e+03,7.238677e+04,4.771463e+03,2.615222e+05,-6.286511e-02,-2.135675e-01,1.322386e-02,-1.938269e+01,1.280111e+03,3.584169e+01
4.340914e-03,1.390479e+04,2.359086e+03,4.404003e-02,-1.019874e-02,4.561103e+00,5.733877e-03,1.179750e-06,1.728210e-01,0.000000e+00,0.000000e+00,3.724287e+02,0.000000e+00,0.000000e+00,0.000000e+00,0.000000e+00,0.000000e+00,0.000000e+00,0.000000e+00,0.000000e+00,0.000000e+00,0.000000e+00,1.390479e+04,4.271077e+02,-1.060209e-01,-1.783771e-03,8.479708e-01,9.097794e-04,0.000000e+00,0.000000e+00,0.000000e+00,0.000000e+00,0.000000e+00,0.000000e+00,0.000000e+00,0.000000e+00,0.000000e+00,0.000000e+00,0.000000e+00,0.000000e+00,0.000000e+00,0.000000e+00,0.000000e+00,0.000000e+00,0.000000e+00,0.000000e+00,0.000000e+00,0.000000e+00,0.000000e+00,0.000000e+00,0.000000e+00,0.000000e+00,0.000000e+00,0.000000e+00,0.000000e+00,0.000000e+00,0.000000e+00,0.000000e+00,-2.105490e+05,-3.163301e+03,-1.673615e+05,-1.066732e-02,-2.387539e-03,-9.002050e+00,3.553974e-02,3.246836e-03,-6.256236e-01,2.566410e-04,-3.948404e-02,1.676024e+01,-6.313029e-02,-8.775100e-03,-4.697142e-04,2.846386e-03,-2.215975e-03,-7.252959e+00,4.328011e+01,-2.714524e+00,1.039422e+03,6.287644e+04,3.177633e+03,2.615095e+05,-6.311534e-02,-2.000178e-01,1.352444e-02,-1.734170e+01,1.422448e+03,2.451662e+01
4.350351e-03,1.389320e+04,2.370699e+03,4.483290e-02,-1.019050e-02,4.571890e+00,5.733877e-03,1.179300e-06,1.521462e-01,0.000000e+00,0.000000e+00,3.724899e+02,0.000000e+00,0.000000e+00,0.000000e+00,0.000000e+00,0.000000e+00,0.000000e+00,0.000000e+00,0.000000e+00,0.000000e+00,0.000000e+00,1.389320e+04,4.293084e+02,-1.075270e-01,-1.870941e-03,8.498150e-01,9.097793e-04,0.000000e+00,0.000000e+00,0.000000e+00,0.000000e+00,0.000000e+00,0.000000e+00,0.000000e+00,0.000000e+00,0.000000e+00,0.000000e+00,0.000000e+00,0.000000e+00,0.000000e+00,0.000000e+00,0.000000e+00,0.000000e+00,0.000000e+00,0.000000e+00,0.000000e+00,0.000000e+00,0.000000e+00,0.000000e+00,0.000000e+00,0.000000e+00,0.000000e+00,0.000000e+00,0.000000e+00,0.000000e+00,0.000000e+00,0.000000e+00,-2.143094e+05,-2.290957e+03,-1.584647e+05,-1.067665e-02,-2.389039e-03,-9.002453e+00,3.578899e-02,3.234872e-03,-6.256313e-01,2.565891e-04,-3.953323e-02,1.677099e+01,-6.346014e-02,-8.776221e-03,-4.697674e-04,3.257814e-03,-2.241438e-03,-7.243137e+00,4.383525e+01,-2.686182e+00,1.041890e+03,5.322310e+04,2.305333e+03,2.611643e+05,-6.306197e-02,-1.863805e-01,1.376306e-02,2.281925e+01,1.468190e+03,2.730634e+01
4.360625e-03,1.388100e+04,2.382887e+03,4.572964e-02,-1.019622e-02,4.583085e+00,5.733877e-03,1.390013e-06,1.310186e-01,0.000000e+00,0.000000e+00,3.725948e+02,0.000000e+00,0.000000e+00,0.000000e+00,0.000000e+00,0.000000e+00,0.000000e+00,0.000000e+00,0.000000e+00,0.000000e+00,0.000000e+00,1.388100e+04,4.312111e+02,-1.087350e-01,-1.931686e-03,8.512402e-01,9.097793e-04,0.000000e+00,0.000000e+00,0.000000e+00,0.000000e+00,0.000000e+00,0.000000e+00,0.000000e+00,0.000000e+00,0.000000e+00,0.000000e+00,0.000000e+00,0.000000e+00,0.000000e+00,0.000000e+00,0.000000e+00,0.000000e+00,0.000000e+00,0.000000e+00,0.000000e+00,0.000000e+00,0.000000e+00,0.000000e+00,0.000000e+00,0.000000e+00,0.000000e+00,0.000000e+00,0.000000e+00,0.000000e+00,0.000000e+00,0.000000e+00,-2.211111e+05,-1.469427e+03,-1.483260e+05,-1.068444e-02,-2.390999e-03,-9.002776e+00,3.602359e-02,3.221957e-03,-6.256369e-01,2.565160e-04,-3.958504e-02,1.678204e+01,-6.380413e-02,-8.775743e-03,-4.698752e-04,3.711141e-03,-2.268918e-03,-7.232417e+00,4.432648e+01,-2.667019e+00,1.044552e+03,4.116102e+04,1.483860e+03,2.630522e+05,-6.265777e-02,-1.715441e-01,1.411311e-02,5.944501e+01,1.439105e+03,4.613220e+01
4.370357e-03,1.386995e+04,2.393938e+03,4.657457e-02,-1.021014e-02,4.593218e+00,5.733877e-03,1.390563e-06,1.136533e-01,0.000000e+00,0.000000e+00,3.726954e+02,0.000000e+00,0.000000e+00,0.000000e+00,0.000000e+00,0.000000e+00,0.000000e+00,0.000000e+00,0.000000e+00,0.000000e+00,0.000000e+00,1.386995e+04,4.324710e+02,-1.094494e-01,-1.968651e-03,8.520756e-01,9.097792e-04,0.000000e+00,0.000000e+00,0.000000e+00,0.000000e+00,0.000000e+00,0.000000e+00,0.000000e+00,0.000000e+00,0.000000e+00,0.000000e+00,0.000000e+00,0.000000e+00,0.000000e+00,0.000000e+00,0.000000e+00,0.000000e+00,0.000000e+00,0.000000e+00,0.000000e+00,0.000000e+00,0.000000e+00,0.000000e+00,0.000000e+00,0.000000e+00,0.000000e+00,0.000000e+00,0.000000e+00,0.000000e+00,0.000000e+00,0.000000e+00,-2.282522e+05,-1.033604e+03,-1.383229e+05,-1.069046e-02,-2.392329e-03,-9.003024e+00,3.621963e-02,3.206980e-03,-6.256416e-01,2.564296e-04,-3.963291e-02,1.679213e+01,-6.413990e-02,-8.784323e-03,-4.700782e-04,4.144555e-03,-2.294802e-03,-7.222238e+00,4.467815e+01,-2.655429e+00,1.047121e+03,2.907805e+04,1.048188e+03,2.653049e+05,-6.208014e-02,-1.581293e-01,1.464402e-02,5.525316e+01,1.285365e+03,6.506326e+01
4.380093e-03,1.385932e+04,2.404531e+03,4.742145e-02,-1.022351e-02,4.602858e+00,5.733877e-03,1.391419e-06,1.000243e-01,0.000000e+00,0.000000e+00,3.728251e+02,0.000000e+00,0.000000e+00,0.000000e+00,0.000000e+00,0.000000e+00,0.000000e+00,0.000000e+00,0.000000e+00,0.000000e+00,0.000000e+00,1.385932e+04,4.332136e+02,-1.096873e-01,-2.001008e-03,8.523676e-01,9.097792e-04,0.000000e+00,0.000000e+00,0.000000e+00,0.000000e+00,0.000000e+00,0.000000e+00,0.000000e+00,0.000000e+00,0.000000e+00,0.000000e+00,0.000000e+00,0.000000e+00,0.000000e+00,0.000000e+00,0.000000e+00,0.000000e+00,0.000000e+00,0.000000e+00,0.000000e+00,0.000000e+00,0.000000e+00,0.000000e+00,0.000000e+00,0.000000e+00,0.000000e+00,0.000000e+00,0.000000e+00,0.000000e+00,0.000000e+00,0.000000e+00,-2.340020e+05,-1.139016e+03,-1.283656e+05,-1.069467e-02,-2.393353e-03,-9.003198e+00,3.635738e-02,3.195882e-03,-6.256450e-01,2.563180e-04,-3.967934e-02,1.680174e+01,-6.449436e-02,-8.798188e-03,-4.702153e-04,4.580948e-03,-2.320600e-03,-7.212029e+00,4.491298e+01,-2.645370e+00,1.049708e+03,1.762423e+04,1.153682e+03,2.663156e+05,-6.166552e-02,-1.466036e-01,1.533082e-02,2.638650e+01,1.036043e+03,7.550342e+01
4.390340e-03,1.384861e+04,2.415207e+03,4.829290e-02,-1.023606e-02,4.612570e+00,5.733877e-03,1.518142e-06,9.013627e-02,0.000000e+00,0.000000e+00,3.729535e+02,0.000000e+00,0.000000e+00,0.000000e+00,0.000000e+00,0.000000e+00,0.000000e+00,0.000000e+00,0.000000e+00,0.000000e+00,0.000000e+00,1.384861e+04,4.335237e+02,-1.094796e-01,-2.046449e-03,8.522528e-01,9.097793e-04,0.000000e+00,0.000000e+00,0.000000e+00,0.000000e+00,0.000000e+00,0.000000e+00,0.000000e+00,0.000000e+00,0.000000e+00,0.000000e+00,0.000000e+00,0.000000e+00,0.000000e+00,0.000000e+00,0.000000e+00,0.000000e+00,0.000000e+00,0.000000e+00,0.000000e+00,0.000000e+00,0.000000e+00,0.000000e+00,0.000000e+00,0.000000e+00,0.000000e+00,0.000000e+00,0.000000e+00,0.000000e+00,0.000000e+00,0.000000e+00,-2.391058e+05,-1.539509e+03,-1.187450e+05,-1.069678e-02,-2.393933e-03,-9.003284e+00,3.642645e-02,3.190240e-03,-6.256465e-01,2.562010e-04,-3.972683e-02,1.681137e+01,-6.486966e-02,-8.815784e-03,-4.703211e-04,5.042029e-03,-2.347632e-03,-7.201256e+00,4.504458e+01,-2.631974e+00,1.052422e+03,6.747922e+03,1.554180e+03,2.668827e+05,-6.148769e-02,-1.374951e-01,1.609304e-02,1.159399e+01,6.966599e+02,7.164102e+01
4.401435e-03,1.383760e+04,2.426244e+03,4.919332e-02,-1.025539e-02,4.622540e+00,5.733877e-03,2.019970e-06,8.441060e-02,0.000000e+00,0.000000e+00,3.730236e+02,0.000000e+00,0.000000e+00,0.000000e+00,0.000000e+00,0.000000e+00,0.000000e+00,0.000000e+00,0.000000e+00,0.000000e+00,0.000000e+00,1.383760e+04,4.333689e+02,-1.088079e-01,-2.119476e-03,8.516337e-01,9.097792e-04,0.000000e+00,0.000000e+00,0.000000e+00,0.000000e+00,0.000000e+00,0.000000e+00,0.000000e+00,0.000000e+00,0.000000e+00,0.000000e+00,0.000000e+00,0.000000e+00,0.000000e+00,0.000000e+00,0.000000e+00,0.000000e+00,0.000000e+00,0.000000e+00,0.000000e+00,0.000000e+00,0.000000e+00,0.000000e+00,0.000000e+00,0.000000e+00,0.000000e+00,0.000000e+00,0.000000e+00,0.000000e+00,0.000000e+00,0.000000e+00,-2.447554e+05,-1.990479e+03,-1.095371e+05,-1.069710e-02,-2.394025e-03,-9.003298e+00,3.643712e-02,3.189482e-03,-6.256468e-01,2.560426e-04,-3.977627e-02,1.682116e+01,-6.526623e-02,-8.830396e-03,-4.703812e-04,5.542067e-03,-2.376717e-03,-7.189561e+00,4.506974e+01,-2.613071e+00,1.055344e+03,-3.984518e+03,2.005263e+03,2.681187e+05,-6.131431e-02,-1.317921e-01,1.682822e-02,2.666617e+01,2.909979e+02,6.024040e+01
4.410428e-03,1.382897e+04,2.434870e+03,4.988921e-02,-1.026866e-02,4.630239e+00,5.733877e-03,2.377136e-06,8.308218e-02,0.000000e+00,0.000000e+00,3.731225e+02,0.000000e+00,0.000000e+00,0.000000e+00,0.000000e+00,0.000000e+00,0.000000e+00,0.000000e+00,0.000000e+00,0.000000e+00,0.000000e+00,1.382897e+04,4.329339e+02,-1.079488e-01,-2.189336e-03,8.507710e-01,9.097793e-04,0.000000e+00,0.000000e+00,0.000000e+00,0.000000e+00,0.000000e+00,0.000000e+00,0.000000e+00,0.000000e+00,0.000000e+00,0.000000e+00,0.000000e+00,0.000000e+00,0.000000e+00,0.000000e+00,0.000000e+00,0.000000e+00,0.000000e+00,0.000000e+00,0.000000e+00,0.000000e+00,0.000000e+00,0.000000e+00,0.000000e+00,0.000000e+00,0.000000e+00,0.000000e+00,0.000000e+00,0.000000e+00,0.000000e+00,0.000000e+00,-2.494754e+05,-2.570494e+03,-1.023615e+05,-1.069710e-02,-2.394025e-03,-9.003298e+00,3.643712e-02,3.189482e-03,-6.256468e-01,2.558613e-04,-3.981427e-02,1.682859e+01,-6.557254e-02,-8.841874e-03,-4.703881e-04,5.947083e-03,-2.400113e-03,-7.180057e+00,4.500613e+01,-2.593828e+00,1.057687e+03,-1.248215e+04,2.585397e+03,2.693696e+05,-6.102558e-02,-1.302885e-01,1.730538e-02,4.096418e+01,-1.952690e+01,4.384777e+01
4.422314e-03,1.381786e+04,2.445956e+03,5.077335e-02,-1.028549e-02,4.639985e+00,5.733877e-03,2.377374e-06,8.550862e-02,0.000000e+00,0.000000e+00,3.732812e+02,0.000000e+00,0.000000e+00,0.000000e+00,0.000000e+00,0.000000e+00,0.000000e+00,0.000000e+00,0.000000e+00,0.000000e+00,0.000000e+00,1.381786e+04,4.320107e+02,-1.063278e-01,-2.312660e-03,8.491899e-01,9.097792e-04,0.000000e+00,0.000000e+00,0.000000e+00,0.000000e+00,0.000000e+00,0.000000e+00,0.000000e+00,0.000000e+00,0.000000e+00,0.000000e+00,0.000000e+00,0.000000e+00,0.000000e+00,0.000000e+00,0.000000e+00,0.000000e+00,0.000000e+00,0.000000e+00,0.000000e+00,0.000000e+00,0.000000e+00,0.000000e+00,0.000000e+00,0.000000e+00,0.000000e+00,0.000000e+00,0.000000e+00,0.000000e+00,0.000000e+00,0.000000e+00,-2.541114e+05,-3.353292e+03,-9.331538e+04,-1.069710e-02,-2.394025e-03,-9.003298e+00,3.643712e-02,3.189482e-03,-6.256468e-01,2.555393e-04,-3.986481e-02,1.683829e+01,-6.597589e-02,-8.857983e-03,-4.703458e-04,6.480746e-03,-2.430704e-03,-7.167462e+00,4.480949e+01,-2.558971e+00,1.060892e+03,-2.264017e+04,3.368316e+03,2.697549e+05,-6.053982e-02,-1.323614e-01,1.768495e-02,3.581044e+01,-3.946686e+02,1.212538e+01
4.431824e-03,1.380912e+04,2.454626e+03,5.145827e-02,-1.030358e-02,4.647519e+00,5.733877e-03,2.377525e-06,9.058805e-02,0.000000e+00,0.000000e+00,3.734579e+02,0.000000e+00,0.000000e+00,0.000000e+00,0.000000e+00,0.000000e+00,0.000000e+00,0.000000e+00,0.000000e+00,0.000000e+00,0.000000e+00,1.380912e+04,4.310978e+02,-1.046583e-01,-2.439948e-03,8.476926e-01,9.097792e-04,0.000000e+00,0.000000e+00,0.000000e+00,0.000000e+00,0.000000e+00,0.000000e+00,0.000000e+00,0.000000e+00,0.000000e+00,0.000000e+00,0.000000e+00,0.000000e+00,0.000000e+00,0.000000e+00,0.000000e+00,0.000000e+00,0.000000e+00,0.000000e+00,0.000000e+00,0.000000e+00,0.000000e+00,0.000000e+00,0.000000e+00,0.000000e+00,0.000000e+00,0.000000e+00,0.000000e+00,0.000000e+00,0.000000e+00,0.000000e+00,-2.559499e+05,-3.555370e+03,-8.416555e+04,-1.069710e-02,-2.394025e-03,-9.003298e+00,3.643712e-02,3.189482e-03,-6.256468e-01,2.551902e-04,-3.990573e-02,1.684580e+01,-6.629290e-02,-8.870113e-03,-4.703131e-04,6.905468e-03,-2.454845e-03,-7.157358e+00,4.456266e+01,-2.525918e+00,1.063452e+03,-3.171160e+04,3.570254e+03,2.675602e+05,-6.023881e-02,-1.370005e-01,1.769428e-02,2.637858e+01,-6.231393e+02,-1.705872e+01
4.441334e-03,1.380055e+04,2.463166e+03,5.211595e-02,-1.031931e-02,4.654847e+00,5.733877e-03,2.377664e-06,9.768894e-02,0.000000e+00,0.000000e+00,3.735844e+02,0.000000e+00,0.000000e+00,0.000000e+00,0.000000e+00,0.000000e+00,0.000000e+00,0.000000e+00,0.000000e+00,0.000000e+00,0.000000e+00,1.380055e+04,4.301846e+02,-1.026515e-01,-2.574461e-03,8.461164e-01,9.097792e-04,0.000000e+00,0.000000e+00,0.000000e+00,0.000000e+00,0.000000e+00,0.000000e+00,0.000000e+00,0.000000e+00,0.000000e+00,0.000000e+00,0.000000e+00,0.000000e+00,0.000000e+00,0.000000e+00,0.000000e+00,0.000000e+00,0.000000e+00,0.000000e+00,0.000000e+00,0.000000e+00,0.000000e+00,0.000000e+00,0.000000e+00,0.000000e+00,0.000000e+00,0.000000e+00,0.000000e+00,0.000000e+00,0.000000e+00,0.000000e+00,-2.547385e+05,-3.395410e+03,-7.328057e+04,-1.069710e-02,-2.394025e-03,-9.003298e+00,3.643712e-02,3.189482e-03,-6.256468e-01,2.547729e-04,-3.994678e-02,1.685310e+01,-6.659674e-02,-8.882592e-03,-4.703264e-04,7.327347e-03,-2.478666e-03,-7.147229e+00,4.422735e+01,-2.492319e+00,1.065978e+03,-4.106895e+04,3.409985e+03,2.618682e+05,-5.998325e-02,-1.434230e-01,1.744913e-02,3.164303e+01,-7.358557e+02,-3.805593e+01
4.450846e-03,1.379213e+04,2.471533e+03,5.273622e-02,-1.033057e-02,4.661970e+00,5.733877e-03,2.377769e-06,1.056625e-01,0.000000e+00,0.000000e+00,3.737236e+02,0.000000e+00,0.000000e+00,0.000000e+00,0.000000e+00,0.000000e+00,0.000000e+00,0.000000e+00,0.000000e+00,0.000000e+00,0.000000e+00,1.379213e+04,4.293460e+02,-1.003620e-01,-2.696402e-03,8.445456e-01,9.097792e-04,0.000000e+00,0.000000e+00,0.000000e+00,0.000000e+00,0.000000e+00,0.000000e+00,0.000000e+00,0.000000e+00,0.000000e+00,0.000000e+00,0.000000e+00,0.000000e+00,0.000000e+00,0.000000e+00,0.000000e+00,0.000000e+00,0.000000e+00,0.000000e+00,0.000000e+00,0.000000e+00,0.000000e+00,0.000000e+00,0.000000e+00,0.000000e+00,0.000000e+00,0.000000e+00,0.000000e+00,0.000000e+00,0.000000e+00,0.000000e+00,-2.514692e+05,-3.124090e+03,-6.249222e+04,-1.069710e-02,-2.394025e-03,-9.003298e+00,3.643712e-02,3.189482e-03,-6.256468e-01,2.543444e-04,-3.998770e-02,1.686020e+01,-6.687497e-02,-8.895144e-03,-4.703800e-04,7.745539e-03,-2.502182e-03,-7.137076e+00,4.380562e+01,-2.460886e+00,1.068442e+03,-4.947023e+04,3.138251e+03,2.543514e+05,-5.961843e-02,-1.504959e-01,1.703571e-02,5.049238e+01,-7.391992e+02,-5.118722e+01
4.460357e-03,1.378378e+04,2.479730e+03,5.333995e-02,-1.034134e-02,4.669114e+00,5.733877e-03,2.377833e-06,1.136214e-01,0.000000e+00,0.000000e+00,3.739811e+02,0.000000e+00,0.000000e+00,0.000000e+00,0.000000e+00,0.000000e+00,0.000000e+00,0.000000e+00,0.000000e+00,0.000000e+00,0.000000e+00,1.378378e+04,4.285797e+02,-9.784146e-02,-2.804117e-03,8.431849e-01,9.097792e-04,0.000000e+00,0.000000e+00,0.000000e+00,0.000000e+00,0.000000e+00,0.000000e+00,0.000000e+00,0.000000e+00,0.000000e+00,0.000000e+00,0.000000e+00,0.000000e+00,0.000000e+00,0.000000e+00,0.000000e+00,0.000000e+00,0.000000e+00,0.000000e+00,0.000000e+00,0.000000e+00,0.000000e+00,0.000000e+00,0.000000e+00,0.000000e+00,0.000000e+00,0.000000e+00,0.000000e+00,0.000000e+00,0.000000e+00,0.000000e+00,-2.488883e+05,-2.846810e+03,-5.459002e+04,-1.069710e-02,-2.394025e-03,-9.003298e+00,3.643712e-02,3.189482e-03,-6.256468e-01,2.539002e-04,-4.002979e-02,1.686736e+01,-6.714359e-02,-8.907096e-03,-4.704190e-04,8.159289e-03,-2.525414e-03,-7.126900e+00,4.331124e+01,-2.431982e+00,1.070839e+03,-5.554528e+04,2.860657e+03,2.486767e+05,-5.908473e-02,-1.573707e-01,1.652847e-02,6.215799e+01,-6.909932e+02,-5.367756e+01
4.472246e-03,1.377352e+04,2.489808e+03,5.411332e-02,-1.035621e-02,4.678205e+00,5.733877e-03,2.377948e-06,1.231877e-01,0.000000e+00,0.000000e+00,3.742737e+02,0.000000e+00,0.000000e+00,0.000000e+00,0.000000e+00,0.000000e+00,0.000000e+00,0.000000e+00,0.000000e+00,0.000000e+00,0.000000e+00,1.377352e+04,4.276452e+02,-9.445865e-02,-2.924379e-03,8.418612e-01,9.097793e-04,0.000000e+00,0.000000e+00,0.000000e+00,0.000000e+00,0.000000e+00,0.000000e+00,0.000000e+00,0.000000e+00,0.000000e+00,0.000000e+00,0.000000e+00,0.000000e+00,0.000000e+00,0.000000e+00,0.000000e+00,0.000000e+00,0.000000e+00,0.000000e+00,0.000000e+00,0.000000e+00,0.000000e+00,0.000000e+00,0.000000e+00,0.000000e+00,0.000000e+00,0.000000e+00,0.000000e+00,0.000000e+00,0.000000e+00,0.000000e+00,-2.462070e+05,-2.644375e+03,-5.014746e+04,-1.069710e-02,-2.394025e-03,-9.003298e+00,3.643712e-02,3.189482e-03,-6.256468e-01,2.533513e-04,-4.008458e-02,1.687646e+01,-6.747970e-02,-8.921333e-03,-4.704846e-04,8.669422e-03,-2.554093e-03,-7.114147e+00,4.263142e+01,-2.399355e+00,1.073774e+03,-5.844151e+04,2.658062e+03,2.443710e+05,-5.835712e-02,-1.652785e-01,1.595834e-02,5.670498e+01,-6.297329e+02,-3.513512e+01
4.481758e-03,1.376553e+04,2.497749e+03,5.475280e-02,-1.036984e-02,4.685498e+00,5.733877e-03,2.378099e-06,1.305961e-01,0.000000e+00,0.000000e+00,3.744191e+02,0.000000e+00,0.000000e+00,0.000000e+00,0.000000e+00,0.000000e+00,0.000000e+00,0.000000e+00,0.000000e+00,0.000000e+00,0.000000e+00,1.376553e+04,4.268797e+02,-9.171487e-02,-3.020158e-03,8.409512e-01,9.097792e-04,0.000000e+00,0.000000e+00,0.000000e+00,0.000000e+00,0.000000e+00,0.000000e+00,0.000000e+00,0.000000e+00,0.000000e+00,0.000000e+00,0.000000e+00,0.000000e+00,0.000000e+00,0.000000e+00,0.000000e+00,0.000000e+00,0.000000e+00,0.000000e+00,0.000000e+00,0.000000e+00,0.000000e+00,0.000000e+00,0.000000e+00,0.000000e+00,0.000000e+00,0.000000e+00,0.000000e+00,0.000000e+00,0.000000e+00,0.000000e+00,-2.427564e+05,-2.741516e+03,-5.070249e+04,-1.069710e-02,-2.394025e-03,-9.003298e+00,3.643712e-02,3.189482e-03,-6.256468e-01,2.529067e-04,-4.012904e-02,1.688375e+01,-6.775281e-02,-8.933897e-03,-4.705772e-04,9.071644e-03,-2.576764e-03,-7.103920e+00,4.208017e+01,-2.373786e+00,1.076088e+03,-5.648266e+04,2.755219e+03,2.414768e+05,-5.784700e-02,-1.711111e-01,1.570759e-02,4.972268e+01,-5.839020e+02,-1.243733e+01
4.491271e-03,1.375774e+04,2.505553e+03,5.539034e-02,-1.038611e-02,4.692683e+00,5.733877e-03,2.378252e-06,1.376157e-01,0.000000e+00,0.000000e+00,3.745099e+02,0.000000e+00,0.000000e+00,0.000000e+00,0.000000e+00,0.000000e+00,0.000000e+00,0.000000e+00,0.000000e+00,0.000000e+00,0.000000e+00,1.375774e+04,4.260569e+02,-8.908056e-02,-3.122383e-03,8.400322e-01,9.097792e-04,0.000000e+00,0.000000e+00,0.000000e+00,0.000000e+00,0.000000e+00,0.000000e+00,0.000000e+00,0.000000e+00,0.000000e+00,0.000000e+00,0.000000e+00,0.000000e+00,0.000000e+00,0.000000e+00,0.000000e+00,0.000000e+00,0.000000e+00,0.000000e+00,0.000000e+00,0.000000e+00,0.000000e+00,0.000000e+00,0.000000e+00,0.000000e+00,0.000000e+00,0.000000e+00,0.000000e+00,0.000000e+00,0.000000e+00,0.000000e+00,-2.382931e+05,-2.831451e+03,-5.260750e+04,-1.069710e-02,-2.394025e-03,-9.003298e+00,3.643712e-02,3.189482e-03,-6.256468e-01,2.524874e-04,-4.017338e-02,1.689092e+01,-6.802321e-02,-8.944510e-03,-4.706258e-04,9.468793e-03,-2.599188e-03,-7.093669e+00,4.155553e+01,-2.347187e+00,1.078374e+03,-5.287241e+04,2.845118e+03,2.382343e+05,-5.737137e-02,-1.764677e-01,1.563534e-02,5.336132e+01,-5.240769e+02,-3.894878e+00
4.500784e-03,1.375009e+04,2.513189e+03,5.601311e-02,-1.040175e-02,4.699752e+00,5.733877e-03,2.378363e-06,1.438073e-01,0.000000e+00,0.000000e+00,3.746079e+02,0.000000e+00,0.000000e+00,0.000000e+00,0.000000e+00,0.000000e+00,0.000000e+00,0.000000e+00,0.000000e+00,0.000000e+00,0.000000e+00,1.375009e+04,4.251723e+02,-8.659813e-02,-3.222506e-03,8.391184e-01,9.097793e-04,0.000000e+00,0.000000e+00,0.000000e+00,0.000000e+00,0.000000e+00,0.000000e+00,0.000000e+00,0.000000e+00,0.000000e+00,0.000000e+00,0.000000e+00,0.000000e+00,0.000000e+00,0.000000e+00,0.000000e+00,0.000000e+00,0.000000e+00,0.000000e+00,0.000000e+00,0.000000e+00,0.000000e+00,0.000000e+00,0.000000e+00,0.000000e+00,0.000000e+00,0.000000e+00,0.000000e+00,0.000000e+00,0.000000e+00,0.000000e+00,-2.326018e+05,-2.606724e+03,-5.356959e+04,-1.069710e-02,-2.394025e-03,-9.003298e+00,3.643712e-02,3.189482e-03,-6.256468e-01,2.520689e-04,-4.021749e-02,1.689798e+01,-6.828648e-02,-8.952648e-03,-4.706381e-04,9.861177e-03,-2.621357e-03,-7.083397e+00,4.106492e+01,-2.320518e+00,1.080625e+03,-4.959868e+04,2.620279e+03,2.334806e+05,-5.681572e-02,-1.811574e-01,1.558340e-02,6.858504e+01,-4.333105e+02,-8.590948e+00
4.510297e-03,1.374268e+04,2.520590e+03,5.661957e-02,-1.042078e-02,4.706723e+00,5.733877e-03,2.378471e-06,1.485860e-01,0.000000e+00,0.000000e+00,3.747179e+02,0.000000e+00,0.000000e+00,0.000000e+00,0.000000e+00,0.000000e+00,0.000000e+00,0.000000e+00,0.000000e+00,0.000000e+00,0.000000e+00,1.374268e+04,4.242479e+02,-8.424529e-02,-3.306517e-03,8.383165e-01,9.097793e-04,0.000000e+00,0.000000e+00,0.000000e+00,0.000000e+00,0.000000e+00,0.000000e+00,0.000000e+00,0.000000e+00,0.000000e+00,0.000000e+00,0.000000e+00,0.000000e+00,0.000000e+00,0.000000e+00,0.000000e+00,0.000000e+00,0.000000e+00,0.000000e+00,0.000000e+00,0.000000e+00,0.000000e+00,0.000000e+00,0.000000e+00,0.000000e+00,0.000000e+00,0.000000e+00,0.000000e+00,0.000000e+00,0.000000e+00,0.000000e+00,-2.242212e+05,-1.862118e+03,-5.130757e+04,-1.069710e-02,-2.394025e-03,-9.003298e+00,3.643712e-02,3.189482e-03,-6.256468e-01,2.516587e-04,-4.026105e-02,1.690493e+01,-6.855814e-02,-8.950966e-03,-4.705988e-04,1.024908e-02,-2.643295e-03,-7.073103e+00,4.060023e+01,-2.297986e+00,1.082819e+03,-4.811294e+04,1.875268e+03,2.249283e+05,-5.609889e-02,-1.848582e-01,1.549494e-02,8.522981e+01,-3.087294e+02,-8.561981e+00
4.522190e-03,1.373386e+04,2.529444e+03,5.736330e-02,-1.044234e-02,4.715158e+00,5.733877e-03,2.378655e-06,1.518347e-01,0.000000e+00,0.000000e+00,3.748117e+02,0.000000e+00,0.000000e+00,0.000000e+00,0.000000e+00,0.000000e+00,0.000000e+00,0.000000e+00,0.000000e+00,0.000000e+00,0.000000e+00,1.373386e+04,4.231854e+02,-8.138172e-02,-3.365834e-03,8.375220e-01,9.097792e-04,0.000000e+00,0.000000e+00,0.000000e+00,0.000000e+00,0.000000e+00,0.000000e+00,0.000000e+00,0.000000e+00,0.000000e+00,0.000000e+00,0.000000e+00,0.000000e+00,0.000000e+00,0.000000e+00,0.000000e+00,0.000000e+00,0.000000e+00,0.000000e+00,0.000000e+00,0.000000e+00,0.000000e+00,0.000000e+00,0.000000e+00,0.000000e+00,0.000000e+00,0.000000e+00,0.000000e+00,0.000000e+00,0.000000e+00,0.000000e+00,-2.105555e+05,-9.000386e+02,-4.310029e+04,-1.069710e-02,-2.394025e-03,-9.003298e+00,3.643712e-02,3.189482e-03,-6.256468e-01,2.511450e-04,-4.031365e-02,1.691333e+01,-6.887841e-02,-8.945162e-03,-4.706543e-04,1.072782e-02,-2.670489e-03,-7.060207e+00,4.002358e+01,-2.280613e+00,1.085423e+03,-4.978667e+04,9.123154e+02,2.090753e+05,-5.505791e-02,-1.876277e-01,1.543946e-02,8.488666e+01,-1.122300e+02,2.429875e+00
4.531705e-03,1.372712e+04,2.536167e+03,5.793196e-02,-1.045835e-02,4.721713e+00,5.733877e-03,2.378789e-06,1.519626e-01,0.000000e+00,0.000000e+00,3.749248e+02,0.000000e+00,0.000000e+00,0.000000e+00,0.000000e+00,0.000000e+00,0.000000e+00,0.000000e+00,0.000000e+00,0.000000e+00,0.000000e+00,1.372712e+04,4.225098e+02,-7.906067e-02,-3.389952e-03,8.371791e-01,9.097792e-04,0.000000e+00,0.000000e+00,0.000000e+00,0.000000e+00,0.000000e+00,0.000000e+00,0.000000e+00,0.000000e+00,0.000000e+00,0.000000e+00,0.000000e+00,0.000000e+00,0.000000e+00,0.000000e+00,0.000000e+00,0.000000e+00,0.000000e+00,0.000000e+00,0.000000e+00,0.000000e+00,0.000000e+00,0.000000e+00,0.000000e+00,0.000000e+00,0.000000e+00,0.000000e+00,0.000000e+00,0.000000e+00,0.000000e+00,0.000000e+00,-1.983127e+05,-5.911041e+02,-3.352080e+04,-1.069710e-02,-2.394025e-03,-9.003298e+00,3.643712e-02,3.189482e-03,-6.256468e-01,2.507528e-04,-4.035452e-02,1.691987e+01,-6.913073e-02,-8.938933e-03,-4.707022e-04,1.110578e-02,-2.692143e-03,-7.049868e+00,3.953821e+01,-2.273462e+00,1.087360e+03,-5.330477e+04,6.024802e+02,1.939334e+05,-5.430448e-02,-1.881151e-01,1.548192e-02,6.839742e+01,4.522138e+01,4.765895e+00
4.541220e-03,1.372073e+04,2.542517e+03,5.847232e-02,-1.047583e-02,4.728235e+00,5.733877e-03,2.378871e-06,1.502171e-01,0.000000e+00,0.000000e+00,3.750645e+02,0.000000e+00,0.000000e+00,0.000000e+00,0.000000e+00,0.000000e+00,0.000000e+00,0.000000e+00,0.000000e+00,0.000000e+00,0.000000e+00,1.372073e+04,4.220241e+02,-7.667444e-02,-3.415624e-03,8.373064e-01,9.097793e-04,0.000000e+00,0.000000e+00,0.000000e+00,0.000000e+00,0.000000e+00,0.000000e+00,0.000000e+00,0.000000e+00,0.000000e+00,0.000000e+00,0.000000e+00,0.000000e+00,0.000000e+00,0.000000e+00,0.000000e+00,0.000000e+00,0.000000e+00,0.000000e+00,0.000000e+00,0.000000e+00,0.000000e+00,0.000000e+00,0.000000e+00,0.000000e+00,0.000000e+00,0.000000e+00,0.000000e+00,0.000000e+00,0.000000e+00,0.000000e+00,-1.845513e+05,-7.184011e+02,-2.326414e+04,-1.069710e-02,-2.394025e-03,-9.003298e+00,3.643712e-02,3.189482e-03,-6.256468e-01,2.503621e-04,-4.039568e-02,1.692639e+01,-6.937914e-02,-8.933529e-03,-4.706840e-04,1.147893e-02,-2.713741e-03,-7.039511e+00,3.901773e+01,-2.267437e+00,1.089146e+03,-5.679581e+04,7.287484e+02,1.771288e+05,-5.370969e-02,-1.872347e-01,1.550124e-02,5.511054e+01,1.578462e+02,-2.919017e+00
4.550736e-03,1.371474e+04,2.548470e+03,5.899700e-02,-1.049107e-02,4.734731e+00,5.733877e-03,2.378924e-06,1.474336e-01,0.000000e+00,0.000000e+00,3.751989e+02,0.000000e+00,0.000000e+00,0.000000e+00,0.000000e+00,0.000000e+00,0.000000e+00,0.000000e+00,0.000000e+00,0.000000e+00,0.000000e+00,1.371474e+04,4.217545e+02,-7.421861e-02,-3.447248e-03,8.379855e-01,9.097795e-04,0.000000e+00,0.000000e+00,0.000000e+00,0.000000e+00,0.000000e+00,0.000000e+00,0.000000e+00,0.000000e+00,0.000000e+00,0.000000e+00,0.000000e+00,0.000000e+00,0.000000e+00,0.000000e+00,0.000000e+00,0.000000e+00,0.000000e+00,0.000000e+00,0.000000e+00,0.000000e+00,0.000000e+00,0.000000e+00,0.000000e+00,0.000000e+00,0.000000e+00,0.000000e+00,0.000000e+00,0.000000e+00,0.000000e+00,0.000000e+00,-1.699419e+05,-9.262684e+02,-1.397865e+04,-1.069710e-02,-2.394025e-03,-9.003298e+00,3.643712e-02,3.189482e-03,-6.256468e-01,2.492678e-04,-4.043712e-02,1.693288e+01,-6.962023e-02,-8.932017e-03,-4.707786e-04,1.184695e-02,-2.735273e-03,-7.029137e+00,3.846834e+01,-2.259802e+00,1.090770e+03,-5.904861e+04,9.355554e+02,1.599653e+05,-5.319078e-02,-1.855375e-01,1.545807e-02,5.688039e+01,1.973111e+02,-4.883057e+00
4.560252e-03,1.370920e+04,2.554016e+03,5.948651e-02,-1.050378e-02,4.741145e+00,5.733877e-03,2.379011e-06,1.445011e-01,0.000000e+00,0.000000e+00,3.752927e+02,0.000000e+00,0.000000e+00,0.000000e+00,0.000000e+00,0.000000e+00,0.000000e+00,0.000000e+00,0.000000e+00,0.000000e+00,0.000000e+00,1.370920e+04,4.216935e+02,-7.174492e-02,-3.482424e-03,8.391564e-01,9.097793e-04,0.000000e+00,0.000000e+00,0.000000e+00,0.000000e+00,0.000000e+00,0.000000e+00,0.000000e+00,0.000000e+00,0.000000e+00,0.000000e+00,0.000000e+00,0.000000e+00,0.000000e+00,0.000000e+00,0.000000e+00,0.000000e+00,0.000000e+00,0.000000e+00,0.000000e+00,0.000000e+00,0.000000e+00,0.000000e+00,0.000000e+00,0.000000e+00,0.000000e+00,0.000000e+00,0.000000e+00,0.000000e+00,0.000000e+00,0.000000e+00,-1.555995e+05,-1.144465e+03,-6.376254e+03,-1.069710e-02,-2.394025e-03,-9.003298e+00,3.643712e-02,3.189482e-03,-6.256468e-01,2.425306e-04,-4.047721e-02,1.693928e+01,-6.986292e-02,-8.936705e-03,-4.715102e-04,1.220965e-02,-2.756720e-03,-7.018749e+00,3.790221e+01,-2.250039e+00,1.092233e+03,-5.988805e+04,1.152764e+03,1.437542e+05,-5.261600e-02,-1.836774e-01,1.544021e-02,6.531560e+01,1.895375e+02,5.797384e+00
4.572147e-03,1.370287e+04,2.560384e+03,6.008685e-02,-1.051991e-02,4.748961e+00,5.733877e-03,2.379192e-06,1.408423e-01,0.000000e+00,0.000000e+00,3.753871e+02,0.000000e+00,0.000000e+00,0.000000e+00,0.000000e+00,0.000000e+00,0.000000e+00,0.000000e+00,0.000000e+00,0.000000e+00,0.000000e+00,1.370287e+04,4.218685e+02,-6.865132e-02,-3.527571e-03,8.411769e-01,9.097793e-04,0.000000e+00,0.000000e+00,0.000000e+00,0.000000e+00,0.000000e+00,0.000000e+00,0.000000e+00,0.000000e+00,0.000000e+00,0.000000e+00,0.000000e+00,0.000000e+00,0.000000e+00,0.000000e+00,0.000000e+00,0.000000e+00,0.000000e+00,0.000000e+00,0.000000e+00,0.000000e+00,0.000000e+00,0.000000e+00,0.000000e+00,0.000000e+00,0.000000e+00,0.000000e+00,0.000000e+00,0.000000e+00,0.000000e+00,0.000000e+00,-1.374002e+05,-1.101256e+03,1.450859e+03,-1.069710e-02,-2.394025e-03,-9.003298e+00,3.643712e-02,3.189482e-03,-6.256468e-01,2.249175e-04,-4.052364e-02,1.694707e+01,-7.016373e-02,-8.939489e-03,-4.733075e-04,1.265544e-02,-2.783387e-03,-7.005744e+00,3.719205e+01,-2.236243e+00,1.093849e+03,-5.930345e+04,1.108354e+03,1.239516e+05,-5.186113e-02,-1.813620e-01,1.561133e-02,5.355323e+01,2.231066e+02,2.643958e+01
4.581664e-03,1.369819e+04,2.565063e+03,6.055732e-02,-1.053621e-02,4.755085e+00,5.733877e-03,2.379335e-06,1.370362e-01,0.000000e+00,0.000000e+00,3.754900e+02,0.000000e+00,0.000000e+00,0.000000e+00,0.000000e+00,0.000000e+00,0.000000e+00,0.000000e+00,0.000000e+00,0.000000e+00,0.000000e+00,1.369819e+04,4.222374e+02,-6.621909e-02,-3.566202e-03,8.432608e-01,9.097793e-04,0.000000e+00,0.000000e+00,0.000000e+00,0.000000e+00,0.000000e+00,0.000000e+00,0.000000e+00,0.000000e+00,0.000000e+00,0.000000e+00,0.000000e+00,0.000000e+00,0.000000e+00,0.000000e+00,0.000000e+00,0.000000e+00,0.000000e+00,0.000000e+00,0.000000e+00,0.000000e+00,0.000000e+00,0.000000e+00,0.000000e+00,0.000000e+00,0.000000e+00,0.000000e+00,0.000000e+00,0.000000e+00,0.000000e+00,0.000000e+00,-1.231597e+05,-9.944494e+02,8.015070e+03,-1.069710e-02,-2.394025e-03,-9.003298e+00,3.643712e-02,3.189482e-03,-6.256468e-01,2.025116e-04,-4.055901e-02,1.695318e+01,-7.039883e-02,-8.946639e-03,-4.755550e-04,1.300604e-02,-2.804608e-03,-6.995327e+00,3.662864e+01,-2.226097e+00,1.094972e+03,-5.924459e+04,1.000564e+03,1.082711e+05,-5.145583e-02,-1.788848e-01,1.590886e-02,2.214678e+01,3.396873e+02,3.960351e+01
4.591181e-03,1.369391e+04,2.569394e+03,6.100775e-02,-1.055342e-02,4.761066e+00,5.733877e-03,2.379451e-06,1.314266e-01,0.000000e+00,0.000000e+00,3.755399e+02,0.000000e+00,0.000000e+00,0.000000e+00,0.000000e+00,0.000000e+00,0.000000e+00,0.000000e+00,0.000000e+00,0.000000e+00,0.000000e+00,1.369391e+04,4.227926e+02,-6.382450e-02,-3.610349e-03,8.457116e-01,9.097793e-04,0.000000e+00,0.000000e+00,0.000000e+00,0.000000e+00,0.000000e+00,0.000000e+00,0.000000e+00,0.000000e+00,0.000000e+00,0.000000e+00,0.000000e+00,0.000000e+00,0.000000e+00,0.000000e+00,0.000000e+00,0.000000e+00,0.000000e+00,0.000000e+00,0.000000e+00,0.000000e+00,0.000000e+00,0.000000e+00,0.000000e+00,0.000000e+00,0.000000e+00,0.000000e+00,0.000000e+00,0.000000e+00,0.000000e+00,0.000000e+00,-1.113205e+05,-1.041358e+03,1.508261e+04,-1.069710e-02,-2.394025e-03,-9.003298e+00,3.643712e-02,3.189482e-03,-6.256468e-01,1.715881e-04,-4.059239e-02,1.695913e+01,-7.062295e-02,-8.953605e-03,-4.785350e-04,1.335129e-02,-2.825739e-03,-6.984900e+00,3.606105e+01,-2.216662e+00,1.095952e+03,-6.065539e+04,1.046594e+03,9.455505e+04,-5.135367e-02,-1.750322e-01,1.634553e-02,-4.106617e+00,5.227162e+02,5.737992e+01
4.600700e-03,1.368999e+04,2.573377e+03,6.142446e-02,-1.056751e-02,4.766789e+00,5.733877e-03,2.379566e-06,1.235354e-01,0.000000e+00,0.000000e+00,3.755661e+02,0.000000e+00,0.000000e+00,0.000000e+00,0.000000e+00,0.000000e+00,0.000000e+00,0.000000e+00,0.000000e+00,0.000000e+00,0.000000e+00,1.368999e+04,4.234589e+02,-6.144000e-02,-3.660570e-03,8.483450e-01,9.097792e-04,0.000000e+00,0.000000e+00,0.000000e+00,0.000000e+00,0.000000e+00,0.000000e+00,0.000000e+00,0.000000e+00,0.000000e+00,0.000000e+00,0.000000e+00,0.000000e+00,0.000000e+00,0.000000e+00,0.000000e+00,0.000000e+00,0.000000e+00,0.000000e+00,0.000000e+00,0.000000e+00,0.000000e+00,0.000000e+00,0.000000e+00,0.000000e+00,0.000000e+00,0.000000e+00,0.000000e+00,0.000000e+00,0.000000e+00,0.000000e+00,-1.009702e+05,-1.452375e+03,2.235128e+04,-1.069710e-02,-2.394025e-03,-9.003298e+00,3.643712e-02,3.189483e-03,-6.256468e-01,1.316558e-04,-4.062182e-02,1.696481e+01,-7.083493e-02,-8.961102e-03,-4.823334e-04,1.369105e-02,-2.846773e-03,-6.974463e+00,3.547543e+01,-2.205391e+00,1.096808e+03,-6.287689e+04,1.456775e+03,8.210391e+04,-5.141711e-02,-1.693284e-01,1.696118e-02,-5.800339e+00,7.257296e+02,7.644236e+01
4.610218e-03,1.368637e+04,2.577054e+03,6.180881e-02,-1.057805e-02,4.772254e+00,5.733877e-03,2.379707e-06,1.136399e-01,0.000000e+00,0.000000e+00,3.756148e+02,0.000000e+00,0.000000e+00,0.000000e+00,0.000000e+00,0.000000e+00,0.000000e+00,0.000000e+00,0.000000e+00,0.000000e+00,0.000000e+00,1.368637e+04,4.242617e+02,-5.906971e-02,-3.717006e-03,8.511201e-01,9.097793e-04,0.000000e+00,0.000000e+00,0.000000e+00,0.000000e+00,0.000000e+00,0.000000e+00,0.000000e+00,0.000000e+00,0.000000e+00,0.000000e+00,0.000000e+00,0.000000e+00,0.000000e+00,0.000000e+00,0.000000e+00,0.000000e+00,0.000000e+00,0.000000e+00,0.000000e+00,0.000000e+00,0.000000e+00,0.000000e+00,0.000000e+00,0.000000e+00,0.000000e+00,0.000000e+00,0.000000e+00,0.000000e+00,0.000000e+00,0.000000e+00,-8.873030e+04,-1.727123e+03,2.897866e+04,-1.069710e-02,-2.394025e-03,-9.003298e+00,3.643712e-02,3.189483e-03,-6.256468e-01,8.283294e-05,-4.064688e-02,1.697024e+01,-7.103994e-02,-8.970554e-03,-4.868768e-04,1.402514e-02,-2.867677e-03,-6.964019e+00,3.487263e+01,-2.190278e+00,1.097542e+03,-6.371941e+04,1.730600e+03,6.821037e+04,-5.142658e-02,-1.617823e-01,1.774282e-02,7.727078e+00,8.888644e+02,8.925041e+01
4.622117e-03,1.368218e+04,2.581290e+03,6.225204e-02,-1.058405e-02,4.778770e+00,5.733877e-03,2.379899e-06,1.001040e-01,0.000000e+00,0.000000e+00,3.756954e+02,0.000000e+00,0.000000e+00,0.000000e+00,0.000000e+00,0.000000e+00,0.000000e+00,0.000000e+00,0.000000e+00,0.000000e+00,0.000000e+00,1.368218e+04,4.256543e+02,-5.618118e-02,-3.781650e-03,8.549665e-01,9.097792e-04,0.000000e+00,0.000000e+00,0.000000e+00,0.000000e+00,0.000000e+00,0.000000e+00,0.000000e+00,0.000000e+00,0.000000e+00,0.000000e+00,0.000000e+00,0.000000e+00,0.000000e+00,0.000000e+00,0.000000e+00,0.000000e+00,0.000000e+00,0.000000e+00,0.000000e+00,0.000000e+00,0.000000e+00,0.000000e+00,0.000000e+00,0.000000e+00,0.000000e+00,0.000000e+00,0.000000e+00,0.000000e+00,0.000000e+00,0.000000e+00,-6.984177e+04,-1.721932e+03,3.674559e+04,-1.069710e-02,-2.394025e-03,-9.003298e+00,3.643712e-02,3.189483e-03,-6.256468e-01,1.016956e-05,-4.067164e-02,1.697672e+01,-7.129114e-02,-8.984246e-03,-4.934170e-04,1.443469e-02,-2.893591e-03,-6.950954e+00,3.411732e+01,-2.169502e+00,1.098259e+03,-6.278905e+04,1.724084e+03,4.780835e+04,-5.130138e-02,-1.506874e-01,1.881501e-02,7.618447e+00,9.765011e+02,8.875717e+01
4.631637e-03,1.367906e+04,2.584462e+03,6.257927e-02,-1.058470e-02,4.783790e+00,5.733877e-03,2.380033e-06,8.946061e-02,0.000000e+00,0.000000e+00,3.757452e+02,0.000000e+00,0.000000e+00,0.000000e+00,0.000000e+00,0.000000e+00,0.000000e+00,0.000000e+00,0.000000e+00,0.000000e+00,0.000000e+00,1.367906e+04,4.272276e+02,-5.394820e-02,-3.828514e-03,8.584775e-01,9.097792e-04,0.000000e+00,0.000000e+00,0.000000e+00,0.000000e+00,0.000000e+00,0.000000e+00,0.000000e+00,0.000000e+00,0.000000e+00,0.000000e+00,0.000000e+00,0.000000e+00,0.000000e+00,0.000000e+00,0.000000e+00,0.000000e+00,0.000000e+00,0.000000e+00,0.000000e+00,0.000000e+00,0.000000e+00,0.000000e+00,0.000000e+00,0.000000e+00,0.000000e+00,0.000000e+00,0.000000e+00,0.000000e+00,0.000000e+00,0.000000e+00,-5.458784e+04,-1.610391e+03,4.287511e+04,-1.069710e-02,-2.394025e-03,-9.003298e+00,3.643712e-02,3.189483e-03,-6.256468e-01,-5.618914e-05,-4.068677e-02,1.698172e+01,-7.148878e-02,-8.993887e-03,-4.992129e-04,1.475594e-02,-2.914148e-03,-6.940496e+00,3.352346e+01,-2.153499e+00,1.098655e+03,-6.190812e+04,1.611422e+03,3.139250e+04,-5.129882e-02,-1.412557e-01,1.964292e-02,-1.416070e+01,1.018550e+03,8.323772e+01
4.641157e-03,1.367614e+04,2.587496e+03,6.288254e-02,-1.058114e-02,4.788584e+00,5.733877e-03,2.380141e-06,7.903969e-02,0.000000e+00,0.000000e+00,3.757303e+02,0.000000e+00,0.000000e+00,0.000000e+00,0.000000e+00,0.000000e+00,0.000000e+00,0.000000e+00,0.000000e+00,0.000000e+00,0.000000e+00,1.367614e+04,4.292499e+02,-5.176375e-02,-3.874361e-03,8.623146e-01,9.097792e-04,0.000000e+00,0.000000e+00,0.000000e+00,0.000000e+00,0.000000e+00,0.000000e+00,0.000000e+00,0.000000e+00,0.000000e+00,0.000000e+00,0.000000e+00,0.000000e+00,0.000000e+00,0.000000e+00,0.000000e+00,0.000000e+00,0.000000e+00,0.000000e+00,0.000000e+00,0.000000e+00,0.000000e+00,0.000000e+00,0.000000e+00,0.000000e+00,0.000000e+00,0.000000e+00,0.000000e+00,0.000000e+00,0.000000e+00,0.000000e+00,-4.064508e+04,-1.493979e+03,4.920966e+04,-1.069710e-02,-2.394025e-03,-9.003298e+00,3.643712e-02,3.189483e-03,-6.256468e-01,-1.294287e-04,-4.070079e-02,1.698647e+01,-7.167660e-02,-9.007523e-03,-5.055289e-04,1.507158e-02,-2.934560e-03,-6.930036e+00,3.293460e+01,-2.138509e+00,1.098898e+03,-6.176637e+04,1.493978e+03,1.607879e+04,-5.151386e-02,-1.313129e-01,2.040416e-02,-3.396093e+01,1.095652e+03,7.419425e+01
4.650678e-03,1.367330e+04,2.590418e+03,6.314944e-02,-1.057525e-02,4.793107e+00,5.733877e-03,2.380251e-06,6.865118e-02,0.000000e+00,0.000000e+00,3.757459e+02,0.000000e+00,0.000000e+00,0.000000e+00,0.000000e+00,0.000000e+00,0.000000e+00,0.000000e+00,0.000000e+00,0.000000e+00,0.000000e+00,1.367330e+04,4.317029e+02,-4.964408e-02,-3.917213e-03,8.663745e-01,9.097792e-04,0.000000e+00,0.000000e+00,0.000000e+00,0.000000e+00,0.000000e+00,0.000000e+00,0.000000e+00,0.000000e+00,0.000000e+00,0.000000e+00,0.000000e+00,0.000000e+00,0.000000e+00,0.000000e+00,0.000000e+00,0.000000e+00,0.000000e+00,0.000000e+00,0.000000e+00,0.000000e+00,0.000000e+00,0.000000e+00,0.000000e+00,0.000000e+00,0.000000e+00,0.000000e+00,0.000000e+00,0.000000e+00,0.000000e+00,0.000000e+00,-2.720019e+04,-1.257955e+03,5.466813e+04,-1.069710e-02,-2.394025e-03,-9.003298e+00,3.643712e-02,3.189483e-03,-6.256468e-01,-2.097877e-04,-4.071426e-02,1.699096e+01,-7.184587e-02,-9.022082e-03,-5.122243e-04,1.538165e-02,-2.954839e-03,-6.919572e+00,3.234846e+01,-2.125119e+00,1.098999e+03,-6.104049e+04,1.256949e+03,1.586229e+03,-5.186382e-02,-1.205408e-01,2.108192e-02,-3.857796e+01,1.189379e+03,6.674493e+01
4.660199e-03,1.367057e+04,2.593248e+03,6.339719e-02,-1.056473e-02,4.797390e+00,5.733877e-03,2.380368e-06,5.848641e-02,0.000000e+00,0.000000e+00,3.757527e+02,0.000000e+00,0.000000e+00,0.000000e+00,0.000000e+00,0.000000e+00,0.000000e+00,0.000000e+00,0.000000e+00,0.000000e+00,0.000000e+00,1.367057e+04,4.345932e+02,-4.760602e-02,-3.950400e-03,8.706736e-01,9.097793e-04,0.000000e+00,0.000000e+00,0.000000e+00,0.000000e+00,0.000000e+00,0.000000e+00,0.000000e+00,0.000000e+00,0.000000e+00,0.000000e+00,0.000000e+00,0.000000e+00,0.000000e+00,0.000000e+00,0.000000e+00,0.000000e+00,0.000000e+00,0.000000e+00,0.000000e+00,0.000000e+00,0.000000e+00,0.000000e+00,0.000000e+00,0.000000e+00,0.000000e+00,0.000000e+00,0.000000e+00,0.000000e+00,0.000000e+00,0.000000e+00,-1.268667e+04,-1.276224e+03,5.919201e+04,-1.069710e-02,-2.394025e-03,-9.003298e+00,3.643712e-02,3.189483e-03,-6.256468e-01,-2.968989e-04,-4.072725e-02,1.699520e+01,-7.201348e-02,-9.039512e-03,-5.193882e-04,1.568621e-02,-2.975002e-03,-6.909109e+00,3.177310e+01,-2.113400e+00,1.098961e+03,-5.901627e+04,1.274184e+03,-1.348073e+04,-5.222804e-02,-1.089227e-01,2.169455e-02,-3.851036e+01,1.269692e+03,6.067647e+01
4.672101e-03,1.366732e+04,2.596641e+03,6.368603e-02,-1.054977e-02,4.802439e+00,5.733877e-03,2.380556e-06,4.655703e-02,0.000000e+00,0.000000e+00,3.757332e+02,0.000000e+00,0.000000e+00,0.000000e+00,0.000000e+00,0.000000e+00,0.000000e+00,0.000000e+00,0.000000e+00,0.000000e+00,0.000000e+00,1.366732e+04,4.388654e+02,-4.525341e-02,-3.997351e-03,8.764801e-01,9.097793e-04,0.000000e+00,0.000000e+00,0.000000e+00,0.000000e+00,0.000000e+00,0.000000e+00,0.000000e+00,0.000000e+00,0.000000e+00,0.000000e+00,0.000000e+00,0.000000e+00,0.000000e+00,0.000000e+00,0.000000e+00,0.000000e+00,0.000000e+00,0.000000e+00,0.000000e+00,0.000000e+00,0.000000e+00,0.000000e+00,0.000000e+00,0.000000e+00,0.000000e+00,0.000000e+00,0.000000e+00,0.000000e+00,0.000000e+00,0.000000e+00,8.029992e+03,-1.657562e+03,6.277953e+04,-1.069710e-02,-2.394025e-03,-9.003298e+00,3.643712e-02,3.189483e-03,-6.256468e-01,-4.105460e-04,-4.074284e-02,1.700021e+01,-7.221346e-02,-9.058902e-03,-5.286596e-04,1.605948e-02,-3.000041e-03,-6.896030e+00,3.109430e+01,-2.096611e+00,1.098705e+03,-5.352513e+04,1.654169e+03,-3.377607e+04,-5.272099e-02,-9.335247e-02,2.239253e-02,-4.745861e+01,1.363600e+03,5.568918e+01
4.681624e-03,1.366486e+04,2.599234e+03,6.390152e-02,-1.053705e-02,4.806202e+00,5.733877e-03,2.380715e-06,3.799935e-02,0.000000e+00,0.000000e+00,3.756917e+02,0.000000e+00,0.000000e+00,0.000000e+00,0.000000e+00,0.000000e+00,0.000000e+00,0.000000e+00,0.000000e+00,0.000000e+00,0.000000e+00,1.366486e+04,4.428303e+02,-4.358437e-02,-4.049411e-03,8.814723e-01,9.097793e-04,0.000000e+00,0.000000e+00,0.000000e+00,0.000000e+00,0.000000e+00,0.000000e+00,0.000000e+00,0.000000e+00,0.000000e+00,0.000000e+00,0.000000e+00,0.000000e+00,0.000000e+00,0.000000e+00,0.000000e+00,0.000000e+00,0.000000e+00,0.000000e+00,0.000000e+00,0.000000e+00,0.000000e+00,0.000000e+00,0.000000e+00,0.000000e+00,0.000000e+00,0.000000e+00,0.000000e+00,0.000000e+00,0.000000e+00,0.000000e+00,2.437990e+04,-2.021105e+03,6.490680e+04,-1.069710e-02,-2.394025e-03,-9.003298e+00,3.643712e-02,3.189483e-03,-6.256468e-01,-5.026059e-04,-4.075461e-02,1.700393e+01,-7.236011e-02,-9.074841e-03,-5.359274e-04,1.635261e-02,-3.019906e-03,-6.885570e+00,3.060289e+01,-2.079488e+00,1.098325e+03,-4.855316e+04,2.016722e+03,-4.949628e+04,-5.320404e-02,-8.015831e-02,2.290452e-02,-5.522616e+01,1.414743e+03,5.129853e+01
4.691147e-03,1.366251e+04,2.601712e+03,6.409580e-02,-1.052593e-02,4.809715e+00,5.733877e-03,2.380844e-06,3.070453e-02,0.000000e+00,0.000000e+00,3.756690e+02,0.000000e+00,0.000000e+00,0.000000e+00,0.000000e+00,0.000000e+00,0.000000e+00,0.000000e+00,0.000000e+00,0.000000e+00,0.000000e+00,1.366251e+04,4.472210e+02,-4.209387e-02,-4.114946e-03,8.867077e-01,9.097792e-04,0.000000e+00,0.000000e+00,0.000000e+00,0.000000e+00,0.000000e+00,0.000000e+00,0.000000e+00,0.000000e+00,0.000000e+00,0.000000e+00,0.000000e+00,0.000000e+00,0.000000e+00,0.000000e+00,0.000000e+00,0.000000e+00,0.000000e+00,0.000000e+00,0.000000e+00,0.000000e+00,0.000000e+00,0.000000e+00,0.000000e+00,0.000000e+00,0.000000e+00,0.000000e+00,0.000000e+00,0.000000e+00,0.000000e+00,0.000000e+00,3.739622e+04,-2.177589e+03,6.735027e+04,-1.069710e-02,-2.394025e-03,-9.003298e+00,3.643712e-02,3.189483e-03,-6.256468e-01,-5.954006e-04,-4.076571e-02,1.700740e+01,-7.248814e-02,-9.089275e-03,-5.427685e-04,1.664134e-02,-3.039592e-03,-6.875114e+00,3.015419e+01,-2.059570e+00,1.097806e+03,-4.527468e+04,2.172272e+03,-6.232786e+04,-5.373865e-02,-6.663136e-02,2.340084e-02,-5.549844e+01,1.416723e+03,5.589822e+01
4.700670e-03,1.366028e+04,2.604055e+03,6.427084e-02,-1.051483e-02,4.812988e+00,5.733877e-03,2.380945e-06,2.498192e-02,0.000000e+00,0.000000e+00,3.756559e+02,0.000000e+00,0.000000e+00,0.000000e+00,0.000000e+00,0.000000e+00,0.000000e+00,0.000000e+00,0.000000e+00,0.000000e+00,0.000000e+00,1.366028e+04,4.519097e+02,-4.069481e-02,-4.183480e-03,8.920969e-01,9.097792e-04,0.000000e+00,0.000000e+00,0.000000e+00,0.000000e+00,0.000000e+00,0.000000e+00,0.000000e+00,0.000000e+00,0.000000e+00,0.000000e+00,0.000000e+00,0.000000e+00,0.000000e+00,0.000000e+00,0.000000e+00,0.000000e+00,0.000000e+00,0.000000e+00,0.000000e+00,0.000000e+00,0.000000e+00,0.000000e+00,0.000000e+00,0.000000e+00,0.000000e+00,0.000000e+00,0.000000e+00,0.000000e+00,0.000000e+00,0.000000e+00,4.616416e+04,-2.276817e+03,7.081406e+04,-1.069710e-02,-2.394025e-03,-9.003298e+00,3.643712e-02,3.189483e-03,-6.256468e-01,-6.890686e-04,-4.077639e-02,1.701064e+01,-7.259902e-02,-9.101924e-03,-5.492278e-04,1.692597e-02,-3.059082e-03,-6.864663e+00,2.972681e+01,-2.038543e+00,1.097176e+03,-4.471433e+04,2.270822e+03,-7.173853e+04,-5.423710e-02,-5.334137e-02,2.396937e-02,-4.528054e+01,1.342066e+03,6.555585e+01
4.710194e-03,1.365819e+04,2.606252e+03,6.442937e-02,-1.050571e-02,4.816027e+00,5.733877e-03,2.381084e-06,2.093544e-02,0.000000e+00,0.000000e+00,3.756395e+02,0.000000e+00,0.000000e+00,0.000000e+00,0.000000e+00,0.000000e+00,0.000000e+00,0.000000e+00,0.000000e+00,0.000000e+00,0.000000e+00,1.365819e+04,4.567673e+02,-3.927888e-02,-4.253906e-03,8.975362e-01,9.097794e-04,0.000000e+00,0.000000e+00,0.000000e+00,0.000000e+00,0.000000e+00,0.000000e+00,0.000000e+00,0.000000e+00,0.000000e+00,0.000000e+00,0.000000e+00,0.000000e+00,0.000000e+00,0.000000e+00,0.000000e+00,0.000000e+00,0.000000e+00,0.000000e+00,0.000000e+00,0.000000e+00,0.000000e+00,0.000000e+00,0.000000e+00,0.000000e+00,0.000000e+00,0.000000e+00,0.000000e+00,0.000000e+00,0.000000e+00,0.000000e+00,5.096075e+04,-2.255725e+03,7.499439e+04,-1.069710e-02,-2.394025e-03,-9.003298e+00,3.643712e-02,3.189483e-03,-6.256468e-01,-7.828502e-04,-4.078663e-02,1.701364e+01,-7.269477e-02,-9.111864e-03,-5.554898e-04,1.720654e-02,-3.078368e-03,-6.854217e+00,2.929663e+01,-2.016804e+00,1.096469e+03,-4.647962e+04,2.249200e+03,-7.785134e+04,-5.461992e-02,-4.106786e-02,2.460148e-02,-3.252853e+01,1.184828e+03,6.280333e+01
4.722100e-03,1.365579e+04,2.608804e+03,6.460443e-02,-1.049603e-02,4.819468e+00,5.733877e-03,2.381316e-06,1.789112e-02,0.000000e+00,0.000000e+00,3.756007e+02,0.000000e+00,0.000000e+00,0.000000e+00,0.000000e+00,0.000000e+00,0.000000e+00,0.000000e+00,0.000000e+00,0.000000e+00,0.000000e+00,1.365579e+04,4.629288e+02,-3.732152e-02,-4.336334e-03,9.042420e-01,9.097796e-04,0.000000e+00,0.000000e+00,0.000000e+00,0.000000e+00,0.000000e+00,0.000000e+00,0.000000e+00,0.000000e+00,0.000000e+00,0.000000e+00,0.000000e+00,0.000000e+00,0.000000e+00,0.000000e+00,0.000000e+00,0.000000e+00,0.000000e+00,0.000000e+00,0.000000e+00,0.000000e+00,0.000000e+00,0.000000e+00,0.000000e+00,0.000000e+00,0.000000e+00,0.000000e+00,0.000000e+00,0.000000e+00,0.000000e+00,0.000000e+00,5.135391e+04,-1.898689e+03,8.259234e+04,-1.069710e-02,-2.394025e-03,-9.003298e+00,3.643712e-02,3.189483e-03,-6.256468e-01,-8.949349e-04,-4.079877e-02,1.701704e+01,-7.278959e-02,-9.121980e-03,-5.628700e-04,1.755126e-02,-3.102195e-03,-6.841169e+00,2.871582e+01,-1.991429e+00,1.095521e+03,-5.320170e+04,1.891663e+03,-8.141452e+04,-5.496664e-02,-2.814077e-02,2.518645e-02,-2.576720e+01,9.385670e+02,2.227312e+01
4.731625e-03,1.365398e+04,2.610712e+03,6.472264e-02,-1.048852e-02,4.821957e+00,5.733877e-03,2.381475e-06,1.652111e-02,0.000000e+00,0.000000e+00,3.755886e+02,0.000000e+00,0.000000e+00,0.000000e+00,0.000000e+00,0.000000e+00,0.000000e+00,0.000000e+00,0.000000e+00,0.000000e+00,0.000000e+00,1.365398e+04,4.678321e+02,-3.548992e-02,-4.390846e-03,9.094366e-01,9.097793e-04,0.000000e+00,0.000000e+00,0.000000e+00,0.000000e+00,0.000000e+00,0.000000e+00,0.000000e+00,0.000000e+00,0.000000e+00,0.000000e+00,0.000000e+00,0.000000e+00,0.000000e+00,0.000000e+00,0.000000e+00,0.000000e+00,0.000000e+00,0.000000e+00,0.000000e+00,0.000000e+00,0.000000e+00,0.000000e+00,0.000000e+00,0.000000e+00,0.000000e+00,0.000000e+00,0.000000e+00,0.000000e+00,0.000000e+00,0.000000e+00,4.849152e+04,-1.468423e+03,8.969643e+04,-1.069710e-02,-2.394025e-03,-9.003298e+00,3.643712e-02,3.189483e-03,-6.256468e-01,-9.800718e-04,-4.080771e-02,1.701949e+01,-7.284088e-02,-9.129733e-03,-5.682594e-04,1.782167e-02,-3.121063e-03,-6.830739e+00,2.818264e+01,-1.974942e+00,1.094743e+03,-6.085012e+04,1.461196e+03,-8.181785e+04,-5.518906e-02,-1.980248e-02,2.526129e-02,-1.625454e+01,7.814997e+02,-1.370631e+01
4.741151e-03,1.365227e+04,2.612527e+03,6.482289e-02,-1.048261e-02,4.824227e+00,5.733877e-03,2.381582e-06,1.564574e-02,0.000000e+00,0.000000e+00,3.755733e+02,0.000000e+00,0.000000e+00,0.000000e+00,0.000000e+00,0.000000e+00,0.000000e+00,0.000000e+00,0.000000e+00,0.000000e+00,0.000000e+00,1.365227e+04,4.726681e+02,-3.337344e-02,-4.433901e-03,9.144301e-01,9.097793e-04,0.000000e+00,0.000000e+00,0.000000e+00,0.000000e+00,0.000000e+00,0.000000e+00,0.000000e+00,0.000000e+00,0.000000e+00,0.000000e+00,0.000000e+00,0.000000e+00,0.000000e+00,0.000000e+00,0.000000e+00,0.000000e+00,0.000000e+00,0.000000e+00,0.000000e+00,0.000000e+00,0.000000e+00,0.000000e+00,0.000000e+00,0.000000e+00,0.000000e+00,0.000000e+00,0.000000e+00,0.000000e+00,0.000000e+00,0.000000e+00,4.441031e+04,-1.095975e+03,9.761484e+04,-1.069710e-02,-2.394025e-03,-9.003298e+00,3.643712e-02,3.189483e-03,-6.256468e-01,-1.061336e-03,-4.081594e-02,1.702172e+01,-7.287440e-02,-9.136564e-03,-5.732247e-04,1.808657e-02,-3.139799e-03,-6.820315e+00,2.757209e+01,-1.962380e+00,1.093965e+03,-6.975127e+04,1.088527e+03,-8.145986e+04,-5.525793e-02,-1.278218e-02,2.503856e-02,1.129520e+01,6.702707e+02,-3.736051e+01
4.750678e-03,1.365065e+04,2.614239e+03,6.490421e-02,-1.047590e-02,4.826307e+00,5.733877e-03,2.381679e-06,1.500312e-02,0.000000e+00,0.000000e+00,3.755605e+02,0.000000e+00,0.000000e+00,0.000000e+00,0.000000e+00,0.000000e+00,0.000000e+00,0.000000e+00,0.000000e+00,0.000000e+00,0.000000e+00,1.365065e+04,4.773899e+02,-3.093472e-02,-4.457324e-03,9.192116e-01,9.097792e-04,0.000000e+00,0.000000e+00,0.000000e+00,0.000000e+00,0.000000e+00,0.000000e+00,0.000000e+00,0.000000e+00,0.000000e+00,0.000000e+00,0.000000e+00,0.000000e+00,0.000000e+00,0.000000e+00,0.000000e+00,0.000000e+00,0.000000e+00,0.000000e+00,0.000000e+00,0.000000e+00,0.000000e+00,0.000000e+00,0.000000e+00,0.000000e+00,0.000000e+00,0.000000e+00,0.000000e+00,0.000000e+00,0.000000e+00,0.000000e+00,3.887158e+04,-6.875329e+02,1.057059e+05,-1.069710e-02,-2.394025e-03,-9.003298e+00,3.643712e-02,3.189483e-03,-6.256468e-01,-1.138792e-03,-4.082341e-02,1.702378e+01,-7.288423e-02,-9.143052e-03,-5.777553e-04,1.834514e-02,-3.158437e-03,-6.809898e+00,2.687326e+01,-1.953466e+00,1.093193e+03,-7.942399e+04,6.799395e+02,-7.985351e+04,-5.502631e-02,-6.694999e-03,2.461434e-02,4.458776e+01,5.942515e+02,-5.722456e+01
4.760205e-03,1.364912e+04,2.615877e+03,6.496897e-02,-1.047039e-02,4.828216e+00,5.733877e-03,2.381805e-06,1.448974e-02,0.000000e+00,0.000000e+00,3.755413e+02,0.000000e+00,0.000000e+00,0.000000e+00,0.000000e+00,0.000000e+00,0.000000e+00,0.000000e+00,0.000000e+00,0.000000e+00,0.000000e+00,1.364912e+04,4.819537e+02,-2.817284e-02,-4.468063e-03,9.237431e-01,9.097792e-04,0.000000e+00,0.000000e+00,0.000000e+00,0.000000e+00,0.000000e+00,0.000000e+00,0.000000e+00,0.000000e+00,0.000000e+00,0.000000e+00,0.000000e+00,0.000000e+00,0.000000e+00,0.000000e+00,0.000000e+00,0.000000e+00,0.000000e+00,0.000000e+00,0.000000e+00,0.000000e+00,0.000000e+00,0.000000e+00,0.000000e+00,0.000000e+00,0.000000e+00,0.000000e+00,0.000000e+00,0.000000e+00,0.000000e+00,0.000000e+00,3.143787e+04,-5.236432e+02,1.121535e+05,-1.069710e-02,-2.394025e-03,-9.003298e+00,3.643712e-02,3.189483e-03,-6.256468e-01,-1.211106e-03,-4.083030e-02,1.702567e+01,-7.287660e-02,-9.145644e-03,-5.810682e-04,1.859652e-02,-3.177013e-03,-6.799488e+00,2.608307e+01,-1.947924e+00,1.092444e+03,-8.840669e+04,5.160913e+02,-7.583549e+04,-5.452259e-02,-1.200837e-03,2.398211e-02,6.219380e+01,5.557466e+02,-8.186827e+01
4.772114e-03,1.364728e+04,2.617847e+03,6.502455e-02,-1.046639e-02,4.830347e+00,5.733877e-03,2.381973e-06,1.407924e-02,0.000000e+00,0.000000e+00,3.755046e+02,0.000000e+00,0.000000e+00,0.000000e+00,0.000000e+00,0.000000e+00,0.000000e+00,0.000000e+00,0.000000e+00,0.000000e+00,0.000000e+00,1.364728e+04,4.873220e+02,-2.436466e-02,-4.486045e-03,9.289117e-01,9.097792e-04,0.000000e+00,0.000000e+00,0.000000e+00,0.000000e+00,0.000000e+00,0.000000e+00,0.000000e+00,0.000000e+00,0.000000e+00,0.000000e+00,0.000000e+00,0.000000e+00,0.000000e+00,0.000000e+00,0.000000e+00,0.000000e+00,0.000000e+00,0.000000e+00,0.000000e+00,0.000000e+00,0.000000e+00,0.000000e+00,0.000000e+00,0.000000e+00,0.000000e+00,0.000000e+00,0.000000e+00,0.000000e+00,0.000000e+00,0.000000e+00,2.151297e+04,-7.267390e+02,1.153955e+05,-1.069710e-02,-2.394025e-03,-9.003298e+00,3.643712e-02,3.189483e-03,-6.256468e-01,-1.291568e-03,-4.083785e-02,1.702777e+01,-7.283729e-02,-9.142149e-03,-5.816538e-04,1.889944e-02,-3.200163e-03,-6.786483e+00,2.499169e+01,-1.940843e+00,1.091577e+03,-9.553450e+04,7.195428e+02,-6.820632e+04,-5.377597e-02,5.381857e-03,2.290020e-02,6.045963e+01,5.557032e+02,-9.908871e+01
4.781642e-03,1.364589e+04,2.619360e+03,6.506529e-02,-1.046270e-02,4.831860e+00,5.733877e-03,2.382051e-06,1.401870e-02,0.000000e+00,0.000000e+00,3.754697e+02,0.000000e+00,0.000000e+00,0.000000e+00,0.000000e+00,0.000000e+00,0.000000e+00,0.000000e+00,0.000000e+00,0.000000e+00,0.000000e+00,1.364589e+04,4.913011e+02,-2.114099e-02,-4.507930e-03,9.326236e-01,9.097793e-04,0.000000e+00,0.000000e+00,0.000000e+00,0.000000e+00,0.000000e+00,0.000000e+00,0.000000e+00,0.000000e+00,0.000000e+00,0.000000e+00,0.000000e+00,0.000000e+00,0.000000e+00,0.000000e+00,0.000000e+00,0.000000e+00,0.000000e+00,0.000000e+00,0.000000e+00,0.000000e+00,0.000000e+00,0.000000e+00,0.000000e+00,0.000000e+00,0.000000e+00,0.000000e+00,0.000000e+00,0.000000e+00,0.000000e+00,0.000000e+00,1.509954e+04,-8.563367e+02,1.164548e+05,-1.069710e-02,-2.394025e-03,-9.003298e+00,3.643712e-02,3.189483e-03,-6.256468e-01,-1.344273e-03,-4.084257e-02,1.702927e+01,-7.279916e-02,-9.135012e-03,-5.808238e-04,1.913209e-02,-3.218613e-03,-6.776087e+00,2.406789e+01,-1.933585e+00,1.090947e+03,-9.920172e+04,8.493999e+02,-6.283901e+04,-5.321465e-02,1.072854e-02,2.194943e-02,5.722796e+01,5.729932e+02,-1.000915e+02
4.791171e-03,1.364459e+04,2.620780e+03,6.510770e-02,-1.045645e-02,4.833208e+00,5.733877e-03,2.382112e-06,1.423725e-02,0.000000e+00,0.000000e+00,3.754383e+02,0.000000e+00,0.000000e+00,0.000000e+00,0.000000e+00,0.000000e+00,0.000000e+00,0.000000e+00,0.000000e+00,0.000000e+00,0.000000e+00,1.364459e+04,4.950187e+02,-1.780378e-02,-4.533723e-03,9.360093e-01,9.097793e-04,0.000000e+00,0.000000e+00,0.000000e+00,0.000000e+00,0.000000e+00,0.000000e+00,0.000000e+00,0.000000e+00,0.000000e+00,0.000000e+00,0.000000e+00,0.000000e+00,0.000000e+00,0.000000e+00,0.000000e+00,0.000000e+00,0.000000e+00,0.000000e+00,0.000000e+00,0.000000e+00,0.000000e+00,0.000000e+00,0.000000e+00,0.000000e+00,0.000000e+00,0.000000e+00,0.000000e+00,0.000000e+00,0.000000e+00,0.000000e+00,1.079228e+04,-1.248301e+03,1.180380e+05,-1.069710e-02,-2.394025e-03,-9.003298e+00,3.643712e-02,3.189483e-03,-6.256468e-01,-1.388404e-03,-4.084611e-02,1.703060e+01,-7.277246e-02,-9.126740e-03,-5.805299e-04,1.935574e-02,-3.236985e-03,-6.765695e+00,2.311090e+01,-1.924374e+00,1.090362e+03,-1.024550e+05,1.241538e+03,-5.960243e+04,-5.267170e-02,1.631077e-02,2.099888e-02,5.651658e+01,6.145793e+02,-9.857756e+01
4.800699e-03,1.364340e+04,2.622077e+03,6.516304e-02,-1.044691e-02,4.834396e+00,5.733877e-03,2.382201e-06,1.483710e-02,0.000000e+00,0.000000e+00,3.754019e+02,0.000000e+00,0.000000e+00,0.000000e+00,0.000000e+00,0.000000e+00,0.000000e+00,0.000000e+00,0.000000e+00,0.000000e+00,0.000000e+00,1.364340e+04,4.985226e+02,-1.435747e-02,-4.572514e-03,9.391583e-01,9.097793e-04,0.000000e+00,0.000000e+00,0.000000e+00,0.000000e+00,0.000000e+00,0.000000e+00,0.000000e+00,0.000000e+00,0.000000e+00,0.000000e+00,0.000000e+00,0.000000e+00,0.000000e+00,0.000000e+00,0.000000e+00,0.000000e+00,0.000000e+00,0.000000e+00,0.000000e+00,0.000000e+00,0.000000e+00,0.000000e+00,0.000000e+00,0.000000e+00,0.000000e+00,0.000000e+00,0.000000e+00,0.000000e+00,0.000000e+00,0.000000e+00,8.826215e+03,-1.935123e+03,1.210419e+05,-1.069710e-02,-2.394025e-03,-9.003298e+00,3.643712e-02,3.189483e-03,-6.256468e-01,-1.424229e-03,-4.084884e-02,1.703177e+01,-7.274207e-02,-9.118013e-03,-5.807819e-04,1.957009e-02,-3.255242e-03,-6.755309e+00,2.212247e+01,-1.910158e+00,1.089798e+03,-1.060079e+05,1.928257e+03,-5.908797e+04,-5.214438e-02,2.243034e-02,2.008065e-02,5.170110e+01,6.981439e+02,-9.043196e+01
4.810228e-03,1.364237e+04,2.623231e+03,6.521658e-02,-1.043724e-02,4.835423e+00,5.733877e-03,2.382285e-06,1.605202e-02,0.000000e+00,0.000000e+00,3.753637e+02,0.000000e+00,0.000000e+00,0.000000e+00,0.000000e+00,0.000000e+00,0.000000e+00,0.000000e+00,0.000000e+00,0.000000e+00,0.000000e+00,1.364237e+04,5.018890e+02,-1.080926e-02,-4.632882e-03,9.421433e-01,9.097793e-04,0.000000e+00,0.000000e+00,0.000000e+00,0.000000e+00,0.000000e+00,0.000000e+00,0.000000e+00,0.000000e+00,0.000000e+00,0.000000e+00,0.000000e+00,0.000000e+00,0.000000e+00,0.000000e+00,0.000000e+00,0.000000e+00,0.000000e+00,0.000000e+00,0.000000e+00,0.000000e+00,0.000000e+00,0.000000e+00,0.000000e+00,0.000000e+00,0.000000e+00,0.000000e+00,0.000000e+00,0.000000e+00,0.000000e+00,0.000000e+00,8.706375e+03,-2.299680e+03,1.253896e+05,-1.069710e-02,-2.394025e-03,-9.003298e+00,3.643712e-02,3.189483e-03,-6.256468e-01,-1.452423e-03,-4.085127e-02,1.703278e+01,-7.270835e-02,-9.108130e-03,-5.809207e-04,1.977482e-02,-3.273326e-03,-6.744928e+00,2.109822e+01,-1.889982e+00,1.089230e+03,-1.100001e+05,2.292592e+03,-6.081417e+04,-5.169735e-02,2.951445e-02,1.928325e-02,3.694678e+01,8.273854e+02,-7.046426e+01
4.822140e-03,1.364130e+04,2.624453e+03,6.527912e-02,-1.042449e-02,4.836512e+00,5.733877e-03,2.382355e-06,1.892785e-02,0.000000e+00,0.000000e+00,3.753227e+02,0.000000e+00,0.000000e+00,0.000000e+00,0.000000e+00,0.000000e+00,0.000000e+00,0.000000e+00,0.000000e+00,0.000000e+00,0.000000e+00,1.364130e+04,5.059645e+02,-6.225423e-03,-4.717810e-03,9.457588e-01,9.097792e-04,0.000000e+00,0.000000e+00,0.000000e+00,0.000000e+00,0.000000e+00,0.000000e+00,0.000000e+00,0.000000e+00,0.000000e+00,0.000000e+00,0.000000e+00,0.000000e+00,0.000000e+00,0.000000e+00,0.000000e+00,0.000000e+00,0.000000e+00,0.000000e+00,0.000000e+00,0.000000e+00,0.000000e+00,0.000000e+00,0.000000e+00,0.000000e+00,0.000000e+00,0.000000e+00,0.000000e+00,0.000000e+00,0.000000e+00,0.000000e+00,9.529445e+03,-2.069026e+03,1.316402e+05,-1.069710e-02,-2.394025e-03,-9.003298e+00,3.643712e-02,3.189483e-03,-6.256468e-01,-1.476425e-03,-4.085403e-02,1.703384e+01,-7.266473e-02,-9.094140e-03,-5.805470e-04,2.001665e-02,-3.295647e-03,-6.731959e+00,1.976273e+01,-1.863516e+00,1.088489e+03,-1.153193e+05,2.061482e+03,-6.419838e+04,-5.137085e-02,4.029422e-02,1.855592e-02,1.409523e+01,1.026356e+03,-5.233014e+01
4.831669e-03,1.364061e+04,2.625255e+03,6.531910e-02,-1.041132e-02,4.837237e+00,5.733877e-03,2.382382e-06,2.272441e-02,0.000000e+00,0.000000e+00,3.752867e+02,0.000000e+00,0.000000e+00,0.000000e+00,0.000000e+00,0.000000e+00,0.000000e+00,0.000000e+00,0.000000e+00,0.000000e+00,0.000000e+00,1.364061e+04,5.091224e+02,-2.446224e-03,-4.776382e-03,9.485757e-01,9.097793e-04,0.000000e+00,0.000000e+00,0.000000e+00,0.000000e+00,0.000000e+00,0.000000e+00,0.000000e+00,0.000000e+00,0.000000e+00,0.000000e+00,0.000000e+00,0.000000e+00,0.000000e+00,0.000000e+00,0.000000e+00,0.000000e+00,0.000000e+00,0.000000e+00,0.000000e+00,0.000000e+00,0.000000e+00,0.000000e+00,0.000000e+00,0.000000e+00,0.000000e+00,0.000000e+00,0.000000e+00,0.000000e+00,0.000000e+00,0.000000e+00,9.168707e+03,-1.774583e+03,1.352373e+05,-1.069710e-02,-2.394025e-03,-9.003298e+00,3.643712e-02,3.189483e-03,-6.256468e-01,-1.486854e-03,-4.085610e-02,1.703455e+01,-7.264138e-02,-9.080488e-03,-5.801547e-04,2.019838e-02,-3.313292e-03,-6.721590e+00,1.865055e+01,-1.844797e+00,1.087871e+03,-1.187326e+05,1.766798e+03,-6.538950e+04,-5.128101e-02,5.070094e-02,1.805721e-02,3.699682e+00,1.205726e+03,-5.291436e+01
4.841199e-03,1.364007e+04,2.625891e+03,6.535225e-02,-1.039651e-02,4.837828e+00,5.733877e-03,2.382443e-06,2.831409e-02,0.000000e+00,0.000000e+00,3.752577e+02,0.000000e+00,0.000000e+00,0.000000e+00,0.000000e+00,0.000000e+00,0.000000e+00,0.000000e+00,0.000000e+00,0.000000e+00,0.000000e+00,1.364007e+04,5.120950e+02,1.386264e-03,-4.821142e-03,9.512433e-01,9.097793e-04,0.000000e+00,0.000000e+00,0.000000e+00,0.000000e+00,0.000000e+00,0.000000e+00,0.000000e+00,0.000000e+00,0.000000e+00,0.000000e+00,0.000000e+00,0.000000e+00,0.000000e+00,0.000000e+00,0.000000e+00,0.000000e+00,0.000000e+00,0.000000e+00,0.000000e+00,0.000000e+00,0.000000e+00,0.000000e+00,0.000000e+00,0.000000e+00,0.000000e+00,0.000000e+00,0.000000e+00,0.000000e+00,0.000000e+00,0.000000e+00,6.909082e+03,-1.261200e+03,1.370936e+05,-1.069710e-02,-2.394025e-03,-9.003298e+00,3.643712e-02,3.189483e-03,-6.256468e-01,-1.490067e-03,-4.085799e-02,1.703513e+01,-7.263033e-02,-9.064967e-03,-5.799797e-04,2.036934e-02,-3.330779e-03,-6.711226e+00,1.750965e+01,-1.829653e+00,1.087251e+03,-1.213692e+05,1.253383e+03,-6.412432e+04,-5.126048e-02,6.285609e-02,1.756645e-02,1.876377e-01,1.387306e+03,-4.572341e+01
4.850728e-03,1.363970e+04,2.626364e+03,6.537189e-02,-1.038171e-02,4.838312e+00,5.733877e-03,2.382499e-06,3.609890e-02,0.000000e+00,0.000000e+00,3.752296e+02,0.000000e+00,0.000000e+00,0.000000e+00,0.000000e+00,0.000000e+00,0.000000e+00,0.000000e+00,0.000000e+00,0.000000e+00,0.000000e+00,1.363970e+04,5.148137e+02,5.261335e-03,-4.845484e-03,9.537228e-01,9.097792e-04,0.000000e+00,0.000000e+00,0.000000e+00,0.000000e+00,0.000000e+00,0.000000e+00,0.000000e+00,0.000000e+00,0.000000e+00,0.000000e+00,0.000000e+00,0.000000e+00,0.000000e+00,0.000000e+00,0.000000e+00,0.000000e+00,0.000000e+00,0.000000e+00,0.000000e+00,0.000000e+00,0.000000e+00,0.000000e+00,0.000000e+00,0.000000e+00,0.000000e+00,0.000000e+00,0.000000e+00,0.000000e+00,0.000000e+00,0.000000e+00,3.555406e+03,-5.936530e+02,1.386815e+05,-1.069710e-02,-2.394025e-03,-9.003298e+00,3.643712e-02,3.189483e-03,-6.256468e-01,-1.491410e-03,-4.085967e-02,1.703560e+01,-7.263367e-02,-9.047976e-03,-5.799158e-04,2.052927e-02,-3.348153e-03,-6.700869e+00,1.634311e+01,-1.820004e+00,1.086648e+03,-1.242242e+05,5.859587e+02,-6.175399e+04,-5.126880e-02,7.662086e-02,1.721040e-02,-2.500215e+00,1.529025e+03,-1.938019e+01
4.860259e-03,1.363949e+04,2.626668e+03,6.538436e-02,-1.036593e-02,4.838709e+00,5.733877e-03,2.382564e-06,4.631897e-02,0.000000e+00,0.000000e+00,3.752094e+02,0.000000e+00,0.000000e+00,0.000000e+00,0.000000e+00,0.000000e+00,0.000000e+00,0.000000e+00,0.000000e+00,0.000000e+00,0.000000e+00,1.363949e+04,5.172562e+02,9.201157e-03,-4.842815e-03,9.560159e-01,9.097792e-04,0.000000e+00,0.000000e+00,0.000000e+00,0.000000e+00,0.000000e+00,0.000000e+00,0.000000e+00,0.000000e+00,0.000000e+00,0.000000e+00,0.000000e+00,0.000000e+00,0.000000e+00,0.000000e+00,0.000000e+00,0.000000e+00,0.000000e+00,0.000000e+00,0.000000e+00,0.000000e+00,0.000000e+00,0.000000e+00,0.000000e+00,0.000000e+00,0.000000e+00,0.000000e+00,0.000000e+00,0.000000e+00,0.000000e+00,0.000000e+00,-2.190625e+02,4.173062e+01,1.411338e+05,-1.069710e-02,-2.394025e-03,-9.003298e+00,3.643712e-02,3.189483e-03,-6.256468e-01,-1.492756e-03,-4.086121e-02,1.703599e+01,-7.263347e-02,-9.030471e-03,-5.798478e-04,2.067792e-02,-3.365474e-03,-6.690516e+00,1.514668e+01,-1.816846e+00,1.086068e+03,-1.280404e+05,-4.931925e+01,-5.936698e+04,-5.129752e-02,9.158810e-02,1.715669e-02,-3.508647e+00,1.639692e+03,1.736342e+01
4.872172e-03,1.363944e+04,2.626829e+03,6.538039e-02,-1.034414e-02,4.839115e+00,5.733877e-03,2.382634e-06,6.332100e-02,0.000000e+00,0.000000e+00,3.751870e+02,0.000000e+00,0.000000e+00,0.000000e+00,0.000000e+00,0.000000e+00,0.000000e+00,0.000000e+00,0.000000e+00,0.000000e+00,0.000000e+00,1.363944e+04,5.199370e+02,1.426904e-02,-4.804277e-03,9.586566e-01,9.097793e-04,0.000000e+00,0.000000e+00,0.000000e+00,0.000000e+00,0.000000e+00,0.000000e+00,0.000000e+00,0.000000e+00,0.000000e+00,0.000000e+00,0.000000e+00,0.000000e+00,0.000000e+00,0.000000e+00,0.000000e+00,0.000000e+00,0.000000e+00,0.000000e+00,0.000000e+00,0.000000e+00,0.000000e+00,0.000000e+00,0.000000e+00,0.000000e+00,0.000000e+00,0.000000e+00,0.000000e+00,0.000000e+00,0.000000e+00,0.000000e+00,-5.387875e+03,7.176182e+02,1.452485e+05,-1.069710e-02,-2.394025e-03,-9.003298e+00,3.643712e-02,3.189483e-03,-6.256468e-01,-1.494351e-03,-4.086291e-02,1.703638e+01,-7.265074e-02,-9.007765e-03,-5.798448e-04,2.084733e-02,-3.387137e-03,-6.677583e+00,1.359331e+01,-1.820425e+00,1.085374e+03,-1.339523e+05,-7.252550e+02,-5.641743e+04,-5.135094e-02,1.120203e-01,1.756241e-02,-7.112466e+00,1.862037e+03,5.724683e+01
4.881702e-03,1.363953e+04,2.626810e+03,6.537876e-02,-1.032647e-02,4.839371e+00,5.733877e-03,2.382686e-06,8.208447e-02,0.000000e+00,0.000000e+00,3.751711e+02,0.000000e+00,0.000000e+00,0.000000e+00,0.000000e+00,0.000000e+00,0.000000e+00,0.000000e+00,0.000000e+00,0.000000e+00,0.000000e+00,1.363953e+04,5.217913e+02,1.845600e-02,-4.745937e-03,9.605765e-01,9.097793e-04,0.000000e+00,0.000000e+00,0.000000e+00,0.000000e+00,0.000000e+00,0.000000e+00,0.000000e+00,0.000000e+00,0.000000e+00,0.000000e+00,0.000000e+00,0.000000e+00,0.000000e+00,0.000000e+00,0.000000e+00,0.000000e+00,0.000000e+00,0.000000e+00,0.000000e+00,0.000000e+00,0.000000e+00,0.000000e+00,0.000000e+00,0.000000e+00,0.000000e+00,0.000000e+00,0.000000e+00,0.000000e+00,0.000000e+00,0.000000e+00,-9.592191e+03,1.514285e+03,1.487594e+05,-1.069710e-02,-2.394025e-03,-9.003298e+00,3.643712e-02,3.189483e-03,-6.256468e-01,-1.495478e-03,-4.086407e-02,1.703663e+01,-7.266004e-02,-8.990573e-03,-5.798333e-04,2.096921e-02,-3.404538e-03,-6.667242e+00,1.229927e+01,-1.830069e+00,1.084846e+03,-1.389096e+05,-1.521843e+03,-5.408762e+04,-5.143234e-02,1.307848e-01,1.819061e-02,-9.254283e+00,2.169908e+03,7.601677e+01
4.891233e-03,1.363974e+04,2.626659e+03,6.537463e-02,-1.031160e-02,4.839566e+00,5.733877e-03,2.382763e-06,1.078355e-01,0.000000e+00,0.000000e+00,3.751609e+02,0.000000e+00,0.000000e+00,0.000000e+00,0.000000e+00,0.000000e+00,0.000000e+00,0.000000e+00,0.000000e+00,0.000000e+00,0.000000e+00,1.363974e+04,5.233921e+02,2.273658e-02,-4.662331e-03,9.623267e-01,9.097793e-04,0.000000e+00,0.000000e+00,0.000000e+00,0.000000e+00,0.000000e+00,0.000000e+00,0.000000e+00,0.000000e+00,0.000000e+00,0.000000e+00,0.000000e+00,0.000000e+00,0.000000e+00,0.000000e+00,0.000000e+00,0.000000e+00,0.000000e+00,0.000000e+00,0.000000e+00,0.000000e+00,0.000000e+00,0.000000e+00,0.000000e+00,0.000000e+00,0.000000e+00,0.000000e+00,0.000000e+00,0.000000e+00,0.000000e+00,0.000000e+00,-1.290711e+04,2.357893e+03,1.524591e+05,-1.069710e-02,-2.394025e-03,-9.003298e+00,3.643712e-02,3.189483e-03,-6.256468e-01,-1.496406e-03,-4.086508e-02,1.703682e+01,-7.266891e-02,-8.979439e-03,-5.798552e-04,2.107847e-02,-3.422079e-03,-6.656905e+00,1.095754e+01,-1.847626e+00,1.084336e+03,-1.436628e+05,-2.365516e+03,-5.264344e+04,-5.148934e-02,1.528364e-01,1.891195e-02,3.225377e+00,2.565780e+03,6.987795e+01
4.900764e-03,1.364006e+04,2.626391e+03,6.537428e-02,-1.029991e-02,4.839706e+00,5.733877e-03,2.382862e-06,1.430270e-01,0.000000e+00,0.000000e+00,3.751550e+02,0.000000e+00,0.000000e+00,0.000000e+00,0.000000e+00,0.000000e+00,0.000000e+00,0.000000e+00,0.000000e+00,0.000000e+00,0.000000e+00,1.364006e+04,5.247797e+02,2.707287e-02,-4.552737e-03,9.639379e-01,9.097792e-04,0.000000e+00,0.000000e+00,0.000000e+00,0.000000e+00,0.000000e+00,0.000000e+00,0.000000e+00,0.000000e+00,0.000000e+00,0.000000e+00,0.000000e+00,0.000000e+00,0.000000e+00,0.000000e+00,0.000000e+00,0.000000e+00,0.000000e+00,0.000000e+00,0.000000e+00,0.000000e+00,0.000000e+00,0.000000e+00,0.000000e+00,0.000000e+00,0.000000e+00,0.000000e+00,0.000000e+00,0.000000e+00,0.000000e+00,0.000000e+00,-1.429745e+04,2.921830e+03,1.551446e+05,-1.069710e-02,-2.394025e-03,-9.003298e+00,3.643712e-02,3.189483e-03,-6.256468e-01,-1.497064e-03,-4.086597e-02,1.703696e+01,-7.267410e-02,-8.973743e-03,-5.798883e-04,2.117470e-02,-3.439833e-03,-6.646574e+00,9.575797e+00,-1.872607e+00,1.083836e+03,-1.466842e+05,-2.929593e+03,-5.251622e+04,-5.137464e-02,1.787829e-01,1.950048e-02,2.716993e+01,2.977345e+03,4.680360e+01
4.910296e-03,1.364046e+04,2.626026e+03,6.537217e-02,-1.029253e-02,4.839802e+00,5.733877e-03,2.382973e-06,1.897540e-01,0.000000e+00,0.000000e+00,3.751517e+02,0.000000e+00,0.000000e+00,0.000000e+00,0.000000e+00,0.000000e+00,0.000000e+00,0.000000e+00,0.000000e+00,0.000000e+00,0.000000e+00,1.364046e+04,5.260241e+02,3.138313e-02,-4.431311e-03,9.654721e-01,9.097792e-04,0.000000e+00,0.000000e+00,0.000000e+00,0.000000e+00,0.000000e+00,0.000000e+00,0.000000e+00,0.000000e+00,0.000000e+00,0.000000e+00,0.000000e+00,0.000000e+00,0.000000e+00,0.000000e+00,0.000000e+00,0.000000e+00,0.000000e+00,0.000000e+00,0.000000e+00,0.000000e+00,0.000000e+00,0.000000e+00,0.000000e+00,0.000000e+00,0.000000e+00,0.000000e+00,0.000000e+00,0.000000e+00,0.000000e+00,0.000000e+00,-1.350979e+04,2.943711e+03,1.556361e+05,-1.069710e-02,-2.394025e-03,-9.003298e+00,3.643712e-02,3.189483e-03,-6.256468e-01,-1.497402e-03,-4.086677e-02,1.703704e+01,-7.267785e-02,-8.974498e-03,-5.799580e-04,2.125764e-02,-3.457850e-03,-6.636246e+00,8.174644e+00,-1.900835e+00,1.083333e+03,-1.467975e+05,-2.951548e+03,-5.343738e+04,-5.104431e-02,2.085045e-01,1.987390e-02,4.414772e+01,3.341788e+03,3.035625e+01
4.920066e-03,1.364090e+04,2.625596e+03,6.537125e-02,-1.028860e-02,4.839849e+00,5.733877e-03,2.883465e-06,2.515161e-01,0.000000e+00,0.000000e+00,3.751515e+02,0.000000e+00,0.000000e+00,0.000000e+00,0.000000e+00,0.000000e+00,0.000000e+00,0.000000e+00,0.000000e+00,0.000000e+00,0.000000e+00,1.364090e+04,5.272012e+02,3.563061e-02,-4.309335e-03,9.669588e-01,9.097792e-04,0.000000e+00,0.000000e+00,0.000000e+00,0.000000e+00,0.000000e+00,0.000000e+00,0.000000e+00,0.000000e+00,0.000000e+00,0.000000e+00,0.000000e+00,0.000000e+00,0.000000e+00,0.000000e+00,0.000000e+00,0.000000e+00,0.000000e+00,0.000000e+00,0.000000e+00,0.000000e+00,0.000000e+00,0.000000e+00,0.000000e+00,0.000000e+00,0.000000e+00,0.000000e+00,0.000000e+00,0.000000e+00,0.000000e+00,0.000000e+00,-1.161754e+04,3.035631e+03,1.531940e+05,-1.069710e-02,-2.394025e-03,-9.003298e+00,3.643712e-02,3.189483e-03,-6.256468e-01,-1.497421e-03,-4.086744e-02,1.703709e+01,-7.267748e-02,-8.978440e-03,-5.800235e-04,2.132882e-02,-3.476597e-03,-6.625664e+00,6.766877e+00,-1.929418e+00,1.082814e+03,-1.437851e+05,-3.043615e+03,-5.412197e+04,-5.059836e-02,2.419574e-01,2.015895e-02,4.722665e+01,3.669762e+03,2.920181e+01
4.932087e-03,1.364143e+04,2.625074e+03,6.537121e-02,-1.028733e-02,4.839865e+00,5.733877e-03,3.045892e-06,3.494624e-01,0.000000e+00,0.000000e+00,3.751505e+02,0.000000e+00,0.000000e+00,0.000000e+00,0.000000e+00,0.000000e+00,0.000000e+00,0.000000e+00,0.000000e+00,0.000000e+00,0.000000e+00,1.364143e+04,5.285964e+02,4.056038e-02,-4.157808e-03,9.687012e-01,9.097792e-04,0.000000e+00,0.000000e+00,0.000000e+00,0.000000e+00,0.000000e+00,0.000000e+00,0.000000e+00,0.000000e+00,0.000000e+00,0.000000e+00,0.000000e+00,0.000000e+00,0.000000e+00,0.000000e+00,0.000000e+00,0.000000e+00,0.000000e+00,0.000000e+00,0.000000e+00,0.000000e+00,0.000000e+00,0.000000e+00,0.000000e+00,0.000000e+00,0.000000e+00,0.000000e+00,0.000000e+00,0.000000e+00,0.000000e+00,0.000000e+00,-9.315750e+03,3.186267e+03,1.466955e+05,-1.069710e-02,-2.394025e-03,-9.003298e+00,3.643712e-02,3.189483e-03,-6.256468e-01,-1.497421e-03,-4.086758e-02,1.703710e+01,-7.267750e-02,-8.979280e-03,-5.800372e-04,2.139765e-02,-3.500065e-03,-6.612652e+00,5.095768e+00,-1.966484e+00,1.082176e+03,-1.369224e+05,-3.194103e+03,-5.346561e+04,-5.005198e-02,2.869008e-01,2.046089e-02,4.536552e+01,4.006862e+03,1.482953e+01
4.941225e-03,1.364177e+04,2.624716e+03,6.537121e-02,-1.028733e-02,4.839865e+00,5.733877e-03,3.045892e-06,4.410697e-01,0.000000e+00,0.000000e+00,3.751505e+02,0.000000e+00,0.000000e+00,0.000000e+00,0.000000e+00,0.000000e+00,0.000000e+00,0.000000e+00,0.000000e+00,0.000000e+00,0.000000e+00,1.364177e+04,5.296299e+02,4.409259e-02,-4.047828e-03,9.699736e-01,9.097792e-04,0.000000e+00,0.000000e+00,0.000000e+00,0.000000e+00,0.000000e+00,0.000000e+00,0.000000e+00,0.000000e+00,0.000000e+00,0.000000e+00,0.000000e+00,0.000000e+00,0.000000e+00,0.000000e+00,0.000000e+00,0.000000e+00,0.000000e+00,0.000000e+00,0.000000e+00,0.000000e+00,0.000000e+00,0.000000e+00,0.000000e+00,0.000000e+00,0.000000e+00,0.000000e+00,0.000000e+00,0.000000e+00,0.000000e+00,0.000000e+00,-7.312465e+03,2.656968e+03,1.391969e+05,-1.069710e-02,-2.394025e-03,-9.003298e+00,3.643712e-02,3.189483e-03,-6.256468e-01,-1.497421e-03,-4.086758e-02,1.703710e+01,-7.267750e-02,-8.979280e-03,-5.800372e-04,2.143668e-02,-3.518207e-03,-6.602767e+00,3.867156e+00,-1.994561e+00,1.081692e+03,-1.292790e+05,-2.664581e+03,-5.211663e+04,-4.963356e-02,3.240842e-01,2.054380e-02,4.665951e+01,4.174224e+03,-1.249961e+00
4.950363e-03,1.364202e+04,2.624443e+03,6.537121e-02,-1.028734e-02,4.839865e+00,5.733877e-03,3.045893e-06,5.470767e-01,0.000000e+00,0.000000e+00,3.751505e+02,0.000000e+00,0.000000e+00,0.000000e+00,0.000000e+00,0.000000e+00,0.000000e+00,0.000000e+00,0.000000e+00,0.000000e+00,0.000000e+00,1.364202e+04,5.306841e+02,4.733857e-02,-3.963011e-03,9.711963e-01,9.097793e-04,0.000000e+00,0.000000e+00,0.000000e+00,0.000000e+00,0.000000e+00,0.000000e+00,0.000000e+00,0.000000e+00,0.000000e+00,0.000000e+00,0.000000e+00,0.000000e+00,0.000000e+00,0.000000e+00,0.000000e+00,0.000000e+00,0.000000e+00,0.000000e+00,0.000000e+00,0.000000e+00,0.000000e+00,0.000000e+00,0.000000e+00,0.000000e+00,0.000000e+00,0.000000e+00,0.000000e+00,0.000000e+00,0.000000e+00,0.000000e+00,-4.292293e+03,1.693736e+03,1.321177e+05,-1.069710e-02,-2.394025e-03,-9.003298e+00,3.643712e-02,3.189483e-03,-6.256468e-01,-1.497421e-03,-4.086758e-02,1.703710e+01,-7.267750e-02,-8.979280e-03,-5.800372e-04,2.146492e-02,-3.536570e-03,-6.592885e+00,2.709811e+00,-2.015971e+00,1.081217e+03,-1.215867e+05,-1.701136e+03,-5.186666e+04,-4.921249e-02,3.625495e-01,2.050208e-02,4.260264e+01,4.269329e+03,-9.062829e+00
4.962546e-03,1.364221e+04,2.624191e+03,6.537121e-02,-1.028734e-02,4.839865e+00,5.733877e-03,3.045892e-06,7.102542e-01,0.000000e+00,0.000000e+00,3.751505e+02,0.000000e+00,0.000000e+00,0.000000e+00,0.000000e+00,0.000000e+00,0.000000e+00,0.000000e+00,0.000000e+00,0.000000e+00,0.000000e+00,1.364221e+04,5.322241e+02,5.128186e-02,-3.894220e-03,9.728463e-01,9.097792e-04,0.000000e+00,0.000000e+00,0.000000e+00,0.000000e+00,0.000000e+00,0.000000e+00,0.000000e+00,0.000000e+00,0.000000e+00,0.000000e+00,0.000000e+00,0.000000e+00,0.000000e+00,0.000000e+00,0.000000e+00,0.000000e+00,0.000000e+00,0.000000e+00,0.000000e+00,0.000000e+00,0.000000e+00,0.000000e+00,0.000000e+00,0.000000e+00,0.000000e+00,0.000000e+00,0.000000e+00,0.000000e+00,0.000000e+00,0.000000e+00,1.596516e+03,9.806691e+02,1.269374e+05,-1.069710e-02,-2.394025e-03,-9.003298e+00,3.643712e-02,3.189483e-03,-6.256468e-01,-1.497421e-03,-4.086758e-02,1.703710e+01,-7.267750e-02,-8.979280e-03,-5.800372e-04,2.148685e-02,-3.561268e-03,-6.579717e+00,1.266375e+00,-2.032716e+00,1.080575e+03,-1.144054e+05,-9.882272e+02,-5.501861e+04,-4.877838e-02,4.149751e-01,2.037711e-02,2.124567e+01,4.352448e+03,-1.252407e+01
4.971684e-03,1.364229e+04,2.624069e+03,6.537121e-02,-1.028733e-02,4.839865e+00,5.733877e-03,3.045892e-06,8.489982e-01,0.000000e+00,0.000000e+00,3.751505e+02,0.000000e+00,0.000000e+00,0.000000e+00,0.000000e+00,0.000000e+00,0.000000e+00,0.000000e+00,0.000000e+00,0.000000e+00,0.000000e+00,1.364229e+04,5.335580e+02,5.406271e-02,-3.863844e-03,9.741873e-01,9.097793e-04,0.000000e+00,0.000000e+00,0.000000e+00,0.000000e+00,0.000000e+00,0.000000e+00,0.000000e+00,0.000000e+00,0.000000e+00,0.000000e+00,0.000000e+00,0.000000e+00,0.000000e+00,0.000000e+00,0.000000e+00,0.000000e+00,0.000000e+00,0.000000e+00,0.000000e+00,0.000000e+00,0.000000e+00,0.000000e+00,0.000000e+00,0.000000e+00,0.000000e+00,0.000000e+00,0.000000e+00,0.000000e+00,0.000000e+00,0.000000e+00,6.106648e+03,6.295162e+02,1.264736e+05,-1.069710e-02,-2.394025e-03,-9.003298e+00,3.643712e-02,3.189483e-03,-6.256468e-01,-1.497421e-03,-4.086758e-02,1.703710e+01,-7.267750e-02,-8.979280e-03,-5.800372e-04,2.149209e-02,-3.579893e-03,-6.569847e+00,2.290888e-01,-2.040677e+00,1.080060e+03,-1.120817e+05,-6.373521e+02,-5.891124e+04,-4.864623e-02,4.548862e-01,2.025316e-02,2.421647e-01,4.394589e+03,-1.399113e+01
4.980822e-03,1.364229e+04,2.623990e+03,6.537121e-02,-1.028733e-02,4.839865e+00,5.733877e-03,3.045893e-06,1.001453e+00,0.000000e+00,0.000000e+00,3.751505e+02,0.000000e+00,0.000000e+00,0.000000e+00,0.000000e+00,0.000000e+00,0.000000e+00,0.000000e+00,0.000000e+00,0.000000e+00,0.000000e+00,1.364229e+04,5.350580e+02,5.676901e-02,-3.848454e-03,9.756415e-01,9.097793e-04,0.000000e+00,0.000000e+00,0.000000e+00,0.000000e+00,0.000000e+00,0.000000e+00,0.000000e+00,0.000000e+00,0.000000e+00,0.000000e+00,0.000000e+00,0.000000e+00,0.000000e+00,0.000000e+00,0.000000e+00,0.000000e+00,0.000000e+00,0.000000e+00,0.000000e+00,0.000000e+00,0.000000e+00,0.000000e+00,0.000000e+00,0.000000e+00,0.000000e+00,0.000000e+00,0.000000e+00,0.000000e+00,0.000000e+00,0.000000e+00,9.770562e+03,4.497432e+02,1.261051e+05,-1.069710e-02,-2.394025e-03,-9.003298e+00,3.643712e-02,3.189483e-03,-6.256468e-01,-1.497421e-03,-4.086758e-02,1.703710e+01,-7.267750e-02,-8.979280e-03,-5.800372e-04,2.148796e-02,-3.598572e-03,-6.559980e+00,-7.896618e-01,-2.045743e+00,1.079511e+03,-1.102016e+05,-4.578782e+02,-6.207695e+04,-4.871938e-02,4.951116e-01,2.014545e-02,-2.589816e+01,4.406007e+03,-5.940372e+00
4.993005e-03,1.364220e+04,2.623957e+03,6.537121e-02,-1.028733e-02,4.839864e+00,5.733877e-03,3.045892e-06,1.222767e+00,0.000000e+00,0.000000e+00,3.751505e+02,0.000000e+00,0.000000e+00,0.000000e+00,0.000000e+00,0.000000e+00,0.000000e+00,0.000000e+00,0.000000e+00,0.000000e+00,0.000000e+00,1.364220e+04,5.372675e+02,6.026341e-02,-3.837939e-03,9.777160e-01,9.097796e-04,0.000000e+00,0.000000e+00,0.000000e+00,0.000000e+00,0.000000e+00,0.000000e+00,0.000000e+00,0.000000e+00,0.000000e+00,0.000000e+00,0.000000e+00,0.000000e+00,0.000000e+00,0.000000e+00,0.000000e+00,0.000000e+00,0.000000e+00,0.000000e+00,0.000000e+00,0.000000e+00,0.000000e+00,0.000000e+00,0.000000e+00,0.000000e+00,0.000000e+00,0.000000e+00,0.000000e+00,0.000000e+00,0.000000e+00,0.000000e+00,1.386993e+04,6.816542e+02,1.221290e+05,-1.069710e-02,-2.394025e-03,-9.003298e+00,3.643712e-02,3.189483e-03,-6.256468e-01,-1.497421e-03,-4.086758e-02,1.703710e+01,-7.267750e-02,-8.979280e-03,-5.800372e-04,2.146821e-02,-3.623542e-03,-6.546834e+00,-2.113219e+00,-2.051886e+00,1.078743e+03,-1.048674e+05,-6.899011e+02,-6.411459e+04,-4.919804e-02,5.484797e-01,2.009966e-02,-5.672891e+01,4.305541e+03,-6.412472e+00
