"time","INTERNAL ENERGY","KINETIC ENERGY","X-MOMENTUM","Y-MOMENTUM","Z-MOMENTUM","MASS","TIME STEP","ROTATION ENERGY","EXTERNAL WORK","SPRING ENERGY","CONTACT ENERGY","HOURGLASS ENERGY","Skull                                     IE ","Skull                                     KE ","Skull                                     XMOM ","Skull                                     YMOM ","Skull                                     ZMOM ","Skull                                     MASS ","Skull                                     HE ","Skull                                     ERODED ","Skull                                     HEAT ","Accel Base                                IE ","Accel Base                                KE ","Accel Base                                XMOM ","Accel Base                                YMOM ","Accel Base                                ZMOM ","Accel Base                                MASS ","Accel Base                                HE ","Accel Base                                ERODED ","Accel Base                                HEAT ","Accel Block                               IE ","Accel Block                               KE ","Accel Block                               XMOM ","Accel Block                               YMOM ","Accel Block                               ZMOM ","Accel Block                               MASS ","Accel Block                               HE ","Accel Block                               ERODED ","Accel Block                               HEAT ","Back Plate                                IE ","Back Plate                                KE ","Back Plate                                XMOM ","Back Plate                                YMOM ","Back Plate                                ZMOM ","Back Plate                                MASS ","Back Plate                                HE ","Back Plate                                ERODED ","Back Plate                                HEAT ","Skin                                      IE ","Skin                                      KE ","Skin                                      XMOM ","Skin                                      YMOM ","Skin                                      ZMOM ","Skin                                      MASS ","Skin                                      HE ","Skin                                      ERODED ","Skin                                      HEAT ","Null                                      IE ","Null                                      KE ","Null                                      XMOM ","Null                                      YMOM ","Null                                      ZMOM ","Null                                      MASS ","Null                                      HE ","Null                                      ERODED ","Null                                      HEAT ","Base                                      IE ","Base                                      KE ","Base                                      XMOM ","Base                                      YMOM ","Base                                      ZMOM ","Base                                      MASS ","Base                                      HE ","Base                                      ERODED ","Base                                      HEAT ","TH-ACCEL                                 1                                          var 76","TH-ACCEL                                 1                                          var 77","TH-ACCEL                                 1                                          var 78","TH-INTER                                 1 Skin_to_Skull                            var 79","TH-INTER                                 1 Skin_to_Skull                            var 80","TH-INTER                                 1 Skin_to_Skull                            var 81","TH-INTER                                 1 Skin_to_Skull                            var 82","TH-INTER                                 1 Skin_to_Skull                            var 83","TH-INTER                                 1 Skin_to_Skull                            var 84","TH-INTER                                 1000000 Skin_to_Plate                            var 85","TH-INTER                                 1000000 Skin_to_Plate                            var 86","TH-INTER                                 1000000 Skin_to_Plate                            var 87","TH-INTER                                 1000000 Skin_to_Plate                            var 88","TH-INTER                                 1000000 Skin_to_Plate                            var 89","TH-INTER                                 1000000 Skin_to_Plate                            var 90","DATABASE_HISTORY_NODE                    1 accelerometer: 1                         var 91","DATABASE_HISTORY_NODE                    1 accelerometer: 1                         var 92","DATABASE_HISTORY_NODE                    1 accelerometer: 1                         var 93","DATABASE_HISTORY_NODE                    1 accelerometer: 1                         var 94","DATABASE_HISTORY_NODE                    1 accelerometer: 1                         var 95","DATABASE_HISTORY_NODE                    1 accelerometer: 1                         var 96","DATABASE_HISTORY_NODE                    1 accelerometer: 1                         var 97","DATABASE_HISTORY_NODE                    1 accelerometer: 1                         var 98","DATABASE_HISTORY_NODE                    1 accelerometer: 1                         var 99","DATABASE_HISTORY_NODE                    1 accelerometer: 1                         var 100","DATABASE_HISTORY_NODE                    1 accelerometer: 1                         var 101","DATABASE_HISTORY_NODE                    1 accelerometer: 1                         var 102","DATABASE_HISTORY_NODE                    1 accelerometer: 1                         var 103","DATABASE_HISTORY_NODE                    1 accelerometer: 1                         var 104","DATABASE_HISTORY_NODE                    1 accelerometer: 1                         var 105"
0.000000e+00,0.000000e+00,1.639909e+04,0.000000e+00,0.000000e+00,-1.214748e+01,1.023742e-01,2.449512e-06,0.000000e+00,0.000000e+00,0.000000e+00,0.000000e+00,0.000000e+00,0.000000e+00,0.000000e+00,0.000000e+00,0.000000e+00,0.000000e+00,0.000000e+00,0.000000e+00,0.000000e+00,0.000000e+00,0.000000e+00,0.000000e+00,0.000000e+00,0.000000e+00,0.000000e+00,0.000000e+00,0.000000e+00,0.000000e+00,0.000000e+00,0.000000e+00,0.000000e+00,0.000000e+00,0.000000e+00,0.000000e+00,0.000000e+00,0.000000e+00,0.000000e+00,0.000000e+00,0.000000e+00,0.000000e+00,0.000000e+00,0.000000e+00,0.000000e+00,0.000000e+00,0.000000e+00,0.000000e+00,0.000000e+00,0.000000e+00,4.142946e+03,0.000000e+00,0.000000e+00,-3.068846e+00,1.136610e-03,0.000000e+00,0.000000e+00,0.000000e+00,0.000000e+00,0.000000e+00,0.000000e+00,0.000000e+00,0.000000e+00,0.000000e+00,0.000000e+00,0.000000e+00,0.000000e+00,0.000000e+00,0.000000e+00,0.000000e+00,0.000000e+00,0.000000e+00,0.000000e+00,0.000000e+00,0.000000e+00,0.000000e+00,0.000000e+00,0.000000e+00,0.000000e+00,0.000000e+00,0.000000e+00,0.000000e+00,0.000000e+00,0.000000e+00,0.000000e+00,0.000000e+00,0.000000e+00,0.000000e+00,0.000000e+00,0.000000e+00,0.000000e+00,0.000000e+00,0.000000e+00,0.000000e+00,0.000000e+00,0.000000e+00,-2.700000e+03,0.000000e+00,0.000000e+00,0.000000e+00,0.000000e+00,0.000000e+00,0.000000e+00,0.000000e+00,0.000000e+00,0.000000e+00
1.224756e-05,7.668890e-11,1.639909e+04,3.430565e-17,2.684809e-17,-1.214748e+01,1.023742e-01,2.449512e-06,0.000000e+00,0.000000e+00,0.000000e+00,0.000000e+00,0.000000e+00,0.000000e+00,0.000000e+00,0.000000e+00,0.000000e+00,0.000000e+00,0.000000e+00,0.000000e+00,0.000000e+00,0.000000e+00,0.000000e+00,0.000000e+00,0.000000e+00,0.000000e+00,0.000000e+00,0.000000e+00,0.000000e+00,0.000000e+00,0.000000e+00,0.000000e+00,0.000000e+00,0.000000e+00,0.000000e+00,0.000000e+00,0.000000e+00,0.000000e+00,0.000000e+00,0.000000e+00,0.000000e+00,0.000000e+00,0.000000e+00,0.000000e+00,0.000000e+00,0.000000e+00,0.000000e+00,0.000000e+00,0.000000e+00,7.668890e-11,4.142946e+03,-2.516222e-11,1.289947e-11,-3.068846e+00,1.136609e-03,0.000000e+00,0.000000e+00,0.000000e+00,0.000000e+00,0.000000e+00,0.000000e+00,0.000000e+00,0.000000e+00,0.000000e+00,0.000000e+00,0.000000e+00,0.000000e+00,0.000000e+00,0.000000e+00,0.000000e+00,0.000000e+00,0.000000e+00,0.000000e+00,0.000000e+00,0.000000e+00,0.000000e+00,0.000000e+00,0.000000e+00,0.000000e+00,0.000000e+00,0.000000e+00,0.000000e+00,0.000000e+00,0.000000e+00,0.000000e+00,0.000000e+00,0.000000e+00,0.000000e+00,0.000000e+00,0.000000e+00,0.000000e+00,0.000000e+00,0.000000e+00,-3.306842e-02,0.000000e+00,0.000000e+00,-2.700000e+03,0.000000e+00,0.000000e+00,0.000000e+00,0.000000e+00,0.000000e+00,0.000000e+00,0.000000e+00,0.000000e+00,0.000000e+00
2.204561e-05,2.157561e-10,1.639909e+04,6.171592e-17,6.013913e-17,-1.214748e+01,1.023742e-01,2.449512e-06,0.000000e+00,0.000000e+00,0.000000e+00,0.000000e+00,0.000000e+00,0.000000e+00,0.000000e+00,0.000000e+00,0.000000e+00,0.000000e+00,0.000000e+00,0.000000e+00,0.000000e+00,0.000000e+00,0.000000e+00,0.000000e+00,0.000000e+00,0.000000e+00,0.000000e+00,0.000000e+00,0.000000e+00,0.000000e+00,0.000000e+00,0.000000e+00,0.000000e+00,0.000000e+00,0.000000e+00,0.000000e+00,0.000000e+00,0.000000e+00,0.000000e+00,0.000000e+00,0.000000e+00,0.000000e+00,0.000000e+00,0.000000e+00,0.000000e+00,0.000000e+00,0.000000e+00,0.000000e+00,0.000000e+00,2.157561e-10,4.142944e+03,1.050255e-10,5.574595e-11,-3.068846e+00,1.136610e-03,0.000000e+00,0.000000e+00,0.000000e+00,0.000000e+00,0.000000e+00,0.000000e+00,0.000000e+00,0.000000e+00,0.000000e+00,0.000000e+00,0.000000e+00,0.000000e+00,0.000000e+00,0.000000e+00,0.000000e+00,0.000000e+00,0.000000e+00,0.000000e+00,0.000000e+00,0.000000e+00,0.000000e+00,0.000000e+00,0.000000e+00,0.000000e+00,0.000000e+00,0.000000e+00,0.000000e+00,0.000000e+00,0.000000e+00,0.000000e+00,0.000000e+00,0.000000e+00,0.000000e+00,0.000000e+00,0.000000e+00,0.000000e+00,0.000000e+00,0.000000e+00,-5.952315e-02,0.000000e+00,0.000000e+00,-2.700000e+03,0.000000e+00,0.000000e+00,0.000000e+00,0.000000e+00,0.000000e+00,0.000000e+00,0.000000e+00,0.000000e+00,0.000000e+00
3.184366e-05,4.104480e-10,1.639909e+04,9.332609e-17,9.167075e-17,-1.214748e+01,1.023742e-01,2.449512e-06,0.000000e+00,0.000000e+00,0.000000e+00,0.000000e+00,0.000000e+00,0.000000e+00,0.000000e+00,0.000000e+00,0.000000e+00,0.000000e+00,0.000000e+00,0.000000e+00,0.000000e+00,0.000000e+00,0.000000e+00,0.000000e+00,0.000000e+00,0.000000e+00,0.000000e+00,0.000000e+00,0.000000e+00,0.000000e+00,0.000000e+00,0.000000e+00,0.000000e+00,0.000000e+00,0.000000e+00,0.000000e+00,0.000000e+00,0.000000e+00,0.000000e+00,0.000000e+00,0.000000e+00,0.000000e+00,0.000000e+00,0.000000e+00,0.000000e+00,0.000000e+00,0.000000e+00,0.000000e+00,0.000000e+00,4.104480e-10,4.142946e+03,5.289180e-11,1.267203e-11,-3.068846e+00,1.136610e-03,0.000000e+00,0.000000e+00,0.000000e+00,0.000000e+00,0.000000e+00,0.000000e+00,0.000000e+00,0.000000e+00,0.000000e+00,0.000000e+00,0.000000e+00,0.000000e+00,0.000000e+00,0.000000e+00,0.000000e+00,0.000000e+00,0.000000e+00,0.000000e+00,0.000000e+00,0.000000e+00,0.000000e+00,0.000000e+00,0.000000e+00,0.000000e+00,0.000000e+00,0.000000e+00,0.000000e+00,0.000000e+00,0.000000e+00,0.000000e+00,0.000000e+00,0.000000e+00,0.000000e+00,0.000000e+00,0.000000e+00,0.000000e+00,0.000000e+00,0.000000e+00,-8.597788e-02,0.000000e+00,0.000000e+00,-2.700000e+03,0.000000e+00,0.000000e+00,0.000000e+00,0.000000e+00,0.000000e+00,0.000000e+00,0.000000e+00,0.000000e+00,0.000000e+00
4.164171e-05,6.560663e-10,1.639909e+04,2.576598e-16,2.043021e-16,-1.214748e+01,1.023742e-01,2.449512e-06,0.000000e+00,0.000000e+00,0.000000e+00,0.000000e+00,0.000000e+00,0.000000e+00,0.000000e+00,0.000000e+00,0.000000e+00,0.000000e+00,0.000000e+00,0.000000e+00,0.000000e+00,0.000000e+00,0.000000e+00,0.000000e+00,0.000000e+00,0.000000e+00,0.000000e+00,0.000000e+00,0.000000e+00,0.000000e+00,0.000000e+00,0.000000e+00,0.000000e+00,0.000000e+00,0.000000e+00,0.000000e+00,0.000000e+00,0.000000e+00,0.000000e+00,0.000000e+00,0.000000e+00,0.000000e+00,0.000000e+00,0.000000e+00,0.000000e+00,0.000000e+00,0.000000e+00,0.000000e+00,0.000000e+00,6.560663e-10,4.142945e+03,-3.892220e-11,7.064499e-11,-3.068846e+00,1.136609e-03,0.000000e+00,0.000000e+00,0.000000e+00,0.000000e+00,0.000000e+00,0.000000e+00,0.000000e+00,0.000000e+00,0.000000e+00,0.000000e+00,0.000000e+00,0.000000e+00,0.000000e+00,0.000000e+00,0.000000e+00,0.000000e+00,0.000000e+00,0.000000e+00,0.000000e+00,0.000000e+00,0.000000e+00,0.000000e+00,0.000000e+00,0.000000e+00,0.000000e+00,0.000000e+00,0.000000e+00,0.000000e+00,0.000000e+00,0.000000e+00,0.000000e+00,0.000000e+00,0.000000e+00,0.000000e+00,0.000000e+00,0.000000e+00,0.000000e+00,0.000000e+00,-1.124326e-01,0.000000e+00,0.000000e+00,-2.700000e+03,0.000000e+00,0.000000e+00,0.000000e+00,0.000000e+00,0.000000e+00,0.000000e+00,0.000000e+00,0.000000e+00,0.000000e+00
5.143976e-05,9.451895e-10,1.639909e+04,1.427024e-16,1.668933e-16,-1.214748e+01,1.023742e-01,2.449512e-06,0.000000e+00,0.000000e+00,0.000000e+00,0.000000e+00,0.000000e+00,0.000000e+00,0.000000e+00,0.000000e+00,0.000000e+00,0.000000e+00,0.000000e+00,0.000000e+00,0.000000e+00,0.000000e+00,0.000000e+00,0.000000e+00,0.000000e+00,0.000000e+00,0.000000e+00,0.000000e+00,0.000000e+00,0.000000e+00,0.000000e+00,0.000000e+00,0.000000e+00,0.000000e+00,0.000000e+00,0.000000e+00,0.000000e+00,0.000000e+00,0.000000e+00,0.000000e+00,0.000000e+00,0.000000e+00,0.000000e+00,0.000000e+00,0.000000e+00,0.000000e+00,0.000000e+00,0.000000e+00,0.000000e+00,9.451895e-10,4.142946e+03,-8.340174e-11,1.567074e-10,-3.068846e+00,1.136610e-03,0.000000e+00,0.000000e+00,0.000000e+00,0.000000e+00,0.000000e+00,0.000000e+00,0.000000e+00,0.000000e+00,0.000000e+00,0.000000e+00,0.000000e+00,0.000000e+00,0.000000e+00,0.000000e+00,0.000000e+00,0.000000e+00,0.000000e+00,0.000000e+00,0.000000e+00,0.000000e+00,0.000000e+00,0.000000e+00,0.000000e+00,0.000000e+00,0.000000e+00,0.000000e+00,0.000000e+00,0.000000e+00,0.000000e+00,0.000000e+00,0.000000e+00,0.000000e+00,0.000000e+00,0.000000e+00,0.000000e+00,0.000000e+00,0.000000e+00,0.000000e+00,-1.388873e-01,0.000000e+00,0.000000e+00,-2.700000e+03,0.000000e+00,0.000000e+00,0.000000e+00,0.000000e+00,0.000000e+00,0.000000e+00,0.000000e+00,0.000000e+00,0.000000e+00
6.123781e-05,1.273535e-09,1.639909e+04,9.406491e-17,6.700175e-16,-1.214748e+01,1.023742e-01,2.449512e-06,0.000000e+00,0.000000e+00,0.000000e+00,0.000000e+00,0.000000e+00,0.000000e+00,0.000000e+00,0.000000e+00,0.000000e+00,0.000000e+00,0.000000e+00,0.000000e+00,0.000000e+00,0.000000e+00,0.000000e+00,0.000000e+00,0.000000e+00,0.000000e+00,0.000000e+00,0.000000e+00,0.000000e+00,0.000000e+00,0.000000e+00,0.000000e+00,0.000000e+00,0.000000e+00,0.000000e+00,0.000000e+00,0.000000e+00,0.000000e+00,0.000000e+00,0.000000e+00,0.000000e+00,0.000000e+00,0.000000e+00,0.000000e+00,0.000000e+00,0.000000e+00,0.000000e+00,0.000000e+00,0.000000e+00,1.273535e-09,4.142945e+03,1.405510e-10,-1.032420e-10,-3.068847e+00,1.136610e-03,0.000000e+00,0.000000e+00,0.000000e+00,0.000000e+00,0.000000e+00,0.000000e+00,0.000000e+00,0.000000e+00,0.000000e+00,0.000000e+00,0.000000e+00,0.000000e+00,0.000000e+00,0.000000e+00,0.000000e+00,0.000000e+00,0.000000e+00,0.000000e+00,0.000000e+00,0.000000e+00,0.000000e+00,0.000000e+00,0.000000e+00,0.000000e+00,0.000000e+00,0.000000e+00,0.000000e+00,0.000000e+00,0.000000e+00,0.000000e+00,0.000000e+00,0.000000e+00,0.000000e+00,0.000000e+00,0.000000e+00,0.000000e+00,0.000000e+00,0.000000e+00,-1.653421e-01,0.000000e+00,0.000000e+00,-2.700000e+03,0.000000e+00,0.000000e+00,0.000000e+00,0.000000e+00,0.000000e+00,0.000000e+00,0.000000e+00,0.000000e+00,0.000000e+00
7.103586e-05,1.643511e-09,1.639909e+04,2.362560e-17,8.473335e-16,-1.214748e+01,1.023742e-01,2.449512e-06,0.000000e+00,0.000000e+00,0.000000e+00,0.000000e+00,0.000000e+00,0.000000e+00,0.000000e+00,0.000000e+00,0.000000e+00,0.000000e+00,0.000000e+00,0.000000e+00,0.000000e+00,0.000000e+00,0.000000e+00,0.000000e+00,0.000000e+00,0.000000e+00,0.000000e+00,0.000000e+00,0.000000e+00,0.000000e+00,0.000000e+00,0.000000e+00,0.000000e+00,0.000000e+00,0.000000e+00,0.000000e+00,0.000000e+00,0.000000e+00,0.000000e+00,0.000000e+00,0.000000e+00,0.000000e+00,0.000000e+00,0.000000e+00,0.000000e+00,0.000000e+00,0.000000e+00,0.000000e+00,0.000000e+00,1.643511e-09,4.142945e+03,-8.404855e-11,-2.216264e-10,-3.068846e+00,1.136610e-03,0.000000e+00,0.000000e+00,0.000000e+00,0.000000e+00,0.000000e+00,0.000000e+00,0.000000e+00,0.000000e+00,0.000000e+00,0.000000e+00,0.000000e+00,0.000000e+00,0.000000e+00,0.000000e+00,0.000000e+00,0.000000e+00,0.000000e+00,0.000000e+00,0.000000e+00,0.000000e+00,0.000000e+00,0.000000e+00,0.000000e+00,0.000000e+00,0.000000e+00,0.000000e+00,0.000000e+00,0.000000e+00,0.000000e+00,0.000000e+00,0.000000e+00,0.000000e+00,0.000000e+00,0.000000e+00,0.000000e+00,0.000000e+00,0.000000e+00,0.000000e+00,-1.917968e-01,0.000000e+00,0.000000e+00,-2.700000e+03,0.000000e+00,0.000000e+00,0.000000e+00,0.000000e+00,0.000000e+00,0.000000e+00,0.000000e+00,0.000000e+00,0.000000e+00
8.083390e-05,2.050372e-09,1.639909e+04,-8.879757e-17,9.721169e-16,-1.214748e+01,1.023742e-01,2.449512e-06,0.000000e+00,0.000000e+00,0.000000e+00,0.000000e+00,0.000000e+00,0.000000e+00,0.000000e+00,0.000000e+00,0.000000e+00,0.000000e+00,0.000000e+00,0.000000e+00,0.000000e+00,0.000000e+00,0.000000e+00,0.000000e+00,0.000000e+00,0.000000e+00,0.000000e+00,0.000000e+00,0.000000e+00,0.000000e+00,0.000000e+00,0.000000e+00,0.000000e+00,0.000000e+00,0.000000e+00,0.000000e+00,0.000000e+00,0.000000e+00,0.000000e+00,0.000000e+00,0.000000e+00,0.000000e+00,0.000000e+00,0.000000e+00,0.000000e+00,0.000000e+00,0.000000e+00,0.000000e+00,0.000000e+00,2.050372e-09,4.142946e+03,-2.426243e-10,-1.627824e-10,-3.068846e+00,1.136610e-03,0.000000e+00,0.000000e+00,0.000000e+00,0.000000e+00,0.000000e+00,0.000000e+00,0.000000e+00,0.000000e+00,0.000000e+00,0.000000e+00,0.000000e+00,0.000000e+00,0.000000e+00,0.000000e+00,0.000000e+00,0.000000e+00,0.000000e+00,0.000000e+00,0.000000e+00,0.000000e+00,0.000000e+00,0.000000e+00,0.000000e+00,0.000000e+00,0.000000e+00,0.000000e+00,0.000000e+00,0.000000e+00,0.000000e+00,0.000000e+00,0.000000e+00,0.000000e+00,0.000000e+00,0.000000e+00,0.000000e+00,0.000000e+00,0.000000e+00,0.000000e+00,-2.182516e-01,0.000000e+00,0.000000e+00,-2.700000e+03,0.000000e+00,0.000000e+00,0.000000e+00,0.000000e+00,0.000000e+00,0.000000e+00,0.000000e+00,0.000000e+00,0.000000e+00
9.063195e-05,2.491693e-09,1.639909e+04,-4.537996e-16,1.389236e-15,-1.214748e+01,1.023742e-01,2.449512e-06,0.000000e+00,0.000000e+00,0.000000e+00,0.000000e+00,0.000000e+00,0.000000e+00,0.000000e+00,0.000000e+00,0.000000e+00,0.000000e+00,0.000000e+00,0.000000e+00,0.000000e+00,0.000000e+00,0.000000e+00,0.000000e+00,0.000000e+00,0.000000e+00,0.000000e+00,0.000000e+00,0.000000e+00,0.000000e+00,0.000000e+00,0.000000e+00,0.000000e+00,0.000000e+00,0.000000e+00,0.000000e+00,0.000000e+00,0.000000e+00,0.000000e+00,0.000000e+00,0.000000e+00,0.000000e+00,0.000000e+00,0.000000e+00,0.000000e+00,0.000000e+00,0.000000e+00,0.000000e+00,0.000000e+00,2.491693e-09,4.142946e+03,2.000639e-10,1.636025e-11,-3.068847e+00,1.136610e-03,0.000000e+00,0.000000e+00,0.000000e+00,0.000000e+00,0.000000e+00,0.000000e+00,0.000000e+00,0.000000e+00,0.000000e+00,0.000000e+00,0.000000e+00,0.000000e+00,0.000000e+00,0.000000e+00,0.000000e+00,0.000000e+00,0.000000e+00,0.000000e+00,0.000000e+00,0.000000e+00,0.000000e+00,0.000000e+00,0.000000e+00,0.000000e+00,0.000000e+00,0.000000e+00,0.000000e+00,0.000000e+00,0.000000e+00,0.000000e+00,0.000000e+00,0.000000e+00,0.000000e+00,0.000000e+00,0.000000e+00,0.000000e+00,0.000000e+00,0.000000e+00,-2.447063e-01,0.000000e+00,0.000000e+00,-2.700000e+03,0.000000e+00,0.000000e+00,0.000000e+00,0.000000e+00,0.000000e+00,0.000000e+00,0.000000e+00,0.000000e+00,0.000000e+00
1.004300e-04,2.966961e-09,1.639909e+04,-2.941115e-16,1.419862e-15,-1.214748e+01,1.023742e-01,2.449512e-06,0.000000e+00,0.000000e+00,0.000000e+00,0.000000e+00,0.000000e+00,0.000000e+00,0.000000e+00,0.000000e+00,0.000000e+00,0.000000e+00,0.000000e+00,0.000000e+00,0.000000e+00,0.000000e+00,0.000000e+00,0.000000e+00,0.000000e+00,0.000000e+00,0.000000e+00,0.000000e+00,0.000000e+00,0.000000e+00,0.000000e+00,0.000000e+00,0.000000e+00,0.000000e+00,0.000000e+00,0.000000e+00,0.000000e+00,0.000000e+00,0.000000e+00,0.000000e+00,0.000000e+00,0.000000e+00,0.000000e+00,0.000000e+00,0.000000e+00,0.000000e+00,0.000000e+00,0.000000e+00,0.000000e+00,2.966961e-09,4.142947e+03,-1.028676e-10,1.866417e-10,-3.068846e+00,1.136610e-03,0.000000e+00,0.000000e+00,0.000000e+00,0.000000e+00,0.000000e+00,0.000000e+00,0.000000e+00,0.000000e+00,0.000000e+00,0.000000e+00,0.000000e+00,0.000000e+00,0.000000e+00,0.000000e+00,0.000000e+00,0.000000e+00,0.000000e+00,0.000000e+00,0.000000e+00,0.000000e+00,0.000000e+00,0.000000e+00,0.000000e+00,0.000000e+00,0.000000e+00,0.000000e+00,0.000000e+00,0.000000e+00,0.000000e+00,0.000000e+00,0.000000e+00,0.000000e+00,0.000000e+00,0.000000e+00,0.000000e+00,0.000000e+00,0.000000e+00,0.000000e+00,-2.711610e-01,0.000000e+00,0.000000e+00,-2.700000e+03,0.000000e+00,0.000000e+00,0.000000e+00,0.000000e+00,0.000000e+00,0.000000e+00,0.000000e+00,0.000000e+00,0.000000e+00
1.102281e-04,3.476415e-09,1.639909e+04,-7.514436e-16,1.921152e-15,-1.214748e+01,1.023742e-01,2.449512e-06,0.000000e+00,0.000000e+00,0.000000e+00,0.000000e+00,0.000000e+00,0.000000e+00,0.000000e+00,0.000000e+00,0.000000e+00,0.000000e+00,0.000000e+00,0.000000e+00,0.000000e+00,0.000000e+00,0.000000e+00,0.000000e+00,0.000000e+00,0.000000e+00,0.000000e+00,0.000000e+00,0.000000e+00,0.000000e+00,0.000000e+00,0.000000e+00,0.000000e+00,0.000000e+00,0.000000e+00,0.000000e+00,0.000000e+00,0.000000e+00,0.000000e+00,0.000000e+00,0.000000e+00,0.000000e+00,0.000000e+00,0.000000e+00,0.000000e+00,0.000000e+00,0.000000e+00,0.000000e+00,0.000000e+00,3.476415e-09,4.142946e+03,3.290870e-10,1.790254e-10,-3.068846e+00,1.136609e-03,0.000000e+00,0.000000e+00,0.000000e+00,0.000000e+00,0.000000e+00,0.000000e+00,0.000000e+00,0.000000e+00,0.000000e+00,0.000000e+00,0.000000e+00,0.000000e+00,0.000000e+00,0.000000e+00,0.000000e+00,0.000000e+00,0.000000e+00,0.000000e+00,0.000000e+00,0.000000e+00,0.000000e+00,0.000000e+00,0.000000e+00,0.000000e+00,0.000000e+00,0.000000e+00,0.000000e+00,0.000000e+00,0.000000e+00,0.000000e+00,0.000000e+00,0.000000e+00,0.000000e+00,0.000000e+00,0.000000e+00,0.000000e+00,0.000000e+00,0.000000e+00,-2.976158e-01,0.000000e+00,0.000000e+00,-2.700000e+03,0.000000e+00,0.000000e+00,0.000000e+00,0.000000e+00,0.000000e+00,0.000000e+00,0.000000e+00,0.000000e+00,0.000000e+00
1.200261e-04,4.018927e-09,1.639909e+04,-3.264427e-16,2.301159e-15,-1.214748e+01,1.023742e-01,2.449512e-06,0.000000e+00,0.000000e+00,0.000000e+00,0.000000e+00,0.000000e+00,0.000000e+00,0.000000e+00,0.000000e+00,0.000000e+00,0.000000e+00,0.000000e+00,0.000000e+00,0.000000e+00,0.000000e+00,0.000000e+00,0.000000e+00,0.000000e+00,0.000000e+00,0.000000e+00,0.000000e+00,0.000000e+00,0.000000e+00,0.000000e+00,0.000000e+00,0.000000e+00,0.000000e+00,0.000000e+00,0.000000e+00,0.000000e+00,0.000000e+00,0.000000e+00,0.000000e+00,0.000000e+00,0.000000e+00,0.000000e+00,0.000000e+00,0.000000e+00,0.000000e+00,0.000000e+00,0.000000e+00,0.000000e+00,4.018927e-09,4.142947e+03,4.080571e-10,-4.884854e-11,-3.068846e+00,1.136609e-03,0.000000e+00,0.000000e+00,0.000000e+00,0.000000e+00,0.000000e+00,0.000000e+00,0.000000e+00,0.000000e+00,0.000000e+00,0.000000e+00,0.000000e+00,0.000000e+00,0.000000e+00,0.000000e+00,0.000000e+00,0.000000e+00,0.000000e+00,0.000000e+00,0.000000e+00,0.000000e+00,0.000000e+00,0.000000e+00,0.000000e+00,0.000000e+00,0.000000e+00,0.000000e+00,0.000000e+00,0.000000e+00,0.000000e+00,0.000000e+00,0.000000e+00,0.000000e+00,0.000000e+00,0.000000e+00,0.000000e+00,0.000000e+00,0.000000e+00,0.000000e+00,-3.240705e-01,0.000000e+00,0.000000e+00,-2.700000e+03,0.000000e+00,0.000000e+00,0.000000e+00,0.000000e+00,0.000000e+00,0.000000e+00,0.000000e+00,0.000000e+00,0.000000e+00
1.322737e-04,4.738987e-09,1.639909e+04,-1.130116e-16,2.857147e-15,-1.214748e+01,1.023742e-01,2.449512e-06,0.000000e+00,0.000000e+00,0.000000e+00,0.000000e+00,0.000000e+00,0.000000e+00,0.000000e+00,0.000000e+00,0.000000e+00,0.000000e+00,0.000000e+00,0.000000e+00,0.000000e+00,0.000000e+00,0.000000e+00,0.000000e+00,0.000000e+00,0.000000e+00,0.000000e+00,0.000000e+00,0.000000e+00,0.000000e+00,0.000000e+00,0.000000e+00,0.000000e+00,0.000000e+00,0.000000e+00,0.000000e+00,0.000000e+00,0.000000e+00,0.000000e+00,0.000000e+00,0.000000e+00,0.000000e+00,0.000000e+00,0.000000e+00,0.000000e+00,0.000000e+00,0.000000e+00,0.000000e+00,0.000000e+00,4.738987e-09,4.142945e+03,-4.997697e-10,1.520697e-10,-3.068845e+00,1.136610e-03,0.000000e+00,0.000000e+00,0.000000e+00,0.000000e+00,0.000000e+00,0.000000e+00,0.000000e+00,0.000000e+00,0.000000e+00,0.000000e+00,0.000000e+00,0.000000e+00,0.000000e+00,0.000000e+00,0.000000e+00,0.000000e+00,0.000000e+00,0.000000e+00,0.000000e+00,0.000000e+00,0.000000e+00,0.000000e+00,0.000000e+00,0.000000e+00,0.000000e+00,0.000000e+00,0.000000e+00,0.000000e+00,0.000000e+00,0.000000e+00,0.000000e+00,0.000000e+00,0.000000e+00,0.000000e+00,0.000000e+00,0.000000e+00,0.000000e+00,0.000000e+00,-3.571389e-01,0.000000e+00,0.000000e+00,-2.700000e+03,0.000000e+00,0.000000e+00,0.000000e+00,0.000000e+00,0.000000e+00,0.000000e+00,0.000000e+00,0.000000e+00,0.000000e+00
1.420717e-04,5.348896e-09,1.639909e+04,5.525386e-17,3.625274e-15,-1.214748e+01,1.023742e-01,2.449512e-06,0.000000e+00,0.000000e+00,0.000000e+00,0.000000e+00,0.000000e+00,0.000000e+00,0.000000e+00,0.000000e+00,0.000000e+00,0.000000e+00,0.000000e+00,0.000000e+00,0.000000e+00,0.000000e+00,0.000000e+00,0.000000e+00,0.000000e+00,0.000000e+00,0.000000e+00,0.000000e+00,0.000000e+00,0.000000e+00,0.000000e+00,0.000000e+00,0.000000e+00,0.000000e+00,0.000000e+00,0.000000e+00,0.000000e+00,0.000000e+00,0.000000e+00,0.000000e+00,0.000000e+00,0.000000e+00,0.000000e+00,0.000000e+00,0.000000e+00,0.000000e+00,0.000000e+00,0.000000e+00,0.000000e+00,5.348896e-09,4.142945e+03,-1.477856e-10,1.414150e-10,-3.068846e+00,1.136610e-03,0.000000e+00,0.000000e+00,0.000000e+00,0.000000e+00,0.000000e+00,0.000000e+00,0.000000e+00,0.000000e+00,0.000000e+00,0.000000e+00,0.000000e+00,0.000000e+00,0.000000e+00,0.000000e+00,0.000000e+00,0.000000e+00,0.000000e+00,0.000000e+00,0.000000e+00,0.000000e+00,0.000000e+00,0.000000e+00,0.000000e+00,0.000000e+00,0.000000e+00,0.000000e+00,0.000000e+00,0.000000e+00,0.000000e+00,0.000000e+00,0.000000e+00,0.000000e+00,0.000000e+00,0.000000e+00,0.000000e+00,0.000000e+00,0.000000e+00,0.000000e+00,-3.835936e-01,0.000000e+00,0.000000e+00,-2.700000e+03,0.000000e+00,0.000000e+00,0.000000e+00,0.000000e+00,0.000000e+00,0.000000e+00,0.000000e+00,0.000000e+00,0.000000e+00
1.518698e-04,5.990978e-09,1.639909e+04,1.374607e-16,3.190711e-15,-1.214748e+01,1.023742e-01,2.449512e-06,0.000000e+00,0.000000e+00,0.000000e+00,0.000000e+00,0.000000e+00,0.000000e+00,0.000000e+00,0.000000e+00,0.000000e+00,0.000000e+00,0.000000e+00,0.000000e+00,0.000000e+00,0.000000e+00,0.000000e+00,0.000000e+00,0.000000e+00,0.000000e+00,0.000000e+00,0.000000e+00,0.000000e+00,0.000000e+00,0.000000e+00,0.000000e+00,0.000000e+00,0.000000e+00,0.000000e+00,0.000000e+00,0.000000e+00,0.000000e+00,0.000000e+00,0.000000e+00,0.000000e+00,0.000000e+00,0.000000e+00,0.000000e+00,0.000000e+00,0.000000e+00,0.000000e+00,0.000000e+00,0.000000e+00,5.990978e-09,4.142946e+03,2.685218e-10,-1.313271e-10,-3.068847e+00,1.136610e-03,0.000000e+00,0.000000e+00,0.000000e+00,0.000000e+00,0.000000e+00,0.000000e+00,0.000000e+00,0.000000e+00,0.000000e+00,0.000000e+00,0.000000e+00,0.000000e+00,0.000000e+00,0.000000e+00,0.000000e+00,0.000000e+00,0.000000e+00,0.000000e+00,0.000000e+00,0.000000e+00,0.000000e+00,0.000000e+00,0.000000e+00,0.000000e+00,0.000000e+00,0.000000e+00,0.000000e+00,0.000000e+00,0.000000e+00,0.000000e+00,0.000000e+00,0.000000e+00,0.000000e+00,0.000000e+00,0.000000e+00,0.000000e+00,0.000000e+00,0.000000e+00,-4.100484e-01,0.000000e+00,0.000000e+00,-2.700000e+03,0.000000e+00,0.000000e+00,0.000000e+00,0.000000e+00,0.000000e+00,0.000000e+00,0.000000e+00,0.000000e+00,0.000000e+00
1.616678e-04,6.661955e-09,1.639909e+04,6.841309e-16,3.097954e-15,-1.214748e+01,1.023742e-01,2.449512e-06,0.000000e+00,0.000000e+00,0.000000e+00,0.000000e+00,0.000000e+00,0.000000e+00,0.000000e+00,0.000000e+00,0.000000e+00,0.000000e+00,0.000000e+00,0.000000e+00,0.000000e+00,0.000000e+00,0.000000e+00,0.000000e+00,0.000000e+00,0.000000e+00,0.000000e+00,0.000000e+00,0.000000e+00,0.000000e+00,0.000000e+00,0.000000e+00,0.000000e+00,0.000000e+00,0.000000e+00,0.000000e+00,0.000000e+00,0.000000e+00,0.000000e+00,0.000000e+00,0.000000e+00,0.000000e+00,0.000000e+00,0.000000e+00,0.000000e+00,0.000000e+00,0.000000e+00,0.000000e+00,0.000000e+00,6.661955e-09,4.142944e+03,-2.436640e-10,1.479924e-10,-3.068846e+00,1.136610e-03,0.000000e+00,0.000000e+00,0.000000e+00,0.000000e+00,0.000000e+00,0.000000e+00,0.000000e+00,0.000000e+00,0.000000e+00,0.000000e+00,0.000000e+00,0.000000e+00,0.000000e+00,0.000000e+00,0.000000e+00,0.000000e+00,0.000000e+00,0.000000e+00,0.000000e+00,0.000000e+00,0.000000e+00,0.000000e+00,0.000000e+00,0.000000e+00,0.000000e+00,0.000000e+00,0.000000e+00,0.000000e+00,0.000000e+00,0.000000e+00,0.000000e+00,0.000000e+00,0.000000e+00,0.000000e+00,0.000000e+00,0.000000e+00,0.000000e+00,0.000000e+00,-4.365031e-01,0.000000e+00,0.000000e+00,-2.700000e+03,0.000000e+00,0.000000e+00,0.000000e+00,0.000000e+00,0.000000e+00,0.000000e+00,0.000000e+00,0.000000e+00,0.000000e+00
1.714659e-04,7.364244e-09,1.639909e+04,1.228808e-15,2.856847e-15,-1.214748e+01,1.023742e-01,2.449512e-06,0.000000e+00,0.000000e+00,0.000000e+00,0.000000e+00,0.000000e+00,0.000000e+00,0.000000e+00,0.000000e+00,0.000000e+00,0.000000e+00,0.000000e+00,0.000000e+00,0.000000e+00,0.000000e+00,0.000000e+00,0.000000e+00,0.000000e+00,0.000000e+00,0.000000e+00,0.000000e+00,0.000000e+00,0.000000e+00,0.000000e+00,0.000000e+00,0.000000e+00,0.000000e+00,0.000000e+00,0.000000e+00,0.000000e+00,0.000000e+00,0.000000e+00,0.000000e+00,0.000000e+00,0.000000e+00,0.000000e+00,0.000000e+00,0.000000e+00,0.000000e+00,0.000000e+00,0.000000e+00,0.000000e+00,7.364244e-09,4.142945e+03,2.308680e-10,-3.401421e-10,-3.068846e+00,1.136610e-03,0.000000e+00,0.000000e+00,0.000000e+00,0.000000e+00,0.000000e+00,0.000000e+00,0.000000e+00,0.000000e+00,0.000000e+00,0.000000e+00,0.000000e+00,0.000000e+00,0.000000e+00,0.000000e+00,0.000000e+00,0.000000e+00,0.000000e+00,0.000000e+00,0.000000e+00,0.000000e+00,0.000000e+00,0.000000e+00,0.000000e+00,0.000000e+00,0.000000e+00,0.000000e+00,0.000000e+00,0.000000e+00,0.000000e+00,0.000000e+00,0.000000e+00,0.000000e+00,0.000000e+00,0.000000e+00,0.000000e+00,0.000000e+00,0.000000e+00,0.000000e+00,-4.629578e-01,0.000000e+00,0.000000e+00,-2.700000e+03,0.000000e+00,0.000000e+00,0.000000e+00,0.000000e+00,0.000000e+00,0.000000e+00,0.000000e+00,0.000000e+00,0.000000e+00
1.812639e-04,8.098445e-09,1.639909e+04,1.181295e-15,3.828874e-15,-1.214748e+01,1.023742e-01,2.449512e-06,0.000000e+00,0.000000e+00,0.000000e+00,0.000000e+00,0.000000e+00,0.000000e+00,0.000000e+00,0.000000e+00,0.000000e+00,0.000000e+00,0.000000e+00,0.000000e+00,0.000000e+00,0.000000e+00,0.000000e+00,0.000000e+00,0.000000e+00,0.000000e+00,0.000000e+00,0.000000e+00,0.000000e+00,0.000000e+00,0.000000e+00,0.000000e+00,0.000000e+00,0.000000e+00,0.000000e+00,0.000000e+00,0.000000e+00,0.000000e+00,0.000000e+00,0.000000e+00,0.000000e+00,0.000000e+00,0.000000e+00,0.000000e+00,0.000000e+00,0.000000e+00,0.000000e+00,0.000000e+00,0.000000e+00,8.098445e-09,4.142945e+03,4.351788e-10,-1.166454e-10,-3.068847e+00,1.136610e-03,0.000000e+00,0.000000e+00,0.000000e+00,0.000000e+00,0.000000e+00,0.000000e+00,0.000000e+00,0.000000e+00,0.000000e+00,0.000000e+00,0.000000e+00,0.000000e+00,0.000000e+00,0.000000e+00,0.000000e+00,0.000000e+00,0.000000e+00,0.000000e+00,0.000000e+00,0.000000e+00,0.000000e+00,0.000000e+00,0.000000e+00,0.000000e+00,0.000000e+00,0.000000e+00,0.000000e+00,0.000000e+00,0.000000e+00,0.000000e+00,0.000000e+00,0.000000e+00,0.000000e+00,0.000000e+00,0.000000e+00,0.000000e+00,0.000000e+00,0.000000e+00,-4.894126e-01,0.000000e+00,0.000000e+00,-2.700000e+03,0.000000e+00,0.000000e+00,0.000000e+00,0.000000e+00,0.000000e+00,0.000000e+00,0.000000e+00,0.000000e+00,0.000000e+00
1.910620e-04,8.865821e-09,1.639909e+04,1.444999e-15,3.826720e-15,-1.214748e+01,1.023742e-01,2.449512e-06,0.000000e+00,0.000000e+00,0.000000e+00,0.000000e+00,0.000000e+00,0.000000e+00,0.000000e+00,0.000000e+00,0.000000e+00,0.000000e+00,0.000000e+00,0.000000e+00,0.000000e+00,0.000000e+00,0.000000e+00,0.000000e+00,0.000000e+00,0.000000e+00,0.000000e+00,0.000000e+00,0.000000e+00,0.000000e+00,0.000000e+00,0.000000e+00,0.000000e+00,0.000000e+00,0.000000e+00,0.000000e+00,0.000000e+00,0.000000e+00,0.000000e+00,0.000000e+00,0.000000e+00,0.000000e+00,0.000000e+00,0.000000e+00,0.000000e+00,0.000000e+00,0.000000e+00,0.000000e+00,0.000000e+00,8.865821e-09,4.142946e+03,-4.484053e-10,6.150547e-10,-3.068846e+00,1.136610e-03,0.000000e+00,0.000000e+00,0.000000e+00,0.000000e+00,0.000000e+00,0.000000e+00,0.000000e+00,0.000000e+00,0.000000e+00,0.000000e+00,0.000000e+00,0.000000e+00,0.000000e+00,0.000000e+00,0.000000e+00,0.000000e+00,0.000000e+00,0.000000e+00,0.000000e+00,0.000000e+00,0.000000e+00,0.000000e+00,0.000000e+00,0.000000e+00,0.000000e+00,0.000000e+00,0.000000e+00,0.000000e+00,0.000000e+00,0.000000e+00,0.000000e+00,0.000000e+00,0.000000e+00,0.000000e+00,0.000000e+00,0.000000e+00,0.000000e+00,0.000000e+00,-5.158673e-01,0.000000e+00,0.000000e+00,-2.700000e+03,0.000000e+00,0.000000e+00,0.000000e+00,0.000000e+00,0.000000e+00,0.000000e+00,0.000000e+00,0.000000e+00,0.000000e+00
2.008600e-04,9.654863e-09,1.639909e+04,2.900510e-15,3.943150e-15,-1.214748e+01,1.023742e-01,2.449512e-06,0.000000e+00,0.000000e+00,0.000000e+00,0.000000e+00,0.000000e+00,0.000000e+00,0.000000e+00,0.000000e+00,0.000000e+00,0.000000e+00,0.000000e+00,0.000000e+00,0.000000e+00,0.000000e+00,0.000000e+00,0.000000e+00,0.000000e+00,0.000000e+00,0.000000e+00,0.000000e+00,0.000000e+00,0.000000e+00,0.000000e+00,0.000000e+00,0.000000e+00,0.000000e+00,0.000000e+00,0.000000e+00,0.000000e+00,0.000000e+00,0.000000e+00,0.000000e+00,0.000000e+00,0.000000e+00,0.000000e+00,0.000000e+00,0.000000e+00,0.000000e+00,0.000000e+00,0.000000e+00,0.000000e+00,9.654863e-09,4.142944e+03,-2.626566e-10,1.935328e-11,-3.068846e+00,1.136610e-03,0.000000e+00,0.000000e+00,0.000000e+00,0.000000e+00,0.000000e+00,0.000000e+00,0.000000e+00,0.000000e+00,0.000000e+00,0.000000e+00,0.000000e+00,0.000000e+00,0.000000e+00,0.000000e+00,0.000000e+00,0.000000e+00,0.000000e+00,0.000000e+00,0.000000e+00,0.000000e+00,0.000000e+00,0.000000e+00,0.000000e+00,0.000000e+00,0.000000e+00,0.000000e+00,0.000000e+00,0.000000e+00,0.000000e+00,0.000000e+00,0.000000e+00,0.000000e+00,0.000000e+00,0.000000e+00,0.000000e+00,0.000000e+00,0.000000e+00,0.000000e+00,-5.423220e-01,0.000000e+00,0.000000e+00,-2.700000e+03,0.000000e+00,0.000000e+00,0.000000e+00,0.000000e+00,0.000000e+00,0.000000e+00,0.000000e+00,0.000000e+00,0.000000e+00
2.106581e-04,1.047609e-08,1.639909e+04,2.974922e-15,4.618993e-15,-1.214748e+01,1.023742e-01,2.449512e-06,0.000000e+00,0.000000e+00,0.000000e+00,0.000000e+00,0.000000e+00,0.000000e+00,0.000000e+00,0.000000e+00,0.000000e+00,0.000000e+00,0.000000e+00,0.000000e+00,0.000000e+00,0.000000e+00,0.000000e+00,0.000000e+00,0.000000e+00,0.000000e+00,0.000000e+00,0.000000e+00,0.000000e+00,0.000000e+00,0.000000e+00,0.000000e+00,0.000000e+00,0.000000e+00,0.000000e+00,0.000000e+00,0.000000e+00,0.000000e+00,0.000000e+00,0.000000e+00,0.000000e+00,0.000000e+00,0.000000e+00,0.000000e+00,0.000000e+00,0.000000e+00,0.000000e+00,0.000000e+00,0.000000e+00,1.047609e-08,4.142946e+03,9.258239e-10,-3.222581e-10,-3.068846e+00,1.136609e-03,0.000000e+00,0.000000e+00,0.000000e+00,0.000000e+00,0.000000e+00,0.000000e+00,0.000000e+00,0.000000e+00,0.000000e+00,0.000000e+00,0.000000e+00,0.000000e+00,0.000000e+00,0.000000e+00,0.000000e+00,0.000000e+00,0.000000e+00,0.000000e+00,0.000000e+00,0.000000e+00,0.000000e+00,0.000000e+00,0.000000e+00,0.000000e+00,0.000000e+00,0.000000e+00,0.000000e+00,0.000000e+00,0.000000e+00,0.000000e+00,0.000000e+00,0.000000e+00,0.000000e+00,0.000000e+00,0.000000e+00,0.000000e+00,0.000000e+00,0.000000e+00,-5.687768e-01,0.000000e+00,0.000000e+00,-2.700000e+03,0.000000e+00,0.000000e+00,0.000000e+00,0.000000e+00,0.000000e+00,0.000000e+00,0.000000e+00,0.000000e+00,0.000000e+00
2.204561e-04,1.133102e-08,1.639909e+04,3.150971e-15,4.393742e-15,-1.214748e+01,1.023742e-01,2.449512e-06,0.000000e+00,0.000000e+00,0.000000e+00,0.000000e+00,0.000000e+00,0.000000e+00,0.000000e+00,0.000000e+00,0.000000e+00,0.000000e+00,0.000000e+00,0.000000e+00,0.000000e+00,0.000000e+00,0.000000e+00,0.000000e+00,0.000000e+00,0.000000e+00,0.000000e+00,0.000000e+00,0.000000e+00,0.000000e+00,0.000000e+00,0.000000e+00,0.000000e+00,0.000000e+00,0.000000e+00,0.000000e+00,0.000000e+00,0.000000e+00,0.000000e+00,0.000000e+00,0.000000e+00,0.000000e+00,0.000000e+00,0.000000e+00,0.000000e+00,0.000000e+00,0.000000e+00,0.000000e+00,0.000000e+00,1.133102e-08,4.142945e+03,3.161049e-10,-2.260398e-10,-3.068847e+00,1.136610e-03,0.000000e+00,0.000000e+00,0.000000e+00,0.000000e+00,0.000000e+00,0.000000e+00,0.000000e+00,0.000000e+00,0.000000e+00,0.000000e+00,0.000000e+00,0.000000e+00,0.000000e+00,0.000000e+00,0.000000e+00,0.000000e+00,0.000000e+00,0.000000e+00,0.000000e+00,0.000000e+00,0.000000e+00,0.000000e+00,0.000000e+00,0.000000e+00,0.000000e+00,0.000000e+00,0.000000e+00,0.000000e+00,0.000000e+00,0.000000e+00,0.000000e+00,0.000000e+00,0.000000e+00,0.000000e+00,0.000000e+00,0.000000e+00,0.000000e+00,0.000000e+00,-5.952315e-01,0.000000e+00,0.000000e+00,-2.700000e+03,0.000000e+00,0.000000e+00,0.000000e+00,0.000000e+00,0.000000e+00,0.000000e+00,0.000000e+00,0.000000e+00,0.000000e+00
2.302542e-04,1.220870e-08,1.639909e+04,3.266976e-15,4.774488e-15,-1.214748e+01,1.023742e-01,2.449512e-06,0.000000e+00,0.000000e+00,0.000000e+00,0.000000e+00,0.000000e+00,0.000000e+00,0.000000e+00,0.000000e+00,0.000000e+00,0.000000e+00,0.000000e+00,0.000000e+00,0.000000e+00,0.000000e+00,0.000000e+00,0.000000e+00,0.000000e+00,0.000000e+00,0.000000e+00,0.000000e+00,0.000000e+00,0.000000e+00,0.000000e+00,0.000000e+00,0.000000e+00,0.000000e+00,0.000000e+00,0.000000e+00,0.000000e+00,0.000000e+00,0.000000e+00,0.000000e+00,0.000000e+00,0.000000e+00,0.000000e+00,0.000000e+00,0.000000e+00,0.000000e+00,0.000000e+00,0.000000e+00,0.000000e+00,1.220870e-08,4.142945e+03,-2.825540e-10,4.853861e-10,-3.068846e+00,1.136610e-03,0.000000e+00,0.000000e+00,0.000000e+00,0.000000e+00,0.000000e+00,0.000000e+00,0.000000e+00,0.000000e+00,0.000000e+00,0.000000e+00,0.000000e+00,0.000000e+00,0.000000e+00,0.000000e+00,0.000000e+00,0.000000e+00,0.000000e+00,0.000000e+00,0.000000e+00,0.000000e+00,0.000000e+00,0.000000e+00,0.000000e+00,0.000000e+00,0.000000e+00,0.000000e+00,0.000000e+00,0.000000e+00,0.000000e+00,0.000000e+00,0.000000e+00,0.000000e+00,0.000000e+00,0.000000e+00,0.000000e+00,0.000000e+00,0.000000e+00,0.000000e+00,-6.216862e-01,0.000000e+00,0.000000e+00,-2.700000e+03,0.000000e+00,0.000000e+00,0.000000e+00,0.000000e+00,0.000000e+00,0.000000e+00,0.000000e+00,0.000000e+00,0.000000e+00
2.400522e-04,1.312033e-08,1.639909e+04,3.712120e-15,4.693331e-15,-1.214748e+01,1.023742e-01,2.449512e-06,0.000000e+00,0.000000e+00,0.000000e+00,0.000000e+00,0.000000e+00,0.000000e+00,0.000000e+00,0.000000e+00,0.000000e+00,0.000000e+00,0.000000e+00,0.000000e+00,0.000000e+00,0.000000e+00,0.000000e+00,0.000000e+00,0.000000e+00,0.000000e+00,0.000000e+00,0.000000e+00,0.000000e+00,0.000000e+00,0.000000e+00,0.000000e+00,0.000000e+00,0.000000e+00,0.000000e+00,0.000000e+00,0.000000e+00,0.000000e+00,0.000000e+00,0.000000e+00,0.000000e+00,0.000000e+00,0.000000e+00,0.000000e+00,0.000000e+00,0.000000e+00,0.000000e+00,0.000000e+00,0.000000e+00,1.312033e-08,4.142946e+03,2.364645e-10,2.416223e-10,-3.068846e+00,1.136610e-03,0.000000e+00,0.000000e+00,0.000000e+00,0.000000e+00,0.000000e+00,0.000000e+00,0.000000e+00,0.000000e+00,0.000000e+00,0.000000e+00,0.000000e+00,0.000000e+00,0.000000e+00,0.000000e+00,0.000000e+00,0.000000e+00,0.000000e+00,0.000000e+00,0.000000e+00,0.000000e+00,0.000000e+00,0.000000e+00,0.000000e+00,0.000000e+00,0.000000e+00,0.000000e+00,0.000000e+00,0.000000e+00,0.000000e+00,0.000000e+00,0.000000e+00,0.000000e+00,0.000000e+00,0.000000e+00,0.000000e+00,0.000000e+00,0.000000e+00,0.000000e+00,-6.481410e-01,0.000000e+00,0.000000e+00,-2.700000e+03,0.000000e+00,0.000000e+00,0.000000e+00,0.000000e+00,0.000000e+00,0.000000e+00,0.000000e+00,0.000000e+00,0.000000e+00
2.522998e-04,1.430503e-08,1.639909e+04,3.463753e-15,6.062887e-15,-1.214748e+01,1.023742e-01,2.449512e-06,0.000000e+00,0.000000e+00,0.000000e+00,0.000000e+00,0.000000e+00,0.000000e+00,0.000000e+00,0.000000e+00,0.000000e+00,0.000000e+00,0.000000e+00,0.000000e+00,0.000000e+00,0.000000e+00,0.000000e+00,0.000000e+00,0.000000e+00,0.000000e+00,0.000000e+00,0.000000e+00,0.000000e+00,0.000000e+00,0.000000e+00,0.000000e+00,0.000000e+00,0.000000e+00,0.000000e+00,0.000000e+00,0.000000e+00,0.000000e+00,0.000000e+00,0.000000e+00,0.000000e+00,0.000000e+00,0.000000e+00,0.000000e+00,0.000000e+00,0.000000e+00,0.000000e+00,0.000000e+00,0.000000e+00,1.430503e-08,4.142946e+03,-8.214596e-11,-4.106454e-11,-3.068847e+00,1.136610e-03,0.000000e+00,0.000000e+00,0.000000e+00,0.000000e+00,0.000000e+00,0.000000e+00,0.000000e+00,0.000000e+00,0.000000e+00,0.000000e+00,0.000000e+00,0.000000e+00,0.000000e+00,0.000000e+00,0.000000e+00,0.000000e+00,0.000000e+00,0.000000e+00,0.000000e+00,0.000000e+00,0.000000e+00,0.000000e+00,0.000000e+00,0.000000e+00,0.000000e+00,0.000000e+00,0.000000e+00,0.000000e+00,0.000000e+00,0.000000e+00,0.000000e+00,0.000000e+00,0.000000e+00,0.000000e+00,0.000000e+00,0.000000e+00,0.000000e+00,0.000000e+00,-6.812094e-01,0.000000e+00,0.000000e+00,-2.700000e+03,0.000000e+00,0.000000e+00,0.000000e+00,0.000000e+00,0.000000e+00,0.000000e+00,0.000000e+00,0.000000e+00,0.000000e+00
2.620978e-04,1.528045e-08,1.639909e+04,3.760099e-15,6.098004e-15,-1.214748e+01,1.023742e-01,2.449512e-06,0.000000e+00,0.000000e+00,0.000000e+00,0.000000e+00,0.000000e+00,0.000000e+00,0.000000e+00,0.000000e+00,0.000000e+00,0.000000e+00,0.000000e+00,0.000000e+00,0.000000e+00,0.000000e+00,0.000000e+00,0.000000e+00,0.000000e+00,0.000000e+00,0.000000e+00,0.000000e+00,0.000000e+00,0.000000e+00,0.000000e+00,0.000000e+00,0.000000e+00,0.000000e+00,0.000000e+00,0.000000e+00,0.000000e+00,0.000000e+00,0.000000e+00,0.000000e+00,0.000000e+00,0.000000e+00,0.000000e+00,0.000000e+00,0.000000e+00,0.000000e+00,0.000000e+00,0.000000e+00,0.000000e+00,1.528045e-08,4.142945e+03,1.096023e-10,-7.586166e-10,-3.068847e+00,1.136610e-03,0.000000e+00,0.000000e+00,0.000000e+00,0.000000e+00,0.000000e+00,0.000000e+00,0.000000e+00,0.000000e+00,0.000000e+00,0.000000e+00,0.000000e+00,0.000000e+00,0.000000e+00,0.000000e+00,0.000000e+00,0.000000e+00,0.000000e+00,0.000000e+00,0.000000e+00,0.000000e+00,0.000000e+00,0.000000e+00,0.000000e+00,0.000000e+00,0.000000e+00,0.000000e+00,0.000000e+00,0.000000e+00,0.000000e+00,0.000000e+00,0.000000e+00,0.000000e+00,0.000000e+00,0.000000e+00,0.000000e+00,0.000000e+00,0.000000e+00,0.000000e+00,-7.076641e-01,0.000000e+00,0.000000e+00,-2.700000e+03,0.000000e+00,0.000000e+00,0.000000e+00,0.000000e+00,0.000000e+00,0.000000e+00,0.000000e+00,0.000000e+00,0.000000e+00
2.718959e-04,1.629157e-08,1.639909e+04,3.471482e-15,7.115482e-15,-1.214748e+01,1.023742e-01,2.449512e-06,0.000000e+00,0.000000e+00,0.000000e+00,0.000000e+00,0.000000e+00,0.000000e+00,0.000000e+00,0.000000e+00,0.000000e+00,0.000000e+00,0.000000e+00,0.000000e+00,0.000000e+00,0.000000e+00,0.000000e+00,0.000000e+00,0.000000e+00,0.000000e+00,0.000000e+00,0.000000e+00,0.000000e+00,0.000000e+00,0.000000e+00,0.000000e+00,0.000000e+00,0.000000e+00,0.000000e+00,0.000000e+00,0.000000e+00,0.000000e+00,0.000000e+00,0.000000e+00,0.000000e+00,0.000000e+00,0.000000e+00,0.000000e+00,0.000000e+00,0.000000e+00,0.000000e+00,0.000000e+00,0.000000e+00,1.629157e-08,4.142946e+03,8.646656e-10,-1.666195e-11,-3.068847e+00,1.136610e-03,0.000000e+00,0.000000e+00,0.000000e+00,0.000000e+00,0.000000e+00,0.000000e+00,0.000000e+00,0.000000e+00,0.000000e+00,0.000000e+00,0.000000e+00,0.000000e+00,0.000000e+00,0.000000e+00,0.000000e+00,0.000000e+00,0.000000e+00,0.000000e+00,0.000000e+00,0.000000e+00,0.000000e+00,0.000000e+00,0.000000e+00,0.000000e+00,0.000000e+00,0.000000e+00,0.000000e+00,0.000000e+00,0.000000e+00,0.000000e+00,0.000000e+00,0.000000e+00,0.000000e+00,0.000000e+00,0.000000e+00,0.000000e+00,0.000000e+00,0.000000e+00,-7.341189e-01,0.000000e+00,0.000000e+00,-2.700000e+03,0.000000e+00,0.000000e+00,0.000000e+00,0.000000e+00,0.000000e+00,0.000000e+00,0.000000e+00,0.000000e+00,0.000000e+00
2.816939e-04,1.732900e-08,1.639909e+04,4.167882e-15,7.061073e-15,-1.214748e+01,1.023742e-01,2.449512e-06,0.000000e+00,0.000000e+00,0.000000e+00,0.000000e+00,0.000000e+00,0.000000e+00,0.000000e+00,0.000000e+00,0.000000e+00,0.000000e+00,0.000000e+00,0.000000e+00,0.000000e+00,0.000000e+00,0.000000e+00,0.000000e+00,0.000000e+00,0.000000e+00,0.000000e+00,0.000000e+00,0.000000e+00,0.000000e+00,0.000000e+00,0.000000e+00,0.000000e+00,0.000000e+00,0.000000e+00,0.000000e+00,0.000000e+00,0.000000e+00,0.000000e+00,0.000000e+00,0.000000e+00,0.000000e+00,0.000000e+00,0.000000e+00,0.000000e+00,0.000000e+00,0.000000e+00,0.000000e+00,0.000000e+00,1.732900e-08,4.142946e+03,-5.848644e-11,2.863182e-10,-3.068846e+00,1.136610e-03,0.000000e+00,0.000000e+00,0.000000e+00,0.000000e+00,0.000000e+00,0.000000e+00,0.000000e+00,0.000000e+00,0.000000e+00,0.000000e+00,0.000000e+00,0.000000e+00,0.000000e+00,0.000000e+00,0.000000e+00,0.000000e+00,0.000000e+00,0.000000e+00,0.000000e+00,0.000000e+00,0.000000e+00,0.000000e+00,0.000000e+00,0.000000e+00,0.000000e+00,0.000000e+00,0.000000e+00,0.000000e+00,0.000000e+00,0.000000e+00,0.000000e+00,0.000000e+00,0.000000e+00,0.000000e+00,0.000000e+00,0.000000e+00,0.000000e+00,0.000000e+00,-7.605736e-01,0.000000e+00,0.000000e+00,-2.700000e+03,0.000000e+00,0.000000e+00,0.000000e+00,0.000000e+00,0.000000e+00,0.000000e+00,0.000000e+00,0.000000e+00,0.000000e+00
2.914920e-04,1.839472e-08,1.639909e+04,4.902906e-15,8.128264e-15,-1.214748e+01,1.023742e-01,2.449512e-06,0.000000e+00,0.000000e+00,0.000000e+00,0.000000e+00,0.000000e+00,0.000000e+00,0.000000e+00,0.000000e+00,0.000000e+00,0.000000e+00,0.000000e+00,0.000000e+00,0.000000e+00,0.000000e+00,0.000000e+00,0.000000e+00,0.000000e+00,0.000000e+00,0.000000e+00,0.000000e+00,0.000000e+00,0.000000e+00,0.000000e+00,0.000000e+00,0.000000e+00,0.000000e+00,0.000000e+00,0.000000e+00,0.000000e+00,0.000000e+00,0.000000e+00,0.000000e+00,0.000000e+00,0.000000e+00,0.000000e+00,0.000000e+00,0.000000e+00,0.000000e+00,0.000000e+00,0.000000e+00,0.000000e+00,1.839472e-08,4.142945e+03,-7.002604e-10,-4.512886e-10,-3.068846e+00,1.136610e-03,0.000000e+00,0.000000e+00,0.000000e+00,0.000000e+00,0.000000e+00,0.000000e+00,0.000000e+00,0.000000e+00,0.000000e+00,0.000000e+00,0.000000e+00,0.000000e+00,0.000000e+00,0.000000e+00,0.000000e+00,0.000000e+00,0.000000e+00,0.000000e+00,0.000000e+00,0.000000e+00,0.000000e+00,0.000000e+00,0.000000e+00,0.000000e+00,0.000000e+00,0.000000e+00,0.000000e+00,0.000000e+00,0.000000e+00,0.000000e+00,0.000000e+00,0.000000e+00,0.000000e+00,0.000000e+00,0.000000e+00,0.000000e+00,0.000000e+00,0.000000e+00,-7.870283e-01,0.000000e+00,0.000000e+00,-2.700000e+03,0.000000e+00,0.000000e+00,0.000000e+00,0.000000e+00,0.000000e+00,0.000000e+00,0.000000e+00,0.000000e+00,0.000000e+00
3.012900e-04,1.949211e-08,1.639909e+04,5.560776e-15,8.683992e-15,-1.214748e+01,1.023742e-01,2.449512e-06,0.000000e+00,0.000000e+00,0.000000e+00,0.000000e+00,0.000000e+00,0.000000e+00,0.000000e+00,0.000000e+00,0.000000e+00,0.000000e+00,0.000000e+00,0.000000e+00,0.000000e+00,0.000000e+00,0.000000e+00,0.000000e+00,0.000000e+00,0.000000e+00,0.000000e+00,0.000000e+00,0.000000e+00,0.000000e+00,0.000000e+00,0.000000e+00,0.000000e+00,0.000000e+00,0.000000e+00,0.000000e+00,0.000000e+00,0.000000e+00,0.000000e+00,0.000000e+00,0.000000e+00,0.000000e+00,0.000000e+00,0.000000e+00,0.000000e+00,0.000000e+00,0.000000e+00,0.000000e+00,0.000000e+00,1.949211e-08,4.142946e+03,3.814061e-10,2.956790e-11,-3.068847e+00,1.136610e-03,0.000000e+00,0.000000e+00,0.000000e+00,0.000000e+00,0.000000e+00,0.000000e+00,0.000000e+00,0.000000e+00,0.000000e+00,0.000000e+00,0.000000e+00,0.000000e+00,0.000000e+00,0.000000e+00,0.000000e+00,0.000000e+00,0.000000e+00,0.000000e+00,0.000000e+00,0.000000e+00,0.000000e+00,0.000000e+00,0.000000e+00,0.000000e+00,0.000000e+00,0.000000e+00,0.000000e+00,0.000000e+00,0.000000e+00,0.000000e+00,0.000000e+00,0.000000e+00,0.000000e+00,0.000000e+00,0.000000e+00,0.000000e+00,0.000000e+00,0.000000e+00,-8.134831e-01,0.000000e+00,0.000000e+00,-2.700000e+03,0.000000e+00,0.000000e+00,0.000000e+00,0.000000e+00,0.000000e+00,0.000000e+00,0.000000e+00,0.000000e+00,0.000000e+00
3.110880e-04,2.061616e-08,1.639909e+04,5.032169e-15,8.966848e-15,-1.214748e+01,1.023742e-01,2.449512e-06,0.000000e+00,0.000000e+00,0.000000e+00,0.000000e+00,0.000000e+00,0.000000e+00,0.000000e+00,0.000000e+00,0.000000e+00,0.000000e+00,0.000000e+00,0.000000e+00,0.000000e+00,0.000000e+00,0.000000e+00,0.000000e+00,0.000000e+00,0.000000e+00,0.000000e+00,0.000000e+00,0.000000e+00,0.000000e+00,0.000000e+00,0.000000e+00,0.000000e+00,0.000000e+00,0.000000e+00,0.000000e+00,0.000000e+00,0.000000e+00,0.000000e+00,0.000000e+00,0.000000e+00,0.000000e+00,0.000000e+00,0.000000e+00,0.000000e+00,0.000000e+00,0.000000e+00,0.000000e+00,0.000000e+00,2.061616e-08,4.142945e+03,8.180994e-10,-5.850576e-11,-3.068847e+00,1.136610e-03,0.000000e+00,0.000000e+00,0.000000e+00,0.000000e+00,0.000000e+00,0.000000e+00,0.000000e+00,0.000000e+00,0.000000e+00,0.000000e+00,0.000000e+00,0.000000e+00,0.000000e+00,0.000000e+00,0.000000e+00,0.000000e+00,0.000000e+00,0.000000e+00,0.000000e+00,0.000000e+00,0.000000e+00,0.000000e+00,0.000000e+00,0.000000e+00,0.000000e+00,0.000000e+00,0.000000e+00,0.000000e+00,0.000000e+00,0.000000e+00,0.000000e+00,0.000000e+00,0.000000e+00,0.000000e+00,0.000000e+00,0.000000e+00,0.000000e+00,0.000000e+00,-8.399378e-01,0.000000e+00,0.000000e+00,-2.700000e+03,0.000000e+00,0.000000e+00,0.000000e+00,0.000000e+00,0.000000e+00,0.000000e+00,0.000000e+00,0.000000e+00,0.000000e+00
3.208861e-04,2.176903e-08,1.639909e+04,6.489707e-15,8.998538e-15,-1.214748e+01,1.023742e-01,2.449512e-06,0.000000e+00,0.000000e+00,0.000000e+00,0.000000e+00,0.000000e+00,0.000000e+00,0.000000e+00,0.000000e+00,0.000000e+00,0.000000e+00,0.000000e+00,0.000000e+00,0.000000e+00,0.000000e+00,0.000000e+00,0.000000e+00,0.000000e+00,0.000000e+00,0.000000e+00,0.000000e+00,0.000000e+00,0.000000e+00,0.000000e+00,0.000000e+00,0.000000e+00,0.000000e+00,0.000000e+00,0.000000e+00,0.000000e+00,0.000000e+00,0.000000e+00,0.000000e+00,0.000000e+00,0.000000e+00,0.000000e+00,0.000000e+00,0.000000e+00,0.000000e+00,0.000000e+00,0.000000e+00,0.000000e+00,2.176903e-08,4.142946e+03,4.492282e-10,-6.392080e-10,-3.068847e+00,1.136610e-03,0.000000e+00,0.000000e+00,0.000000e+00,0.000000e+00,0.000000e+00,0.000000e+00,0.000000e+00,0.000000e+00,0.000000e+00,0.000000e+00,0.000000e+00,0.000000e+00,0.000000e+00,0.000000e+00,0.000000e+00,0.000000e+00,0.000000e+00,0.000000e+00,0.000000e+00,0.000000e+00,0.000000e+00,0.000000e+00,0.000000e+00,0.000000e+00,0.000000e+00,0.000000e+00,0.000000e+00,0.000000e+00,0.000000e+00,0.000000e+00,0.000000e+00,0.000000e+00,0.000000e+00,0.000000e+00,0.000000e+00,0.000000e+00,0.000000e+00,0.000000e+00,-8.663926e-01,0.000000e+00,0.000000e+00,-2.700000e+03,0.000000e+00,0.000000e+00,0.000000e+00,0.000000e+00,0.000000e+00,0.000000e+00,0.000000e+00,0.000000e+00,0.000000e+00
3.306842e-04,2.294282e-08,1.639909e+04,5.713391e-15,8.779050e-15,-1.214748e+01,1.023742e-01,2.449512e-06,0.000000e+00,0.000000e+00,0.000000e+00,0.000000e+00,0.000000e+00,0.000000e+00,0.000000e+00,0.000000e+00,0.000000e+00,0.000000e+00,0.000000e+00,0.000000e+00,0.000000e+00,0.000000e+00,0.000000e+00,0.000000e+00,0.000000e+00,0.000000e+00,0.000000e+00,0.000000e+00,0.000000e+00,0.000000e+00,0.000000e+00,0.000000e+00,0.000000e+00,0.000000e+00,0.000000e+00,0.000000e+00,0.000000e+00,0.000000e+00,0.000000e+00,0.000000e+00,0.000000e+00,0.000000e+00,0.000000e+00,0.000000e+00,0.000000e+00,0.000000e+00,0.000000e+00,0.000000e+00,0.000000e+00,2.294282e-08,4.142946e+03,8.140636e-10,6.866629e-10,-3.068847e+00,1.136610e-03,0.000000e+00,0.000000e+00,0.000000e+00,0.000000e+00,0.000000e+00,0.000000e+00,0.000000e+00,0.000000e+00,0.000000e+00,0.000000e+00,0.000000e+00,0.000000e+00,0.000000e+00,0.000000e+00,0.000000e+00,0.000000e+00,0.000000e+00,0.000000e+00,0.000000e+00,0.000000e+00,0.000000e+00,0.000000e+00,0.000000e+00,0.000000e+00,0.000000e+00,0.000000e+00,0.000000e+00,0.000000e+00,0.000000e+00,0.000000e+00,0.000000e+00,0.000000e+00,0.000000e+00,0.000000e+00,0.000000e+00,0.000000e+00,0.000000e+00,0.000000e+00,-8.928472e-01,0.000000e+00,0.000000e+00,-2.700000e+03,0.000000e+00,0.000000e+00,0.000000e+00,0.000000e+00,0.000000e+00,0.000000e+00,0.000000e+00,0.000000e+00,0.000000e+00
3.404822e-04,2.415683e-08,1.639909e+04,4.819065e-15,8.655647e-15,-1.214748e+01,1.023742e-01,2.449512e-06,0.000000e+00,0.000000e+00,0.000000e+00,0.000000e+00,0.000000e+00,0.000000e+00,0.000000e+00,0.000000e+00,0.000000e+00,0.000000e+00,0.000000e+00,0.000000e+00,0.000000e+00,0.000000e+00,0.000000e+00,0.000000e+00,0.000000e+00,0.000000e+00,0.000000e+00,0.000000e+00,0.000000e+00,0.000000e+00,0.000000e+00,0.000000e+00,0.000000e+00,0.000000e+00,0.000000e+00,0.000000e+00,0.000000e+00,0.000000e+00,0.000000e+00,0.000000e+00,0.000000e+00,0.000000e+00,0.000000e+00,0.000000e+00,0.000000e+00,0.000000e+00,0.000000e+00,0.000000e+00,0.000000e+00,2.415683e-08,4.142946e+03,1.722933e-10,1.847624e-10,-3.068846e+00,1.136610e-03,0.000000e+00,0.000000e+00,0.000000e+00,0.000000e+00,0.000000e+00,0.000000e+00,0.000000e+00,0.000000e+00,0.000000e+00,0.000000e+00,0.000000e+00,0.000000e+00,0.000000e+00,0.000000e+00,0.000000e+00,0.000000e+00,0.000000e+00,0.000000e+00,0.000000e+00,0.000000e+00,0.000000e+00,0.000000e+00,0.000000e+00,0.000000e+00,0.000000e+00,0.000000e+00,0.000000e+00,0.000000e+00,0.000000e+00,0.000000e+00,0.000000e+00,0.000000e+00,0.000000e+00,0.000000e+00,0.000000e+00,0.000000e+00,0.000000e+00,0.000000e+00,-9.193020e-01,0.000000e+00,0.000000e+00,-2.700000e+03,0.000000e+00,0.000000e+00,0.000000e+00,0.000000e+00,0.000000e+00,0.000000e+00,0.000000e+00,0.000000e+00,0.000000e+00
3.502803e-04,2.539504e-08,1.639909e+04,5.345863e-15,9.737394e-15,-1.214748e+01,1.023742e-01,2.449512e-06,0.000000e+00,0.000000e+00,0.000000e+00,0.000000e+00,0.000000e+00,0.000000e+00,0.000000e+00,0.000000e+00,0.000000e+00,0.000000e+00,0.000000e+00,0.000000e+00,0.000000e+00,0.000000e+00,0.000000e+00,0.000000e+00,0.000000e+00,0.000000e+00,0.000000e+00,0.000000e+00,0.000000e+00,0.000000e+00,0.000000e+00,0.000000e+00,0.000000e+00,0.000000e+00,0.000000e+00,0.000000e+00,0.000000e+00,0.000000e+00,0.000000e+00,0.000000e+00,0.000000e+00,0.000000e+00,0.000000e+00,0.000000e+00,0.000000e+00,0.000000e+00,0.000000e+00,0.000000e+00,0.000000e+00,2.539504e-08,4.142945e+03,-2.210494e-10,-5.263823e-10,-3.068847e+00,1.136610e-03,0.000000e+00,0.000000e+00,0.000000e+00,0.000000e+00,0.000000e+00,0.000000e+00,0.000000e+00,0.000000e+00,0.000000e+00,0.000000e+00,0.000000e+00,0.000000e+00,0.000000e+00,0.000000e+00,0.000000e+00,0.000000e+00,0.000000e+00,0.000000e+00,0.000000e+00,0.000000e+00,0.000000e+00,0.000000e+00,0.000000e+00,0.000000e+00,0.000000e+00,0.000000e+00,0.000000e+00,0.000000e+00,0.000000e+00,0.000000e+00,0.000000e+00,0.000000e+00,0.000000e+00,0.000000e+00,0.000000e+00,0.000000e+00,0.000000e+00,0.000000e+00,-9.457567e-01,0.000000e+00,0.000000e+00,-2.700000e+03,0.000000e+00,0.000000e+00,0.000000e+00,0.000000e+00,0.000000e+00,0.000000e+00,0.000000e+00,0.000000e+00,0.000000e+00
3.600783e-04,2.666603e-08,1.639909e+04,7.606304e-15,1.141174e-14,-1.214748e+01,1.023742e-01,2.449512e-06,0.000000e+00,0.000000e+00,0.000000e+00,0.000000e+00,0.000000e+00,0.000000e+00,0.000000e+00,0.000000e+00,0.000000e+00,0.000000e+00,0.000000e+00,0.000000e+00,0.000000e+00,0.000000e+00,0.000000e+00,0.000000e+00,0.000000e+00,0.000000e+00,0.000000e+00,0.000000e+00,0.000000e+00,0.000000e+00,0.000000e+00,0.000000e+00,0.000000e+00,0.000000e+00,0.000000e+00,0.000000e+00,0.000000e+00,0.000000e+00,0.000000e+00,0.000000e+00,0.000000e+00,0.000000e+00,0.000000e+00,0.000000e+00,0.000000e+00,0.000000e+00,0.000000e+00,0.000000e+00,0.000000e+00,2.666603e-08,4.142944e+03,4.075739e-10,6.216849e-11,-3.068846e+00,1.136610e-03,0.000000e+00,0.000000e+00,0.000000e+00,0.000000e+00,0.000000e+00,0.000000e+00,0.000000e+00,0.000000e+00,0.000000e+00,0.000000e+00,0.000000e+00,0.000000e+00,0.000000e+00,0.000000e+00,0.000000e+00,0.000000e+00,0.000000e+00,0.000000e+00,0.000000e+00,0.000000e+00,0.000000e+00,0.000000e+00,0.000000e+00,0.000000e+00,0.000000e+00,0.000000e+00,0.000000e+00,0.000000e+00,0.000000e+00,0.000000e+00,0.000000e+00,0.000000e+00,0.000000e+00,0.000000e+00,0.000000e+00,0.000000e+00,0.000000e+00,0.000000e+00,-9.722115e-01,0.000000e+00,0.000000e+00,-2.700000e+03,0.000000e+00,0.000000e+00,0.000000e+00,0.000000e+00,0.000000e+00,0.000000e+00,0.000000e+00,0.000000e+00,0.000000e+00
3.723259e-04,2.828692e-08,1.639909e+04,8.866873e-15,1.338221e-14,-1.214748e+01,1.023742e-01,2.449512e-06,0.000000e+00,0.000000e+00,0.000000e+00,0.000000e+00,0.000000e+00,0.000000e+00,0.000000e+00,0.000000e+00,0.000000e+00,0.000000e+00,0.000000e+00,0.000000e+00,0.000000e+00,0.000000e+00,0.000000e+00,0.000000e+00,0.000000e+00,0.000000e+00,0.000000e+00,0.000000e+00,0.000000e+00,0.000000e+00,0.000000e+00,0.000000e+00,0.000000e+00,0.000000e+00,0.000000e+00,0.000000e+00,0.000000e+00,0.000000e+00,0.000000e+00,0.000000e+00,0.000000e+00,0.000000e+00,0.000000e+00,0.000000e+00,0.000000e+00,0.000000e+00,0.000000e+00,0.000000e+00,0.000000e+00,2.828692e-08,4.142947e+03,5.616975e-10,-1.363346e-10,-3.068846e+00,1.136610e-03,0.000000e+00,0.000000e+00,0.000000e+00,0.000000e+00,0.000000e+00,0.000000e+00,0.000000e+00,0.000000e+00,0.000000e+00,0.000000e+00,0.000000e+00,0.000000e+00,0.000000e+00,0.000000e+00,0.000000e+00,0.000000e+00,0.000000e+00,0.000000e+00,0.000000e+00,0.000000e+00,0.000000e+00,0.000000e+00,0.000000e+00,0.000000e+00,0.000000e+00,0.000000e+00,0.000000e+00,0.000000e+00,0.000000e+00,0.000000e+00,0.000000e+00,0.000000e+00,0.000000e+00,0.000000e+00,0.000000e+00,0.000000e+00,0.000000e+00,0.000000e+00,-1.005280e+00,0.000000e+00,0.000000e+00,-2.700000e+03,0.000000e+00,0.000000e+00,0.000000e+00,0.000000e+00,0.000000e+00,0.000000e+00,0.000000e+00,0.000000e+00,0.000000e+00
3.821239e-04,2.961994e-08,1.639909e+04,1.055951e-14,1.371464e-14,-1.214748e+01,1.023742e-01,2.449512e-06,0.000000e+00,0.000000e+00,0.000000e+00,0.000000e+00,0.000000e+00,0.000000e+00,0.000000e+00,0.000000e+00,0.000000e+00,0.000000e+00,0.000000e+00,0.000000e+00,0.000000e+00,0.000000e+00,0.000000e+00,0.000000e+00,0.000000e+00,0.000000e+00,0.000000e+00,0.000000e+00,0.000000e+00,0.000000e+00,0.000000e+00,0.000000e+00,0.000000e+00,0.000000e+00,0.000000e+00,0.000000e+00,0.000000e+00,0.000000e+00,0.000000e+00,0.000000e+00,0.000000e+00,0.000000e+00,0.000000e+00,0.000000e+00,0.000000e+00,0.000000e+00,0.000000e+00,0.000000e+00,0.000000e+00,2.961994e-08,4.142946e+03,1.040687e-09,-5.509522e-10,-3.068847e+00,1.136610e-03,0.000000e+00,0.000000e+00,0.000000e+00,0.000000e+00,0.000000e+00,0.000000e+00,0.000000e+00,0.000000e+00,0.000000e+00,0.000000e+00,0.000000e+00,0.000000e+00,0.000000e+00,0.000000e+00,0.000000e+00,0.000000e+00,0.000000e+00,0.000000e+00,0.000000e+00,0.000000e+00,0.000000e+00,0.000000e+00,0.000000e+00,0.000000e+00,0.000000e+00,0.000000e+00,0.000000e+00,0.000000e+00,0.000000e+00,0.000000e+00,0.000000e+00,0.000000e+00,0.000000e+00,0.000000e+00,0.000000e+00,0.000000e+00,0.000000e+00,0.000000e+00,-1.031735e+00,0.000000e+00,0.000000e+00,-2.700000e+03,0.000000e+00,0.000000e+00,0.000000e+00,0.000000e+00,0.000000e+00,0.000000e+00,0.000000e+00,0.000000e+00,0.000000e+00
3.919220e-04,3.097805e-08,1.639909e+04,1.145746e-14,1.573258e-14,-1.214748e+01,1.023742e-01,2.449512e-06,0.000000e+00,0.000000e+00,0.000000e+00,0.000000e+00,0.000000e+00,0.000000e+00,0.000000e+00,0.000000e+00,0.000000e+00,0.000000e+00,0.000000e+00,0.000000e+00,0.000000e+00,0.000000e+00,0.000000e+00,0.000000e+00,0.000000e+00,0.000000e+00,0.000000e+00,0.000000e+00,0.000000e+00,0.000000e+00,0.000000e+00,0.000000e+00,0.000000e+00,0.000000e+00,0.000000e+00,0.000000e+00,0.000000e+00,0.000000e+00,0.000000e+00,0.000000e+00,0.000000e+00,0.000000e+00,0.000000e+00,0.000000e+00,0.000000e+00,0.000000e+00,0.000000e+00,0.000000e+00,0.000000e+00,3.097805e-08,4.142947e+03,7.190932e-10,7.103327e-10,-3.068847e+00,1.136610e-03,0.000000e+00,0.000000e+00,0.000000e+00,0.000000e+00,0.000000e+00,0.000000e+00,0.000000e+00,0.000000e+00,0.000000e+00,0.000000e+00,0.000000e+00,0.000000e+00,0.000000e+00,0.000000e+00,0.000000e+00,0.000000e+00,0.000000e+00,0.000000e+00,0.000000e+00,0.000000e+00,0.000000e+00,0.000000e+00,0.000000e+00,0.000000e+00,0.000000e+00,0.000000e+00,0.000000e+00,0.000000e+00,0.000000e+00,0.000000e+00,0.000000e+00,0.000000e+00,0.000000e+00,0.000000e+00,0.000000e+00,0.000000e+00,0.000000e+00,0.000000e+00,-1.058189e+00,0.000000e+00,0.000000e+00,-2.700000e+03,0.000000e+00,0.000000e+00,0.000000e+00,0.000000e+00,0.000000e+00,0.000000e+00,0.000000e+00,0.000000e+00,0.000000e+00
4.017200e-04,3.236705e-08,1.639909e+04,1.096802e-14,1.675235e-14,-1.214748e+01,1.023742e-01,2.449512e-06,0.000000e+00,0.000000e+00,0.000000e+00,0.000000e+00,0.000000e+00,0.000000e+00,0.000000e+00,0.000000e+00,0.000000e+00,0.000000e+00,0.000000e+00,0.000000e+00,0.000000e+00,0.000000e+00,0.000000e+00,0.000000e+00,0.000000e+00,0.000000e+00,0.000000e+00,0.000000e+00,0.000000e+00,0.000000e+00,0.000000e+00,0.000000e+00,0.000000e+00,0.000000e+00,0.000000e+00,0.000000e+00,0.000000e+00,0.000000e+00,0.000000e+00,0.000000e+00,0.000000e+00,0.000000e+00,0.000000e+00,0.000000e+00,0.000000e+00,0.000000e+00,0.000000e+00,0.000000e+00,0.000000e+00,3.236705e-08,4.142946e+03,2.341469e-10,7.027874e-10,-3.068846e+00,1.136610e-03,0.000000e+00,0.000000e+00,0.000000e+00,0.000000e+00,0.000000e+00,0.000000e+00,0.000000e+00,0.000000e+00,0.000000e+00,0.000000e+00,0.000000e+00,0.000000e+00,0.000000e+00,0.000000e+00,0.000000e+00,0.000000e+00,0.000000e+00,0.000000e+00,0.000000e+00,0.000000e+00,0.000000e+00,0.000000e+00,0.000000e+00,0.000000e+00,0.000000e+00,0.000000e+00,0.000000e+00,0.000000e+00,0.000000e+00,0.000000e+00,0.000000e+00,0.000000e+00,0.000000e+00,0.000000e+00,0.000000e+00,0.000000e+00,0.000000e+00,0.000000e+00,-1.084644e+00,0.000000e+00,0.000000e+00,-2.700000e+03,0.000000e+00,0.000000e+00,0.000000e+00,0.000000e+00,0.000000e+00,0.000000e+00,0.000000e+00,0.000000e+00,0.000000e+00
4.115181e-04,3.377995e-08,1.639909e+04,1.216513e-14,1.654009e-14,-1.214748e+01,1.023742e-01,2.449512e-06,0.000000e+00,0.000000e+00,0.000000e+00,0.000000e+00,0.000000e+00,0.000000e+00,0.000000e+00,0.000000e+00,0.000000e+00,0.000000e+00,0.000000e+00,0.000000e+00,0.000000e+00,0.000000e+00,0.000000e+00,0.000000e+00,0.000000e+00,0.000000e+00,0.000000e+00,0.000000e+00,0.000000e+00,0.000000e+00,0.000000e+00,0.000000e+00,0.000000e+00,0.000000e+00,0.000000e+00,0.000000e+00,0.000000e+00,0.000000e+00,0.000000e+00,0.000000e+00,0.000000e+00,0.000000e+00,0.000000e+00,0.000000e+00,0.000000e+00,0.000000e+00,0.000000e+00,0.000000e+00,0.000000e+00,3.377995e-08,4.142946e+03,3.632576e-10,-1.625434e-09,-3.068847e+00,1.136610e-03,0.000000e+00,0.000000e+00,0.000000e+00,0.000000e+00,0.000000e+00,0.000000e+00,0.000000e+00,0.000000e+00,0.000000e+00,0.000000e+00,0.000000e+00,0.000000e+00,0.000000e+00,0.000000e+00,0.000000e+00,0.000000e+00,0.000000e+00,0.000000e+00,0.000000e+00,0.000000e+00,0.000000e+00,0.000000e+00,0.000000e+00,0.000000e+00,0.000000e+00,0.000000e+00,0.000000e+00,0.000000e+00,0.000000e+00,0.000000e+00,0.000000e+00,0.000000e+00,0.000000e+00,0.000000e+00,0.000000e+00,0.000000e+00,0.000000e+00,0.000000e+00,-1.111099e+00,0.000000e+00,0.000000e+00,-2.700000e+03,0.000000e+00,0.000000e+00,0.000000e+00,0.000000e+00,0.000000e+00,0.000000e+00,0.000000e+00,0.000000e+00,0.000000e+00
4.213161e-04,3.523257e-08,1.639909e+04,1.143341e-14,1.548902e-14,-1.214748e+01,1.023742e-01,2.449512e-06,0.000000e+00,0.000000e+00,0.000000e+00,0.000000e+00,0.000000e+00,0.000000e+00,0.000000e+00,0.000000e+00,0.000000e+00,0.000000e+00,0.000000e+00,0.000000e+00,0.000000e+00,0.000000e+00,0.000000e+00,0.000000e+00,0.000000e+00,0.000000e+00,0.000000e+00,0.000000e+00,0.000000e+00,0.000000e+00,0.000000e+00,0.000000e+00,0.000000e+00,0.000000e+00,0.000000e+00,0.000000e+00,0.000000e+00,0.000000e+00,0.000000e+00,0.000000e+00,0.000000e+00,0.000000e+00,0.000000e+00,0.000000e+00,0.000000e+00,0.000000e+00,0.000000e+00,0.000000e+00,0.000000e+00,3.523257e-08,4.142945e+03,1.086768e-09,1.206186e-10,-3.068846e+00,1.136610e-03,0.000000e+00,0.000000e+00,0.000000e+00,0.000000e+00,0.000000e+00,0.000000e+00,0.000000e+00,0.000000e+00,0.000000e+00,0.000000e+00,0.000000e+00,0.000000e+00,0.000000e+00,0.000000e+00,0.000000e+00,0.000000e+00,0.000000e+00,0.000000e+00,0.000000e+00,0.000000e+00,0.000000e+00,0.000000e+00,0.000000e+00,0.000000e+00,0.000000e+00,0.000000e+00,0.000000e+00,0.000000e+00,0.000000e+00,0.000000e+00,0.000000e+00,0.000000e+00,0.000000e+00,0.000000e+00,0.000000e+00,0.000000e+00,0.000000e+00,0.000000e+00,-1.137554e+00,0.000000e+00,0.000000e+00,-2.700000e+03,0.000000e+00,0.000000e+00,0.000000e+00,0.000000e+00,0.000000e+00,0.000000e+00,0.000000e+00,0.000000e+00,0.000000e+00
4.311142e-04,3.669472e-08,1.639909e+04,1.175438e-14,1.491465e-14,-1.214748e+01,1.023742e-01,2.449512e-06,0.000000e+00,0.000000e+00,0.000000e+00,0.000000e+00,0.000000e+00,0.000000e+00,0.000000e+00,0.000000e+00,0.000000e+00,0.000000e+00,0.000000e+00,0.000000e+00,0.000000e+00,0.000000e+00,0.000000e+00,0.000000e+00,0.000000e+00,0.000000e+00,0.000000e+00,0.000000e+00,0.000000e+00,0.000000e+00,0.000000e+00,0.000000e+00,0.000000e+00,0.000000e+00,0.000000e+00,0.000000e+00,0.000000e+00,0.000000e+00,0.000000e+00,0.000000e+00,0.000000e+00,0.000000e+00,0.000000e+00,0.000000e+00,0.000000e+00,0.000000e+00,0.000000e+00,0.000000e+00,0.000000e+00,3.669472e-08,4.142946e+03,8.133614e-10,1.979972e-11,-3.068846e+00,1.136610e-03,0.000000e+00,0.000000e+00,0.000000e+00,0.000000e+00,0.000000e+00,0.000000e+00,0.000000e+00,0.000000e+00,0.000000e+00,0.000000e+00,0.000000e+00,0.000000e+00,0.000000e+00,0.000000e+00,0.000000e+00,0.000000e+00,0.000000e+00,0.000000e+00,0.000000e+00,0.000000e+00,0.000000e+00,0.000000e+00,0.000000e+00,0.000000e+00,0.000000e+00,0.000000e+00,0.000000e+00,0.000000e+00,0.000000e+00,0.000000e+00,0.000000e+00,0.000000e+00,0.000000e+00,0.000000e+00,0.000000e+00,0.000000e+00,0.000000e+00,0.000000e+00,-1.164008e+00,0.000000e+00,0.000000e+00,-2.700000e+03,0.000000e+00,0.000000e+00,0.000000e+00,0.000000e+00,0.000000e+00,0.000000e+00,0.000000e+00,0.000000e+00,0.000000e+00
4.409122e-04,3.819249e-08,1.639909e+04,1.268217e-14,1.724746e-14,-1.214748e+01,1.023742e-01,2.449512e-06,0.000000e+00,0.000000e+00,0.000000e+00,0.000000e+00,0.000000e+00,0.000000e+00,0.000000e+00,0.000000e+00,0.000000e+00,0.000000e+00,0.000000e+00,0.000000e+00,0.000000e+00,0.000000e+00,0.000000e+00,0.000000e+00,0.000000e+00,0.000000e+00,0.000000e+00,0.000000e+00,0.000000e+00,0.000000e+00,0.000000e+00,0.000000e+00,0.000000e+00,0.000000e+00,0.000000e+00,0.000000e+00,0.000000e+00,0.000000e+00,0.000000e+00,0.000000e+00,0.000000e+00,0.000000e+00,0.000000e+00,0.000000e+00,0.000000e+00,0.000000e+00,0.000000e+00,0.000000e+00,0.000000e+00,3.819249e-08,4.142944e+03,6.562080e-10,4.725158e-10,-3.068846e+00,1.136610e-03,0.000000e+00,0.000000e+00,0.000000e+00,0.000000e+00,0.000000e+00,0.000000e+00,0.000000e+00,0.000000e+00,0.000000e+00,0.000000e+00,0.000000e+00,0.000000e+00,0.000000e+00,0.000000e+00,0.000000e+00,0.000000e+00,0.000000e+00,0.000000e+00,0.000000e+00,0.000000e+00,0.000000e+00,0.000000e+00,0.000000e+00,0.000000e+00,0.000000e+00,0.000000e+00,0.000000e+00,0.000000e+00,0.000000e+00,0.000000e+00,0.000000e+00,0.000000e+00,0.000000e+00,0.000000e+00,0.000000e+00,0.000000e+00,0.000000e+00,0.000000e+00,-1.190463e+00,0.000000e+00,0.000000e+00,-2.700000e+03,0.000000e+00,0.000000e+00,0.000000e+00,0.000000e+00,0.000000e+00,0.000000e+00,0.000000e+00,0.000000e+00,0.000000e+00
4.507103e-04,3.971890e-08,1.639909e+04,1.246837e-14,1.737702e-14,-1.214748e+01,1.023742e-01,2.449512e-06,0.000000e+00,0.000000e+00,0.000000e+00,0.000000e+00,0.000000e+00,0.000000e+00,0.000000e+00,0.000000e+00,0.000000e+00,0.000000e+00,0.000000e+00,0.000000e+00,0.000000e+00,0.000000e+00,0.000000e+00,0.000000e+00,0.000000e+00,0.000000e+00,0.000000e+00,0.000000e+00,0.000000e+00,0.000000e+00,0.000000e+00,0.000000e+00,0.000000e+00,0.000000e+00,0.000000e+00,0.000000e+00,0.000000e+00,0.000000e+00,0.000000e+00,0.000000e+00,0.000000e+00,0.000000e+00,0.000000e+00,0.000000e+00,0.000000e+00,0.000000e+00,0.000000e+00,0.000000e+00,0.000000e+00,3.971890e-08,4.142946e+03,5.837201e-10,8.563903e-10,-3.068847e+00,1.136610e-03,0.000000e+00,0.000000e+00,0.000000e+00,0.000000e+00,0.000000e+00,0.000000e+00,0.000000e+00,0.000000e+00,0.000000e+00,0.000000e+00,0.000000e+00,0.000000e+00,0.000000e+00,0.000000e+00,0.000000e+00,0.000000e+00,0.000000e+00,0.000000e+00,0.000000e+00,0.000000e+00,0.000000e+00,0.000000e+00,0.000000e+00,0.000000e+00,0.000000e+00,0.000000e+00,0.000000e+00,0.000000e+00,0.000000e+00,0.000000e+00,0.000000e+00,0.000000e+00,0.000000e+00,0.000000e+00,0.000000e+00,0.000000e+00,0.000000e+00,0.000000e+00,-1.216918e+00,0.000000e+00,0.000000e+00,-2.700000e+03,0.000000e+00,0.000000e+00,0.000000e+00,0.000000e+00,0.000000e+00,0.000000e+00,0.000000e+00,0.000000e+00,0.000000e+00
4.605083e-04,4.126094e-08,1.639909e+04,1.473725e-14,1.896413e-14,-1.214748e+01,1.023742e-01,2.449512e-06,0.000000e+00,0.000000e+00,0.000000e+00,0.000000e+00,0.000000e+00,0.000000e+00,0.000000e+00,0.000000e+00,0.000000e+00,0.000000e+00,0.000000e+00,0.000000e+00,0.000000e+00,0.000000e+00,0.000000e+00,0.000000e+00,0.000000e+00,0.000000e+00,0.000000e+00,0.000000e+00,0.000000e+00,0.000000e+00,0.000000e+00,0.000000e+00,0.000000e+00,0.000000e+00,0.000000e+00,0.000000e+00,0.000000e+00,0.000000e+00,0.000000e+00,0.000000e+00,0.000000e+00,0.000000e+00,0.000000e+00,0.000000e+00,0.000000e+00,0.000000e+00,0.000000e+00,0.000000e+00,0.000000e+00,4.126094e-08,4.142945e+03,-1.776703e-10,-1.830238e-10,-3.068846e+00,1.136610e-03,0.000000e+00,0.000000e+00,0.000000e+00,0.000000e+00,0.000000e+00,0.000000e+00,0.000000e+00,0.000000e+00,0.000000e+00,0.000000e+00,0.000000e+00,0.000000e+00,0.000000e+00,0.000000e+00,0.000000e+00,0.000000e+00,0.000000e+00,0.000000e+00,0.000000e+00,0.000000e+00,0.000000e+00,0.000000e+00,0.000000e+00,0.000000e+00,0.000000e+00,0.000000e+00,0.000000e+00,0.000000e+00,0.000000e+00,0.000000e+00,0.000000e+00,0.000000e+00,0.000000e+00,0.000000e+00,0.000000e+00,0.000000e+00,0.000000e+00,0.000000e+00,-1.243372e+00,0.000000e+00,0.000000e+00,-2.700000e+03,0.000000e+00,0.000000e+00,0.000000e+00,0.000000e+00,0.000000e+00,0.000000e+00,0.000000e+00,0.000000e+00,0.000000e+00
4.703063e-04,4.285304e-08,1.639909e+04,1.345340e-14,2.033987e-14,-1.214748e+01,1.023742e-01,2.449512e-06,0.000000e+00,0.000000e+00,0.000000e+00,0.000000e+00,0.000000e+00,0.000000e+00,0.000000e+00,0.000000e+00,0.000000e+00,0.000000e+00,0.000000e+00,0.000000e+00,0.000000e+00,0.000000e+00,0.000000e+00,0.000000e+00,0.000000e+00,0.000000e+00,0.000000e+00,0.000000e+00,0.000000e+00,0.000000e+00,0.000000e+00,0.000000e+00,0.000000e+00,0.000000e+00,0.000000e+00,0.000000e+00,0.000000e+00,0.000000e+00,0.000000e+00,0.000000e+00,0.000000e+00,0.000000e+00,0.000000e+00,0.000000e+00,0.000000e+00,0.000000e+00,0.000000e+00,0.000000e+00,0.000000e+00,4.285304e-08,4.142946e+03,-3.010183e-10,-2.842246e-10,-3.068846e+00,1.136610e-03,0.000000e+00,0.000000e+00,0.000000e+00,0.000000e+00,0.000000e+00,0.000000e+00,0.000000e+00,0.000000e+00,0.000000e+00,0.000000e+00,0.000000e+00,0.000000e+00,0.000000e+00,0.000000e+00,0.000000e+00,0.000000e+00,0.000000e+00,0.000000e+00,0.000000e+00,0.000000e+00,0.000000e+00,0.000000e+00,0.000000e+00,0.000000e+00,0.000000e+00,0.000000e+00,0.000000e+00,0.000000e+00,0.000000e+00,0.000000e+00,0.000000e+00,0.000000e+00,0.000000e+00,0.000000e+00,0.000000e+00,0.000000e+00,0.000000e+00,0.000000e+00,-1.269827e+00,0.000000e+00,0.000000e+00,-2.700000e+03,0.000000e+00,0.000000e+00,0.000000e+00,0.000000e+00,0.000000e+00,0.000000e+00,0.000000e+00,0.000000e+00,0.000000e+00
4.801044e-04,4.447834e-08,1.639909e+04,1.351578e-14,1.962568e-14,-1.214748e+01,1.023742e-01,2.449512e-06,0.000000e+00,0.000000e+00,0.000000e+00,0.000000e+00,0.000000e+00,0.000000e+00,0.000000e+00,0.000000e+00,0.000000e+00,0.000000e+00,0.000000e+00,0.000000e+00,0.000000e+00,0.000000e+00,0.000000e+00,0.000000e+00,0.000000e+00,0.000000e+00,0.000000e+00,0.000000e+00,0.000000e+00,0.000000e+00,0.000000e+00,0.000000e+00,0.000000e+00,0.000000e+00,0.000000e+00,0.000000e+00,0.000000e+00,0.000000e+00,0.000000e+00,0.000000e+00,0.000000e+00,0.000000e+00,0.000000e+00,0.000000e+00,0.000000e+00,0.000000e+00,0.000000e+00,0.000000e+00,0.000000e+00,4.447834e-08,4.142946e+03,1.746654e-09,-2.320477e-10,-3.068846e+00,1.136609e-03,0.000000e+00,0.000000e+00,0.000000e+00,0.000000e+00,0.000000e+00,0.000000e+00,0.000000e+00,0.000000e+00,0.000000e+00,0.000000e+00,0.000000e+00,0.000000e+00,0.000000e+00,0.000000e+00,0.000000e+00,0.000000e+00,0.000000e+00,0.000000e+00,0.000000e+00,0.000000e+00,0.000000e+00,0.000000e+00,0.000000e+00,0.000000e+00,0.000000e+00,0.000000e+00,0.000000e+00,0.000000e+00,0.000000e+00,0.000000e+00,0.000000e+00,0.000000e+00,0.000000e+00,0.000000e+00,0.000000e+00,0.000000e+00,0.000000e+00,0.000000e+00,-1.296282e+00,0.000000e+00,0.000000e+00,-2.700000e+03,0.000000e+00,0.000000e+00,0.000000e+00,0.000000e+00,0.000000e+00,0.000000e+00,0.000000e+00,0.000000e+00,0.000000e+00
4.923519e-04,4.656981e-08,1.639909e+04,1.474238e-14,2.078075e-14,-1.214748e+01,1.023742e-01,2.449512e-06,0.000000e+00,0.000000e+00,0.000000e+00,0.000000e+00,0.000000e+00,0.000000e+00,0.000000e+00,0.000000e+00,0.000000e+00,0.000000e+00,0.000000e+00,0.000000e+00,0.000000e+00,0.000000e+00,0.000000e+00,0.000000e+00,0.000000e+00,0.000000e+00,0.000000e+00,0.000000e+00,0.000000e+00,0.000000e+00,0.000000e+00,0.000000e+00,0.000000e+00,0.000000e+00,0.000000e+00,0.000000e+00,0.000000e+00,0.000000e+00,0.000000e+00,0.000000e+00,0.000000e+00,0.000000e+00,0.000000e+00,0.000000e+00,0.000000e+00,0.000000e+00,0.000000e+00,0.000000e+00,0.000000e+00,4.656981e-08,4.142946e+03,1.139846e-10,-2.244736e-10,-3.068846e+00,1.136610e-03,0.000000e+00,0.000000e+00,0.000000e+00,0.000000e+00,0.000000e+00,0.000000e+00,0.000000e+00,0.000000e+00,0.000000e+00,0.000000e+00,0.000000e+00,0.000000e+00,0.000000e+00,0.000000e+00,0.000000e+00,0.000000e+00,0.000000e+00,0.000000e+00,0.000000e+00,0.000000e+00,0.000000e+00,0.000000e+00,0.000000e+00,0.000000e+00,0.000000e+00,0.000000e+00,0.000000e+00,0.000000e+00,0.000000e+00,0.000000e+00,0.000000e+00,0.000000e+00,0.000000e+00,0.000000e+00,0.000000e+00,0.000000e+00,0.000000e+00,0.000000e+00,-1.329350e+00,0.000000e+00,0.000000e+00,-2.700000e+03,0.000000e+00,0.000000e+00,0.000000e+00,0.000000e+00,0.000000e+00,0.000000e+00,0.000000e+00,0.000000e+00,0.000000e+00
5.021500e-04,4.831417e-08,1.639909e+04,1.602002e-14,2.224589e-14,-1.214748e+01,1.023742e-01,2.449512e-06,0.000000e+00,0.000000e+00,0.000000e+00,0.000000e+00,0.000000e+00,0.000000e+00,0.000000e+00,0.000000e+00,0.000000e+00,0.000000e+00,0.000000e+00,0.000000e+00,0.000000e+00,0.000000e+00,0.000000e+00,0.000000e+00,0.000000e+00,0.000000e+00,0.000000e+00,0.000000e+00,0.000000e+00,0.000000e+00,0.000000e+00,0.000000e+00,0.000000e+00,0.000000e+00,0.000000e+00,0.000000e+00,0.000000e+00,0.000000e+00,0.000000e+00,0.000000e+00,0.000000e+00,0.000000e+00,0.000000e+00,0.000000e+00,0.000000e+00,0.000000e+00,0.000000e+00,0.000000e+00,0.000000e+00,4.831417e-08,4.142946e+03,-4.088827e-10,5.660992e-10,-3.068847e+00,1.136610e-03,0.000000e+00,0.000000e+00,0.000000e+00,0.000000e+00,0.000000e+00,0.000000e+00,0.000000e+00,0.000000e+00,0.000000e+00,0.000000e+00,0.000000e+00,0.000000e+00,0.000000e+00,0.000000e+00,0.000000e+00,0.000000e+00,0.000000e+00,0.000000e+00,0.000000e+00,0.000000e+00,0.000000e+00,0.000000e+00,0.000000e+00,0.000000e+00,0.000000e+00,0.000000e+00,0.000000e+00,0.000000e+00,0.000000e+00,0.000000e+00,0.000000e+00,0.000000e+00,0.000000e+00,0.000000e+00,0.000000e+00,0.000000e+00,0.000000e+00,0.000000e+00,-1.355805e+00,0.000000e+00,0.000000e+00,-2.700000e+03,0.000000e+00,0.000000e+00,0.000000e+00,0.000000e+00,0.000000e+00,0.000000e+00,0.000000e+00,0.000000e+00,0.000000e+00
5.119481e-04,5.009565e-08,1.639909e+04,1.872940e-14,2.251679e-14,-1.214748e+01,1.023742e-01,2.449512e-06,0.000000e+00,0.000000e+00,0.000000e+00,0.000000e+00,0.000000e+00,0.000000e+00,0.000000e+00,0.000000e+00,0.000000e+00,0.000000e+00,0.000000e+00,0.000000e+00,0.000000e+00,0.000000e+00,0.000000e+00,0.000000e+00,0.000000e+00,0.000000e+00,0.000000e+00,0.000000e+00,0.000000e+00,0.000000e+00,0.000000e+00,0.000000e+00,0.000000e+00,0.000000e+00,0.000000e+00,0.000000e+00,0.000000e+00,0.000000e+00,0.000000e+00,0.000000e+00,0.000000e+00,0.000000e+00,0.000000e+00,0.000000e+00,0.000000e+00,0.000000e+00,0.000000e+00,0.000000e+00,0.000000e+00,5.009565e-08,4.142947e+03,3.481468e-10,3.802383e-10,-3.068846e+00,1.136610e-03,0.000000e+00,0.000000e+00,0.000000e+00,0.000000e+00,0.000000e+00,0.000000e+00,0.000000e+00,0.000000e+00,0.000000e+00,0.000000e+00,0.000000e+00,0.000000e+00,0.000000e+00,0.000000e+00,0.000000e+00,0.000000e+00,0.000000e+00,0.000000e+00,0.000000e+00,0.000000e+00,0.000000e+00,0.000000e+00,0.000000e+00,0.000000e+00,0.000000e+00,0.000000e+00,0.000000e+00,0.000000e+00,0.000000e+00,0.000000e+00,0.000000e+00,0.000000e+00,0.000000e+00,0.000000e+00,0.000000e+00,0.000000e+00,0.000000e+00,0.000000e+00,-1.382260e+00,0.000000e+00,0.000000e+00,-2.700000e+03,0.000000e+00,0.000000e+00,0.000000e+00,0.000000e+00,0.000000e+00,0.000000e+00,0.000000e+00,0.000000e+00,0.000000e+00
5.217461e-04,5.191676e-08,1.639909e+04,2.021929e-14,2.270860e-14,-1.214748e+01,1.023742e-01,2.449512e-06,0.000000e+00,0.000000e+00,0.000000e+00,0.000000e+00,0.000000e+00,0.000000e+00,0.000000e+00,0.000000e+00,0.000000e+00,0.000000e+00,0.000000e+00,0.000000e+00,0.000000e+00,0.000000e+00,0.000000e+00,0.000000e+00,0.000000e+00,0.000000e+00,0.000000e+00,0.000000e+00,0.000000e+00,0.000000e+00,0.000000e+00,0.000000e+00,0.000000e+00,0.000000e+00,0.000000e+00,0.000000e+00,0.000000e+00,0.000000e+00,0.000000e+00,0.000000e+00,0.000000e+00,0.000000e+00,0.000000e+00,0.000000e+00,0.000000e+00,0.000000e+00,0.000000e+00,0.000000e+00,0.000000e+00,5.191676e-08,4.142947e+03,-3.866181e-10,7.247636e-11,-3.068846e+00,1.136609e-03,0.000000e+00,0.000000e+00,0.000000e+00,0.000000e+00,0.000000e+00,0.000000e+00,0.000000e+00,0.000000e+00,0.000000e+00,0.000000e+00,0.000000e+00,0.000000e+00,0.000000e+00,0.000000e+00,0.000000e+00,0.000000e+00,0.000000e+00,0.000000e+00,0.000000e+00,0.000000e+00,0.000000e+00,0.000000e+00,0.000000e+00,0.000000e+00,0.000000e+00,0.000000e+00,0.000000e+00,0.000000e+00,0.000000e+00,0.000000e+00,0.000000e+00,0.000000e+00,0.000000e+00,0.000000e+00,0.000000e+00,0.000000e+00,0.000000e+00,0.000000e+00,-1.408715e+00,0.000000e+00,0.000000e+00,-2.700000e+03,0.000000e+00,0.000000e+00,0.000000e+00,0.000000e+00,0.000000e+00,0.000000e+00,0.000000e+00,0.000000e+00,0.000000e+00
5.315442e-04,5.378109e-08,1.639909e+04,2.131175e-14,2.313453e-14,-1.214748e+01,1.023742e-01,2.449512e-06,0.000000e+00,0.000000e+00,0.000000e+00,0.000000e+00,0.000000e+00,0.000000e+00,0.000000e+00,0.000000e+00,0.000000e+00,0.000000e+00,0.000000e+00,0.000000e+00,0.000000e+00,0.000000e+00,0.000000e+00,0.000000e+00,0.000000e+00,0.000000e+00,0.000000e+00,0.000000e+00,0.000000e+00,0.000000e+00,0.000000e+00,0.000000e+00,0.000000e+00,0.000000e+00,0.000000e+00,0.000000e+00,0.000000e+00,0.000000e+00,0.000000e+00,0.000000e+00,0.000000e+00,0.000000e+00,0.000000e+00,0.000000e+00,0.000000e+00,0.000000e+00,0.000000e+00,0.000000e+00,0.000000e+00,5.378109e-08,4.142945e+03,5.976211e-10,-3.787100e-10,-3.068846e+00,1.136610e-03,0.000000e+00,0.000000e+00,0.000000e+00,0.000000e+00,0.000000e+00,0.000000e+00,0.000000e+00,0.000000e+00,0.000000e+00,0.000000e+00,0.000000e+00,0.000000e+00,0.000000e+00,0.000000e+00,0.000000e+00,0.000000e+00,0.000000e+00,0.000000e+00,0.000000e+00,0.000000e+00,0.000000e+00,0.000000e+00,0.000000e+00,0.000000e+00,0.000000e+00,0.000000e+00,0.000000e+00,0.000000e+00,0.000000e+00,0.000000e+00,0.000000e+00,0.000000e+00,0.000000e+00,0.000000e+00,0.000000e+00,0.000000e+00,0.000000e+00,0.000000e+00,-1.435169e+00,0.000000e+00,0.000000e+00,-2.700000e+03,0.000000e+00,0.000000e+00,0.000000e+00,0.000000e+00,0.000000e+00,0.000000e+00,0.000000e+00,0.000000e+00,0.000000e+00
5.413422e-04,5.567900e-08,1.639909e+04,2.052957e-14,2.439408e-14,-1.214748e+01,1.023742e-01,2.449512e-06,0.000000e+00,0.000000e+00,0.000000e+00,0.000000e+00,0.000000e+00,0.000000e+00,0.000000e+00,0.000000e+00,0.000000e+00,0.000000e+00,0.000000e+00,0.000000e+00,0.000000e+00,0.000000e+00,0.000000e+00,0.000000e+00,0.000000e+00,0.000000e+00,0.000000e+00,0.000000e+00,0.000000e+00,0.000000e+00,0.000000e+00,0.000000e+00,0.000000e+00,0.000000e+00,0.000000e+00,0.000000e+00,0.000000e+00,0.000000e+00,0.000000e+00,0.000000e+00,0.000000e+00,0.000000e+00,0.000000e+00,0.000000e+00,0.000000e+00,0.000000e+00,0.000000e+00,0.000000e+00,0.000000e+00,5.567900e-08,4.142945e+03,2.074729e-09,-1.266894e-09,-3.068846e+00,1.136610e-03,0.000000e+00,0.000000e+00,0.000000e+00,0.000000e+00,0.000000e+00,0.000000e+00,0.000000e+00,0.000000e+00,0.000000e+00,0.000000e+00,0.000000e+00,0.000000e+00,0.000000e+00,0.000000e+00,0.000000e+00,0.000000e+00,0.000000e+00,0.000000e+00,0.000000e+00,0.000000e+00,0.000000e+00,0.000000e+00,0.000000e+00,0.000000e+00,0.000000e+00,0.000000e+00,0.000000e+00,0.000000e+00,0.000000e+00,0.000000e+00,0.000000e+00,0.000000e+00,0.000000e+00,0.000000e+00,0.000000e+00,0.000000e+00,0.000000e+00,0.000000e+00,-1.461624e+00,0.000000e+00,0.000000e+00,-2.700000e+03,0.000000e+00,0.000000e+00,0.000000e+00,0.000000e+00,0.000000e+00,0.000000e+00,0.000000e+00,0.000000e+00,0.000000e+00
5.511403e-04,5.762172e-08,1.639909e+04,2.063796e-14,2.434138e-14,-1.214748e+01,1.023742e-01,2.449512e-06,0.000000e+00,0.000000e+00,0.000000e+00,0.000000e+00,0.000000e+00,0.000000e+00,0.000000e+00,0.000000e+00,0.000000e+00,0.000000e+00,0.000000e+00,0.000000e+00,0.000000e+00,0.000000e+00,0.000000e+00,0.000000e+00,0.000000e+00,0.000000e+00,0.000000e+00,0.000000e+00,0.000000e+00,0.000000e+00,0.000000e+00,0.000000e+00,0.000000e+00,0.000000e+00,0.000000e+00,0.000000e+00,0.000000e+00,0.000000e+00,0.000000e+00,0.000000e+00,0.000000e+00,0.000000e+00,0.000000e+00,0.000000e+00,0.000000e+00,0.000000e+00,0.000000e+00,0.000000e+00,0.000000e+00,5.762172e-08,4.142945e+03,-3.162470e-10,3.610090e-11,-3.068847e+00,1.136610e-03,0.000000e+00,0.000000e+00,0.000000e+00,0.000000e+00,0.000000e+00,0.000000e+00,0.000000e+00,0.000000e+00,0.000000e+00,0.000000e+00,0.000000e+00,0.000000e+00,0.000000e+00,0.000000e+00,0.000000e+00,0.000000e+00,0.000000e+00,0.000000e+00,0.000000e+00,0.000000e+00,0.000000e+00,0.000000e+00,0.000000e+00,0.000000e+00,0.000000e+00,0.000000e+00,0.000000e+00,0.000000e+00,0.000000e+00,0.000000e+00,0.000000e+00,0.000000e+00,0.000000e+00,0.000000e+00,0.000000e+00,0.000000e+00,0.000000e+00,0.000000e+00,-1.488079e+00,0.000000e+00,0.000000e+00,-2.700000e+03,0.000000e+00,0.000000e+00,0.000000e+00,0.000000e+00,0.000000e+00,0.000000e+00,0.000000e+00,0.000000e+00,0.000000e+00
5.609383e-04,5.958912e-08,1.639909e+04,2.017121e-14,2.589688e-14,-1.214748e+01,1.023742e-01,2.449512e-06,0.000000e+00,0.000000e+00,0.000000e+00,0.000000e+00,0.000000e+00,0.000000e+00,0.000000e+00,0.000000e+00,0.000000e+00,0.000000e+00,0.000000e+00,0.000000e+00,0.000000e+00,0.000000e+00,0.000000e+00,0.000000e+00,0.000000e+00,0.000000e+00,0.000000e+00,0.000000e+00,0.000000e+00,0.000000e+00,0.000000e+00,0.000000e+00,0.000000e+00,0.000000e+00,0.000000e+00,0.000000e+00,0.000000e+00,0.000000e+00,0.000000e+00,0.000000e+00,0.000000e+00,0.000000e+00,0.000000e+00,0.000000e+00,0.000000e+00,0.000000e+00,0.000000e+00,0.000000e+00,0.000000e+00,5.958912e-08,4.142945e+03,-1.664136e-09,5.497385e-10,-3.068846e+00,1.136610e-03,0.000000e+00,0.000000e+00,0.000000e+00,0.000000e+00,0.000000e+00,0.000000e+00,0.000000e+00,0.000000e+00,0.000000e+00,0.000000e+00,0.000000e+00,0.000000e+00,0.000000e+00,0.000000e+00,0.000000e+00,0.000000e+00,0.000000e+00,0.000000e+00,0.000000e+00,0.000000e+00,0.000000e+00,0.000000e+00,0.000000e+00,0.000000e+00,0.000000e+00,0.000000e+00,0.000000e+00,0.000000e+00,0.000000e+00,0.000000e+00,0.000000e+00,0.000000e+00,0.000000e+00,0.000000e+00,0.000000e+00,0.000000e+00,0.000000e+00,0.000000e+00,-1.514534e+00,0.000000e+00,0.000000e+00,-2.700000e+03,0.000000e+00,0.000000e+00,0.000000e+00,0.000000e+00,0.000000e+00,0.000000e+00,0.000000e+00,0.000000e+00,0.000000e+00
5.707364e-04,6.159684e-08,1.639909e+04,2.290382e-14,2.783231e-14,-1.214748e+01,1.023742e-01,2.449512e-06,0.000000e+00,0.000000e+00,0.000000e+00,0.000000e+00,0.000000e+00,0.000000e+00,0.000000e+00,0.000000e+00,0.000000e+00,0.000000e+00,0.000000e+00,0.000000e+00,0.000000e+00,0.000000e+00,0.000000e+00,0.000000e+00,0.000000e+00,0.000000e+00,0.000000e+00,0.000000e+00,0.000000e+00,0.000000e+00,0.000000e+00,0.000000e+00,0.000000e+00,0.000000e+00,0.000000e+00,0.000000e+00,0.000000e+00,0.000000e+00,0.000000e+00,0.000000e+00,0.000000e+00,0.000000e+00,0.000000e+00,0.000000e+00,0.000000e+00,0.000000e+00,0.000000e+00,0.000000e+00,0.000000e+00,6.159684e-08,4.142945e+03,1.645117e-09,3.949642e-10,-3.068846e+00,1.136609e-03,0.000000e+00,0.000000e+00,0.000000e+00,0.000000e+00,0.000000e+00,0.000000e+00,0.000000e+00,0.000000e+00,0.000000e+00,0.000000e+00,0.000000e+00,0.000000e+00,0.000000e+00,0.000000e+00,0.000000e+00,0.000000e+00,0.000000e+00,0.000000e+00,0.000000e+00,0.000000e+00,0.000000e+00,0.000000e+00,0.000000e+00,0.000000e+00,0.000000e+00,0.000000e+00,0.000000e+00,0.000000e+00,0.000000e+00,0.000000e+00,0.000000e+00,0.000000e+00,0.000000e+00,0.000000e+00,0.000000e+00,0.000000e+00,0.000000e+00,0.000000e+00,-1.540988e+00,0.000000e+00,0.000000e+00,-2.700000e+03,0.000000e+00,0.000000e+00,0.000000e+00,0.000000e+00,0.000000e+00,0.000000e+00,0.000000e+00,0.000000e+00,0.000000e+00
5.805344e-04,6.363157e-08,1.639909e+04,2.622870e-14,2.903164e-14,-1.214748e+01,1.023742e-01,2.449512e-06,0.000000e+00,0.000000e+00,0.000000e+00,0.000000e+00,0.000000e+00,0.000000e+00,0.000000e+00,0.000000e+00,0.000000e+00,0.000000e+00,0.000000e+00,0.000000e+00,0.000000e+00,0.000000e+00,0.000000e+00,0.000000e+00,0.000000e+00,0.000000e+00,0.000000e+00,0.000000e+00,0.000000e+00,0.000000e+00,0.000000e+00,0.000000e+00,0.000000e+00,0.000000e+00,0.000000e+00,0.000000e+00,0.000000e+00,0.000000e+00,0.000000e+00,0.000000e+00,0.000000e+00,0.000000e+00,0.000000e+00,0.000000e+00,0.000000e+00,0.000000e+00,0.000000e+00,0.000000e+00,0.000000e+00,6.363157e-08,4.142947e+03,1.781292e-09,-4.322427e-10,-3.068846e+00,1.136610e-03,0.000000e+00,0.000000e+00,0.000000e+00,0.000000e+00,0.000000e+00,0.000000e+00,0.000000e+00,0.000000e+00,0.000000e+00,0.000000e+00,0.000000e+00,0.000000e+00,0.000000e+00,0.000000e+00,0.000000e+00,0.000000e+00,0.000000e+00,0.000000e+00,0.000000e+00,0.000000e+00,0.000000e+00,0.000000e+00,0.000000e+00,0.000000e+00,0.000000e+00,0.000000e+00,0.000000e+00,0.000000e+00,0.000000e+00,0.000000e+00,0.000000e+00,0.000000e+00,0.000000e+00,0.000000e+00,0.000000e+00,0.000000e+00,0.000000e+00,0.000000e+00,-1.567443e+00,0.000000e+00,0.000000e+00,-2.700000e+03,0.000000e+00,0.000000e+00,0.000000e+00,0.000000e+00,0.000000e+00,0.000000e+00,0.000000e+00,0.000000e+00,0.000000e+00
5.903324e-04,6.570344e-08,1.639909e+04,2.932876e-14,3.003400e-14,-1.214748e+01,1.023742e-01,2.449512e-06,0.000000e+00,0.000000e+00,0.000000e+00,0.000000e+00,0.000000e+00,0.000000e+00,0.000000e+00,0.000000e+00,0.000000e+00,0.000000e+00,0.000000e+00,0.000000e+00,0.000000e+00,0.000000e+00,0.000000e+00,0.000000e+00,0.000000e+00,0.000000e+00,0.000000e+00,0.000000e+00,0.000000e+00,0.000000e+00,0.000000e+00,0.000000e+00,0.000000e+00,0.000000e+00,0.000000e+00,0.000000e+00,0.000000e+00,0.000000e+00,0.000000e+00,0.000000e+00,0.000000e+00,0.000000e+00,0.000000e+00,0.000000e+00,0.000000e+00,0.000000e+00,0.000000e+00,0.000000e+00,0.000000e+00,6.570344e-08,4.142946e+03,1.165152e-10,-6.377193e-10,-3.068846e+00,1.136610e-03,0.000000e+00,0.000000e+00,0.000000e+00,0.000000e+00,0.000000e+00,0.000000e+00,0.000000e+00,0.000000e+00,0.000000e+00,0.000000e+00,0.000000e+00,0.000000e+00,0.000000e+00,0.000000e+00,0.000000e+00,0.000000e+00,0.000000e+00,0.000000e+00,0.000000e+00,0.000000e+00,0.000000e+00,0.000000e+00,0.000000e+00,0.000000e+00,0.000000e+00,0.000000e+00,0.000000e+00,0.000000e+00,0.000000e+00,0.000000e+00,0.000000e+00,0.000000e+00,0.000000e+00,0.000000e+00,0.000000e+00,0.000000e+00,0.000000e+00,0.000000e+00,-1.593898e+00,0.000000e+00,0.000000e+00,-2.700000e+03,0.000000e+00,0.000000e+00,0.000000e+00,0.000000e+00,0.000000e+00,0.000000e+00,0.000000e+00,0.000000e+00,0.000000e+00
6.001305e-04,3.077640e-02,1.639861e+04,6.860341e-10,-4.285340e-10,-1.214717e+01,1.023742e-01,2.449512e-06,0.000000e+00,0.000000e+00,0.000000e+00,5.175339e-01,0.000000e+00,0.000000e+00,0.000000e+00,0.000000e+00,0.000000e+00,0.000000e+00,0.000000e+00,0.000000e+00,0.000000e+00,0.000000e+00,0.000000e+00,0.000000e+00,0.000000e+00,0.000000e+00,0.000000e+00,0.000000e+00,0.000000e+00,0.000000e+00,0.000000e+00,0.000000e+00,0.000000e+00,0.000000e+00,0.000000e+00,0.000000e+00,0.000000e+00,0.000000e+00,0.000000e+00,0.000000e+00,0.000000e+00,0.000000e+00,0.000000e+00,0.000000e+00,0.000000e+00,0.000000e+00,0.000000e+00,0.000000e+00,0.000000e+00,3.077640e-02,4.142728e+03,1.330696e-09,-1.112954e-10,-3.068737e+00,1.136610e-03,0.000000e+00,0.000000e+00,0.000000e+00,0.000000e+00,0.000000e+00,0.000000e+00,0.000000e+00,0.000000e+00,0.000000e+00,0.000000e+00,0.000000e+00,0.000000e+00,0.000000e+00,0.000000e+00,0.000000e+00,0.000000e+00,0.000000e+00,0.000000e+00,0.000000e+00,0.000000e+00,0.000000e+00,0.000000e+00,0.000000e+00,0.000000e+00,0.000000e+00,0.000000e+00,0.000000e+00,0.000000e+00,0.000000e+00,0.000000e+00,-1.663009e-09,1.024021e-09,4.264398e-04,-2.513981e-09,1.544618e-09,0.000000e+00,0.000000e+00,0.000000e+00,-1.620352e+00,0.000000e+00,0.000000e+00,-2.700000e+03,0.000000e+00,0.000000e+00,0.000000e+00,0.000000e+00,0.000000e+00,0.000000e+00,0.000000e+00,0.000000e+00,0.000000e+00
6.123781e-04,8.516678e-01,1.639772e+04,2.816567e-05,2.424681e-09,-1.214643e+01,1.023742e-01,2.449512e-06,0.000000e+00,0.000000e+00,0.000000e+00,6.482610e-01,0.000000e+00,0.000000e+00,0.000000e+00,0.000000e+00,0.000000e+00,0.000000e+00,0.000000e+00,0.000000e+00,0.000000e+00,0.000000e+00,0.000000e+00,0.000000e+00,0.000000e+00,0.000000e+00,0.000000e+00,0.000000e+00,0.000000e+00,0.000000e+00,0.000000e+00,0.000000e+00,0.000000e+00,0.000000e+00,0.000000e+00,0.000000e+00,0.000000e+00,0.000000e+00,0.000000e+00,0.000000e+00,0.000000e+00,0.000000e+00,0.000000e+00,0.000000e+00,0.000000e+00,0.000000e+00,0.000000e+00,0.000000e+00,0.000000e+00,8.516678e-01,4.141989e+03,1.210763e-05,1.162654e-08,-3.068192e+00,1.136610e-03,0.000000e+00,0.000000e+00,0.000000e+00,0.000000e+00,0.000000e+00,0.000000e+00,0.000000e+00,0.000000e+00,0.000000e+00,0.000000e+00,0.000000e+00,0.000000e+00,0.000000e+00,0.000000e+00,0.000000e+00,0.000000e+00,0.000000e+00,0.000000e+00,0.000000e+00,0.000000e+00,0.000000e+00,0.000000e+00,0.000000e+00,0.000000e+00,0.000000e+00,0.000000e+00,0.000000e+00,0.000000e+00,0.000000e+00,0.000000e+00,-2.476083e-09,2.503113e-09,1.179773e-03,-3.886642e-05,1.079856e-09,0.000000e+00,0.000000e+00,0.000000e+00,-1.653421e+00,0.000000e+00,0.000000e+00,-2.700000e+03,0.000000e+00,0.000000e+00,0.000000e+00,0.000000e+00,0.000000e+00,0.000000e+00,0.000000e+00,0.000000e+00,0.000000e+00
6.221761e-04,2.150236e+00,1.639695e+04,3.620755e-05,5.405455e-09,-1.214598e+01,1.023742e-01,2.449512e-06,0.000000e+00,0.000000e+00,0.000000e+00,1.126855e-01,0.000000e+00,0.000000e+00,0.000000e+00,0.000000e+00,0.000000e+00,0.000000e+00,0.000000e+00,0.000000e+00,0.000000e+00,0.000000e+00,0.000000e+00,0.000000e+00,0.000000e+00,0.000000e+00,0.000000e+00,0.000000e+00,0.000000e+00,0.000000e+00,0.000000e+00,0.000000e+00,0.000000e+00,0.000000e+00,0.000000e+00,0.000000e+00,0.000000e+00,0.000000e+00,0.000000e+00,0.000000e+00,0.000000e+00,0.000000e+00,0.000000e+00,0.000000e+00,0.000000e+00,0.000000e+00,0.000000e+00,0.000000e+00,0.000000e+00,2.150236e+00,4.141152e+03,2.947917e-05,2.461258e-08,-3.067709e+00,1.136610e-03,0.000000e+00,0.000000e+00,0.000000e+00,0.000000e+00,0.000000e+00,0.000000e+00,0.000000e+00,0.000000e+00,0.000000e+00,0.000000e+00,0.000000e+00,0.000000e+00,0.000000e+00,0.000000e+00,0.000000e+00,0.000000e+00,0.000000e+00,0.000000e+00,0.000000e+00,0.000000e+00,0.000000e+00,0.000000e+00,0.000000e+00,0.000000e+00,0.000000e+00,0.000000e+00,0.000000e+00,0.000000e+00,0.000000e+00,0.000000e+00,-2.039098e-09,2.971265e-09,1.498425e-03,-3.620957e-05,-2.432138e-09,2.336037e-11,0.000000e+00,0.000000e+00,-1.679876e+00,0.000000e+00,0.000000e+00,-2.700000e+03,0.000000e+00,0.000000e+00,0.000000e+00,0.000000e+00,0.000000e+00,0.000000e+00,0.000000e+00,0.000000e+00,0.000000e+00
6.319741e-04,3.242012e+00,1.639587e+04,3.620756e-05,5.402983e-09,-1.214598e+01,1.023742e-01,2.449512e-06,0.000000e+00,0.000000e+00,0.000000e+00,1.126855e-01,0.000000e+00,0.000000e+00,0.000000e+00,0.000000e+00,0.000000e+00,0.000000e+00,0.000000e+00,0.000000e+00,0.000000e+00,0.000000e+00,0.000000e+00,0.000000e+00,0.000000e+00,0.000000e+00,0.000000e+00,0.000000e+00,0.000000e+00,0.000000e+00,0.000000e+00,0.000000e+00,0.000000e+00,0.000000e+00,0.000000e+00,0.000000e+00,0.000000e+00,0.000000e+00,0.000000e+00,0.000000e+00,0.000000e+00,0.000000e+00,0.000000e+00,0.000000e+00,0.000000e+00,0.000000e+00,0.000000e+00,0.000000e+00,0.000000e+00,3.242012e+00,4.140138e+03,2.361115e-05,5.606103e-08,-3.067585e+00,1.136610e-03,0.000000e+00,0.000000e+00,0.000000e+00,0.000000e+00,0.000000e+00,0.000000e+00,0.000000e+00,0.000000e+00,0.000000e+00,0.000000e+00,0.000000e+00,0.000000e+00,0.000000e+00,0.000000e+00,0.000000e+00,0.000000e+00,0.000000e+00,0.000000e+00,0.000000e+00,0.000000e+00,0.000000e+00,0.000000e+00,0.000000e+00,0.000000e+00,0.000000e+00,0.000000e+00,0.000000e+00,0.000000e+00,0.000000e+00,0.000000e+00,-2.039098e-09,2.971265e-09,1.498425e-03,-3.620957e-05,-2.432138e-09,2.336037e-11,0.000000e+00,0.000000e+00,-1.706330e+00,0.000000e+00,0.000000e+00,-2.700000e+03,0.000000e+00,0.000000e+00,0.000000e+00,0.000000e+00,0.000000e+00,0.000000e+00,0.000000e+00,0.000000e+00,0.000000e+00
6.417722e-04,3.813481e+00,1.639508e+04,2.494800e-05,2.765123e-08,-1.214589e+01,1.023742e-01,2.449512e-06,0.000000e+00,0.000000e+00,0.000000e+00,3.519289e-01,0.000000e+00,0.000000e+00,0.000000e+00,0.000000e+00,0.000000e+00,0.000000e+00,0.000000e+00,0.000000e+00,0.000000e+00,0.000000e+00,0.000000e+00,0.000000e+00,0.000000e+00,0.000000e+00,0.000000e+00,0.000000e+00,0.000000e+00,0.000000e+00,0.000000e+00,0.000000e+00,0.000000e+00,0.000000e+00,0.000000e+00,0.000000e+00,0.000000e+00,0.000000e+00,0.000000e+00,0.000000e+00,0.000000e+00,0.000000e+00,0.000000e+00,0.000000e+00,0.000000e+00,0.000000e+00,0.000000e+00,0.000000e+00,0.000000e+00,3.813481e+00,4.139523e+03,1.977963e-05,7.765482e-08,-3.067501e+00,1.136610e-03,0.000000e+00,0.000000e+00,0.000000e+00,0.000000e+00,0.000000e+00,0.000000e+00,0.000000e+00,0.000000e+00,0.000000e+00,0.000000e+00,0.000000e+00,0.000000e+00,0.000000e+00,0.000000e+00,0.000000e+00,0.000000e+00,0.000000e+00,0.000000e+00,0.000000e+00,0.000000e+00,0.000000e+00,0.000000e+00,0.000000e+00,0.000000e+00,0.000000e+00,0.000000e+00,0.000000e+00,0.000000e+00,0.000000e+00,0.000000e+00,-2.039098e-09,2.339687e-09,1.674735e-03,-1.369046e-05,-4.758240e-08,-5.139281e-11,0.000000e+00,0.000000e+00,-1.732785e+00,0.000000e+00,0.000000e+00,-2.700000e+03,0.000000e+00,0.000000e+00,0.000000e+00,0.000000e+00,0.000000e+00,0.000000e+00,0.000000e+00,0.000000e+00,0.000000e+00
6.515703e-04,5.101332e+00,1.639336e+04,2.958847e-05,-2.342687e-06,-1.214390e+01,1.023742e-01,2.449512e-06,0.000000e+00,0.000000e+00,0.000000e+00,9.089159e-01,0.000000e+00,0.000000e+00,0.000000e+00,0.000000e+00,0.000000e+00,0.000000e+00,0.000000e+00,0.000000e+00,0.000000e+00,0.000000e+00,0.000000e+00,0.000000e+00,0.000000e+00,0.000000e+00,0.000000e+00,0.000000e+00,0.000000e+00,0.000000e+00,0.000000e+00,0.000000e+00,0.000000e+00,0.000000e+00,0.000000e+00,0.000000e+00,0.000000e+00,0.000000e+00,0.000000e+00,0.000000e+00,0.000000e+00,0.000000e+00,0.000000e+00,0.000000e+00,0.000000e+00,0.000000e+00,0.000000e+00,0.000000e+00,0.000000e+00,5.101332e+00,4.138205e+03,2.765152e-05,1.409104e-06,-3.066248e+00,1.136610e-03,0.000000e+00,0.000000e+00,0.000000e+00,0.000000e+00,0.000000e+00,0.000000e+00,0.000000e+00,0.000000e+00,0.000000e+00,0.000000e+00,0.000000e+00,0.000000e+00,0.000000e+00,0.000000e+00,0.000000e+00,0.000000e+00,0.000000e+00,0.000000e+00,0.000000e+00,0.000000e+00,0.000000e+00,0.000000e+00,0.000000e+00,0.000000e+00,0.000000e+00,0.000000e+00,0.000000e+00,0.000000e+00,0.000000e+00,0.000000e+00,-9.754206e-10,2.253410e-09,3.802069e-03,-3.301959e-05,3.002261e-06,-2.195875e-10,0.000000e+00,0.000000e+00,-1.759240e+00,0.000000e+00,0.000000e+00,-2.700000e+03,0.000000e+00,0.000000e+00,0.000000e+00,0.000000e+00,0.000000e+00,0.000000e+00,0.000000e+00,0.000000e+00,0.000000e+00
6.613683e-04,8.180511e+00,1.639032e+04,7.856447e-05,-2.296647e-07,-1.214276e+01,1.023742e-01,2.449513e-06,0.000000e+00,0.000000e+00,0.000000e+00,9.651829e-01,0.000000e+00,0.000000e+00,0.000000e+00,0.000000e+00,0.000000e+00,0.000000e+00,0.000000e+00,0.000000e+00,0.000000e+00,0.000000e+00,0.000000e+00,0.000000e+00,0.000000e+00,0.000000e+00,0.000000e+00,0.000000e+00,0.000000e+00,0.000000e+00,0.000000e+00,0.000000e+00,0.000000e+00,0.000000e+00,0.000000e+00,0.000000e+00,0.000000e+00,0.000000e+00,0.000000e+00,0.000000e+00,0.000000e+00,0.000000e+00,0.000000e+00,0.000000e+00,0.000000e+00,0.000000e+00,0.000000e+00,0.000000e+00,0.000000e+00,8.180511e+00,4.135876e+03,6.734725e-05,-9.082273e-07,-3.065204e+00,1.136610e-03,0.000000e+00,0.000000e+00,0.000000e+00,0.000000e+00,0.000000e+00,0.000000e+00,0.000000e+00,0.000000e+00,0.000000e+00,0.000000e+00,0.000000e+00,0.000000e+00,0.000000e+00,0.000000e+00,0.000000e+00,0.000000e+00,0.000000e+00,0.000000e+00,0.000000e+00,0.000000e+00,0.000000e+00,0.000000e+00,0.000000e+00,0.000000e+00,0.000000e+00,0.000000e+00,0.000000e+00,0.000000e+00,0.000000e+00,0.000000e+00,-6.749891e-10,8.323556e-10,4.918957e-03,-1.025135e-04,-1.411900e-07,-1.537565e-10,0.000000e+00,0.000000e+00,-1.785694e+00,0.000000e+00,0.000000e+00,-2.700000e+03,0.000000e+00,0.000000e+00,0.000000e+00,0.000000e+00,0.000000e+00,0.000000e+00,0.000000e+00,0.000000e+00,0.000000e+00
6.711663e-04,1.166189e+01,1.638725e+04,1.422691e-04,2.811872e-06,-1.214122e+01,1.023742e-01,2.449512e-06,0.000000e+00,0.000000e+00,0.000000e+00,6.065902e-01,0.000000e+00,0.000000e+00,0.000000e+00,0.000000e+00,0.000000e+00,0.000000e+00,0.000000e+00,0.000000e+00,0.000000e+00,0.000000e+00,0.000000e+00,0.000000e+00,0.000000e+00,0.000000e+00,0.000000e+00,0.000000e+00,0.000000e+00,0.000000e+00,0.000000e+00,0.000000e+00,0.000000e+00,0.000000e+00,0.000000e+00,0.000000e+00,0.000000e+00,0.000000e+00,0.000000e+00,0.000000e+00,0.000000e+00,0.000000e+00,0.000000e+00,0.000000e+00,0.000000e+00,0.000000e+00,0.000000e+00,0.000000e+00,0.000000e+00,1.166189e+01,4.132759e+03,1.175058e-04,2.328316e-06,-3.063749e+00,1.136610e-03,0.000000e+00,0.000000e+00,0.000000e+00,0.000000e+00,0.000000e+00,0.000000e+00,0.000000e+00,0.000000e+00,0.000000e+00,0.000000e+00,0.000000e+00,0.000000e+00,0.000000e+00,0.000000e+00,0.000000e+00,0.000000e+00,0.000000e+00,0.000000e+00,0.000000e+00,0.000000e+00,0.000000e+00,0.000000e+00,0.000000e+00,0.000000e+00,0.000000e+00,0.000000e+00,0.000000e+00,0.000000e+00,0.000000e+00,0.000000e+00,1.401043e-09,6.938545e-10,6.313775e-03,-1.427968e-04,-3.092712e-06,9.766080e-12,0.000000e+00,0.000000e+00,-1.812149e+00,0.000000e+00,0.000000e+00,-2.700000e+03,0.000000e+00,0.000000e+00,0.000000e+00,0.000000e+00,0.000000e+00,0.000000e+00,0.000000e+00,0.000000e+00,0.000000e+00
6.809644e-04,1.469511e+01,1.638417e+04,1.011880e-04,1.537152e-05,-1.214053e+01,1.023742e-01,2.449512e-06,0.000000e+00,0.000000e+00,0.000000e+00,7.022910e-01,0.000000e+00,0.000000e+00,0.000000e+00,0.000000e+00,0.000000e+00,0.000000e+00,0.000000e+00,0.000000e+00,0.000000e+00,0.000000e+00,0.000000e+00,0.000000e+00,0.000000e+00,0.000000e+00,0.000000e+00,0.000000e+00,0.000000e+00,0.000000e+00,0.000000e+00,0.000000e+00,0.000000e+00,0.000000e+00,0.000000e+00,0.000000e+00,0.000000e+00,0.000000e+00,0.000000e+00,0.000000e+00,0.000000e+00,0.000000e+00,0.000000e+00,0.000000e+00,0.000000e+00,0.000000e+00,0.000000e+00,0.000000e+00,0.000000e+00,1.469511e+01,4.129765e+03,7.429314e-05,6.793493e-06,-3.062902e+00,1.136610e-03,0.000000e+00,0.000000e+00,0.000000e+00,0.000000e+00,0.000000e+00,0.000000e+00,0.000000e+00,0.000000e+00,0.000000e+00,0.000000e+00,0.000000e+00,0.000000e+00,0.000000e+00,0.000000e+00,0.000000e+00,0.000000e+00,0.000000e+00,0.000000e+00,0.000000e+00,0.000000e+00,0.000000e+00,0.000000e+00,0.000000e+00,0.000000e+00,0.000000e+00,0.000000e+00,0.000000e+00,0.000000e+00,0.000000e+00,0.000000e+00,2.439475e-09,-8.474448e-10,7.034282e-03,-9.191097e-05,-2.491970e-05,3.419587e-11,0.000000e+00,0.000000e+00,-1.838604e+00,0.000000e+00,0.000000e+00,-2.700000e+03,0.000000e+00,0.000000e+00,0.000000e+00,0.000000e+00,0.000000e+00,0.000000e+00,0.000000e+00,0.000000e+00,0.000000e+00
6.907625e-04,1.776117e+01,1.638081e+04,7.306485e-06,1.803296e-05,-1.213853e+01,1.023742e-01,2.449512e-06,0.000000e+00,0.000000e+00,0.000000e+00,1.073207e+00,0.000000e+00,0.000000e+00,0.000000e+00,0.000000e+00,0.000000e+00,0.000000e+00,0.000000e+00,0.000000e+00,0.000000e+00,0.000000e+00,0.000000e+00,0.000000e+00,0.000000e+00,0.000000e+00,0.000000e+00,0.000000e+00,0.000000e+00,0.000000e+00,0.000000e+00,0.000000e+00,0.000000e+00,0.000000e+00,0.000000e+00,0.000000e+00,0.000000e+00,0.000000e+00,0.000000e+00,0.000000e+00,0.000000e+00,0.000000e+00,0.000000e+00,0.000000e+00,0.000000e+00,0.000000e+00,0.000000e+00,0.000000e+00,0.000000e+00,1.776117e+01,4.126816e+03,1.082369e-05,1.450697e-05,-3.061350e+00,1.136610e-03,0.000000e+00,0.000000e+00,0.000000e+00,0.000000e+00,0.000000e+00,0.000000e+00,0.000000e+00,0.000000e+00,0.000000e+00,0.000000e+00,0.000000e+00,0.000000e+00,0.000000e+00,0.000000e+00,0.000000e+00,0.000000e+00,0.000000e+00,0.000000e+00,0.000000e+00,0.000000e+00,0.000000e+00,0.000000e+00,0.000000e+00,0.000000e+00,0.000000e+00,0.000000e+00,0.000000e+00,0.000000e+00,0.000000e+00,0.000000e+00,5.185241e-09,2.252539e-09,9.101910e-03,-3.021679e-05,-2.603698e-05,-1.153159e-10,0.000000e+00,0.000000e+00,-1.865059e+00,0.000000e+00,0.000000e+00,-2.700000e+03,0.000000e+00,0.000000e+00,0.000000e+00,0.000000e+00,0.000000e+00,0.000000e+00,0.000000e+00,0.000000e+00,0.000000e+00
7.005605e-04,2.108226e+01,1.637699e+04,5.424536e-05,2.993219e-05,-1.213739e+01,1.023742e-01,2.449512e-06,0.000000e+00,0.000000e+00,0.000000e+00,1.678347e+00,0.000000e+00,0.000000e+00,0.000000e+00,0.000000e+00,0.000000e+00,0.000000e+00,0.000000e+00,0.000000e+00,0.000000e+00,0.000000e+00,0.000000e+00,0.000000e+00,0.000000e+00,0.000000e+00,0.000000e+00,0.000000e+00,0.000000e+00,0.000000e+00,0.000000e+00,0.000000e+00,0.000000e+00,0.000000e+00,0.000000e+00,0.000000e+00,0.000000e+00,0.000000e+00,0.000000e+00,0.000000e+00,0.000000e+00,0.000000e+00,0.000000e+00,0.000000e+00,0.000000e+00,0.000000e+00,0.000000e+00,0.000000e+00,0.000000e+00,2.108226e+01,4.123722e+03,7.038470e-05,2.485944e-05,-3.060285e+00,1.136610e-03,0.000000e+00,0.000000e+00,0.000000e+00,0.000000e+00,0.000000e+00,0.000000e+00,0.000000e+00,0.000000e+00,0.000000e+00,0.000000e+00,0.000000e+00,0.000000e+00,0.000000e+00,0.000000e+00,0.000000e+00,0.000000e+00,0.000000e+00,0.000000e+00,0.000000e+00,0.000000e+00,0.000000e+00,0.000000e+00,0.000000e+00,0.000000e+00,0.000000e+00,0.000000e+00,0.000000e+00,0.000000e+00,0.000000e+00,0.000000e+00,5.207536e-09,3.511019e-09,1.037018e-02,-5.745151e-05,-2.611279e-05,-2.252875e-10,0.000000e+00,0.000000e+00,-1.891513e+00,0.000000e+00,0.000000e+00,-2.700000e+03,0.000000e+00,0.000000e+00,0.000000e+00,0.000000e+00,0.000000e+00,0.000000e+00,0.000000e+00,0.000000e+00,0.000000e+00
7.103586e-04,2.466844e+01,1.637380e+04,6.615963e-05,1.343744e-05,-1.213577e+01,1.023742e-01,2.449512e-06,0.000000e+00,0.000000e+00,0.000000e+00,1.322035e+00,0.000000e+00,0.000000e+00,0.000000e+00,0.000000e+00,0.000000e+00,0.000000e+00,0.000000e+00,0.000000e+00,0.000000e+00,0.000000e+00,0.000000e+00,0.000000e+00,0.000000e+00,0.000000e+00,0.000000e+00,0.000000e+00,0.000000e+00,0.000000e+00,0.000000e+00,0.000000e+00,0.000000e+00,0.000000e+00,0.000000e+00,0.000000e+00,0.000000e+00,0.000000e+00,0.000000e+00,0.000000e+00,0.000000e+00,0.000000e+00,0.000000e+00,0.000000e+00,0.000000e+00,0.000000e+00,0.000000e+00,0.000000e+00,0.000000e+00,2.466844e+01,4.120757e+03,7.121565e-05,1.253733e-05,-3.058766e+00,1.136610e-03,0.000000e+00,0.000000e+00,0.000000e+00,0.000000e+00,0.000000e+00,0.000000e+00,0.000000e+00,0.000000e+00,0.000000e+00,0.000000e+00,0.000000e+00,0.000000e+00,0.000000e+00,0.000000e+00,0.000000e+00,0.000000e+00,0.000000e+00,0.000000e+00,0.000000e+00,0.000000e+00,0.000000e+00,0.000000e+00,0.000000e+00,0.000000e+00,0.000000e+00,0.000000e+00,0.000000e+00,0.000000e+00,0.000000e+00,0.000000e+00,6.800827e-09,3.531312e-09,1.190913e-02,-6.353028e-05,-8.326313e-06,-2.608381e-10,0.000000e+00,0.000000e+00,-1.917968e+00,0.000000e+00,0.000000e+00,-2.700000e+03,0.000000e+00,0.000000e+00,0.000000e+00,0.000000e+00,0.000000e+00,0.000000e+00,0.000000e+00,0.000000e+00,0.000000e+00
7.201566e-04,2.851627e+01,1.637019e+04,-1.271875e-05,2.066989e-05,-1.213413e+01,1.023742e-01,2.449512e-06,0.000000e+00,0.000000e+00,0.000000e+00,1.115420e+00,0.000000e+00,0.000000e+00,0.000000e+00,0.000000e+00,0.000000e+00,0.000000e+00,0.000000e+00,0.000000e+00,0.000000e+00,0.000000e+00,0.000000e+00,0.000000e+00,0.000000e+00,0.000000e+00,0.000000e+00,0.000000e+00,0.000000e+00,0.000000e+00,0.000000e+00,0.000000e+00,0.000000e+00,0.000000e+00,0.000000e+00,0.000000e+00,0.000000e+00,0.000000e+00,0.000000e+00,0.000000e+00,0.000000e+00,0.000000e+00,0.000000e+00,0.000000e+00,0.000000e+00,0.000000e+00,0.000000e+00,0.000000e+00,0.000000e+00,2.851627e+01,4.117418e+03,-1.144148e-05,1.717391e-05,-3.057231e+00,1.136610e-03,0.000000e+00,0.000000e+00,0.000000e+00,0.000000e+00,0.000000e+00,0.000000e+00,0.000000e+00,0.000000e+00,0.000000e+00,0.000000e+00,0.000000e+00,0.000000e+00,0.000000e+00,0.000000e+00,0.000000e+00,0.000000e+00,0.000000e+00,0.000000e+00,0.000000e+00,0.000000e+00,0.000000e+00,0.000000e+00,0.000000e+00,0.000000e+00,0.000000e+00,0.000000e+00,0.000000e+00,0.000000e+00,0.000000e+00,0.000000e+00,8.454746e-09,3.999852e-09,1.344508e-02,2.211472e-05,-2.789783e-05,-1.950104e-10,0.000000e+00,0.000000e+00,-1.944423e+00,0.000000e+00,0.000000e+00,-2.700000e+03,0.000000e+00,0.000000e+00,0.000000e+00,0.000000e+00,0.000000e+00,0.000000e+00,0.000000e+00,0.000000e+00,0.000000e+00
7.324042e-04,3.253575e+01,1.636528e+04,1.041045e-04,1.102266e-05,-1.213210e+01,1.023742e-01,2.449512e-06,0.000000e+00,0.000000e+00,0.000000e+00,2.108982e+00,0.000000e+00,0.000000e+00,0.000000e+00,0.000000e+00,0.000000e+00,0.000000e+00,0.000000e+00,0.000000e+00,0.000000e+00,0.000000e+00,0.000000e+00,0.000000e+00,0.000000e+00,0.000000e+00,0.000000e+00,0.000000e+00,0.000000e+00,0.000000e+00,0.000000e+00,0.000000e+00,0.000000e+00,0.000000e+00,0.000000e+00,0.000000e+00,0.000000e+00,0.000000e+00,0.000000e+00,0.000000e+00,0.000000e+00,0.000000e+00,0.000000e+00,0.000000e+00,0.000000e+00,0.000000e+00,0.000000e+00,0.000000e+00,0.000000e+00,3.253575e+01,4.113172e+03,7.808331e-05,1.014963e-05,-3.055641e+00,1.136610e-03,0.000000e+00,0.000000e+00,0.000000e+00,0.000000e+00,0.000000e+00,0.000000e+00,0.000000e+00,0.000000e+00,0.000000e+00,0.000000e+00,0.000000e+00,0.000000e+00,0.000000e+00,0.000000e+00,0.000000e+00,0.000000e+00,0.000000e+00,0.000000e+00,0.000000e+00,0.000000e+00,0.000000e+00,0.000000e+00,0.000000e+00,0.000000e+00,0.000000e+00,0.000000e+00,0.000000e+00,0.000000e+00,0.000000e+00,0.000000e+00,8.859732e-09,4.239012e-09,1.581149e-02,-1.207719e-04,-4.722991e-06,-1.852872e-10,0.000000e+00,0.000000e+00,-1.977491e+00,0.000000e+00,0.000000e+00,-2.700000e+03,0.000000e+00,0.000000e+00,0.000000e+00,0.000000e+00,0.000000e+00,0.000000e+00,0.000000e+00,0.000000e+00,0.000000e+00
7.422022e-04,3.741293e+01,1.636094e+04,-6.251442e-06,-2.411975e-06,-1.212959e+01,1.023742e-01,2.449512e-06,0.000000e+00,0.000000e+00,0.000000e+00,1.657075e+00,0.000000e+00,0.000000e+00,0.000000e+00,0.000000e+00,0.000000e+00,0.000000e+00,0.000000e+00,0.000000e+00,0.000000e+00,0.000000e+00,0.000000e+00,0.000000e+00,0.000000e+00,0.000000e+00,0.000000e+00,0.000000e+00,0.000000e+00,0.000000e+00,0.000000e+00,0.000000e+00,0.000000e+00,0.000000e+00,0.000000e+00,0.000000e+00,0.000000e+00,0.000000e+00,0.000000e+00,0.000000e+00,0.000000e+00,0.000000e+00,0.000000e+00,0.000000e+00,0.000000e+00,0.000000e+00,0.000000e+00,0.000000e+00,0.000000e+00,3.741293e+01,4.109262e+03,3.802939e-05,-1.068247e-05,-3.053381e+00,1.136610e-03,0.000000e+00,0.000000e+00,0.000000e+00,0.000000e+00,0.000000e+00,0.000000e+00,0.000000e+00,0.000000e+00,0.000000e+00,0.000000e+00,0.000000e+00,0.000000e+00,0.000000e+00,0.000000e+00,0.000000e+00,0.000000e+00,0.000000e+00,0.000000e+00,0.000000e+00,0.000000e+00,0.000000e+00,0.000000e+00,0.000000e+00,0.000000e+00,0.000000e+00,0.000000e+00,0.000000e+00,0.000000e+00,0.000000e+00,0.000000e+00,1.076416e-08,3.935505e-09,1.811664e-02,1.685830e-05,-3.188511e-06,-6.238815e-10,0.000000e+00,0.000000e+00,-2.003946e+00,0.000000e+00,0.000000e+00,-2.700000e+03,0.000000e+00,0.000000e+00,0.000000e+00,0.000000e+00,0.000000e+00,0.000000e+00,0.000000e+00,0.000000e+00,0.000000e+00
7.520003e-04,4.177891e+01,1.635671e+04,-8.890534e-06,1.415864e-05,-1.212806e+01,1.023742e-01,2.449512e-06,0.000000e+00,0.000000e+00,0.000000e+00,1.561119e+00,0.000000e+00,0.000000e+00,0.000000e+00,0.000000e+00,0.000000e+00,0.000000e+00,0.000000e+00,0.000000e+00,0.000000e+00,0.000000e+00,0.000000e+00,0.000000e+00,0.000000e+00,0.000000e+00,0.000000e+00,0.000000e+00,0.000000e+00,0.000000e+00,0.000000e+00,0.000000e+00,0.000000e+00,0.000000e+00,0.000000e+00,0.000000e+00,0.000000e+00,0.000000e+00,0.000000e+00,0.000000e+00,0.000000e+00,0.000000e+00,0.000000e+00,0.000000e+00,0.000000e+00,0.000000e+00,0.000000e+00,0.000000e+00,0.000000e+00,4.177891e+01,4.105119e+03,2.092864e-05,8.266637e-06,-3.051735e+00,1.136610e-03,0.000000e+00,0.000000e+00,0.000000e+00,0.000000e+00,0.000000e+00,0.000000e+00,0.000000e+00,0.000000e+00,0.000000e+00,0.000000e+00,0.000000e+00,0.000000e+00,0.000000e+00,0.000000e+00,0.000000e+00,0.000000e+00,0.000000e+00,0.000000e+00,0.000000e+00,0.000000e+00,0.000000e+00,0.000000e+00,0.000000e+00,0.000000e+00,0.000000e+00,0.000000e+00,0.000000e+00,0.000000e+00,0.000000e+00,0.000000e+00,1.022040e-08,5.073439e-09,1.967770e-02,2.370313e-06,-1.420114e-05,-6.353876e-10,0.000000e+00,0.000000e+00,-2.030401e+00,0.000000e+00,0.000000e+00,-2.700000e+03,0.000000e+00,0.000000e+00,0.000000e+00,0.000000e+00,0.000000e+00,0.000000e+00,0.000000e+00,0.000000e+00,0.000000e+00
7.617983e-04,4.623770e+01,1.635244e+04,8.213680e-06,-1.462859e-05,-1.212590e+01,1.023742e-01,2.449512e-06,0.000000e+00,0.000000e+00,0.000000e+00,1.415152e+00,0.000000e+00,0.000000e+00,0.000000e+00,0.000000e+00,0.000000e+00,0.000000e+00,0.000000e+00,0.000000e+00,0.000000e+00,0.000000e+00,0.000000e+00,0.000000e+00,0.000000e+00,0.000000e+00,0.000000e+00,0.000000e+00,0.000000e+00,0.000000e+00,0.000000e+00,0.000000e+00,0.000000e+00,0.000000e+00,0.000000e+00,0.000000e+00,0.000000e+00,0.000000e+00,0.000000e+00,0.000000e+00,0.000000e+00,0.000000e+00,0.000000e+00,0.000000e+00,0.000000e+00,0.000000e+00,0.000000e+00,0.000000e+00,0.000000e+00,4.623770e+01,4.101081e+03,3.408996e-05,-1.257418e-05,-3.049719e+00,1.136609e-03,0.000000e+00,0.000000e+00,0.000000e+00,0.000000e+00,0.000000e+00,0.000000e+00,0.000000e+00,0.000000e+00,0.000000e+00,0.000000e+00,0.000000e+00,0.000000e+00,0.000000e+00,0.000000e+00,0.000000e+00,0.000000e+00,0.000000e+00,0.000000e+00,0.000000e+00,0.000000e+00,0.000000e+00,0.000000e+00,0.000000e+00,0.000000e+00,0.000000e+00,0.000000e+00,0.000000e+00,0.000000e+00,0.000000e+00,0.000000e+00,1.020485e-08,7.048226e-09,2.174655e-02,-3.141535e-06,1.678400e-05,-6.299208e-10,0.000000e+00,0.000000e+00,-2.056855e+00,0.000000e+00,0.000000e+00,-2.700000e+03,0.000000e+00,0.000000e+00,0.000000e+00,0.000000e+00,0.000000e+00,0.000000e+00,0.000000e+00,0.000000e+00,0.000000e+00
7.715964e-04,5.028815e+01,1.634826e+04,2.372296e-05,2.247815e-05,-1.212422e+01,1.023742e-01,2.449512e-06,0.000000e+00,0.000000e+00,0.000000e+00,1.585033e+00,0.000000e+00,0.000000e+00,0.000000e+00,0.000000e+00,0.000000e+00,0.000000e+00,0.000000e+00,0.000000e+00,0.000000e+00,0.000000e+00,0.000000e+00,0.000000e+00,0.000000e+00,0.000000e+00,0.000000e+00,0.000000e+00,0.000000e+00,0.000000e+00,0.000000e+00,0.000000e+00,0.000000e+00,0.000000e+00,0.000000e+00,0.000000e+00,0.000000e+00,0.000000e+00,0.000000e+00,0.000000e+00,0.000000e+00,0.000000e+00,0.000000e+00,0.000000e+00,0.000000e+00,0.000000e+00,0.000000e+00,0.000000e+00,0.000000e+00,5.028815e+01,4.097271e+03,1.533778e-05,1.328535e-05,-3.048131e+00,1.136610e-03,0.000000e+00,0.000000e+00,0.000000e+00,0.000000e+00,0.000000e+00,0.000000e+00,0.000000e+00,0.000000e+00,0.000000e+00,0.000000e+00,0.000000e+00,0.000000e+00,0.000000e+00,0.000000e+00,0.000000e+00,0.000000e+00,0.000000e+00,0.000000e+00,0.000000e+00,0.000000e+00,0.000000e+00,0.000000e+00,0.000000e+00,0.000000e+00,0.000000e+00,0.000000e+00,0.000000e+00,0.000000e+00,0.000000e+00,0.000000e+00,9.898965e-09,7.579534e-09,2.351566e-02,-3.429224e-05,-2.761074e-05,-7.334833e-10,0.000000e+00,0.000000e+00,-2.083310e+00,0.000000e+00,0.000000e+00,-2.700000e+03,0.000000e+00,0.000000e+00,0.000000e+00,0.000000e+00,0.000000e+00,0.000000e+00,0.000000e+00,0.000000e+00,0.000000e+00
7.813944e-04,5.463318e+01,1.634391e+04,-3.423929e-05,-1.948208e-05,-1.212167e+01,1.023742e-01,2.449512e-06,0.000000e+00,0.000000e+00,0.000000e+00,1.634525e+00,0.000000e+00,0.000000e+00,0.000000e+00,0.000000e+00,0.000000e+00,0.000000e+00,0.000000e+00,0.000000e+00,0.000000e+00,0.000000e+00,0.000000e+00,0.000000e+00,0.000000e+00,0.000000e+00,0.000000e+00,0.000000e+00,0.000000e+00,0.000000e+00,0.000000e+00,0.000000e+00,0.000000e+00,0.000000e+00,0.000000e+00,0.000000e+00,0.000000e+00,0.000000e+00,0.000000e+00,0.000000e+00,0.000000e+00,0.000000e+00,0.000000e+00,0.000000e+00,0.000000e+00,0.000000e+00,0.000000e+00,0.000000e+00,0.000000e+00,5.463318e+01,4.093428e+03,-1.492264e-05,-1.255413e-05,-3.045988e+00,1.136610e-03,0.000000e+00,0.000000e+00,0.000000e+00,0.000000e+00,0.000000e+00,0.000000e+00,0.000000e+00,0.000000e+00,0.000000e+00,0.000000e+00,0.000000e+00,0.000000e+00,0.000000e+00,0.000000e+00,0.000000e+00,0.000000e+00,0.000000e+00,0.000000e+00,0.000000e+00,0.000000e+00,0.000000e+00,0.000000e+00,0.000000e+00,0.000000e+00,0.000000e+00,0.000000e+00,0.000000e+00,0.000000e+00,0.000000e+00,0.000000e+00,1.296652e-08,1.007218e-08,2.606156e-02,4.975840e-05,1.903776e-05,-9.736355e-10,0.000000e+00,0.000000e+00,-2.109765e+00,0.000000e+00,0.000000e+00,-2.700000e+03,0.000000e+00,0.000000e+00,0.000000e+00,0.000000e+00,0.000000e+00,0.000000e+00,0.000000e+00,0.000000e+00,0.000000e+00
7.911925e-04,5.897133e+01,1.633869e+04,-6.518090e-05,1.360956e-05,-1.211949e+01,1.023742e-01,2.449512e-06,0.000000e+00,0.000000e+00,0.000000e+00,2.679741e+00,0.000000e+00,0.000000e+00,0.000000e+00,0.000000e+00,0.000000e+00,0.000000e+00,0.000000e+00,0.000000e+00,0.000000e+00,0.000000e+00,0.000000e+00,0.000000e+00,0.000000e+00,0.000000e+00,0.000000e+00,0.000000e+00,0.000000e+00,0.000000e+00,0.000000e+00,0.000000e+00,0.000000e+00,0.000000e+00,0.000000e+00,0.000000e+00,0.000000e+00,0.000000e+00,0.000000e+00,0.000000e+00,0.000000e+00,0.000000e+00,0.000000e+00,0.000000e+00,0.000000e+00,0.000000e+00,0.000000e+00,0.000000e+00,0.000000e+00,5.897133e+01,4.089087e+03,-1.594843e-05,5.943504e-06,-3.044110e+00,1.136610e-03,0.000000e+00,0.000000e+00,0.000000e+00,0.000000e+00,0.000000e+00,0.000000e+00,0.000000e+00,0.000000e+00,0.000000e+00,0.000000e+00,0.000000e+00,0.000000e+00,0.000000e+00,0.000000e+00,0.000000e+00,0.000000e+00,0.000000e+00,0.000000e+00,0.000000e+00,0.000000e+00,0.000000e+00,0.000000e+00,0.000000e+00,0.000000e+00,0.000000e+00,0.000000e+00,0.000000e+00,0.000000e+00,0.000000e+00,0.000000e+00,1.575830e-08,1.081310e-08,2.847821e-02,7.158944e-05,-1.657992e-05,-1.435673e-09,0.000000e+00,0.000000e+00,-2.136220e+00,0.000000e+00,0.000000e+00,-2.700000e+03,0.000000e+00,0.000000e+00,0.000000e+00,0.000000e+00,0.000000e+00,0.000000e+00,0.000000e+00,0.000000e+00,0.000000e+00
8.009905e-04,6.413583e+01,1.633435e+04,1.906454e-05,-5.153284e-06,-1.211633e+01,1.023742e-01,2.449512e-06,0.000000e+00,0.000000e+00,0.000000e+00,1.898093e+00,0.000000e+00,0.000000e+00,0.000000e+00,0.000000e+00,0.000000e+00,0.000000e+00,0.000000e+00,0.000000e+00,0.000000e+00,0.000000e+00,0.000000e+00,0.000000e+00,0.000000e+00,0.000000e+00,0.000000e+00,0.000000e+00,0.000000e+00,0.000000e+00,0.000000e+00,0.000000e+00,0.000000e+00,0.000000e+00,0.000000e+00,0.000000e+00,0.000000e+00,0.000000e+00,0.000000e+00,0.000000e+00,0.000000e+00,0.000000e+00,0.000000e+00,0.000000e+00,0.000000e+00,0.000000e+00,0.000000e+00,0.000000e+00,0.000000e+00,6.413583e+01,4.084885e+03,4.718814e-05,-7.377093e-07,-3.041261e+00,1.136610e-03,0.000000e+00,0.000000e+00,0.000000e+00,0.000000e+00,0.000000e+00,0.000000e+00,0.000000e+00,0.000000e+00,0.000000e+00,0.000000e+00,0.000000e+00,0.000000e+00,0.000000e+00,0.000000e+00,0.000000e+00,0.000000e+00,0.000000e+00,0.000000e+00,0.000000e+00,0.000000e+00,0.000000e+00,0.000000e+00,0.000000e+00,0.000000e+00,0.000000e+00,0.000000e+00,0.000000e+00,0.000000e+00,0.000000e+00,0.000000e+00,1.871189e-08,1.340807e-08,3.144952e-02,-3.678664e-05,1.057730e-05,-1.559010e-09,0.000000e+00,0.000000e+00,-2.162674e+00,0.000000e+00,0.000000e+00,-2.700000e+03,0.000000e+00,0.000000e+00,0.000000e+00,0.000000e+00,0.000000e+00,0.000000e+00,0.000000e+00,0.000000e+00,0.000000e+00
8.107885e-04,6.960783e+01,1.632866e+04,1.131431e-04,9.563997e-06,-1.211318e+01,1.023742e-01,2.449512e-06,0.000000e+00,0.000000e+00,0.000000e+00,2.270999e+00,0.000000e+00,0.000000e+00,0.000000e+00,0.000000e+00,0.000000e+00,0.000000e+00,0.000000e+00,0.000000e+00,0.000000e+00,0.000000e+00,0.000000e+00,0.000000e+00,0.000000e+00,0.000000e+00,0.000000e+00,0.000000e+00,0.000000e+00,0.000000e+00,0.000000e+00,0.000000e+00,0.000000e+00,0.000000e+00,0.000000e+00,0.000000e+00,0.000000e+00,0.000000e+00,0.000000e+00,0.000000e+00,0.000000e+00,0.000000e+00,0.000000e+00,0.000000e+00,0.000000e+00,0.000000e+00,0.000000e+00,0.000000e+00,0.000000e+00,6.960783e+01,4.079810e+03,1.458079e-04,-8.440391e-06,-3.038520e+00,1.136610e-03,0.000000e+00,0.000000e+00,0.000000e+00,0.000000e+00,0.000000e+00,0.000000e+00,0.000000e+00,0.000000e+00,0.000000e+00,0.000000e+00,0.000000e+00,0.000000e+00,0.000000e+00,0.000000e+00,0.000000e+00,0.000000e+00,0.000000e+00,0.000000e+00,0.000000e+00,0.000000e+00,0.000000e+00,0.000000e+00,0.000000e+00,0.000000e+00,0.000000e+00,0.000000e+00,0.000000e+00,0.000000e+00,0.000000e+00,0.000000e+00,2.017810e-08,1.418500e-08,3.466145e-02,-1.260678e-04,-2.921281e-05,-1.668105e-09,0.000000e+00,0.000000e+00,-2.189129e+00,0.000000e+00,0.000000e+00,-2.700000e+03,0.000000e+00,0.000000e+00,0.000000e+00,0.000000e+00,0.000000e+00,0.000000e+00,0.000000e+00,0.000000e+00,0.000000e+00
8.205866e-04,7.509340e+01,1.632355e+04,1.848122e-04,1.773366e-05,-1.211083e+01,1.023742e-01,2.449512e-06,0.000000e+00,0.000000e+00,0.000000e+00,1.941414e+00,0.000000e+00,0.000000e+00,0.000000e+00,0.000000e+00,0.000000e+00,0.000000e+00,0.000000e+00,0.000000e+00,0.000000e+00,0.000000e+00,0.000000e+00,0.000000e+00,0.000000e+00,0.000000e+00,0.000000e+00,0.000000e+00,0.000000e+00,0.000000e+00,0.000000e+00,0.000000e+00,0.000000e+00,0.000000e+00,0.000000e+00,0.000000e+00,0.000000e+00,0.000000e+00,0.000000e+00,0.000000e+00,0.000000e+00,0.000000e+00,0.000000e+00,0.000000e+00,0.000000e+00,0.000000e+00,0.000000e+00,0.000000e+00,0.000000e+00,7.509340e+01,4.075209e+03,1.987132e-04,2.419635e-05,-3.036139e+00,1.136610e-03,0.000000e+00,0.000000e+00,0.000000e+00,0.000000e+00,0.000000e+00,0.000000e+00,0.000000e+00,0.000000e+00,0.000000e+00,0.000000e+00,0.000000e+00,0.000000e+00,0.000000e+00,0.000000e+00,0.000000e+00,0.000000e+00,0.000000e+00,0.000000e+00,0.000000e+00,0.000000e+00,0.000000e+00,0.000000e+00,0.000000e+00,0.000000e+00,0.000000e+00,0.000000e+00,0.000000e+00,0.000000e+00,0.000000e+00,0.000000e+00,2.196771e-08,1.660816e-08,3.692167e-02,-1.675312e-04,-1.002801e-05,-2.011198e-09,0.000000e+00,0.000000e+00,-2.215584e+00,0.000000e+00,0.000000e+00,-2.700000e+03,0.000000e+00,0.000000e+00,0.000000e+00,0.000000e+00,0.000000e+00,0.000000e+00,0.000000e+00,0.000000e+00,0.000000e+00
8.303847e-04,8.025690e+01,1.631781e+04,-3.164994e-05,4.087917e-05,-1.210770e+01,1.023742e-01,2.449512e-06,0.000000e+00,0.000000e+00,0.000000e+00,2.694487e+00,0.000000e+00,0.000000e+00,0.000000e+00,0.000000e+00,0.000000e+00,0.000000e+00,0.000000e+00,0.000000e+00,0.000000e+00,0.000000e+00,0.000000e+00,0.000000e+00,0.000000e+00,0.000000e+00,0.000000e+00,0.000000e+00,0.000000e+00,0.000000e+00,0.000000e+00,0.000000e+00,0.000000e+00,0.000000e+00,0.000000e+00,0.000000e+00,0.000000e+00,0.000000e+00,0.000000e+00,0.000000e+00,0.000000e+00,0.000000e+00,0.000000e+00,0.000000e+00,0.000000e+00,0.000000e+00,0.000000e+00,0.000000e+00,0.000000e+00,8.025690e+01,4.070275e+03,2.261491e-05,3.006069e-05,-3.033623e+00,1.136610e-03,0.000000e+00,0.000000e+00,0.000000e+00,0.000000e+00,0.000000e+00,0.000000e+00,0.000000e+00,0.000000e+00,0.000000e+00,0.000000e+00,0.000000e+00,0.000000e+00,0.000000e+00,0.000000e+00,0.000000e+00,0.000000e+00,0.000000e+00,0.000000e+00,0.000000e+00,0.000000e+00,0.000000e+00,0.000000e+00,0.000000e+00,0.000000e+00,0.000000e+00,0.000000e+00,0.000000e+00,0.000000e+00,0.000000e+00,0.000000e+00,2.344196e-08,1.738255e-08,4.027324e-02,5.209846e-05,-4.122562e-05,-2.161303e-09,0.000000e+00,0.000000e+00,-2.242039e+00,0.000000e+00,0.000000e+00,-2.700000e+03,0.000000e+00,0.000000e+00,0.000000e+00,0.000000e+00,0.000000e+00,0.000000e+00,0.000000e+00,0.000000e+00,0.000000e+00
8.401827e-04,8.607585e+01,1.631261e+04,-4.647866e-05,-3.888470e-05,-1.210503e+01,1.023742e-01,2.449512e-06,0.000000e+00,0.000000e+00,0.000000e+00,2.159070e+00,0.000000e+00,0.000000e+00,0.000000e+00,0.000000e+00,0.000000e+00,0.000000e+00,0.000000e+00,0.000000e+00,0.000000e+00,0.000000e+00,0.000000e+00,0.000000e+00,0.000000e+00,0.000000e+00,0.000000e+00,0.000000e+00,0.000000e+00,0.000000e+00,0.000000e+00,0.000000e+00,0.000000e+00,0.000000e+00,0.000000e+00,0.000000e+00,0.000000e+00,0.000000e+00,0.000000e+00,0.000000e+00,0.000000e+00,0.000000e+00,0.000000e+00,0.000000e+00,0.000000e+00,0.000000e+00,0.000000e+00,0.000000e+00,0.000000e+00,8.607585e+01,4.065449e+03,1.404960e-05,-1.978182e-05,-3.030936e+00,1.136610e-03,0.000000e+00,0.000000e+00,0.000000e+00,0.000000e+00,0.000000e+00,0.000000e+00,0.000000e+00,0.000000e+00,0.000000e+00,0.000000e+00,0.000000e+00,0.000000e+00,0.000000e+00,0.000000e+00,0.000000e+00,0.000000e+00,0.000000e+00,0.000000e+00,0.000000e+00,0.000000e+00,0.000000e+00,0.000000e+00,0.000000e+00,0.000000e+00,0.000000e+00,0.000000e+00,0.000000e+00,0.000000e+00,0.000000e+00,0.000000e+00,2.337762e-08,1.701078e-08,4.275505e-02,3.275172e-05,5.098442e-05,-1.928329e-09,0.000000e+00,0.000000e+00,-2.268493e+00,0.000000e+00,0.000000e+00,-2.700000e+03,0.000000e+00,0.000000e+00,0.000000e+00,0.000000e+00,0.000000e+00,0.000000e+00,0.000000e+00,0.000000e+00,0.000000e+00
8.524302e-04,9.301349e+01,1.630579e+04,1.168722e-04,2.026473e-06,-1.210189e+01,1.023742e-01,2.449513e-06,0.000000e+00,0.000000e+00,0.000000e+00,2.158623e+00,0.000000e+00,0.000000e+00,0.000000e+00,0.000000e+00,0.000000e+00,0.000000e+00,0.000000e+00,0.000000e+00,0.000000e+00,0.000000e+00,0.000000e+00,0.000000e+00,0.000000e+00,0.000000e+00,0.000000e+00,0.000000e+00,0.000000e+00,0.000000e+00,0.000000e+00,0.000000e+00,0.000000e+00,0.000000e+00,0.000000e+00,0.000000e+00,0.000000e+00,0.000000e+00,0.000000e+00,0.000000e+00,0.000000e+00,0.000000e+00,0.000000e+00,0.000000e+00,0.000000e+00,0.000000e+00,0.000000e+00,0.000000e+00,0.000000e+00,9.301349e+01,4.059262e+03,1.912626e-04,-6.490038e-06,-3.027955e+00,1.136610e-03,0.000000e+00,0.000000e+00,0.000000e+00,0.000000e+00,0.000000e+00,0.000000e+00,0.000000e+00,0.000000e+00,0.000000e+00,0.000000e+00,0.000000e+00,0.000000e+00,0.000000e+00,0.000000e+00,0.000000e+00,0.000000e+00,0.000000e+00,0.000000e+00,0.000000e+00,0.000000e+00,0.000000e+00,0.000000e+00,0.000000e+00,0.000000e+00,0.000000e+00,0.000000e+00,0.000000e+00,0.000000e+00,0.000000e+00,0.000000e+00,2.541045e-08,1.820219e-08,4.586369e-02,-1.000101e-04,-7.897061e-06,-1.920647e-09,0.000000e+00,0.000000e+00,-2.301562e+00,0.000000e+00,0.000000e+00,-2.700000e+03,0.000000e+00,0.000000e+00,0.000000e+00,0.000000e+00,0.000000e+00,0.000000e+00,0.000000e+00,0.000000e+00,0.000000e+00
8.622283e-04,9.839079e+01,1.630035e+04,2.808690e-05,-3.258165e-05,-1.209942e+01,1.023742e-01,2.449512e-06,0.000000e+00,0.000000e+00,0.000000e+00,2.291982e+00,0.000000e+00,0.000000e+00,0.000000e+00,0.000000e+00,0.000000e+00,0.000000e+00,0.000000e+00,0.000000e+00,0.000000e+00,0.000000e+00,0.000000e+00,0.000000e+00,0.000000e+00,0.000000e+00,0.000000e+00,0.000000e+00,0.000000e+00,0.000000e+00,0.000000e+00,0.000000e+00,0.000000e+00,0.000000e+00,0.000000e+00,0.000000e+00,0.000000e+00,0.000000e+00,0.000000e+00,0.000000e+00,0.000000e+00,0.000000e+00,0.000000e+00,0.000000e+00,0.000000e+00,0.000000e+00,0.000000e+00,0.000000e+00,0.000000e+00,9.839079e+01,4.054404e+03,9.673933e-05,-1.452125e-05,-3.025753e+00,1.136610e-03,0.000000e+00,0.000000e+00,0.000000e+00,0.000000e+00,0.000000e+00,0.000000e+00,0.000000e+00,0.000000e+00,0.000000e+00,0.000000e+00,0.000000e+00,0.000000e+00,0.000000e+00,0.000000e+00,0.000000e+00,0.000000e+00,0.000000e+00,0.000000e+00,0.000000e+00,0.000000e+00,0.000000e+00,0.000000e+00,0.000000e+00,0.000000e+00,0.000000e+00,0.000000e+00,0.000000e+00,0.000000e+00,0.000000e+00,0.000000e+00,2.469966e-08,1.780665e-08,4.838061e-02,-2.696202e-05,4.307917e-05,-1.905652e-09,0.000000e+00,0.000000e+00,-2.328017e+00,0.000000e+00,0.000000e+00,-2.700000e+03,0.000000e+00,0.000000e+00,0.000000e+00,0.000000e+00,0.000000e+00,0.000000e+00,0.000000e+00,0.000000e+00,0.000000e+00
8.720264e-04,1.042020e+02,1.629447e+04,2.208176e-04,5.571165e-06,-1.209573e+01,1.023742e-01,2.449512e-06,0.000000e+00,0.000000e+00,0.000000e+00,2.507957e+00,0.000000e+00,0.000000e+00,0.000000e+00,0.000000e+00,0.000000e+00,0.000000e+00,0.000000e+00,0.000000e+00,0.000000e+00,0.000000e+00,0.000000e+00,0.000000e+00,0.000000e+00,0.000000e+00,0.000000e+00,0.000000e+00,0.000000e+00,0.000000e+00,0.000000e+00,0.000000e+00,0.000000e+00,0.000000e+00,0.000000e+00,0.000000e+00,0.000000e+00,0.000000e+00,0.000000e+00,0.000000e+00,0.000000e+00,0.000000e+00,0.000000e+00,0.000000e+00,0.000000e+00,0.000000e+00,0.000000e+00,0.000000e+00,0.000000e+00,1.042020e+02,4.049222e+03,1.976056e-04,-5.494250e-06,-3.022776e+00,1.136610e-03,0.000000e+00,0.000000e+00,0.000000e+00,0.000000e+00,0.000000e+00,0.000000e+00,0.000000e+00,0.000000e+00,0.000000e+00,0.000000e+00,0.000000e+00,0.000000e+00,0.000000e+00,0.000000e+00,0.000000e+00,0.000000e+00,0.000000e+00,0.000000e+00,0.000000e+00,0.000000e+00,0.000000e+00,0.000000e+00,0.000000e+00,0.000000e+00,0.000000e+00,0.000000e+00,0.000000e+00,0.000000e+00,0.000000e+00,0.000000e+00,2.526671e-08,1.865604e-08,5.213146e-02,-2.346693e-04,-1.621589e-05,-2.031730e-09,0.000000e+00,0.000000e+00,-2.354471e+00,0.000000e+00,0.000000e+00,-2.700000e+03,0.000000e+00,0.000000e+00,0.000000e+00,0.000000e+00,0.000000e+00,0.000000e+00,0.000000e+00,0.000000e+00,0.000000e+00
8.818244e-04,1.104934e+02,1.628841e+04,1.574648e-04,-4.107953e-06,-1.209316e+01,1.023742e-01,2.449512e-06,0.000000e+00,0.000000e+00,0.000000e+00,2.355326e+00,0.000000e+00,0.000000e+00,0.000000e+00,0.000000e+00,0.000000e+00,0.000000e+00,0.000000e+00,0.000000e+00,0.000000e+00,0.000000e+00,0.000000e+00,0.000000e+00,0.000000e+00,0.000000e+00,0.000000e+00,0.000000e+00,0.000000e+00,0.000000e+00,0.000000e+00,0.000000e+00,0.000000e+00,0.000000e+00,0.000000e+00,0.000000e+00,0.000000e+00,0.000000e+00,0.000000e+00,0.000000e+00,0.000000e+00,0.000000e+00,0.000000e+00,0.000000e+00,0.000000e+00,0.000000e+00,0.000000e+00,0.000000e+00,0.000000e+00,1.104934e+02,4.043701e+03,2.047794e-04,-1.882800e-07,-3.020165e+00,1.136609e-03,0.000000e+00,0.000000e+00,0.000000e+00,0.000000e+00,0.000000e+00,0.000000e+00,0.000000e+00,0.000000e+00,0.000000e+00,0.000000e+00,0.000000e+00,0.000000e+00,0.000000e+00,0.000000e+00,0.000000e+00,0.000000e+00,0.000000e+00,0.000000e+00,0.000000e+00,0.000000e+00,0.000000e+00,0.000000e+00,0.000000e+00,0.000000e+00,0.000000e+00,0.000000e+00,0.000000e+00,0.000000e+00,0.000000e+00,0.000000e+00,2.573487e-08,1.931415e-08,5.459558e-02,-1.374190e-04,1.013255e-05,-2.014845e-09,0.000000e+00,0.000000e+00,-2.380926e+00,0.000000e+00,0.000000e+00,-2.700000e+03,0.000000e+00,0.000000e+00,0.000000e+00,0.000000e+00,0.000000e+00,0.000000e+00,0.000000e+00,0.000000e+00,0.000000e+00
8.916224e-04,1.161609e+02,1.628269e+04,8.964670e-05,-8.456405e-08,-1.209087e+01,1.023742e-01,2.449512e-06,0.000000e+00,0.000000e+00,0.000000e+00,2.454013e+00,0.000000e+00,0.000000e+00,0.000000e+00,0.000000e+00,0.000000e+00,0.000000e+00,0.000000e+00,0.000000e+00,0.000000e+00,0.000000e+00,0.000000e+00,0.000000e+00,0.000000e+00,0.000000e+00,0.000000e+00,0.000000e+00,0.000000e+00,0.000000e+00,0.000000e+00,0.000000e+00,0.000000e+00,0.000000e+00,0.000000e+00,0.000000e+00,0.000000e+00,0.000000e+00,0.000000e+00,0.000000e+00,0.000000e+00,0.000000e+00,0.000000e+00,0.000000e+00,0.000000e+00,0.000000e+00,0.000000e+00,0.000000e+00,0.000000e+00,1.161609e+02,4.038466e+03,1.586872e-04,3.284513e-07,-3.017956e+00,1.136610e-03,0.000000e+00,0.000000e+00,0.000000e+00,0.000000e+00,0.000000e+00,0.000000e+00,0.000000e+00,0.000000e+00,0.000000e+00,0.000000e+00,0.000000e+00,0.000000e+00,0.000000e+00,0.000000e+00,0.000000e+00,0.000000e+00,0.000000e+00,0.000000e+00,0.000000e+00,0.000000e+00,0.000000e+00,0.000000e+00,0.000000e+00,0.000000e+00,0.000000e+00,0.000000e+00,0.000000e+00,0.000000e+00,0.000000e+00,0.000000e+00,2.725251e-08,2.099289e-08,5.692874e-02,-8.787587e-05,-2.516982e-06,-2.069892e-09,0.000000e+00,0.000000e+00,-2.407381e+00,0.000000e+00,0.000000e+00,-2.700000e+03,0.000000e+00,0.000000e+00,0.000000e+00,0.000000e+00,0.000000e+00,0.000000e+00,0.000000e+00,0.000000e+00,0.000000e+00
9.014205e-04,1.219153e+02,1.627684e+04,6.592929e-05,3.645468e-05,-1.208813e+01,1.023742e-01,2.449512e-06,0.000000e+00,0.000000e+00,0.000000e+00,2.617824e+00,0.000000e+00,0.000000e+00,0.000000e+00,0.000000e+00,0.000000e+00,0.000000e+00,0.000000e+00,0.000000e+00,0.000000e+00,0.000000e+00,0.000000e+00,0.000000e+00,0.000000e+00,0.000000e+00,0.000000e+00,0.000000e+00,0.000000e+00,0.000000e+00,0.000000e+00,0.000000e+00,0.000000e+00,0.000000e+00,0.000000e+00,0.000000e+00,0.000000e+00,0.000000e+00,0.000000e+00,0.000000e+00,0.000000e+00,0.000000e+00,0.000000e+00,0.000000e+00,0.000000e+00,0.000000e+00,0.000000e+00,0.000000e+00,0.000000e+00,1.219153e+02,4.033185e+03,1.315140e-04,3.073376e-05,-3.015571e+00,1.136610e-03,0.000000e+00,0.000000e+00,0.000000e+00,0.000000e+00,0.000000e+00,0.000000e+00,0.000000e+00,0.000000e+00,0.000000e+00,0.000000e+00,0.000000e+00,0.000000e+00,0.000000e+00,0.000000e+00,0.000000e+00,0.000000e+00,0.000000e+00,0.000000e+00,0.000000e+00,0.000000e+00,0.000000e+00,0.000000e+00,0.000000e+00,0.000000e+00,0.000000e+00,0.000000e+00,0.000000e+00,0.000000e+00,0.000000e+00,0.000000e+00,2.841366e-08,2.190509e-08,5.971236e-02,-7.288124e-05,-3.142930e-05,-2.176320e-09,0.000000e+00,0.000000e+00,-2.433836e+00,0.000000e+00,0.000000e+00,-2.700000e+03,0.000000e+00,0.000000e+00,0.000000e+00,0.000000e+00,0.000000e+00,0.000000e+00,0.000000e+00,0.000000e+00,0.000000e+00
9.112186e-04,1.279006e+02,1.627100e+04,4.832507e-05,-2.648703e-05,-1.208565e+01,1.023742e-01,2.449512e-06,0.000000e+00,0.000000e+00,0.000000e+00,2.518598e+00,0.000000e+00,0.000000e+00,0.000000e+00,0.000000e+00,0.000000e+00,0.000000e+00,0.000000e+00,0.000000e+00,0.000000e+00,0.000000e+00,0.000000e+00,0.000000e+00,0.000000e+00,0.000000e+00,0.000000e+00,0.000000e+00,0.000000e+00,0.000000e+00,0.000000e+00,0.000000e+00,0.000000e+00,0.000000e+00,0.000000e+00,0.000000e+00,0.000000e+00,0.000000e+00,0.000000e+00,0.000000e+00,0.000000e+00,0.000000e+00,0.000000e+00,0.000000e+00,0.000000e+00,0.000000e+00,0.000000e+00,0.000000e+00,0.000000e+00,1.279006e+02,4.027912e+03,1.197420e-04,-1.907158e-05,-3.013259e+00,1.136609e-03,0.000000e+00,0.000000e+00,0.000000e+00,0.000000e+00,0.000000e+00,0.000000e+00,0.000000e+00,0.000000e+00,0.000000e+00,0.000000e+00,0.000000e+00,0.000000e+00,0.000000e+00,0.000000e+00,0.000000e+00,0.000000e+00,0.000000e+00,0.000000e+00,0.000000e+00,0.000000e+00,0.000000e+00,0.000000e+00,0.000000e+00,0.000000e+00,0.000000e+00,0.000000e+00,0.000000e+00,0.000000e+00,0.000000e+00,0.000000e+00,2.889858e-08,2.272385e-08,6.214084e-02,-3.836427e-05,2.266371e-05,-2.292996e-09,0.000000e+00,0.000000e+00,-2.460290e+00,0.000000e+00,0.000000e+00,-2.700000e+03,0.000000e+00,0.000000e+00,0.000000e+00,0.000000e+00,0.000000e+00,0.000000e+00,0.000000e+00,0.000000e+00,0.000000e+00
9.210166e-04,1.338023e+02,1.626512e+04,3.035060e-05,1.333953e-05,-1.208313e+01,1.023742e-01,2.449512e-06,0.000000e+00,0.000000e+00,0.000000e+00,2.521944e+00,0.000000e+00,0.000000e+00,0.000000e+00,0.000000e+00,0.000000e+00,0.000000e+00,0.000000e+00,0.000000e+00,0.000000e+00,0.000000e+00,0.000000e+00,0.000000e+00,0.000000e+00,0.000000e+00,0.000000e+00,0.000000e+00,0.000000e+00,0.000000e+00,0.000000e+00,0.000000e+00,0.000000e+00,0.000000e+00,0.000000e+00,0.000000e+00,0.000000e+00,0.000000e+00,0.000000e+00,0.000000e+00,0.000000e+00,0.000000e+00,0.000000e+00,0.000000e+00,0.000000e+00,0.000000e+00,0.000000e+00,0.000000e+00,0.000000e+00,1.338023e+02,4.022655e+03,8.091715e-05,8.376126e-06,-3.011006e+00,1.136610e-03,0.000000e+00,0.000000e+00,0.000000e+00,0.000000e+00,0.000000e+00,0.000000e+00,0.000000e+00,0.000000e+00,0.000000e+00,0.000000e+00,0.000000e+00,0.000000e+00,0.000000e+00,0.000000e+00,0.000000e+00,0.000000e+00,0.000000e+00,0.000000e+00,0.000000e+00,0.000000e+00,0.000000e+00,0.000000e+00,0.000000e+00,0.000000e+00,0.000000e+00,0.000000e+00,0.000000e+00,0.000000e+00,0.000000e+00,0.000000e+00,2.996588e-08,2.397683e-08,6.465439e-02,-2.829363e-05,-8.699531e-06,-2.224714e-09,0.000000e+00,0.000000e+00,-2.486745e+00,0.000000e+00,0.000000e+00,-2.700000e+03,0.000000e+00,0.000000e+00,0.000000e+00,0.000000e+00,0.000000e+00,0.000000e+00,0.000000e+00,0.000000e+00,0.000000e+00
9.308147e-04,1.397525e+02,1.625919e+04,-5.565943e-06,-1.892958e-05,-1.208068e+01,1.023742e-01,2.449512e-06,0.000000e+00,0.000000e+00,0.000000e+00,2.533234e+00,0.000000e+00,0.000000e+00,0.000000e+00,0.000000e+00,0.000000e+00,0.000000e+00,0.000000e+00,0.000000e+00,0.000000e+00,0.000000e+00,0.000000e+00,0.000000e+00,0.000000e+00,0.000000e+00,0.000000e+00,0.000000e+00,0.000000e+00,0.000000e+00,0.000000e+00,0.000000e+00,0.000000e+00,0.000000e+00,0.000000e+00,0.000000e+00,0.000000e+00,0.000000e+00,0.000000e+00,0.000000e+00,0.000000e+00,0.000000e+00,0.000000e+00,0.000000e+00,0.000000e+00,0.000000e+00,0.000000e+00,0.000000e+00,0.000000e+00,1.397525e+02,4.017305e+03,5.595200e-05,-1.570319e-05,-3.008781e+00,1.136610e-03,0.000000e+00,0.000000e+00,0.000000e+00,0.000000e+00,0.000000e+00,0.000000e+00,0.000000e+00,0.000000e+00,0.000000e+00,0.000000e+00,0.000000e+00,0.000000e+00,0.000000e+00,0.000000e+00,0.000000e+00,0.000000e+00,0.000000e+00,0.000000e+00,0.000000e+00,0.000000e+00,0.000000e+00,0.000000e+00,0.000000e+00,0.000000e+00,0.000000e+00,0.000000e+00,0.000000e+00,0.000000e+00,0.000000e+00,0.000000e+00,3.034538e-08,2.454728e-08,6.709795e-02,5.334120e-06,1.821848e-05,-2.177225e-09,0.000000e+00,0.000000e+00,-2.513200e+00,0.000000e+00,0.000000e+00,-2.700000e+03,0.000000e+00,0.000000e+00,0.000000e+00,0.000000e+00,0.000000e+00,0.000000e+00,0.000000e+00,0.000000e+00,0.000000e+00
9.406127e-04,1.457103e+02,1.625321e+04,-3.199848e-05,-8.734206e-06,-1.207825e+01,1.023742e-01,2.449512e-06,0.000000e+00,0.000000e+00,0.000000e+00,2.567773e+00,0.000000e+00,0.000000e+00,0.000000e+00,0.000000e+00,0.000000e+00,0.000000e+00,0.000000e+00,0.000000e+00,0.000000e+00,0.000000e+00,0.000000e+00,0.000000e+00,0.000000e+00,0.000000e+00,0.000000e+00,0.000000e+00,0.000000e+00,0.000000e+00,0.000000e+00,0.000000e+00,0.000000e+00,0.000000e+00,0.000000e+00,0.000000e+00,0.000000e+00,0.000000e+00,0.000000e+00,0.000000e+00,0.000000e+00,0.000000e+00,0.000000e+00,0.000000e+00,0.000000e+00,0.000000e+00,0.000000e+00,0.000000e+00,0.000000e+00,1.457103e+02,4.011897e+03,4.332699e-05,-1.102427e-05,-3.006588e+00,1.136610e-03,0.000000e+00,0.000000e+00,0.000000e+00,0.000000e+00,0.000000e+00,0.000000e+00,0.000000e+00,0.000000e+00,0.000000e+00,0.000000e+00,0.000000e+00,0.000000e+00,0.000000e+00,0.000000e+00,0.000000e+00,0.000000e+00,0.000000e+00,0.000000e+00,0.000000e+00,0.000000e+00,0.000000e+00,0.000000e+00,0.000000e+00,0.000000e+00,0.000000e+00,0.000000e+00,0.000000e+00,0.000000e+00,0.000000e+00,0.000000e+00,3.196616e-08,2.496265e-08,6.953051e-02,3.810167e-05,5.247406e-06,-2.269517e-09,0.000000e+00,0.000000e+00,-2.539654e+00,0.000000e+00,0.000000e+00,-2.700000e+03,0.000000e+00,0.000000e+00,0.000000e+00,0.000000e+00,0.000000e+00,0.000000e+00,0.000000e+00,0.000000e+00,0.000000e+00
9.504107e-04,1.517128e+02,1.624721e+04,-4.047051e-05,-1.808244e-05,-1.207580e+01,1.023742e-01,2.449512e-06,0.000000e+00,0.000000e+00,0.000000e+00,2.592959e+00,0.000000e+00,0.000000e+00,0.000000e+00,0.000000e+00,0.000000e+00,0.000000e+00,0.000000e+00,0.000000e+00,0.000000e+00,0.000000e+00,0.000000e+00,0.000000e+00,0.000000e+00,0.000000e+00,0.000000e+00,0.000000e+00,0.000000e+00,0.000000e+00,0.000000e+00,0.000000e+00,0.000000e+00,0.000000e+00,0.000000e+00,0.000000e+00,0.000000e+00,0.000000e+00,0.000000e+00,0.000000e+00,0.000000e+00,0.000000e+00,0.000000e+00,0.000000e+00,0.000000e+00,0.000000e+00,0.000000e+00,0.000000e+00,0.000000e+00,1.517128e+02,4.006441e+03,2.642740e-05,-1.701017e-05,-3.004366e+00,1.136610e-03,0.000000e+00,0.000000e+00,0.000000e+00,0.000000e+00,0.000000e+00,0.000000e+00,0.000000e+00,0.000000e+00,0.000000e+00,0.000000e+00,0.000000e+00,0.000000e+00,0.000000e+00,0.000000e+00,0.000000e+00,0.000000e+00,0.000000e+00,0.000000e+00,0.000000e+00,0.000000e+00,0.000000e+00,0.000000e+00,0.000000e+00,0.000000e+00,0.000000e+00,0.000000e+00,0.000000e+00,0.000000e+00,0.000000e+00,0.000000e+00,3.228646e-08,2.552956e-08,7.197953e-02,4.241299e-05,1.973740e-05,-2.245414e-09,0.000000e+00,0.000000e+00,-2.566109e+00,0.000000e+00,0.000000e+00,-2.700000e+03,0.000000e+00,0.000000e+00,0.000000e+00,0.000000e+00,0.000000e+00,0.000000e+00,0.000000e+00,0.000000e+00,0.000000e+00
9.602088e-04,1.577238e+02,1.624116e+04,-6.382819e-05,-6.286253e-06,-1.207335e+01,1.023742e-01,2.449512e-06,0.000000e+00,0.000000e+00,0.000000e+00,2.642990e+00,0.000000e+00,0.000000e+00,0.000000e+00,0.000000e+00,0.000000e+00,0.000000e+00,0.000000e+00,0.000000e+00,0.000000e+00,0.000000e+00,0.000000e+00,0.000000e+00,0.000000e+00,0.000000e+00,0.000000e+00,0.000000e+00,0.000000e+00,0.000000e+00,0.000000e+00,0.000000e+00,0.000000e+00,0.000000e+00,0.000000e+00,0.000000e+00,0.000000e+00,0.000000e+00,0.000000e+00,0.000000e+00,0.000000e+00,0.000000e+00,0.000000e+00,0.000000e+00,0.000000e+00,0.000000e+00,0.000000e+00,0.000000e+00,0.000000e+00,1.577238e+02,4.001001e+03,-8.236384e-07,-8.124160e-06,-3.002173e+00,1.136610e-03,0.000000e+00,0.000000e+00,0.000000e+00,0.000000e+00,0.000000e+00,0.000000e+00,0.000000e+00,0.000000e+00,0.000000e+00,0.000000e+00,0.000000e+00,0.000000e+00,0.000000e+00,0.000000e+00,0.000000e+00,0.000000e+00,0.000000e+00,0.000000e+00,0.000000e+00,0.000000e+00,0.000000e+00,0.000000e+00,0.000000e+00,0.000000e+00,0.000000e+00,0.000000e+00,0.000000e+00,0.000000e+00,0.000000e+00,0.000000e+00,3.383778e-08,2.521445e-08,7.443538e-02,6.582597e-05,6.583637e-06,-2.471733e-09,0.000000e+00,0.000000e+00,-2.592564e+00,0.000000e+00,0.000000e+00,-2.700000e+03,0.000000e+00,0.000000e+00,0.000000e+00,0.000000e+00,0.000000e+00,0.000000e+00,0.000000e+00,0.000000e+00,0.000000e+00
9.700069e-04,1.637782e+02,1.623508e+04,-8.250447e-05,-1.978926e-05,-1.207088e+01,1.023742e-01,2.449513e-06,0.000000e+00,0.000000e+00,0.000000e+00,2.680813e+00,0.000000e+00,0.000000e+00,0.000000e+00,0.000000e+00,0.000000e+00,0.000000e+00,0.000000e+00,0.000000e+00,0.000000e+00,0.000000e+00,0.000000e+00,0.000000e+00,0.000000e+00,0.000000e+00,0.000000e+00,0.000000e+00,0.000000e+00,0.000000e+00,0.000000e+00,0.000000e+00,0.000000e+00,0.000000e+00,0.000000e+00,0.000000e+00,0.000000e+00,0.000000e+00,0.000000e+00,0.000000e+00,0.000000e+00,0.000000e+00,0.000000e+00,0.000000e+00,0.000000e+00,0.000000e+00,0.000000e+00,0.000000e+00,0.000000e+00,1.637782e+02,3.995548e+03,-2.137839e-05,-1.812165e-05,-2.999959e+00,1.136610e-03,0.000000e+00,0.000000e+00,0.000000e+00,0.000000e+00,0.000000e+00,0.000000e+00,0.000000e+00,0.000000e+00,0.000000e+00,0.000000e+00,0.000000e+00,0.000000e+00,0.000000e+00,0.000000e+00,0.000000e+00,0.000000e+00,0.000000e+00,0.000000e+00,0.000000e+00,0.000000e+00,0.000000e+00,0.000000e+00,0.000000e+00,0.000000e+00,0.000000e+00,0.000000e+00,0.000000e+00,0.000000e+00,0.000000e+00,0.000000e+00,3.593159e-08,2.653742e-08,7.690020e-02,8.517655e-05,1.873929e-05,-2.680686e-09,0.000000e+00,0.000000e+00,-2.619019e+00,0.000000e+00,0.000000e+00,-2.700000e+03,0.000000e+00,0.000000e+00,0.000000e+00,0.000000e+00,0.000000e+00,0.000000e+00,0.000000e+00,0.000000e+00,0.000000e+00
9.822544e-04,1.713563e+02,1.622744e+04,-1.070688e-04,-1.927473e-05,-1.206778e+01,1.023742e-01,2.449512e-06,0.000000e+00,0.000000e+00,0.000000e+00,2.765676e+00,0.000000e+00,0.000000e+00,0.000000e+00,0.000000e+00,0.000000e+00,0.000000e+00,0.000000e+00,0.000000e+00,0.000000e+00,0.000000e+00,0.000000e+00,0.000000e+00,0.000000e+00,0.000000e+00,0.000000e+00,0.000000e+00,0.000000e+00,0.000000e+00,0.000000e+00,0.000000e+00,0.000000e+00,0.000000e+00,0.000000e+00,0.000000e+00,0.000000e+00,0.000000e+00,0.000000e+00,0.000000e+00,0.000000e+00,0.000000e+00,0.000000e+00,0.000000e+00,0.000000e+00,0.000000e+00,0.000000e+00,0.000000e+00,0.000000e+00,1.713563e+02,3.988652e+03,-3.558211e-05,-1.679716e-05,-2.997174e+00,1.136610e-03,0.000000e+00,0.000000e+00,0.000000e+00,0.000000e+00,0.000000e+00,0.000000e+00,0.000000e+00,0.000000e+00,0.000000e+00,0.000000e+00,0.000000e+00,0.000000e+00,0.000000e+00,0.000000e+00,0.000000e+00,0.000000e+00,0.000000e+00,0.000000e+00,0.000000e+00,0.000000e+00,0.000000e+00,0.000000e+00,0.000000e+00,0.000000e+00,0.000000e+00,0.000000e+00,0.000000e+00,0.000000e+00,0.000000e+00,0.000000e+00,3.785511e-08,2.790351e-08,8.000866e-02,1.101733e-04,2.034568e-05,-2.982282e-09,0.000000e+00,0.000000e+00,-2.652087e+00,0.000000e+00,0.000000e+00,-2.700000e+03,0.000000e+00,0.000000e+00,0.000000e+00,0.000000e+00,0.000000e+00,0.000000e+00,0.000000e+00,0.000000e+00,0.000000e+00
9.920525e-04,1.774615e+02,1.622128e+04,-1.296354e-04,-2.039795e-05,-1.206528e+01,1.023742e-01,2.449512e-06,0.000000e+00,0.000000e+00,0.000000e+00,2.826011e+00,0.000000e+00,0.000000e+00,0.000000e+00,0.000000e+00,0.000000e+00,0.000000e+00,0.000000e+00,0.000000e+00,0.000000e+00,0.000000e+00,0.000000e+00,0.000000e+00,0.000000e+00,0.000000e+00,0.000000e+00,0.000000e+00,0.000000e+00,0.000000e+00,0.000000e+00,0.000000e+00,0.000000e+00,0.000000e+00,0.000000e+00,0.000000e+00,0.000000e+00,0.000000e+00,0.000000e+00,0.000000e+00,0.000000e+00,0.000000e+00,0.000000e+00,0.000000e+00,0.000000e+00,0.000000e+00,0.000000e+00,0.000000e+00,0.000000e+00,1.774615e+02,3.983055e+03,-5.356956e-05,-1.871166e-05,-2.994895e+00,1.136610e-03,0.000000e+00,0.000000e+00,0.000000e+00,0.000000e+00,0.000000e+00,0.000000e+00,0.000000e+00,0.000000e+00,0.000000e+00,0.000000e+00,0.000000e+00,0.000000e+00,0.000000e+00,0.000000e+00,0.000000e+00,0.000000e+00,0.000000e+00,0.000000e+00,0.000000e+00,0.000000e+00,0.000000e+00,0.000000e+00,0.000000e+00,0.000000e+00,0.000000e+00,0.000000e+00,0.000000e+00,0.000000e+00,0.000000e+00,0.000000e+00,3.859516e-08,2.887310e-08,8.250932e-02,1.329923e-04,2.050002e-05,-3.035907e-09,0.000000e+00,0.000000e+00,-2.678542e+00,0.000000e+00,0.000000e+00,-2.700000e+03,0.000000e+00,0.000000e+00,0.000000e+00,0.000000e+00,0.000000e+00,0.000000e+00,0.000000e+00,0.000000e+00,0.000000e+00
1.001850e-03,1.835773e+02,1.621510e+04,-1.523747e-04,-1.905410e-05,-1.206275e+01,1.023742e-01,2.449512e-06,0.000000e+00,0.000000e+00,0.000000e+00,2.909183e+00,0.000000e+00,0.000000e+00,0.000000e+00,0.000000e+00,0.000000e+00,0.000000e+00,0.000000e+00,0.000000e+00,0.000000e+00,0.000000e+00,0.000000e+00,0.000000e+00,0.000000e+00,0.000000e+00,0.000000e+00,0.000000e+00,0.000000e+00,0.000000e+00,0.000000e+00,0.000000e+00,0.000000e+00,0.000000e+00,0.000000e+00,0.000000e+00,0.000000e+00,0.000000e+00,0.000000e+00,0.000000e+00,0.000000e+00,0.000000e+00,0.000000e+00,0.000000e+00,0.000000e+00,0.000000e+00,0.000000e+00,0.000000e+00,0.000000e+00,1.835773e+02,3.977422e+03,-7.383554e-05,-1.852348e-05,-2.992605e+00,1.136610e-03,0.000000e+00,0.000000e+00,0.000000e+00,0.000000e+00,0.000000e+00,0.000000e+00,0.000000e+00,0.000000e+00,0.000000e+00,0.000000e+00,0.000000e+00,0.000000e+00,0.000000e+00,0.000000e+00,0.000000e+00,0.000000e+00,0.000000e+00,0.000000e+00,0.000000e+00,0.000000e+00,0.000000e+00,0.000000e+00,0.000000e+00,0.000000e+00,0.000000e+00,0.000000e+00,0.000000e+00,0.000000e+00,0.000000e+00,0.000000e+00,3.867955e-08,2.972257e-08,8.504115e-02,1.545137e-04,1.924785e-05,-3.165621e-09,0.000000e+00,0.000000e+00,-2.704996e+00,0.000000e+00,0.000000e+00,-2.700000e+03,0.000000e+00,0.000000e+00,0.000000e+00,0.000000e+00,0.000000e+00,0.000000e+00,0.000000e+00,0.000000e+00,0.000000e+00
1.011649e-03,1.897315e+02,1.620888e+04,-1.761434e-04,-2.358044e-05,-1.206021e+01,1.023742e-01,2.449512e-06,0.000000e+00,0.000000e+00,0.000000e+00,2.985611e+00,0.000000e+00,0.000000e+00,0.000000e+00,0.000000e+00,0.000000e+00,0.000000e+00,0.000000e+00,0.000000e+00,0.000000e+00,0.000000e+00,0.000000e+00,0.000000e+00,0.000000e+00,0.000000e+00,0.000000e+00,0.000000e+00,0.000000e+00,0.000000e+00,0.000000e+00,0.000000e+00,0.000000e+00,0.000000e+00,0.000000e+00,0.000000e+00,0.000000e+00,0.000000e+00,0.000000e+00,0.000000e+00,0.000000e+00,0.000000e+00,0.000000e+00,0.000000e+00,0.000000e+00,0.000000e+00,0.000000e+00,0.000000e+00,0.000000e+00,1.897315e+02,3.971815e+03,-9.709178e-05,-2.056500e-05,-2.990315e+00,1.136610e-03,0.000000e+00,0.000000e+00,0.000000e+00,0.000000e+00,0.000000e+00,0.000000e+00,0.000000e+00,0.000000e+00,0.000000e+00,0.000000e+00,0.000000e+00,0.000000e+00,0.000000e+00,0.000000e+00,0.000000e+00,0.000000e+00,0.000000e+00,0.000000e+00,0.000000e+00,0.000000e+00,0.000000e+00,0.000000e+00,0.000000e+00,0.000000e+00,0.000000e+00,0.000000e+00,0.000000e+00,0.000000e+00,0.000000e+00,0.000000e+00,4.045835e-08,3.007626e-08,8.757641e-02,1.791966e-04,2.301118e-05,-3.462736e-09,0.000000e+00,0.000000e+00,-2.731451e+00,0.000000e+00,0.000000e+00,-2.700000e+03,0.000000e+00,0.000000e+00,0.000000e+00,0.000000e+00,0.000000e+00,0.000000e+00,0.000000e+00,0.000000e+00,0.000000e+00
1.021447e-03,1.958997e+02,1.620263e+04,-1.946361e-04,-2.151599e-05,-1.205767e+01,1.023742e-01,2.449513e-06,0.000000e+00,0.000000e+00,0.000000e+00,3.080494e+00,0.000000e+00,0.000000e+00,0.000000e+00,0.000000e+00,0.000000e+00,0.000000e+00,0.000000e+00,0.000000e+00,0.000000e+00,0.000000e+00,0.000000e+00,0.000000e+00,0.000000e+00,0.000000e+00,0.000000e+00,0.000000e+00,0.000000e+00,0.000000e+00,0.000000e+00,0.000000e+00,0.000000e+00,0.000000e+00,0.000000e+00,0.000000e+00,0.000000e+00,0.000000e+00,0.000000e+00,0.000000e+00,0.000000e+00,0.000000e+00,0.000000e+00,0.000000e+00,0.000000e+00,0.000000e+00,0.000000e+00,0.000000e+00,0.000000e+00,1.958997e+02,3.966210e+03,-1.149624e-04,-1.937040e-05,-2.988032e+00,1.136609e-03,0.000000e+00,0.000000e+00,0.000000e+00,0.000000e+00,0.000000e+00,0.000000e+00,0.000000e+00,0.000000e+00,0.000000e+00,0.000000e+00,0.000000e+00,0.000000e+00,0.000000e+00,0.000000e+00,0.000000e+00,0.000000e+00,0.000000e+00,0.000000e+00,0.000000e+00,0.000000e+00,0.000000e+00,0.000000e+00,0.000000e+00,0.000000e+00,0.000000e+00,0.000000e+00,0.000000e+00,0.000000e+00,0.000000e+00,0.000000e+00,4.179851e-08,3.095460e-08,9.013070e-02,1.974673e-04,2.272471e-05,-3.644323e-09,0.000000e+00,0.000000e+00,-2.757906e+00,0.000000e+00,0.000000e+00,-2.700000e+03,0.000000e+00,0.000000e+00,0.000000e+00,0.000000e+00,0.000000e+00,0.000000e+00,0.000000e+00,0.000000e+00,0.000000e+00
1.031245e-03,2.021036e+02,1.619634e+04,-2.174737e-04,-2.286419e-05,-1.205509e+01,1.023742e-01,2.449513e-06,0.000000e+00,0.000000e+00,0.000000e+00,3.173561e+00,0.000000e+00,0.000000e+00,0.000000e+00,0.000000e+00,0.000000e+00,0.000000e+00,0.000000e+00,0.000000e+00,0.000000e+00,0.000000e+00,0.000000e+00,0.000000e+00,0.000000e+00,0.000000e+00,0.000000e+00,0.000000e+00,0.000000e+00,0.000000e+00,0.000000e+00,0.000000e+00,0.000000e+00,0.000000e+00,0.000000e+00,0.000000e+00,0.000000e+00,0.000000e+00,0.000000e+00,0.000000e+00,0.000000e+00,0.000000e+00,0.000000e+00,0.000000e+00,0.000000e+00,0.000000e+00,0.000000e+00,0.000000e+00,0.000000e+00,2.021036e+02,3.960543e+03,-1.251639e-04,-2.077304e-05,-2.985709e+00,1.136610e-03,0.000000e+00,0.000000e+00,0.000000e+00,0.000000e+00,0.000000e+00,0.000000e+00,0.000000e+00,0.000000e+00,0.000000e+00,0.000000e+00,0.000000e+00,0.000000e+00,0.000000e+00,0.000000e+00,0.000000e+00,0.000000e+00,0.000000e+00,0.000000e+00,0.000000e+00,0.000000e+00,0.000000e+00,0.000000e+00,0.000000e+00,0.000000e+00,0.000000e+00,0.000000e+00,0.000000e+00,0.000000e+00,0.000000e+00,0.000000e+00,4.361243e-08,3.169175e-08,9.270045e-02,2.201466e-04,2.231351e-05,-3.812900e-09,0.000000e+00,0.000000e+00,-2.784361e+00,0.000000e+00,0.000000e+00,-2.700000e+03,0.000000e+00,0.000000e+00,0.000000e+00,0.000000e+00,0.000000e+00,0.000000e+00,0.000000e+00,0.000000e+00,0.000000e+00
1.041043e-03,2.085296e+02,1.618972e+04,-3.383084e-04,-2.416759e-05,-1.205176e+01,1.023742e-01,2.449513e-06,0.000000e+00,0.000000e+00,0.000000e+00,3.437758e+00,0.000000e+00,0.000000e+00,0.000000e+00,0.000000e+00,0.000000e+00,0.000000e+00,0.000000e+00,0.000000e+00,0.000000e+00,0.000000e+00,0.000000e+00,0.000000e+00,0.000000e+00,0.000000e+00,0.000000e+00,0.000000e+00,0.000000e+00,0.000000e+00,0.000000e+00,0.000000e+00,0.000000e+00,0.000000e+00,0.000000e+00,0.000000e+00,0.000000e+00,0.000000e+00,0.000000e+00,0.000000e+00,0.000000e+00,0.000000e+00,0.000000e+00,0.000000e+00,0.000000e+00,0.000000e+00,0.000000e+00,0.000000e+00,0.000000e+00,2.085296e+02,3.954611e+03,-2.110724e-04,-2.005664e-05,-2.982911e+00,1.136610e-03,0.000000e+00,0.000000e+00,0.000000e+00,0.000000e+00,0.000000e+00,0.000000e+00,0.000000e+00,0.000000e+00,0.000000e+00,0.000000e+00,0.000000e+00,0.000000e+00,0.000000e+00,0.000000e+00,0.000000e+00,0.000000e+00,0.000000e+00,0.000000e+00,0.000000e+00,0.000000e+00,0.000000e+00,0.000000e+00,0.000000e+00,0.000000e+00,0.000000e+00,0.000000e+00,0.000000e+00,0.000000e+00,0.000000e+00,0.000000e+00,4.594083e-08,3.160924e-08,9.609083e-02,3.481934e-04,2.432755e-05,-4.172590e-09,0.000000e+00,0.000000e+00,-2.810815e+00,0.000000e+00,0.000000e+00,-2.700000e+03,0.000000e+00,0.000000e+00,0.000000e+00,0.000000e+00,0.000000e+00,0.000000e+00,0.000000e+00,0.000000e+00,0.000000e+00
1.050841e-03,2.152203e+02,1.618300e+04,-3.610235e-04,-2.511397e-05,-1.204902e+01,1.023742e-01,2.449514e-06,0.000000e+00,0.000000e+00,0.000000e+00,3.491976e+00,0.000000e+00,0.000000e+00,0.000000e+00,0.000000e+00,0.000000e+00,0.000000e+00,0.000000e+00,0.000000e+00,0.000000e+00,0.000000e+00,0.000000e+00,0.000000e+00,0.000000e+00,0.000000e+00,0.000000e+00,0.000000e+00,0.000000e+00,0.000000e+00,0.000000e+00,0.000000e+00,0.000000e+00,0.000000e+00,0.000000e+00,0.000000e+00,0.000000e+00,0.000000e+00,0.000000e+00,0.000000e+00,0.000000e+00,0.000000e+00,0.000000e+00,0.000000e+00,0.000000e+00,0.000000e+00,0.000000e+00,0.000000e+00,0.000000e+00,2.152203e+02,3.948487e+03,-2.259290e-04,-2.182313e-05,-2.980256e+00,1.136609e-03,0.000000e+00,0.000000e+00,0.000000e+00,0.000000e+00,0.000000e+00,0.000000e+00,0.000000e+00,0.000000e+00,0.000000e+00,0.000000e+00,0.000000e+00,0.000000e+00,0.000000e+00,0.000000e+00,0.000000e+00,0.000000e+00,0.000000e+00,0.000000e+00,0.000000e+00,0.000000e+00,0.000000e+00,0.000000e+00,0.000000e+00,0.000000e+00,0.000000e+00,0.000000e+00,0.000000e+00,0.000000e+00,0.000000e+00,0.000000e+00,4.740764e-08,3.243148e-08,9.878962e-02,3.604302e-04,2.532990e-05,-4.436842e-09,0.000000e+00,0.000000e+00,-2.837270e+00,0.000000e+00,0.000000e+00,-2.700000e+03,0.000000e+00,0.000000e+00,0.000000e+00,0.000000e+00,0.000000e+00,0.000000e+00,0.000000e+00,0.000000e+00,0.000000e+00
1.060639e-03,2.216768e+02,1.617640e+04,-3.652722e-04,-2.364173e-05,-1.204630e+01,1.023742e-01,2.449514e-06,0.000000e+00,0.000000e+00,0.000000e+00,3.664671e+00,0.000000e+00,0.000000e+00,0.000000e+00,0.000000e+00,0.000000e+00,0.000000e+00,0.000000e+00,0.000000e+00,0.000000e+00,0.000000e+00,0.000000e+00,0.000000e+00,0.000000e+00,0.000000e+00,0.000000e+00,0.000000e+00,0.000000e+00,0.000000e+00,0.000000e+00,0.000000e+00,0.000000e+00,0.000000e+00,0.000000e+00,0.000000e+00,0.000000e+00,0.000000e+00,0.000000e+00,0.000000e+00,0.000000e+00,0.000000e+00,0.000000e+00,0.000000e+00,0.000000e+00,0.000000e+00,0.000000e+00,0.000000e+00,0.000000e+00,2.216768e+02,3.942574e+03,-2.152266e-04,-2.069099e-05,-2.977791e+00,1.136610e-03,0.000000e+00,0.000000e+00,0.000000e+00,0.000000e+00,0.000000e+00,0.000000e+00,0.000000e+00,0.000000e+00,0.000000e+00,0.000000e+00,0.000000e+00,0.000000e+00,0.000000e+00,0.000000e+00,0.000000e+00,0.000000e+00,0.000000e+00,0.000000e+00,0.000000e+00,0.000000e+00,0.000000e+00,0.000000e+00,0.000000e+00,0.000000e+00,0.000000e+00,0.000000e+00,0.000000e+00,0.000000e+00,0.000000e+00,0.000000e+00,4.838369e-08,3.266380e-08,1.015661e-01,3.738081e-04,2.375747e-05,-4.687246e-09,0.000000e+00,0.000000e+00,-2.863725e+00,0.000000e+00,0.000000e+00,-2.700000e+03,0.000000e+00,0.000000e+00,0.000000e+00,0.000000e+00,0.000000e+00,0.000000e+00,0.000000e+00,0.000000e+00,0.000000e+00
1.070074e-03,2.283959e+02,1.617291e+04,-4.163785e-04,-2.639978e-05,-1.204338e+01,1.023743e-01,1.431011e-06,7.053952e-06,0.000000e+00,0.000000e+00,3.810344e+00,0.000000e+00,0.000000e+00,0.000000e+00,0.000000e+00,0.000000e+00,0.000000e+00,0.000000e+00,0.000000e+00,0.000000e+00,0.000000e+00,0.000000e+00,0.000000e+00,0.000000e+00,0.000000e+00,0.000000e+00,0.000000e+00,0.000000e+00,0.000000e+00,0.000000e+00,0.000000e+00,0.000000e+00,0.000000e+00,0.000000e+00,0.000000e+00,0.000000e+00,0.000000e+00,0.000000e+00,0.000000e+00,0.000000e+00,0.000000e+00,0.000000e+00,0.000000e+00,0.000000e+00,0.000000e+00,0.000000e+00,0.000000e+00,0.000000e+00,2.283959e+02,3.939544e+03,-2.669528e-04,-2.402523e-05,-2.975739e+00,1.136610e-03,0.000000e+00,0.000000e+00,0.000000e+00,0.000000e+00,0.000000e+00,0.000000e+00,0.000000e+00,0.000000e+00,0.000000e+00,0.000000e+00,0.000000e+00,0.000000e+00,0.000000e+00,0.000000e+00,0.000000e+00,0.000000e+00,0.000000e+00,0.000000e+00,0.000000e+00,0.000000e+00,0.000000e+00,0.000000e+00,0.000000e+00,0.000000e+00,1.120992e-05,-5.314938e-07,-2.159321e-03,-8.434587e-05,-1.258868e-07,-7.499247e-07,5.051774e-08,7.031649e-08,1.046287e-01,4.230379e-04,2.696459e-05,-4.910144e-09,1.076435e-08,-7.770856e-10,-2.889198e+00,2.373035e-03,-1.713109e-04,-2.699546e+03,0.000000e+00,0.000000e+00,0.000000e+00,-5.418878e-06,1.034757e-03,1.015623e-06,0.000000e+00,0.000000e+00,0.000000e+00
1.080324e-03,2.367398e+02,1.616523e+04,-3.481740e-04,-2.579533e-05,-1.204024e+01,1.023743e-01,1.431011e-06,8.635205e-06,0.000000e+00,0.000000e+00,4.096581e+00,0.000000e+00,0.000000e+00,0.000000e+00,0.000000e+00,0.000000e+00,0.000000e+00,0.000000e+00,0.000000e+00,0.000000e+00,0.000000e+00,0.000000e+00,0.000000e+00,0.000000e+00,0.000000e+00,0.000000e+00,0.000000e+00,0.000000e+00,0.000000e+00,0.000000e+00,0.000000e+00,0.000000e+00,0.000000e+00,0.000000e+00,0.000000e+00,0.000000e+00,0.000000e+00,0.000000e+00,0.000000e+00,0.000000e+00,0.000000e+00,0.000000e+00,0.000000e+00,0.000000e+00,0.000000e+00,0.000000e+00,0.000000e+00,0.000000e+00,2.367398e+02,3.934137e+03,-2.302941e-04,-2.293616e-05,-2.973438e+00,1.136610e-03,0.000000e+00,0.000000e+00,0.000000e+00,0.000000e+00,0.000000e+00,0.000000e+00,0.000000e+00,0.000000e+00,0.000000e+00,0.000000e+00,0.000000e+00,0.000000e+00,0.000000e+00,0.000000e+00,0.000000e+00,0.000000e+00,0.000000e+00,0.000000e+00,0.000000e+00,0.000000e+00,0.000000e+00,0.000000e+00,0.000000e+00,0.000000e+00,6.927719e-05,-7.254606e-07,-3.491325e-03,-8.644812e-05,-3.095473e-07,-1.712508e-07,5.260361e-08,5.783124e-07,1.078056e-01,3.634567e-04,2.716470e-05,-5.442614e-09,1.145291e-07,-2.507989e-09,-2.916867e+00,1.355831e-02,-1.617972e-04,-2.699219e+03,0.000000e+00,0.000000e+00,0.000000e+00,-5.175821e-06,1.144878e-03,9.805462e-07,0.000000e+00,0.000000e+00,0.000000e+00
1.091365e-03,2.466988e+02,1.615499e+04,-3.622224e-04,-5.526145e-05,-1.203663e+01,1.023743e-01,2.449522e-06,8.635205e-06,0.000000e+00,0.000000e+00,4.431265e+00,0.000000e+00,0.000000e+00,0.000000e+00,0.000000e+00,0.000000e+00,0.000000e+00,0.000000e+00,0.000000e+00,0.000000e+00,0.000000e+00,0.000000e+00,0.000000e+00,0.000000e+00,0.000000e+00,0.000000e+00,0.000000e+00,0.000000e+00,0.000000e+00,0.000000e+00,0.000000e+00,0.000000e+00,0.000000e+00,0.000000e+00,0.000000e+00,0.000000e+00,0.000000e+00,0.000000e+00,0.000000e+00,0.000000e+00,0.000000e+00,0.000000e+00,0.000000e+00,0.000000e+00,0.000000e+00,0.000000e+00,0.000000e+00,0.000000e+00,2.466988e+02,3.926442e+03,-2.531798e-04,-3.855606e-05,-2.970549e+00,1.136610e-03,0.000000e+00,0.000000e+00,0.000000e+00,0.000000e+00,0.000000e+00,0.000000e+00,0.000000e+00,0.000000e+00,0.000000e+00,0.000000e+00,0.000000e+00,0.000000e+00,0.000000e+00,0.000000e+00,0.000000e+00,0.000000e+00,0.000000e+00,0.000000e+00,0.000000e+00,0.000000e+00,0.000000e+00,0.000000e+00,0.000000e+00,0.000000e+00,6.927719e-05,-7.254606e-07,-3.491325e-03,-8.644812e-05,-3.095473e-07,-1.712508e-07,5.480642e-08,5.800143e-07,1.113109e-01,3.651060e-04,5.636120e-05,-5.433777e-09,2.642281e-07,-4.294413e-09,-2.946669e+00,1.355831e-02,-1.617972e-04,-2.699219e+03,0.000000e+00,0.000000e+00,0.000000e+00,-5.175821e-06,1.144878e-03,9.805462e-07,0.000000e+00,0.000000e+00,0.000000e+00
1.100669e-03,2.560414e+02,1.615103e+04,-3.099063e-04,-8.238417e-06,-1.203325e+01,1.023745e-01,9.786348e-07,6.653266e-05,0.000000e+00,0.000000e+00,5.683197e+00,0.000000e+00,0.000000e+00,0.000000e+00,0.000000e+00,0.000000e+00,0.000000e+00,0.000000e+00,0.000000e+00,0.000000e+00,0.000000e+00,0.000000e+00,0.000000e+00,0.000000e+00,0.000000e+00,0.000000e+00,0.000000e+00,0.000000e+00,0.000000e+00,0.000000e+00,0.000000e+00,0.000000e+00,0.000000e+00,0.000000e+00,0.000000e+00,0.000000e+00,0.000000e+00,0.000000e+00,0.000000e+00,0.000000e+00,0.000000e+00,0.000000e+00,0.000000e+00,0.000000e+00,0.000000e+00,0.000000e+00,0.000000e+00,0.000000e+00,2.560414e+02,3.925799e+03,-2.167312e-04,-8.981588e-06,-2.969109e+00,1.136610e-03,0.000000e+00,0.000000e+00,0.000000e+00,0.000000e+00,0.000000e+00,0.000000e+00,0.000000e+00,0.000000e+00,0.000000e+00,0.000000e+00,0.000000e+00,0.000000e+00,0.000000e+00,0.000000e+00,0.000000e+00,0.000000e+00,0.000000e+00,0.000000e+00,0.000000e+00,0.000000e+00,0.000000e+00,-6.128520e+04,9.165419e+03,-4.248435e+04,1.638417e-04,3.795869e-05,-7.644865e-03,-2.096558e-04,2.800562e-04,-3.193047e-05,5.712765e-08,5.805245e-07,1.148781e-01,3.232374e-04,2.102380e-05,-5.757556e-09,3.684356e-07,4.367797e-08,-2.971779e+00,5.060897e-03,2.110652e-02,-2.698397e+03,6.149929e+03,-9.165419e+03,7.431671e+04,9.209785e-04,3.146904e-03,-1.501533e-04,-4.088587e+02,-5.210814e+01,6.007858e+01
1.111143e-03,2.708639e+02,1.613659e+04,-4.048339e-04,1.636614e-05,-1.202968e+01,1.023745e-01,1.731524e-06,6.950628e-05,0.000000e+00,0.000000e+00,5.408866e+00,0.000000e+00,0.000000e+00,0.000000e+00,0.000000e+00,0.000000e+00,0.000000e+00,0.000000e+00,0.000000e+00,0.000000e+00,0.000000e+00,0.000000e+00,0.000000e+00,0.000000e+00,0.000000e+00,0.000000e+00,0.000000e+00,0.000000e+00,0.000000e+00,0.000000e+00,0.000000e+00,0.000000e+00,0.000000e+00,0.000000e+00,0.000000e+00,0.000000e+00,0.000000e+00,0.000000e+00,0.000000e+00,0.000000e+00,0.000000e+00,0.000000e+00,0.000000e+00,0.000000e+00,0.000000e+00,0.000000e+00,0.000000e+00,0.000000e+00,2.708639e+02,3.917415e+03,-3.423558e-04,-3.118094e-05,-2.967011e+00,1.136610e-03,0.000000e+00,0.000000e+00,0.000000e+00,0.000000e+00,0.000000e+00,0.000000e+00,0.000000e+00,0.000000e+00,0.000000e+00,0.000000e+00,0.000000e+00,0.000000e+00,0.000000e+00,0.000000e+00,0.000000e+00,0.000000e+00,0.000000e+00,0.000000e+00,0.000000e+00,0.000000e+00,0.000000e+00,0.000000e+00,0.000000e+00,0.000000e+00,1.869784e-04,5.475121e-05,-8.290578e-03,-2.688568e-04,2.065635e-04,-3.734421e-05,5.836054e-08,5.804876e-07,1.183259e-01,4.250409e-04,8.404068e-06,-5.771193e-09,5.840837e-07,3.256291e-07,-3.000042e+00,2.222506e-02,2.968278e-02,-2.698124e+03,0.000000e+00,0.000000e+00,0.000000e+00,1.298816e-03,3.065641e-03,-2.054153e-04,0.000000e+00,0.000000e+00,0.000000e+00
1.121629e-03,2.843758e+02,1.612285e+04,-4.855976e-04,-1.471618e-05,-1.202567e+01,1.023745e-01,2.449540e-06,6.950628e-05,0.000000e+00,0.000000e+00,5.680427e+00,0.000000e+00,0.000000e+00,0.000000e+00,0.000000e+00,0.000000e+00,0.000000e+00,0.000000e+00,0.000000e+00,0.000000e+00,0.000000e+00,0.000000e+00,0.000000e+00,0.000000e+00,0.000000e+00,0.000000e+00,0.000000e+00,0.000000e+00,0.000000e+00,0.000000e+00,0.000000e+00,0.000000e+00,0.000000e+00,0.000000e+00,0.000000e+00,0.000000e+00,0.000000e+00,0.000000e+00,0.000000e+00,0.000000e+00,0.000000e+00,0.000000e+00,0.000000e+00,0.000000e+00,0.000000e+00,0.000000e+00,0.000000e+00,0.000000e+00,2.843758e+02,3.907699e+03,-3.990463e-04,-7.578108e-05,-2.964170e+00,1.136610e-03,0.000000e+00,0.000000e+00,0.000000e+00,0.000000e+00,0.000000e+00,0.000000e+00,0.000000e+00,0.000000e+00,0.000000e+00,0.000000e+00,0.000000e+00,0.000000e+00,0.000000e+00,0.000000e+00,0.000000e+00,0.000000e+00,0.000000e+00,0.000000e+00,0.000000e+00,0.000000e+00,0.000000e+00,0.000000e+00,0.000000e+00,0.000000e+00,1.869784e-04,5.475121e-05,-8.290578e-03,-2.688568e-04,2.065635e-04,-3.734421e-05,6.186927e-08,5.805041e-07,1.222890e-01,4.995465e-04,2.719846e-05,-5.825202e-09,8.171254e-07,6.368690e-07,-3.028333e+00,2.222506e-02,2.968278e-02,-2.698124e+03,0.000000e+00,0.000000e+00,0.000000e+00,1.298816e-03,3.065641e-03,-2.054153e-04,0.000000e+00,0.000000e+00,0.000000e+00
1.130741e-03,2.948969e+02,1.611497e+04,-6.352642e-04,2.232383e-05,-1.202173e+01,1.023745e-01,1.300919e-06,1.860630e-04,0.000000e+00,0.000000e+00,6.132041e+00,0.000000e+00,0.000000e+00,0.000000e+00,0.000000e+00,0.000000e+00,0.000000e+00,0.000000e+00,0.000000e+00,0.000000e+00,0.000000e+00,0.000000e+00,0.000000e+00,0.000000e+00,0.000000e+00,0.000000e+00,0.000000e+00,0.000000e+00,0.000000e+00,0.000000e+00,0.000000e+00,0.000000e+00,0.000000e+00,0.000000e+00,0.000000e+00,0.000000e+00,0.000000e+00,0.000000e+00,0.000000e+00,0.000000e+00,0.000000e+00,0.000000e+00,0.000000e+00,0.000000e+00,0.000000e+00,0.000000e+00,0.000000e+00,0.000000e+00,2.948969e+02,3.903114e+03,-3.614828e-04,-5.726468e-05,-2.961643e+00,1.136610e-03,0.000000e+00,0.000000e+00,0.000000e+00,0.000000e+00,0.000000e+00,0.000000e+00,0.000000e+00,0.000000e+00,0.000000e+00,0.000000e+00,0.000000e+00,0.000000e+00,0.000000e+00,0.000000e+00,0.000000e+00,0.000000e+00,0.000000e+00,0.000000e+00,0.000000e+00,0.000000e+00,0.000000e+00,0.000000e+00,0.000000e+00,0.000000e+00,9.004319e-05,5.202083e-05,-9.799196e-03,3.272613e-05,2.157746e-04,-5.673890e-05,6.494921e-08,5.800410e-07,1.264928e-01,6.576297e-04,-7.679055e-06,-6.191820e-09,8.184268e-07,9.015955e-07,-3.052916e+00,-2.550939e-02,2.832253e-02,-2.697818e+03,0.000000e+00,0.000000e+00,0.000000e+00,1.255363e-03,5.212187e-03,-1.952227e-04,0.000000e+00,0.000000e+00,0.000000e+00
1.141402e-03,3.072096e+02,1.610279e+04,-7.842756e-04,2.213491e-05,-1.201705e+01,1.023746e-01,1.574113e-06,1.895864e-04,0.000000e+00,0.000000e+00,6.425351e+00,0.000000e+00,0.000000e+00,0.000000e+00,0.000000e+00,0.000000e+00,0.000000e+00,0.000000e+00,0.000000e+00,0.000000e+00,0.000000e+00,0.000000e+00,0.000000e+00,0.000000e+00,0.000000e+00,0.000000e+00,0.000000e+00,0.000000e+00,0.000000e+00,0.000000e+00,0.000000e+00,0.000000e+00,0.000000e+00,0.000000e+00,0.000000e+00,0.000000e+00,0.000000e+00,0.000000e+00,0.000000e+00,0.000000e+00,0.000000e+00,0.000000e+00,0.000000e+00,0.000000e+00,0.000000e+00,0.000000e+00,0.000000e+00,0.000000e+00,3.072096e+02,3.895811e+03,-4.902822e-04,-8.278096e-05,-2.958775e+00,1.136610e-03,0.000000e+00,0.000000e+00,0.000000e+00,0.000000e+00,0.000000e+00,0.000000e+00,0.000000e+00,0.000000e+00,0.000000e+00,0.000000e+00,0.000000e+00,0.000000e+00,0.000000e+00,0.000000e+00,0.000000e+00,0.000000e+00,0.000000e+00,0.000000e+00,0.000000e+00,0.000000e+00,0.000000e+00,0.000000e+00,0.000000e+00,0.000000e+00,1.659459e-04,5.558079e-05,-1.131275e-02,-1.081322e-04,2.083943e-04,-7.058954e-05,6.579185e-08,5.791421e-07,1.312734e-01,8.071545e-04,1.256074e-06,-6.424593e-09,6.898822e-07,1.215497e-06,-3.081676e+00,-4.994114e-03,3.484695e-02,-2.697391e+03,0.000000e+00,0.000000e+00,0.000000e+00,1.538816e-03,5.211647e-03,-2.365328e-04,0.000000e+00,0.000000e+00,0.000000e+00
1.150670e-03,3.180185e+02,1.609317e+04,-9.158451e-04,5.200315e-05,-1.201292e+01,1.023747e-01,1.182654e-06,4.063252e-04,0.000000e+00,0.000000e+00,6.806268e+00,0.000000e+00,0.000000e+00,0.000000e+00,0.000000e+00,0.000000e+00,0.000000e+00,0.000000e+00,0.000000e+00,0.000000e+00,0.000000e+00,0.000000e+00,0.000000e+00,0.000000e+00,0.000000e+00,0.000000e+00,0.000000e+00,0.000000e+00,0.000000e+00,0.000000e+00,0.000000e+00,0.000000e+00,0.000000e+00,0.000000e+00,0.000000e+00,0.000000e+00,0.000000e+00,0.000000e+00,0.000000e+00,0.000000e+00,0.000000e+00,0.000000e+00,0.000000e+00,0.000000e+00,0.000000e+00,0.000000e+00,0.000000e+00,0.000000e+00,3.180185e+02,3.891840e+03,-5.095704e-04,-9.194705e-05,-2.956898e+00,1.136610e-03,0.000000e+00,0.000000e+00,0.000000e+00,0.000000e+00,0.000000e+00,0.000000e+00,0.000000e+00,0.000000e+00,0.000000e+00,0.000000e+00,0.000000e+00,0.000000e+00,0.000000e+00,0.000000e+00,0.000000e+00,0.000000e+00,0.000000e+00,0.000000e+00,0.000000e+00,0.000000e+00,0.000000e+00,-4.629417e+03,-7.951149e+01,-3.637782e+03,1.424839e-04,6.236773e-05,-1.391729e-02,6.626126e-05,1.937809e-04,-9.229089e-05,6.825439e-08,5.805376e-07,1.355895e-01,9.447942e-04,-2.556601e-05,-6.548874e-09,3.732921e-07,1.568690e-06,-3.106672e+00,-4.233951e-02,3.653505e-02,-2.696721e+03,8.357039e+02,7.951108e+01,5.828083e+03,1.718256e-03,7.733698e-03,-2.607337e-04,2.367500e+00,-1.815420e+01,-2.225396e-01
1.160930e-03,3.297902e+02,1.608321e+04,-1.076044e-03,6.550772e-05,-1.200832e+01,1.023747e-01,1.183257e-06,3.666424e-04,0.000000e+00,0.000000e+00,7.399382e+00,0.000000e+00,0.000000e+00,0.000000e+00,0.000000e+00,0.000000e+00,0.000000e+00,0.000000e+00,0.000000e+00,0.000000e+00,0.000000e+00,0.000000e+00,0.000000e+00,0.000000e+00,0.000000e+00,0.000000e+00,0.000000e+00,0.000000e+00,0.000000e+00,0.000000e+00,0.000000e+00,0.000000e+00,0.000000e+00,0.000000e+00,0.000000e+00,0.000000e+00,0.000000e+00,0.000000e+00,0.000000e+00,0.000000e+00,0.000000e+00,0.000000e+00,0.000000e+00,0.000000e+00,0.000000e+00,0.000000e+00,0.000000e+00,0.000000e+00,3.297902e+02,3.885279e+03,-7.200982e-04,-9.804949e-05,-2.954108e+00,1.136610e-03,0.000000e+00,0.000000e+00,0.000000e+00,0.000000e+00,0.000000e+00,0.000000e+00,0.000000e+00,0.000000e+00,0.000000e+00,0.000000e+00,0.000000e+00,0.000000e+00,0.000000e+00,0.000000e+00,0.000000e+00,0.000000e+00,0.000000e+00,0.000000e+00,0.000000e+00,0.000000e+00,0.000000e+00,-4.122817e-04,1.292048e-11,7.140934e-04,2.554216e-04,5.334265e-05,-1.612621e-02,2.600440e-05,1.974394e-04,-9.453484e-05,7.144406e-08,5.830198e-07,1.402118e-01,1.096239e-03,-3.986106e-05,-6.682428e-09,1.078776e-07,1.940145e-06,-3.134340e+00,5.560900e-03,3.565650e-02,-2.696164e+03,-8.245638e-04,0.000000e+00,0.000000e+00,1.691228e-03,7.328132e-03,-2.568069e-04,0.000000e+00,0.000000e+00,0.000000e+00
1.170578e-03,3.415880e+02,1.607117e+04,-1.229567e-03,9.733489e-05,-1.200388e+01,1.023748e-01,1.300919e-06,4.568931e-04,0.000000e+00,0.000000e+00,8.020115e+00,0.000000e+00,0.000000e+00,0.000000e+00,0.000000e+00,0.000000e+00,0.000000e+00,0.000000e+00,0.000000e+00,0.000000e+00,0.000000e+00,0.000000e+00,0.000000e+00,0.000000e+00,0.000000e+00,0.000000e+00,0.000000e+00,0.000000e+00,0.000000e+00,0.000000e+00,0.000000e+00,0.000000e+00,0.000000e+00,0.000000e+00,0.000000e+00,0.000000e+00,0.000000e+00,0.000000e+00,0.000000e+00,0.000000e+00,0.000000e+00,0.000000e+00,0.000000e+00,0.000000e+00,0.000000e+00,0.000000e+00,0.000000e+00,0.000000e+00,3.415880e+02,3.878898e+03,-8.603550e-04,9.703706e-05,-2.951734e+00,1.136610e-03,0.000000e+00,0.000000e+00,0.000000e+00,0.000000e+00,0.000000e+00,0.000000e+00,0.000000e+00,0.000000e+00,0.000000e+00,0.000000e+00,0.000000e+00,0.000000e+00,0.000000e+00,0.000000e+00,0.000000e+00,0.000000e+00,0.000000e+00,0.000000e+00,0.000000e+00,0.000000e+00,0.000000e+00,-4.485447e+04,-5.257463e+03,-3.339328e+04,3.071652e-04,-1.085350e-05,-1.810907e-02,-7.012761e-05,4.535817e-04,-1.098040e-04,7.432053e-08,5.846259e-07,1.447232e-01,1.248496e-03,-9.968961e-05,-6.765516e-09,2.368537e-07,1.995557e-06,-3.160349e+00,6.799330e-03,-3.513465e-02,-2.695635e+03,6.492210e+03,5.257458e+03,5.554175e+04,-1.418688e-03,8.307532e-03,2.263836e-04,2.574517e+02,-7.734531e+01,-4.058822e+01
1.180963e-03,3.554892e+02,1.605694e+04,-1.420708e-03,1.688341e-04,-1.199896e+01,1.023748e-01,9.774000e-07,6.469542e-04,0.000000e+00,0.000000e+00,9.435578e+00,0.000000e+00,0.000000e+00,0.000000e+00,0.000000e+00,0.000000e+00,0.000000e+00,0.000000e+00,0.000000e+00,0.000000e+00,0.000000e+00,0.000000e+00,0.000000e+00,0.000000e+00,0.000000e+00,0.000000e+00,0.000000e+00,0.000000e+00,0.000000e+00,0.000000e+00,0.000000e+00,0.000000e+00,0.000000e+00,0.000000e+00,0.000000e+00,0.000000e+00,0.000000e+00,0.000000e+00,0.000000e+00,0.000000e+00,0.000000e+00,0.000000e+00,0.000000e+00,0.000000e+00,0.000000e+00,0.000000e+00,0.000000e+00,0.000000e+00,3.554892e+02,3.874512e+03,-1.092562e-03,1.522939e-04,-2.950311e+00,1.136610e-03,0.000000e+00,0.000000e+00,0.000000e+00,0.000000e+00,0.000000e+00,0.000000e+00,0.000000e+00,0.000000e+00,0.000000e+00,0.000000e+00,0.000000e+00,0.000000e+00,0.000000e+00,0.000000e+00,0.000000e+00,0.000000e+00,0.000000e+00,0.000000e+00,0.000000e+00,0.000000e+00,0.000000e+00,-1.147058e+05,-8.620820e+03,-8.326802e+04,3.931187e-04,1.652352e-05,-2.283440e-02,-4.035897e-04,3.632499e-04,-1.294536e-04,7.647456e-08,5.855976e-07,1.496775e-01,1.451936e-03,-1.494229e-04,-6.615720e-09,6.539952e-07,1.816602e-06,-3.188338e+00,9.964691e-03,-2.128176e-02,-2.694344e+03,1.475938e+04,8.620809e+03,1.409721e+05,-6.220186e-04,9.891028e-03,1.080090e-04,4.615281e+02,2.715357e+01,-6.474297e+01
1.190064e-03,3.703638e+02,1.604297e+04,-1.563932e-03,1.899856e-04,-1.199452e+01,1.023749e-01,9.785531e-07,9.481693e-04,0.000000e+00,0.000000e+00,9.284423e+00,0.000000e+00,0.000000e+00,0.000000e+00,0.000000e+00,0.000000e+00,0.000000e+00,0.000000e+00,0.000000e+00,0.000000e+00,0.000000e+00,0.000000e+00,0.000000e+00,0.000000e+00,0.000000e+00,0.000000e+00,0.000000e+00,0.000000e+00,0.000000e+00,0.000000e+00,0.000000e+00,0.000000e+00,0.000000e+00,0.000000e+00,0.000000e+00,0.000000e+00,0.000000e+00,0.000000e+00,0.000000e+00,0.000000e+00,0.000000e+00,0.000000e+00,0.000000e+00,0.000000e+00,0.000000e+00,0.000000e+00,0.000000e+00,0.000000e+00,3.703638e+02,3.869068e+03,-1.190735e-03,2.654138e-04,-2.948742e+00,1.136610e-03,0.000000e+00,0.000000e+00,0.000000e+00,0.000000e+00,0.000000e+00,0.000000e+00,0.000000e+00,0.000000e+00,0.000000e+00,0.000000e+00,0.000000e+00,0.000000e+00,0.000000e+00,0.000000e+00,0.000000e+00,0.000000e+00,0.000000e+00,0.000000e+00,0.000000e+00,0.000000e+00,0.000000e+00,-6.705753e+04,-2.984686e+03,-3.442748e+04,4.200735e-04,-4.242553e-05,-2.488497e-02,-3.388028e-04,5.659486e-04,-1.490938e-04,7.885527e-08,5.858084e-07,1.541143e-01,1.588809e-03,-1.814009e-04,-6.637013e-09,7.948566e-07,1.666132e-06,-3.212856e+00,-3.126150e-03,-5.896129e-02,-2.693677e+03,-3.713654e+03,2.984680e+03,7.528727e+04,-2.313506e-03,1.171994e-02,3.536191e-04,-4.142039e+01,2.472932e+02,3.370893e+00
1.200644e-03,3.864012e+02,1.602682e+04,-1.695358e-03,1.538875e-04,-1.198924e+01,1.023749e-01,1.182654e-06,9.340494e-04,0.000000e+00,0.000000e+00,1.107850e+01,0.000000e+00,0.000000e+00,0.000000e+00,0.000000e+00,0.000000e+00,0.000000e+00,0.000000e+00,0.000000e+00,0.000000e+00,0.000000e+00,0.000000e+00,0.000000e+00,0.000000e+00,0.000000e+00,0.000000e+00,0.000000e+00,0.000000e+00,0.000000e+00,0.000000e+00,0.000000e+00,0.000000e+00,0.000000e+00,0.000000e+00,0.000000e+00,0.000000e+00,0.000000e+00,0.000000e+00,0.000000e+00,0.000000e+00,0.000000e+00,0.000000e+00,0.000000e+00,0.000000e+00,0.000000e+00,0.000000e+00,0.000000e+00,0.000000e+00,3.864012e+02,3.863078e+03,-1.335813e-03,2.385794e-04,-2.946712e+00,1.136610e-03,0.000000e+00,0.000000e+00,0.000000e+00,0.000000e+00,0.000000e+00,0.000000e+00,0.000000e+00,0.000000e+00,0.000000e+00,0.000000e+00,0.000000e+00,0.000000e+00,0.000000e+00,0.000000e+00,0.000000e+00,0.000000e+00,0.000000e+00,0.000000e+00,0.000000e+00,0.000000e+00,0.000000e+00,-1.264746e+05,-2.157007e+04,-6.503409e+04,5.568556e-04,-1.133743e-05,-2.818670e-02,-3.816017e-04,4.513967e-04,-1.814978e-04,8.194704e-08,5.863745e-07,1.593913e-01,1.712288e-03,-1.410381e-04,-6.593356e-09,8.201065e-07,1.086471e-06,-3.241352e+00,2.839419e-02,-5.125413e-02,-2.692876e+03,-6.916042e+03,2.157006e+04,1.420473e+05,-2.130699e-03,1.157648e-02,3.292123e-04,9.162299e+02,4.716965e+02,-1.421215e+02
1.210759e-03,4.048695e+02,1.600932e+04,-1.595071e-03,1.184916e-04,-1.198310e+01,1.023749e-01,9.779662e-07,1.739538e-03,0.000000e+00,0.000000e+00,1.093810e+01,0.000000e+00,0.000000e+00,0.000000e+00,0.000000e+00,0.000000e+00,0.000000e+00,0.000000e+00,0.000000e+00,0.000000e+00,0.000000e+00,0.000000e+00,0.000000e+00,0.000000e+00,0.000000e+00,0.000000e+00,0.000000e+00,0.000000e+00,0.000000e+00,0.000000e+00,0.000000e+00,0.000000e+00,0.000000e+00,0.000000e+00,0.000000e+00,0.000000e+00,0.000000e+00,0.000000e+00,0.000000e+00,0.000000e+00,0.000000e+00,0.000000e+00,0.000000e+00,0.000000e+00,0.000000e+00,0.000000e+00,0.000000e+00,0.000000e+00,4.048695e+02,3.857644e+03,-1.133249e-03,8.663197e-05,-2.945225e+00,1.136610e-03,0.000000e+00,0.000000e+00,0.000000e+00,0.000000e+00,0.000000e+00,0.000000e+00,0.000000e+00,0.000000e+00,0.000000e+00,0.000000e+00,0.000000e+00,0.000000e+00,0.000000e+00,0.000000e+00,0.000000e+00,0.000000e+00,0.000000e+00,0.000000e+00,0.000000e+00,0.000000e+00,0.000000e+00,-5.549925e+04,-5.232042e+03,-4.199834e+04,5.834458e-04,1.039875e-04,-3.274395e-02,-2.991921e-04,2.259311e-04,-2.102222e-04,8.258463e-08,5.863806e-07,1.655914e-01,1.610746e-03,-1.048614e-04,-6.862392e-09,5.722796e-07,1.362243e-06,-3.268581e+00,-3.173015e-02,1.912696e-02,-2.691464e+03,8.622054e+03,5.232038e+03,6.906292e+04,1.399868e-03,1.629577e-02,-1.880545e-04,2.769884e+02,-1.952247e+02,-3.760266e+01
1.220542e-03,4.219327e+02,1.599209e+04,-1.807447e-03,7.293942e-05,-1.197764e+01,1.023749e-01,9.801519e-07,2.109573e-03,0.000000e+00,0.000000e+00,1.149752e+01,0.000000e+00,0.000000e+00,0.000000e+00,0.000000e+00,0.000000e+00,0.000000e+00,0.000000e+00,0.000000e+00,0.000000e+00,0.000000e+00,0.000000e+00,0.000000e+00,0.000000e+00,0.000000e+00,0.000000e+00,0.000000e+00,0.000000e+00,0.000000e+00,0.000000e+00,0.000000e+00,0.000000e+00,0.000000e+00,0.000000e+00,0.000000e+00,0.000000e+00,0.000000e+00,0.000000e+00,0.000000e+00,0.000000e+00,0.000000e+00,0.000000e+00,0.000000e+00,0.000000e+00,0.000000e+00,0.000000e+00,0.000000e+00,0.000000e+00,4.219327e+02,3.850167e+03,-1.291497e-03,4.265504e-05,-2.943216e+00,1.136610e-03,0.000000e+00,0.000000e+00,0.000000e+00,0.000000e+00,0.000000e+00,0.000000e+00,0.000000e+00,0.000000e+00,0.000000e+00,0.000000e+00,0.000000e+00,0.000000e+00,0.000000e+00,0.000000e+00,0.000000e+00,0.000000e+00,0.000000e+00,0.000000e+00,0.000000e+00,0.000000e+00,0.000000e+00,-8.440741e+04,-1.604104e+04,-4.762056e+04,6.656264e-04,3.801033e-05,-3.587848e-02,-3.575943e-04,3.270537e-04,-2.338804e-04,8.591466e-08,5.871667e-07,1.710499e-01,1.832489e-03,-5.892375e-05,-7.145675e-09,4.685553e-07,1.506983e-06,-3.294908e+00,-3.683807e-02,-1.046187e-02,-2.690539e+03,-9.630012e+02,1.604103e+04,9.690925e+04,-1.893870e-04,1.777521e-02,3.262863e-06,6.812598e+02,2.428834e+02,-1.087464e+02
1.230963e-03,4.382460e+02,1.597356e+04,-1.963076e-03,4.318672e-05,-1.197144e+01,1.023749e-01,9.839363e-07,2.303418e-03,0.000000e+00,0.000000e+00,1.457475e+01,0.000000e+00,0.000000e+00,0.000000e+00,0.000000e+00,0.000000e+00,0.000000e+00,0.000000e+00,0.000000e+00,0.000000e+00,0.000000e+00,0.000000e+00,0.000000e+00,0.000000e+00,0.000000e+00,0.000000e+00,0.000000e+00,0.000000e+00,0.000000e+00,0.000000e+00,0.000000e+00,0.000000e+00,0.000000e+00,0.000000e+00,0.000000e+00,0.000000e+00,0.000000e+00,0.000000e+00,0.000000e+00,0.000000e+00,0.000000e+00,0.000000e+00,0.000000e+00,0.000000e+00,0.000000e+00,0.000000e+00,0.000000e+00,0.000000e+00,4.382460e+02,3.841801e+03,-1.438574e-03,2.484788e-05,-2.940489e+00,1.136610e-03,0.000000e+00,0.000000e+00,0.000000e+00,0.000000e+00,0.000000e+00,0.000000e+00,0.000000e+00,0.000000e+00,0.000000e+00,0.000000e+00,0.000000e+00,0.000000e+00,0.000000e+00,0.000000e+00,0.000000e+00,0.000000e+00,0.000000e+00,0.000000e+00,0.000000e+00,0.000000e+00,0.000000e+00,-2.285556e+05,-1.965434e+02,-1.354419e+05,8.008485e-04,1.898964e-05,-3.931584e-02,-4.370096e-04,3.759082e-04,-2.491800e-04,9.053049e-08,5.885845e-07,1.772981e-01,1.978672e-03,-3.413694e-05,-7.581511e-09,7.683284e-08,1.595003e-06,-3.322943e+00,-1.688169e-02,1.567771e-03,-2.689656e+03,3.018637e+03,1.965192e+02,2.656559e+05,6.220222e-05,1.859478e-02,-2.121991e-05,5.900024e+00,2.125711e+02,-8.360408e-01
1.240092e-03,4.527327e+02,1.596093e+04,-2.120184e-03,7.655492e-05,-1.196568e+01,1.023749e-01,9.774000e-07,2.971718e-03,0.000000e+00,0.000000e+00,1.308833e+01,0.000000e+00,0.000000e+00,0.000000e+00,0.000000e+00,0.000000e+00,0.000000e+00,0.000000e+00,0.000000e+00,0.000000e+00,0.000000e+00,0.000000e+00,0.000000e+00,0.000000e+00,0.000000e+00,0.000000e+00,0.000000e+00,0.000000e+00,0.000000e+00,0.000000e+00,0.000000e+00,0.000000e+00,0.000000e+00,0.000000e+00,0.000000e+00,0.000000e+00,0.000000e+00,0.000000e+00,0.000000e+00,0.000000e+00,0.000000e+00,0.000000e+00,0.000000e+00,0.000000e+00,0.000000e+00,0.000000e+00,0.000000e+00,0.000000e+00,4.527327e+02,3.837405e+03,-1.481391e-03,4.731124e-05,-2.938261e+00,1.136610e-03,0.000000e+00,0.000000e+00,0.000000e+00,0.000000e+00,0.000000e+00,0.000000e+00,0.000000e+00,0.000000e+00,0.000000e+00,0.000000e+00,0.000000e+00,0.000000e+00,0.000000e+00,0.000000e+00,0.000000e+00,0.000000e+00,0.000000e+00,0.000000e+00,0.000000e+00,0.000000e+00,0.000000e+00,-2.047669e+05,1.124081e+04,-1.086177e+05,8.511743e-04,1.657077e-05,-4.239456e-02,-3.911491e-04,4.137400e-04,-2.745646e-04,9.297731e-08,5.889624e-07,1.830245e-01,2.138351e-03,-5.458241e-05,-8.003648e-09,-3.870802e-07,1.685523e-06,-3.347492e+00,-5.756843e-02,1.400135e-03,-2.688714e+03,-8.317479e+03,-1.124083e+04,2.316422e+05,2.681130e-04,2.090634e-02,-5.314777e-05,-4.544209e+02,6.802028e+02,6.974921e+01
1.250956e-03,4.737635e+02,1.594073e+04,-2.367828e-03,5.564312e-05,-1.195885e+01,1.023750e-01,1.077972e-06,4.010302e-03,0.000000e+00,0.000000e+00,1.293081e+01,0.000000e+00,0.000000e+00,0.000000e+00,0.000000e+00,0.000000e+00,0.000000e+00,0.000000e+00,0.000000e+00,0.000000e+00,0.000000e+00,0.000000e+00,0.000000e+00,0.000000e+00,0.000000e+00,0.000000e+00,0.000000e+00,0.000000e+00,0.000000e+00,0.000000e+00,0.000000e+00,0.000000e+00,0.000000e+00,0.000000e+00,0.000000e+00,0.000000e+00,0.000000e+00,0.000000e+00,0.000000e+00,0.000000e+00,0.000000e+00,0.000000e+00,0.000000e+00,0.000000e+00,0.000000e+00,0.000000e+00,0.000000e+00,0.000000e+00,4.737635e+02,3.833856e+03,-1.590403e-03,9.316433e-05,-2.937540e+00,1.136610e-03,0.000000e+00,0.000000e+00,0.000000e+00,0.000000e+00,0.000000e+00,0.000000e+00,0.000000e+00,0.000000e+00,0.000000e+00,0.000000e+00,0.000000e+00,0.000000e+00,0.000000e+00,0.000000e+00,0.000000e+00,0.000000e+00,0.000000e+00,0.000000e+00,0.000000e+00,0.000000e+00,0.000000e+00,0.000000e+00,0.000000e+00,0.000000e+00,9.649337e-04,3.528847e-05,-4.788610e-02,-2.862764e-04,4.271357e-04,-3.131540e-04,9.451430e-08,5.898102e-07,1.899190e-01,2.374039e-03,-4.534967e-05,-8.433437e-09,-1.309440e-06,1.475851e-06,-3.376689e+00,-8.576503e-02,-1.850636e-02,-2.686818e+03,0.000000e+00,0.000000e+00,0.000000e+00,-3.068828e-04,2.467126e-02,6.184771e-05,0.000000e+00,0.000000e+00,0.000000e+00
1.260297e-03,4.894131e+02,1.592394e+04,-2.500712e-03,5.426667e-05,-1.195237e+01,1.023750e-01,9.788005e-07,4.825250e-03,0.000000e+00,0.000000e+00,1.513657e+01,0.000000e+00,0.000000e+00,0.000000e+00,0.000000e+00,0.000000e+00,0.000000e+00,0.000000e+00,0.000000e+00,0.000000e+00,0.000000e+00,0.000000e+00,0.000000e+00,0.000000e+00,0.000000e+00,0.000000e+00,0.000000e+00,0.000000e+00,0.000000e+00,0.000000e+00,0.000000e+00,0.000000e+00,0.000000e+00,0.000000e+00,0.000000e+00,0.000000e+00,0.000000e+00,0.000000e+00,0.000000e+00,0.000000e+00,0.000000e+00,0.000000e+00,0.000000e+00,0.000000e+00,0.000000e+00,0.000000e+00,0.000000e+00,0.000000e+00,4.894131e+02,3.824864e+03,-1.698297e-03,1.292014e-04,-2.933896e+00,1.136609e-03,0.000000e+00,0.000000e+00,0.000000e+00,0.000000e+00,0.000000e+00,0.000000e+00,0.000000e+00,0.000000e+00,0.000000e+00,0.000000e+00,0.000000e+00,0.000000e+00,0.000000e+00,0.000000e+00,0.000000e+00,0.000000e+00,0.000000e+00,0.000000e+00,0.000000e+00,0.000000e+00,0.000000e+00,-3.122234e+05,-2.866413e+03,-1.637763e+05,1.019921e-03,1.418068e-05,-5.166703e-02,-2.977443e-04,5.016825e-04,-3.246004e-04,9.640229e-08,5.915792e-07,1.963409e-01,2.507013e-03,-4.478435e-05,-8.927756e-09,-2.121706e-06,1.282660e-06,-3.401784e+00,-9.483702e-02,-3.690572e-02,-2.686107e+03,-1.427666e+04,2.866382e+03,3.522816e+05,-1.139504e-03,2.654165e-02,1.855767e-04,1.304060e+02,1.024706e+03,-1.254998e+01
1.270380e-03,5.109898e+02,1.590398e+04,-2.641998e-03,3.187197e-05,-1.194584e+01,1.023750e-01,1.300919e-06,6.412861e-03,0.000000e+00,0.000000e+00,1.376744e+01,0.000000e+00,0.000000e+00,0.000000e+00,0.000000e+00,0.000000e+00,0.000000e+00,0.000000e+00,0.000000e+00,0.000000e+00,0.000000e+00,0.000000e+00,0.000000e+00,0.000000e+00,0.000000e+00,0.000000e+00,0.000000e+00,0.000000e+00,0.000000e+00,0.000000e+00,0.000000e+00,0.000000e+00,0.000000e+00,0.000000e+00,0.000000e+00,0.000000e+00,0.000000e+00,0.000000e+00,0.000000e+00,0.000000e+00,0.000000e+00,0.000000e+00,0.000000e+00,0.000000e+00,0.000000e+00,0.000000e+00,0.000000e+00,0.000000e+00,5.109898e+02,3.821215e+03,-1.670370e-03,1.089170e-04,-2.933191e+00,1.136609e-03,0.000000e+00,0.000000e+00,0.000000e+00,0.000000e+00,0.000000e+00,0.000000e+00,0.000000e+00,0.000000e+00,0.000000e+00,0.000000e+00,0.000000e+00,0.000000e+00,0.000000e+00,0.000000e+00,0.000000e+00,0.000000e+00,0.000000e+00,0.000000e+00,0.000000e+00,0.000000e+00,0.000000e+00,-5.999865e-03,2.096458e-10,1.039212e-02,1.129200e-03,1.169197e-05,-5.681870e-02,-2.512446e-04,4.750099e-04,-3.533748e-04,9.911325e-08,5.924562e-07,2.028191e-01,2.643290e-03,-2.202852e-05,-9.310733e-09,-3.601095e-06,1.065501e-06,-3.428854e+00,-1.630014e-01,-2.562298e-02,-2.684207e+03,-1.199978e-02,0.000000e+00,0.000000e+00,-8.043591e-04,3.119274e-02,1.198162e-04,0.000000e+00,0.000000e+00,5.859265e-06
1.280492e-03,5.306031e+02,1.588327e+04,-2.729923e-03,2.853361e-05,-1.193873e+01,1.023750e-01,9.774000e-07,7.794570e-03,0.000000e+00,0.000000e+00,1.578914e+01,0.000000e+00,0.000000e+00,0.000000e+00,0.000000e+00,0.000000e+00,0.000000e+00,0.000000e+00,0.000000e+00,0.000000e+00,0.000000e+00,0.000000e+00,0.000000e+00,0.000000e+00,0.000000e+00,0.000000e+00,0.000000e+00,0.000000e+00,0.000000e+00,0.000000e+00,0.000000e+00,0.000000e+00,0.000000e+00,0.000000e+00,0.000000e+00,0.000000e+00,0.000000e+00,0.000000e+00,0.000000e+00,0.000000e+00,0.000000e+00,0.000000e+00,0.000000e+00,0.000000e+00,0.000000e+00,0.000000e+00,0.000000e+00,0.000000e+00,5.306031e+02,3.817290e+03,-1.647454e-03,7.770095e-05,-2.932132e+00,1.136610e-03,0.000000e+00,0.000000e+00,0.000000e+00,0.000000e+00,0.000000e+00,0.000000e+00,0.000000e+00,0.000000e+00,0.000000e+00,0.000000e+00,0.000000e+00,0.000000e+00,0.000000e+00,0.000000e+00,0.000000e+00,0.000000e+00,0.000000e+00,0.000000e+00,0.000000e+00,0.000000e+00,0.000000e+00,-2.269099e+05,1.094052e+04,-1.379982e+05,1.291989e-03,3.867641e-05,-6.335140e-02,-2.019613e-04,4.415714e-04,-4.183468e-04,1.019466e-07,5.946395e-07,2.100264e-01,2.761985e-03,-1.968992e-05,-9.668734e-09,-5.589404e-06,9.238271e-07,-3.455988e+00,-2.025437e-01,-1.215990e-02,-2.682499e+03,6.055668e+03,-1.094054e+04,2.655088e+05,4.139772e-05,3.437825e-02,4.172265e-05,-4.017829e+02,3.806093e+01,6.085108e+01
1.290287e-03,5.513011e+02,1.586260e+04,-2.941440e-03,1.113754e-05,-1.193125e+01,1.023750e-01,9.774000e-07,9.181049e-03,0.000000e+00,0.000000e+00,1.594783e+01,0.000000e+00,0.000000e+00,0.000000e+00,0.000000e+00,0.000000e+00,0.000000e+00,0.000000e+00,0.000000e+00,0.000000e+00,0.000000e+00,0.000000e+00,0.000000e+00,0.000000e+00,0.000000e+00,0.000000e+00,0.000000e+00,0.000000e+00,0.000000e+00,0.000000e+00,0.000000e+00,0.000000e+00,0.000000e+00,0.000000e+00,0.000000e+00,0.000000e+00,0.000000e+00,0.000000e+00,0.000000e+00,0.000000e+00,0.000000e+00,0.000000e+00,0.000000e+00,0.000000e+00,0.000000e+00,0.000000e+00,0.000000e+00,0.000000e+00,5.513011e+02,3.811261e+03,-1.788219e-03,1.096553e-04,-2.930417e+00,1.136610e-03,0.000000e+00,0.000000e+00,0.000000e+00,0.000000e+00,0.000000e+00,0.000000e+00,0.000000e+00,0.000000e+00,0.000000e+00,0.000000e+00,0.000000e+00,0.000000e+00,0.000000e+00,0.000000e+00,0.000000e+00,0.000000e+00,0.000000e+00,0.000000e+00,0.000000e+00,0.000000e+00,0.000000e+00,-1.565529e+05,-4.121333e+03,-8.052136e+04,1.464506e-03,-2.641990e-05,-6.870448e-02,-2.327556e-04,5.463333e-04,-4.457472e-04,1.059514e-07,5.966688e-07,2.175038e-01,2.972519e-03,-7.306770e-06,-9.950241e-09,-7.573457e-06,6.772860e-07,-3.482255e+00,-2.290567e-01,-4.160600e-02,-2.680790e+03,-8.542418e+03,4.121320e+03,1.758395e+05,-1.616599e-03,3.709491e-02,2.315306e-04,2.711808e+01,4.355129e+02,-1.263728e+01
1.300413e-03,5.728126e+02,1.584050e+04,-3.051319e-03,5.870996e-05,-1.192227e+01,1.023750e-01,9.789588e-07,1.246114e-02,0.000000e+00,0.000000e+00,1.741782e+01,0.000000e+00,0.000000e+00,0.000000e+00,0.000000e+00,0.000000e+00,0.000000e+00,0.000000e+00,0.000000e+00,0.000000e+00,0.000000e+00,0.000000e+00,0.000000e+00,0.000000e+00,0.000000e+00,0.000000e+00,0.000000e+00,0.000000e+00,0.000000e+00,0.000000e+00,0.000000e+00,0.000000e+00,0.000000e+00,0.000000e+00,0.000000e+00,0.000000e+00,0.000000e+00,0.000000e+00,0.000000e+00,0.000000e+00,0.000000e+00,0.000000e+00,0.000000e+00,0.000000e+00,0.000000e+00,0.000000e+00,0.000000e+00,0.000000e+00,5.728126e+02,3.806925e+03,-1.670843e-03,9.670068e-05,-2.928165e+00,1.136610e-03,0.000000e+00,0.000000e+00,0.000000e+00,0.000000e+00,0.000000e+00,0.000000e+00,0.000000e+00,0.000000e+00,0.000000e+00,0.000000e+00,0.000000e+00,0.000000e+00,0.000000e+00,0.000000e+00,0.000000e+00,0.000000e+00,0.000000e+00,0.000000e+00,0.000000e+00,0.000000e+00,0.000000e+00,-1.719718e+05,-4.173441e+03,-9.575970e+04,1.495287e-03,4.358835e-05,-7.483424e-02,1.879810e-05,3.827987e-04,-4.995740e-04,1.067640e-07,5.985098e-07,2.265791e-01,3.057183e-03,-4.064249e-05,-1.035188e-08,-1.032368e-05,4.026772e-07,-3.509392e+00,-3.320647e-01,-5.062253e-03,-2.679007e+03,-3.054922e+03,4.173429e+03,1.968118e+05,1.513033e-04,4.329404e-02,-7.243016e-06,3.043095e+02,4.020749e+02,-4.913614e+01
1.310857e-03,5.957633e+02,1.581774e+04,-3.051955e-03,3.958919e-05,-1.191399e+01,1.023751e-01,9.774000e-07,1.280290e-02,0.000000e+00,0.000000e+00,1.766214e+01,0.000000e+00,0.000000e+00,0.000000e+00,0.000000e+00,0.000000e+00,0.000000e+00,0.000000e+00,0.000000e+00,0.000000e+00,0.000000e+00,0.000000e+00,0.000000e+00,0.000000e+00,0.000000e+00,0.000000e+00,0.000000e+00,0.000000e+00,0.000000e+00,0.000000e+00,0.000000e+00,0.000000e+00,0.000000e+00,0.000000e+00,0.000000e+00,0.000000e+00,0.000000e+00,0.000000e+00,0.000000e+00,0.000000e+00,0.000000e+00,0.000000e+00,0.000000e+00,0.000000e+00,0.000000e+00,0.000000e+00,0.000000e+00,0.000000e+00,5.957633e+02,3.796829e+03,-1.650640e-03,8.071680e-05,-2.924503e+00,1.136610e-03,0.000000e+00,0.000000e+00,0.000000e+00,0.000000e+00,0.000000e+00,0.000000e+00,0.000000e+00,0.000000e+00,0.000000e+00,0.000000e+00,0.000000e+00,0.000000e+00,0.000000e+00,0.000000e+00,0.000000e+00,0.000000e+00,0.000000e+00,0.000000e+00,0.000000e+00,0.000000e+00,0.000000e+00,-2.592706e+05,-1.903608e+04,-1.434530e+05,1.660189e-03,6.351533e-05,-7.948237e-02,-1.987903e-04,3.295983e-04,-5.388873e-04,1.084488e-07,6.007432e-07,2.348259e-01,3.062111e-03,-3.571828e-05,-1.045613e-08,-1.366918e-05,2.715173e-07,-3.537365e+00,-3.027991e-01,-1.051971e-02,-2.677702e+03,-5.400250e+03,1.903606e+04,2.962615e+05,7.693714e-05,4.390108e-02,1.696939e-05,1.024728e+03,3.688396e+02,-1.179827e+02
1.320650e-03,6.178866e+02,1.579489e+04,-3.056588e-03,2.503568e-05,-1.190549e+01,1.023751e-01,9.795231e-07,1.632496e-02,0.000000e+00,0.000000e+00,1.872115e+01,0.000000e+00,0.000000e+00,0.000000e+00,0.000000e+00,0.000000e+00,0.000000e+00,0.000000e+00,0.000000e+00,0.000000e+00,0.000000e+00,0.000000e+00,0.000000e+00,0.000000e+00,0.000000e+00,0.000000e+00,0.000000e+00,0.000000e+00,0.000000e+00,0.000000e+00,0.000000e+00,0.000000e+00,0.000000e+00,0.000000e+00,0.000000e+00,0.000000e+00,0.000000e+00,0.000000e+00,0.000000e+00,0.000000e+00,0.000000e+00,0.000000e+00,0.000000e+00,0.000000e+00,0.000000e+00,0.000000e+00,0.000000e+00,0.000000e+00,6.178866e+02,3.792684e+03,-1.528504e-03,1.149711e-04,-2.923084e+00,1.136610e-03,0.000000e+00,0.000000e+00,0.000000e+00,0.000000e+00,0.000000e+00,0.000000e+00,0.000000e+00,0.000000e+00,0.000000e+00,0.000000e+00,0.000000e+00,0.000000e+00,0.000000e+00,0.000000e+00,0.000000e+00,0.000000e+00,0.000000e+00,0.000000e+00,0.000000e+00,0.000000e+00,0.000000e+00,-1.803519e+05,-3.483202e+03,-8.616265e+04,1.755824e-03,4.294048e-05,-8.663187e-02,-1.174227e-04,4.905013e-04,-5.864163e-04,1.107453e-07,6.026781e-07,2.433970e-01,3.056260e-03,-9.038370e-06,-1.068753e-08,-1.703394e-05,-8.035905e-08,-3.563577e+00,-3.705844e-01,-3.715416e-02,-2.675458e+03,-1.555606e+04,3.483192e+03,1.992707e+05,-8.751659e-04,4.939635e-02,1.947834e-04,2.768722e+02,7.763885e+02,-3.461518e+01
1.330448e-03,6.416700e+02,1.577113e+04,-3.054588e-03,9.872431e-05,-1.189594e+01,1.023751e-01,9.774000e-07,1.885629e-02,0.000000e+00,0.000000e+00,1.952516e+01,0.000000e+00,0.000000e+00,0.000000e+00,0.000000e+00,0.000000e+00,0.000000e+00,0.000000e+00,0.000000e+00,0.000000e+00,0.000000e+00,0.000000e+00,0.000000e+00,0.000000e+00,0.000000e+00,0.000000e+00,0.000000e+00,0.000000e+00,0.000000e+00,0.000000e+00,0.000000e+00,0.000000e+00,0.000000e+00,0.000000e+00,0.000000e+00,0.000000e+00,0.000000e+00,0.000000e+00,0.000000e+00,0.000000e+00,0.000000e+00,0.000000e+00,0.000000e+00,0.000000e+00,0.000000e+00,0.000000e+00,0.000000e+00,0.000000e+00,6.416700e+02,3.787060e+03,-1.497243e-03,2.013200e-04,-2.920514e+00,1.136610e-03,0.000000e+00,0.000000e+00,0.000000e+00,0.000000e+00,0.000000e+00,0.000000e+00,0.000000e+00,0.000000e+00,0.000000e+00,0.000000e+00,0.000000e+00,0.000000e+00,0.000000e+00,0.000000e+00,0.000000e+00,0.000000e+00,0.000000e+00,0.000000e+00,0.000000e+00,0.000000e+00,0.000000e+00,-2.460310e+05,-1.566634e+03,-1.204011e+05,1.799305e-03,-3.918906e-06,-9.278595e-02,-6.660690e-05,5.914256e-04,-6.645089e-04,1.144501e-07,6.045065e-07,2.529630e-01,3.066196e-03,-8.725527e-05,-1.069007e-08,-2.054967e-05,-4.210785e-07,-3.589781e+00,-4.031053e-01,-5.251077e-02,-2.673655e+03,-1.874380e+04,1.566621e+03,2.732697e+05,-1.856244e-03,5.286160e-02,3.189832e-04,3.584018e+01,1.262181e+03,-2.124788e+01
1.340235e-03,6.686232e+02,1.574456e+04,-3.165008e-03,5.221525e-05,-1.188706e+01,1.023752e-01,9.800686e-07,2.105681e-02,0.000000e+00,0.000000e+00,1.967321e+01,0.000000e+00,0.000000e+00,0.000000e+00,0.000000e+00,0.000000e+00,0.000000e+00,0.000000e+00,0.000000e+00,0.000000e+00,0.000000e+00,0.000000e+00,0.000000e+00,0.000000e+00,0.000000e+00,0.000000e+00,0.000000e+00,0.000000e+00,0.000000e+00,0.000000e+00,0.000000e+00,0.000000e+00,0.000000e+00,0.000000e+00,0.000000e+00,0.000000e+00,0.000000e+00,0.000000e+00,0.000000e+00,0.000000e+00,0.000000e+00,0.000000e+00,0.000000e+00,0.000000e+00,0.000000e+00,0.000000e+00,0.000000e+00,0.000000e+00,6.686232e+02,3.781617e+03,-1.562071e-03,8.663349e-05,-2.918924e+00,1.136610e-03,0.000000e+00,0.000000e+00,0.000000e+00,0.000000e+00,0.000000e+00,0.000000e+00,0.000000e+00,0.000000e+00,0.000000e+00,0.000000e+00,0.000000e+00,0.000000e+00,0.000000e+00,0.000000e+00,0.000000e+00,0.000000e+00,0.000000e+00,0.000000e+00,0.000000e+00,0.000000e+00,0.000000e+00,-1.572254e+05,-5.834628e+03,-7.263723e+04,2.026007e-03,4.746385e-05,-1.006896e-01,-3.183742e-04,3.761032e-04,-7.238938e-04,1.172126e-07,6.070141e-07,2.618052e-01,3.171505e-03,-4.593151e-05,-1.086063e-08,-2.440647e-05,-6.233254e-07,-3.615934e+00,-4.021088e-01,-6.936986e-03,-2.671136e+03,-1.570613e+04,5.834620e+03,1.724799e+05,6.806338e-06,5.614817e-02,4.053592e-05,5.037787e+02,7.900530e+02,-5.530279e+01
1.350088e-03,6.930974e+02,1.571927e+04,-3.206965e-03,6.116470e-05,-1.187786e+01,1.023752e-01,9.800915e-07,2.380718e-02,0.000000e+00,0.000000e+00,2.068488e+01,0.000000e+00,0.000000e+00,0.000000e+00,0.000000e+00,0.000000e+00,0.000000e+00,0.000000e+00,0.000000e+00,0.000000e+00,0.000000e+00,0.000000e+00,0.000000e+00,0.000000e+00,0.000000e+00,0.000000e+00,0.000000e+00,0.000000e+00,0.000000e+00,0.000000e+00,0.000000e+00,0.000000e+00,0.000000e+00,0.000000e+00,0.000000e+00,0.000000e+00,0.000000e+00,0.000000e+00,0.000000e+00,0.000000e+00,0.000000e+00,0.000000e+00,0.000000e+00,0.000000e+00,0.000000e+00,0.000000e+00,0.000000e+00,0.000000e+00,6.930974e+02,3.772167e+03,-1.441884e-03,1.345833e-04,-2.915586e+00,1.136610e-03,0.000000e+00,0.000000e+00,0.000000e+00,0.000000e+00,0.000000e+00,0.000000e+00,0.000000e+00,0.000000e+00,0.000000e+00,0.000000e+00,0.000000e+00,0.000000e+00,0.000000e+00,0.000000e+00,0.000000e+00,0.000000e+00,0.000000e+00,0.000000e+00,0.000000e+00,0.000000e+00,0.000000e+00,-2.265487e+05,-7.020854e+03,-1.316618e+05,2.115364e-03,1.181677e-05,-1.053717e-01,-2.739860e-04,4.733397e-04,-7.609144e-04,1.213709e-07,6.093645e-07,2.710994e-01,3.204693e-03,-4.792768e-05,-1.065195e-08,-2.877763e-05,-8.186424e-07,-3.642243e+00,-4.651439e-01,-2.784842e-02,-2.669809e+03,7.496304e+02,7.020844e+03,2.620279e+05,-1.076632e-03,5.999251e-02,1.598268e-04,3.986938e+02,2.401018e+02,-5.121514e+01
1.360875e-03,7.200554e+02,1.569263e+04,-3.176766e-03,7.345735e-05,-1.186653e+01,1.023752e-01,9.950185e-07,2.740872e-02,0.000000e+00,0.000000e+00,2.084921e+01,0.000000e+00,0.000000e+00,0.000000e+00,0.000000e+00,0.000000e+00,0.000000e+00,0.000000e+00,0.000000e+00,0.000000e+00,0.000000e+00,0.000000e+00,0.000000e+00,0.000000e+00,0.000000e+00,0.000000e+00,0.000000e+00,0.000000e+00,0.000000e+00,0.000000e+00,0.000000e+00,0.000000e+00,0.000000e+00,0.000000e+00,0.000000e+00,0.000000e+00,0.000000e+00,0.000000e+00,0.000000e+00,0.000000e+00,0.000000e+00,0.000000e+00,0.000000e+00,0.000000e+00,0.000000e+00,0.000000e+00,0.000000e+00,0.000000e+00,7.200554e+02,3.770519e+03,-1.392507e-03,1.187578e-04,-2.914017e+00,1.136610e-03,0.000000e+00,0.000000e+00,0.000000e+00,0.000000e+00,0.000000e+00,0.000000e+00,0.000000e+00,0.000000e+00,0.000000e+00,0.000000e+00,0.000000e+00,0.000000e+00,0.000000e+00,0.000000e+00,0.000000e+00,0.000000e+00,0.000000e+00,0.000000e+00,0.000000e+00,0.000000e+00,0.000000e+00,-9.376563e+04,2.206136e+03,-5.238144e+04,2.277244e-03,1.533936e-05,-1.149118e-01,-4.084552e-04,4.835074e-04,-8.657921e-04,1.246346e-07,6.140311e-07,2.824167e-01,3.190937e-03,-6.149339e-05,-1.051307e-08,-3.382749e-05,-9.168136e-07,-3.671026e+00,-4.660499e-01,-2.255513e-02,-2.666737e+03,-1.518470e+03,-2.206140e+03,1.073941e+05,-7.203294e-04,6.438681e-02,1.186542e-04,-4.769331e+01,2.285902e+02,5.226223e+00
1.370692e-03,7.460270e+02,1.566619e+04,-3.249408e-03,4.915022e-05,-1.185704e+01,1.023752e-01,9.806175e-07,3.186071e-02,0.000000e+00,0.000000e+00,2.186730e+01,0.000000e+00,0.000000e+00,0.000000e+00,0.000000e+00,0.000000e+00,0.000000e+00,0.000000e+00,0.000000e+00,0.000000e+00,0.000000e+00,0.000000e+00,0.000000e+00,0.000000e+00,0.000000e+00,0.000000e+00,0.000000e+00,0.000000e+00,0.000000e+00,0.000000e+00,0.000000e+00,0.000000e+00,0.000000e+00,0.000000e+00,0.000000e+00,0.000000e+00,0.000000e+00,0.000000e+00,0.000000e+00,0.000000e+00,0.000000e+00,0.000000e+00,0.000000e+00,0.000000e+00,0.000000e+00,0.000000e+00,0.000000e+00,0.000000e+00,7.460270e+02,3.763149e+03,-1.324315e-03,1.033001e-04,-2.911529e+00,1.136610e-03,0.000000e+00,0.000000e+00,0.000000e+00,0.000000e+00,0.000000e+00,0.000000e+00,0.000000e+00,0.000000e+00,0.000000e+00,0.000000e+00,0.000000e+00,0.000000e+00,0.000000e+00,0.000000e+00,0.000000e+00,0.000000e+00,0.000000e+00,0.000000e+00,0.000000e+00,0.000000e+00,0.000000e+00,-1.477975e+05,7.805901e+02,-7.913062e+04,2.437871e-03,-1.172432e-06,-1.222945e-01,-4.472467e-04,5.042902e-04,-9.233370e-04,1.289245e-07,6.166198e-07,2.919715e-01,3.244489e-03,-4.752170e-05,-1.043930e-08,-3.878580e-05,-1.100128e-06,-3.697196e+00,-5.191228e-01,-2.481647e-02,-2.664561e+03,-5.368454e+03,-7.805955e+02,1.675618e+05,-9.564648e-04,6.942568e-02,1.364765e-04,2.424273e+01,2.304837e+02,-4.582972e+00
1.380478e-03,7.736814e+02,1.563724e+04,-3.224896e-03,4.132209e-05,-1.184607e+01,1.023753e-01,9.774000e-07,3.785480e-02,0.000000e+00,0.000000e+00,2.372528e+01,0.000000e+00,0.000000e+00,0.000000e+00,0.000000e+00,0.000000e+00,0.000000e+00,0.000000e+00,0.000000e+00,0.000000e+00,0.000000e+00,0.000000e+00,0.000000e+00,0.000000e+00,0.000000e+00,0.000000e+00,0.000000e+00,0.000000e+00,0.000000e+00,0.000000e+00,0.000000e+00,0.000000e+00,0.000000e+00,0.000000e+00,0.000000e+00,0.000000e+00,0.000000e+00,0.000000e+00,0.000000e+00,0.000000e+00,0.000000e+00,0.000000e+00,0.000000e+00,0.000000e+00,0.000000e+00,0.000000e+00,0.000000e+00,0.000000e+00,7.736814e+02,3.758597e+03,-1.164541e-03,8.942030e-05,-2.909517e+00,1.136610e-03,0.000000e+00,0.000000e+00,0.000000e+00,0.000000e+00,0.000000e+00,0.000000e+00,0.000000e+00,0.000000e+00,0.000000e+00,0.000000e+00,0.000000e+00,0.000000e+00,0.000000e+00,0.000000e+00,0.000000e+00,0.000000e+00,0.000000e+00,0.000000e+00,0.000000e+00,0.000000e+00,0.000000e+00,-1.962885e+05,-6.736918e+02,-1.185224e+05,2.530630e-03,-5.440317e-05,-1.309514e-01,-1.343844e-04,3.697464e-04,-9.947089e-04,1.341922e-07,6.183564e-07,3.030778e-01,3.224690e-03,-2.789360e-05,-1.022868e-08,-4.424335e-05,-1.220209e-06,-3.723259e+00,-5.910600e-01,-1.661055e-02,-2.661992e+03,4.500940e+03,6.736847e+02,2.292520e+05,-8.850769e-04,7.573263e-02,1.016954e-04,-1.466221e+01,1.367312e+02,6.758467e+00
1.390277e-03,8.022255e+02,1.560874e+04,-3.347978e-03,1.055774e-04,-1.183463e+01,1.023753e-01,9.774000e-07,4.046008e-02,0.000000e+00,0.000000e+00,2.402916e+01,0.000000e+00,0.000000e+00,0.000000e+00,0.000000e+00,0.000000e+00,0.000000e+00,0.000000e+00,0.000000e+00,0.000000e+00,0.000000e+00,0.000000e+00,0.000000e+00,0.000000e+00,0.000000e+00,0.000000e+00,0.000000e+00,0.000000e+00,0.000000e+00,0.000000e+00,0.000000e+00,0.000000e+00,0.000000e+00,0.000000e+00,0.000000e+00,0.000000e+00,0.000000e+00,0.000000e+00,0.000000e+00,0.000000e+00,0.000000e+00,0.000000e+00,0.000000e+00,0.000000e+00,0.000000e+00,0.000000e+00,0.000000e+00,0.000000e+00,8.022255e+02,3.750539e+03,-1.216947e-03,4.937741e-05,-2.905991e+00,1.136610e-03,0.000000e+00,0.000000e+00,0.000000e+00,0.000000e+00,0.000000e+00,0.000000e+00,0.000000e+00,0.000000e+00,0.000000e+00,0.000000e+00,0.000000e+00,0.000000e+00,0.000000e+00,0.000000e+00,0.000000e+00,0.000000e+00,0.000000e+00,0.000000e+00,0.000000e+00,0.000000e+00,0.000000e+00,-2.248641e+05,5.407435e+03,-1.220414e+05,2.720073e-03,1.004746e-07,-1.377582e-01,-3.066138e-04,2.465994e-04,-1.064393e-03,1.395454e-07,6.213473e-07,3.144800e-01,3.348130e-03,-1.057624e-04,-1.002325e-08,-4.988170e-05,-1.230499e-06,-3.749330e+00,-5.901517e-01,1.139395e-02,-2.659933e+03,-6.738961e+03,-5.407445e+03,2.557588e+05,9.086485e-04,7.803945e-02,-8.400052e-05,-2.767239e+02,6.644684e+02,3.382324e+01
1.400065e-03,8.307167e+02,1.557914e+04,-3.375463e-03,6.883692e-05,-1.182244e+01,1.023753e-01,9.801355e-07,4.663069e-02,0.000000e+00,0.000000e+00,2.546163e+01,0.000000e+00,0.000000e+00,0.000000e+00,0.000000e+00,0.000000e+00,0.000000e+00,0.000000e+00,0.000000e+00,0.000000e+00,0.000000e+00,0.000000e+00,0.000000e+00,0.000000e+00,0.000000e+00,0.000000e+00,0.000000e+00,0.000000e+00,0.000000e+00,0.000000e+00,0.000000e+00,0.000000e+00,0.000000e+00,0.000000e+00,0.000000e+00,0.000000e+00,0.000000e+00,0.000000e+00,0.000000e+00,0.000000e+00,0.000000e+00,0.000000e+00,0.000000e+00,0.000000e+00,0.000000e+00,0.000000e+00,0.000000e+00,0.000000e+00,8.307167e+02,3.744898e+03,-1.151660e-03,5.524230e-05,-2.903190e+00,1.136610e-03,0.000000e+00,0.000000e+00,0.000000e+00,0.000000e+00,0.000000e+00,0.000000e+00,0.000000e+00,0.000000e+00,0.000000e+00,0.000000e+00,0.000000e+00,0.000000e+00,0.000000e+00,0.000000e+00,0.000000e+00,0.000000e+00,0.000000e+00,0.000000e+00,0.000000e+00,0.000000e+00,0.000000e+00,-1.462164e+05,-5.710238e+03,-8.051210e+04,2.848320e-03,-5.049776e-05,-1.462970e-01,-7.220817e-05,1.333917e-04,-1.133255e-03,1.451194e-07,6.240296e-07,3.267785e-01,3.370744e-03,-4.944039e-05,-9.684076e-09,-5.598172e-05,-1.160572e-06,-3.775351e+00,-6.485479e-01,6.094919e-03,-2.657248e+03,-3.381098e+03,5.710232e+03,1.668832e+05,4.133287e-05,8.395740e-02,1.940770e-05,3.434049e+02,3.562384e+02,-4.429115e+01
1.410824e-03,8.640956e+02,1.554566e+04,-3.435374e-03,1.189630e-04,-1.180984e+01,1.023753e-01,9.774000e-07,5.291618e-02,0.000000e+00,0.000000e+00,2.607090e+01,0.000000e+00,0.000000e+00,0.000000e+00,0.000000e+00,0.000000e+00,0.000000e+00,0.000000e+00,0.000000e+00,0.000000e+00,0.000000e+00,0.000000e+00,0.000000e+00,0.000000e+00,0.000000e+00,0.000000e+00,0.000000e+00,0.000000e+00,0.000000e+00,0.000000e+00,0.000000e+00,0.000000e+00,0.000000e+00,0.000000e+00,0.000000e+00,0.000000e+00,0.000000e+00,0.000000e+00,0.000000e+00,0.000000e+00,0.000000e+00,0.000000e+00,0.000000e+00,0.000000e+00,0.000000e+00,0.000000e+00,0.000000e+00,0.000000e+00,8.640956e+02,3.738529e+03,-1.116897e-03,2.646520e-05,-2.900445e+00,1.136610e-03,0.000000e+00,0.000000e+00,0.000000e+00,0.000000e+00,0.000000e+00,0.000000e+00,0.000000e+00,0.000000e+00,0.000000e+00,0.000000e+00,0.000000e+00,0.000000e+00,0.000000e+00,0.000000e+00,0.000000e+00,0.000000e+00,0.000000e+00,0.000000e+00,0.000000e+00,0.000000e+00,0.000000e+00,-2.455509e+05,-9.799383e+03,-1.275230e+05,3.062686e-03,-7.591574e-06,-1.569719e-01,-2.299952e-04,8.895420e-06,-1.242866e-03,1.469509e-07,6.265095e-07,3.393269e-01,3.429772e-03,-1.074148e-04,-9.261752e-09,-6.301934e-05,-1.018121e-06,-3.803922e+00,-6.726803e-01,2.835669e-02,-2.654097e+03,-1.233452e+04,9.799370e+03,2.764149e+05,1.495174e-03,8.918913e-02,-1.640526e-04,5.380177e+02,8.641424e+02,-7.071039e+01
1.420617e-03,8.942917e+02,1.551417e+04,-3.445124e-03,1.098707e-04,-1.179764e+01,1.023753e-01,9.774000e-07,5.881074e-02,0.000000e+00,0.000000e+00,2.762820e+01,0.000000e+00,0.000000e+00,0.000000e+00,0.000000e+00,0.000000e+00,0.000000e+00,0.000000e+00,0.000000e+00,0.000000e+00,0.000000e+00,0.000000e+00,0.000000e+00,0.000000e+00,0.000000e+00,0.000000e+00,0.000000e+00,0.000000e+00,0.000000e+00,0.000000e+00,0.000000e+00,0.000000e+00,0.000000e+00,0.000000e+00,0.000000e+00,0.000000e+00,0.000000e+00,0.000000e+00,0.000000e+00,0.000000e+00,0.000000e+00,0.000000e+00,0.000000e+00,0.000000e+00,0.000000e+00,0.000000e+00,0.000000e+00,0.000000e+00,8.942917e+02,3.731361e+03,-1.023675e-03,2.745463e-05,-2.897386e+00,1.136610e-03,0.000000e+00,0.000000e+00,0.000000e+00,0.000000e+00,0.000000e+00,0.000000e+00,0.000000e+00,0.000000e+00,0.000000e+00,0.000000e+00,0.000000e+00,0.000000e+00,0.000000e+00,0.000000e+00,0.000000e+00,0.000000e+00,0.000000e+00,0.000000e+00,0.000000e+00,0.000000e+00,0.000000e+00,-3.109577e+05,-7.848487e+03,-1.805394e+05,3.253267e-03,-7.933058e-05,-1.659385e-01,-2.030906e-04,-4.094171e-05,-1.306334e-03,1.532510e-07,6.298387e-07,3.516296e-01,3.440710e-03,-1.008139e-04,-8.743441e-09,-6.989519e-05,-8.359953e-07,-3.829902e+00,-7.061428e-01,2.546191e-02,-2.651443e+03,8.768825e+02,7.848469e+03,3.595669e+05,7.854914e-04,9.425911e-02,-7.562114e-05,4.504109e+02,4.486038e+02,-5.544130e+01
1.430405e-03,9.250658e+02,1.548247e+04,-3.521835e-03,1.024937e-04,-1.178516e+01,1.023753e-01,9.818114e-07,6.535525e-02,0.000000e+00,0.000000e+00,2.873552e+01,0.000000e+00,0.000000e+00,0.000000e+00,0.000000e+00,0.000000e+00,0.000000e+00,0.000000e+00,0.000000e+00,0.000000e+00,0.000000e+00,0.000000e+00,0.000000e+00,0.000000e+00,0.000000e+00,0.000000e+00,0.000000e+00,0.000000e+00,0.000000e+00,0.000000e+00,0.000000e+00,0.000000e+00,0.000000e+00,0.000000e+00,0.000000e+00,0.000000e+00,0.000000e+00,0.000000e+00,0.000000e+00,0.000000e+00,0.000000e+00,0.000000e+00,0.000000e+00,0.000000e+00,0.000000e+00,0.000000e+00,0.000000e+00,0.000000e+00,9.250658e+02,3.725457e+03,-9.823202e-04,1.282431e-05,-2.894654e+00,1.136610e-03,0.000000e+00,0.000000e+00,0.000000e+00,0.000000e+00,0.000000e+00,0.000000e+00,0.000000e+00,0.000000e+00,0.000000e+00,0.000000e+00,0.000000e+00,0.000000e+00,0.000000e+00,0.000000e+00,0.000000e+00,0.000000e+00,0.000000e+00,0.000000e+00,0.000000e+00,0.000000e+00,0.000000e+00,-1.995311e+05,8.615522e+03,-1.061919e+05,3.394375e-03,-1.140078e-04,-1.743357e-01,-6.351314e-05,-8.766432e-05,-1.390207e-03,1.590133e-07,6.347439e-07,3.641845e-01,3.516405e-03,-9.816670e-05,-8.489864e-09,-7.696548e-05,-5.113752e-07,-3.855839e+00,-7.458224e-01,2.799327e-02,-2.648751e+03,-7.797975e+03,-8.615536e+03,2.258950e+05,1.057594e-03,9.929311e-02,-1.062116e-04,-4.574617e+02,6.241172e+02,5.962113e+01
1.440199e-03,9.573121e+02,1.544895e+04,-3.393528e-03,1.463072e-04,-1.176954e+01,1.023753e-01,9.774000e-07,7.201426e-02,0.000000e+00,0.000000e+00,3.052919e+01,0.000000e+00,0.000000e+00,0.000000e+00,0.000000e+00,0.000000e+00,0.000000e+00,0.000000e+00,0.000000e+00,0.000000e+00,0.000000e+00,0.000000e+00,0.000000e+00,0.000000e+00,0.000000e+00,0.000000e+00,0.000000e+00,0.000000e+00,0.000000e+00,0.000000e+00,0.000000e+00,0.000000e+00,0.000000e+00,0.000000e+00,0.000000e+00,0.000000e+00,0.000000e+00,0.000000e+00,0.000000e+00,0.000000e+00,0.000000e+00,0.000000e+00,0.000000e+00,0.000000e+00,0.000000e+00,0.000000e+00,0.000000e+00,0.000000e+00,9.573121e+02,3.719793e+03,-8.657654e-04,3.058166e-05,-2.890543e+00,1.136610e-03,0.000000e+00,0.000000e+00,0.000000e+00,0.000000e+00,0.000000e+00,0.000000e+00,0.000000e+00,0.000000e+00,0.000000e+00,0.000000e+00,0.000000e+00,0.000000e+00,0.000000e+00,0.000000e+00,0.000000e+00,0.000000e+00,0.000000e+00,0.000000e+00,0.000000e+00,0.000000e+00,0.000000e+00,-2.908923e+05,-4.592066e+03,-1.557427e+05,3.645037e-03,-1.013889e-04,-1.854459e-01,-3.007785e-04,-1.618399e-04,-1.507921e-03,1.612602e-07,6.334534e-07,3.798773e-01,3.415404e-03,-1.315979e-04,-8.203872e-09,-8.447241e-05,-2.403697e-07,-3.881767e+00,-7.623525e-01,3.482103e-02,-2.645450e+03,-1.056470e+04,4.592045e+03,3.297916e+05,1.240749e-03,1.042284e-01,-1.352480e-04,2.625858e+02,6.512283e+02,-3.418813e+01
1.450962e-03,9.982379e+02,1.540847e+04,-3.471657e-03,1.208759e-04,-1.175499e+01,1.023754e-01,9.774000e-07,8.405048e-02,0.000000e+00,0.000000e+00,3.066456e+01,0.000000e+00,0.000000e+00,0.000000e+00,0.000000e+00,0.000000e+00,0.000000e+00,0.000000e+00,0.000000e+00,0.000000e+00,0.000000e+00,0.000000e+00,0.000000e+00,0.000000e+00,0.000000e+00,0.000000e+00,0.000000e+00,0.000000e+00,0.000000e+00,0.000000e+00,0.000000e+00,0.000000e+00,0.000000e+00,0.000000e+00,0.000000e+00,0.000000e+00,0.000000e+00,0.000000e+00,0.000000e+00,0.000000e+00,0.000000e+00,0.000000e+00,0.000000e+00,0.000000e+00,0.000000e+00,0.000000e+00,0.000000e+00,0.000000e+00,9.982379e+02,3.711388e+03,-6.938218e-04,-2.210616e-05,-2.887403e+00,1.136610e-03,0.000000e+00,0.000000e+00,0.000000e+00,0.000000e+00,0.000000e+00,0.000000e+00,0.000000e+00,0.000000e+00,0.000000e+00,0.000000e+00,0.000000e+00,0.000000e+00,0.000000e+00,0.000000e+00,0.000000e+00,0.000000e+00,0.000000e+00,0.000000e+00,0.000000e+00,0.000000e+00,0.000000e+00,-2.735075e+05,9.252314e+03,-1.463717e+05,3.676561e-03,-1.434298e-04,-1.965484e-01,-2.249544e-06,-2.409831e-04,-1.642498e-03,1.670691e-07,6.355537e-07,3.943560e-01,3.440202e-03,-1.175237e-04,-7.689252e-09,-9.312549e-05,1.596747e-07,-3.910218e+00,-8.327945e-01,4.891877e-02,-2.642056e+03,-9.987768e+03,-9.252339e+03,3.100504e+05,1.866539e-03,1.125826e-01,-2.268528e-04,-6.296942e+02,7.421233e+02,7.308134e+01
1.460754e-03,1.032361e+03,1.537276e+04,-3.485481e-03,1.498436e-04,-1.174237e+01,1.023754e-01,9.774000e-07,9.340855e-02,0.000000e+00,0.000000e+00,3.243806e+01,0.000000e+00,0.000000e+00,0.000000e+00,0.000000e+00,0.000000e+00,0.000000e+00,0.000000e+00,0.000000e+00,0.000000e+00,0.000000e+00,0.000000e+00,0.000000e+00,0.000000e+00,0.000000e+00,0.000000e+00,0.000000e+00,0.000000e+00,0.000000e+00,0.000000e+00,0.000000e+00,0.000000e+00,0.000000e+00,0.000000e+00,0.000000e+00,0.000000e+00,0.000000e+00,0.000000e+00,0.000000e+00,0.000000e+00,0.000000e+00,0.000000e+00,0.000000e+00,0.000000e+00,0.000000e+00,0.000000e+00,0.000000e+00,0.000000e+00,1.032361e+03,3.703570e+03,-5.517937e-04,-2.062981e-05,-2.884913e+00,1.136610e-03,0.000000e+00,0.000000e+00,0.000000e+00,0.000000e+00,0.000000e+00,0.000000e+00,0.000000e+00,0.000000e+00,0.000000e+00,0.000000e+00,0.000000e+00,0.000000e+00,0.000000e+00,0.000000e+00,0.000000e+00,0.000000e+00,0.000000e+00,0.000000e+00,0.000000e+00,0.000000e+00,0.000000e+00,-3.123494e+05,-1.915826e+03,-1.636418e+05,3.883511e-03,-1.510233e-04,-2.066818e-01,8.674655e-05,-3.838495e-04,-1.728580e-03,1.751390e-07,6.427388e-07,4.070634e-01,3.451318e-03,-1.409425e-04,-7.346159e-09,-1.015343e-04,5.216970e-07,-3.936073e+00,-8.920477e-01,5.444019e-02,-2.639016e+03,-1.445133e+04,1.915796e+03,3.523237e+05,1.994022e-03,1.185515e-01,-2.492637e-04,4.853712e+01,1.046634e+03,-4.811869e+00
1.470535e-03,1.067410e+03,1.533702e+04,-3.522479e-03,1.253684e-04,-1.172737e+01,1.023755e-01,9.774000e-07,1.013732e-01,0.000000e+00,0.000000e+00,3.339909e+01,0.000000e+00,0.000000e+00,0.000000e+00,0.000000e+00,0.000000e+00,0.000000e+00,0.000000e+00,0.000000e+00,0.000000e+00,0.000000e+00,0.000000e+00,0.000000e+00,0.000000e+00,0.000000e+00,0.000000e+00,0.000000e+00,0.000000e+00,0.000000e+00,0.000000e+00,0.000000e+00,0.000000e+00,0.000000e+00,0.000000e+00,0.000000e+00,0.000000e+00,0.000000e+00,0.000000e+00,0.000000e+00,0.000000e+00,0.000000e+00,0.000000e+00,0.000000e+00,0.000000e+00,0.000000e+00,0.000000e+00,0.000000e+00,0.000000e+00,1.067410e+03,3.698799e+03,-4.684360e-04,-1.403654e-05,-2.882147e+00,1.136610e-03,0.000000e+00,0.000000e+00,0.000000e+00,0.000000e+00,0.000000e+00,0.000000e+00,0.000000e+00,0.000000e+00,0.000000e+00,0.000000e+00,0.000000e+00,0.000000e+00,0.000000e+00,0.000000e+00,0.000000e+00,0.000000e+00,0.000000e+00,0.000000e+00,0.000000e+00,0.000000e+00,0.000000e+00,-2.432682e+05,4.542292e+03,-1.449107e+05,4.170380e-03,-2.437083e-04,-2.179492e-01,-6.551012e-05,-3.516507e-04,-1.853975e-03,1.820343e-07,6.430186e-07,4.221379e-01,3.498362e-03,-1.302798e-04,-6.734591e-09,-1.104332e-04,9.349615e-07,-3.961864e+00,-9.217098e-01,4.959492e-02,-2.635487e+03,3.866973e+03,-4.542321e+03,2.831317e+05,1.248022e-03,1.238685e-01,-1.652526e-04,-4.320151e+02,3.600885e+02,5.063009e+01
1.480309e-03,1.104384e+03,1.529917e+04,-3.438063e-03,1.361582e-04,-1.171283e+01,1.023755e-01,9.774000e-07,1.139215e-01,0.000000e+00,0.000000e+00,3.463200e+01,0.000000e+00,0.000000e+00,0.000000e+00,0.000000e+00,0.000000e+00,0.000000e+00,0.000000e+00,0.000000e+00,0.000000e+00,0.000000e+00,0.000000e+00,0.000000e+00,0.000000e+00,0.000000e+00,0.000000e+00,0.000000e+00,0.000000e+00,0.000000e+00,0.000000e+00,0.000000e+00,0.000000e+00,0.000000e+00,0.000000e+00,0.000000e+00,0.000000e+00,0.000000e+00,0.000000e+00,0.000000e+00,0.000000e+00,0.000000e+00,0.000000e+00,0.000000e+00,0.000000e+00,0.000000e+00,0.000000e+00,0.000000e+00,0.000000e+00,1.104384e+03,3.693849e+03,-3.092994e-04,-3.956101e-05,-2.880025e+00,1.136610e-03,0.000000e+00,0.000000e+00,0.000000e+00,0.000000e+00,0.000000e+00,0.000000e+00,0.000000e+00,0.000000e+00,0.000000e+00,0.000000e+00,0.000000e+00,0.000000e+00,0.000000e+00,0.000000e+00,0.000000e+00,0.000000e+00,0.000000e+00,0.000000e+00,0.000000e+00,0.000000e+00,0.000000e+00,-2.652378e+05,5.045772e+03,-1.454572e+05,4.293242e-03,-2.101080e-04,-2.301660e-01,5.265761e-05,-5.057672e-04,-2.007849e-03,1.881418e-07,6.477408e-07,4.366879e-01,3.416107e-03,-1.308252e-04,-6.489083e-09,-1.196184e-04,1.367290e-06,-3.987603e+00,-9.634496e-01,5.912616e-02,-2.631775e+03,-6.643822e+03,-5.045808e+03,3.024314e+05,2.188079e-03,1.311648e-01,-2.819788e-04,-4.538870e+02,6.674574e+02,5.510909e+01
1.490088e-03,1.141681e+03,1.526061e+04,-3.482191e-03,1.313527e-04,-1.169796e+01,1.023755e-01,9.774000e-07,1.250715e-01,0.000000e+00,0.000000e+00,3.608179e+01,0.000000e+00,0.000000e+00,0.000000e+00,0.000000e+00,0.000000e+00,0.000000e+00,0.000000e+00,0.000000e+00,0.000000e+00,0.000000e+00,0.000000e+00,0.000000e+00,0.000000e+00,0.000000e+00,0.000000e+00,0.000000e+00,0.000000e+00,0.000000e+00,0.000000e+00,0.000000e+00,0.000000e+00,0.000000e+00,0.000000e+00,0.000000e+00,0.000000e+00,0.000000e+00,0.000000e+00,0.000000e+00,0.000000e+00,0.000000e+00,0.000000e+00,0.000000e+00,0.000000e+00,0.000000e+00,0.000000e+00,0.000000e+00,0.000000e+00,1.141681e+03,3.687705e+03,-2.409140e-04,-1.918704e-05,-2.877452e+00,1.136610e-03,0.000000e+00,0.000000e+00,0.000000e+00,0.000000e+00,0.000000e+00,0.000000e+00,0.000000e+00,0.000000e+00,0.000000e+00,0.000000e+00,0.000000e+00,0.000000e+00,0.000000e+00,0.000000e+00,0.000000e+00,0.000000e+00,0.000000e+00,0.000000e+00,0.000000e+00,0.000000e+00,0.000000e+00,-3.725458e+05,-1.429367e+03,-2.079529e+05,4.570237e-03,-2.472784e-04,-2.428273e-01,-1.325575e-05,-5.771871e-04,-2.127818e-03,1.935682e-07,6.516735e-07,4.515986e-01,3.466770e-03,-1.209690e-04,-6.158802e-09,-1.293586e-04,1.824843e-06,-4.013320e+00,-9.948299e-01,5.072383e-02,-2.628024e+03,-6.172246e+03,1.429314e+03,4.266107e+05,1.525707e-03,1.374053e-01,-2.085204e-04,-2.402427e+01,7.674388e+02,3.682302e+00
1.500848e-03,1.182825e+03,1.521815e+04,-3.492913e-03,1.708681e-04,-1.168133e+01,1.023755e-01,9.774000e-07,1.400837e-01,0.000000e+00,0.000000e+00,3.760798e+01,0.000000e+00,0.000000e+00,0.000000e+00,0.000000e+00,0.000000e+00,0.000000e+00,0.000000e+00,0.000000e+00,0.000000e+00,0.000000e+00,0.000000e+00,0.000000e+00,0.000000e+00,0.000000e+00,0.000000e+00,0.000000e+00,0.000000e+00,0.000000e+00,0.000000e+00,0.000000e+00,0.000000e+00,0.000000e+00,0.000000e+00,0.000000e+00,0.000000e+00,0.000000e+00,0.000000e+00,0.000000e+00,0.000000e+00,0.000000e+00,0.000000e+00,0.000000e+00,0.000000e+00,0.000000e+00,0.000000e+00,0.000000e+00,0.000000e+00,1.182825e+03,3.681418e+03,-1.485795e-04,4.533562e-06,-2.874540e+00,1.136610e-03,0.000000e+00,0.000000e+00,0.000000e+00,0.000000e+00,0.000000e+00,0.000000e+00,0.000000e+00,0.000000e+00,0.000000e+00,0.000000e+00,0.000000e+00,0.000000e+00,0.000000e+00,0.000000e+00,0.000000e+00,0.000000e+00,0.000000e+00,0.000000e+00,0.000000e+00,0.000000e+00,0.000000e+00,-3.777389e+05,-2.947083e+03,-2.059525e+05,4.702068e-03,-3.116293e-04,-2.558435e-01,1.135294e-04,-6.150657e-04,-2.288934e-03,1.997994e-07,6.569491e-07,4.682802e-01,3.467972e-03,-1.686077e-04,-5.431523e-09,-1.404106e-04,2.360773e-06,-4.041576e+00,-1.041358e+00,4.831492e-02,-2.624053e+03,-1.050044e+04,2.947022e+03,4.301080e+05,8.319463e-04,1.453829e-01,-1.316119e-04,1.880373e+02,8.921183e+02,-2.134509e+01
1.510622e-03,1.221950e+03,1.517828e+04,-3.444819e-03,1.271720e-04,-1.166551e+01,1.023755e-01,9.774000e-07,1.528194e-01,0.000000e+00,0.000000e+00,3.842592e+01,0.000000e+00,0.000000e+00,0.000000e+00,0.000000e+00,0.000000e+00,0.000000e+00,0.000000e+00,0.000000e+00,0.000000e+00,0.000000e+00,0.000000e+00,0.000000e+00,0.000000e+00,0.000000e+00,0.000000e+00,0.000000e+00,0.000000e+00,0.000000e+00,0.000000e+00,0.000000e+00,0.000000e+00,0.000000e+00,0.000000e+00,0.000000e+00,0.000000e+00,0.000000e+00,0.000000e+00,0.000000e+00,0.000000e+00,0.000000e+00,0.000000e+00,0.000000e+00,0.000000e+00,0.000000e+00,0.000000e+00,0.000000e+00,0.000000e+00,1.221950e+03,3.675037e+03,5.893788e-06,-3.864980e-05,-2.871641e+00,1.136610e-03,0.000000e+00,0.000000e+00,0.000000e+00,0.000000e+00,0.000000e+00,0.000000e+00,0.000000e+00,0.000000e+00,0.000000e+00,0.000000e+00,0.000000e+00,0.000000e+00,0.000000e+00,0.000000e+00,0.000000e+00,0.000000e+00,0.000000e+00,0.000000e+00,0.000000e+00,0.000000e+00,0.000000e+00,-2.863184e+05,1.702762e+03,-1.654082e+05,4.966644e-03,-2.935044e-04,-2.680168e-01,7.153937e-05,-7.434296e-04,-2.412502e-03,1.789658e-07,6.636805e-07,4.841356e-01,3.425403e-03,-1.218371e-04,-9.967465e-09,-1.510120e-04,2.872219e-06,-4.067204e+00,-1.091723e+00,5.794989e-02,-2.620234e+03,9.576111e+01,-1.702812e+03,3.306631e+05,1.688671e-03,1.520091e-01,-2.342848e-04,-6.256520e+01,5.936529e+02,9.102035e+00
1.520396e-03,1.261025e+03,1.513782e+04,-3.478637e-03,1.484258e-04,-1.164972e+01,1.023756e-01,9.774000e-07,1.694439e-01,0.000000e+00,0.000000e+00,4.003970e+01,0.000000e+00,0.000000e+00,0.000000e+00,0.000000e+00,0.000000e+00,0.000000e+00,0.000000e+00,0.000000e+00,0.000000e+00,0.000000e+00,0.000000e+00,0.000000e+00,0.000000e+00,0.000000e+00,0.000000e+00,0.000000e+00,0.000000e+00,0.000000e+00,0.000000e+00,0.000000e+00,0.000000e+00,0.000000e+00,0.000000e+00,0.000000e+00,0.000000e+00,0.000000e+00,0.000000e+00,0.000000e+00,0.000000e+00,0.000000e+00,0.000000e+00,0.000000e+00,0.000000e+00,0.000000e+00,0.000000e+00,0.000000e+00,0.000000e+00,1.261025e+03,3.669274e+03,1.241052e-04,-1.663985e-05,-2.869054e+00,1.136610e-03,0.000000e+00,0.000000e+00,0.000000e+00,0.000000e+00,0.000000e+00,0.000000e+00,0.000000e+00,0.000000e+00,0.000000e+00,0.000000e+00,0.000000e+00,0.000000e+00,0.000000e+00,0.000000e+00,0.000000e+00,0.000000e+00,0.000000e+00,0.000000e+00,0.000000e+00,0.000000e+00,0.000000e+00,-4.134633e+05,3.268917e+03,-2.450419e+05,5.176397e-03,-3.783941e-04,-2.813983e-01,1.613190e-04,-7.464759e-04,-2.570475e-03,-3.349541e-07,7.548908e-07,4.999743e-01,3.429852e-03,-1.452609e-04,-1.134032e-07,-1.619946e-04,3.423527e-06,-4.092793e+00,-1.157387e+00,5.180728e-02,-2.616292e+03,5.492228e+03,-3.268999e+03,4.805905e+05,1.061108e-03,1.601376e-01,-1.574035e-04,-4.175344e+02,4.842802e+02,5.071444e+01
1.530170e-03,1.301223e+03,1.509615e+04,-3.462965e-03,1.598092e-04,-1.163325e+01,1.023756e-01,9.774000e-07,1.845973e-01,0.000000e+00,0.000000e+00,4.158096e+01,0.000000e+00,0.000000e+00,0.000000e+00,0.000000e+00,0.000000e+00,0.000000e+00,0.000000e+00,0.000000e+00,0.000000e+00,0.000000e+00,0.000000e+00,0.000000e+00,0.000000e+00,0.000000e+00,0.000000e+00,0.000000e+00,0.000000e+00,0.000000e+00,0.000000e+00,0.000000e+00,0.000000e+00,0.000000e+00,0.000000e+00,0.000000e+00,0.000000e+00,0.000000e+00,0.000000e+00,0.000000e+00,0.000000e+00,0.000000e+00,0.000000e+00,0.000000e+00,0.000000e+00,0.000000e+00,0.000000e+00,0.000000e+00,0.000000e+00,1.301223e+03,3.663496e+03,2.072230e-04,-2.040324e-05,-2.866407e+00,1.136610e-03,0.000000e+00,0.000000e+00,0.000000e+00,0.000000e+00,0.000000e+00,0.000000e+00,0.000000e+00,0.000000e+00,0.000000e+00,0.000000e+00,0.000000e+00,0.000000e+00,0.000000e+00,0.000000e+00,0.000000e+00,0.000000e+00,0.000000e+00,0.000000e+00,0.000000e+00,0.000000e+00,0.000000e+00,-3.582585e+05,-2.894094e+03,-2.056326e+05,5.351926e-03,-3.373695e-04,-2.943138e-01,1.886989e-04,-9.200817e-04,-2.730220e-03,-4.128388e-07,9.409210e-07,5.165538e-01,3.334138e-03,-1.547559e-04,-1.287437e-07,-1.733168e-04,3.982110e-06,-4.118342e+00,-1.185316e+00,5.692320e-02,-2.612273e+03,-1.035791e+03,2.894020e+03,4.130773e+05,1.817580e-03,1.669964e-01,-2.377068e-04,-7.401259e+01,7.994396e+02,-2.672765e+00
1.540922e-03,1.346422e+03,1.504990e+04,-3.551266e-03,1.431672e-04,-1.161454e+01,1.023756e-01,9.774000e-07,2.014011e-01,0.000000e+00,0.000000e+00,4.272347e+01,0.000000e+00,0.000000e+00,0.000000e+00,0.000000e+00,0.000000e+00,0.000000e+00,0.000000e+00,0.000000e+00,0.000000e+00,0.000000e+00,0.000000e+00,0.000000e+00,0.000000e+00,0.000000e+00,0.000000e+00,0.000000e+00,0.000000e+00,0.000000e+00,0.000000e+00,0.000000e+00,0.000000e+00,0.000000e+00,0.000000e+00,0.000000e+00,0.000000e+00,0.000000e+00,0.000000e+00,0.000000e+00,0.000000e+00,0.000000e+00,0.000000e+00,0.000000e+00,0.000000e+00,0.000000e+00,0.000000e+00,0.000000e+00,0.000000e+00,1.346422e+03,3.656720e+03,2.275114e-04,-6.107725e-05,-2.862950e+00,1.136610e-03,0.000000e+00,0.000000e+00,0.000000e+00,0.000000e+00,0.000000e+00,0.000000e+00,0.000000e+00,0.000000e+00,0.000000e+00,0.000000e+00,0.000000e+00,0.000000e+00,0.000000e+00,0.000000e+00,0.000000e+00,0.000000e+00,0.000000e+00,0.000000e+00,0.000000e+00,0.000000e+00,0.000000e+00,-4.106440e+05,8.616661e+02,-2.345493e+05,5.667169e-03,-3.360834e-04,-3.092863e-01,9.073199e-05,-1.056551e-03,-2.901257e-03,-3.029023e-07,1.160243e-06,5.352144e-01,3.315094e-03,-1.407381e-04,-1.088557e-07,-1.862467e-04,4.637047e-06,-4.146402e+00,-1.220493e+00,7.013079e-02,-2.607745e+03,-2.183574e+03,-8.617629e+02,4.729029e+05,2.331473e-03,1.744206e-01,-3.106316e-04,-5.624239e+00,8.497809e+02,5.234759e+00
1.550696e-03,1.388123e+03,1.500691e+04,-3.538321e-03,1.624336e-04,-1.159766e+01,1.023756e-01,9.774000e-07,2.186627e-01,0.000000e+00,0.000000e+00,4.401667e+01,0.000000e+00,0.000000e+00,0.000000e+00,0.000000e+00,0.000000e+00,0.000000e+00,0.000000e+00,0.000000e+00,0.000000e+00,0.000000e+00,0.000000e+00,0.000000e+00,0.000000e+00,0.000000e+00,0.000000e+00,0.000000e+00,0.000000e+00,0.000000e+00,0.000000e+00,0.000000e+00,0.000000e+00,0.000000e+00,0.000000e+00,0.000000e+00,0.000000e+00,0.000000e+00,0.000000e+00,0.000000e+00,0.000000e+00,0.000000e+00,0.000000e+00,0.000000e+00,0.000000e+00,0.000000e+00,0.000000e+00,0.000000e+00,0.000000e+00,1.388123e+03,3.650378e+03,2.898034e-04,-2.550262e-05,-2.860157e+00,1.136610e-03,0.000000e+00,0.000000e+00,0.000000e+00,0.000000e+00,0.000000e+00,0.000000e+00,0.000000e+00,0.000000e+00,0.000000e+00,0.000000e+00,0.000000e+00,0.000000e+00,0.000000e+00,0.000000e+00,0.000000e+00,0.000000e+00,0.000000e+00,0.000000e+00,0.000000e+00,0.000000e+00,0.000000e+00,-3.658148e+05,-1.434756e+03,-2.184342e+05,5.904923e-03,-4.362317e-04,-3.228931e-01,4.041009e-05,-1.031419e-03,-3.054769e-03,-7.277260e-07,1.345353e-06,5.521336e-01,3.208688e-03,-1.575815e-04,-1.949542e-07,-1.983668e-04,5.259735e-06,-4.171867e+00,-1.255819e+00,5.886104e-02,-2.603534e+03,6.274496e+03,1.434664e+03,4.260218e+05,1.110455e-03,1.819591e-01,-1.731688e-04,5.613425e+01,4.580270e+02,-8.402994e+00
1.560470e-03,1.430144e+03,1.496328e+04,-3.543666e-03,1.584327e-04,-1.158045e+01,1.023756e-01,9.774000e-07,2.378918e-01,0.000000e+00,0.000000e+00,4.570331e+01,0.000000e+00,0.000000e+00,0.000000e+00,0.000000e+00,0.000000e+00,0.000000e+00,0.000000e+00,0.000000e+00,0.000000e+00,0.000000e+00,0.000000e+00,0.000000e+00,0.000000e+00,0.000000e+00,0.000000e+00,0.000000e+00,0.000000e+00,0.000000e+00,0.000000e+00,0.000000e+00,0.000000e+00,0.000000e+00,0.000000e+00,0.000000e+00,0.000000e+00,0.000000e+00,0.000000e+00,0.000000e+00,0.000000e+00,0.000000e+00,0.000000e+00,0.000000e+00,0.000000e+00,0.000000e+00,0.000000e+00,0.000000e+00,0.000000e+00,1.430144e+03,3.643538e+03,3.947550e-04,-5.525912e-05,-2.857050e+00,1.136610e-03,0.000000e+00,0.000000e+00,0.000000e+00,0.000000e+00,0.000000e+00,0.000000e+00,0.000000e+00,0.000000e+00,0.000000e+00,0.000000e+00,0.000000e+00,0.000000e+00,0.000000e+00,0.000000e+00,0.000000e+00,0.000000e+00,0.000000e+00,0.000000e+00,0.000000e+00,0.000000e+00,0.000000e+00,-4.949718e+05,3.389450e+02,-2.790543e+05,6.111384e-03,-4.358964e-04,-3.368146e-01,1.035510e-04,-1.165575e-03,-3.220249e-03,-1.103434e-06,1.507446e-06,5.693576e-01,3.143306e-03,-1.562920e-04,-2.707594e-07,-2.108260e-04,5.918595e-06,-4.197291e+00,-1.296922e+00,6.970429e-02,-2.599417e+03,-5.800349e+03,-3.390754e+02,5.681856e+05,1.855619e-03,1.896509e-01,-2.628940e-04,-8.811225e+01,7.579560e+02,1.032114e+01
1.570244e-03,1.473257e+03,1.491872e+04,-3.589867e-03,1.611755e-04,-1.156279e+01,1.023756e-01,9.774000e-07,2.577384e-01,0.000000e+00,0.000000e+00,4.712261e+01,0.000000e+00,0.000000e+00,0.000000e+00,0.000000e+00,0.000000e+00,0.000000e+00,0.000000e+00,0.000000e+00,0.000000e+00,0.000000e+00,0.000000e+00,0.000000e+00,0.000000e+00,0.000000e+00,0.000000e+00,0.000000e+00,0.000000e+00,0.000000e+00,0.000000e+00,0.000000e+00,0.000000e+00,0.000000e+00,0.000000e+00,0.000000e+00,0.000000e+00,0.000000e+00,0.000000e+00,0.000000e+00,0.000000e+00,0.000000e+00,0.000000e+00,0.000000e+00,0.000000e+00,0.000000e+00,0.000000e+00,0.000000e+00,0.000000e+00,1.473257e+03,3.637987e+03,4.637134e-04,-5.780050e-05,-2.854498e+00,1.136610e-03,0.000000e+00,0.000000e+00,0.000000e+00,0.000000e+00,0.000000e+00,0.000000e+00,0.000000e+00,0.000000e+00,0.000000e+00,0.000000e+00,0.000000e+00,0.000000e+00,0.000000e+00,0.000000e+00,0.000000e+00,0.000000e+00,0.000000e+00,0.000000e+00,0.000000e+00,0.000000e+00,0.000000e+00,-3.233394e+05,1.230201e+03,-1.823414e+05,6.327242e-03,-4.563297e-04,-3.508524e-01,9.764394e-05,-1.254295e-03,-3.386396e-03,-1.183920e-06,1.651923e-06,5.870999e-01,3.088746e-03,-1.568142e-04,-2.862961e-07,-2.236680e-04,6.607899e-06,-4.222673e+00,-1.332257e+00,7.099405e-02,-2.594928e+03,-3.745337e+03,-1.230296e+03,3.711910e+05,1.921168e-03,1.974864e-01,-2.741067e-04,-9.926378e+01,6.193267e+02,1.623273e+01
1.580018e-03,1.518002e+03,1.487239e+04,-3.847128e-03,1.706837e-04,-1.154298e+01,1.023756e-01,9.774000e-07,2.767064e-01,0.000000e+00,0.000000e+00,4.890847e+01,0.000000e+00,0.000000e+00,0.000000e+00,0.000000e+00,0.000000e+00,0.000000e+00,0.000000e+00,0.000000e+00,0.000000e+00,0.000000e+00,0.000000e+00,0.000000e+00,0.000000e+00,0.000000e+00,0.000000e+00,0.000000e+00,0.000000e+00,0.000000e+00,0.000000e+00,0.000000e+00,0.000000e+00,0.000000e+00,0.000000e+00,0.000000e+00,0.000000e+00,0.000000e+00,0.000000e+00,0.000000e+00,0.000000e+00,0.000000e+00,0.000000e+00,0.000000e+00,0.000000e+00,0.000000e+00,0.000000e+00,0.000000e+00,0.000000e+00,1.518002e+03,3.632074e+03,3.276044e-04,-5.786601e-05,-2.850857e+00,1.136610e-03,0.000000e+00,0.000000e+00,0.000000e+00,0.000000e+00,0.000000e+00,0.000000e+00,0.000000e+00,0.000000e+00,0.000000e+00,0.000000e+00,0.000000e+00,0.000000e+00,0.000000e+00,0.000000e+00,0.000000e+00,0.000000e+00,0.000000e+00,0.000000e+00,0.000000e+00,0.000000e+00,0.000000e+00,-3.604980e+05,-1.737256e+03,-2.103674e+05,6.682192e-03,-4.850619e-04,-3.661441e-01,-4.297687e-05,-1.359484e-03,-3.581553e-03,-1.120332e-06,1.512446e-06,6.069391e-01,3.271831e-03,-1.654667e-04,-2.740099e-07,-2.368638e-04,7.328959e-06,-4.248011e+00,-1.370671e+00,7.507303e-02,-2.590277e+03,1.948892e+03,1.737143e+03,4.173840e+05,1.989713e-03,2.046608e-01,-2.882120e-04,3.433145e+00,5.663631e+02,-1.553872e+00
1.590769e-03,1.568930e+03,1.481981e+04,-3.897759e-03,1.808118e-04,-1.152310e+01,1.023756e-01,9.774000e-07,3.002486e-01,0.000000e+00,0.000000e+00,5.057357e+01,0.000000e+00,0.000000e+00,0.000000e+00,0.000000e+00,0.000000e+00,0.000000e+00,0.000000e+00,0.000000e+00,0.000000e+00,0.000000e+00,0.000000e+00,0.000000e+00,0.000000e+00,0.000000e+00,0.000000e+00,0.000000e+00,0.000000e+00,0.000000e+00,0.000000e+00,0.000000e+00,0.000000e+00,0.000000e+00,0.000000e+00,0.000000e+00,0.000000e+00,0.000000e+00,0.000000e+00,0.000000e+00,0.000000e+00,0.000000e+00,0.000000e+00,0.000000e+00,0.000000e+00,0.000000e+00,0.000000e+00,0.000000e+00,0.000000e+00,1.568930e+03,3.623813e+03,3.087008e-04,-6.707478e-05,-2.847738e+00,1.136610e-03,0.000000e+00,0.000000e+00,0.000000e+00,0.000000e+00,0.000000e+00,0.000000e+00,0.000000e+00,0.000000e+00,0.000000e+00,0.000000e+00,0.000000e+00,0.000000e+00,0.000000e+00,0.000000e+00,0.000000e+00,0.000000e+00,0.000000e+00,0.000000e+00,0.000000e+00,0.000000e+00,0.000000e+00,-4.010152e+05,-7.847578e+02,-2.245108e+05,6.980080e-03,-5.031018e-04,-3.828506e-01,-1.120605e-04,-1.472782e-03,-3.780929e-03,-1.310814e-06,1.644754e-06,6.268187e-01,3.208206e-03,-1.779607e-04,-3.125498e-07,-2.517516e-04,8.180691e-06,-4.275830e+00,-1.400367e+00,8.011752e-02,-2.585200e+03,-6.058637e+03,7.846267e+02,4.595450e+05,2.114263e-03,2.131023e-01,-3.039726e-04,9.534099e+01,7.670881e+02,-9.447579e+00
1.600543e-03,1.614672e+03,1.477214e+04,-3.991075e-03,1.772328e-04,-1.150430e+01,1.023756e-01,9.774000e-07,3.234602e-01,0.000000e+00,0.000000e+00,5.252008e+01,0.000000e+00,0.000000e+00,0.000000e+00,0.000000e+00,0.000000e+00,0.000000e+00,0.000000e+00,0.000000e+00,0.000000e+00,0.000000e+00,0.000000e+00,0.000000e+00,0.000000e+00,0.000000e+00,0.000000e+00,0.000000e+00,0.000000e+00,0.000000e+00,0.000000e+00,0.000000e+00,0.000000e+00,0.000000e+00,0.000000e+00,0.000000e+00,0.000000e+00,0.000000e+00,0.000000e+00,0.000000e+00,0.000000e+00,0.000000e+00,0.000000e+00,0.000000e+00,0.000000e+00,0.000000e+00,0.000000e+00,0.000000e+00,0.000000e+00,1.614672e+03,3.616509e+03,3.255700e-04,-8.035632e-05,-2.844560e+00,1.136610e-03,0.000000e+00,0.000000e+00,0.000000e+00,0.000000e+00,0.000000e+00,0.000000e+00,0.000000e+00,0.000000e+00,0.000000e+00,0.000000e+00,0.000000e+00,0.000000e+00,0.000000e+00,0.000000e+00,0.000000e+00,0.000000e+00,0.000000e+00,0.000000e+00,0.000000e+00,0.000000e+00,0.000000e+00,-4.310310e+05,-7.968375e+02,-2.455694e+05,7.256251e-03,-5.178897e-04,-3.980334e-01,-1.498052e-04,-1.590245e-03,-3.963295e-03,-1.227718e-06,1.892027e-06,6.456612e-01,3.195841e-03,-1.742959e-04,-2.959352e-07,-2.657156e-04,8.996954e-06,-4.301074e+00,-1.445834e+00,8.617847e-02,-2.580586e+03,-2.826826e+03,7.966815e+02,4.960686e+05,2.452441e-03,2.212645e-01,-3.497142e-04,2.569784e+01,6.325752e+02,-4.945716e+00
1.610317e-03,1.661121e+03,1.472381e+04,-4.042198e-03,1.902033e-04,-1.148550e+01,1.023756e-01,9.774000e-07,3.465579e-01,0.000000e+00,0.000000e+00,5.440765e+01,0.000000e+00,0.000000e+00,0.000000e+00,0.000000e+00,0.000000e+00,0.000000e+00,0.000000e+00,0.000000e+00,0.000000e+00,0.000000e+00,0.000000e+00,0.000000e+00,0.000000e+00,0.000000e+00,0.000000e+00,0.000000e+00,0.000000e+00,0.000000e+00,0.000000e+00,0.000000e+00,0.000000e+00,0.000000e+00,0.000000e+00,0.000000e+00,0.000000e+00,0.000000e+00,0.000000e+00,0.000000e+00,0.000000e+00,0.000000e+00,0.000000e+00,0.000000e+00,0.000000e+00,0.000000e+00,0.000000e+00,0.000000e+00,0.000000e+00,1.661121e+03,3.610406e+03,3.619709e-04,-8.456665e-05,-2.842058e+00,1.136610e-03,0.000000e+00,0.000000e+00,0.000000e+00,0.000000e+00,0.000000e+00,0.000000e+00,0.000000e+00,0.000000e+00,0.000000e+00,0.000000e+00,0.000000e+00,0.000000e+00,0.000000e+00,0.000000e+00,0.000000e+00,0.000000e+00,0.000000e+00,0.000000e+00,0.000000e+00,0.000000e+00,0.000000e+00,-4.411114e+05,-1.101700e+03,-2.489671e+05,7.600617e-03,-5.440422e-04,-4.140038e-01,-2.410083e-04,-1.700622e-03,-4.158895e-03,-1.296084e-06,1.970391e-06,6.644927e-01,3.140332e-03,-1.863499e-04,-3.096053e-07,-2.800598e-04,9.854765e-06,-4.326270e+00,-1.486169e+00,8.952885e-02,-2.575698e+03,-4.923072e+03,1.101529e+03,5.064974e+05,2.602444e-03,2.289613e-01,-3.681538e-04,5.861549e+01,7.906885e+02,-8.783854e+00
1.620091e-03,1.708746e+03,1.467288e+04,-4.363815e-03,2.264649e-04,-1.146362e+01,1.023756e-01,9.774000e-07,3.727017e-01,0.000000e+00,0.000000e+00,5.778726e+01,0.000000e+00,0.000000e+00,0.000000e+00,0.000000e+00,0.000000e+00,0.000000e+00,0.000000e+00,0.000000e+00,0.000000e+00,0.000000e+00,0.000000e+00,0.000000e+00,0.000000e+00,0.000000e+00,0.000000e+00,0.000000e+00,0.000000e+00,0.000000e+00,0.000000e+00,0.000000e+00,0.000000e+00,0.000000e+00,0.000000e+00,0.000000e+00,0.000000e+00,0.000000e+00,0.000000e+00,0.000000e+00,0.000000e+00,0.000000e+00,0.000000e+00,0.000000e+00,0.000000e+00,0.000000e+00,0.000000e+00,0.000000e+00,0.000000e+00,1.708746e+03,3.602215e+03,2.592169e-04,-6.250925e-05,-2.837562e+00,1.136610e-03,0.000000e+00,0.000000e+00,0.000000e+00,0.000000e+00,0.000000e+00,0.000000e+00,0.000000e+00,0.000000e+00,0.000000e+00,0.000000e+00,0.000000e+00,0.000000e+00,0.000000e+00,0.000000e+00,0.000000e+00,0.000000e+00,0.000000e+00,0.000000e+00,0.000000e+00,0.000000e+00,0.000000e+00,-4.721181e+05,4.008965e+02,-2.697857e+05,7.893262e-03,-5.909560e-04,-4.299413e-01,-2.707248e-04,-1.789216e-03,-4.350347e-03,-1.289360e-06,1.845240e-06,6.865157e-01,3.343206e-03,-2.123266e-04,-3.085486e-07,-2.948581e-04,1.076228e-05,-4.351418e+00,-1.536323e+00,9.418324e-02,-2.570854e+03,-2.394247e+03,-4.011014e+02,5.437592e+05,2.618201e-03,2.374895e-01,-3.796988e-04,-1.066597e+02,7.223877e+02,9.254030e+00
1.630843e-03,1.764496e+03,1.461600e+04,-4.441711e-03,2.002644e-04,-1.144148e+01,1.023756e-01,9.774000e-07,4.018978e-01,0.000000e+00,0.000000e+00,5.885314e+01,0.000000e+00,0.000000e+00,0.000000e+00,0.000000e+00,0.000000e+00,0.000000e+00,0.000000e+00,0.000000e+00,0.000000e+00,0.000000e+00,0.000000e+00,0.000000e+00,0.000000e+00,0.000000e+00,0.000000e+00,0.000000e+00,0.000000e+00,0.000000e+00,0.000000e+00,0.000000e+00,0.000000e+00,0.000000e+00,0.000000e+00,0.000000e+00,0.000000e+00,0.000000e+00,0.000000e+00,0.000000e+00,0.000000e+00,0.000000e+00,0.000000e+00,0.000000e+00,0.000000e+00,0.000000e+00,0.000000e+00,0.000000e+00,0.000000e+00,1.764496e+03,3.593567e+03,2.670996e-04,-9.599408e-05,-2.833933e+00,1.136610e-03,0.000000e+00,0.000000e+00,0.000000e+00,0.000000e+00,0.000000e+00,0.000000e+00,0.000000e+00,0.000000e+00,0.000000e+00,0.000000e+00,0.000000e+00,0.000000e+00,0.000000e+00,0.000000e+00,0.000000e+00,0.000000e+00,0.000000e+00,0.000000e+00,0.000000e+00,0.000000e+00,0.000000e+00,-4.500473e+05,-2.002785e+03,-2.545535e+05,8.267229e-03,-6.156357e-04,-4.480926e-01,-3.482043e-04,-1.920923e-03,-4.576832e-03,-1.290356e-06,1.955977e-06,7.085409e-01,3.294967e-03,-1.970395e-04,-3.088109e-07,-3.116661e-04,1.180520e-05,-4.379025e+00,-1.591741e+00,9.950660e-02,-2.565262e+03,-4.550071e+03,2.002580e+03,5.170294e+05,2.772734e-03,2.465523e-01,-4.002940e-04,5.313513e+01,8.786868e+02,-9.345951e+00
1.640617e-03,1.814006e+03,1.456388e+04,-4.548943e-03,2.208794e-04,-1.142141e+01,1.023756e-01,9.774000e-07,4.301572e-01,0.000000e+00,0.000000e+00,6.143609e+01,0.000000e+00,0.000000e+00,0.000000e+00,0.000000e+00,0.000000e+00,0.000000e+00,0.000000e+00,0.000000e+00,0.000000e+00,0.000000e+00,0.000000e+00,0.000000e+00,0.000000e+00,0.000000e+00,0.000000e+00,0.000000e+00,0.000000e+00,0.000000e+00,0.000000e+00,0.000000e+00,0.000000e+00,0.000000e+00,0.000000e+00,0.000000e+00,0.000000e+00,0.000000e+00,0.000000e+00,0.000000e+00,0.000000e+00,0.000000e+00,0.000000e+00,0.000000e+00,0.000000e+00,0.000000e+00,0.000000e+00,0.000000e+00,0.000000e+00,1.814006e+03,3.586204e+03,3.047944e-04,-9.811099e-05,-2.831106e+00,1.136610e-03,0.000000e+00,0.000000e+00,0.000000e+00,0.000000e+00,0.000000e+00,0.000000e+00,0.000000e+00,0.000000e+00,0.000000e+00,0.000000e+00,0.000000e+00,0.000000e+00,0.000000e+00,0.000000e+00,0.000000e+00,0.000000e+00,0.000000e+00,0.000000e+00,0.000000e+00,0.000000e+00,0.000000e+00,-4.608814e+05,-9.778019e+01,-2.573438e+05,8.625835e-03,-6.490614e-04,-4.650178e-01,-4.065268e-04,-2.036572e-03,-4.786358e-03,-1.317517e-06,1.953435e-06,7.287015e-01,3.295975e-03,-2.184233e-04,-3.144807e-07,-3.274982e-04,1.280671e-05,-4.404071e+00,-1.644707e+00,1.042963e-01,-2.560083e+03,-7.548823e+03,9.755724e+01,5.278073e+05,2.863440e-03,2.550535e-01,-4.186011e-04,-5.824816e+00,9.499300e+02,2.472754e+00
1.650391e-03,1.864492e+03,1.451125e+04,-4.716846e-03,2.202900e-04,-1.140013e+01,1.023757e-01,9.774000e-07,4.594205e-01,0.000000e+00,0.000000e+00,6.367978e+01,0.000000e+00,0.000000e+00,0.000000e+00,0.000000e+00,0.000000e+00,0.000000e+00,0.000000e+00,0.000000e+00,0.000000e+00,0.000000e+00,0.000000e+00,0.000000e+00,0.000000e+00,0.000000e+00,0.000000e+00,0.000000e+00,0.000000e+00,0.000000e+00,0.000000e+00,0.000000e+00,0.000000e+00,0.000000e+00,0.000000e+00,0.000000e+00,0.000000e+00,0.000000e+00,0.000000e+00,0.000000e+00,0.000000e+00,0.000000e+00,0.000000e+00,0.000000e+00,0.000000e+00,0.000000e+00,0.000000e+00,0.000000e+00,0.000000e+00,1.864492e+03,3.579745e+03,3.050042e-04,-1.149640e-04,-2.828032e+00,1.136610e-03,0.000000e+00,0.000000e+00,0.000000e+00,0.000000e+00,0.000000e+00,0.000000e+00,0.000000e+00,0.000000e+00,0.000000e+00,0.000000e+00,0.000000e+00,0.000000e+00,0.000000e+00,0.000000e+00,0.000000e+00,0.000000e+00,0.000000e+00,0.000000e+00,0.000000e+00,0.000000e+00,0.000000e+00,-5.028479e+05,-1.107345e+03,-2.854347e+05,9.037734e-03,-6.716076e-04,-4.827843e-01,-5.206082e-04,-2.174873e-03,-5.019532e-03,-1.289013e-06,1.880837e-06,7.500032e-01,3.352988e-03,-2.189983e-04,-3.088954e-07,-3.439053e-04,1.385235e-05,-4.429065e+00,-1.705270e+00,1.111240e-01,-2.554675e+03,-4.200824e+03,1.107084e+03,5.781966e+05,3.030854e-03,2.637011e-01,-4.396447e-04,1.761285e+02,7.443873e+02,-2.114134e+01
1.660165e-03,1.915930e+03,1.445690e+04,-4.831988e-03,2.807667e-04,-1.137910e+01,1.023758e-01,9.774000e-07,4.950087e-01,0.000000e+00,0.000000e+00,6.683583e+01,0.000000e+00,0.000000e+00,0.000000e+00,0.000000e+00,0.000000e+00,0.000000e+00,0.000000e+00,0.000000e+00,0.000000e+00,0.000000e+00,0.000000e+00,0.000000e+00,0.000000e+00,0.000000e+00,0.000000e+00,0.000000e+00,0.000000e+00,0.000000e+00,0.000000e+00,0.000000e+00,0.000000e+00,0.000000e+00,0.000000e+00,0.000000e+00,0.000000e+00,0.000000e+00,0.000000e+00,0.000000e+00,0.000000e+00,0.000000e+00,0.000000e+00,0.000000e+00,0.000000e+00,0.000000e+00,0.000000e+00,0.000000e+00,0.000000e+00,1.915930e+03,3.572505e+03,4.118561e-04,-8.454465e-05,-2.825293e+00,1.136610e-03,0.000000e+00,0.000000e+00,0.000000e+00,0.000000e+00,0.000000e+00,0.000000e+00,0.000000e+00,0.000000e+00,0.000000e+00,0.000000e+00,0.000000e+00,0.000000e+00,0.000000e+00,0.000000e+00,0.000000e+00,0.000000e+00,0.000000e+00,0.000000e+00,0.000000e+00,0.000000e+00,0.000000e+00,-5.452886e+05,2.978999e+01,-3.061326e+05,9.321027e-03,-7.258308e-04,-5.007229e-01,-4.720994e-04,-2.260115e-03,-5.258649e-03,-1.337476e-06,1.899551e-06,7.712685e-01,3.317284e-03,-2.760411e-04,-3.189890e-07,-3.609101e-04,1.494902e-05,-4.454005e+00,-1.774903e+00,1.142662e-01,-2.549229e+03,-7.492163e+03,-3.008858e+01,6.253005e+05,3.052430e-03,2.735525e-01,-4.401476e-04,-7.177731e+01,1.127329e+03,2.062817e+00
1.670916e-03,1.974491e+03,1.439554e+04,-5.048871e-03,3.082345e-04,-1.135399e+01,1.023758e-01,9.774000e-07,5.350939e-01,0.000000e+00,0.000000e+00,6.966721e+01,0.000000e+00,0.000000e+00,0.000000e+00,0.000000e+00,0.000000e+00,0.000000e+00,0.000000e+00,0.000000e+00,0.000000e+00,0.000000e+00,0.000000e+00,0.000000e+00,0.000000e+00,0.000000e+00,0.000000e+00,0.000000e+00,0.000000e+00,0.000000e+00,0.000000e+00,0.000000e+00,0.000000e+00,0.000000e+00,0.000000e+00,0.000000e+00,0.000000e+00,0.000000e+00,0.000000e+00,0.000000e+00,0.000000e+00,0.000000e+00,0.000000e+00,0.000000e+00,0.000000e+00,0.000000e+00,0.000000e+00,0.000000e+00,0.000000e+00,1.974491e+03,3.564658e+03,4.288455e-04,-8.129189e-05,-2.821608e+00,1.136610e-03,0.000000e+00,0.000000e+00,0.000000e+00,0.000000e+00,0.000000e+00,0.000000e+00,0.000000e+00,0.000000e+00,0.000000e+00,0.000000e+00,0.000000e+00,0.000000e+00,0.000000e+00,0.000000e+00,0.000000e+00,0.000000e+00,0.000000e+00,0.000000e+00,0.000000e+00,0.000000e+00,0.000000e+00,-4.872888e+05,-1.130111e+03,-2.739484e+05,9.649876e-03,-7.417157e-04,-5.208777e-01,-4.469319e-04,-2.419304e-03,-5.524063e-03,-1.308067e-06,1.824779e-06,7.964585e-01,3.370659e-03,-3.113601e-04,-3.123116e-07,-3.804438e-04,1.620203e-05,-4.481376e+00,-1.848794e+00,1.185703e-01,-2.542987e+03,-6.366395e+03,1.129823e+03,5.589790e+05,3.249370e-03,2.844850e-01,-4.777334e-04,6.823982e+01,1.022408e+03,-5.915457e+00
1.680690e-03,2.029594e+03,1.433757e+04,-5.249884e-03,2.460940e-04,-1.133009e+01,1.023759e-01,9.774000e-07,5.724187e-01,0.000000e+00,0.000000e+00,7.276770e+01,0.000000e+00,0.000000e+00,0.000000e+00,0.000000e+00,0.000000e+00,0.000000e+00,0.000000e+00,0.000000e+00,0.000000e+00,0.000000e+00,0.000000e+00,0.000000e+00,0.000000e+00,0.000000e+00,0.000000e+00,0.000000e+00,0.000000e+00,0.000000e+00,0.000000e+00,0.000000e+00,0.000000e+00,0.000000e+00,0.000000e+00,0.000000e+00,0.000000e+00,0.000000e+00,0.000000e+00,0.000000e+00,0.000000e+00,0.000000e+00,0.000000e+00,0.000000e+00,0.000000e+00,0.000000e+00,0.000000e+00,0.000000e+00,0.000000e+00,2.029594e+03,3.556832e+03,4.843269e-04,-1.138413e-04,-2.817820e+00,1.136610e-03,0.000000e+00,0.000000e+00,0.000000e+00,0.000000e+00,0.000000e+00,0.000000e+00,0.000000e+00,0.000000e+00,0.000000e+00,0.000000e+00,0.000000e+00,0.000000e+00,0.000000e+00,0.000000e+00,0.000000e+00,0.000000e+00,0.000000e+00,0.000000e+00,0.000000e+00,0.000000e+00,0.000000e+00,-5.039809e+05,-1.822937e+03,-2.777060e+05,1.008862e-02,-7.529818e-04,-5.400620e-01,-4.780383e-04,-2.568089e-03,-5.788150e-03,-1.340329e-06,1.816589e-06,8.204520e-01,3.446034e-03,-2.416084e-04,-3.194875e-07,-3.989563e-04,1.738566e-05,-4.506199e+00,-1.935555e+00,1.216934e-01,-2.537115e+03,-1.145574e+04,1.822624e+03,5.753139e+05,3.397406e-03,2.941892e-01,-4.897747e-04,2.267760e+02,1.158888e+03,-1.954626e+01
1.690464e-03,2.085804e+03,1.427808e+04,-5.467970e-03,2.799942e-04,-1.130653e+01,1.023759e-01,9.774000e-07,6.136373e-01,0.000000e+00,0.000000e+00,7.608607e+01,0.000000e+00,0.000000e+00,0.000000e+00,0.000000e+00,0.000000e+00,0.000000e+00,0.000000e+00,0.000000e+00,0.000000e+00,0.000000e+00,0.000000e+00,0.000000e+00,0.000000e+00,0.000000e+00,0.000000e+00,0.000000e+00,0.000000e+00,0.000000e+00,0.000000e+00,0.000000e+00,0.000000e+00,0.000000e+00,0.000000e+00,0.000000e+00,0.000000e+00,0.000000e+00,0.000000e+00,0.000000e+00,0.000000e+00,0.000000e+00,0.000000e+00,0.000000e+00,0.000000e+00,0.000000e+00,0.000000e+00,0.000000e+00,0.000000e+00,2.085804e+03,3.547978e+03,5.202899e-04,-1.038693e-04,-2.814157e+00,1.136610e-03,0.000000e+00,0.000000e+00,0.000000e+00,0.000000e+00,0.000000e+00,0.000000e+00,0.000000e+00,0.000000e+00,0.000000e+00,0.000000e+00,0.000000e+00,0.000000e+00,0.000000e+00,0.000000e+00,0.000000e+00,0.000000e+00,0.000000e+00,0.000000e+00,0.000000e+00,0.000000e+00,0.000000e+00,-5.436350e+05,-5.070358e+02,-3.052855e+05,1.045333e-02,-8.279613e-04,-5.594336e-01,-4.718233e-04,-2.662181e-03,-6.051651e-03,-1.329760e-06,1.757543e-06,8.440752e-01,3.544822e-03,-2.685803e-04,-3.171063e-07,-4.183270e-04,1.862269e-05,-4.530965e+00,-2.019398e+00,1.270377e-01,-2.531221e+03,-7.393604e+03,5.066779e+02,6.234449e+05,3.273209e-03,3.047428e-01,-4.873542e-04,2.128206e+00,9.072115e+02,-1.874151e-01
1.700238e-03,2.143507e+03,1.421638e+04,-5.288322e-03,2.598954e-04,-1.128089e+01,1.023759e-01,9.774000e-07,6.571904e-01,0.000000e+00,0.000000e+00,8.018429e+01,0.000000e+00,0.000000e+00,0.000000e+00,0.000000e+00,0.000000e+00,0.000000e+00,0.000000e+00,0.000000e+00,0.000000e+00,0.000000e+00,0.000000e+00,0.000000e+00,0.000000e+00,0.000000e+00,0.000000e+00,0.000000e+00,0.000000e+00,0.000000e+00,0.000000e+00,0.000000e+00,0.000000e+00,0.000000e+00,0.000000e+00,0.000000e+00,0.000000e+00,0.000000e+00,0.000000e+00,0.000000e+00,0.000000e+00,0.000000e+00,0.000000e+00,0.000000e+00,0.000000e+00,0.000000e+00,0.000000e+00,0.000000e+00,0.000000e+00,2.143507e+03,3.538712e+03,8.076280e-04,-1.492608e-04,-2.809640e+00,1.136610e-03,0.000000e+00,0.000000e+00,0.000000e+00,0.000000e+00,0.000000e+00,0.000000e+00,0.000000e+00,0.000000e+00,0.000000e+00,0.000000e+00,0.000000e+00,0.000000e+00,0.000000e+00,0.000000e+00,0.000000e+00,0.000000e+00,0.000000e+00,0.000000e+00,0.000000e+00,0.000000e+00,0.000000e+00,-5.398295e+05,-2.934041e+03,-3.015524e+05,1.083772e-02,-8.425253e-04,-5.793763e-01,-4.390552e-04,-2.828506e-03,-6.331356e-03,-1.350434e-06,1.715891e-06,8.697733e-01,3.221933e-03,-2.612887e-04,-3.208607e-07,-4.385237e-04,1.989693e-05,-4.555672e+00,-2.113976e+00,1.331894e-01,-2.525099e+03,-8.722250e+03,2.933667e+03,6.182828e+05,3.632931e-03,3.152772e-01,-5.324953e-04,1.302753e+02,1.128244e+03,-1.322220e+01
1.710012e-03,2.202632e+03,1.415431e+04,-5.333474e-03,3.624582e-04,-1.125628e+01,1.023759e-01,9.774000e-07,6.996300e-01,0.000000e+00,0.000000e+00,8.331530e+01,0.000000e+00,0.000000e+00,0.000000e+00,0.000000e+00,0.000000e+00,0.000000e+00,0.000000e+00,0.000000e+00,0.000000e+00,0.000000e+00,0.000000e+00,0.000000e+00,0.000000e+00,0.000000e+00,0.000000e+00,0.000000e+00,0.000000e+00,0.000000e+00,0.000000e+00,0.000000e+00,0.000000e+00,0.000000e+00,0.000000e+00,0.000000e+00,0.000000e+00,0.000000e+00,0.000000e+00,0.000000e+00,0.000000e+00,0.000000e+00,0.000000e+00,0.000000e+00,0.000000e+00,0.000000e+00,0.000000e+00,0.000000e+00,0.000000e+00,2.202632e+03,3.530376e+03,9.861607e-04,-9.541804e-05,-2.806139e+00,1.136610e-03,0.000000e+00,0.000000e+00,0.000000e+00,0.000000e+00,0.000000e+00,0.000000e+00,0.000000e+00,0.000000e+00,0.000000e+00,0.000000e+00,0.000000e+00,0.000000e+00,0.000000e+00,0.000000e+00,0.000000e+00,0.000000e+00,0.000000e+00,0.000000e+00,0.000000e+00,0.000000e+00,0.000000e+00,-5.756751e+05,1.254624e+02,-3.176738e+05,1.135365e-02,-8.697037e-04,-6.002141e-01,-5.396330e-04,-2.962479e-03,-6.631405e-03,-1.357615e-06,1.668875e-06,8.944874e-01,3.200097e-03,-3.619283e-04,-3.236948e-07,-4.596650e-04,2.122402e-05,-4.580319e+00,-2.203978e+00,1.376241e-01,-2.518731e+03,-1.267894e+04,-1.258895e+02,6.573870e+05,3.792082e-03,3.253020e-01,-5.529040e-04,3.154458e+01,1.155595e+03,-1.899164e-01
1.720763e-03,2.269755e+03,1.408400e+04,-5.688305e-03,2.789912e-04,-1.122773e+01,1.023759e-01,9.774000e-07,7.538174e-01,0.000000e+00,0.000000e+00,8.653074e+01,0.000000e+00,0.000000e+00,0.000000e+00,0.000000e+00,0.000000e+00,0.000000e+00,0.000000e+00,0.000000e+00,0.000000e+00,0.000000e+00,0.000000e+00,0.000000e+00,0.000000e+00,0.000000e+00,0.000000e+00,0.000000e+00,0.000000e+00,0.000000e+00,0.000000e+00,0.000000e+00,0.000000e+00,0.000000e+00,0.000000e+00,0.000000e+00,0.000000e+00,0.000000e+00,0.000000e+00,0.000000e+00,0.000000e+00,0.000000e+00,0.000000e+00,0.000000e+00,0.000000e+00,0.000000e+00,0.000000e+00,0.000000e+00,0.000000e+00,2.269755e+03,3.519947e+03,1.008302e-03,-1.469535e-04,-2.801435e+00,1.136610e-03,0.000000e+00,0.000000e+00,0.000000e+00,0.000000e+00,0.000000e+00,0.000000e+00,0.000000e+00,0.000000e+00,0.000000e+00,0.000000e+00,0.000000e+00,0.000000e+00,0.000000e+00,0.000000e+00,0.000000e+00,0.000000e+00,0.000000e+00,0.000000e+00,0.000000e+00,0.000000e+00,0.000000e+00,-6.113305e+05,-1.505101e+03,-3.423758e+05,1.178479e-02,-9.117381e-04,-6.233210e-01,-4.884131e-04,-3.126009e-03,-6.959782e-03,-1.372792e-06,1.611781e-06,9.229800e-01,3.405469e-03,-2.750395e-04,-3.266096e-07,-4.840309e-04,2.273295e-05,-4.607358e+00,-2.317474e+00,1.426646e-01,-2.511684e+03,-9.108615e+03,1.504617e+03,7.006163e+05,3.681095e-03,3.376769e-01,-5.492610e-04,3.165463e+02,1.176512e+03,-3.118785e+01
1.730537e-03,2.329549e+03,1.402088e+04,-5.787502e-03,3.168620e-04,-1.120328e+01,1.023759e-01,9.774000e-07,8.062800e-01,0.000000e+00,0.000000e+00,8.989281e+01,0.000000e+00,0.000000e+00,0.000000e+00,0.000000e+00,0.000000e+00,0.000000e+00,0.000000e+00,0.000000e+00,0.000000e+00,0.000000e+00,0.000000e+00,0.000000e+00,0.000000e+00,0.000000e+00,0.000000e+00,0.000000e+00,0.000000e+00,0.000000e+00,0.000000e+00,0.000000e+00,0.000000e+00,0.000000e+00,0.000000e+00,0.000000e+00,0.000000e+00,0.000000e+00,0.000000e+00,0.000000e+00,0.000000e+00,0.000000e+00,0.000000e+00,0.000000e+00,0.000000e+00,0.000000e+00,0.000000e+00,0.000000e+00,0.000000e+00,2.329549e+03,3.510980e+03,1.145632e-03,-1.420426e-04,-2.798091e+00,1.136610e-03,0.000000e+00,0.000000e+00,0.000000e+00,0.000000e+00,0.000000e+00,0.000000e+00,0.000000e+00,0.000000e+00,0.000000e+00,0.000000e+00,0.000000e+00,0.000000e+00,0.000000e+00,0.000000e+00,0.000000e+00,0.000000e+00,0.000000e+00,0.000000e+00,0.000000e+00,0.000000e+00,0.000000e+00,-6.279436e+05,-7.452037e+02,-3.489806e+05,1.216140e-02,-9.810770e-04,-6.443608e-01,-4.145511e-04,-3.235756e-03,-7.252186e-03,-1.397600e-06,1.568090e-06,9.475254e-01,3.356953e-03,-3.216338e-04,-3.324207e-07,-5.072301e-04,2.415320e-05,-4.631873e+00,-2.420348e+00,1.474018e-01,-2.505252e+03,-1.169146e+04,7.446828e+02,7.183063e+05,3.865739e-03,3.491387e-01,-5.765332e-04,-1.542433e+02,1.405533e+03,1.693739e+01
1.740311e-03,2.390991e+03,1.395479e+04,-5.783157e-03,3.261504e-04,-1.117462e+01,1.023760e-01,9.774000e-07,8.604771e-01,0.000000e+00,0.000000e+00,9.463276e+01,0.000000e+00,0.000000e+00,0.000000e+00,0.000000e+00,0.000000e+00,0.000000e+00,0.000000e+00,0.000000e+00,0.000000e+00,0.000000e+00,0.000000e+00,0.000000e+00,0.000000e+00,0.000000e+00,0.000000e+00,0.000000e+00,0.000000e+00,0.000000e+00,0.000000e+00,0.000000e+00,0.000000e+00,0.000000e+00,0.000000e+00,0.000000e+00,0.000000e+00,0.000000e+00,0.000000e+00,0.000000e+00,0.000000e+00,0.000000e+00,0.000000e+00,0.000000e+00,0.000000e+00,0.000000e+00,0.000000e+00,0.000000e+00,0.000000e+00,2.390991e+03,3.503520e+03,1.354367e-03,-1.488595e-04,-2.793748e+00,1.136610e-03,0.000000e+00,0.000000e+00,0.000000e+00,0.000000e+00,0.000000e+00,0.000000e+00,0.000000e+00,0.000000e+00,0.000000e+00,0.000000e+00,0.000000e+00,0.000000e+00,0.000000e+00,0.000000e+00,0.000000e+00,0.000000e+00,0.000000e+00,0.000000e+00,0.000000e+00,0.000000e+00,0.000000e+00,-6.154874e+05,-1.541027e+03,-3.445434e+05,1.258434e-02,-9.945580e-04,-6.669779e-01,-4.340163e-04,-3.405754e-03,-7.595169e-03,-1.406379e-06,1.511066e-06,9.763991e-01,3.198049e-03,-3.257670e-04,-3.353105e-07,-5.313749e-04,2.561885e-05,-4.656321e+00,-2.513068e+00,1.523102e-01,-2.498287e+03,-9.304679e+03,1.540482e+03,7.053002e+05,4.086455e-03,3.608088e-01,-6.017955e-04,2.378856e+01,1.190263e+03,-5.218740e+00
1.750085e-03,2.455527e+03,1.388810e+04,-5.971925e-03,3.298929e-04,-1.114797e+01,1.023760e-01,9.774000e-07,9.175960e-01,0.000000e+00,0.000000e+00,9.675916e+01,0.000000e+00,0.000000e+00,0.000000e+00,0.000000e+00,0.000000e+00,0.000000e+00,0.000000e+00,0.000000e+00,0.000000e+00,0.000000e+00,0.000000e+00,0.000000e+00,0.000000e+00,0.000000e+00,0.000000e+00,0.000000e+00,0.000000e+00,0.000000e+00,0.000000e+00,0.000000e+00,0.000000e+00,0.000000e+00,0.000000e+00,0.000000e+00,0.000000e+00,0.000000e+00,0.000000e+00,0.000000e+00,0.000000e+00,0.000000e+00,0.000000e+00,0.000000e+00,0.000000e+00,0.000000e+00,0.000000e+00,0.000000e+00,0.000000e+00,2.455527e+03,3.493990e+03,1.496377e-03,-1.587106e-04,-2.789618e+00,1.136610e-03,0.000000e+00,0.000000e+00,0.000000e+00,0.000000e+00,0.000000e+00,0.000000e+00,0.000000e+00,0.000000e+00,0.000000e+00,0.000000e+00,0.000000e+00,0.000000e+00,0.000000e+00,0.000000e+00,0.000000e+00,0.000000e+00,0.000000e+00,0.000000e+00,0.000000e+00,0.000000e+00,0.000000e+00,-6.196888e+05,1.225639e+03,-3.476185e+05,1.302219e-02,-1.020770e-03,-6.891553e-01,-4.117067e-04,-3.557239e-03,-7.911655e-03,-1.436249e-06,1.460812e-06,1.002899e+00,3.252554e-03,-3.292244e-04,-3.408762e-07,-5.565219e-04,2.713813e-05,-4.680703e+00,-2.620828e+00,1.575709e-01,-2.491487e+03,-8.739275e+03,-1.226214e+03,7.104762e+05,4.437998e-03,3.725923e-01,-6.399848e-04,-2.047190e+02,1.226121e+03,1.921734e+01
1.760837e-03,2.525028e+03,1.381349e+04,-6.015447e-03,3.505562e-04,-1.111755e+01,1.023760e-01,9.774000e-07,9.851528e-01,0.000000e+00,0.000000e+00,1.018568e+02,0.000000e+00,0.000000e+00,0.000000e+00,0.000000e+00,0.000000e+00,0.000000e+00,0.000000e+00,0.000000e+00,0.000000e+00,0.000000e+00,0.000000e+00,0.000000e+00,0.000000e+00,0.000000e+00,0.000000e+00,0.000000e+00,0.000000e+00,0.000000e+00,0.000000e+00,0.000000e+00,0.000000e+00,0.000000e+00,0.000000e+00,0.000000e+00,0.000000e+00,0.000000e+00,0.000000e+00,0.000000e+00,0.000000e+00,0.000000e+00,0.000000e+00,0.000000e+00,0.000000e+00,0.000000e+00,0.000000e+00,0.000000e+00,0.000000e+00,2.525028e+03,3.485406e+03,1.689111e-03,-1.471928e-04,-2.785858e+00,1.136610e-03,0.000000e+00,0.000000e+00,0.000000e+00,0.000000e+00,0.000000e+00,0.000000e+00,0.000000e+00,0.000000e+00,0.000000e+00,0.000000e+00,0.000000e+00,0.000000e+00,0.000000e+00,0.000000e+00,0.000000e+00,0.000000e+00,0.000000e+00,0.000000e+00,0.000000e+00,0.000000e+00,0.000000e+00,-6.157752e+05,-1.323768e+03,-3.409203e+05,1.350453e-02,-1.057101e-03,-7.149039e-01,-3.880918e-04,-3.744810e-03,-8.296574e-03,-1.455475e-06,1.386831e-06,1.033557e+00,3.137288e-03,-3.424166e-04,-3.459000e-07,-5.853203e-04,2.886093e-05,-4.707442e+00,-2.732036e+00,1.632908e-01,-2.483571e+03,-1.258101e+04,1.323172e+03,7.037382e+05,4.469320e-03,3.860810e-01,-6.509071e-04,1.059892e+02,1.236580e+03,-1.189088e+01
1.770611e-03,2.591146e+03,1.374456e+04,-6.036291e-03,3.285421e-04,-1.108811e+01,1.023760e-01,9.774000e-07,1.049601e+00,0.000000e+00,0.000000e+00,1.046301e+02,0.000000e+00,0.000000e+00,0.000000e+00,0.000000e+00,0.000000e+00,0.000000e+00,0.000000e+00,0.000000e+00,0.000000e+00,0.000000e+00,0.000000e+00,0.000000e+00,0.000000e+00,0.000000e+00,0.000000e+00,0.000000e+00,0.000000e+00,0.000000e+00,0.000000e+00,0.000000e+00,0.000000e+00,0.000000e+00,0.000000e+00,0.000000e+00,0.000000e+00,0.000000e+00,0.000000e+00,0.000000e+00,0.000000e+00,0.000000e+00,0.000000e+00,0.000000e+00,0.000000e+00,0.000000e+00,0.000000e+00,0.000000e+00,0.000000e+00,2.591146e+03,3.477371e+03,1.895664e-03,-1.924300e-04,-2.781339e+00,1.136610e-03,0.000000e+00,0.000000e+00,0.000000e+00,0.000000e+00,0.000000e+00,0.000000e+00,0.000000e+00,0.000000e+00,0.000000e+00,0.000000e+00,0.000000e+00,0.000000e+00,0.000000e+00,0.000000e+00,0.000000e+00,0.000000e+00,0.000000e+00,0.000000e+00,0.000000e+00,0.000000e+00,0.000000e+00,-6.280046e+05,7.538351e+02,-3.505141e+05,1.393800e-02,-1.094022e-03,-7.387927e-01,-3.735416e-04,-3.903865e-03,-8.661163e-03,-1.489608e-06,1.327028e-06,1.062895e+00,3.027330e-03,-3.302083e-04,-3.523803e-07,-6.125971e-04,3.048717e-05,-4.731678e+00,-2.835506e+00,1.709175e-01,-2.476245e+03,-1.038314e+04,-7.544771e+02,7.191259e+05,4.829809e-03,3.985695e-01,-6.960137e-04,-1.005364e+02,1.151875e+03,8.535933e+00
1.780385e-03,2.657242e+03,1.367474e+04,-6.170877e-03,3.906992e-04,-1.106040e+01,1.023760e-01,9.774000e-07,1.116440e+00,0.000000e+00,0.000000e+00,1.083127e+02,0.000000e+00,0.000000e+00,0.000000e+00,0.000000e+00,0.000000e+00,0.000000e+00,0.000000e+00,0.000000e+00,0.000000e+00,0.000000e+00,0.000000e+00,0.000000e+00,0.000000e+00,0.000000e+00,0.000000e+00,0.000000e+00,0.000000e+00,0.000000e+00,0.000000e+00,0.000000e+00,0.000000e+00,0.000000e+00,0.000000e+00,0.000000e+00,0.000000e+00,0.000000e+00,0.000000e+00,0.000000e+00,0.000000e+00,0.000000e+00,0.000000e+00,0.000000e+00,0.000000e+00,0.000000e+00,0.000000e+00,0.000000e+00,0.000000e+00,2.657242e+03,3.468416e+03,2.040055e-03,-1.543549e-04,-2.777854e+00,1.136610e-03,0.000000e+00,0.000000e+00,0.000000e+00,0.000000e+00,0.000000e+00,0.000000e+00,0.000000e+00,0.000000e+00,0.000000e+00,0.000000e+00,0.000000e+00,0.000000e+00,0.000000e+00,0.000000e+00,0.000000e+00,0.000000e+00,0.000000e+00,0.000000e+00,0.000000e+00,0.000000e+00,0.000000e+00,-6.965816e+05,-2.230446e+02,-3.887185e+05,1.440870e-02,-1.142899e-03,-7.629229e-01,-3.758693e-04,-4.040289e-03,-9.016676e-03,-1.519541e-06,1.252692e-06,1.090663e+00,3.026509e-03,-3.878188e-04,-3.581702e-07,-6.408809e-04,3.216802e-05,-4.755842e+00,-2.942939e+00,1.728884e-01,-2.468912e+03,-1.157528e+04,2.222907e+02,7.976177e+05,4.537031e-03,4.109568e-01,-6.789322e-04,8.144881e+01,1.413278e+03,-6.505394e+00
1.790159e-03,2.724185e+03,1.360301e+04,-6.192011e-03,2.882844e-04,-1.102943e+01,1.023760e-01,9.774000e-07,1.187789e+00,0.000000e+00,0.000000e+00,1.130722e+02,0.000000e+00,0.000000e+00,0.000000e+00,0.000000e+00,0.000000e+00,0.000000e+00,0.000000e+00,0.000000e+00,0.000000e+00,0.000000e+00,0.000000e+00,0.000000e+00,0.000000e+00,0.000000e+00,0.000000e+00,0.000000e+00,0.000000e+00,0.000000e+00,0.000000e+00,0.000000e+00,0.000000e+00,0.000000e+00,0.000000e+00,0.000000e+00,0.000000e+00,0.000000e+00,0.000000e+00,0.000000e+00,0.000000e+00,0.000000e+00,0.000000e+00,0.000000e+00,0.000000e+00,0.000000e+00,0.000000e+00,0.000000e+00,0.000000e+00,2.724185e+03,3.459646e+03,2.224649e-03,-2.376104e-04,-2.773082e+00,1.136610e-03,0.000000e+00,0.000000e+00,0.000000e+00,0.000000e+00,0.000000e+00,0.000000e+00,0.000000e+00,0.000000e+00,0.000000e+00,0.000000e+00,0.000000e+00,0.000000e+00,0.000000e+00,0.000000e+00,0.000000e+00,0.000000e+00,0.000000e+00,0.000000e+00,0.000000e+00,0.000000e+00,0.000000e+00,-6.709036e+05,1.101996e+03,-3.774380e+05,1.485823e-02,-1.174572e-03,-7.875031e-01,-3.810496e-04,-4.206838e-03,-9.382239e-03,-1.559204e-06,1.194138e-06,1.121780e+00,2.894898e-03,-2.892113e-04,-3.651848e-07,-6.701722e-04,3.390656e-05,-4.779932e+00,-3.045998e+00,1.803298e-01,-2.461335e+03,-8.505035e+03,-1.102755e+03,7.697394e+05,5.015948e-03,4.240429e-01,-7.323115e-04,-1.369727e+02,1.131323e+03,1.384996e+01
1.800910e-03,2.800639e+03,1.352290e+04,-6.125579e-03,4.076162e-04,-1.099615e+01,1.023760e-01,9.774000e-07,1.269906e+00,0.000000e+00,0.000000e+00,1.166743e+02,0.000000e+00,0.000000e+00,0.000000e+00,0.000000e+00,0.000000e+00,0.000000e+00,0.000000e+00,0.000000e+00,0.000000e+00,0.000000e+00,0.000000e+00,0.000000e+00,0.000000e+00,0.000000e+00,0.000000e+00,0.000000e+00,0.000000e+00,0.000000e+00,0.000000e+00,0.000000e+00,0.000000e+00,0.000000e+00,0.000000e+00,0.000000e+00,0.000000e+00,0.000000e+00,0.000000e+00,0.000000e+00,0.000000e+00,0.000000e+00,0.000000e+00,0.000000e+00,0.000000e+00,0.000000e+00,0.000000e+00,0.000000e+00,0.000000e+00,2.800639e+03,3.449799e+03,2.523453e-03,-1.861813e-04,-2.768324e+00,1.136609e-03,0.000000e+00,0.000000e+00,0.000000e+00,0.000000e+00,0.000000e+00,0.000000e+00,0.000000e+00,0.000000e+00,0.000000e+00,0.000000e+00,0.000000e+00,0.000000e+00,0.000000e+00,0.000000e+00,0.000000e+00,0.000000e+00,0.000000e+00,0.000000e+00,0.000000e+00,0.000000e+00,0.000000e+00,-7.076306e+05,-1.275694e+03,-3.957167e+05,1.534908e-02,-1.224423e-03,-8.153551e-01,-3.693647e-04,-4.389802e-03,-9.805919e-03,-1.600495e-06,1.119060e-06,1.155018e+00,2.668401e-03,-4.061160e-04,-3.735020e-07,-7.035346e-04,3.588251e-05,-4.806345e+00,-3.155439e+00,1.865958e-01,-2.452817e+03,-1.103094e+04,1.274853e+03,8.106856e+05,5.126314e-03,4.383858e-01,-7.532051e-04,-2.773005e+01,1.313113e+03,-1.566855e+00
1.810684e-03,2.870828e+03,1.344844e+04,-5.935488e-03,3.461083e-04,-1.096430e+01,1.023760e-01,9.774000e-07,1.348517e+00,0.000000e+00,0.000000e+00,1.209643e+02,0.000000e+00,0.000000e+00,0.000000e+00,0.000000e+00,0.000000e+00,0.000000e+00,0.000000e+00,0.000000e+00,0.000000e+00,0.000000e+00,0.000000e+00,0.000000e+00,0.000000e+00,0.000000e+00,0.000000e+00,0.000000e+00,0.000000e+00,0.000000e+00,0.000000e+00,0.000000e+00,0.000000e+00,0.000000e+00,0.000000e+00,0.000000e+00,0.000000e+00,0.000000e+00,0.000000e+00,0.000000e+00,0.000000e+00,0.000000e+00,0.000000e+00,0.000000e+00,0.000000e+00,0.000000e+00,0.000000e+00,0.000000e+00,0.000000e+00,2.870828e+03,3.440381e+03,2.886816e-03,-2.183684e-04,-2.763373e+00,1.136610e-03,0.000000e+00,0.000000e+00,0.000000e+00,0.000000e+00,0.000000e+00,0.000000e+00,0.000000e+00,0.000000e+00,0.000000e+00,0.000000e+00,0.000000e+00,0.000000e+00,0.000000e+00,0.000000e+00,0.000000e+00,0.000000e+00,0.000000e+00,0.000000e+00,0.000000e+00,0.000000e+00,0.000000e+00,-7.404524e+05,-7.364793e+02,-4.142329e+05,1.581152e-02,-1.279706e-03,-8.411690e-01,-3.777196e-04,-4.548774e-03,-1.019913e-02,-1.642033e-06,1.052586e-06,1.186952e+00,2.341820e-03,-3.681048e-04,-3.818382e-07,-7.349060e-04,3.774721e-05,-4.830276e+00,-3.255279e+00,1.948443e-01,-2.444921e+03,-1.139871e+04,7.355513e+02,8.483683e+05,5.405587e-03,4.517579e-01,-7.943934e-04,-2.417980e+02,1.338238e+03,2.246944e+01
1.820458e-03,2.942609e+03,1.337212e+04,-5.993010e-03,4.105438e-04,-1.093340e+01,1.023761e-01,9.774000e-07,1.434594e+00,0.000000e+00,0.000000e+00,1.256479e+02,0.000000e+00,0.000000e+00,0.000000e+00,0.000000e+00,0.000000e+00,0.000000e+00,0.000000e+00,0.000000e+00,0.000000e+00,0.000000e+00,0.000000e+00,0.000000e+00,0.000000e+00,0.000000e+00,0.000000e+00,0.000000e+00,0.000000e+00,0.000000e+00,0.000000e+00,0.000000e+00,0.000000e+00,0.000000e+00,0.000000e+00,0.000000e+00,0.000000e+00,0.000000e+00,0.000000e+00,0.000000e+00,0.000000e+00,0.000000e+00,0.000000e+00,0.000000e+00,0.000000e+00,0.000000e+00,0.000000e+00,0.000000e+00,0.000000e+00,2.942609e+03,3.432324e+03,3.107812e-03,-2.038890e-04,-2.760094e+00,1.136610e-03,0.000000e+00,0.000000e+00,0.000000e+00,0.000000e+00,0.000000e+00,0.000000e+00,0.000000e+00,0.000000e+00,0.000000e+00,0.000000e+00,0.000000e+00,0.000000e+00,0.000000e+00,0.000000e+00,0.000000e+00,0.000000e+00,0.000000e+00,0.000000e+00,0.000000e+00,0.000000e+00,0.000000e+00,-7.226335e+05,-4.895906e+02,-4.054847e+05,1.627045e-02,-1.290132e-03,-8.682226e-01,-3.680102e-04,-4.744542e-03,-1.063783e-02,-1.692020e-06,9.887706e-07,1.218030e+00,2.232892e-03,-4.078792e-04,-3.921336e-07,-7.672944e-04,3.968558e-05,-4.854128e+00,-3.361629e+00,1.999312e-01,-2.436583e+03,-1.006389e+04,4.886493e+02,8.285624e+05,5.620868e-03,4.659756e-01,-8.158369e-04,-1.919531e+01,1.331256e+03,-3.462088e+00
1.830232e-03,3.015407e+03,1.329496e+04,-5.982110e-03,3.865572e-04,-1.089976e+01,1.023761e-01,9.774000e-07,1.521512e+00,0.000000e+00,0.000000e+00,1.299854e+02,0.000000e+00,0.000000e+00,0.000000e+00,0.000000e+00,0.000000e+00,0.000000e+00,0.000000e+00,0.000000e+00,0.000000e+00,0.000000e+00,0.000000e+00,0.000000e+00,0.000000e+00,0.000000e+00,0.000000e+00,0.000000e+00,0.000000e+00,0.000000e+00,0.000000e+00,0.000000e+00,0.000000e+00,0.000000e+00,0.000000e+00,0.000000e+00,0.000000e+00,0.000000e+00,0.000000e+00,0.000000e+00,0.000000e+00,0.000000e+00,0.000000e+00,0.000000e+00,0.000000e+00,0.000000e+00,0.000000e+00,0.000000e+00,0.000000e+00,3.015407e+03,3.422447e+03,3.340789e-03,-2.402621e-04,-2.754754e+00,1.136610e-03,0.000000e+00,0.000000e+00,0.000000e+00,0.000000e+00,0.000000e+00,0.000000e+00,0.000000e+00,0.000000e+00,0.000000e+00,0.000000e+00,0.000000e+00,0.000000e+00,0.000000e+00,0.000000e+00,0.000000e+00,0.000000e+00,0.000000e+00,0.000000e+00,0.000000e+00,0.000000e+00,0.000000e+00,-7.508307e+05,3.001041e+02,-4.194113e+05,1.673006e-02,-1.336888e-03,-8.951669e-01,-3.805244e-04,-4.908030e-03,-1.105130e-02,-1.726077e-06,9.180930e-07,1.251669e+00,2.072114e-03,-3.868139e-04,-4.009847e-07,-8.006709e-04,4.166700e-05,-4.877899e+00,-3.457562e+00,2.063545e-01,-2.428333e+03,-1.209422e+04,-3.011378e+02,8.599455e+05,5.796057e-03,4.798018e-01,-8.504175e-04,-1.063722e+02,1.540122e+03,1.014102e+01
1.840006e-03,3.089508e+03,1.321631e+04,-5.994753e-03,4.303732e-04,-1.086750e+01,1.023761e-01,9.774000e-07,1.614542e+00,0.000000e+00,0.000000e+00,1.344888e+02,0.000000e+00,0.000000e+00,0.000000e+00,0.000000e+00,0.000000e+00,0.000000e+00,0.000000e+00,0.000000e+00,0.000000e+00,0.000000e+00,0.000000e+00,0.000000e+00,0.000000e+00,0.000000e+00,0.000000e+00,0.000000e+00,0.000000e+00,0.000000e+00,0.000000e+00,0.000000e+00,0.000000e+00,0.000000e+00,0.000000e+00,0.000000e+00,0.000000e+00,0.000000e+00,0.000000e+00,0.000000e+00,0.000000e+00,0.000000e+00,0.000000e+00,0.000000e+00,0.000000e+00,0.000000e+00,0.000000e+00,0.000000e+00,0.000000e+00,3.089508e+03,3.413445e+03,3.540371e-03,-2.376059e-04,-2.750915e+00,1.136610e-03,0.000000e+00,0.000000e+00,0.000000e+00,0.000000e+00,0.000000e+00,0.000000e+00,0.000000e+00,0.000000e+00,0.000000e+00,0.000000e+00,0.000000e+00,0.000000e+00,0.000000e+00,0.000000e+00,0.000000e+00,0.000000e+00,0.000000e+00,0.000000e+00,0.000000e+00,0.000000e+00,0.000000e+00,-7.523211e+05,-7.752974e+02,-4.240523e+05,1.719154e-02,-1.413073e-03,-9.230394e-01,-4.024137e-04,-5.052363e-03,-1.150112e-02,-1.780261e-06,8.430938e-07,1.283956e+00,1.919756e-03,-4.314653e-04,-4.105385e-07,-8.350016e-04,4.371907e-05,-4.901588e+00,-3.556627e+00,2.137055e-01,-2.419765e+03,-8.815703e+03,7.742198e+02,8.635564e+05,5.378522e-03,4.943018e-01,-8.283986e-04,2.505919e+02,1.492281e+03,-2.049590e+01
1.850758e-03,3.171021e+03,1.312925e+04,-5.832538e-03,4.195983e-04,-1.083061e+01,1.023761e-01,9.774000e-07,1.720609e+00,0.000000e+00,0.000000e+00,1.399706e+02,0.000000e+00,0.000000e+00,0.000000e+00,0.000000e+00,0.000000e+00,0.000000e+00,0.000000e+00,0.000000e+00,0.000000e+00,0.000000e+00,0.000000e+00,0.000000e+00,0.000000e+00,0.000000e+00,0.000000e+00,0.000000e+00,0.000000e+00,0.000000e+00,0.000000e+00,0.000000e+00,0.000000e+00,0.000000e+00,0.000000e+00,0.000000e+00,0.000000e+00,0.000000e+00,0.000000e+00,0.000000e+00,0.000000e+00,0.000000e+00,0.000000e+00,0.000000e+00,0.000000e+00,0.000000e+00,0.000000e+00,0.000000e+00,0.000000e+00,3.171021e+03,3.403060e+03,3.890549e-03,-2.556166e-04,-2.745961e+00,1.136609e-03,0.000000e+00,0.000000e+00,0.000000e+00,0.000000e+00,0.000000e+00,0.000000e+00,0.000000e+00,0.000000e+00,0.000000e+00,0.000000e+00,0.000000e+00,0.000000e+00,0.000000e+00,0.000000e+00,0.000000e+00,0.000000e+00,0.000000e+00,0.000000e+00,0.000000e+00,0.000000e+00,0.000000e+00,-8.103544e+05,2.889622e+02,-4.548067e+05,1.770902e-02,-1.444297e-03,-9.540358e-01,-4.344528e-04,-5.258433e-03,-1.198848e-02,-1.835135e-06,7.635483e-07,1.320906e+00,1.593058e-03,-4.157267e-04,-4.219568e-07,-8.738168e-04,4.604671e-05,-4.927548e+00,-3.658139e+00,2.205308e-01,-2.410299e+03,-1.118521e+04,-2.901950e+02,9.291922e+05,5.949397e-03,5.102755e-01,-8.837932e-04,-6.786249e+01,1.545854e+03,4.392552e+00
1.860532e-03,3.246531e+03,1.304862e+04,-5.892215e-03,4.683921e-04,-1.079649e+01,1.023761e-01,9.774000e-07,1.823253e+00,0.000000e+00,0.000000e+00,1.449829e+02,0.000000e+00,0.000000e+00,0.000000e+00,0.000000e+00,0.000000e+00,0.000000e+00,0.000000e+00,0.000000e+00,0.000000e+00,0.000000e+00,0.000000e+00,0.000000e+00,0.000000e+00,0.000000e+00,0.000000e+00,0.000000e+00,0.000000e+00,0.000000e+00,0.000000e+00,0.000000e+00,0.000000e+00,0.000000e+00,0.000000e+00,0.000000e+00,0.000000e+00,0.000000e+00,0.000000e+00,0.000000e+00,0.000000e+00,0.000000e+00,0.000000e+00,0.000000e+00,0.000000e+00,0.000000e+00,0.000000e+00,0.000000e+00,0.000000e+00,3.246531e+03,3.394335e+03,4.074289e-03,-2.355489e-04,-2.741818e+00,1.136610e-03,0.000000e+00,0.000000e+00,0.000000e+00,0.000000e+00,0.000000e+00,0.000000e+00,0.000000e+00,0.000000e+00,0.000000e+00,0.000000e+00,0.000000e+00,0.000000e+00,0.000000e+00,0.000000e+00,0.000000e+00,0.000000e+00,0.000000e+00,0.000000e+00,0.000000e+00,0.000000e+00,0.000000e+00,-7.773329e+05,-4.220444e+02,-4.392786e+05,1.816072e-02,-1.465311e-03,-9.829223e-01,-4.729901e-04,-5.456560e-03,-1.245158e-02,-1.884298e-06,6.890423e-07,1.355072e+00,1.496214e-03,-4.689406e-04,-4.328963e-07,-9.100450e-04,4.823388e-05,-4.951059e+00,-3.746747e+00,2.255191e-01,-2.401380e+03,-8.122237e+03,4.208160e+02,8.928304e+05,6.311074e-03,5.253298e-01,-9.311816e-04,-5.038185e+01,1.477188e+03,3.403666e+00
1.870306e-03,3.322864e+03,1.296708e+04,-5.810970e-03,4.688842e-04,-1.076169e+01,1.023761e-01,9.774000e-07,1.928743e+00,0.000000e+00,0.000000e+00,1.501071e+02,0.000000e+00,0.000000e+00,0.000000e+00,0.000000e+00,0.000000e+00,0.000000e+00,0.000000e+00,0.000000e+00,0.000000e+00,0.000000e+00,0.000000e+00,0.000000e+00,0.000000e+00,0.000000e+00,0.000000e+00,0.000000e+00,0.000000e+00,0.000000e+00,0.000000e+00,0.000000e+00,0.000000e+00,0.000000e+00,0.000000e+00,0.000000e+00,0.000000e+00,0.000000e+00,0.000000e+00,0.000000e+00,0.000000e+00,0.000000e+00,0.000000e+00,0.000000e+00,0.000000e+00,0.000000e+00,0.000000e+00,0.000000e+00,0.000000e+00,3.322864e+03,3.385277e+03,4.290516e-03,-2.533763e-04,-2.737416e+00,1.136610e-03,0.000000e+00,0.000000e+00,0.000000e+00,0.000000e+00,0.000000e+00,0.000000e+00,0.000000e+00,0.000000e+00,0.000000e+00,0.000000e+00,0.000000e+00,0.000000e+00,0.000000e+00,0.000000e+00,0.000000e+00,0.000000e+00,0.000000e+00,0.000000e+00,0.000000e+00,0.000000e+00,0.000000e+00,-8.152915e+05,-1.047832e+03,-4.609937e+05,1.864063e-02,-1.525852e-03,-1.012399e+00,-5.333889e-04,-5.629844e-03,-1.292804e-02,-1.942029e-06,5.995225e-07,1.389924e+00,1.241836e-03,-4.658609e-04,-4.437443e-07,-9.471351e-04,5.048648e-05,-4.974482e+00,-3.834252e+00,2.351584e-01,-2.392354e+03,-8.285071e+03,1.046484e+03,9.365611e+05,6.223261e-03,5.402935e-01,-9.392390e-04,2.367388e+02,1.561954e+03,-2.041181e+01
1.880080e-03,3.400413e+03,1.288460e+04,-5.789438e-03,4.897446e-04,-1.072657e+01,1.023761e-01,9.774000e-07,2.040387e+00,0.000000e+00,0.000000e+00,1.549129e+02,0.000000e+00,0.000000e+00,0.000000e+00,0.000000e+00,0.000000e+00,0.000000e+00,0.000000e+00,0.000000e+00,0.000000e+00,0.000000e+00,0.000000e+00,0.000000e+00,0.000000e+00,0.000000e+00,0.000000e+00,0.000000e+00,0.000000e+00,0.000000e+00,0.000000e+00,0.000000e+00,0.000000e+00,0.000000e+00,0.000000e+00,0.000000e+00,0.000000e+00,0.000000e+00,0.000000e+00,0.000000e+00,0.000000e+00,0.000000e+00,0.000000e+00,0.000000e+00,0.000000e+00,0.000000e+00,0.000000e+00,0.000000e+00,0.000000e+00,3.400413e+03,3.376355e+03,4.492483e-03,-2.649929e-04,-2.733153e+00,1.136610e-03,0.000000e+00,0.000000e+00,0.000000e+00,0.000000e+00,0.000000e+00,0.000000e+00,0.000000e+00,0.000000e+00,0.000000e+00,0.000000e+00,0.000000e+00,0.000000e+00,0.000000e+00,0.000000e+00,0.000000e+00,0.000000e+00,0.000000e+00,0.000000e+00,0.000000e+00,0.000000e+00,0.000000e+00,-8.209398e+05,-9.138502e+02,-4.650576e+05,1.910726e-02,-1.582054e-03,-1.042389e+00,-5.876558e-04,-5.803625e-03,-1.341398e-02,-2.000308e-06,5.195724e-07,1.425029e+00,1.068831e-03,-4.925486e-04,-4.553417e-07,-9.850661e-04,5.280692e-05,-4.997815e+00,-3.919257e+00,2.426685e-01,-2.383136e+03,-7.583708e+03,9.124296e+02,9.434846e+05,6.649933e-03,5.557186e-01,-9.891759e-04,-1.299059e+02,1.589457e+03,6.311965e+00
1.890831e-03,3.486071e+03,1.279261e+04,-5.811498e-03,5.171031e-04,-1.068712e+01,1.023761e-01,9.774000e-07,2.168090e+00,0.000000e+00,0.000000e+00,1.611005e+02,0.000000e+00,0.000000e+00,0.000000e+00,0.000000e+00,0.000000e+00,0.000000e+00,0.000000e+00,0.000000e+00,0.000000e+00,0.000000e+00,0.000000e+00,0.000000e+00,0.000000e+00,0.000000e+00,0.000000e+00,0.000000e+00,0.000000e+00,0.000000e+00,0.000000e+00,0.000000e+00,0.000000e+00,0.000000e+00,0.000000e+00,0.000000e+00,0.000000e+00,0.000000e+00,0.000000e+00,0.000000e+00,0.000000e+00,0.000000e+00,0.000000e+00,0.000000e+00,0.000000e+00,0.000000e+00,0.000000e+00,0.000000e+00,0.000000e+00,3.486071e+03,3.366469e+03,4.661202e-03,-2.521998e-04,-2.728419e+00,1.136610e-03,0.000000e+00,0.000000e+00,0.000000e+00,0.000000e+00,0.000000e+00,0.000000e+00,0.000000e+00,0.000000e+00,0.000000e+00,0.000000e+00,0.000000e+00,0.000000e+00,0.000000e+00,0.000000e+00,0.000000e+00,0.000000e+00,0.000000e+00,0.000000e+00,0.000000e+00,0.000000e+00,0.000000e+00,-8.561766e+05,-1.145185e+03,-4.838819e+05,1.964211e-02,-1.601888e-03,-1.076043e+00,-6.641426e-04,-6.035077e-03,-1.395843e-02,-2.067739e-06,4.257074e-07,1.464574e+00,8.980623e-04,-5.138395e-04,-4.696721e-07,-1.027736e-03,5.544621e-05,-5.023377e+00,-4.010719e+00,2.489358e-01,-2.372821e+03,-8.888166e+03,1.143640e+03,9.834129e+05,6.969389e-03,5.728216e-01,-1.030350e-03,2.777769e+01,1.683554e+03,-4.704732e+00
1.900605e-03,3.565454e+03,1.270798e+04,-5.780798e-03,5.267608e-04,-1.065075e+01,1.023761e-01,9.774000e-07,2.289463e+00,0.000000e+00,0.000000e+00,1.661764e+02,0.000000e+00,0.000000e+00,0.000000e+00,0.000000e+00,0.000000e+00,0.000000e+00,0.000000e+00,0.000000e+00,0.000000e+00,0.000000e+00,0.000000e+00,0.000000e+00,0.000000e+00,0.000000e+00,0.000000e+00,0.000000e+00,0.000000e+00,0.000000e+00,0.000000e+00,0.000000e+00,0.000000e+00,0.000000e+00,0.000000e+00,0.000000e+00,0.000000e+00,0.000000e+00,0.000000e+00,0.000000e+00,0.000000e+00,0.000000e+00,0.000000e+00,0.000000e+00,0.000000e+00,0.000000e+00,0.000000e+00,0.000000e+00,0.000000e+00,3.565454e+03,3.357361e+03,4.844068e-03,-2.674086e-04,-2.724040e+00,1.136610e-03,0.000000e+00,0.000000e+00,0.000000e+00,0.000000e+00,0.000000e+00,0.000000e+00,0.000000e+00,0.000000e+00,0.000000e+00,0.000000e+00,0.000000e+00,0.000000e+00,0.000000e+00,0.000000e+00,0.000000e+00,0.000000e+00,0.000000e+00,0.000000e+00,0.000000e+00,0.000000e+00,0.000000e+00,-8.537852e+05,-7.226985e+02,-4.829684e+05,2.011970e-02,-1.636191e-03,-1.107033e+00,-7.363537e-04,-6.234068e-03,-1.446144e-02,-2.132580e-06,3.422115e-07,1.500937e+00,7.060805e-04,-5.286602e-04,-4.830567e-07,-1.067373e-03,5.792666e-05,-5.046517e+00,-4.091698e+00,2.563367e-01,-2.363284e+03,-8.478419e+03,7.210757e+02,9.808852e+05,7.336703e-03,5.886802e-01,-1.075123e-03,-5.286023e+01,1.639219e+03,3.207079e+00
1.910379e-03,3.645134e+03,1.262234e+04,-5.840892e-03,5.677287e-04,-1.061397e+01,1.023761e-01,9.774000e-07,2.416234e+00,0.000000e+00,0.000000e+00,1.719868e+02,0.000000e+00,0.000000e+00,0.000000e+00,0.000000e+00,0.000000e+00,0.000000e+00,0.000000e+00,0.000000e+00,0.000000e+00,0.000000e+00,0.000000e+00,0.000000e+00,0.000000e+00,0.000000e+00,0.000000e+00,0.000000e+00,0.000000e+00,0.000000e+00,0.000000e+00,0.000000e+00,0.000000e+00,0.000000e+00,0.000000e+00,0.000000e+00,0.000000e+00,0.000000e+00,0.000000e+00,0.000000e+00,0.000000e+00,0.000000e+00,0.000000e+00,0.000000e+00,0.000000e+00,0.000000e+00,0.000000e+00,0.000000e+00,0.000000e+00,3.645134e+03,3.348429e+03,4.963218e-03,-2.520081e-04,-2.719891e+00,1.136610e-03,0.000000e+00,0.000000e+00,0.000000e+00,0.000000e+00,0.000000e+00,0.000000e+00,0.000000e+00,0.000000e+00,0.000000e+00,0.000000e+00,0.000000e+00,0.000000e+00,0.000000e+00,0.000000e+00,0.000000e+00,0.000000e+00,0.000000e+00,0.000000e+00,0.000000e+00,0.000000e+00,0.000000e+00,-8.886034e+05,-1.581621e+03,-5.029557e+05,2.061049e-02,-1.700375e-03,-1.138790e+00,-8.215951e-04,-6.412559e-03,-1.498056e-02,-2.189680e-06,2.510888e-07,1.537793e+00,5.910263e-04,-5.657898e-04,-4.959059e-07,-1.107798e-03,6.048400e-05,-5.069564e+00,-4.171186e+00,2.639504e-01,-2.353551e+03,-8.565893e+03,1.579866e+03,1.021032e+06,7.371664e-03,6.047606e-01,-1.092785e-03,-1.079540e+01,1.682822e+03,-3.591200e+00
1.920153e-03,3.726111e+03,1.253569e+04,-5.825016e-03,5.650446e-04,-1.057636e+01,1.023762e-01,9.774000e-07,2.549000e+00,0.000000e+00,0.000000e+00,1.774730e+02,0.000000e+00,0.000000e+00,0.000000e+00,0.000000e+00,0.000000e+00,0.000000e+00,0.000000e+00,0.000000e+00,0.000000e+00,0.000000e+00,0.000000e+00,0.000000e+00,0.000000e+00,0.000000e+00,0.000000e+00,0.000000e+00,0.000000e+00,0.000000e+00,0.000000e+00,0.000000e+00,0.000000e+00,0.000000e+00,0.000000e+00,0.000000e+00,0.000000e+00,0.000000e+00,0.000000e+00,0.000000e+00,0.000000e+00,0.000000e+00,0.000000e+00,0.000000e+00,0.000000e+00,0.000000e+00,0.000000e+00,0.000000e+00,0.000000e+00,3.726111e+03,3.339523e+03,5.110471e-03,-2.805289e-04,-2.715576e+00,1.136610e-03,0.000000e+00,0.000000e+00,0.000000e+00,0.000000e+00,0.000000e+00,0.000000e+00,0.000000e+00,0.000000e+00,0.000000e+00,0.000000e+00,0.000000e+00,0.000000e+00,0.000000e+00,0.000000e+00,0.000000e+00,0.000000e+00,0.000000e+00,0.000000e+00,0.000000e+00,0.000000e+00,0.000000e+00,-8.830323e+05,-1.860313e+03,-4.998384e+05,2.110193e-02,-1.735246e-03,-1.170985e+00,-9.031319e-04,-6.631365e-03,-1.550685e-02,-2.258207e-06,1.527424e-07,1.575410e+00,4.030980e-04,-5.653705e-04,-5.093639e-07,-1.149001e-03,6.312457e-05,-5.092514e+00,-4.251230e+00,2.747321e-01,-2.343637e+03,-8.474818e+03,1.858496e+03,1.014649e+06,7.715337e-03,6.211709e-01,-1.144705e-03,1.183744e+02,1.688981e+03,-1.321696e+01
1.930904e-03,3.815832e+03,1.243931e+04,-5.897661e-03,6.105650e-04,-1.053473e+01,1.023762e-01,9.774000e-07,2.699993e+00,0.000000e+00,0.000000e+00,1.839357e+02,0.000000e+00,0.000000e+00,0.000000e+00,0.000000e+00,0.000000e+00,0.000000e+00,0.000000e+00,0.000000e+00,0.000000e+00,0.000000e+00,0.000000e+00,0.000000e+00,0.000000e+00,0.000000e+00,0.000000e+00,0.000000e+00,0.000000e+00,0.000000e+00,0.000000e+00,0.000000e+00,0.000000e+00,0.000000e+00,0.000000e+00,0.000000e+00,0.000000e+00,0.000000e+00,0.000000e+00,0.000000e+00,0.000000e+00,0.000000e+00,0.000000e+00,0.000000e+00,0.000000e+00,0.000000e+00,0.000000e+00,0.000000e+00,0.000000e+00,3.815832e+03,3.329434e+03,5.208925e-03,-2.735977e-04,-2.710952e+00,1.136610e-03,0.000000e+00,0.000000e+00,0.000000e+00,0.000000e+00,0.000000e+00,0.000000e+00,0.000000e+00,0.000000e+00,0.000000e+00,0.000000e+00,0.000000e+00,0.000000e+00,0.000000e+00,0.000000e+00,0.000000e+00,0.000000e+00,0.000000e+00,0.000000e+00,0.000000e+00,0.000000e+00,0.000000e+00,-9.131844e+05,-7.465356e+02,-5.174739e+05,2.165590e-02,-1.791172e-03,-1.206971e+00,-1.010792e-03,-6.846365e-03,-1.609441e-02,-2.339250e-06,4.182479e-08,1.617094e+00,2.823307e-04,-6.097651e-04,-5.252209e-07,-1.195210e-03,6.612933e-05,-5.117647e+00,-4.336046e+00,2.836924e-01,-2.332597e+03,-8.265260e+03,7.445724e+02,1.049579e+06,8.015372e-03,6.393095e-01,-1.184413e-03,-3.397317e+01,1.727462e+03,1.427737e+00
1.940678e-03,3.898460e+03,1.235062e+04,-5.911114e-03,6.120834e-04,-1.049601e+01,1.023762e-01,9.774000e-07,2.844355e+00,0.000000e+00,0.000000e+00,1.897991e+02,0.000000e+00,0.000000e+00,0.000000e+00,0.000000e+00,0.000000e+00,0.000000e+00,0.000000e+00,0.000000e+00,0.000000e+00,0.000000e+00,0.000000e+00,0.000000e+00,0.000000e+00,0.000000e+00,0.000000e+00,0.000000e+00,0.000000e+00,0.000000e+00,0.000000e+00,0.000000e+00,0.000000e+00,0.000000e+00,0.000000e+00,0.000000e+00,0.000000e+00,0.000000e+00,0.000000e+00,0.000000e+00,0.000000e+00,0.000000e+00,0.000000e+00,0.000000e+00,0.000000e+00,0.000000e+00,0.000000e+00,0.000000e+00,0.000000e+00,3.898460e+03,3.320392e+03,5.325783e-03,-2.935400e-04,-2.706649e+00,1.136610e-03,0.000000e+00,0.000000e+00,0.000000e+00,0.000000e+00,0.000000e+00,0.000000e+00,0.000000e+00,0.000000e+00,0.000000e+00,0.000000e+00,0.000000e+00,0.000000e+00,0.000000e+00,0.000000e+00,0.000000e+00,0.000000e+00,0.000000e+00,0.000000e+00,0.000000e+00,0.000000e+00,0.000000e+00,-9.191604e+05,-1.544777e+03,-5.215381e+05,2.216184e-02,-1.836629e-03,-1.240293e+00,-1.107832e-03,-7.055505e-03,-1.664075e-02,-2.417449e-06,-5.616153e-08,1.655850e+00,1.162694e-04,-6.118990e-04,-5.394831e-07,-1.238015e-03,6.894984e-05,-5.140391e+00,-4.414995e+00,2.928820e-01,-2.322349e+03,-7.725655e+03,1.542704e+03,1.056787e+06,8.256707e-03,6.561925e-01,-1.223343e-03,7.348434e+01,1.742097e+03,-9.678409e+00
1.950452e-03,3.982324e+03,1.226031e+04,-6.078798e-03,7.507179e-04,-1.045648e+01,1.023762e-01,9.774000e-07,2.999372e+00,0.000000e+00,0.000000e+00,1.961736e+02,0.000000e+00,0.000000e+00,0.000000e+00,0.000000e+00,0.000000e+00,0.000000e+00,0.000000e+00,0.000000e+00,0.000000e+00,0.000000e+00,0.000000e+00,0.000000e+00,0.000000e+00,0.000000e+00,0.000000e+00,0.000000e+00,0.000000e+00,0.000000e+00,0.000000e+00,0.000000e+00,0.000000e+00,0.000000e+00,0.000000e+00,0.000000e+00,0.000000e+00,0.000000e+00,0.000000e+00,0.000000e+00,0.000000e+00,0.000000e+00,0.000000e+00,0.000000e+00,0.000000e+00,0.000000e+00,0.000000e+00,0.000000e+00,0.000000e+00,3.982324e+03,3.311560e+03,5.324618e-03,-2.293717e-04,-2.702526e+00,1.136610e-03,0.000000e+00,0.000000e+00,0.000000e+00,0.000000e+00,0.000000e+00,0.000000e+00,0.000000e+00,0.000000e+00,0.000000e+00,0.000000e+00,0.000000e+00,0.000000e+00,0.000000e+00,0.000000e+00,0.000000e+00,0.000000e+00,0.000000e+00,0.000000e+00,0.000000e+00,0.000000e+00,0.000000e+00,-9.269241e+05,-1.399098e+03,-5.262134e+05,2.252089e-02,-1.884992e-03,-1.274560e+00,-1.127747e-03,-7.263695e-03,-1.722654e-02,-2.499482e-06,-1.572895e-07,1.695490e+00,6.873343e-05,-7.543964e-04,-5.546550e-07,-1.281429e-03,7.185959e-05,-5.163033e+00,-4.471849e+00,3.024642e-01,-2.311808e+03,-7.550092e+03,1.396924e+03,1.065848e+06,8.612694e-03,6.738676e-01,-1.271678e-03,-7.326519e+00,1.723620e+03,-6.490148e-01
1.960226e-03,4.067216e+03,1.216863e+04,-6.130838e-03,6.901541e-04,-1.041623e+01,1.023763e-01,9.774000e-07,3.150203e+00,0.000000e+00,0.000000e+00,2.029194e+02,0.000000e+00,0.000000e+00,0.000000e+00,0.000000e+00,0.000000e+00,0.000000e+00,0.000000e+00,0.000000e+00,0.000000e+00,0.000000e+00,0.000000e+00,0.000000e+00,0.000000e+00,0.000000e+00,0.000000e+00,0.000000e+00,0.000000e+00,0.000000e+00,0.000000e+00,0.000000e+00,0.000000e+00,0.000000e+00,0.000000e+00,0.000000e+00,0.000000e+00,0.000000e+00,0.000000e+00,0.000000e+00,0.000000e+00,0.000000e+00,0.000000e+00,0.000000e+00,0.000000e+00,0.000000e+00,0.000000e+00,0.000000e+00,0.000000e+00,4.067216e+03,3.301946e+03,5.385319e-03,-2.642815e-04,-2.698062e+00,1.136610e-03,0.000000e+00,0.000000e+00,0.000000e+00,0.000000e+00,0.000000e+00,0.000000e+00,0.000000e+00,0.000000e+00,0.000000e+00,0.000000e+00,0.000000e+00,0.000000e+00,0.000000e+00,0.000000e+00,0.000000e+00,0.000000e+00,0.000000e+00,0.000000e+00,0.000000e+00,0.000000e+00,0.000000e+00,-9.706680e+05,-1.058551e+03,-5.517295e+05,2.314202e-02,-1.933473e-03,-1.309263e+00,-1.320858e-03,-7.474936e-03,-1.780765e-02,-2.572730e-06,-2.582907e-07,1.735871e+00,-1.597229e-05,-6.846026e-04,-5.691867e-07,-1.325569e-03,7.486311e-05,-5.185572e+00,-4.552968e+00,3.120587e-01,-2.301164e+03,-7.307439e+03,1.056176e+03,1.116489e+06,8.644723e-03,6.906594e-01,-1.284860e-03,2.451873e+02,1.652757e+03,-2.888646e+01
1.970000e-03,4.153314e+03,1.207604e+04,-6.204774e-03,6.891070e-04,-1.037589e+01,1.023763e-01,9.774000e-07,3.316114e+00,0.000000e+00,0.000000e+00,2.092380e+02,0.000000e+00,0.000000e+00,0.000000e+00,0.000000e+00,0.000000e+00,0.000000e+00,0.000000e+00,0.000000e+00,0.000000e+00,0.000000e+00,0.000000e+00,0.000000e+00,0.000000e+00,0.000000e+00,0.000000e+00,0.000000e+00,0.000000e+00,0.000000e+00,0.000000e+00,0.000000e+00,0.000000e+00,0.000000e+00,0.000000e+00,0.000000e+00,0.000000e+00,0.000000e+00,0.000000e+00,0.000000e+00,0.000000e+00,0.000000e+00,0.000000e+00,0.000000e+00,0.000000e+00,0.000000e+00,0.000000e+00,0.000000e+00,0.000000e+00,4.153314e+03,3.292602e+03,5.405370e-03,-2.973448e-04,-2.694005e+00,1.136610e-03,0.000000e+00,0.000000e+00,0.000000e+00,0.000000e+00,0.000000e+00,0.000000e+00,0.000000e+00,0.000000e+00,0.000000e+00,0.000000e+00,0.000000e+00,0.000000e+00,0.000000e+00,0.000000e+00,0.000000e+00,0.000000e+00,0.000000e+00,0.000000e+00,0.000000e+00,0.000000e+00,0.000000e+00,-9.849905e+05,-9.124923e+02,-5.581282e+05,2.355520e-02,-1.981341e-03,-1.344645e+00,-1.366348e-03,-7.688493e-03,-1.840813e-02,-2.649217e-06,-3.663008e-07,1.776210e+00,-1.306941e-04,-6.905619e-04,-5.851402e-07,-1.370400e-03,7.795681e-05,-5.208004e+00,-4.614998e+00,3.211914e-01,-2.290286e+03,-8.916444e+03,9.099920e+02,1.132093e+06,9.202264e-03,7.084751e-01,-1.357903e-03,-3.304985e+01,1.975235e+03,1.720741e+00
1.980752e-03,4.248312e+03,1.197318e+04,-6.292014e-03,7.451710e-04,-1.033070e+01,1.023763e-01,9.774000e-07,3.500089e+00,0.000000e+00,0.000000e+00,2.169270e+02,0.000000e+00,0.000000e+00,0.000000e+00,0.000000e+00,0.000000e+00,0.000000e+00,0.000000e+00,0.000000e+00,0.000000e+00,0.000000e+00,0.000000e+00,0.000000e+00,0.000000e+00,0.000000e+00,0.000000e+00,0.000000e+00,0.000000e+00,0.000000e+00,0.000000e+00,0.000000e+00,0.000000e+00,0.000000e+00,0.000000e+00,0.000000e+00,0.000000e+00,0.000000e+00,0.000000e+00,0.000000e+00,0.000000e+00,0.000000e+00,0.000000e+00,0.000000e+00,0.000000e+00,0.000000e+00,0.000000e+00,0.000000e+00,0.000000e+00,4.248312e+03,3.282156e+03,5.495654e-03,-3.009675e-04,-2.689395e+00,1.136610e-03,0.000000e+00,0.000000e+00,0.000000e+00,0.000000e+00,0.000000e+00,0.000000e+00,0.000000e+00,0.000000e+00,0.000000e+00,0.000000e+00,0.000000e+00,0.000000e+00,0.000000e+00,0.000000e+00,0.000000e+00,0.000000e+00,0.000000e+00,0.000000e+00,0.000000e+00,0.000000e+00,0.000000e+00,-1.023429e+06,-1.249775e+03,-5.883327e+05,2.416593e-02,-2.046644e-03,-1.384109e+00,-1.531349e-03,-7.916641e-03,-1.907790e-02,-2.739373e-06,-4.885943e-07,1.821491e+00,-2.497847e-04,-7.506718e-04,-6.034734e-07,-1.420542e-03,8.147328e-05,-5.232557e+00,-4.703016e+00,3.324519e-01,-2.278175e+03,-1.959275e+03,1.247035e+03,1.180483e+06,9.223087e-03,7.279766e-01,-1.369230e-03,1.961295e+02,1.798141e+03,-2.071130e+01
1.990526e-03,4.335852e+03,1.187867e+04,-6.402376e-03,8.078105e-04,-1.028872e+01,1.023763e-01,9.774000e-07,3.676237e+00,0.000000e+00,0.000000e+00,2.236675e+02,0.000000e+00,0.000000e+00,0.000000e+00,0.000000e+00,0.000000e+00,0.000000e+00,0.000000e+00,0.000000e+00,0.000000e+00,0.000000e+00,0.000000e+00,0.000000e+00,0.000000e+00,0.000000e+00,0.000000e+00,0.000000e+00,0.000000e+00,0.000000e+00,0.000000e+00,0.000000e+00,0.000000e+00,0.000000e+00,0.000000e+00,0.000000e+00,0.000000e+00,0.000000e+00,0.000000e+00,0.000000e+00,0.000000e+00,0.000000e+00,0.000000e+00,0.000000e+00,0.000000e+00,0.000000e+00,0.000000e+00,0.000000e+00,0.000000e+00,4.335852e+03,3.272634e+03,5.512403e-03,-2.703911e-04,-2.685055e+00,1.136610e-03,0.000000e+00,0.000000e+00,0.000000e+00,0.000000e+00,0.000000e+00,0.000000e+00,0.000000e+00,0.000000e+00,0.000000e+00,0.000000e+00,0.000000e+00,0.000000e+00,0.000000e+00,0.000000e+00,0.000000e+00,0.000000e+00,0.000000e+00,0.000000e+00,0.000000e+00,0.000000e+00,0.000000e+00,-9.952824e+05,-7.231392e+02,-5.632596e+05,2.469845e-02,-2.088019e-03,-1.420410e+00,-1.648500e-03,-8.144018e-03,-1.968938e-02,-2.819505e-06,-6.031419e-07,1.863495e+00,-3.309117e-04,-8.050189e-04,-6.193080e-07,-1.466820e-03,8.477160e-05,-5.254764e+00,-4.770956e+00,3.419499e-01,-2.266959e+03,-9.599131e+03,7.203965e+02,1.143572e+06,9.812745e-03,7.460682e-01,-1.448383e-03,-3.979227e+01,1.842292e+03,3.585840e+00
2.000300e-03,4.424205e+03,1.178313e+04,-6.514370e-03,7.630521e-04,-1.024617e+01,1.023763e-01,9.774000e-07,3.860235e+00,0.000000e+00,0.000000e+00,2.306648e+02,0.000000e+00,0.000000e+00,0.000000e+00,0.000000e+00,0.000000e+00,0.000000e+00,0.000000e+00,0.000000e+00,0.000000e+00,0.000000e+00,0.000000e+00,0.000000e+00,0.000000e+00,0.000000e+00,0.000000e+00,0.000000e+00,0.000000e+00,0.000000e+00,0.000000e+00,0.000000e+00,0.000000e+00,0.000000e+00,0.000000e+00,0.000000e+00,0.000000e+00,0.000000e+00,0.000000e+00,0.000000e+00,0.000000e+00,0.000000e+00,0.000000e+00,0.000000e+00,0.000000e+00,0.000000e+00,0.000000e+00,0.000000e+00,0.000000e+00,4.424205e+03,3.263231e+03,5.531960e-03,-3.163298e-04,-2.680774e+00,1.136610e-03,0.000000e+00,0.000000e+00,0.000000e+00,0.000000e+00,0.000000e+00,0.000000e+00,0.000000e+00,0.000000e+00,0.000000e+00,0.000000e+00,0.000000e+00,0.000000e+00,0.000000e+00,0.000000e+00,0.000000e+00,0.000000e+00,0.000000e+00,0.000000e+00,0.000000e+00,0.000000e+00,0.000000e+00,-1.016632e+06,-1.514705e+03,-5.770022e+05,2.519572e-02,-2.151199e-03,-1.457602e+00,-1.754825e-03,-8.351642e-03,-2.032510e-02,-2.907347e-06,-7.199635e-07,1.906071e+00,-4.180004e-04,-7.649811e-04,-6.363777e-07,-1.513835e-03,8.816825e-05,-5.276860e+00,-4.840371e+00,3.504482e-01,-2.255527e+03,-8.358591e+03,1.511799e+03,1.168932e+06,9.914687e-03,7.644692e-01,-1.470493e-03,-3.862883e+00,1.975357e+03,1.220848e-01
2.010074e-03,4.513395e+03,1.168662e+04,-6.608186e-03,8.441291e-04,-1.020307e+01,1.023763e-01,9.774000e-07,4.050889e+00,0.000000e+00,0.000000e+00,2.377621e+02,0.000000e+00,0.000000e+00,0.000000e+00,0.000000e+00,0.000000e+00,0.000000e+00,0.000000e+00,0.000000e+00,0.000000e+00,0.000000e+00,0.000000e+00,0.000000e+00,0.000000e+00,0.000000e+00,0.000000e+00,0.000000e+00,0.000000e+00,0.000000e+00,0.000000e+00,0.000000e+00,0.000000e+00,0.000000e+00,0.000000e+00,0.000000e+00,0.000000e+00,0.000000e+00,0.000000e+00,0.000000e+00,0.000000e+00,0.000000e+00,0.000000e+00,0.000000e+00,0.000000e+00,0.000000e+00,0.000000e+00,0.000000e+00,0.000000e+00,4.513395e+03,3.253523e+03,5.584091e-03,-3.055426e-04,-2.676409e+00,1.136610e-03,0.000000e+00,0.000000e+00,0.000000e+00,0.000000e+00,0.000000e+00,0.000000e+00,0.000000e+00,0.000000e+00,0.000000e+00,0.000000e+00,0.000000e+00,0.000000e+00,0.000000e+00,0.000000e+00,0.000000e+00,0.000000e+00,0.000000e+00,0.000000e+00,0.000000e+00,0.000000e+00,0.000000e+00,-1.033979e+06,-1.762922e+03,-5.900073e+05,2.573016e-02,-2.207071e-03,-1.495268e+00,-1.882739e-03,-8.581637e-03,-2.096893e-02,-2.991588e-06,-8.406253e-07,1.949226e+00,-5.206970e-04,-8.495421e-04,-6.537898e-07,-1.561575e-03,9.166254e-05,-5.298843e+00,-4.914852e+00,3.631446e-01,-2.243943e+03,-5.755420e+03,1.759831e+03,1.190457e+06,1.004133e-02,7.832155e-01,-1.493331e-03,2.768507e+02,1.827595e+03,-3.546368e+01
2.020825e-03,4.612436e+03,1.157860e+04,-6.599611e-03,8.262076e-04,-1.015414e+01,1.023763e-01,9.774000e-07,4.267040e+00,0.000000e+00,0.000000e+00,2.465237e+02,0.000000e+00,0.000000e+00,0.000000e+00,0.000000e+00,0.000000e+00,0.000000e+00,0.000000e+00,0.000000e+00,0.000000e+00,0.000000e+00,0.000000e+00,0.000000e+00,0.000000e+00,0.000000e+00,0.000000e+00,0.000000e+00,0.000000e+00,0.000000e+00,0.000000e+00,0.000000e+00,0.000000e+00,0.000000e+00,0.000000e+00,0.000000e+00,0.000000e+00,0.000000e+00,0.000000e+00,0.000000e+00,0.000000e+00,0.000000e+00,0.000000e+00,0.000000e+00,0.000000e+00,0.000000e+00,0.000000e+00,0.000000e+00,0.000000e+00,4.612436e+03,3.241905e+03,5.703134e-03,-3.282300e-04,-2.670958e+00,1.136609e-03,0.000000e+00,0.000000e+00,0.000000e+00,0.000000e+00,0.000000e+00,0.000000e+00,0.000000e+00,0.000000e+00,0.000000e+00,0.000000e+00,0.000000e+00,0.000000e+00,0.000000e+00,0.000000e+00,0.000000e+00,0.000000e+00,0.000000e+00,0.000000e+00,0.000000e+00,0.000000e+00,0.000000e+00,-1.073431e+06,-4.229703e+02,-6.114471e+05,2.634873e-02,-2.284532e-03,-1.537194e+00,-2.029879e-03,-8.812902e-03,-2.168123e-02,-3.088239e-06,-9.736345e-07,1.998277e+00,-7.652176e-04,-8.264768e-04,-6.736770e-07,-1.614917e-03,9.562405e-05,-5.322894e+00,-4.997812e+00,3.739962e-01,-2.231070e+03,-6.893002e+03,4.196302e+02,1.235343e+06,1.043163e-02,8.037685e-01,-1.547628e-03,-7.884322e+01,2.022619e+03,3.754138e+00
2.030599e-03,4.704394e+03,1.147974e+04,-6.581563e-03,8.797474e-04,-1.010915e+01,1.023763e-01,9.774000e-07,4.472471e+00,0.000000e+00,0.000000e+00,2.531778e+02,0.000000e+00,0.000000e+00,0.000000e+00,0.000000e+00,0.000000e+00,0.000000e+00,0.000000e+00,0.000000e+00,0.000000e+00,0.000000e+00,0.000000e+00,0.000000e+00,0.000000e+00,0.000000e+00,0.000000e+00,0.000000e+00,0.000000e+00,0.000000e+00,0.000000e+00,0.000000e+00,0.000000e+00,0.000000e+00,0.000000e+00,0.000000e+00,0.000000e+00,0.000000e+00,0.000000e+00,0.000000e+00,0.000000e+00,0.000000e+00,0.000000e+00,0.000000e+00,0.000000e+00,0.000000e+00,0.000000e+00,0.000000e+00,0.000000e+00,4.704394e+03,3.231580e+03,5.865628e-03,-3.308371e-04,-2.665947e+00,1.136610e-03,0.000000e+00,0.000000e+00,0.000000e+00,0.000000e+00,0.000000e+00,0.000000e+00,0.000000e+00,0.000000e+00,0.000000e+00,0.000000e+00,0.000000e+00,0.000000e+00,0.000000e+00,0.000000e+00,0.000000e+00,0.000000e+00,0.000000e+00,0.000000e+00,0.000000e+00,0.000000e+00,0.000000e+00,-1.065274e+06,-1.414347e+03,-6.048309e+05,2.693807e-02,-2.326365e-03,-1.575972e+00,-2.186624e-03,-9.055830e-03,-2.234087e-02,-3.176380e-06,-1.098735e-06,2.043232e+00,-9.746191e-04,-8.867714e-04,-6.915320e-07,-1.664188e-03,9.932712e-05,-5.344636e+00,-5.075768e+00,3.844656e-01,-2.219113e+03,-8.537278e+03,1.410895e+03,1.224972e+06,1.083788e-02,8.229848e-01,-1.601540e-03,2.318111e+01,1.871320e+03,-3.656947e+00
2.040373e-03,4.796657e+03,1.137990e+04,-6.626145e-03,9.007292e-04,-1.006417e+01,1.023763e-01,9.774000e-07,4.682920e+00,0.000000e+00,0.000000e+00,2.606038e+02,0.000000e+00,0.000000e+00,0.000000e+00,0.000000e+00,0.000000e+00,0.000000e+00,0.000000e+00,0.000000e+00,0.000000e+00,0.000000e+00,0.000000e+00,0.000000e+00,0.000000e+00,0.000000e+00,0.000000e+00,0.000000e+00,0.000000e+00,0.000000e+00,0.000000e+00,0.000000e+00,0.000000e+00,0.000000e+00,0.000000e+00,0.000000e+00,0.000000e+00,0.000000e+00,0.000000e+00,0.000000e+00,0.000000e+00,0.000000e+00,0.000000e+00,0.000000e+00,0.000000e+00,0.000000e+00,0.000000e+00,0.000000e+00,0.000000e+00,4.796657e+03,3.221433e+03,5.959931e-03,-3.305338e-04,-2.661478e+00,1.136610e-03,0.000000e+00,0.000000e+00,0.000000e+00,0.000000e+00,0.000000e+00,0.000000e+00,0.000000e+00,0.000000e+00,0.000000e+00,0.000000e+00,0.000000e+00,0.000000e+00,0.000000e+00,0.000000e+00,0.000000e+00,0.000000e+00,0.000000e+00,0.000000e+00,0.000000e+00,0.000000e+00,0.000000e+00,-1.091124e+06,-9.382539e+02,-6.196739e+05,2.756986e-02,-2.375384e-03,-1.615572e+00,-2.373136e-03,-9.292319e-03,-2.302618e-02,-3.267668e-06,-1.230975e-06,2.088334e+00,-1.091378e-03,-9.029726e-04,-7.105921e-07,-1.714226e-03,1.031326e-04,-5.366260e+00,-5.157725e+00,3.947136e-01,-2.206936e+03,-8.590450e+03,9.345879e+02,1.254781e+06,1.129231e-02,8.420973e-01,-1.665653e-03,-7.743108e+01,1.967917e+03,7.224682e+00
2.050147e-03,4.889324e+03,1.127922e+04,-6.643195e-03,9.118794e-04,-1.001817e+01,1.023764e-01,9.774000e-07,4.904058e+00,0.000000e+00,0.000000e+00,2.683559e+02,0.000000e+00,0.000000e+00,0.000000e+00,0.000000e+00,0.000000e+00,0.000000e+00,0.000000e+00,0.000000e+00,0.000000e+00,0.000000e+00,0.000000e+00,0.000000e+00,0.000000e+00,0.000000e+00,0.000000e+00,0.000000e+00,0.000000e+00,0.000000e+00,0.000000e+00,0.000000e+00,0.000000e+00,0.000000e+00,0.000000e+00,0.000000e+00,0.000000e+00,0.000000e+00,0.000000e+00,0.000000e+00,0.000000e+00,0.000000e+00,0.000000e+00,0.000000e+00,0.000000e+00,0.000000e+00,0.000000e+00,0.000000e+00,0.000000e+00,4.889324e+03,3.211159e+03,6.046004e-03,-3.486979e-04,-2.656775e+00,1.136610e-03,0.000000e+00,0.000000e+00,0.000000e+00,0.000000e+00,0.000000e+00,0.000000e+00,0.000000e+00,0.000000e+00,0.000000e+00,0.000000e+00,0.000000e+00,0.000000e+00,0.000000e+00,0.000000e+00,0.000000e+00,0.000000e+00,0.000000e+00,0.000000e+00,0.000000e+00,0.000000e+00,0.000000e+00,-1.108856e+06,-1.069328e+03,-6.315983e+05,2.814480e-02,-2.439390e-03,-1.655639e+00,-2.523364e-03,-9.520145e-03,-2.371404e-02,-3.364873e-06,-1.357917e-06,2.134424e+00,-1.296041e-03,-9.201410e-04,-7.302984e-07,-1.765045e-03,1.070378e-04,-5.387764e+00,-5.233552e+00,4.041089e-01,-2.194610e+03,-7.113189e+03,1.065466e+03,1.276098e+06,1.140158e-02,8.617457e-01,-1.690051e-03,-9.177920e+00,2.026826e+03,1.579480e+00
2.060899e-03,4.992952e+03,1.116729e+04,-6.571442e-03,9.598672e-04,-9.966434e+00,1.023764e-01,9.774000e-07,5.153840e+00,0.000000e+00,0.000000e+00,2.763582e+02,0.000000e+00,0.000000e+00,0.000000e+00,0.000000e+00,0.000000e+00,0.000000e+00,0.000000e+00,0.000000e+00,0.000000e+00,0.000000e+00,0.000000e+00,0.000000e+00,0.000000e+00,0.000000e+00,0.000000e+00,0.000000e+00,0.000000e+00,0.000000e+00,0.000000e+00,0.000000e+00,0.000000e+00,0.000000e+00,0.000000e+00,0.000000e+00,0.000000e+00,0.000000e+00,0.000000e+00,0.000000e+00,0.000000e+00,0.000000e+00,0.000000e+00,0.000000e+00,0.000000e+00,0.000000e+00,0.000000e+00,0.000000e+00,0.000000e+00,4.992952e+03,3.199855e+03,6.242452e-03,-3.453622e-04,-2.651343e+00,1.136610e-03,0.000000e+00,0.000000e+00,0.000000e+00,0.000000e+00,0.000000e+00,0.000000e+00,0.000000e+00,0.000000e+00,0.000000e+00,0.000000e+00,0.000000e+00,0.000000e+00,0.000000e+00,0.000000e+00,0.000000e+00,0.000000e+00,0.000000e+00,0.000000e+00,0.000000e+00,0.000000e+00,0.000000e+00,-1.120675e+06,-7.292266e+02,-6.382669e+05,2.884710e-02,-2.491378e-03,-1.700511e+00,-2.741789e-03,-9.799496e-03,-2.449228e-02,-3.480326e-06,-1.525084e-06,2.186153e+00,-1.592326e-03,-9.662127e-04,-7.518899e-07,-1.821825e-03,1.114528e-04,-5.411279e+00,-5.320031e+00,4.173586e-01,-2.180790e+03,-7.232109e+03,7.251559e+02,1.289669e+06,1.188144e-02,8.834310e-01,-1.755975e-03,3.585316e+01,2.049268e+03,-5.800280e+00
2.070673e-03,5.087609e+03,1.106478e+04,-6.616564e-03,9.675162e-04,-9.919387e+00,1.023764e-01,9.774000e-07,5.391141e+00,0.000000e+00,0.000000e+00,2.839119e+02,0.000000e+00,0.000000e+00,0.000000e+00,0.000000e+00,0.000000e+00,0.000000e+00,0.000000e+00,0.000000e+00,0.000000e+00,0.000000e+00,0.000000e+00,0.000000e+00,0.000000e+00,0.000000e+00,0.000000e+00,0.000000e+00,0.000000e+00,0.000000e+00,0.000000e+00,0.000000e+00,0.000000e+00,0.000000e+00,0.000000e+00,0.000000e+00,0.000000e+00,0.000000e+00,0.000000e+00,0.000000e+00,0.000000e+00,0.000000e+00,0.000000e+00,0.000000e+00,0.000000e+00,0.000000e+00,0.000000e+00,0.000000e+00,0.000000e+00,5.087609e+03,3.189615e+03,6.335218e-03,-3.627532e-04,-2.646806e+00,1.136610e-03,0.000000e+00,0.000000e+00,0.000000e+00,0.000000e+00,0.000000e+00,0.000000e+00,0.000000e+00,0.000000e+00,0.000000e+00,0.000000e+00,0.000000e+00,0.000000e+00,0.000000e+00,0.000000e+00,0.000000e+00,0.000000e+00,0.000000e+00,0.000000e+00,0.000000e+00,0.000000e+00,0.000000e+00,-1.132684e+06,-4.623596e+02,-6.446639e+05,2.947345e-02,-2.555169e-03,-1.741931e+00,-2.932244e-03,-1.003399e-02,-2.521107e-02,-3.583554e-06,-1.662564e-06,2.233262e+00,-1.768968e-03,-9.777781e-04,-7.710584e-07,-1.874231e-03,1.155732e-04,-5.432525e+00,-5.396657e+00,4.269936e-01,-2.168036e+03,-7.681234e+03,4.580859e+02,1.303267e+06,1.211910e-02,9.035271e-01,-1.797433e-03,-1.393649e+01,2.123972e+03,-5.240715e-02
2.080447e-03,5.183119e+03,1.096120e+04,-6.500996e-03,1.013081e-03,-9.871074e+00,1.023764e-01,9.774000e-07,5.635690e+00,0.000000e+00,0.000000e+00,2.918034e+02,0.000000e+00,0.000000e+00,0.000000e+00,0.000000e+00,0.000000e+00,0.000000e+00,0.000000e+00,0.000000e+00,0.000000e+00,0.000000e+00,0.000000e+00,0.000000e+00,0.000000e+00,0.000000e+00,0.000000e+00,0.000000e+00,0.000000e+00,0.000000e+00,0.000000e+00,0.000000e+00,0.000000e+00,0.000000e+00,0.000000e+00,0.000000e+00,0.000000e+00,0.000000e+00,0.000000e+00,0.000000e+00,0.000000e+00,0.000000e+00,0.000000e+00,0.000000e+00,0.000000e+00,0.000000e+00,0.000000e+00,0.000000e+00,0.000000e+00,5.183119e+03,3.179328e+03,6.503138e-03,-3.609005e-04,-2.641957e+00,1.136610e-03,0.000000e+00,0.000000e+00,0.000000e+00,0.000000e+00,0.000000e+00,0.000000e+00,0.000000e+00,0.000000e+00,0.000000e+00,0.000000e+00,0.000000e+00,0.000000e+00,0.000000e+00,0.000000e+00,0.000000e+00,0.000000e+00,0.000000e+00,0.000000e+00,0.000000e+00,0.000000e+00,0.000000e+00,-1.200372e+06,7.849214e+02,-6.816432e+05,3.014622e-02,-2.605049e-03,-1.784233e+00,-3.162996e-03,-1.028986e-02,-2.595267e-02,-3.667183e-06,-1.807065e-06,2.281695e+00,-2.086563e-03,-1.024388e-03,-7.902403e-07,-1.927388e-03,1.198041e-04,-5.453646e+00,-5.473068e+00,4.389550e-01,-2.155066e+03,-9.466742e+03,-7.896099e+02,1.380378e+06,1.233214e-02,9.238777e-01,-1.834138e-03,1.842064e+02,1.996579e+03,-1.767038e+01
2.090221e-03,5.279781e+03,1.085684e+04,-6.508703e-03,1.024974e-03,-9.822644e+00,1.023764e-01,9.774000e-07,5.890877e+00,0.000000e+00,0.000000e+00,2.991823e+02,0.000000e+00,0.000000e+00,0.000000e+00,0.000000e+00,0.000000e+00,0.000000e+00,0.000000e+00,0.000000e+00,0.000000e+00,0.000000e+00,0.000000e+00,0.000000e+00,0.000000e+00,0.000000e+00,0.000000e+00,0.000000e+00,0.000000e+00,0.000000e+00,0.000000e+00,0.000000e+00,0.000000e+00,0.000000e+00,0.000000e+00,0.000000e+00,0.000000e+00,0.000000e+00,0.000000e+00,0.000000e+00,0.000000e+00,0.000000e+00,0.000000e+00,0.000000e+00,0.000000e+00,0.000000e+00,0.000000e+00,0.000000e+00,0.000000e+00,5.279781e+03,3.168907e+03,6.621663e-03,-3.656102e-04,-2.637369e+00,1.136610e-03,0.000000e+00,0.000000e+00,0.000000e+00,0.000000e+00,0.000000e+00,0.000000e+00,0.000000e+00,0.000000e+00,0.000000e+00,0.000000e+00,0.000000e+00,0.000000e+00,0.000000e+00,0.000000e+00,0.000000e+00,0.000000e+00,0.000000e+00,0.000000e+00,0.000000e+00,0.000000e+00,0.000000e+00,-1.171559e+06,-7.682786e+02,-6.663790e+05,3.076447e-02,-2.668848e-03,-1.826817e+00,-3.353116e-03,-1.052986e-02,-2.669013e-02,-3.758284e-06,-1.962253e-06,2.330146e+00,-2.299101e-03,-1.037916e-03,-8.105532e-07,-1.981297e-03,1.241265e-04,-5.474639e+00,-5.548048e+00,4.461149e-01,-2.141909e+03,-8.276269e+03,7.635289e+02,1.347792e+06,1.275156e-02,9.444939e-01,-1.887068e-03,-3.165963e+01,2.181723e+03,2.813549e+00
2.100972e-03,5.386682e+03,1.074062e+04,-6.442282e-03,1.129377e-03,-9.767876e+00,1.023764e-01,9.774000e-07,6.180816e+00,0.000000e+00,0.000000e+00,3.081908e+02,0.000000e+00,0.000000e+00,0.000000e+00,0.000000e+00,0.000000e+00,0.000000e+00,0.000000e+00,0.000000e+00,0.000000e+00,0.000000e+00,0.000000e+00,0.000000e+00,0.000000e+00,0.000000e+00,0.000000e+00,0.000000e+00,0.000000e+00,0.000000e+00,0.000000e+00,0.000000e+00,0.000000e+00,0.000000e+00,0.000000e+00,0.000000e+00,0.000000e+00,0.000000e+00,0.000000e+00,0.000000e+00,0.000000e+00,0.000000e+00,0.000000e+00,0.000000e+00,0.000000e+00,0.000000e+00,0.000000e+00,0.000000e+00,0.000000e+00,5.386682e+03,3.157578e+03,6.784556e-03,-3.317987e-04,-2.632129e+00,1.136610e-03,0.000000e+00,0.000000e+00,0.000000e+00,0.000000e+00,0.000000e+00,0.000000e+00,0.000000e+00,0.000000e+00,0.000000e+00,0.000000e+00,0.000000e+00,0.000000e+00,0.000000e+00,0.000000e+00,0.000000e+00,0.000000e+00,0.000000e+00,0.000000e+00,0.000000e+00,0.000000e+00,0.000000e+00,-1.188388e+06,-1.576695e+03,-6.765889e+05,3.150268e-02,-2.738775e-03,-1.874717e+00,-3.609523e-03,-1.080572e-02,-2.753345e-02,-3.859122e-06,-2.130829e-06,2.385026e+00,-2.617334e-03,-1.152201e-03,-8.327617e-07,-2.041443e-03,1.290058e-04,-5.497581e+00,-5.632239e+00,4.573649e-01,-2.127155e+03,-7.828893e+03,1.571697e+03,1.367471e+06,1.298138e-02,9.674956e-01,-1.926484e-03,8.478714e+01,2.158123e+03,-1.050394e+01
2.110746e-03,5.485424e+03,1.063360e+04,-6.547301e-03,1.120638e-03,-9.716698e+00,1.023764e-01,9.774000e-07,6.454770e+00,0.000000e+00,0.000000e+00,3.161569e+02,0.000000e+00,0.000000e+00,0.000000e+00,0.000000e+00,0.000000e+00,0.000000e+00,0.000000e+00,0.000000e+00,0.000000e+00,0.000000e+00,0.000000e+00,0.000000e+00,0.000000e+00,0.000000e+00,0.000000e+00,0.000000e+00,0.000000e+00,0.000000e+00,0.000000e+00,0.000000e+00,0.000000e+00,0.000000e+00,0.000000e+00,0.000000e+00,0.000000e+00,0.000000e+00,0.000000e+00,0.000000e+00,0.000000e+00,0.000000e+00,0.000000e+00,0.000000e+00,0.000000e+00,0.000000e+00,0.000000e+00,0.000000e+00,0.000000e+00,5.485424e+03,3.146211e+03,6.832246e-03,-3.439194e-04,-2.626518e+00,1.136609e-03,0.000000e+00,0.000000e+00,0.000000e+00,0.000000e+00,0.000000e+00,0.000000e+00,0.000000e+00,0.000000e+00,0.000000e+00,0.000000e+00,0.000000e+00,0.000000e+00,0.000000e+00,0.000000e+00,0.000000e+00,0.000000e+00,0.000000e+00,0.000000e+00,0.000000e+00,0.000000e+00,0.000000e+00,-1.213453e+06,-1.161374e+03,-6.918381e+05,3.216211e-02,-2.809705e-03,-1.918721e+00,-3.834472e-03,-1.106238e-02,-2.830269e-02,-3.965065e-06,-2.296439e-06,2.436250e+00,-2.730766e-03,-1.131831e-03,-8.536180e-07,-2.096886e-03,1.335468e-04,-5.518300e+00,-5.706629e+00,4.705267e-01,-2.113616e+03,-7.132474e+03,1.156074e+03,1.396802e+06,1.326228e-02,9.887131e-01,-1.974380e-03,7.056479e+01,2.187943e+03,-9.946877e+00
2.120520e-03,5.585368e+03,1.052584e+04,-6.538346e-03,1.124685e-03,-9.665664e+00,1.023764e-01,9.774000e-07,6.737886e+00,0.000000e+00,0.000000e+00,3.236560e+02,0.000000e+00,0.000000e+00,0.000000e+00,0.000000e+00,0.000000e+00,0.000000e+00,0.000000e+00,0.000000e+00,0.000000e+00,0.000000e+00,0.000000e+00,0.000000e+00,0.000000e+00,0.000000e+00,0.000000e+00,0.000000e+00,0.000000e+00,0.000000e+00,0.000000e+00,0.000000e+00,0.000000e+00,0.000000e+00,0.000000e+00,0.000000e+00,0.000000e+00,0.000000e+00,0.000000e+00,0.000000e+00,0.000000e+00,0.000000e+00,0.000000e+00,0.000000e+00,0.000000e+00,0.000000e+00,0.000000e+00,0.000000e+00,0.000000e+00,5.585368e+03,3.135073e+03,6.908664e-03,-3.680508e-04,-2.621435e+00,1.136610e-03,0.000000e+00,0.000000e+00,0.000000e+00,0.000000e+00,0.000000e+00,0.000000e+00,0.000000e+00,0.000000e+00,0.000000e+00,0.000000e+00,0.000000e+00,0.000000e+00,0.000000e+00,0.000000e+00,0.000000e+00,0.000000e+00,0.000000e+00,0.000000e+00,0.000000e+00,0.000000e+00,0.000000e+00,-1.229713e+06,-9.390106e+02,-7.004479e+05,3.284143e-02,-2.874278e-03,-1.963555e+00,-4.076826e-03,-1.131636e-02,-2.909352e-02,-4.075349e-06,-2.451983e-06,2.487287e+00,-2.985173e-03,-1.144416e-03,-8.727694e-07,-2.153051e-03,1.381883e-04,-5.538884e+00,-5.780138e+00,4.798044e-01,-2.099806e+03,-7.786696e+03,9.334613e+02,1.415190e+06,1.360241e-02,1.010167e+00,-2.023651e-03,-5.303698e+01,2.228436e+03,4.194001e+00
2.130294e-03,5.685440e+03,1.041752e+04,-6.499798e-03,1.188200e-03,-9.614118e+00,1.023764e-01,9.774000e-07,7.031599e+00,0.000000e+00,0.000000e+00,3.315637e+02,0.000000e+00,0.000000e+00,0.000000e+00,0.000000e+00,0.000000e+00,0.000000e+00,0.000000e+00,0.000000e+00,0.000000e+00,0.000000e+00,0.000000e+00,0.000000e+00,0.000000e+00,0.000000e+00,0.000000e+00,0.000000e+00,0.000000e+00,0.000000e+00,0.000000e+00,0.000000e+00,0.000000e+00,0.000000e+00,0.000000e+00,0.000000e+00,0.000000e+00,0.000000e+00,0.000000e+00,0.000000e+00,0.000000e+00,0.000000e+00,0.000000e+00,0.000000e+00,0.000000e+00,0.000000e+00,0.000000e+00,0.000000e+00,0.000000e+00,5.685440e+03,3.123772e+03,7.037760e-03,-3.593118e-04,-2.616363e+00,1.136610e-03,0.000000e+00,0.000000e+00,0.000000e+00,0.000000e+00,0.000000e+00,0.000000e+00,0.000000e+00,0.000000e+00,0.000000e+00,0.000000e+00,0.000000e+00,0.000000e+00,0.000000e+00,0.000000e+00,0.000000e+00,0.000000e+00,0.000000e+00,0.000000e+00,0.000000e+00,0.000000e+00,0.000000e+00,-1.245904e+06,-1.819006e+03,-7.098649e+05,3.351543e-02,-2.941980e-03,-2.008803e+00,-4.311497e-03,-1.157712e-02,-2.988863e-02,-4.178360e-06,-2.609940e-06,2.538883e+00,-3.254164e-03,-1.214125e-03,-8.926208e-07,-2.209938e-03,1.429360e-04,-5.559333e+00,-5.854681e+00,4.900159e-01,-2.085872e+03,-7.706394e+03,1.813190e+03,1.433920e+06,1.384795e-02,1.031963e+00,-2.061793e-03,-1.787560e+00,2.250389e+03,-1.583649e+00
2.140068e-03,5.786025e+03,1.030838e+04,-6.528874e-03,1.225026e-03,-9.561400e+00,1.023764e-01,9.774000e-07,7.334394e+00,0.000000e+00,0.000000e+00,3.397487e+02,0.000000e+00,0.000000e+00,0.000000e+00,0.000000e+00,0.000000e+00,0.000000e+00,0.000000e+00,0.000000e+00,0.000000e+00,0.000000e+00,0.000000e+00,0.000000e+00,0.000000e+00,0.000000e+00,0.000000e+00,0.000000e+00,0.000000e+00,0.000000e+00,0.000000e+00,0.000000e+00,0.000000e+00,0.000000e+00,0.000000e+00,0.000000e+00,0.000000e+00,0.000000e+00,0.000000e+00,0.000000e+00,0.000000e+00,0.000000e+00,0.000000e+00,0.000000e+00,0.000000e+00,0.000000e+00,0.000000e+00,0.000000e+00,0.000000e+00,5.786025e+03,3.112672e+03,7.123569e-03,-3.519116e-04,-2.611133e+00,1.136610e-03,0.000000e+00,0.000000e+00,0.000000e+00,0.000000e+00,0.000000e+00,0.000000e+00,0.000000e+00,0.000000e+00,0.000000e+00,0.000000e+00,0.000000e+00,0.000000e+00,0.000000e+00,0.000000e+00,0.000000e+00,0.000000e+00,0.000000e+00,0.000000e+00,0.000000e+00,0.000000e+00,0.000000e+00,-1.276785e+06,-8.106317e+02,-7.278136e+05,3.421440e-02,-2.985690e-03,-2.054906e+00,-4.570789e-03,-1.186748e-02,-3.070237e-02,-4.254187e-06,-2.760987e-06,2.591682e+00,-3.461076e-03,-1.243292e-03,-9.089914e-07,-2.267549e-03,1.477931e-04,-5.579644e+00,-5.928027e+00,5.021091e-01,-2.071687e+03,-7.575759e+03,8.044786e+02,1.469638e+06,1.431625e-02,1.053962e+00,-2.124829e-03,7.646870e+01,2.265757e+03,-1.001643e+01
2.150819e-03,5.898583e+03,1.018675e+04,-6.803396e-03,1.236207e-03,-9.501510e+00,1.023764e-01,9.774000e-07,7.680177e+00,0.000000e+00,0.000000e+00,3.484515e+02,0.000000e+00,0.000000e+00,0.000000e+00,0.000000e+00,0.000000e+00,0.000000e+00,0.000000e+00,0.000000e+00,0.000000e+00,0.000000e+00,0.000000e+00,0.000000e+00,0.000000e+00,0.000000e+00,0.000000e+00,0.000000e+00,0.000000e+00,0.000000e+00,0.000000e+00,0.000000e+00,0.000000e+00,0.000000e+00,0.000000e+00,0.000000e+00,0.000000e+00,0.000000e+00,0.000000e+00,0.000000e+00,0.000000e+00,0.000000e+00,0.000000e+00,0.000000e+00,0.000000e+00,0.000000e+00,0.000000e+00,0.000000e+00,0.000000e+00,5.898583e+03,3.099666e+03,7.046320e-03,-3.756516e-04,-2.604488e+00,1.136610e-03,0.000000e+00,0.000000e+00,0.000000e+00,0.000000e+00,0.000000e+00,0.000000e+00,0.000000e+00,0.000000e+00,0.000000e+00,0.000000e+00,0.000000e+00,0.000000e+00,0.000000e+00,0.000000e+00,0.000000e+00,0.000000e+00,0.000000e+00,0.000000e+00,0.000000e+00,0.000000e+00,0.000000e+00,-1.283167e+06,-1.193674e+03,-7.311644e+05,3.498275e-02,-3.075600e-03,-2.106200e+00,-4.852274e-03,-1.214544e-02,-3.160811e-02,-4.359910e-06,-2.946764e-06,2.651611e+00,-3.446366e-03,-1.263966e-03,-9.284461e-07,-2.331762e-03,1.532570e-04,-5.601825e+00,-6.009749e+00,5.133323e-01,-2.055874e+03,-7.845570e+03,1.187249e+03,1.476841e+06,1.452411e-02,1.078528e+00,-2.164047e-03,-7.734342e+00,2.305152e+03,-3.432668e-01
2.160593e-03,6.001709e+03,1.007534e+04,-6.843474e-03,1.308249e-03,-9.447542e+00,1.023765e-01,9.774000e-07,8.005133e+00,0.000000e+00,0.000000e+00,3.563416e+02,0.000000e+00,0.000000e+00,0.000000e+00,0.000000e+00,0.000000e+00,0.000000e+00,0.000000e+00,0.000000e+00,0.000000e+00,0.000000e+00,0.000000e+00,0.000000e+00,0.000000e+00,0.000000e+00,0.000000e+00,0.000000e+00,0.000000e+00,0.000000e+00,0.000000e+00,0.000000e+00,0.000000e+00,0.000000e+00,0.000000e+00,0.000000e+00,0.000000e+00,0.000000e+00,0.000000e+00,0.000000e+00,0.000000e+00,0.000000e+00,0.000000e+00,0.000000e+00,0.000000e+00,0.000000e+00,0.000000e+00,0.000000e+00,0.000000e+00,6.001709e+03,3.087702e+03,7.069966e-03,-3.529752e-04,-2.599093e+00,1.136609e-03,0.000000e+00,0.000000e+00,0.000000e+00,0.000000e+00,0.000000e+00,0.000000e+00,0.000000e+00,0.000000e+00,0.000000e+00,0.000000e+00,0.000000e+00,0.000000e+00,0.000000e+00,0.000000e+00,0.000000e+00,0.000000e+00,0.000000e+00,0.000000e+00,0.000000e+00,0.000000e+00,0.000000e+00,-1.313803e+06,-1.746532e+03,-7.490643e+05,3.570300e-02,-3.134781e-03,-2.153625e+00,-5.127059e-03,-1.242993e-02,-3.244825e-02,-4.461870e-06,-3.140540e-06,2.705613e+00,-3.656086e-03,-1.333760e-03,-9.503736e-07,-2.390901e-03,1.583373e-04,-5.621841e+00,-6.084624e+00,5.251003e-01,-2.041279e+03,-7.632592e+03,1.739726e+03,1.512322e+06,1.485993e-02,1.101125e+00,-2.212818e-03,1.024426e+02,2.317958e+03,-1.266919e+01
2.170367e-03,6.105122e+03,9.963609e+03,-6.893554e-03,1.300504e-03,-9.392689e+00,1.023765e-01,9.774000e-07,8.340693e+00,0.000000e+00,0.000000e+00,3.642479e+02,0.000000e+00,0.000000e+00,0.000000e+00,0.000000e+00,0.000000e+00,0.000000e+00,0.000000e+00,0.000000e+00,0.000000e+00,0.000000e+00,0.000000e+00,0.000000e+00,0.000000e+00,0.000000e+00,0.000000e+00,0.000000e+00,0.000000e+00,0.000000e+00,0.000000e+00,0.000000e+00,0.000000e+00,0.000000e+00,0.000000e+00,0.000000e+00,0.000000e+00,0.000000e+00,0.000000e+00,0.000000e+00,0.000000e+00,0.000000e+00,0.000000e+00,0.000000e+00,0.000000e+00,0.000000e+00,0.000000e+00,0.000000e+00,0.000000e+00,6.105122e+03,3.076060e+03,7.110110e-03,-3.797021e-04,-2.593654e+00,1.136610e-03,0.000000e+00,0.000000e+00,0.000000e+00,0.000000e+00,0.000000e+00,0.000000e+00,0.000000e+00,0.000000e+00,0.000000e+00,0.000000e+00,0.000000e+00,0.000000e+00,0.000000e+00,0.000000e+00,0.000000e+00,0.000000e+00,0.000000e+00,0.000000e+00,0.000000e+00,0.000000e+00,0.000000e+00,-1.322942e+06,-1.019725e+03,-7.544264e+05,3.643459e-02,-3.202673e-03,-2.201706e+00,-5.408605e-03,-1.270643e-02,-3.330034e-02,-4.558112e-06,-3.322104e-06,2.760498e+00,-3.849735e-03,-1.330724e-03,-9.709338e-07,-2.450770e-03,1.635282e-04,-5.641713e+00,-6.159404e+00,5.361446e-01,-2.026457e+03,-7.538100e+03,1.012685e+03,1.522918e+06,1.522465e-02,1.123974e+00,-2.264665e-03,4.133494e+00,2.351011e+03,-2.231830e+00
2.180141e-03,6.208872e+03,9.851196e+03,-7.008347e-03,1.367062e-03,-9.337082e+00,1.023765e-01,9.774000e-07,8.687176e+00,0.000000e+00,0.000000e+00,3.724970e+02,0.000000e+00,0.000000e+00,0.000000e+00,0.000000e+00,0.000000e+00,0.000000e+00,0.000000e+00,0.000000e+00,0.000000e+00,0.000000e+00,0.000000e+00,0.000000e+00,0.000000e+00,0.000000e+00,0.000000e+00,0.000000e+00,0.000000e+00,0.000000e+00,0.000000e+00,0.000000e+00,0.000000e+00,0.000000e+00,0.000000e+00,0.000000e+00,0.000000e+00,0.000000e+00,0.000000e+00,0.000000e+00,0.000000e+00,0.000000e+00,0.000000e+00,0.000000e+00,0.000000e+00,0.000000e+00,0.000000e+00,0.000000e+00,0.000000e+00,6.208872e+03,3.064441e+03,7.144533e-03,-3.653102e-04,-2.588253e+00,1.136610e-03,0.000000e+00,0.000000e+00,0.000000e+00,0.000000e+00,0.000000e+00,0.000000e+00,0.000000e+00,0.000000e+00,0.000000e+00,0.000000e+00,0.000000e+00,0.000000e+00,0.000000e+00,0.000000e+00,0.000000e+00,0.000000e+00,0.000000e+00,0.000000e+00,0.000000e+00,0.000000e+00,0.000000e+00,-1.344627e+06,-1.535289e+03,-7.664684e+05,3.718348e-02,-3.274570e-03,-2.250453e+00,-5.700774e-03,-1.298580e-02,-3.416601e-02,-4.642085e-06,-3.498177e-06,2.816204e+00,-3.973619e-03,-1.398839e-03,-9.895049e-07,-2.511379e-03,1.688287e-04,-5.661439e+00,-6.235664e+00,5.471375e-01,-2.011443e+03,-7.924924e+03,1.527863e+03,1.547718e+06,1.547393e-02,1.147093e+00,-2.304863e-03,4.669000e+01,2.377966e+03,-6.554943e+00
2.190893e-03,6.324389e+03,9.726803e+03,-7.175451e-03,1.374741e-03,-9.274672e+00,1.023765e-01,9.774000e-07,9.080928e+00,0.000000e+00,0.000000e+00,3.809044e+02,0.000000e+00,0.000000e+00,0.000000e+00,0.000000e+00,0.000000e+00,0.000000e+00,0.000000e+00,0.000000e+00,0.000000e+00,0.000000e+00,0.000000e+00,0.000000e+00,0.000000e+00,0.000000e+00,0.000000e+00,0.000000e+00,0.000000e+00,0.000000e+00,0.000000e+00,0.000000e+00,0.000000e+00,0.000000e+00,0.000000e+00,0.000000e+00,0.000000e+00,0.000000e+00,0.000000e+00,0.000000e+00,0.000000e+00,0.000000e+00,0.000000e+00,0.000000e+00,0.000000e+00,0.000000e+00,0.000000e+00,0.000000e+00,0.000000e+00,6.324389e+03,3.051650e+03,7.121032e-03,-3.867866e-04,-2.581980e+00,1.136610e-03,0.000000e+00,0.000000e+00,0.000000e+00,0.000000e+00,0.000000e+00,0.000000e+00,0.000000e+00,0.000000e+00,0.000000e+00,0.000000e+00,0.000000e+00,0.000000e+00,0.000000e+00,0.000000e+00,0.000000e+00,0.000000e+00,0.000000e+00,0.000000e+00,0.000000e+00,0.000000e+00,0.000000e+00,-1.367496e+06,-1.498002e+03,-7.794082e+05,3.802868e-02,-3.347722e-03,-2.304932e+00,-6.040389e-03,-1.330534e-02,-3.513677e-02,-4.755597e-06,-3.702009e-06,2.878608e+00,-4.090528e-03,-1.407934e-03,-1.014242e-06,-2.578916e-03,1.747915e-04,-5.682967e+00,-6.320158e+00,5.603216e-01,-1.994660e+03,-8.123436e+03,1.490211e+03,1.573994e+06,1.589253e-02,1.172810e+00,-2.362898e-03,4.189141e+01,2.411628e+03,-5.714761e+00
2.200667e-03,6.429675e+03,9.613184e+03,-7.218410e-03,1.427682e-03,-9.217953e+00,1.023765e-01,9.774000e-07,9.451065e+00,0.000000e+00,0.000000e+00,3.887764e+02,0.000000e+00,0.000000e+00,0.000000e+00,0.000000e+00,0.000000e+00,0.000000e+00,0.000000e+00,0.000000e+00,0.000000e+00,0.000000e+00,0.000000e+00,0.000000e+00,0.000000e+00,0.000000e+00,0.000000e+00,0.000000e+00,0.000000e+00,0.000000e+00,0.000000e+00,0.000000e+00,0.000000e+00,0.000000e+00,0.000000e+00,0.000000e+00,0.000000e+00,0.000000e+00,0.000000e+00,0.000000e+00,0.000000e+00,0.000000e+00,0.000000e+00,0.000000e+00,0.000000e+00,0.000000e+00,0.000000e+00,0.000000e+00,0.000000e+00,6.429675e+03,3.040029e+03,7.175458e-03,-3.796378e-04,-2.576748e+00,1.136610e-03,0.000000e+00,0.000000e+00,0.000000e+00,0.000000e+00,0.000000e+00,0.000000e+00,0.000000e+00,0.000000e+00,0.000000e+00,0.000000e+00,0.000000e+00,0.000000e+00,0.000000e+00,0.000000e+00,0.000000e+00,0.000000e+00,0.000000e+00,0.000000e+00,0.000000e+00,0.000000e+00,0.000000e+00,-1.384640e+06,-9.134008e+02,-7.893138e+05,3.880986e-02,-3.419095e-03,-2.355123e+00,-6.357178e-03,-1.359490e-02,-3.603173e-02,-4.864981e-06,-3.911575e-06,2.935384e+00,-4.297733e-03,-1.463736e-03,-1.039180e-06,-2.641110e-03,1.803347e-04,-5.702379e+00,-6.398212e+00,5.726721e-01,-1.979193e+03,-8.090399e+03,9.052712e+02,1.593794e+06,1.623345e-02,1.196484e+00,-2.412275e-03,1.284833e+01,2.438095e+03,-2.280187e+00
2.210441e-03,6.535469e+03,9.498945e+03,-7.368088e-03,1.447810e-03,-9.159804e+00,1.023765e-01,9.774000e-07,9.832672e+00,0.000000e+00,0.000000e+00,3.967493e+02,0.000000e+00,0.000000e+00,0.000000e+00,0.000000e+00,0.000000e+00,0.000000e+00,0.000000e+00,0.000000e+00,0.000000e+00,0.000000e+00,0.000000e+00,0.000000e+00,0.000000e+00,0.000000e+00,0.000000e+00,0.000000e+00,0.000000e+00,0.000000e+00,0.000000e+00,0.000000e+00,0.000000e+00,0.000000e+00,0.000000e+00,0.000000e+00,0.000000e+00,0.000000e+00,0.000000e+00,0.000000e+00,0.000000e+00,0.000000e+00,0.000000e+00,0.000000e+00,0.000000e+00,0.000000e+00,0.000000e+00,0.000000e+00,0.000000e+00,6.535469e+03,3.028473e+03,7.177311e-03,-3.910854e-04,-2.571150e+00,1.136610e-03,0.000000e+00,0.000000e+00,0.000000e+00,0.000000e+00,0.000000e+00,0.000000e+00,0.000000e+00,0.000000e+00,0.000000e+00,0.000000e+00,0.000000e+00,0.000000e+00,0.000000e+00,0.000000e+00,0.000000e+00,0.000000e+00,0.000000e+00,0.000000e+00,0.000000e+00,0.000000e+00,0.000000e+00,-1.406415e+06,-1.176009e+03,-8.013107e+05,3.960893e-02,-3.488058e-03,-2.406032e+00,-6.687877e-03,-1.389173e-02,-3.694115e-02,-4.991941e-06,-4.118246e-06,2.993589e+00,-4.401383e-03,-1.484357e-03,-1.061750e-06,-2.704067e-03,1.859944e-04,-5.721640e+00,-6.476339e+00,5.843223e-01,-1.963508e+03,-8.558803e+03,1.167482e+03,1.618650e+06,1.656135e-02,1.220406e+00,-2.458930e-03,4.362371e+01,2.474562e+03,-5.670453e+00
2.220215e-03,6.642091e+03,9.384216e+03,-7.430996e-03,1.489959e-03,-9.101604e+00,1.023765e-01,9.774000e-07,1.022895e+01,0.000000e+00,0.000000e+00,4.044185e+02,0.000000e+00,0.000000e+00,0.000000e+00,0.000000e+00,0.000000e+00,0.000000e+00,0.000000e+00,0.000000e+00,0.000000e+00,0.000000e+00,0.000000e+00,0.000000e+00,0.000000e+00,0.000000e+00,0.000000e+00,0.000000e+00,0.000000e+00,0.000000e+00,0.000000e+00,0.000000e+00,0.000000e+00,0.000000e+00,0.000000e+00,0.000000e+00,0.000000e+00,0.000000e+00,0.000000e+00,0.000000e+00,0.000000e+00,0.000000e+00,0.000000e+00,0.000000e+00,0.000000e+00,0.000000e+00,0.000000e+00,0.000000e+00,0.000000e+00,6.642091e+03,3.016982e+03,7.228719e-03,-3.973192e-04,-2.565924e+00,1.136610e-03,0.000000e+00,0.000000e+00,0.000000e+00,0.000000e+00,0.000000e+00,0.000000e+00,0.000000e+00,0.000000e+00,0.000000e+00,0.000000e+00,0.000000e+00,0.000000e+00,0.000000e+00,0.000000e+00,0.000000e+00,0.000000e+00,0.000000e+00,0.000000e+00,0.000000e+00,0.000000e+00,0.000000e+00,-1.436654e+06,-9.963635e+02,-8.208017e+05,4.039900e-02,-3.575995e-03,-2.457740e+00,-7.011535e-03,-1.417899e-02,-3.787225e-02,-5.130599e-06,-4.333002e-06,3.051846e+00,-4.615244e-03,-1.530331e-03,-1.090070e-06,-2.767803e-03,1.917722e-04,-5.740746e+00,-6.555918e+00,5.980129e-01,-1.947586e+03,-6.763181e+03,9.873750e+02,1.654582e+06,1.681421e-02,1.244742e+00,-2.500911e-03,5.550774e+01,2.553474e+03,-6.780770e+00
2.230966e-03,6.759636e+03,9.257390e+03,-7.534065e-03,1.524541e-03,-9.036346e+00,1.023765e-01,9.774000e-07,1.067739e+01,0.000000e+00,0.000000e+00,4.131671e+02,0.000000e+00,0.000000e+00,0.000000e+00,0.000000e+00,0.000000e+00,0.000000e+00,0.000000e+00,0.000000e+00,0.000000e+00,0.000000e+00,0.000000e+00,0.000000e+00,0.000000e+00,0.000000e+00,0.000000e+00,0.000000e+00,0.000000e+00,0.000000e+00,0.000000e+00,0.000000e+00,0.000000e+00,0.000000e+00,0.000000e+00,0.000000e+00,0.000000e+00,0.000000e+00,0.000000e+00,0.000000e+00,0.000000e+00,0.000000e+00,0.000000e+00,0.000000e+00,0.000000e+00,0.000000e+00,0.000000e+00,0.000000e+00,0.000000e+00,6.759636e+03,3.004307e+03,7.283826e-03,-3.922982e-04,-2.560007e+00,1.136610e-03,0.000000e+00,0.000000e+00,0.000000e+00,0.000000e+00,0.000000e+00,0.000000e+00,0.000000e+00,0.000000e+00,0.000000e+00,0.000000e+00,0.000000e+00,0.000000e+00,0.000000e+00,0.000000e+00,0.000000e+00,0.000000e+00,0.000000e+00,0.000000e+00,0.000000e+00,0.000000e+00,0.000000e+00,-1.439524e+06,-9.500259e+02,-8.202596e+05,4.130321e-02,-3.635276e-03,-2.515248e+00,-7.390118e-03,-1.451952e-02,-3.890411e-02,-5.291693e-06,-4.583955e-06,3.117181e+00,-4.795091e-03,-1.565227e-03,-1.120564e-06,-2.838790e-03,1.982539e-04,-5.761581e+00,-6.642896e+00,6.078570e-01,-1.929841e+03,-8.644267e+03,9.407120e+02,1.656798e+06,1.729816e-02,1.271784e+00,-2.558406e-03,-4.888157e+00,2.504932e+03,-5.345529e-01
2.240740e-03,6.867180e+03,9.141607e+03,-7.584133e-03,1.561969e-03,-8.976495e+00,1.023765e-01,9.774000e-07,1.110111e+01,0.000000e+00,0.000000e+00,4.209054e+02,0.000000e+00,0.000000e+00,0.000000e+00,0.000000e+00,0.000000e+00,0.000000e+00,0.000000e+00,0.000000e+00,0.000000e+00,0.000000e+00,0.000000e+00,0.000000e+00,0.000000e+00,0.000000e+00,0.000000e+00,0.000000e+00,0.000000e+00,0.000000e+00,0.000000e+00,0.000000e+00,0.000000e+00,0.000000e+00,0.000000e+00,0.000000e+00,0.000000e+00,0.000000e+00,0.000000e+00,0.000000e+00,0.000000e+00,0.000000e+00,0.000000e+00,0.000000e+00,0.000000e+00,0.000000e+00,0.000000e+00,0.000000e+00,0.000000e+00,6.867180e+03,2.992813e+03,7.348472e-03,-3.922237e-04,-2.554730e+00,1.136610e-03,0.000000e+00,0.000000e+00,0.000000e+00,0.000000e+00,0.000000e+00,0.000000e+00,0.000000e+00,0.000000e+00,0.000000e+00,0.000000e+00,0.000000e+00,0.000000e+00,0.000000e+00,0.000000e+00,0.000000e+00,0.000000e+00,0.000000e+00,0.000000e+00,0.000000e+00,0.000000e+00,0.000000e+00,-1.471035e+06,-1.112328e+03,-8.385055e+05,4.211793e-02,-3.718507e-03,-2.568412e+00,-7.728464e-03,-1.481072e-02,-3.986448e-02,-5.436489e-06,-4.807438e-06,3.177050e+00,-5.013613e-03,-1.605784e-03,-1.153088e-06,-2.904158e-03,2.042607e-04,-5.780355e+00,-6.723138e+00,6.185739e-01,-1.913468e+03,-8.560607e+03,1.102524e+03,1.693210e+06,1.752424e-02,1.296756e+00,-2.591933e-03,-2.112484e+01,2.591406e+03,1.729436e-01
2.250514e-03,6.975005e+03,9.025406e+03,-7.631384e-03,1.599965e-03,-8.915868e+00,1.023765e-01,9.774000e-07,1.153896e+01,0.000000e+00,0.000000e+00,4.287798e+02,0.000000e+00,0.000000e+00,0.000000e+00,0.000000e+00,0.000000e+00,0.000000e+00,0.000000e+00,0.000000e+00,0.000000e+00,0.000000e+00,0.000000e+00,0.000000e+00,0.000000e+00,0.000000e+00,0.000000e+00,0.000000e+00,0.000000e+00,0.000000e+00,0.000000e+00,0.000000e+00,0.000000e+00,0.000000e+00,0.000000e+00,0.000000e+00,0.000000e+00,0.000000e+00,0.000000e+00,0.000000e+00,0.000000e+00,0.000000e+00,0.000000e+00,0.000000e+00,0.000000e+00,0.000000e+00,0.000000e+00,0.000000e+00,0.000000e+00,6.975005e+03,2.981365e+03,7.436156e-03,-3.942610e-04,-2.549462e+00,1.136610e-03,0.000000e+00,0.000000e+00,0.000000e+00,0.000000e+00,0.000000e+00,0.000000e+00,0.000000e+00,0.000000e+00,0.000000e+00,0.000000e+00,0.000000e+00,0.000000e+00,0.000000e+00,0.000000e+00,0.000000e+00,0.000000e+00,0.000000e+00,0.000000e+00,0.000000e+00,0.000000e+00,0.000000e+00,-1.487794e+06,-7.781017e+02,-8.492425e+05,4.294484e-02,-3.791346e-03,-2.622234e+00,-8.071069e-03,-1.512003e-02,-4.083747e-02,-5.592588e-06,-5.030830e-06,3.237745e+00,-5.229780e-03,-1.644238e-03,-1.186684e-06,-2.970322e-03,2.103692e-04,-5.798969e+00,-6.806154e+00,6.309935e-01,-1.896877e+03,-7.610690e+03,7.678808e+02,1.713092e+06,1.775342e-02,1.322088e+00,-2.627942e-03,1.430372e+02,2.630557e+03,-1.448772e+01
2.260288e-03,7.083387e+03,8.908854e+03,-7.678111e-03,1.633027e-03,-8.854476e+00,1.023765e-01,9.774000e-07,1.198583e+01,0.000000e+00,0.000000e+00,4.364163e+02,0.000000e+00,0.000000e+00,0.000000e+00,0.000000e+00,0.000000e+00,0.000000e+00,0.000000e+00,0.000000e+00,0.000000e+00,0.000000e+00,0.000000e+00,0.000000e+00,0.000000e+00,0.000000e+00,0.000000e+00,0.000000e+00,0.000000e+00,0.000000e+00,0.000000e+00,0.000000e+00,0.000000e+00,0.000000e+00,0.000000e+00,0.000000e+00,0.000000e+00,0.000000e+00,0.000000e+00,0.000000e+00,0.000000e+00,0.000000e+00,0.000000e+00,0.000000e+00,0.000000e+00,0.000000e+00,0.000000e+00,0.000000e+00,0.000000e+00,7.083387e+03,2.969675e+03,7.516574e-03,-3.935597e-04,-2.543989e+00,1.136610e-03,0.000000e+00,0.000000e+00,0.000000e+00,0.000000e+00,0.000000e+00,0.000000e+00,0.000000e+00,0.000000e+00,0.000000e+00,0.000000e+00,0.000000e+00,0.000000e+00,0.000000e+00,0.000000e+00,0.000000e+00,0.000000e+00,0.000000e+00,0.000000e+00,0.000000e+00,0.000000e+00,0.000000e+00,-1.494328e+06,-1.411169e+03,-8.528506e+05,4.380204e-02,-3.864470e-03,-2.676508e+00,-8.441929e-03,-1.542923e-02,-4.181524e-02,-5.759606e-06,-5.258297e-06,3.299160e+00,-5.456940e-03,-1.680011e-03,-1.223115e-06,-3.037279e-03,2.165857e-04,-5.817419e+00,-6.887766e+00,6.412870e-01,-1.880132e+03,-7.726552e+03,1.400633e+03,1.720555e+06,1.824161e-02,1.347491e+00,-2.684205e-03,-3.804949e+01,2.587015e+03,2.639891e+00
2.270062e-03,7.191833e+03,8.791933e+03,-7.690410e-03,1.675108e-03,-8.792518e+00,1.023765e-01,9.774000e-07,1.244921e+01,0.000000e+00,0.000000e+00,4.443323e+02,0.000000e+00,0.000000e+00,0.000000e+00,0.000000e+00,0.000000e+00,0.000000e+00,0.000000e+00,0.000000e+00,0.000000e+00,0.000000e+00,0.000000e+00,0.000000e+00,0.000000e+00,0.000000e+00,0.000000e+00,0.000000e+00,0.000000e+00,0.000000e+00,0.000000e+00,0.000000e+00,0.000000e+00,0.000000e+00,0.000000e+00,0.000000e+00,0.000000e+00,0.000000e+00,0.000000e+00,0.000000e+00,0.000000e+00,0.000000e+00,0.000000e+00,0.000000e+00,0.000000e+00,0.000000e+00,0.000000e+00,0.000000e+00,0.000000e+00,7.191833e+03,2.958064e+03,7.621272e-03,-3.886053e-04,-2.538665e+00,1.136610e-03,0.000000e+00,0.000000e+00,0.000000e+00,0.000000e+00,0.000000e+00,0.000000e+00,0.000000e+00,0.000000e+00,0.000000e+00,0.000000e+00,0.000000e+00,0.000000e+00,0.000000e+00,0.000000e+00,0.000000e+00,0.000000e+00,0.000000e+00,0.000000e+00,0.000000e+00,0.000000e+00,0.000000e+00,-1.525738e+06,-1.412828e+03,-8.706708e+05,4.465445e-02,-3.940254e-03,-2.731648e+00,-8.808329e-03,-1.574127e-02,-4.281328e-02,-5.940697e-06,-5.507664e-06,3.361176e+00,-5.715708e-03,-1.723187e-03,-1.261629e-06,-3.105032e-03,2.229142e-04,-5.835704e+00,-6.968992e+00,6.525558e-01,-1.863148e+03,-7.957668e+03,1.401727e+03,1.756667e+06,1.848506e-02,1.373272e+00,-2.718359e-03,1.767931e+01,2.676782e+03,-3.235188e+00
2.280813e-03,7.311783e+03,8.662699e+03,-7.681958e-03,1.662351e-03,-8.723047e+00,1.023765e-01,9.774000e-07,1.297538e+01,0.000000e+00,0.000000e+00,4.530079e+02,0.000000e+00,0.000000e+00,0.000000e+00,0.000000e+00,0.000000e+00,0.000000e+00,0.000000e+00,0.000000e+00,0.000000e+00,0.000000e+00,0.000000e+00,0.000000e+00,0.000000e+00,0.000000e+00,0.000000e+00,0.000000e+00,0.000000e+00,0.000000e+00,0.000000e+00,0.000000e+00,0.000000e+00,0.000000e+00,0.000000e+00,0.000000e+00,0.000000e+00,0.000000e+00,0.000000e+00,0.000000e+00,0.000000e+00,0.000000e+00,0.000000e+00,0.000000e+00,0.000000e+00,0.000000e+00,0.000000e+00,0.000000e+00,0.000000e+00,7.311783e+03,2.945106e+03,7.754789e-03,-4.209247e-04,-2.532489e+00,1.136610e-03,0.000000e+00,0.000000e+00,0.000000e+00,0.000000e+00,0.000000e+00,0.000000e+00,0.000000e+00,0.000000e+00,0.000000e+00,0.000000e+00,0.000000e+00,0.000000e+00,0.000000e+00,0.000000e+00,0.000000e+00,0.000000e+00,0.000000e+00,0.000000e+00,0.000000e+00,0.000000e+00,0.000000e+00,-1.532990e+06,-1.266658e+03,-8.752771e+05,4.560749e-02,-4.017758e-03,-2.793001e+00,-9.225449e-03,-1.609622e-02,-4.392355e-02,-6.149171e-06,-5.790833e-06,3.430716e+00,-6.033615e-03,-1.708055e-03,-1.305019e-06,-3.180483e-03,2.300034e-04,-5.855625e+00,-7.058829e+00,6.655582e-01,-1.844219e+03,-7.564345e+03,1.255157e+03,1.765252e+06,1.888896e-02,1.402033e+00,-2.771114e-03,4.882440e+01,2.649949e+03,-6.073274e+00
2.290587e-03,7.421327e+03,8.544977e+03,-7.648902e-03,1.675440e-03,-8.659413e+00,1.023765e-01,9.774000e-07,1.346668e+01,0.000000e+00,0.000000e+00,4.606294e+02,0.000000e+00,0.000000e+00,0.000000e+00,0.000000e+00,0.000000e+00,0.000000e+00,0.000000e+00,0.000000e+00,0.000000e+00,0.000000e+00,0.000000e+00,0.000000e+00,0.000000e+00,0.000000e+00,0.000000e+00,0.000000e+00,0.000000e+00,0.000000e+00,0.000000e+00,0.000000e+00,0.000000e+00,0.000000e+00,0.000000e+00,0.000000e+00,0.000000e+00,0.000000e+00,0.000000e+00,0.000000e+00,0.000000e+00,0.000000e+00,0.000000e+00,0.000000e+00,0.000000e+00,0.000000e+00,0.000000e+00,0.000000e+00,0.000000e+00,7.421327e+03,2.933092e+03,7.912008e-03,-4.505031e-04,-2.526829e+00,1.136610e-03,0.000000e+00,0.000000e+00,0.000000e+00,0.000000e+00,0.000000e+00,0.000000e+00,0.000000e+00,0.000000e+00,0.000000e+00,0.000000e+00,0.000000e+00,0.000000e+00,0.000000e+00,0.000000e+00,0.000000e+00,0.000000e+00,0.000000e+00,0.000000e+00,0.000000e+00,0.000000e+00,0.000000e+00,-1.555577e+06,-5.542972e+02,-8.878680e+05,4.649036e-02,-4.095529e-03,-2.849423e+00,-9.617483e-03,-1.641562e-02,-4.494356e-02,-6.365001e-06,-6.065718e-06,3.494369e+00,-6.342672e-03,-1.727394e-03,-1.347260e-06,-3.249908e-03,2.365692e-04,-5.873557e+00,-7.140244e+00,6.777063e-01,-1.826828e+03,-7.915185e+03,5.422692e+02,1.791108e+06,1.924362e-02,1.428331e+00,-2.818075e-03,3.075823e+00,2.697516e+03,9.192690e-01
2.300361e-03,7.531021e+03,8.426740e+03,-7.576376e-03,1.780703e-03,-8.594766e+00,1.023766e-01,9.774000e-07,1.397120e+01,0.000000e+00,0.000000e+00,4.686661e+02,0.000000e+00,0.000000e+00,0.000000e+00,0.000000e+00,0.000000e+00,0.000000e+00,0.000000e+00,0.000000e+00,0.000000e+00,0.000000e+00,0.000000e+00,0.000000e+00,0.000000e+00,0.000000e+00,0.000000e+00,0.000000e+00,0.000000e+00,0.000000e+00,0.000000e+00,0.000000e+00,0.000000e+00,0.000000e+00,0.000000e+00,0.000000e+00,0.000000e+00,0.000000e+00,0.000000e+00,0.000000e+00,0.000000e+00,0.000000e+00,0.000000e+00,0.000000e+00,0.000000e+00,0.000000e+00,0.000000e+00,0.000000e+00,0.000000e+00,7.531021e+03,2.921241e+03,8.077819e-03,-4.138535e-04,-2.521194e+00,1.136610e-03,0.000000e+00,0.000000e+00,0.000000e+00,0.000000e+00,0.000000e+00,0.000000e+00,0.000000e+00,0.000000e+00,0.000000e+00,0.000000e+00,0.000000e+00,0.000000e+00,0.000000e+00,0.000000e+00,0.000000e+00,0.000000e+00,0.000000e+00,0.000000e+00,0.000000e+00,0.000000e+00,0.000000e+00,-1.588933e+06,-1.324512e+03,-9.068541e+05,4.742669e-02,-4.170554e-03,-2.906781e+00,-1.004672e-02,-1.674238e-02,-4.599033e-02,-6.563585e-06,-6.330229e-06,3.559139e+00,-6.678312e-03,-1.838227e-03,-1.387454e-06,-3.320154e-03,2.432487e-04,-5.891317e+00,-7.226410e+00,6.886135e-01,-1.809155e+03,-8.104301e+03,1.311909e+03,1.829488e+06,1.955985e-02,1.454848e+00,-2.858696e-03,4.256413e+01,2.733252e+03,-4.891254e+00
2.310135e-03,7.641168e+03,8.308191e+03,-7.497233e-03,1.786579e-03,-8.529509e+00,1.023766e-01,9.774000e-07,1.449108e+01,0.000000e+00,0.000000e+00,4.764854e+02,0.000000e+00,0.000000e+00,0.000000e+00,0.000000e+00,0.000000e+00,0.000000e+00,0.000000e+00,0.000000e+00,0.000000e+00,0.000000e+00,0.000000e+00,0.000000e+00,0.000000e+00,0.000000e+00,0.000000e+00,0.000000e+00,0.000000e+00,0.000000e+00,0.000000e+00,0.000000e+00,0.000000e+00,0.000000e+00,0.000000e+00,0.000000e+00,0.000000e+00,0.000000e+00,0.000000e+00,0.000000e+00,0.000000e+00,0.000000e+00,0.000000e+00,0.000000e+00,0.000000e+00,0.000000e+00,0.000000e+00,0.000000e+00,0.000000e+00,7.641168e+03,2.909094e+03,8.238873e-03,-4.108225e-04,-2.515460e+00,1.136610e-03,0.000000e+00,0.000000e+00,0.000000e+00,0.000000e+00,0.000000e+00,0.000000e+00,0.000000e+00,0.000000e+00,0.000000e+00,0.000000e+00,0.000000e+00,0.000000e+00,0.000000e+00,0.000000e+00,0.000000e+00,0.000000e+00,0.000000e+00,0.000000e+00,0.000000e+00,0.000000e+00,0.000000e+00,-1.603462e+06,-2.109910e+03,-9.150153e+05,4.834357e-02,-4.242987e-03,-2.964654e+00,-1.047646e-02,-1.707203e-02,-4.704164e-02,-6.788471e-06,-6.622586e-06,3.624441e+00,-7.045232e-03,-1.838597e-03,-1.432155e-06,-3.391212e-03,2.500355e-04,-5.908905e+00,-7.305917e+00,6.983263e-01,-1.791304e+03,-8.265738e+03,2.096826e+03,1.846152e+06,1.987000e-02,1.481714e+00,-2.895301e-03,9.741250e+01,2.690686e+03,-9.100024e+00
2.320887e-03,7.762448e+03,8.177713e+03,-7.445005e-03,1.802174e-03,-8.457060e+00,1.023766e-01,9.774000e-07,1.507746e+01,0.000000e+00,0.000000e+00,4.849988e+02,0.000000e+00,0.000000e+00,0.000000e+00,0.000000e+00,0.000000e+00,0.000000e+00,0.000000e+00,0.000000e+00,0.000000e+00,0.000000e+00,0.000000e+00,0.000000e+00,0.000000e+00,0.000000e+00,0.000000e+00,0.000000e+00,0.000000e+00,0.000000e+00,0.000000e+00,0.000000e+00,0.000000e+00,0.000000e+00,0.000000e+00,0.000000e+00,0.000000e+00,0.000000e+00,0.000000e+00,0.000000e+00,0.000000e+00,0.000000e+00,0.000000e+00,0.000000e+00,0.000000e+00,0.000000e+00,0.000000e+00,0.000000e+00,0.000000e+00,7.762448e+03,2.895916e+03,8.420040e-03,-4.375606e-04,-2.509321e+00,1.136610e-03,0.000000e+00,0.000000e+00,0.000000e+00,0.000000e+00,0.000000e+00,0.000000e+00,0.000000e+00,0.000000e+00,0.000000e+00,0.000000e+00,0.000000e+00,0.000000e+00,0.000000e+00,0.000000e+00,0.000000e+00,0.000000e+00,0.000000e+00,0.000000e+00,0.000000e+00,0.000000e+00,0.000000e+00,-1.602305e+06,-1.428498e+03,-9.147789e+05,4.938227e-02,-4.331703e-03,-3.029103e+00,-1.097443e-02,-1.742993e-02,-4.821779e-02,-7.008149e-06,-6.940193e-06,3.696927e+00,-7.413119e-03,-1.862963e-03,-1.480328e-06,-3.470300e-03,2.576222e-04,-5.928047e+00,-7.395438e+00,7.106235e-01,-1.771403e+03,-7.862593e+03,1.415030e+03,1.845031e+06,2.021171e-02,1.511340e+00,-2.941264e-03,4.417255e+01,2.858755e+03,-5.431286e+00
2.330661e-03,7.872474e+03,8.058918e+03,-7.331969e-03,1.887746e-03,-8.390141e+00,1.023766e-01,9.774000e-07,1.562810e+01,0.000000e+00,0.000000e+00,4.931548e+02,0.000000e+00,0.000000e+00,0.000000e+00,0.000000e+00,0.000000e+00,0.000000e+00,0.000000e+00,0.000000e+00,0.000000e+00,0.000000e+00,0.000000e+00,0.000000e+00,0.000000e+00,0.000000e+00,0.000000e+00,0.000000e+00,0.000000e+00,0.000000e+00,0.000000e+00,0.000000e+00,0.000000e+00,0.000000e+00,0.000000e+00,0.000000e+00,0.000000e+00,0.000000e+00,0.000000e+00,0.000000e+00,0.000000e+00,0.000000e+00,0.000000e+00,0.000000e+00,0.000000e+00,0.000000e+00,0.000000e+00,0.000000e+00,0.000000e+00,7.872474e+03,2.883832e+03,8.605056e-03,-4.059132e-04,-2.503509e+00,1.136610e-03,0.000000e+00,0.000000e+00,0.000000e+00,0.000000e+00,0.000000e+00,0.000000e+00,0.000000e+00,0.000000e+00,0.000000e+00,0.000000e+00,0.000000e+00,0.000000e+00,0.000000e+00,0.000000e+00,0.000000e+00,0.000000e+00,0.000000e+00,0.000000e+00,0.000000e+00,0.000000e+00,0.000000e+00,-1.648112e+06,-7.476038e+02,-9.424034e+05,5.033690e-02,-4.404031e-03,-3.088508e+00,-1.144379e-02,-1.777473e-02,-4.930138e-02,-7.230661e-06,-7.230925e-06,3.763906e+00,-7.822148e-03,-1.948291e-03,-1.525671e-06,-3.543004e-03,2.646328e-04,-5.945262e+00,-7.473683e+00,7.227795e-01,-1.753111e+03,-6.783561e+03,7.333453e+02,1.898513e+06,2.063000e-02,1.538757e+00,-2.991773e-03,4.257747e+01,2.773744e+03,-3.727577e+00
2.340435e-03,7.983064e+03,7.939695e+03,-7.308575e-03,1.865345e-03,-8.322322e+00,1.023766e-01,9.774000e-07,1.619152e+01,0.000000e+00,0.000000e+00,5.011660e+02,0.000000e+00,0.000000e+00,0.000000e+00,0.000000e+00,0.000000e+00,0.000000e+00,0.000000e+00,0.000000e+00,0.000000e+00,0.000000e+00,0.000000e+00,0.000000e+00,0.000000e+00,0.000000e+00,0.000000e+00,0.000000e+00,0.000000e+00,0.000000e+00,0.000000e+00,0.000000e+00,0.000000e+00,0.000000e+00,0.000000e+00,0.000000e+00,0.000000e+00,0.000000e+00,0.000000e+00,0.000000e+00,0.000000e+00,0.000000e+00,0.000000e+00,0.000000e+00,0.000000e+00,0.000000e+00,0.000000e+00,0.000000e+00,0.000000e+00,7.983064e+03,2.871628e+03,8.760189e-03,-4.356194e-04,-2.497620e+00,1.136610e-03,0.000000e+00,0.000000e+00,0.000000e+00,0.000000e+00,0.000000e+00,0.000000e+00,0.000000e+00,0.000000e+00,0.000000e+00,0.000000e+00,0.000000e+00,0.000000e+00,0.000000e+00,0.000000e+00,0.000000e+00,0.000000e+00,0.000000e+00,0.000000e+00,0.000000e+00,0.000000e+00,0.000000e+00,-1.652641e+06,-7.146080e+02,-9.441492e+05,5.130471e-02,-4.482204e-03,-3.148568e+00,-1.192986e-02,-1.811674e-02,-5.039788e-02,-7.449105e-06,-7.529820e-06,3.831800e+00,-8.129050e-03,-1.928789e-03,-1.573721e-06,-3.616453e-03,2.717533e-04,-5.962297e+00,-7.548530e+00,7.336632e-01,-1.734568e+03,-7.504228e+03,6.999384e+02,1.903309e+06,2.099182e-02,1.566246e+00,-3.036594e-03,5.215940e+00,2.829605e+03,-1.771123e+00
2.350209e-03,8.093901e+03,7.820492e+03,-7.278145e-03,1.960282e-03,-8.253624e+00,1.023766e-01,9.774000e-07,1.677150e+01,0.000000e+00,0.000000e+00,5.089149e+02,0.000000e+00,0.000000e+00,0.000000e+00,0.000000e+00,0.000000e+00,0.000000e+00,0.000000e+00,0.000000e+00,0.000000e+00,0.000000e+00,0.000000e+00,0.000000e+00,0.000000e+00,0.000000e+00,0.000000e+00,0.000000e+00,0.000000e+00,0.000000e+00,0.000000e+00,0.000000e+00,0.000000e+00,0.000000e+00,0.000000e+00,0.000000e+00,0.000000e+00,0.000000e+00,0.000000e+00,0.000000e+00,0.000000e+00,0.000000e+00,0.000000e+00,0.000000e+00,0.000000e+00,0.000000e+00,0.000000e+00,0.000000e+00,0.000000e+00,8.093901e+03,2.859199e+03,8.868439e-03,-4.078315e-04,-2.491390e+00,1.136610e-03,0.000000e+00,0.000000e+00,0.000000e+00,0.000000e+00,0.000000e+00,0.000000e+00,0.000000e+00,0.000000e+00,0.000000e+00,0.000000e+00,0.000000e+00,0.000000e+00,0.000000e+00,0.000000e+00,0.000000e+00,0.000000e+00,0.000000e+00,0.000000e+00,0.000000e+00,0.000000e+00,0.000000e+00,-1.671699e+06,-1.731512e+03,-9.554656e+05,5.227214e-02,-4.560265e-03,-3.209224e+00,-1.242834e-02,-1.846170e-02,-5.150836e-02,-7.675041e-06,-7.840957e-06,3.900517e+00,-8.470013e-03,-2.029648e-03,-1.619431e-06,-3.690623e-03,2.789850e-04,-5.979151e+00,-7.620860e+00,7.446309e-01,-1.715858e+03,-7.189683e+03,1.716286e+03,1.925472e+06,2.131712e-02,1.594066e+00,-3.078671e-03,5.479882e+01,2.850217e+03,-7.196216e+00
2.360960e-03,8.215569e+03,7.689379e+03,-7.149124e-03,1.983264e-03,-8.177770e+00,1.023766e-01,9.774000e-07,1.742766e+01,0.000000e+00,0.000000e+00,5.175953e+02,0.000000e+00,0.000000e+00,0.000000e+00,0.000000e+00,0.000000e+00,0.000000e+00,0.000000e+00,0.000000e+00,0.000000e+00,0.000000e+00,0.000000e+00,0.000000e+00,0.000000e+00,0.000000e+00,0.000000e+00,0.000000e+00,0.000000e+00,0.000000e+00,0.000000e+00,0.000000e+00,0.000000e+00,0.000000e+00,0.000000e+00,0.000000e+00,0.000000e+00,0.000000e+00,0.000000e+00,0.000000e+00,0.000000e+00,0.000000e+00,0.000000e+00,0.000000e+00,0.000000e+00,0.000000e+00,0.000000e+00,0.000000e+00,0.000000e+00,8.215569e+03,2.845585e+03,9.064225e-03,-4.093063e-04,-2.484891e+00,1.136610e-03,0.000000e+00,0.000000e+00,0.000000e+00,0.000000e+00,0.000000e+00,0.000000e+00,0.000000e+00,0.000000e+00,0.000000e+00,0.000000e+00,0.000000e+00,0.000000e+00,0.000000e+00,0.000000e+00,0.000000e+00,0.000000e+00,0.000000e+00,0.000000e+00,0.000000e+00,0.000000e+00,0.000000e+00,-1.696510e+06,-1.194030e+03,-9.698732e+05,5.335136e-02,-4.645768e-03,-3.276791e+00,-1.299012e-02,-1.884938e-02,-5.274538e-02,-7.933856e-06,-8.170085e-06,3.976401e+00,-8.926922e-03,-2.052853e-03,-1.673281e-06,-3.773016e-03,2.870765e-04,-5.997477e+00,-7.698951e+00,7.585465e-01,-1.695019e+03,-7.065993e+03,1.178124e+03,1.954162e+06,2.177407e-02,1.624956e+00,-3.137263e-03,3.239714e+01,2.890466e+03,-3.492936e+00
2.370734e-03,8.325914e+03,7.570181e+03,-7.134262e-03,2.027289e-03,-8.107556e+00,1.023766e-01,9.774000e-07,1.804037e+01,0.000000e+00,0.000000e+00,5.257560e+02,0.000000e+00,0.000000e+00,0.000000e+00,0.000000e+00,0.000000e+00,0.000000e+00,0.000000e+00,0.000000e+00,0.000000e+00,0.000000e+00,0.000000e+00,0.000000e+00,0.000000e+00,0.000000e+00,0.000000e+00,0.000000e+00,0.000000e+00,0.000000e+00,0.000000e+00,0.000000e+00,0.000000e+00,0.000000e+00,0.000000e+00,0.000000e+00,0.000000e+00,0.000000e+00,0.000000e+00,0.000000e+00,0.000000e+00,0.000000e+00,0.000000e+00,0.000000e+00,0.000000e+00,0.000000e+00,0.000000e+00,0.000000e+00,0.000000e+00,8.325914e+03,2.833238e+03,9.182868e-03,-4.149202e-04,-2.478755e+00,1.136610e-03,0.000000e+00,0.000000e+00,0.000000e+00,0.000000e+00,0.000000e+00,0.000000e+00,0.000000e+00,0.000000e+00,0.000000e+00,0.000000e+00,0.000000e+00,0.000000e+00,0.000000e+00,0.000000e+00,0.000000e+00,0.000000e+00,0.000000e+00,0.000000e+00,0.000000e+00,0.000000e+00,0.000000e+00,-1.712367e+06,-9.550240e+02,-9.790670e+05,5.433859e-02,-4.727073e-03,-3.338906e+00,-1.351223e-02,-1.920681e-02,-5.388304e-02,-8.158748e-06,-8.489368e-06,4.046698e+00,-9.245757e-03,-2.105856e-03,-1.720082e-06,-3.848633e-03,2.945566e-04,-6.013941e+00,-7.766599e+00,7.712023e-01,-1.675852e+03,-6.988883e+03,9.385339e+02,1.972492e+06,2.215685e-02,1.653282e+00,-3.189049e-03,1.825293e+01,2.924738e+03,-1.999094e+00
2.380508e-03,8.436644e+03,7.451073e+03,-7.019621e-03,2.080683e-03,-8.036957e+00,1.023766e-01,9.774000e-07,1.867027e+01,0.000000e+00,0.000000e+00,5.334138e+02,0.000000e+00,0.000000e+00,0.000000e+00,0.000000e+00,0.000000e+00,0.000000e+00,0.000000e+00,0.000000e+00,0.000000e+00,0.000000e+00,0.000000e+00,0.000000e+00,0.000000e+00,0.000000e+00,0.000000e+00,0.000000e+00,0.000000e+00,0.000000e+00,0.000000e+00,0.000000e+00,0.000000e+00,0.000000e+00,0.000000e+00,0.000000e+00,0.000000e+00,0.000000e+00,0.000000e+00,0.000000e+00,0.000000e+00,0.000000e+00,0.000000e+00,0.000000e+00,0.000000e+00,0.000000e+00,0.000000e+00,0.000000e+00,0.000000e+00,8.436644e+03,2.820784e+03,9.363123e-03,-3.998040e-04,-2.472663e+00,1.136610e-03,0.000000e+00,0.000000e+00,0.000000e+00,0.000000e+00,0.000000e+00,0.000000e+00,0.000000e+00,0.000000e+00,0.000000e+00,0.000000e+00,0.000000e+00,0.000000e+00,0.000000e+00,0.000000e+00,0.000000e+00,0.000000e+00,0.000000e+00,0.000000e+00,0.000000e+00,0.000000e+00,0.000000e+00,-1.732184e+06,-1.080404e+03,-9.905662e+05,5.533966e-02,-4.806594e-03,-3.401688e+00,-1.404283e-02,-1.956915e-02,-5.503476e-02,-8.391427e-06,-8.813859e-06,4.117292e+00,-9.670927e-03,-2.160065e-03,-1.766928e-06,-3.924920e-03,3.021572e-04,-6.030217e+00,-7.835278e+00,7.833076e-01,-1.656483e+03,-6.891176e+03,1.063307e+03,1.995403e+06,2.253964e-02,1.681915e+00,-3.238333e-03,3.387026e+01,2.940106e+03,-3.980799e+00
2.390282e-03,8.546760e+03,7.332149e+03,-6.952310e-03,2.109334e-03,-7.965657e+00,1.023766e-01,9.774000e-07,1.931585e+01,0.000000e+00,0.000000e+00,5.414739e+02,0.000000e+00,0.000000e+00,0.000000e+00,0.000000e+00,0.000000e+00,0.000000e+00,0.000000e+00,0.000000e+00,0.000000e+00,0.000000e+00,0.000000e+00,0.000000e+00,0.000000e+00,0.000000e+00,0.000000e+00,0.000000e+00,0.000000e+00,0.000000e+00,0.000000e+00,0.000000e+00,0.000000e+00,0.000000e+00,0.000000e+00,0.000000e+00,0.000000e+00,0.000000e+00,0.000000e+00,0.000000e+00,0.000000e+00,0.000000e+00,0.000000e+00,0.000000e+00,0.000000e+00,0.000000e+00,0.000000e+00,0.000000e+00,0.000000e+00,8.546760e+03,2.808424e+03,9.535622e-03,-4.093088e-04,-2.466670e+00,1.136610e-03,0.000000e+00,0.000000e+00,0.000000e+00,0.000000e+00,0.000000e+00,0.000000e+00,0.000000e+00,0.000000e+00,0.000000e+00,0.000000e+00,0.000000e+00,0.000000e+00,0.000000e+00,0.000000e+00,0.000000e+00,0.000000e+00,0.000000e+00,0.000000e+00,0.000000e+00,0.000000e+00,0.000000e+00,-1.749238e+06,-1.506962e+03,-1.000330e+06,5.635576e-02,-4.888797e-03,-3.465150e+00,-1.459149e-02,-1.993496e-02,-5.620068e-02,-8.618281e-06,-9.120980e-06,4.188673e+00,-1.004510e-02,-2.195750e-03,-1.814441e-06,-4.001867e-03,3.098800e-04,-6.046302e+00,-7.902038e+00,7.957988e-01,-1.636899e+03,-6.915820e+03,1.489242e+03,2.015054e+06,2.292619e-02,1.710757e+00,-3.286793e-03,4.304628e+01,2.968036e+03,-6.691916e+00
2.400056e-03,8.656994e+03,7.213404e+03,-6.854669e-03,2.171545e-03,-7.893456e+00,1.023766e-01,9.774000e-07,1.997876e+01,0.000000e+00,0.000000e+00,5.492202e+02,0.000000e+00,0.000000e+00,0.000000e+00,0.000000e+00,0.000000e+00,0.000000e+00,0.000000e+00,0.000000e+00,0.000000e+00,0.000000e+00,0.000000e+00,0.000000e+00,0.000000e+00,0.000000e+00,0.000000e+00,0.000000e+00,0.000000e+00,0.000000e+00,0.000000e+00,0.000000e+00,0.000000e+00,0.000000e+00,0.000000e+00,0.000000e+00,0.000000e+00,0.000000e+00,0.000000e+00,0.000000e+00,0.000000e+00,0.000000e+00,0.000000e+00,0.000000e+00,0.000000e+00,0.000000e+00,0.000000e+00,0.000000e+00,0.000000e+00,8.656994e+03,2.796040e+03,9.704737e-03,-3.949042e-04,-2.460494e+00,1.136610e-03,0.000000e+00,0.000000e+00,0.000000e+00,0.000000e+00,0.000000e+00,0.000000e+00,0.000000e+00,0.000000e+00,0.000000e+00,0.000000e+00,0.000000e+00,0.000000e+00,0.000000e+00,0.000000e+00,0.000000e+00,0.000000e+00,0.000000e+00,0.000000e+00,0.000000e+00,0.000000e+00,0.000000e+00,-1.768932e+06,-9.905559e+02,-1.012324e+06,5.738354e-02,-4.972491e-03,-3.529291e+00,-1.514792e-02,-2.030243e-02,-5.738005e-02,-8.879852e-06,-9.462605e-06,4.260884e+00,-1.046049e-02,-2.261519e-03,-1.864663e-06,-4.079466e-03,3.177286e-04,-6.062195e+00,-7.969373e+00,8.089697e-01,-1.617108e+03,-6.325526e+03,9.721548e+02,2.038107e+06,2.331478e-02,1.739881e+00,-3.337079e-03,3.582934e+01,2.987672e+03,-3.859548e+00
2.410808e-03,8.777773e+03,7.083082e+03,-6.732058e-03,2.204350e-03,-7.813565e+00,1.023766e-01,9.774000e-07,2.072648e+01,0.000000e+00,0.000000e+00,5.578766e+02,0.000000e+00,0.000000e+00,0.000000e+00,0.000000e+00,0.000000e+00,0.000000e+00,0.000000e+00,0.000000e+00,0.000000e+00,0.000000e+00,0.000000e+00,0.000000e+00,0.000000e+00,0.000000e+00,0.000000e+00,0.000000e+00,0.000000e+00,0.000000e+00,0.000000e+00,0.000000e+00,0.000000e+00,0.000000e+00,0.000000e+00,0.000000e+00,0.000000e+00,0.000000e+00,0.000000e+00,0.000000e+00,0.000000e+00,0.000000e+00,0.000000e+00,0.000000e+00,0.000000e+00,0.000000e+00,0.000000e+00,0.000000e+00,0.000000e+00,8.777773e+03,2.782461e+03,9.915816e-03,-4.025844e-04,-2.453940e+00,1.136610e-03,0.000000e+00,0.000000e+00,0.000000e+00,0.000000e+00,0.000000e+00,0.000000e+00,0.000000e+00,0.000000e+00,0.000000e+00,0.000000e+00,0.000000e+00,0.000000e+00,0.000000e+00,0.000000e+00,0.000000e+00,0.000000e+00,0.000000e+00,0.000000e+00,0.000000e+00,0.000000e+00,0.000000e+00,-1.786646e+06,-9.202628e+02,-1.022454e+06,5.852719e-02,-5.065914e-03,-3.600613e+00,-1.577643e-02,-2.071467e-02,-5.869230e-02,-9.172775e-06,-9.828173e-06,4.340841e+00,-1.092822e-02,-2.300633e-03,-1.924488e-06,-4.165560e-03,3.265078e-04,-6.079453e+00,-8.040185e+00,8.236822e-01,-1.595095e+03,-6.355757e+03,9.011693e+02,2.058513e+06,2.376360e-02,1.772153e+00,-3.393024e-03,2.184139e+01,3.015724e+03,-2.385478e+00
2.420582e-03,8.887391e+03,6.964902e+03,-6.614322e-03,2.262985e-03,-7.739925e+00,1.023766e-01,9.774000e-07,2.142397e+01,0.000000e+00,0.000000e+00,5.656055e+02,0.000000e+00,0.000000e+00,0.000000e+00,0.000000e+00,0.000000e+00,0.000000e+00,0.000000e+00,0.000000e+00,0.000000e+00,0.000000e+00,0.000000e+00,0.000000e+00,0.000000e+00,0.000000e+00,0.000000e+00,0.000000e+00,0.000000e+00,0.000000e+00,0.000000e+00,0.000000e+00,0.000000e+00,0.000000e+00,0.000000e+00,0.000000e+00,0.000000e+00,0.000000e+00,0.000000e+00,0.000000e+00,0.000000e+00,0.000000e+00,0.000000e+00,0.000000e+00,0.000000e+00,0.000000e+00,0.000000e+00,0.000000e+00,0.000000e+00,8.887391e+03,2.770097e+03,1.009679e-02,-3.929208e-04,-2.447779e+00,1.136610e-03,0.000000e+00,0.000000e+00,0.000000e+00,0.000000e+00,0.000000e+00,0.000000e+00,0.000000e+00,0.000000e+00,0.000000e+00,0.000000e+00,0.000000e+00,0.000000e+00,0.000000e+00,0.000000e+00,0.000000e+00,0.000000e+00,0.000000e+00,0.000000e+00,0.000000e+00,0.000000e+00,0.000000e+00,-1.804415e+06,-1.306535e+03,-1.032763e+06,5.957982e-02,-5.151568e-03,-3.666136e+00,-1.636135e-02,-2.109236e-02,-5.989948e-02,-9.423967e-06,-1.016559e-05,4.414507e+00,-1.136860e-02,-2.364355e-03,-1.978103e-06,-4.244484e-03,3.346235e-04,-6.094934e+00,-8.103365e+00,8.363870e-01,-1.574873e+03,-6.261387e+03,1.286752e+03,2.079056e+06,2.413289e-02,1.801736e+00,-3.438360e-03,4.045451e+01,3.044021e+03,-4.677576e+00
2.430356e-03,8.996674e+03,6.847074e+03,-6.464426e-03,2.297598e-03,-7.665913e+00,1.023766e-01,9.774000e-07,2.213820e+01,0.000000e+00,0.000000e+00,5.733188e+02,0.000000e+00,0.000000e+00,0.000000e+00,0.000000e+00,0.000000e+00,0.000000e+00,0.000000e+00,0.000000e+00,0.000000e+00,0.000000e+00,0.000000e+00,0.000000e+00,0.000000e+00,0.000000e+00,0.000000e+00,0.000000e+00,0.000000e+00,0.000000e+00,0.000000e+00,0.000000e+00,0.000000e+00,0.000000e+00,0.000000e+00,0.000000e+00,0.000000e+00,0.000000e+00,0.000000e+00,0.000000e+00,0.000000e+00,0.000000e+00,0.000000e+00,0.000000e+00,0.000000e+00,0.000000e+00,0.000000e+00,0.000000e+00,0.000000e+00,8.996674e+03,2.757716e+03,1.030615e-02,-3.979839e-04,-2.441793e+00,1.136610e-03,0.000000e+00,0.000000e+00,0.000000e+00,0.000000e+00,0.000000e+00,0.000000e+00,0.000000e+00,0.000000e+00,0.000000e+00,0.000000e+00,0.000000e+00,0.000000e+00,0.000000e+00,0.000000e+00,0.000000e+00,0.000000e+00,0.000000e+00,0.000000e+00,0.000000e+00,0.000000e+00,0.000000e+00,-1.824847e+06,-1.379994e+03,-1.044474e+06,6.064497e-02,-5.237315e-03,-3.732323e+00,-1.696495e-02,-2.147546e-02,-6.112015e-02,-9.702971e-06,-1.050743e-05,4.488563e+00,-1.183969e-02,-2.403893e-03,-2.033695e-06,-4.324013e-03,3.428703e-04,-6.110218e+00,-8.163734e+00,8.498814e-01,-1.554446e+03,-6.281441e+03,1.359489e+03,2.102606e+06,2.454379e-02,1.831535e+00,-3.489361e-03,4.333404e+01,3.068780e+03,-4.834797e+00
2.440130e-03,9.105523e+03,6.729626e+03,-6.315657e-03,2.351227e-03,-7.590972e+00,1.023766e-01,9.774000e-07,2.286960e+01,0.000000e+00,0.000000e+00,5.810594e+02,0.000000e+00,0.000000e+00,0.000000e+00,0.000000e+00,0.000000e+00,0.000000e+00,0.000000e+00,0.000000e+00,0.000000e+00,0.000000e+00,0.000000e+00,0.000000e+00,0.000000e+00,0.000000e+00,0.000000e+00,0.000000e+00,0.000000e+00,0.000000e+00,0.000000e+00,0.000000e+00,0.000000e+00,0.000000e+00,0.000000e+00,0.000000e+00,0.000000e+00,0.000000e+00,0.000000e+00,0.000000e+00,0.000000e+00,0.000000e+00,0.000000e+00,0.000000e+00,0.000000e+00,0.000000e+00,0.000000e+00,0.000000e+00,0.000000e+00,9.105523e+03,2.745343e+03,1.051944e-02,-3.942067e-04,-2.435666e+00,1.136610e-03,0.000000e+00,0.000000e+00,0.000000e+00,0.000000e+00,0.000000e+00,0.000000e+00,0.000000e+00,0.000000e+00,0.000000e+00,0.000000e+00,0.000000e+00,0.000000e+00,0.000000e+00,0.000000e+00,0.000000e+00,0.000000e+00,0.000000e+00,0.000000e+00,0.000000e+00,0.000000e+00,0.000000e+00,-1.841877e+06,-1.211885e+03,-1.054630e+06,6.172379e-02,-5.326914e-03,-3.799160e+00,-1.758218e-02,-2.185795e-02,-6.235356e-02,-9.985962e-06,-1.087883e-05,4.563546e+00,-1.231514e-02,-2.463964e-03,-2.087503e-06,-4.404130e-03,3.512502e-04,-6.125300e+00,-8.223357e+00,8.634225e-01,-1.533815e+03,-5.947657e+03,1.190693e+03,2.122433e+06,2.492917e-02,1.861562e+00,-3.536652e-03,2.920507e+01,3.082562e+03,-3.454822e+00
2.450881e-03,9.224949e+03,6.600817e+03,-6.086985e-03,2.342067e-03,-7.507693e+00,1.023766e-01,9.774000e-07,2.369365e+01,0.000000e+00,0.000000e+00,5.895027e+02,0.000000e+00,0.000000e+00,0.000000e+00,0.000000e+00,0.000000e+00,0.000000e+00,0.000000e+00,0.000000e+00,0.000000e+00,0.000000e+00,0.000000e+00,0.000000e+00,0.000000e+00,0.000000e+00,0.000000e+00,0.000000e+00,0.000000e+00,0.000000e+00,0.000000e+00,0.000000e+00,0.000000e+00,0.000000e+00,0.000000e+00,0.000000e+00,0.000000e+00,0.000000e+00,0.000000e+00,0.000000e+00,0.000000e+00,0.000000e+00,0.000000e+00,0.000000e+00,0.000000e+00,0.000000e+00,0.000000e+00,0.000000e+00,0.000000e+00,9.224949e+03,2.731548e+03,1.078274e-02,-4.296363e-04,-2.428811e+00,1.136610e-03,0.000000e+00,0.000000e+00,0.000000e+00,0.000000e+00,0.000000e+00,0.000000e+00,0.000000e+00,0.000000e+00,0.000000e+00,0.000000e+00,0.000000e+00,0.000000e+00,0.000000e+00,0.000000e+00,0.000000e+00,0.000000e+00,0.000000e+00,0.000000e+00,0.000000e+00,0.000000e+00,0.000000e+00,-1.857711e+06,-1.098882e+03,-1.064154e+06,6.292099e-02,-5.425476e-03,-3.873392e+00,-1.827837e-02,-2.228764e-02,-6.372388e-02,-1.030272e-05,-1.125272e-05,4.646874e+00,-1.290643e-02,-2.457335e-03,-2.152208e-06,-4.492910e-03,3.606244e-04,-6.141656e+00,-8.285370e+00,8.791139e-01,-1.510896e+03,-5.558591e+03,1.076891e+03,2.140907e+06,2.537962e-02,1.894819e+00,-3.592135e-03,2.648181e+01,3.106101e+03,-3.108458e+00
2.460655e-03,9.333066e+03,6.484158e+03,-5.893326e-03,2.386500e-03,-7.431352e+00,1.023767e-01,9.774000e-07,2.446056e+01,0.000000e+00,0.000000e+00,5.971526e+02,0.000000e+00,0.000000e+00,0.000000e+00,0.000000e+00,0.000000e+00,0.000000e+00,0.000000e+00,0.000000e+00,0.000000e+00,0.000000e+00,0.000000e+00,0.000000e+00,0.000000e+00,0.000000e+00,0.000000e+00,0.000000e+00,0.000000e+00,0.000000e+00,0.000000e+00,0.000000e+00,0.000000e+00,0.000000e+00,0.000000e+00,0.000000e+00,0.000000e+00,0.000000e+00,0.000000e+00,0.000000e+00,0.000000e+00,0.000000e+00,0.000000e+00,0.000000e+00,0.000000e+00,0.000000e+00,0.000000e+00,0.000000e+00,0.000000e+00,9.333066e+03,2.718915e+03,1.100662e-02,-4.511329e-04,-2.422559e+00,1.136609e-03,0.000000e+00,0.000000e+00,0.000000e+00,0.000000e+00,0.000000e+00,0.000000e+00,0.000000e+00,0.000000e+00,0.000000e+00,0.000000e+00,0.000000e+00,0.000000e+00,0.000000e+00,0.000000e+00,0.000000e+00,0.000000e+00,0.000000e+00,0.000000e+00,0.000000e+00,0.000000e+00,0.000000e+00,-1.876516e+06,-1.570049e+03,-1.075071e+06,6.402166e-02,-5.514811e-03,-3.941537e+00,-1.892956e-02,-2.268426e-02,-6.498247e-02,-1.059096e-05,-1.154915e-05,4.723256e+00,-1.343202e-02,-2.513779e-03,-2.211310e-06,-4.574180e-03,3.692911e-04,-6.156311e+00,-8.338459e+00,8.931562e-01,-1.489860e+03,-5.448559e+03,1.547304e+03,2.162651e+06,2.578488e-02,1.925254e+00,-3.640621e-03,5.100835e+01,3.128665e+03,-6.501345e+00
2.470429e-03,9.440617e+03,6.367995e+03,-5.644865e-03,2.476665e-03,-7.354160e+00,1.023767e-01,9.774000e-07,2.524557e+01,0.000000e+00,0.000000e+00,6.048455e+02,0.000000e+00,0.000000e+00,0.000000e+00,0.000000e+00,0.000000e+00,0.000000e+00,0.000000e+00,0.000000e+00,0.000000e+00,0.000000e+00,0.000000e+00,0.000000e+00,0.000000e+00,0.000000e+00,0.000000e+00,0.000000e+00,0.000000e+00,0.000000e+00,0.000000e+00,0.000000e+00,0.000000e+00,0.000000e+00,0.000000e+00,0.000000e+00,0.000000e+00,0.000000e+00,0.000000e+00,0.000000e+00,0.000000e+00,0.000000e+00,0.000000e+00,0.000000e+00,0.000000e+00,0.000000e+00,0.000000e+00,0.000000e+00,0.000000e+00,9.440617e+03,2.706229e+03,1.126412e-02,-4.182353e-04,-2.416168e+00,1.136610e-03,0.000000e+00,0.000000e+00,0.000000e+00,0.000000e+00,0.000000e+00,0.000000e+00,0.000000e+00,0.000000e+00,0.000000e+00,0.000000e+00,0.000000e+00,0.000000e+00,0.000000e+00,0.000000e+00,0.000000e+00,0.000000e+00,0.000000e+00,0.000000e+00,0.000000e+00,0.000000e+00,0.000000e+00,-1.896902e+06,-1.361154e+03,-1.087464e+06,6.513171e-02,-5.603351e-03,-4.010322e+00,-1.959601e-02,-2.308428e-02,-6.625363e-02,-1.086867e-05,-1.181804e-05,4.800484e+00,-1.401615e-02,-2.604255e-03,-2.271421e-06,-4.655958e-03,3.780990e-04,-6.170759e+00,-8.389329e+00,9.075147e-01,-1.468627e+03,-4.848336e+03,1.337583e+03,2.186502e+06,2.622066e-02,1.955917e+00,-3.691925e-03,4.623835e+01,3.148545e+03,-5.203791e+00
2.480203e-03,9.547766e+03,6.252298e+03,-5.392786e-03,2.464895e-03,-7.276377e+00,1.023767e-01,9.774000e-07,2.604809e+01,0.000000e+00,0.000000e+00,6.124941e+02,0.000000e+00,0.000000e+00,0.000000e+00,0.000000e+00,0.000000e+00,0.000000e+00,0.000000e+00,0.000000e+00,0.000000e+00,0.000000e+00,0.000000e+00,0.000000e+00,0.000000e+00,0.000000e+00,0.000000e+00,0.000000e+00,0.000000e+00,0.000000e+00,0.000000e+00,0.000000e+00,0.000000e+00,0.000000e+00,0.000000e+00,0.000000e+00,0.000000e+00,0.000000e+00,0.000000e+00,0.000000e+00,0.000000e+00,0.000000e+00,0.000000e+00,0.000000e+00,0.000000e+00,0.000000e+00,0.000000e+00,0.000000e+00,0.000000e+00,9.547766e+03,2.693425e+03,1.151847e-02,-4.473915e-04,-2.409784e+00,1.136610e-03,0.000000e+00,0.000000e+00,0.000000e+00,0.000000e+00,0.000000e+00,0.000000e+00,0.000000e+00,0.000000e+00,0.000000e+00,0.000000e+00,0.000000e+00,0.000000e+00,0.000000e+00,0.000000e+00,0.000000e+00,0.000000e+00,0.000000e+00,0.000000e+00,0.000000e+00,0.000000e+00,0.000000e+00,-1.909724e+06,-1.603664e+03,-1.095034e+06,6.625262e-02,-5.692590e-03,-4.079713e+00,-2.027811e-02,-2.348921e-02,-6.753644e-02,-1.118042e-05,-1.205926e-05,4.878310e+00,-1.460690e-02,-2.597856e-03,-2.335015e-06,-4.738213e-03,3.870461e-04,-6.184998e+00,-8.437248e+00,9.218483e-01,-1.447198e+03,-4.647786e+03,1.579365e+03,2.201392e+06,2.665877e-02,1.986778e+00,-3.743339e-03,4.623454e+01,3.164767e+03,-5.480358e+00
2.490954e-03,9.664888e+03,6.125549e+03,-5.045946e-03,2.527051e-03,-7.189608e+00,1.023767e-01,9.774000e-07,2.695121e+01,0.000000e+00,0.000000e+00,6.210994e+02,0.000000e+00,0.000000e+00,0.000000e+00,0.000000e+00,0.000000e+00,0.000000e+00,0.000000e+00,0.000000e+00,0.000000e+00,0.000000e+00,0.000000e+00,0.000000e+00,0.000000e+00,0.000000e+00,0.000000e+00,0.000000e+00,0.000000e+00,0.000000e+00,0.000000e+00,0.000000e+00,0.000000e+00,0.000000e+00,0.000000e+00,0.000000e+00,0.000000e+00,0.000000e+00,0.000000e+00,0.000000e+00,0.000000e+00,0.000000e+00,0.000000e+00,0.000000e+00,0.000000e+00,0.000000e+00,0.000000e+00,0.000000e+00,0.000000e+00,9.664888e+03,2.679111e+03,1.182999e-02,-4.601611e-04,-2.402425e+00,1.136609e-03,0.000000e+00,0.000000e+00,0.000000e+00,0.000000e+00,0.000000e+00,0.000000e+00,0.000000e+00,0.000000e+00,0.000000e+00,0.000000e+00,0.000000e+00,0.000000e+00,0.000000e+00,0.000000e+00,0.000000e+00,0.000000e+00,0.000000e+00,0.000000e+00,0.000000e+00,0.000000e+00,0.000000e+00,-1.930000e+06,-1.642012e+03,-1.107142e+06,6.749555e-02,-5.791673e-03,-4.156756e+00,-2.104791e-02,-2.393921e-02,-6.896093e-02,-1.151020e-05,-1.229227e-05,4.965144e+00,-1.533136e-02,-2.674807e-03,-2.404994e-06,-4.829211e-03,3.970519e-04,-6.200418e+00,-8.485927e+00,9.380829e-01,-1.423411e+03,-4.232413e+03,1.616833e+03,2.225004e+06,2.715009e-02,2.020941e+00,-3.801499e-03,4.897495e+01,3.189891e+03,-5.841253e+00
2.500728e-03,9.770928e+03,6.011090e+03,-4.753078e-03,2.573775e-03,-7.110331e+00,1.023767e-01,9.774000e-07,2.779102e+01,0.000000e+00,0.000000e+00,6.285391e+02,0.000000e+00,0.000000e+00,0.000000e+00,0.000000e+00,0.000000e+00,0.000000e+00,0.000000e+00,0.000000e+00,0.000000e+00,0.000000e+00,0.000000e+00,0.000000e+00,0.000000e+00,0.000000e+00,0.000000e+00,0.000000e+00,0.000000e+00,0.000000e+00,0.000000e+00,0.000000e+00,0.000000e+00,0.000000e+00,0.000000e+00,0.000000e+00,0.000000e+00,0.000000e+00,0.000000e+00,0.000000e+00,0.000000e+00,0.000000e+00,0.000000e+00,0.000000e+00,0.000000e+00,0.000000e+00,0.000000e+00,0.000000e+00,0.000000e+00,9.770928e+03,2.666039e+03,1.210935e-02,-4.538032e-04,-2.395777e+00,1.136610e-03,0.000000e+00,0.000000e+00,0.000000e+00,0.000000e+00,0.000000e+00,0.000000e+00,0.000000e+00,0.000000e+00,0.000000e+00,0.000000e+00,0.000000e+00,0.000000e+00,0.000000e+00,0.000000e+00,0.000000e+00,0.000000e+00,0.000000e+00,0.000000e+00,0.000000e+00,0.000000e+00,0.000000e+00,-1.946518e+06,-2.055003e+03,-1.116779e+06,6.863504e-02,-5.881829e-03,-4.227447e+00,-2.176769e-02,-2.435475e-02,-7.026908e-02,-1.181603e-05,-1.247262e-05,5.044413e+00,-1.596416e-02,-2.723389e-03,-2.469793e-06,-4.912369e-03,4.063012e-04,-6.214213e+00,-8.525825e+00,9.530619e-01,-1.401582e+03,-4.083961e+03,2.028996e+03,2.244128e+06,2.760657e-02,2.052197e+00,-3.856061e-03,6.659519e+01,3.214529e+03,-8.068318e+00
2.510502e-03,9.875891e+03,5.897397e+03,-4.440588e-03,2.597050e-03,-7.030424e+00,1.023767e-01,9.774000e-07,2.864913e+01,0.000000e+00,0.000000e+00,6.362967e+02,0.000000e+00,0.000000e+00,0.000000e+00,0.000000e+00,0.000000e+00,0.000000e+00,0.000000e+00,0.000000e+00,0.000000e+00,0.000000e+00,0.000000e+00,0.000000e+00,0.000000e+00,0.000000e+00,0.000000e+00,0.000000e+00,0.000000e+00,0.000000e+00,0.000000e+00,0.000000e+00,0.000000e+00,0.000000e+00,0.000000e+00,0.000000e+00,0.000000e+00,0.000000e+00,0.000000e+00,0.000000e+00,0.000000e+00,0.000000e+00,0.000000e+00,0.000000e+00,0.000000e+00,0.000000e+00,0.000000e+00,0.000000e+00,0.000000e+00,9.875891e+03,2.653060e+03,1.238448e-02,-4.693923e-04,-2.389234e+00,1.136610e-03,0.000000e+00,0.000000e+00,0.000000e+00,0.000000e+00,0.000000e+00,0.000000e+00,0.000000e+00,0.000000e+00,0.000000e+00,0.000000e+00,0.000000e+00,0.000000e+00,0.000000e+00,0.000000e+00,0.000000e+00,0.000000e+00,0.000000e+00,0.000000e+00,0.000000e+00,0.000000e+00,0.000000e+00,-1.962028e+06,-1.705664e+03,-1.126547e+06,6.978445e-02,-5.973640e-03,-4.298749e+00,-2.250392e-02,-2.477145e-02,-7.158923e-02,-1.213877e-05,-1.266038e-05,5.124390e+00,-1.662736e-02,-2.754246e-03,-2.535370e-06,-4.995904e-03,4.157000e-04,-6.227794e+00,-8.563148e+00,9.681990e-01,-1.379562e+03,-3.317241e+03,1.678854e+03,2.262444e+06,2.806752e-02,2.083661e+00,-3.910396e-03,4.770384e+01,3.219407e+03,-5.802900e+00
2.520276e-03,9.980252e+03,5.784435e+03,-4.088238e-03,2.671481e-03,-6.949688e+00,1.023767e-01,9.774000e-07,2.952497e+01,0.000000e+00,0.000000e+00,6.439109e+02,0.000000e+00,0.000000e+00,0.000000e+00,0.000000e+00,0.000000e+00,0.000000e+00,0.000000e+00,0.000000e+00,0.000000e+00,0.000000e+00,0.000000e+00,0.000000e+00,0.000000e+00,0.000000e+00,0.000000e+00,0.000000e+00,0.000000e+00,0.000000e+00,0.000000e+00,0.000000e+00,0.000000e+00,0.000000e+00,0.000000e+00,0.000000e+00,0.000000e+00,0.000000e+00,0.000000e+00,0.000000e+00,0.000000e+00,0.000000e+00,0.000000e+00,0.000000e+00,0.000000e+00,0.000000e+00,0.000000e+00,0.000000e+00,0.000000e+00,9.980252e+03,2.640008e+03,1.267142e-02,-4.563986e-04,-2.382512e+00,1.136610e-03,0.000000e+00,0.000000e+00,0.000000e+00,0.000000e+00,0.000000e+00,0.000000e+00,0.000000e+00,0.000000e+00,0.000000e+00,0.000000e+00,0.000000e+00,0.000000e+00,0.000000e+00,0.000000e+00,0.000000e+00,0.000000e+00,0.000000e+00,0.000000e+00,0.000000e+00,0.000000e+00,0.000000e+00,-1.979865e+06,-1.830098e+03,-1.136941e+06,7.094263e-02,-6.065822e-03,-4.370646e+00,-2.325866e-02,-2.519471e-02,-7.292176e-02,-1.244845e-05,-1.280069e-05,5.205142e+00,-1.732904e-02,-2.836359e-03,-2.600808e-06,-5.079779e-03,4.252479e-04,-6.241159e+00,-8.595998e+00,9.837101e-01,-1.357358e+03,-3.168502e+03,1.802393e+03,2.283088e+06,2.853220e-02,2.115282e+00,-3.965314e-03,5.655207e+01,3.245996e+03,-6.802447e+00
2.530050e-03,1.008370e+04,5.672371e+03,-3.739066e-03,2.699565e-03,-6.868648e+00,1.023767e-01,9.774000e-07,3.041947e+01,0.000000e+00,0.000000e+00,6.514818e+02,0.000000e+00,0.000000e+00,0.000000e+00,0.000000e+00,0.000000e+00,0.000000e+00,0.000000e+00,0.000000e+00,0.000000e+00,0.000000e+00,0.000000e+00,0.000000e+00,0.000000e+00,0.000000e+00,0.000000e+00,0.000000e+00,0.000000e+00,0.000000e+00,0.000000e+00,0.000000e+00,0.000000e+00,0.000000e+00,0.000000e+00,0.000000e+00,0.000000e+00,0.000000e+00,0.000000e+00,0.000000e+00,0.000000e+00,0.000000e+00,0.000000e+00,0.000000e+00,0.000000e+00,0.000000e+00,0.000000e+00,0.000000e+00,0.000000e+00,1.008370e+04,2.627014e+03,1.295190e-02,-4.642418e-04,-2.376008e+00,1.136610e-03,0.000000e+00,0.000000e+00,0.000000e+00,0.000000e+00,0.000000e+00,0.000000e+00,0.000000e+00,0.000000e+00,0.000000e+00,0.000000e+00,0.000000e+00,0.000000e+00,0.000000e+00,0.000000e+00,0.000000e+00,0.000000e+00,0.000000e+00,0.000000e+00,0.000000e+00,0.000000e+00,0.000000e+00,-1.995717e+06,-1.644912e+03,-1.146512e+06,7.210889e-02,-6.156616e-03,-4.443157e+00,-2.403123e-02,-2.562415e-02,-7.426650e-02,-1.271297e-05,-1.292205e-05,5.286229e+00,-1.803233e-02,-2.870498e-03,-2.673091e-06,-5.163956e-03,4.349491e-04,-6.254305e+00,-8.625179e+00,9.997194e-01,-1.334963e+03,-2.740846e+03,1.616352e+03,2.301601e+06,2.902746e-02,2.147099e+00,-4.023624e-03,6.315156e+01,3.265266e+03,-7.033515e+00
2.540802e-03,1.019648e+04,5.550125e+03,-3.305278e-03,2.764999e-03,-6.778518e+00,1.023767e-01,9.774000e-07,3.142407e+01,0.000000e+00,0.000000e+00,6.598492e+02,0.000000e+00,0.000000e+00,0.000000e+00,0.000000e+00,0.000000e+00,0.000000e+00,0.000000e+00,0.000000e+00,0.000000e+00,0.000000e+00,0.000000e+00,0.000000e+00,0.000000e+00,0.000000e+00,0.000000e+00,0.000000e+00,0.000000e+00,0.000000e+00,0.000000e+00,0.000000e+00,0.000000e+00,0.000000e+00,0.000000e+00,0.000000e+00,0.000000e+00,0.000000e+00,0.000000e+00,0.000000e+00,0.000000e+00,0.000000e+00,0.000000e+00,0.000000e+00,0.000000e+00,0.000000e+00,0.000000e+00,0.000000e+00,0.000000e+00,1.019648e+04,2.612697e+03,1.327931e-02,-4.661287e-04,-2.368679e+00,1.136610e-03,0.000000e+00,0.000000e+00,0.000000e+00,0.000000e+00,0.000000e+00,0.000000e+00,0.000000e+00,0.000000e+00,0.000000e+00,0.000000e+00,0.000000e+00,0.000000e+00,0.000000e+00,0.000000e+00,0.000000e+00,0.000000e+00,0.000000e+00,0.000000e+00,0.000000e+00,0.000000e+00,0.000000e+00,-2.012757e+06,-1.526481e+03,-1.156651e+06,7.340206e-02,-6.260286e-03,-4.523596e+00,-2.490502e-02,-2.609556e-02,-7.575923e-02,-9.639509e-06,-1.304374e-05,5.376390e+00,-1.885363e-02,-2.945897e-03,-3.206803e-06,-5.256852e-03,4.457962e-04,-6.268513e+00,-8.651916e+00,1.016579e+00,-1.310116e+03,-2.406765e+03,1.496932e+03,2.321428e+06,2.955157e-02,2.182282e+00,-4.082731e-03,3.472593e+01,3.284293e+03,-4.382190e+00
2.550576e-03,1.029795e+04,5.440028e+03,-2.898423e-03,2.799569e-03,-6.696191e+00,1.023767e-01,9.774000e-07,3.235606e+01,0.000000e+00,0.000000e+00,6.673727e+02,0.000000e+00,0.000000e+00,0.000000e+00,0.000000e+00,0.000000e+00,0.000000e+00,0.000000e+00,0.000000e+00,0.000000e+00,0.000000e+00,0.000000e+00,0.000000e+00,0.000000e+00,0.000000e+00,0.000000e+00,0.000000e+00,0.000000e+00,0.000000e+00,0.000000e+00,0.000000e+00,0.000000e+00,0.000000e+00,0.000000e+00,0.000000e+00,0.000000e+00,0.000000e+00,0.000000e+00,0.000000e+00,0.000000e+00,0.000000e+00,0.000000e+00,0.000000e+00,0.000000e+00,0.000000e+00,0.000000e+00,0.000000e+00,0.000000e+00,1.029795e+04,2.599677e+03,1.357928e-02,-4.694299e-04,-2.362145e+00,1.136610e-03,0.000000e+00,0.000000e+00,0.000000e+00,0.000000e+00,0.000000e+00,0.000000e+00,0.000000e+00,0.000000e+00,0.000000e+00,0.000000e+00,0.000000e+00,0.000000e+00,0.000000e+00,0.000000e+00,0.000000e+00,0.000000e+00,0.000000e+00,0.000000e+00,0.000000e+00,0.000000e+00,0.000000e+00,-2.028367e+06,-1.310448e+03,-1.166263e+06,7.458859e-02,-6.355336e-03,-4.597323e+00,-2.572126e-02,-2.652688e-02,-7.712789e-02,-1.836674e-06,-1.313603e-05,5.458753e+00,-1.960961e-02,-2.986872e-03,-4.374630e-06,-5.341531e-03,4.558107e-04,-6.281195e+00,-8.672012e+00,1.031729e+00,-1.287341e+03,-1.819308e+03,1.279975e+03,2.339752e+06,2.999443e-02,2.214426e+00,-4.132764e-03,3.219514e+01,3.292831e+03,-3.665642e+00
2.560350e-03,1.039846e+04,5.330927e+03,-2.449914e-03,2.847561e-03,-6.613072e+00,1.023767e-01,9.774000e-07,3.330628e+01,0.000000e+00,0.000000e+00,6.749150e+02,0.000000e+00,0.000000e+00,0.000000e+00,0.000000e+00,0.000000e+00,0.000000e+00,0.000000e+00,0.000000e+00,0.000000e+00,0.000000e+00,0.000000e+00,0.000000e+00,0.000000e+00,0.000000e+00,0.000000e+00,0.000000e+00,0.000000e+00,0.000000e+00,0.000000e+00,0.000000e+00,0.000000e+00,0.000000e+00,0.000000e+00,0.000000e+00,0.000000e+00,0.000000e+00,0.000000e+00,0.000000e+00,0.000000e+00,0.000000e+00,0.000000e+00,0.000000e+00,0.000000e+00,0.000000e+00,0.000000e+00,0.000000e+00,0.000000e+00,1.039846e+04,2.586684e+03,1.390520e-02,-4.719189e-04,-2.355507e+00,1.136610e-03,0.000000e+00,0.000000e+00,0.000000e+00,0.000000e+00,0.000000e+00,0.000000e+00,0.000000e+00,0.000000e+00,0.000000e+00,0.000000e+00,0.000000e+00,0.000000e+00,0.000000e+00,0.000000e+00,0.000000e+00,0.000000e+00,0.000000e+00,0.000000e+00,0.000000e+00,0.000000e+00,0.000000e+00,-2.044264e+06,-1.393950e+03,-1.175887e+06,7.578284e-02,-6.451481e-03,-4.671619e+00,-2.655650e-02,-2.696292e-02,-7.850736e-02,1.117061e-05,-1.321770e-05,5.541901e+00,-2.040479e-02,-3.044442e-03,-6.266031e-06,-5.426379e-03,4.659749e-04,-6.293654e+00,-8.687605e+00,1.047051e+00,-1.264390e+03,-1.362715e+03,1.362531e+03,2.358331e+06,3.044265e-02,2.246721e+00,-4.182443e-03,3.839062e+01,3.312589e+03,-4.060601e+00
2.570124e-03,1.049789e+04,5.222914e+03,-1.986876e-03,2.884251e-03,-6.529565e+00,1.023767e-01,9.774000e-07,3.427405e+01,0.000000e+00,0.000000e+00,6.823679e+02,0.000000e+00,0.000000e+00,0.000000e+00,0.000000e+00,0.000000e+00,0.000000e+00,0.000000e+00,0.000000e+00,0.000000e+00,0.000000e+00,0.000000e+00,0.000000e+00,0.000000e+00,0.000000e+00,0.000000e+00,0.000000e+00,0.000000e+00,0.000000e+00,0.000000e+00,0.000000e+00,0.000000e+00,0.000000e+00,0.000000e+00,0.000000e+00,0.000000e+00,0.000000e+00,0.000000e+00,0.000000e+00,0.000000e+00,0.000000e+00,0.000000e+00,0.000000e+00,0.000000e+00,0.000000e+00,0.000000e+00,0.000000e+00,0.000000e+00,1.049789e+04,2.573665e+03,1.422868e-02,-4.776800e-04,-2.348953e+00,1.136610e-03,0.000000e+00,0.000000e+00,0.000000e+00,0.000000e+00,0.000000e+00,0.000000e+00,0.000000e+00,0.000000e+00,0.000000e+00,0.000000e+00,0.000000e+00,0.000000e+00,0.000000e+00,0.000000e+00,0.000000e+00,0.000000e+00,0.000000e+00,0.000000e+00,0.000000e+00,0.000000e+00,0.000000e+00,-2.058743e+06,-1.586148e+03,-1.184817e+06,7.698493e-02,-6.547976e-03,-4.746465e+00,-2.741480e-02,-2.740281e-02,-7.989811e-02,2.995554e-05,-1.328575e-05,5.625437e+00,-2.121168e-02,-3.088105e-03,-8.988881e-06,-5.511352e-03,4.762892e-04,-6.305889e+00,-8.697800e+00,1.062345e+00,-1.241265e+03,-7.988345e+02,1.553802e+03,2.375335e+06,3.088933e-02,2.279146e+00,-4.232136e-03,5.155339e+01,3.323322e+03,-5.545629e+00
2.580875e-03,1.060604e+04,5.105258e+03,-1.436494e-03,2.999824e-03,-6.436595e+00,1.023767e-01,9.774000e-07,3.535949e+01,0.000000e+00,0.000000e+00,6.906821e+02,0.000000e+00,0.000000e+00,0.000000e+00,0.000000e+00,0.000000e+00,0.000000e+00,0.000000e+00,0.000000e+00,0.000000e+00,0.000000e+00,0.000000e+00,0.000000e+00,0.000000e+00,0.000000e+00,0.000000e+00,0.000000e+00,0.000000e+00,0.000000e+00,0.000000e+00,0.000000e+00,0.000000e+00,0.000000e+00,0.000000e+00,0.000000e+00,0.000000e+00,0.000000e+00,0.000000e+00,0.000000e+00,0.000000e+00,0.000000e+00,0.000000e+00,0.000000e+00,0.000000e+00,0.000000e+00,0.000000e+00,0.000000e+00,0.000000e+00,1.060604e+04,2.559269e+03,1.459284e-02,-4.488504e-04,-2.341482e+00,1.136610e-03,0.000000e+00,0.000000e+00,0.000000e+00,0.000000e+00,0.000000e+00,0.000000e+00,0.000000e+00,0.000000e+00,0.000000e+00,0.000000e+00,0.000000e+00,0.000000e+00,0.000000e+00,0.000000e+00,0.000000e+00,0.000000e+00,0.000000e+00,0.000000e+00,0.000000e+00,0.000000e+00,0.000000e+00,-2.072746e+06,-1.622899e+03,-1.193338e+06,7.830579e-02,-6.649204e-03,-4.829449e+00,-2.838000e-02,-2.789406e-02,-8.144217e-02,5.810552e-05,-1.334806e-05,5.718474e+00,-2.214753e-02,-3.208537e-03,-1.308620e-05,-5.604895e-03,4.878065e-04,-6.319084e+00,-8.700706e+00,1.078523e+00,-1.215621e+03,-3.442900e+02,1.589535e+03,2.391722e+06,3.143154e-02,2.314978e+00,-4.296008e-03,3.565210e+01,3.327469e+03,-3.203982e+00
2.590649e-03,1.070329e+04,4.999392e+03,-8.919498e-04,2.997530e-03,-6.351619e+00,1.023767e-01,9.774000e-07,3.636567e+01,0.000000e+00,0.000000e+00,6.981841e+02,0.000000e+00,0.000000e+00,0.000000e+00,0.000000e+00,0.000000e+00,0.000000e+00,0.000000e+00,0.000000e+00,0.000000e+00,0.000000e+00,0.000000e+00,0.000000e+00,0.000000e+00,0.000000e+00,0.000000e+00,0.000000e+00,0.000000e+00,0.000000e+00,0.000000e+00,0.000000e+00,0.000000e+00,0.000000e+00,0.000000e+00,0.000000e+00,0.000000e+00,0.000000e+00,0.000000e+00,0.000000e+00,0.000000e+00,0.000000e+00,0.000000e+00,0.000000e+00,0.000000e+00,0.000000e+00,0.000000e+00,0.000000e+00,0.000000e+00,1.070329e+04,2.546033e+03,1.494279e-02,-4.645495e-04,-2.334688e+00,1.136610e-03,0.000000e+00,0.000000e+00,0.000000e+00,0.000000e+00,0.000000e+00,0.000000e+00,0.000000e+00,0.000000e+00,0.000000e+00,0.000000e+00,0.000000e+00,0.000000e+00,0.000000e+00,0.000000e+00,0.000000e+00,0.000000e+00,0.000000e+00,0.000000e+00,0.000000e+00,0.000000e+00,0.000000e+00,-2.091795e+06,-1.287808e+03,-1.205834e+06,7.950637e-02,-6.750302e-03,-4.905482e+00,-2.927613e-02,-2.833909e-02,-8.285858e-02,9.133724e-05,-1.340540e-05,5.803500e+00,-2.303849e-02,-3.216867e-03,-1.796077e-05,-5.689930e-03,4.984318e-04,-6.330839e+00,-8.697552e+00,1.094769e+00,-1.192132e+03,1.032693e+03,1.253360e+03,2.414465e+06,3.183541e-02,2.347694e+00,-4.332218e-03,7.959407e+01,3.354301e+03,-1.007218e+01
2.600423e-03,1.079936e+04,4.894631e+03,-3.125201e-04,2.973104e-03,-6.265790e+00,1.023767e-01,9.774000e-07,3.739038e+01,0.000000e+00,0.000000e+00,7.057502e+02,0.000000e+00,0.000000e+00,0.000000e+00,0.000000e+00,0.000000e+00,0.000000e+00,0.000000e+00,0.000000e+00,0.000000e+00,0.000000e+00,0.000000e+00,0.000000e+00,0.000000e+00,0.000000e+00,0.000000e+00,0.000000e+00,0.000000e+00,0.000000e+00,0.000000e+00,0.000000e+00,0.000000e+00,0.000000e+00,0.000000e+00,0.000000e+00,0.000000e+00,0.000000e+00,0.000000e+00,0.000000e+00,0.000000e+00,0.000000e+00,0.000000e+00,0.000000e+00,0.000000e+00,0.000000e+00,0.000000e+00,0.000000e+00,0.000000e+00,1.079936e+04,2.532739e+03,1.532212e-02,-5.156130e-04,-2.327714e+00,1.136610e-03,0.000000e+00,0.000000e+00,0.000000e+00,0.000000e+00,0.000000e+00,0.000000e+00,0.000000e+00,0.000000e+00,0.000000e+00,0.000000e+00,0.000000e+00,0.000000e+00,0.000000e+00,0.000000e+00,0.000000e+00,0.000000e+00,0.000000e+00,0.000000e+00,0.000000e+00,0.000000e+00,0.000000e+00,-2.106222e+06,-2.049942e+03,-1.214580e+06,8.071519e-02,-6.843606e-03,-4.982052e+00,-3.019274e-02,-2.879279e-02,-8.428507e-02,1.327606e-04,-1.346562e-05,5.889372e+00,-2.394617e-02,-3.205286e-03,-2.407443e-05,-5.774886e-03,5.092084e-04,-6.342364e+00,-8.688815e+00,1.109037e+00,-1.168471e+03,1.467902e+03,2.014516e+03,2.431332e+06,3.235716e-02,2.380555e+00,-4.391557e-03,4.369803e+01,3.372108e+03,-3.818099e+00
2.610197e-03,1.089434e+04,4.791043e+03,3.211630e-04,3.044844e-03,-6.179393e+00,1.023768e-01,9.774000e-07,3.843175e+01,0.000000e+00,0.000000e+00,7.132223e+02,0.000000e+00,0.000000e+00,0.000000e+00,0.000000e+00,0.000000e+00,0.000000e+00,0.000000e+00,0.000000e+00,0.000000e+00,0.000000e+00,0.000000e+00,0.000000e+00,0.000000e+00,0.000000e+00,0.000000e+00,0.000000e+00,0.000000e+00,0.000000e+00,0.000000e+00,0.000000e+00,0.000000e+00,0.000000e+00,0.000000e+00,0.000000e+00,0.000000e+00,0.000000e+00,0.000000e+00,0.000000e+00,0.000000e+00,0.000000e+00,0.000000e+00,0.000000e+00,0.000000e+00,0.000000e+00,0.000000e+00,0.000000e+00,0.000000e+00,1.089434e+04,2.519331e+03,1.570309e-02,-5.178154e-04,-2.320656e+00,1.136610e-03,0.000000e+00,0.000000e+00,0.000000e+00,0.000000e+00,0.000000e+00,0.000000e+00,0.000000e+00,0.000000e+00,0.000000e+00,0.000000e+00,0.000000e+00,0.000000e+00,0.000000e+00,0.000000e+00,0.000000e+00,0.000000e+00,0.000000e+00,0.000000e+00,0.000000e+00,0.000000e+00,0.000000e+00,-2.117441e+06,-1.775154e+03,-1.221015e+06,8.192603e-02,-6.947424e-03,-5.059136e+00,-3.113395e-02,-2.924398e-02,-8.572292e-02,1.833800e-04,-1.350367e-05,5.975805e+00,-2.490690e-02,-3.285822e-03,-3.163370e-05,-5.859715e-03,5.201446e-04,-6.353656e+00,-8.671716e+00,1.125689e+00,-1.144644e+03,1.502959e+03,1.738751e+03,2.444265e+06,3.278026e-02,2.413499e+00,-4.434168e-03,5.252911e+01,3.375279e+03,-5.425092e+00
2.620949e-03,1.099719e+04,4.678661e+03,1.045130e-03,3.047595e-03,-6.083870e+00,1.023768e-01,9.774000e-07,3.959651e+01,0.000000e+00,0.000000e+00,7.214666e+02,0.000000e+00,0.000000e+00,0.000000e+00,0.000000e+00,0.000000e+00,0.000000e+00,0.000000e+00,0.000000e+00,0.000000e+00,0.000000e+00,0.000000e+00,0.000000e+00,0.000000e+00,0.000000e+00,0.000000e+00,0.000000e+00,0.000000e+00,0.000000e+00,0.000000e+00,0.000000e+00,0.000000e+00,0.000000e+00,0.000000e+00,0.000000e+00,0.000000e+00,0.000000e+00,0.000000e+00,0.000000e+00,0.000000e+00,0.000000e+00,0.000000e+00,0.000000e+00,0.000000e+00,0.000000e+00,0.000000e+00,0.000000e+00,0.000000e+00,1.099719e+04,2.504615e+03,1.615281e-02,-5.526810e-04,-2.312958e+00,1.136610e-03,0.000000e+00,0.000000e+00,0.000000e+00,0.000000e+00,0.000000e+00,0.000000e+00,0.000000e+00,0.000000e+00,0.000000e+00,0.000000e+00,0.000000e+00,0.000000e+00,0.000000e+00,0.000000e+00,0.000000e+00,0.000000e+00,0.000000e+00,0.000000e+00,0.000000e+00,0.000000e+00,0.000000e+00,-2.137992e+06,-1.298751e+03,-1.234570e+06,8.326292e-02,-7.055463e-03,-5.144546e+00,-3.220090e-02,-2.974367e-02,-8.731703e-02,2.512671e-04,-1.357576e-05,6.071348e+00,-2.596977e-02,-3.297955e-03,-4.191875e-05,-5.952800e-03,5.323462e-04,-6.365808e+00,-8.645051e+00,1.141943e+00,-1.118251e+03,3.059126e+03,1.261050e+03,2.468838e+06,3.326429e-02,2.449813e+00,-4.477258e-03,4.955620e+01,3.397965e+03,-4.803830e+00
2.630723e-03,1.108931e+04,4.577955e+03,1.744620e-03,3.067207e-03,-5.996446e+00,1.023768e-01,9.774000e-07,4.067421e+01,0.000000e+00,0.000000e+00,7.288980e+02,0.000000e+00,0.000000e+00,0.000000e+00,0.000000e+00,0.000000e+00,0.000000e+00,0.000000e+00,0.000000e+00,0.000000e+00,0.000000e+00,0.000000e+00,0.000000e+00,0.000000e+00,0.000000e+00,0.000000e+00,0.000000e+00,0.000000e+00,0.000000e+00,0.000000e+00,0.000000e+00,0.000000e+00,0.000000e+00,0.000000e+00,0.000000e+00,0.000000e+00,0.000000e+00,0.000000e+00,0.000000e+00,0.000000e+00,0.000000e+00,0.000000e+00,0.000000e+00,0.000000e+00,0.000000e+00,0.000000e+00,0.000000e+00,0.000000e+00,1.108931e+04,2.491297e+03,1.655154e-02,-5.798400e-04,-2.306014e+00,1.136610e-03,0.000000e+00,0.000000e+00,0.000000e+00,0.000000e+00,0.000000e+00,0.000000e+00,0.000000e+00,0.000000e+00,0.000000e+00,0.000000e+00,0.000000e+00,0.000000e+00,0.000000e+00,0.000000e+00,0.000000e+00,0.000000e+00,0.000000e+00,0.000000e+00,0.000000e+00,0.000000e+00,0.000000e+00,-2.151071e+06,-9.645521e+02,-1.243403e+06,8.447828e-02,-7.159030e-03,-5.222796e+00,-3.319642e-02,-3.019729e-02,-8.878262e-02,3.256922e-04,-1.363918e-05,6.158824e+00,-2.698045e-02,-3.328594e-03,-5.339898e-05,-6.037124e-03,5.435858e-04,-6.376608e+00,-8.611192e+00,1.156764e+00,-1.094060e+03,4.247364e+03,9.258120e+02,2.484580e+06,3.361955e-02,2.482950e+00,-4.508988e-03,9.618140e+01,3.399917e+03,-9.657207e+00
2.640497e-03,1.118001e+04,4.478652e+03,2.502841e-03,3.078428e-03,-5.908536e+00,1.023768e-01,9.774000e-07,4.176624e+01,0.000000e+00,0.000000e+00,7.363121e+02,0.000000e+00,0.000000e+00,0.000000e+00,0.000000e+00,0.000000e+00,0.000000e+00,0.000000e+00,0.000000e+00,0.000000e+00,0.000000e+00,0.000000e+00,0.000000e+00,0.000000e+00,0.000000e+00,0.000000e+00,0.000000e+00,0.000000e+00,0.000000e+00,0.000000e+00,0.000000e+00,0.000000e+00,0.000000e+00,0.000000e+00,0.000000e+00,0.000000e+00,0.000000e+00,0.000000e+00,0.000000e+00,0.000000e+00,0.000000e+00,0.000000e+00,0.000000e+00,0.000000e+00,0.000000e+00,0.000000e+00,0.000000e+00,0.000000e+00,1.118001e+04,2.477969e+03,1.697562e-02,-6.002422e-04,-2.299104e+00,1.136609e-03,0.000000e+00,0.000000e+00,0.000000e+00,0.000000e+00,0.000000e+00,0.000000e+00,0.000000e+00,0.000000e+00,0.000000e+00,0.000000e+00,0.000000e+00,0.000000e+00,0.000000e+00,0.000000e+00,0.000000e+00,0.000000e+00,0.000000e+00,0.000000e+00,0.000000e+00,0.000000e+00,0.000000e+00,-2.161112e+06,-1.446707e+03,-1.249707e+06,8.570304e-02,-7.261023e-03,-5.301499e+00,-3.422535e-02,-3.065423e-02,-9.025589e-02,4.139197e-04,-1.371235e-05,6.246743e+00,-2.802255e-02,-3.347590e-03,-6.728648e-05,-6.121068e-03,5.549584e-04,-6.387171e+00,-8.567870e+00,1.170065e+00,-1.069723e+03,4.762227e+03,1.406974e+03,2.496428e+06,3.403825e-02,2.516091e+00,-4.548177e-03,6.724504e+01,3.383085e+03,-6.675241e+00
2.650271e-03,1.126910e+04,4.380819e+03,3.287968e-03,3.071124e-03,-5.820140e+00,1.023768e-01,9.774000e-07,4.287474e+01,0.000000e+00,0.000000e+00,7.437877e+02,0.000000e+00,0.000000e+00,0.000000e+00,0.000000e+00,0.000000e+00,0.000000e+00,0.000000e+00,0.000000e+00,0.000000e+00,0.000000e+00,0.000000e+00,0.000000e+00,0.000000e+00,0.000000e+00,0.000000e+00,0.000000e+00,0.000000e+00,0.000000e+00,0.000000e+00,0.000000e+00,0.000000e+00,0.000000e+00,0.000000e+00,0.000000e+00,0.000000e+00,0.000000e+00,0.000000e+00,0.000000e+00,0.000000e+00,0.000000e+00,0.000000e+00,0.000000e+00,0.000000e+00,0.000000e+00,0.000000e+00,0.000000e+00,0.000000e+00,1.126910e+04,2.464673e+03,1.740954e-02,-6.490572e-04,-2.292232e+00,1.136610e-03,0.000000e+00,0.000000e+00,0.000000e+00,0.000000e+00,0.000000e+00,0.000000e+00,0.000000e+00,0.000000e+00,0.000000e+00,0.000000e+00,0.000000e+00,0.000000e+00,0.000000e+00,0.000000e+00,0.000000e+00,0.000000e+00,0.000000e+00,0.000000e+00,0.000000e+00,0.000000e+00,0.000000e+00,-2.177226e+06,-1.291069e+03,-1.260029e+06,8.693272e-02,-7.359577e-03,-5.380729e+00,-3.528354e-02,-3.111714e-02,-9.174051e-02,5.180230e-04,-1.379299e-05,6.335155e+00,-2.908121e-02,-3.351652e-03,-8.404527e-05,-6.204546e-03,5.664692e-04,-6.397495e+00,-8.516280e+00,1.183492e+00,-1.045229e+03,5.728562e+03,1.250189e+03,2.515543e+06,3.448467e-02,2.549279e+00,-4.590563e-03,3.408942e+01,3.392843e+03,-3.117272e+00
2.660045e-03,1.135680e+04,4.284528e+03,4.147426e-03,3.062658e-03,-5.731225e+00,1.023768e-01,9.774000e-07,4.399958e+01,0.000000e+00,0.000000e+00,7.511909e+02,0.000000e+00,0.000000e+00,0.000000e+00,0.000000e+00,0.000000e+00,0.000000e+00,0.000000e+00,0.000000e+00,0.000000e+00,0.000000e+00,0.000000e+00,0.000000e+00,0.000000e+00,0.000000e+00,0.000000e+00,0.000000e+00,0.000000e+00,0.000000e+00,0.000000e+00,0.000000e+00,0.000000e+00,0.000000e+00,0.000000e+00,0.000000e+00,0.000000e+00,0.000000e+00,0.000000e+00,0.000000e+00,0.000000e+00,0.000000e+00,0.000000e+00,0.000000e+00,0.000000e+00,0.000000e+00,0.000000e+00,0.000000e+00,0.000000e+00,1.135680e+04,2.451388e+03,1.786358e-02,-6.929182e-04,-2.285342e+00,1.136610e-03,0.000000e+00,0.000000e+00,0.000000e+00,0.000000e+00,0.000000e+00,0.000000e+00,0.000000e+00,0.000000e+00,0.000000e+00,0.000000e+00,0.000000e+00,0.000000e+00,0.000000e+00,0.000000e+00,0.000000e+00,0.000000e+00,0.000000e+00,0.000000e+00,0.000000e+00,0.000000e+00,0.000000e+00,-2.190159e+06,-1.344247e+03,-1.268497e+06,8.816462e-02,-7.464051e-03,-5.460441e+00,-3.636888e-02,-3.157825e-02,-9.323571e-02,6.403679e-04,-1.388043e-05,6.424070e+00,-3.019334e-02,-3.352326e-03,-1.042226e-04,-6.287468e-03,5.781141e-04,-6.407578e+00,-8.455633e+00,1.196856e+00,-1.020580e+03,6.678910e+03,1.302266e+03,2.530975e+06,3.486334e-02,2.582521e+00,-4.629302e-03,2.446937e+01,3.402356e+03,-2.075323e+00
2.670796e-03,1.145147e+04,4.180452e+03,5.124519e-03,3.029489e-03,-5.632917e+00,1.023768e-01,9.774000e-07,4.525476e+01,0.000000e+00,0.000000e+00,7.592808e+02,0.000000e+00,0.000000e+00,0.000000e+00,0.000000e+00,0.000000e+00,0.000000e+00,0.000000e+00,0.000000e+00,0.000000e+00,0.000000e+00,0.000000e+00,0.000000e+00,0.000000e+00,0.000000e+00,0.000000e+00,0.000000e+00,0.000000e+00,0.000000e+00,0.000000e+00,0.000000e+00,0.000000e+00,0.000000e+00,0.000000e+00,0.000000e+00,0.000000e+00,0.000000e+00,0.000000e+00,0.000000e+00,0.000000e+00,0.000000e+00,0.000000e+00,0.000000e+00,0.000000e+00,0.000000e+00,0.000000e+00,0.000000e+00,0.000000e+00,1.145147e+04,2.436783e+03,1.837499e-02,-7.579777e-04,-2.277786e+00,1.136610e-03,0.000000e+00,0.000000e+00,0.000000e+00,0.000000e+00,0.000000e+00,0.000000e+00,0.000000e+00,0.000000e+00,0.000000e+00,0.000000e+00,0.000000e+00,0.000000e+00,0.000000e+00,0.000000e+00,0.000000e+00,0.000000e+00,0.000000e+00,0.000000e+00,0.000000e+00,0.000000e+00,0.000000e+00,-2.202361e+06,-1.322310e+03,-1.276788e+06,8.952110e-02,-7.578450e-03,-5.548656e+00,-3.759750e-02,-3.209263e-02,-9.489192e-02,7.998929e-04,-1.396854e-05,6.522384e+00,-3.142693e-02,-3.331156e-03,-1.312277e-04,-6.377930e-03,5.910785e-04,-6.418391e+00,-8.377575e+00,1.212286e+00,-9.932964e+02,7.848442e+03,1.279101e+03,2.545686e+06,3.529398e-02,2.619121e+00,-4.672868e-03,4.500535e+01,3.404795e+03,-4.425545e+00
2.680570e-03,1.153574e+04,4.087595e+03,6.097759e-03,2.991717e-03,-5.543039e+00,1.023768e-01,9.774000e-07,4.641132e+01,0.000000e+00,0.000000e+00,7.665934e+02,0.000000e+00,0.000000e+00,0.000000e+00,0.000000e+00,0.000000e+00,0.000000e+00,0.000000e+00,0.000000e+00,0.000000e+00,0.000000e+00,0.000000e+00,0.000000e+00,0.000000e+00,0.000000e+00,0.000000e+00,0.000000e+00,0.000000e+00,0.000000e+00,0.000000e+00,0.000000e+00,0.000000e+00,0.000000e+00,0.000000e+00,0.000000e+00,0.000000e+00,0.000000e+00,0.000000e+00,0.000000e+00,0.000000e+00,0.000000e+00,0.000000e+00,0.000000e+00,0.000000e+00,0.000000e+00,0.000000e+00,0.000000e+00,0.000000e+00,1.153574e+04,2.423531e+03,1.886401e-02,-8.258973e-04,-2.270888e+00,1.136610e-03,0.000000e+00,0.000000e+00,0.000000e+00,0.000000e+00,0.000000e+00,0.000000e+00,0.000000e+00,0.000000e+00,0.000000e+00,0.000000e+00,0.000000e+00,0.000000e+00,0.000000e+00,0.000000e+00,0.000000e+00,0.000000e+00,0.000000e+00,0.000000e+00,0.000000e+00,0.000000e+00,0.000000e+00,-2.211752e+06,-7.221705e+02,-1.283570e+06,9.075609e-02,-7.678758e-03,-5.629286e+00,-3.874419e-02,-3.256460e-02,-9.640702e-02,9.720015e-04,-1.401691e-05,6.612253e+00,-3.260536e-02,-3.303519e-03,-1.611353e-04,-6.459384e-03,6.029994e-04,-6.427966e+00,-8.296539e+00,1.225837e+00,-9.683548e+02,9.107504e+03,6.778522e+02,2.557208e+06,3.571768e-02,2.652404e+00,-4.715015e-03,4.169703e+01,3.394306e+03,-2.706115e+00
2.690344e-03,1.161818e+04,3.996490e+03,7.114765e-03,2.929417e-03,-5.452780e+00,1.023768e-01,9.774000e-07,4.758222e+01,0.000000e+00,0.000000e+00,7.739535e+02,0.000000e+00,0.000000e+00,0.000000e+00,0.000000e+00,0.000000e+00,0.000000e+00,0.000000e+00,0.000000e+00,0.000000e+00,0.000000e+00,0.000000e+00,0.000000e+00,0.000000e+00,0.000000e+00,0.000000e+00,0.000000e+00,0.000000e+00,0.000000e+00,0.000000e+00,0.000000e+00,0.000000e+00,0.000000e+00,0.000000e+00,0.000000e+00,0.000000e+00,0.000000e+00,0.000000e+00,0.000000e+00,0.000000e+00,0.000000e+00,0.000000e+00,0.000000e+00,0.000000e+00,0.000000e+00,0.000000e+00,0.000000e+00,0.000000e+00,1.161818e+04,2.410313e+03,1.937708e-02,-9.085289e-04,-2.264004e+00,1.136610e-03,0.000000e+00,0.000000e+00,0.000000e+00,0.000000e+00,0.000000e+00,0.000000e+00,0.000000e+00,0.000000e+00,0.000000e+00,0.000000e+00,0.000000e+00,0.000000e+00,0.000000e+00,0.000000e+00,0.000000e+00,0.000000e+00,0.000000e+00,0.000000e+00,0.000000e+00,0.000000e+00,0.000000e+00,-2.224720e+06,-9.908019e+02,-1.291806e+06,9.199436e-02,-7.780512e-03,-5.710335e+00,-3.992252e-02,-3.303382e-02,-9.793033e-02,1.176157e-03,-1.410846e-05,6.702501e+00,-3.379840e-02,-3.252105e-03,-1.974449e-04,-6.539989e-03,6.150382e-04,-6.437296e+00,-8.205256e+00,1.237323e+00,-9.432852e+02,9.843072e+03,9.453096e+02,2.572556e+06,3.609340e-02,2.685670e+00,-4.747401e-03,4.447556e+01,3.405527e+03,-3.809523e+00
2.700118e-03,1.169869e+04,3.907242e+03,8.227611e-03,2.853607e-03,-5.362069e+00,1.023768e-01,9.774000e-07,4.876722e+01,0.000000e+00,0.000000e+00,7.813087e+02,0.000000e+00,0.000000e+00,0.000000e+00,0.000000e+00,0.000000e+00,0.000000e+00,0.000000e+00,0.000000e+00,0.000000e+00,0.000000e+00,0.000000e+00,0.000000e+00,0.000000e+00,0.000000e+00,0.000000e+00,0.000000e+00,0.000000e+00,0.000000e+00,0.000000e+00,0.000000e+00,0.000000e+00,0.000000e+00,0.000000e+00,0.000000e+00,0.000000e+00,0.000000e+00,0.000000e+00,0.000000e+00,0.000000e+00,0.000000e+00,0.000000e+00,0.000000e+00,0.000000e+00,0.000000e+00,0.000000e+00,0.000000e+00,0.000000e+00,1.169869e+04,2.397172e+03,1.992934e-02,-9.997084e-04,-2.257105e+00,1.136610e-03,0.000000e+00,0.000000e+00,0.000000e+00,0.000000e+00,0.000000e+00,0.000000e+00,0.000000e+00,0.000000e+00,0.000000e+00,0.000000e+00,0.000000e+00,0.000000e+00,0.000000e+00,0.000000e+00,0.000000e+00,0.000000e+00,0.000000e+00,0.000000e+00,0.000000e+00,0.000000e+00,0.000000e+00,-2.236265e+06,-1.348038e+03,-1.299926e+06,9.323365e-02,-7.882074e-03,-5.791795e+00,-4.113587e-02,-3.350312e-02,-9.946163e-02,1.421481e-03,-1.421467e-05,6.793189e+00,-3.504676e-02,-3.187240e-03,-2.419201e-04,-6.619644e-03,6.271856e-04,-6.446380e+00,-8.102910e+00,1.247560e+00,-9.180856e+02,1.118974e+04,1.301432e+03,2.586613e+06,3.645666e-02,2.718927e+00,-4.778701e-03,2.967197e+01,3.406747e+03,-3.135853e+00
2.710870e-03,1.178503e+04,3.811415e+03,9.543839e-03,2.735668e-03,-5.261926e+00,1.023768e-01,9.774000e-07,5.008573e+01,0.000000e+00,0.000000e+00,7.894324e+02,0.000000e+00,0.000000e+00,0.000000e+00,0.000000e+00,0.000000e+00,0.000000e+00,0.000000e+00,0.000000e+00,0.000000e+00,0.000000e+00,0.000000e+00,0.000000e+00,0.000000e+00,0.000000e+00,0.000000e+00,0.000000e+00,0.000000e+00,0.000000e+00,0.000000e+00,0.000000e+00,0.000000e+00,0.000000e+00,0.000000e+00,0.000000e+00,0.000000e+00,0.000000e+00,0.000000e+00,0.000000e+00,0.000000e+00,0.000000e+00,0.000000e+00,0.000000e+00,0.000000e+00,0.000000e+00,0.000000e+00,0.000000e+00,0.000000e+00,1.178503e+04,2.382888e+03,2.058396e-02,-1.120194e-03,-2.249567e+00,1.136610e-03,0.000000e+00,0.000000e+00,0.000000e+00,0.000000e+00,0.000000e+00,0.000000e+00,0.000000e+00,0.000000e+00,0.000000e+00,0.000000e+00,0.000000e+00,0.000000e+00,0.000000e+00,0.000000e+00,0.000000e+00,0.000000e+00,0.000000e+00,0.000000e+00,0.000000e+00,0.000000e+00,0.000000e+00,-2.245466e+06,-8.441936e+02,-1.306784e+06,9.460026e-02,-7.990985e-03,-5.881818e+00,-4.251106e-02,-3.401927e-02,-1.011542e-01,1.748376e-03,-1.429674e-05,6.893293e+00,-3.645644e-02,-3.082024e-03,-3.022845e-04,-6.706036e-03,6.406577e-04,-6.456088e+00,-7.977261e+00,1.257685e+00,-8.902297e+02,1.262008e+04,7.963293e+02,2.598008e+06,3.682171e-02,2.755470e+00,-4.807391e-03,3.102503e+01,3.390403e+03,-1.423569e+00
2.720644e-03,1.186086e+04,3.726756e+03,1.086348e-02,2.601824e-03,-5.170521e+00,1.023768e-01,9.774000e-07,5.129667e+01,0.000000e+00,0.000000e+00,7.968840e+02,0.000000e+00,0.000000e+00,0.000000e+00,0.000000e+00,0.000000e+00,0.000000e+00,0.000000e+00,0.000000e+00,0.000000e+00,0.000000e+00,0.000000e+00,0.000000e+00,0.000000e+00,0.000000e+00,0.000000e+00,0.000000e+00,0.000000e+00,0.000000e+00,0.000000e+00,0.000000e+00,0.000000e+00,0.000000e+00,0.000000e+00,0.000000e+00,0.000000e+00,0.000000e+00,0.000000e+00,0.000000e+00,0.000000e+00,0.000000e+00,0.000000e+00,0.000000e+00,0.000000e+00,0.000000e+00,0.000000e+00,0.000000e+00,0.000000e+00,1.186086e+04,2.370194e+03,2.122333e-02,-1.244421e-03,-2.242712e+00,1.136610e-03,0.000000e+00,0.000000e+00,0.000000e+00,0.000000e+00,0.000000e+00,0.000000e+00,0.000000e+00,0.000000e+00,0.000000e+00,0.000000e+00,0.000000e+00,0.000000e+00,0.000000e+00,0.000000e+00,0.000000e+00,0.000000e+00,0.000000e+00,0.000000e+00,0.000000e+00,0.000000e+00,0.000000e+00,-2.253146e+06,-4.449174e+02,-1.312556e+06,9.584424e-02,-8.084864e-03,-5.964015e+00,-4.380155e-02,-3.448625e-02,-1.026997e-01,2.102368e-03,-1.438270e-05,6.984650e+00,-3.780636e-02,-2.960244e-03,-3.686933e-04,-6.783329e-03,6.529845e-04,-6.464652e+00,-7.849913e+00,1.263545e+00,-8.647928e+02,1.386311e+04,3.959360e+02,2.607543e+06,3.711826e-02,2.788606e+00,-4.824869e-03,2.803306e+01,3.380646e+03,-7.346529e-01
2.730418e-03,1.193380e+04,3.645021e+03,1.228577e-02,2.429000e-03,-5.078948e+00,1.023768e-01,9.774000e-07,5.251926e+01,0.000000e+00,0.000000e+00,8.043414e+02,0.000000e+00,0.000000e+00,0.000000e+00,0.000000e+00,0.000000e+00,0.000000e+00,0.000000e+00,0.000000e+00,0.000000e+00,0.000000e+00,0.000000e+00,0.000000e+00,0.000000e+00,0.000000e+00,0.000000e+00,0.000000e+00,0.000000e+00,0.000000e+00,0.000000e+00,0.000000e+00,0.000000e+00,0.000000e+00,0.000000e+00,0.000000e+00,0.000000e+00,0.000000e+00,0.000000e+00,0.000000e+00,0.000000e+00,0.000000e+00,0.000000e+00,0.000000e+00,0.000000e+00,0.000000e+00,0.000000e+00,0.000000e+00,0.000000e+00,1.193380e+04,2.358113e+03,2.190483e-02,-1.391626e-03,-2.235952e+00,1.136610e-03,0.000000e+00,0.000000e+00,0.000000e+00,0.000000e+00,0.000000e+00,0.000000e+00,0.000000e+00,0.000000e+00,0.000000e+00,0.000000e+00,0.000000e+00,0.000000e+00,0.000000e+00,0.000000e+00,0.000000e+00,0.000000e+00,0.000000e+00,0.000000e+00,0.000000e+00,0.000000e+00,0.000000e+00,-2.261170e+06,-3.257060e+02,-1.318807e+06,9.708677e-02,-8.176317e-03,-6.046540e+00,-4.513178e-02,-3.495257e-02,-1.042507e-01,2.499887e-03,-1.443894e-05,7.076156e+00,-3.921404e-02,-2.800657e-03,-4.441579e-04,-6.859308e-03,6.653623e-04,-6.472968e+00,-7.709234e+00,1.267536e+00,-8.392526e+02,1.535079e+04,2.755842e+02,2.617614e+06,3.741147e-02,2.821665e+00,-4.838991e-03,2.869625e+01,3.376743e+03,-1.495986e+00
2.740192e-03,1.200280e+04,3.567255e+03,1.379353e-02,2.217028e-03,-4.987270e+00,1.023768e-01,9.774000e-07,5.375745e+01,0.000000e+00,0.000000e+00,8.117162e+02,0.000000e+00,0.000000e+00,0.000000e+00,0.000000e+00,0.000000e+00,0.000000e+00,0.000000e+00,0.000000e+00,0.000000e+00,0.000000e+00,0.000000e+00,0.000000e+00,0.000000e+00,0.000000e+00,0.000000e+00,0.000000e+00,0.000000e+00,0.000000e+00,0.000000e+00,0.000000e+00,0.000000e+00,0.000000e+00,0.000000e+00,0.000000e+00,0.000000e+00,0.000000e+00,0.000000e+00,0.000000e+00,0.000000e+00,0.000000e+00,0.000000e+00,0.000000e+00,0.000000e+00,0.000000e+00,0.000000e+00,0.000000e+00,0.000000e+00,1.200280e+04,2.347246e+03,2.262612e-02,-1.569307e-03,-2.229330e+00,1.136610e-03,0.000000e+00,0.000000e+00,0.000000e+00,0.000000e+00,0.000000e+00,0.000000e+00,0.000000e+00,0.000000e+00,0.000000e+00,0.000000e+00,0.000000e+00,0.000000e+00,0.000000e+00,0.000000e+00,0.000000e+00,0.000000e+00,0.000000e+00,0.000000e+00,0.000000e+00,0.000000e+00,0.000000e+00,-2.268633e+06,-3.971700e+02,-1.323884e+06,9.832708e-02,-8.263989e-03,-6.129342e+00,-4.647931e-02,-3.542188e-02,-1.058053e-01,2.881811e-03,-1.447222e-05,7.167763e+00,-4.072057e-02,-2.603061e-03,-5.171496e-04,-6.933865e-03,6.777719e-04,-6.481032e+00,-7.560445e+00,1.270581e+00,-8.136252e+02,1.610240e+04,3.459005e+02,2.626614e+06,3.773483e-02,2.854753e+00,-4.861688e-03,3.436003e+01,3.377719e+03,-3.459348e+00
2.750943e-03,1.207354e+04,3.479691e+03,1.519256e-02,1.966234e-03,-4.885878e+00,1.023768e-01,9.774000e-07,5.513267e+01,0.000000e+00,0.000000e+00,8.529988e+02,0.000000e+00,0.000000e+00,0.000000e+00,0.000000e+00,0.000000e+00,0.000000e+00,0.000000e+00,0.000000e+00,0.000000e+00,0.000000e+00,0.000000e+00,0.000000e+00,0.000000e+00,0.000000e+00,0.000000e+00,0.000000e+00,0.000000e+00,0.000000e+00,0.000000e+00,0.000000e+00,0.000000e+00,0.000000e+00,0.000000e+00,0.000000e+00,0.000000e+00,0.000000e+00,0.000000e+00,0.000000e+00,0.000000e+00,0.000000e+00,0.000000e+00,0.000000e+00,0.000000e+00,0.000000e+00,0.000000e+00,0.000000e+00,0.000000e+00,1.207354e+04,2.333548e+03,2.326765e-02,-1.776741e-03,-2.221987e+00,1.136610e-03,0.000000e+00,0.000000e+00,0.000000e+00,0.000000e+00,0.000000e+00,0.000000e+00,0.000000e+00,0.000000e+00,0.000000e+00,0.000000e+00,0.000000e+00,0.000000e+00,0.000000e+00,0.000000e+00,0.000000e+00,0.000000e+00,0.000000e+00,0.000000e+00,0.000000e+00,0.000000e+00,0.000000e+00,-2.276189e+06,7.652056e+02,-1.329520e+06,9.968778e-02,-8.349256e-03,-6.220699e+00,-4.800359e-02,-3.593083e-02,-1.075189e-01,3.052248e-03,-1.444199e-05,7.269260e+00,-4.232811e-02,-2.379921e-03,-5.488757e-04,-7.014116e-03,6.914261e-04,-6.489614e+00,-7.381804e+00,1.268226e+00,-7.853474e+02,1.730139e+04,-8.177340e+02,2.635975e+06,3.805295e-02,2.891061e+00,-4.887200e-03,2.118011e+01,3.375523e+03,-1.636056e+00
2.760717e-03,1.214703e+04,3.405480e+03,1.583128e-02,1.960811e-03,-4.790617e+00,1.023768e-01,9.774000e-07,5.639614e+01,0.000000e+00,0.000000e+00,8.620543e+02,0.000000e+00,0.000000e+00,0.000000e+00,0.000000e+00,0.000000e+00,0.000000e+00,0.000000e+00,0.000000e+00,0.000000e+00,0.000000e+00,0.000000e+00,0.000000e+00,0.000000e+00,0.000000e+00,0.000000e+00,0.000000e+00,0.000000e+00,0.000000e+00,0.000000e+00,0.000000e+00,0.000000e+00,0.000000e+00,0.000000e+00,0.000000e+00,0.000000e+00,0.000000e+00,0.000000e+00,0.000000e+00,0.000000e+00,0.000000e+00,0.000000e+00,0.000000e+00,0.000000e+00,0.000000e+00,0.000000e+00,0.000000e+00,0.000000e+00,1.214703e+04,2.320973e+03,2.341368e-02,-1.812004e-03,-2.213346e+00,1.136610e-03,0.000000e+00,0.000000e+00,0.000000e+00,0.000000e+00,0.000000e+00,0.000000e+00,0.000000e+00,0.000000e+00,0.000000e+00,0.000000e+00,0.000000e+00,0.000000e+00,0.000000e+00,0.000000e+00,0.000000e+00,0.000000e+00,0.000000e+00,0.000000e+00,0.000000e+00,0.000000e+00,0.000000e+00,-2.276231e+06,1.135613e+03,-1.330854e+06,1.009101e-01,-8.408380e-03,-6.303896e+00,-4.941824e-02,-3.639274e-02,-1.090776e-01,3.084541e-03,-1.435001e-05,7.364555e+00,-4.331223e-02,-2.405689e-03,-5.534689e-04,-7.085328e-03,7.037765e-04,-6.497152e+00,-7.205015e+00,1.258764e+00,-7.595869e+02,1.851100e+04,-1.189130e+03,2.636676e+06,3.835277e-02,2.924021e+00,-4.920698e-03,4.130445e+01,3.374304e+03,-5.609947e+00
2.770491e-03,1.223503e+04,3.334891e+03,1.681106e-02,1.947959e-03,-4.696401e+00,1.023768e-01,9.774000e-07,5.767393e+01,0.000000e+00,0.000000e+00,8.432349e+02,0.000000e+00,0.000000e+00,0.000000e+00,0.000000e+00,0.000000e+00,0.000000e+00,0.000000e+00,0.000000e+00,0.000000e+00,0.000000e+00,0.000000e+00,0.000000e+00,0.000000e+00,0.000000e+00,0.000000e+00,0.000000e+00,0.000000e+00,0.000000e+00,0.000000e+00,0.000000e+00,0.000000e+00,0.000000e+00,0.000000e+00,0.000000e+00,0.000000e+00,0.000000e+00,0.000000e+00,0.000000e+00,0.000000e+00,0.000000e+00,0.000000e+00,0.000000e+00,0.000000e+00,0.000000e+00,0.000000e+00,0.000000e+00,0.000000e+00,1.223503e+04,2.311622e+03,2.368849e-02,-1.803683e-03,-2.205063e+00,1.136610e-03,0.000000e+00,0.000000e+00,0.000000e+00,0.000000e+00,0.000000e+00,0.000000e+00,0.000000e+00,0.000000e+00,0.000000e+00,0.000000e+00,0.000000e+00,0.000000e+00,0.000000e+00,0.000000e+00,0.000000e+00,0.000000e+00,0.000000e+00,0.000000e+00,0.000000e+00,0.000000e+00,0.000000e+00,-2.284593e+06,1.083263e+03,-1.336668e+06,1.021247e-01,-8.457327e-03,-6.387267e+00,-5.085439e-02,-3.685728e-02,-1.106367e-01,3.122830e-03,-1.444747e-05,7.458667e+00,-4.466062e-02,-2.406150e-03,-5.589526e-04,-7.154756e-03,7.160121e-04,-6.504437e+00,-7.018113e+00,1.246013e+00,-7.337823e+02,1.945681e+04,-1.137987e+03,2.646822e+06,3.872942e-02,2.956981e+00,-4.976669e-03,3.900616e+01,3.371376e+03,-6.064460e+00
2.780265e-03,1.231569e+04,3.247010e+03,1.814237e-02,1.811284e-03,-4.603546e+00,1.023769e-01,9.774000e-07,5.896361e+01,0.000000e+00,0.000000e+00,8.489332e+02,0.000000e+00,0.000000e+00,0.000000e+00,0.000000e+00,0.000000e+00,0.000000e+00,0.000000e+00,0.000000e+00,0.000000e+00,0.000000e+00,0.000000e+00,0.000000e+00,0.000000e+00,0.000000e+00,0.000000e+00,0.000000e+00,0.000000e+00,0.000000e+00,0.000000e+00,0.000000e+00,0.000000e+00,0.000000e+00,0.000000e+00,0.000000e+00,0.000000e+00,0.000000e+00,0.000000e+00,0.000000e+00,0.000000e+00,0.000000e+00,0.000000e+00,0.000000e+00,0.000000e+00,0.000000e+00,0.000000e+00,0.000000e+00,0.000000e+00,1.231569e+04,2.289243e+03,2.418503e-02,-1.888058e-03,-2.197905e+00,1.136610e-03,0.000000e+00,0.000000e+00,0.000000e+00,0.000000e+00,0.000000e+00,0.000000e+00,0.000000e+00,0.000000e+00,0.000000e+00,0.000000e+00,0.000000e+00,0.000000e+00,0.000000e+00,0.000000e+00,0.000000e+00,0.000000e+00,0.000000e+00,0.000000e+00,0.000000e+00,0.000000e+00,0.000000e+00,-2.299884e+06,-4.865280e+02,-1.345857e+06,1.033567e-01,-8.521598e-03,-6.471124e+00,-5.232655e-02,-3.734049e-02,-1.122034e-01,3.167524e-03,-1.460751e-05,7.551504e+00,-4.632745e-02,-2.291688e-03,-5.654180e-04,-7.222311e-03,7.281519e-04,-6.511470e+00,-6.823834e+00,1.241461e+00,-7.078325e+02,1.987458e+04,4.303990e+02,2.664659e+06,3.917696e-02,2.989878e+00,-5.039086e-03,6.132970e+01,3.370889e+03,-7.010170e+00
2.790039e-03,1.238010e+04,3.175464e+03,1.952680e-02,1.691113e-03,-4.510808e+00,1.023769e-01,9.774000e-07,6.033464e+01,0.000000e+00,0.000000e+00,8.546242e+02,0.000000e+00,0.000000e+00,0.000000e+00,0.000000e+00,0.000000e+00,0.000000e+00,0.000000e+00,0.000000e+00,0.000000e+00,0.000000e+00,0.000000e+00,0.000000e+00,0.000000e+00,0.000000e+00,0.000000e+00,0.000000e+00,0.000000e+00,0.000000e+00,0.000000e+00,0.000000e+00,0.000000e+00,0.000000e+00,0.000000e+00,0.000000e+00,0.000000e+00,0.000000e+00,0.000000e+00,0.000000e+00,0.000000e+00,0.000000e+00,0.000000e+00,0.000000e+00,0.000000e+00,0.000000e+00,0.000000e+00,0.000000e+00,0.000000e+00,1.238010e+04,2.275456e+03,2.470998e-02,-2.014707e-03,-2.191224e+00,1.136610e-03,0.000000e+00,0.000000e+00,0.000000e+00,0.000000e+00,0.000000e+00,0.000000e+00,0.000000e+00,0.000000e+00,0.000000e+00,0.000000e+00,0.000000e+00,0.000000e+00,0.000000e+00,0.000000e+00,0.000000e+00,0.000000e+00,0.000000e+00,0.000000e+00,0.000000e+00,0.000000e+00,0.000000e+00,-2.275940e+06,-1.224624e+03,-1.335449e+06,1.045503e-01,-8.621960e-03,-6.555233e+00,-5.379403e-02,-3.785202e-02,-1.137624e-01,3.219063e-03,-1.471462e-05,7.644305e+00,-4.803562e-02,-2.179577e-03,-5.729461e-04,-7.287947e-03,7.403459e-04,-6.518249e+00,-6.623847e+00,1.258052e+00,-6.817867e+02,2.286995e+04,1.167995e+03,2.638712e+06,3.988483e-02,3.024016e+00,-5.027672e-03,1.028209e+02,4.270264e+03,-2.986445e+01
2.800790e-03,1.243769e+04,3.106007e+03,2.115926e-02,1.481931e-03,-4.408904e+00,1.023770e-01,9.774000e-07,6.208381e+01,0.000000e+00,0.000000e+00,8.650379e+02,0.000000e+00,0.000000e+00,0.000000e+00,0.000000e+00,0.000000e+00,0.000000e+00,0.000000e+00,0.000000e+00,0.000000e+00,0.000000e+00,0.000000e+00,0.000000e+00,0.000000e+00,0.000000e+00,0.000000e+00,0.000000e+00,0.000000e+00,0.000000e+00,0.000000e+00,0.000000e+00,0.000000e+00,0.000000e+00,0.000000e+00,0.000000e+00,0.000000e+00,0.000000e+00,0.000000e+00,0.000000e+00,0.000000e+00,0.000000e+00,0.000000e+00,0.000000e+00,0.000000e+00,0.000000e+00,0.000000e+00,0.000000e+00,0.000000e+00,1.243769e+04,2.265097e+03,2.529216e-02,-2.247246e-03,-2.183988e+00,1.136610e-03,0.000000e+00,0.000000e+00,0.000000e+00,0.000000e+00,0.000000e+00,0.000000e+00,0.000000e+00,0.000000e+00,0.000000e+00,0.000000e+00,0.000000e+00,0.000000e+00,0.000000e+00,0.000000e+00,0.000000e+00,0.000000e+00,0.000000e+00,0.000000e+00,0.000000e+00,0.000000e+00,0.000000e+00,-2.245784e+06,-1.102484e+04,-1.322604e+06,1.058073e-01,-8.683935e-03,-6.647556e+00,-5.545430e-02,-3.849072e-02,-1.154441e-01,3.284196e-03,-1.469865e-05,7.746514e+00,-5.000382e-02,-2.003550e-03,-5.825961e-04,-7.357785e-03,7.539676e-04,-6.525411e+00,-6.381002e+00,1.272885e+00,-6.532626e+02,2.685618e+04,1.096781e+04,2.606167e+06,4.103895e-02,3.067087e+00,-5.520592e-03,2.507234e+02,5.241111e+03,1.638871e+02
2.810564e-03,1.249999e+04,3.035490e+03,2.256591e-02,1.779236e-03,-4.311960e+00,1.023770e-01,9.774000e-07,6.381465e+01,0.000000e+00,0.000000e+00,8.718801e+02,0.000000e+00,0.000000e+00,0.000000e+00,0.000000e+00,0.000000e+00,0.000000e+00,0.000000e+00,0.000000e+00,0.000000e+00,0.000000e+00,0.000000e+00,0.000000e+00,0.000000e+00,0.000000e+00,0.000000e+00,0.000000e+00,0.000000e+00,0.000000e+00,0.000000e+00,0.000000e+00,0.000000e+00,0.000000e+00,0.000000e+00,0.000000e+00,0.000000e+00,0.000000e+00,0.000000e+00,0.000000e+00,0.000000e+00,0.000000e+00,0.000000e+00,0.000000e+00,0.000000e+00,0.000000e+00,0.000000e+00,0.000000e+00,0.000000e+00,1.249999e+04,2.247718e+03,2.561786e-02,-2.176613e-03,-2.174153e+00,1.136610e-03,0.000000e+00,0.000000e+00,0.000000e+00,0.000000e+00,0.000000e+00,0.000000e+00,0.000000e+00,0.000000e+00,0.000000e+00,0.000000e+00,0.000000e+00,0.000000e+00,0.000000e+00,0.000000e+00,0.000000e+00,0.000000e+00,0.000000e+00,0.000000e+00,0.000000e+00,0.000000e+00,0.000000e+00,-2.253792e+06,-1.392240e+03,-1.332088e+06,1.067828e-01,-8.785202e-03,-6.731157e+00,-5.696024e-02,-3.904964e-02,-1.169413e-01,3.351571e-03,-1.460052e-05,7.843595e+00,-5.171568e-02,-2.286446e-03,-5.927289e-04,-7.418751e-03,7.666457e-04,-6.531657e+00,-6.113053e+00,1.312318e+00,-6.275081e+02,3.116303e+04,1.333823e+03,2.617836e+06,4.175119e-02,3.109765e+00,-5.341434e-03,3.444083e+02,4.864237e+03,-4.393339e+01
2.820338e-03,1.256754e+04,2.960641e+03,2.411544e-02,1.644441e-03,-4.218184e+00,1.023771e-01,9.774000e-07,6.565001e+01,0.000000e+00,0.000000e+00,8.776382e+02,0.000000e+00,0.000000e+00,0.000000e+00,0.000000e+00,0.000000e+00,0.000000e+00,0.000000e+00,0.000000e+00,0.000000e+00,0.000000e+00,0.000000e+00,0.000000e+00,0.000000e+00,0.000000e+00,0.000000e+00,0.000000e+00,0.000000e+00,0.000000e+00,0.000000e+00,0.000000e+00,0.000000e+00,0.000000e+00,0.000000e+00,0.000000e+00,0.000000e+00,0.000000e+00,0.000000e+00,0.000000e+00,0.000000e+00,0.000000e+00,0.000000e+00,0.000000e+00,0.000000e+00,0.000000e+00,0.000000e+00,0.000000e+00,0.000000e+00,1.256754e+04,2.226511e+03,2.593986e-02,-2.307803e-03,-2.165538e+00,1.136610e-03,0.000000e+00,0.000000e+00,0.000000e+00,0.000000e+00,0.000000e+00,0.000000e+00,0.000000e+00,0.000000e+00,0.000000e+00,0.000000e+00,0.000000e+00,0.000000e+00,0.000000e+00,0.000000e+00,0.000000e+00,0.000000e+00,0.000000e+00,0.000000e+00,0.000000e+00,0.000000e+00,0.000000e+00,-2.294186e+06,-8.294671e+03,-1.354814e+06,1.077557e-01,-8.843428e-03,-6.814519e+00,-5.857701e-02,-3.959233e-02,-1.184161e-01,3.427363e-03,-1.472013e-05,7.937495e+00,-5.354879e-02,-2.188848e-03,-6.042824e-04,-7.476911e-03,7.795169e-04,-6.537652e+00,-5.808591e+00,1.314193e+00,-6.018862e+02,3.080842e+04,8.234129e+03,2.664182e+06,4.298615e-02,3.154600e+00,-5.775145e-03,2.154105e+02,4.039261e+03,1.517153e+02
2.830112e-03,1.262375e+04,2.897462e+03,2.576403e-02,1.571543e-03,-4.124701e+00,1.023773e-01,9.774000e-07,6.779839e+01,0.000000e+00,0.000000e+00,8.830914e+02,0.000000e+00,0.000000e+00,0.000000e+00,0.000000e+00,0.000000e+00,0.000000e+00,0.000000e+00,0.000000e+00,0.000000e+00,0.000000e+00,0.000000e+00,0.000000e+00,0.000000e+00,0.000000e+00,0.000000e+00,0.000000e+00,0.000000e+00,0.000000e+00,0.000000e+00,0.000000e+00,0.000000e+00,0.000000e+00,0.000000e+00,0.000000e+00,0.000000e+00,0.000000e+00,0.000000e+00,0.000000e+00,0.000000e+00,0.000000e+00,0.000000e+00,0.000000e+00,0.000000e+00,0.000000e+00,0.000000e+00,0.000000e+00,0.000000e+00,1.262375e+04,2.209739e+03,2.613194e-02,-2.367811e-03,-2.156298e+00,1.136610e-03,0.000000e+00,0.000000e+00,0.000000e+00,0.000000e+00,0.000000e+00,0.000000e+00,0.000000e+00,0.000000e+00,0.000000e+00,0.000000e+00,0.000000e+00,0.000000e+00,0.000000e+00,0.000000e+00,0.000000e+00,0.000000e+00,0.000000e+00,0.000000e+00,0.000000e+00,0.000000e+00,0.000000e+00,-2.198282e+06,-1.857916e+03,-1.309807e+06,1.085426e-01,-8.928237e-03,-6.896671e+00,-6.013084e-02,-4.012400e-02,-1.198456e-01,3.512181e-03,-1.484524e-05,8.031376e+00,-5.545601e-02,-2.124175e-03,-6.173793e-04,-7.531973e-03,7.925261e-04,-6.543399e+00,-5.473576e+00,1.333999e+00,-5.766081e+02,3.968029e+04,1.798710e+03,2.558606e+06,4.240278e-02,3.205102e+00,-5.526439e-03,1.895767e+02,5.558954e+03,2.475047e+01
2.840864e-03,1.268294e+04,2.823775e+03,2.758894e-02,1.698757e-03,-4.018627e+00,1.023774e-01,9.774000e-07,7.032796e+01,0.000000e+00,0.000000e+00,8.952874e+02,0.000000e+00,0.000000e+00,0.000000e+00,0.000000e+00,0.000000e+00,0.000000e+00,0.000000e+00,0.000000e+00,0.000000e+00,0.000000e+00,0.000000e+00,0.000000e+00,0.000000e+00,0.000000e+00,0.000000e+00,0.000000e+00,0.000000e+00,0.000000e+00,0.000000e+00,0.000000e+00,0.000000e+00,0.000000e+00,0.000000e+00,0.000000e+00,0.000000e+00,0.000000e+00,0.000000e+00,0.000000e+00,0.000000e+00,0.000000e+00,0.000000e+00,0.000000e+00,0.000000e+00,0.000000e+00,0.000000e+00,0.000000e+00,0.000000e+00,1.268294e+04,2.187211e+03,2.623128e-02,-2.361282e-03,-2.144268e+00,1.136610e-03,0.000000e+00,0.000000e+00,0.000000e+00,0.000000e+00,0.000000e+00,0.000000e+00,0.000000e+00,0.000000e+00,0.000000e+00,0.000000e+00,0.000000e+00,0.000000e+00,0.000000e+00,0.000000e+00,0.000000e+00,0.000000e+00,0.000000e+00,0.000000e+00,0.000000e+00,0.000000e+00,0.000000e+00,-2.310397e+06,-1.347989e+03,-1.366566e+06,1.092834e-01,-9.079665e-03,-6.987609e+00,-6.195627e-02,-4.067450e-02,-1.213711e-01,3.616844e-03,-1.485792e-05,8.137657e+00,-5.758978e-02,-2.255979e-03,-6.337943e-04,-7.588380e-03,8.069318e-04,-6.549435e+00,-5.032092e+00,1.358607e+00,-5.488687e+02,3.309084e+04,1.284651e+03,2.684090e+06,4.420447e-02,3.265146e+00,-5.472312e-03,7.362537e+01,4.006086e+03,-8.421828e+00
2.850638e-03,1.274410e+04,2.757455e+03,2.938994e-02,1.612500e-03,-3.923409e+00,1.023774e-01,9.774000e-07,7.269705e+01,0.000000e+00,0.000000e+00,8.983725e+02,0.000000e+00,0.000000e+00,0.000000e+00,0.000000e+00,0.000000e+00,0.000000e+00,0.000000e+00,0.000000e+00,0.000000e+00,0.000000e+00,0.000000e+00,0.000000e+00,0.000000e+00,0.000000e+00,0.000000e+00,0.000000e+00,0.000000e+00,0.000000e+00,0.000000e+00,0.000000e+00,0.000000e+00,0.000000e+00,0.000000e+00,0.000000e+00,0.000000e+00,0.000000e+00,0.000000e+00,0.000000e+00,0.000000e+00,0.000000e+00,0.000000e+00,0.000000e+00,0.000000e+00,0.000000e+00,0.000000e+00,0.000000e+00,0.000000e+00,1.274410e+04,2.165803e+03,2.637255e-02,-2.432634e-03,-2.133500e+00,1.136610e-03,0.000000e+00,0.000000e+00,0.000000e+00,0.000000e+00,0.000000e+00,0.000000e+00,0.000000e+00,0.000000e+00,0.000000e+00,0.000000e+00,0.000000e+00,0.000000e+00,0.000000e+00,0.000000e+00,0.000000e+00,0.000000e+00,0.000000e+00,0.000000e+00,0.000000e+00,0.000000e+00,0.000000e+00,-2.110925e+06,-5.639530e+03,-1.281946e+06,1.099659e-01,-9.089570e-03,-7.069295e+00,-6.366499e-02,-4.124717e-02,-1.227719e-01,3.723367e-03,-1.496120e-05,8.232903e+00,-5.964915e-02,-2.193025e-03,-6.507912e-04,-7.635505e-03,8.202380e-04,-6.554663e+00,-4.637802e+00,1.351827e+00,-5.236812e+02,5.923846e+04,5.580120e+03,2.468984e+06,4.365195e-02,3.318257e+00,-5.875771e-03,-1.620734e+02,7.022786e+03,1.654389e+02
2.860412e-03,1.279618e+04,2.696799e+03,3.124663e-02,1.593217e-03,-3.828498e+00,1.023775e-01,9.774000e-07,7.517221e+01,0.000000e+00,0.000000e+00,9.047539e+02,0.000000e+00,0.000000e+00,0.000000e+00,0.000000e+00,0.000000e+00,0.000000e+00,0.000000e+00,0.000000e+00,0.000000e+00,0.000000e+00,0.000000e+00,0.000000e+00,0.000000e+00,0.000000e+00,0.000000e+00,0.000000e+00,0.000000e+00,0.000000e+00,0.000000e+00,0.000000e+00,0.000000e+00,0.000000e+00,0.000000e+00,0.000000e+00,0.000000e+00,0.000000e+00,0.000000e+00,0.000000e+00,0.000000e+00,0.000000e+00,0.000000e+00,0.000000e+00,0.000000e+00,0.000000e+00,0.000000e+00,0.000000e+00,0.000000e+00,1.279618e+04,2.145567e+03,2.636005e-02,-2.484919e-03,-2.122457e+00,1.136610e-03,0.000000e+00,0.000000e+00,0.000000e+00,0.000000e+00,0.000000e+00,0.000000e+00,0.000000e+00,0.000000e+00,0.000000e+00,0.000000e+00,0.000000e+00,0.000000e+00,0.000000e+00,0.000000e+00,0.000000e+00,0.000000e+00,0.000000e+00,0.000000e+00,0.000000e+00,0.000000e+00,0.000000e+00,-2.212503e+06,6.370353e+03,-1.328839e+06,1.104744e-01,-9.165050e-03,-7.151473e+00,-6.543141e-02,-4.176936e-02,-1.241328e-01,3.841934e-03,-1.506234e-05,8.327942e+00,-6.174916e-02,-2.206004e-03,-6.700270e-04,-7.678080e-03,8.335875e-04,-6.559648e+00,-4.151691e+00,1.369782e+00,-4.986445e+02,4.934754e+04,-6.433511e+03,2.580416e+06,4.486296e-02,3.374972e+00,-5.605462e-03,-6.581080e+02,5.707752e+03,-1.475981e+02
2.870186e-03,1.284933e+04,2.635255e+03,3.312065e-02,1.728709e-03,-3.731512e+00,1.023775e-01,9.774000e-07,7.788326e+01,0.000000e+00,0.000000e+00,9.106346e+02,0.000000e+00,0.000000e+00,0.000000e+00,0.000000e+00,0.000000e+00,0.000000e+00,0.000000e+00,0.000000e+00,0.000000e+00,0.000000e+00,0.000000e+00,0.000000e+00,0.000000e+00,0.000000e+00,0.000000e+00,0.000000e+00,0.000000e+00,0.000000e+00,0.000000e+00,0.000000e+00,0.000000e+00,0.000000e+00,0.000000e+00,0.000000e+00,0.000000e+00,0.000000e+00,0.000000e+00,0.000000e+00,0.000000e+00,0.000000e+00,0.000000e+00,0.000000e+00,0.000000e+00,0.000000e+00,0.000000e+00,0.000000e+00,0.000000e+00,1.284933e+04,2.123178e+03,2.615832e-02,-2.380195e-03,-2.109936e+00,1.136610e-03,0.000000e+00,0.000000e+00,0.000000e+00,0.000000e+00,0.000000e+00,0.000000e+00,0.000000e+00,0.000000e+00,0.000000e+00,0.000000e+00,0.000000e+00,0.000000e+00,0.000000e+00,0.000000e+00,0.000000e+00,0.000000e+00,0.000000e+00,0.000000e+00,0.000000e+00,0.000000e+00,0.000000e+00,-2.227840e+06,-7.495851e+03,-1.326161e+06,1.107997e-01,-9.292101e-03,-7.232983e+00,-6.719833e-02,-4.227537e-02,-1.254375e-01,3.974029e-03,-1.504832e-05,8.424949e+00,-6.387421e-02,-2.322479e-03,-6.918615e-04,-7.715870e-03,8.469651e-04,-6.564387e+00,-3.612409e+00,1.374710e+00,-4.737905e+02,3.946847e+04,7.431316e+03,2.592377e+06,4.470694e-02,3.435366e+00,-5.702193e-03,3.983591e+02,5.666527e+03,1.383434e+02
2.880937e-03,1.290612e+04,2.569697e+03,3.534261e-02,1.747786e-03,-3.626647e+00,1.023775e-01,9.774000e-07,8.079594e+01,0.000000e+00,0.000000e+00,9.166824e+02,0.000000e+00,0.000000e+00,0.000000e+00,0.000000e+00,0.000000e+00,0.000000e+00,0.000000e+00,0.000000e+00,0.000000e+00,0.000000e+00,0.000000e+00,0.000000e+00,0.000000e+00,0.000000e+00,0.000000e+00,0.000000e+00,0.000000e+00,0.000000e+00,0.000000e+00,0.000000e+00,0.000000e+00,0.000000e+00,0.000000e+00,0.000000e+00,0.000000e+00,0.000000e+00,0.000000e+00,0.000000e+00,0.000000e+00,0.000000e+00,0.000000e+00,0.000000e+00,0.000000e+00,0.000000e+00,0.000000e+00,0.000000e+00,0.000000e+00,1.290612e+04,2.098599e+03,2.620133e-02,-2.414969e-03,-2.097562e+00,1.136610e-03,0.000000e+00,0.000000e+00,0.000000e+00,0.000000e+00,0.000000e+00,0.000000e+00,0.000000e+00,0.000000e+00,0.000000e+00,0.000000e+00,0.000000e+00,0.000000e+00,0.000000e+00,0.000000e+00,0.000000e+00,0.000000e+00,0.000000e+00,0.000000e+00,0.000000e+00,0.000000e+00,0.000000e+00,-2.092555e+06,3.137212e+03,-1.282046e+06,1.113238e-01,-9.410151e-03,-7.322870e+00,-6.923304e-02,-4.283123e-02,-1.269155e-01,4.137129e-03,-1.521338e-05,8.529806e+00,-6.632759e-02,-2.372877e-03,-7.194007e-04,-7.751817e-03,8.618613e-04,-6.569319e+00,-3.069316e+00,1.395381e+00,-4.462136e+02,6.873448e+04,-3.199592e+03,2.453101e+06,4.464301e-02,3.498019e+00,-5.554144e-03,4.639652e+02,7.822394e+03,-3.764167e+01
2.890711e-03,1.295442e+04,2.511646e+03,3.735969e-02,1.966494e-03,-3.530053e+00,1.023775e-01,9.774000e-07,8.361272e+01,0.000000e+00,0.000000e+00,9.236896e+02,0.000000e+00,0.000000e+00,0.000000e+00,0.000000e+00,0.000000e+00,0.000000e+00,0.000000e+00,0.000000e+00,0.000000e+00,0.000000e+00,0.000000e+00,0.000000e+00,0.000000e+00,0.000000e+00,0.000000e+00,0.000000e+00,0.000000e+00,0.000000e+00,0.000000e+00,0.000000e+00,0.000000e+00,0.000000e+00,0.000000e+00,0.000000e+00,0.000000e+00,0.000000e+00,0.000000e+00,0.000000e+00,0.000000e+00,0.000000e+00,0.000000e+00,0.000000e+00,0.000000e+00,0.000000e+00,0.000000e+00,0.000000e+00,0.000000e+00,1.295442e+04,2.075480e+03,2.603284e-02,-2.279909e-03,-2.085127e+00,1.136610e-03,0.000000e+00,0.000000e+00,0.000000e+00,0.000000e+00,0.000000e+00,0.000000e+00,0.000000e+00,0.000000e+00,0.000000e+00,0.000000e+00,0.000000e+00,0.000000e+00,0.000000e+00,0.000000e+00,0.000000e+00,0.000000e+00,0.000000e+00,0.000000e+00,0.000000e+00,0.000000e+00,0.000000e+00,-2.250654e+06,-3.293593e+03,-1.340807e+06,1.117491e-01,-9.493826e-03,-7.404567e+00,-7.119136e-02,-4.336355e-02,-1.282504e-01,4.304165e-03,-1.520158e-05,8.626445e+00,-6.855623e-02,-2.604349e-03,-7.482080e-04,-7.778555e-03,8.754665e-04,-6.573548e+00,-2.478579e+00,1.400444e+00,-4.214314e+02,4.098458e+04,3.225926e+03,2.619452e+06,4.656636e-02,3.559999e+00,-5.735723e-03,7.845445e+01,4.816670e+03,5.147525e+01
2.900485e-03,1.300282e+04,2.455339e+03,3.963550e-02,1.930038e-03,-3.434053e+00,1.023776e-01,9.774000e-07,8.689012e+01,0.000000e+00,0.000000e+00,9.286169e+02,0.000000e+00,0.000000e+00,0.000000e+00,0.000000e+00,0.000000e+00,0.000000e+00,0.000000e+00,0.000000e+00,0.000000e+00,0.000000e+00,0.000000e+00,0.000000e+00,0.000000e+00,0.000000e+00,0.000000e+00,0.000000e+00,0.000000e+00,0.000000e+00,0.000000e+00,0.000000e+00,0.000000e+00,0.000000e+00,0.000000e+00,0.000000e+00,0.000000e+00,0.000000e+00,0.000000e+00,0.000000e+00,0.000000e+00,0.000000e+00,0.000000e+00,0.000000e+00,0.000000e+00,0.000000e+00,0.000000e+00,0.000000e+00,0.000000e+00,1.300282e+04,2.051682e+03,2.586665e-02,-2.288415e-03,-2.071893e+00,1.136610e-03,0.000000e+00,0.000000e+00,0.000000e+00,0.000000e+00,0.000000e+00,0.000000e+00,0.000000e+00,0.000000e+00,0.000000e+00,0.000000e+00,0.000000e+00,0.000000e+00,0.000000e+00,0.000000e+00,0.000000e+00,0.000000e+00,0.000000e+00,0.000000e+00,0.000000e+00,0.000000e+00,0.000000e+00,-2.121047e+06,-8.192800e+03,-1.299739e+06,1.118166e-01,-9.591306e-03,-7.484588e+00,-7.311186e-02,-4.388663e-02,-1.294654e-01,4.492930e-03,-1.526197e-05,8.722477e+00,-7.099932e-02,-2.583235e-03,-7.814366e-04,-7.799769e-03,8.891716e-04,-6.577534e+00,-1.858362e+00,1.407819e+00,-3.970353e+02,7.004880e+04,8.127373e+03,2.486615e+06,4.750001e-02,3.628081e+00,-5.927454e-03,6.110025e+02,6.988880e+03,1.387150e+02
2.910259e-03,1.304810e+04,2.400966e+03,4.188837e-02,2.189247e-03,-3.337720e+00,1.023776e-01,9.774000e-07,8.994984e+01,0.000000e+00,0.000000e+00,9.347951e+02,0.000000e+00,0.000000e+00,0.000000e+00,0.000000e+00,0.000000e+00,0.000000e+00,0.000000e+00,0.000000e+00,0.000000e+00,0.000000e+00,0.000000e+00,0.000000e+00,0.000000e+00,0.000000e+00,0.000000e+00,0.000000e+00,0.000000e+00,0.000000e+00,0.000000e+00,0.000000e+00,0.000000e+00,0.000000e+00,0.000000e+00,0.000000e+00,0.000000e+00,0.000000e+00,0.000000e+00,0.000000e+00,0.000000e+00,0.000000e+00,0.000000e+00,0.000000e+00,0.000000e+00,0.000000e+00,0.000000e+00,0.000000e+00,0.000000e+00,1.304810e+04,2.027715e+03,2.572396e-02,-2.167911e-03,-2.059199e+00,1.136610e-03,0.000000e+00,0.000000e+00,0.000000e+00,0.000000e+00,0.000000e+00,0.000000e+00,0.000000e+00,0.000000e+00,0.000000e+00,0.000000e+00,0.000000e+00,0.000000e+00,0.000000e+00,0.000000e+00,0.000000e+00,0.000000e+00,0.000000e+00,0.000000e+00,0.000000e+00,0.000000e+00,0.000000e+00,-2.094618e+06,-8.406936e+03,-1.298392e+06,1.122188e-01,-9.748194e-03,-7.565779e+00,-7.522165e-02,-4.437964e-02,-1.307700e-01,4.707877e-03,-1.532340e-05,8.818865e+00,-7.340659e-02,-2.858052e-03,-8.200410e-04,-7.814559e-03,9.029911e-04,-6.581282e+00,-1.249970e+00,1.426861e+00,-3.722931e+02,8.213740e+04,8.340944e+03,2.463027e+06,4.626147e-02,3.691234e+00,-5.801608e-03,1.211333e+03,7.497477e+03,7.993662e+01
2.920033e-03,1.309271e+04,2.348287e+03,4.438500e-02,2.269854e-03,-3.241387e+00,1.023777e-01,9.774000e-07,9.344688e+01,0.000000e+00,0.000000e+00,9.395965e+02,0.000000e+00,0.000000e+00,0.000000e+00,0.000000e+00,0.000000e+00,0.000000e+00,0.000000e+00,0.000000e+00,0.000000e+00,0.000000e+00,0.000000e+00,0.000000e+00,0.000000e+00,0.000000e+00,0.000000e+00,0.000000e+00,0.000000e+00,0.000000e+00,0.000000e+00,0.000000e+00,0.000000e+00,0.000000e+00,0.000000e+00,0.000000e+00,0.000000e+00,0.000000e+00,0.000000e+00,0.000000e+00,0.000000e+00,0.000000e+00,0.000000e+00,0.000000e+00,0.000000e+00,0.000000e+00,0.000000e+00,0.000000e+00,0.000000e+00,1.309271e+04,2.003076e+03,2.544299e-02,-2.090566e-03,-2.045436e+00,1.136609e-03,0.000000e+00,0.000000e+00,0.000000e+00,0.000000e+00,0.000000e+00,0.000000e+00,0.000000e+00,0.000000e+00,0.000000e+00,0.000000e+00,0.000000e+00,0.000000e+00,0.000000e+00,0.000000e+00,0.000000e+00,0.000000e+00,0.000000e+00,0.000000e+00,0.000000e+00,0.000000e+00,0.000000e+00,-2.112482e+06,-9.395063e+03,-1.306177e+06,1.122763e-01,-9.795395e-03,-7.645770e+00,-7.747245e-02,-4.493200e-02,-1.319632e-01,4.956075e-03,-1.528572e-05,8.915226e+00,-7.601251e-02,-2.956163e-03,-8.655031e-04,-7.822727e-03,9.169533e-04,-6.584790e+00,-5.011384e-01,1.427620e+00,-3.480588e+02,8.007758e+04,9.327404e+03,2.482392e+06,4.706329e-02,3.762475e+00,-6.188623e-03,1.108333e+03,7.294038e+03,1.476476e+02
2.930784e-03,1.313914e+04,2.292271e+03,4.679262e-02,2.514041e-03,-3.135570e+00,1.023778e-01,9.774000e-07,9.720869e+01,0.000000e+00,0.000000e+00,9.468359e+02,0.000000e+00,0.000000e+00,0.000000e+00,0.000000e+00,0.000000e+00,0.000000e+00,0.000000e+00,0.000000e+00,0.000000e+00,0.000000e+00,0.000000e+00,0.000000e+00,0.000000e+00,0.000000e+00,0.000000e+00,0.000000e+00,0.000000e+00,0.000000e+00,0.000000e+00,0.000000e+00,0.000000e+00,0.000000e+00,0.000000e+00,0.000000e+00,0.000000e+00,0.000000e+00,0.000000e+00,0.000000e+00,0.000000e+00,0.000000e+00,0.000000e+00,0.000000e+00,0.000000e+00,0.000000e+00,0.000000e+00,0.000000e+00,0.000000e+00,1.313914e+04,1.975548e+03,2.491471e-02,-1.980535e-03,-2.030325e+00,1.136610e-03,0.000000e+00,0.000000e+00,0.000000e+00,0.000000e+00,0.000000e+00,0.000000e+00,0.000000e+00,0.000000e+00,0.000000e+00,0.000000e+00,0.000000e+00,0.000000e+00,0.000000e+00,0.000000e+00,0.000000e+00,0.000000e+00,0.000000e+00,0.000000e+00,0.000000e+00,0.000000e+00,0.000000e+00,-2.063176e+06,-1.452866e+04,-1.254777e+06,1.124659e-01,-9.969630e-03,-7.733814e+00,-7.988607e-02,-4.550283e-02,-1.333370e-01,4.955641e-03,-1.533372e-05,9.021333e+00,-7.885847e-02,-3.192740e-03,-8.655807e-04,-7.823254e-03,9.324810e-04,-6.588374e+00,3.247229e-01,1.463515e+00,-3.212740e+02,6.017461e+04,1.446167e+04,2.414030e+06,4.749441e-02,3.837169e+00,-5.412311e-03,1.334724e+02,8.049006e+03,2.901646e+02
2.940558e-03,1.318091e+04,2.242586e+03,4.923793e-02,2.560394e-03,-3.039201e+00,1.023779e-01,9.774000e-07,1.010005e+02,0.000000e+00,0.000000e+00,9.512628e+02,0.000000e+00,0.000000e+00,0.000000e+00,0.000000e+00,0.000000e+00,0.000000e+00,0.000000e+00,0.000000e+00,0.000000e+00,0.000000e+00,0.000000e+00,0.000000e+00,0.000000e+00,0.000000e+00,0.000000e+00,0.000000e+00,0.000000e+00,0.000000e+00,0.000000e+00,0.000000e+00,0.000000e+00,0.000000e+00,0.000000e+00,0.000000e+00,0.000000e+00,0.000000e+00,0.000000e+00,0.000000e+00,0.000000e+00,0.000000e+00,0.000000e+00,0.000000e+00,0.000000e+00,0.000000e+00,0.000000e+00,0.000000e+00,0.000000e+00,1.318091e+04,1.949509e+03,2.462268e-02,-1.936562e-03,-2.015596e+00,1.136610e-03,0.000000e+00,0.000000e+00,0.000000e+00,0.000000e+00,0.000000e+00,0.000000e+00,0.000000e+00,0.000000e+00,0.000000e+00,0.000000e+00,0.000000e+00,0.000000e+00,0.000000e+00,0.000000e+00,0.000000e+00,0.000000e+00,0.000000e+00,0.000000e+00,0.000000e+00,0.000000e+00,0.000000e+00,-2.123224e+06,9.246108e+02,-1.313166e+06,1.129422e-01,-1.001782e-02,-7.813177e+00,-8.230442e-02,-4.605878e-02,-1.345235e-01,4.955232e-03,-1.528355e-05,9.117841e+00,-8.167497e-02,-3.264125e-03,-8.656498e-04,-7.816716e-03,9.467658e-04,-6.591386e+00,1.005831e+00,1.473833e+00,-2.973533e+02,8.098309e+04,-9.950739e+02,2.495181e+06,4.915923e-02,3.912005e+00,-6.038206e-03,-4.669038e+02,6.739338e+03,-6.071654e+01
2.950332e-03,1.321989e+04,2.195071e+03,5.179672e-02,2.728122e-03,-2.942930e+00,1.023781e-01,9.774000e-07,1.047897e+02,0.000000e+00,0.000000e+00,9.562131e+02,0.000000e+00,0.000000e+00,0.000000e+00,0.000000e+00,0.000000e+00,0.000000e+00,0.000000e+00,0.000000e+00,0.000000e+00,0.000000e+00,0.000000e+00,0.000000e+00,0.000000e+00,0.000000e+00,0.000000e+00,0.000000e+00,0.000000e+00,0.000000e+00,0.000000e+00,0.000000e+00,0.000000e+00,0.000000e+00,0.000000e+00,0.000000e+00,0.000000e+00,0.000000e+00,0.000000e+00,0.000000e+00,0.000000e+00,0.000000e+00,0.000000e+00,0.000000e+00,0.000000e+00,0.000000e+00,0.000000e+00,0.000000e+00,0.000000e+00,1.321989e+04,1.923553e+03,2.423554e-02,-1.894275e-03,-2.001112e+00,1.136609e-03,0.000000e+00,0.000000e+00,0.000000e+00,0.000000e+00,0.000000e+00,0.000000e+00,0.000000e+00,0.000000e+00,0.000000e+00,0.000000e+00,0.000000e+00,0.000000e+00,0.000000e+00,0.000000e+00,0.000000e+00,0.000000e+00,0.000000e+00,0.000000e+00,0.000000e+00,0.000000e+00,0.000000e+00,-2.113836e+06,-6.430447e+02,-1.298015e+06,1.131943e-01,-1.011879e-02,-7.892492e+00,-8.476687e-02,-4.659410e-02,-1.356929e-01,4.954867e-03,-1.532561e-05,9.214315e+00,-8.458874e-02,-3.448918e-03,-8.657221e-04,-7.802706e-03,9.613296e-04,-6.594161e+00,1.781238e+00,1.495237e+00,-2.733408e+02,7.261713e+04,5.718477e+02,2.479491e+06,4.890211e-02,3.984722e+00,-5.798091e-03,-3.433907e+02,6.859840e+03,7.006740e+01
2.960106e-03,1.325714e+04,2.149460e+03,5.452539e-02,2.733353e-03,-2.846418e+00,1.023781e-01,9.774000e-07,1.084675e+02,0.000000e+00,0.000000e+00,9.610011e+02,0.000000e+00,0.000000e+00,0.000000e+00,0.000000e+00,0.000000e+00,0.000000e+00,0.000000e+00,0.000000e+00,0.000000e+00,0.000000e+00,0.000000e+00,0.000000e+00,0.000000e+00,0.000000e+00,0.000000e+00,0.000000e+00,0.000000e+00,0.000000e+00,0.000000e+00,0.000000e+00,0.000000e+00,0.000000e+00,0.000000e+00,0.000000e+00,0.000000e+00,0.000000e+00,0.000000e+00,0.000000e+00,0.000000e+00,0.000000e+00,0.000000e+00,0.000000e+00,0.000000e+00,0.000000e+00,0.000000e+00,0.000000e+00,0.000000e+00,1.325714e+04,1.897662e+03,2.403320e-02,-1.919885e-03,-1.986823e+00,1.136610e-03,0.000000e+00,0.000000e+00,0.000000e+00,0.000000e+00,0.000000e+00,0.000000e+00,0.000000e+00,0.000000e+00,0.000000e+00,0.000000e+00,0.000000e+00,0.000000e+00,0.000000e+00,0.000000e+00,0.000000e+00,0.000000e+00,0.000000e+00,0.000000e+00,0.000000e+00,0.000000e+00,0.000000e+00,-2.020456e+06,1.760939e+03,-1.276974e+06,1.133436e-01,-1.019684e-02,-7.972332e+00,-8.738074e-02,-4.717240e-02,-1.368384e-01,4.954477e-03,-1.520393e-05,9.310846e+00,-8.767680e-02,-3.459069e-03,-8.657924e-04,-7.781093e-03,9.759358e-04,-6.596702e+00,2.592495e+00,1.518989e+00,-2.490515e+02,1.009795e+05,-1.830749e+03,2.388034e+06,5.008878e-02,4.053192e+00,-5.902098e-03,1.295886e+02,8.713719e+03,-7.678504e+01
2.970858e-03,1.329637e+04,2.101054e+03,5.761894e-02,2.863639e-03,-2.740379e+00,1.023781e-01,9.774000e-07,1.129722e+02,0.000000e+00,0.000000e+00,9.657729e+02,0.000000e+00,0.000000e+00,0.000000e+00,0.000000e+00,0.000000e+00,0.000000e+00,0.000000e+00,0.000000e+00,0.000000e+00,0.000000e+00,0.000000e+00,0.000000e+00,0.000000e+00,0.000000e+00,0.000000e+00,0.000000e+00,0.000000e+00,0.000000e+00,0.000000e+00,0.000000e+00,0.000000e+00,0.000000e+00,0.000000e+00,0.000000e+00,0.000000e+00,0.000000e+00,0.000000e+00,0.000000e+00,0.000000e+00,0.000000e+00,0.000000e+00,0.000000e+00,0.000000e+00,0.000000e+00,0.000000e+00,0.000000e+00,0.000000e+00,1.329637e+04,1.868291e+03,2.376707e-02,-1.822493e-03,-1.969975e+00,1.136610e-03,0.000000e+00,0.000000e+00,0.000000e+00,0.000000e+00,0.000000e+00,0.000000e+00,0.000000e+00,0.000000e+00,0.000000e+00,0.000000e+00,0.000000e+00,0.000000e+00,0.000000e+00,0.000000e+00,0.000000e+00,0.000000e+00,0.000000e+00,0.000000e+00,0.000000e+00,0.000000e+00,0.000000e+00,-2.125841e+06,-1.055564e+04,-1.300655e+06,1.139420e-01,-1.023171e-02,-8.059017e+00,-9.040717e-02,-4.781501e-02,-1.381020e-01,4.954034e-03,-1.519392e-05,9.416886e+00,-9.115823e-02,-3.606302e-03,-8.658735e-04,-7.747736e-03,9.922057e-04,-6.599227e+00,3.473880e+00,1.515707e+00,-2.229581e+02,6.913439e+04,1.048160e+04,2.491209e+06,5.035602e-02,4.137693e+00,-6.498548e-03,3.412791e+02,6.466135e+03,2.529078e+02
2.980632e-03,1.333017e+04,2.058648e+03,6.059279e-02,2.876857e-03,-2.644426e+00,1.023783e-01,9.774000e-07,1.173065e+02,0.000000e+00,0.000000e+00,9.703909e+02,0.000000e+00,0.000000e+00,0.000000e+00,0.000000e+00,0.000000e+00,0.000000e+00,0.000000e+00,0.000000e+00,0.000000e+00,0.000000e+00,0.000000e+00,0.000000e+00,0.000000e+00,0.000000e+00,0.000000e+00,0.000000e+00,0.000000e+00,0.000000e+00,0.000000e+00,0.000000e+00,0.000000e+00,0.000000e+00,0.000000e+00,0.000000e+00,0.000000e+00,0.000000e+00,0.000000e+00,0.000000e+00,0.000000e+00,0.000000e+00,0.000000e+00,0.000000e+00,0.000000e+00,0.000000e+00,0.000000e+00,0.000000e+00,0.000000e+00,1.333017e+04,1.841198e+03,2.342092e-02,-1.830065e-03,-1.954631e+00,1.136610e-03,0.000000e+00,0.000000e+00,0.000000e+00,0.000000e+00,0.000000e+00,0.000000e+00,0.000000e+00,0.000000e+00,0.000000e+00,0.000000e+00,0.000000e+00,0.000000e+00,0.000000e+00,0.000000e+00,0.000000e+00,0.000000e+00,0.000000e+00,0.000000e+00,0.000000e+00,0.000000e+00,0.000000e+00,-2.123264e+06,-4.238195e+03,-1.321106e+06,1.143828e-01,-1.036273e-02,-8.137212e+00,-9.336645e-02,-4.836431e-02,-1.392507e-01,4.953630e-03,-1.505304e-05,9.513098e+00,-9.443539e-02,-3.648489e-03,-8.659454e-04,-7.709248e-03,1.007183e-03,-6.601280e+00,4.326688e+00,1.542976e+00,-1.993972e+02,8.825412e+04,4.162612e+03,2.499156e+06,5.132780e-02,4.216218e+00,-5.922630e-03,6.640004e+02,6.796418e+03,-6.124966e+00
2.990406e-03,1.336233e+04,2.018209e+03,6.368706e-02,2.994766e-03,-2.548500e+00,1.023784e-01,9.774000e-07,1.217188e+02,0.000000e+00,0.000000e+00,9.744711e+02,0.000000e+00,0.000000e+00,0.000000e+00,0.000000e+00,0.000000e+00,0.000000e+00,0.000000e+00,0.000000e+00,0.000000e+00,0.000000e+00,0.000000e+00,0.000000e+00,0.000000e+00,0.000000e+00,0.000000e+00,0.000000e+00,0.000000e+00,0.000000e+00,0.000000e+00,0.000000e+00,0.000000e+00,0.000000e+00,0.000000e+00,0.000000e+00,0.000000e+00,0.000000e+00,0.000000e+00,0.000000e+00,0.000000e+00,0.000000e+00,0.000000e+00,0.000000e+00,0.000000e+00,0.000000e+00,0.000000e+00,0.000000e+00,0.000000e+00,1.336233e+04,1.814020e+03,2.295594e-02,-1.766982e-03,-1.939023e+00,1.136610e-03,0.000000e+00,0.000000e+00,0.000000e+00,0.000000e+00,0.000000e+00,0.000000e+00,0.000000e+00,0.000000e+00,0.000000e+00,0.000000e+00,0.000000e+00,0.000000e+00,0.000000e+00,0.000000e+00,0.000000e+00,0.000000e+00,0.000000e+00,0.000000e+00,0.000000e+00,0.000000e+00,0.000000e+00,-2.056983e+06,-9.447971e+03,-1.300313e+06,1.145068e-01,-1.044087e-02,-8.215143e+00,-9.648852e-02,-4.889908e-02,-1.403464e-01,4.953221e-03,-1.503527e-05,9.609206e+00,-9.783686e-02,-3.762848e-03,-8.660191e-04,-7.661632e-03,1.022339e-03,-6.603102e+00,5.315369e+00,1.551704e+00,-1.758361e+02,1.033321e+05,9.373110e+03,2.431320e+06,5.253244e-02,4.294494e+00,-6.182550e-03,-3.420109e+02,7.507234e+03,1.567884e+02
3.000180e-03,1.339237e+04,1.979614e+03,6.695522e-02,3.077752e-03,-2.453242e+00,1.023789e-01,9.774000e-07,1.265378e+02,0.000000e+00,0.000000e+00,9.788123e+02,0.000000e+00,0.000000e+00,0.000000e+00,0.000000e+00,0.000000e+00,0.000000e+00,0.000000e+00,0.000000e+00,0.000000e+00,0.000000e+00,0.000000e+00,0.000000e+00,0.000000e+00,0.000000e+00,0.000000e+00,0.000000e+00,0.000000e+00,0.000000e+00,0.000000e+00,0.000000e+00,0.000000e+00,0.000000e+00,0.000000e+00,0.000000e+00,0.000000e+00,0.000000e+00,0.000000e+00,0.000000e+00,0.000000e+00,0.000000e+00,0.000000e+00,0.000000e+00,0.000000e+00,0.000000e+00,0.000000e+00,0.000000e+00,0.000000e+00,1.339237e+04,1.786587e+03,2.239637e-02,-1.715375e-03,-1.922807e+00,1.136610e-03,0.000000e+00,0.000000e+00,0.000000e+00,0.000000e+00,0.000000e+00,0.000000e+00,0.000000e+00,0.000000e+00,0.000000e+00,0.000000e+00,0.000000e+00,0.000000e+00,0.000000e+00,0.000000e+00,0.000000e+00,0.000000e+00,0.000000e+00,0.000000e+00,0.000000e+00,0.000000e+00,0.000000e+00,-1.892152e+06,-2.135357e+03,-1.209016e+06,1.144276e-01,-1.049587e-02,-8.291467e+00,-9.960821e-02,-4.946093e-02,-1.413654e-01,4.952806e-03,-1.493494e-05,9.705086e+00,-1.013560e-01,-3.876738e-03,-8.660897e-04,-7.604078e-03,1.037595e-03,-6.604696e+00,6.352233e+00,1.565032e+00,-1.527365e+02,1.063343e+05,2.065095e+03,2.242912e+06,5.097992e-02,4.377446e+00,-5.558916e-03,-4.392672e+01,1.022317e+04,-3.063865e+01
3.010931e-03,1.342441e+04,1.938642e+03,7.058250e-02,3.163738e-03,-2.348150e+00,1.023790e-01,9.774000e-07,1.317627e+02,0.000000e+00,0.000000e+00,9.827836e+02,0.000000e+00,0.000000e+00,0.000000e+00,0.000000e+00,0.000000e+00,0.000000e+00,0.000000e+00,0.000000e+00,0.000000e+00,0.000000e+00,0.000000e+00,0.000000e+00,0.000000e+00,0.000000e+00,0.000000e+00,0.000000e+00,0.000000e+00,0.000000e+00,0.000000e+00,0.000000e+00,0.000000e+00,0.000000e+00,0.000000e+00,0.000000e+00,0.000000e+00,0.000000e+00,0.000000e+00,0.000000e+00,0.000000e+00,0.000000e+00,0.000000e+00,0.000000e+00,0.000000e+00,0.000000e+00,0.000000e+00,0.000000e+00,0.000000e+00,1.342441e+04,1.755778e+03,2.201123e-02,-1.772859e-03,-1.904195e+00,1.136610e-03,0.000000e+00,0.000000e+00,0.000000e+00,0.000000e+00,0.000000e+00,0.000000e+00,0.000000e+00,0.000000e+00,0.000000e+00,0.000000e+00,0.000000e+00,0.000000e+00,0.000000e+00,0.000000e+00,0.000000e+00,0.000000e+00,0.000000e+00,0.000000e+00,0.000000e+00,0.000000e+00,0.000000e+00,-2.022308e+06,9.281094e+03,-1.272363e+06,1.148183e-01,-1.072908e-02,-8.375888e+00,-1.030405e-01,-4.999924e-02,-1.424748e-01,4.952383e-03,-1.486834e-05,9.810330e+00,-1.053475e-01,-3.981901e-03,-8.661695e-04,-7.529734e-03,1.054617e-03,-6.606192e+00,7.385679e+00,1.625372e+00,-1.274841e+02,9.657546e+04,-9.357139e+03,2.387322e+06,5.276411e-02,4.468235e+00,-5.143905e-03,-1.975540e+02,7.702379e+03,-1.979561e+02
3.020705e-03,1.345096e+04,1.903191e+03,7.400917e-02,3.245562e-03,-2.252867e+00,1.023790e-01,9.774000e-07,1.368229e+02,0.000000e+00,0.000000e+00,9.868652e+02,0.000000e+00,0.000000e+00,0.000000e+00,0.000000e+00,0.000000e+00,0.000000e+00,0.000000e+00,0.000000e+00,0.000000e+00,0.000000e+00,0.000000e+00,0.000000e+00,0.000000e+00,0.000000e+00,0.000000e+00,0.000000e+00,0.000000e+00,0.000000e+00,0.000000e+00,0.000000e+00,0.000000e+00,0.000000e+00,0.000000e+00,0.000000e+00,0.000000e+00,0.000000e+00,0.000000e+00,0.000000e+00,0.000000e+00,0.000000e+00,0.000000e+00,0.000000e+00,0.000000e+00,0.000000e+00,0.000000e+00,0.000000e+00,0.000000e+00,1.345096e+04,1.727744e+03,2.180387e-02,-1.676026e-03,-1.887512e+00,1.136610e-03,0.000000e+00,0.000000e+00,0.000000e+00,0.000000e+00,0.000000e+00,0.000000e+00,0.000000e+00,0.000000e+00,0.000000e+00,0.000000e+00,0.000000e+00,0.000000e+00,0.000000e+00,0.000000e+00,0.000000e+00,0.000000e+00,0.000000e+00,0.000000e+00,0.000000e+00,0.000000e+00,0.000000e+00,-1.892735e+06,-8.689900e+02,-1.190527e+06,1.150707e-01,-1.074036e-02,-8.451638e+00,-1.063021e-01,-5.055302e-02,-1.433723e-01,4.951948e-03,-1.477977e-05,9.905732e+00,-1.091050e-01,-4.071707e-03,-8.662402e-04,-7.452149e-03,1.070117e-03,-6.607315e+00,8.381805e+00,1.604969e+00,-1.046422e+02,9.021455e+04,7.966681e+02,2.234203e+06,5.406009e-02,4.551958e+00,-6.137935e-03,-6.777597e+02,1.044271e+04,9.956071e+01
3.030479e-03,1.347663e+04,1.868880e+03,7.751979e-02,3.368282e-03,-2.158233e+00,1.023793e-01,9.774000e-07,1.423288e+02,0.000000e+00,0.000000e+00,9.905890e+02,0.000000e+00,0.000000e+00,0.000000e+00,0.000000e+00,0.000000e+00,0.000000e+00,0.000000e+00,0.000000e+00,0.000000e+00,0.000000e+00,0.000000e+00,0.000000e+00,0.000000e+00,0.000000e+00,0.000000e+00,0.000000e+00,0.000000e+00,0.000000e+00,0.000000e+00,0.000000e+00,0.000000e+00,0.000000e+00,0.000000e+00,0.000000e+00,0.000000e+00,0.000000e+00,0.000000e+00,0.000000e+00,0.000000e+00,0.000000e+00,0.000000e+00,0.000000e+00,0.000000e+00,0.000000e+00,0.000000e+00,0.000000e+00,0.000000e+00,1.347663e+04,1.698597e+03,2.193061e-02,-1.601727e-03,-1.869644e+00,1.136610e-03,0.000000e+00,0.000000e+00,0.000000e+00,0.000000e+00,0.000000e+00,0.000000e+00,0.000000e+00,0.000000e+00,0.000000e+00,0.000000e+00,0.000000e+00,0.000000e+00,0.000000e+00,0.000000e+00,0.000000e+00,0.000000e+00,0.000000e+00,0.000000e+00,0.000000e+00,0.000000e+00,0.000000e+00,-1.955816e+06,9.344899e+02,-1.252568e+06,1.159935e-01,-1.083673e-02,-8.526631e+00,-1.098441e-01,-5.106239e-02,-1.441550e-01,4.951551e-03,-1.471934e-05,1.000080e+01,-1.129186e-01,-4.211136e-03,-8.663096e-04,-7.365616e-03,1.085841e-03,-6.608218e+00,9.205407e+00,1.615593e+00,-8.232721e+01,1.127207e+05,-1.010930e+03,2.319792e+06,5.411120e-02,4.643660e+00,-6.194610e-03,3.504837e+02,8.575653e+03,-1.057729e+02
3.040253e-03,1.350037e+04,1.835902e+03,8.112397e-02,3.430025e-03,-2.063703e+00,1.023795e-01,9.774000e-07,1.478596e+02,0.000000e+00,0.000000e+00,9.945712e+02,0.000000e+00,0.000000e+00,0.000000e+00,0.000000e+00,0.000000e+00,0.000000e+00,0.000000e+00,0.000000e+00,0.000000e+00,0.000000e+00,0.000000e+00,0.000000e+00,0.000000e+00,0.000000e+00,0.000000e+00,0.000000e+00,0.000000e+00,0.000000e+00,0.000000e+00,0.000000e+00,0.000000e+00,0.000000e+00,0.000000e+00,0.000000e+00,0.000000e+00,0.000000e+00,0.000000e+00,0.000000e+00,0.000000e+00,0.000000e+00,0.000000e+00,0.000000e+00,0.000000e+00,0.000000e+00,0.000000e+00,0.000000e+00,0.000000e+00,1.350037e+04,1.669402e+03,2.196428e-02,-1.571282e-03,-1.851969e+00,1.136610e-03,0.000000e+00,0.000000e+00,0.000000e+00,0.000000e+00,0.000000e+00,0.000000e+00,0.000000e+00,0.000000e+00,0.000000e+00,0.000000e+00,0.000000e+00,0.000000e+00,0.000000e+00,0.000000e+00,0.000000e+00,0.000000e+00,0.000000e+00,0.000000e+00,0.000000e+00,0.000000e+00,0.000000e+00,-1.941956e+06,-1.037280e+04,-1.197054e+06,1.170317e-01,-1.092728e-02,-8.601108e+00,-1.134069e-01,-5.158318e-02,-1.450419e-01,4.951119e-03,-1.463545e-05,1.009553e+01,-1.168330e-01,-4.283729e-03,-8.663837e-04,-7.270650e-03,1.101527e-03,-6.608902e+00,1.011433e+01,1.620825e+00,-6.007169e+01,7.157817e+04,1.029667e+04,2.280134e+06,5.499222e-02,4.732810e+00,-6.658336e-03,7.155958e+01,9.185482e+03,2.317573e+02
3.050027e-03,1.352254e+04,1.804255e+03,8.476714e-02,3.541950e-03,-1.969574e+00,1.023796e-01,9.774000e-07,1.537943e+02,0.000000e+00,0.000000e+00,9.983952e+02,0.000000e+00,0.000000e+00,0.000000e+00,0.000000e+00,0.000000e+00,0.000000e+00,0.000000e+00,0.000000e+00,0.000000e+00,0.000000e+00,0.000000e+00,0.000000e+00,0.000000e+00,0.000000e+00,0.000000e+00,0.000000e+00,0.000000e+00,0.000000e+00,0.000000e+00,0.000000e+00,0.000000e+00,0.000000e+00,0.000000e+00,0.000000e+00,0.000000e+00,0.000000e+00,0.000000e+00,0.000000e+00,0.000000e+00,0.000000e+00,0.000000e+00,0.000000e+00,0.000000e+00,0.000000e+00,0.000000e+00,0.000000e+00,0.000000e+00,1.352254e+04,1.639774e+03,2.235006e-02,-1.482446e-03,-1.833882e+00,1.136610e-03,0.000000e+00,0.000000e+00,0.000000e+00,0.000000e+00,0.000000e+00,0.000000e+00,0.000000e+00,0.000000e+00,0.000000e+00,0.000000e+00,0.000000e+00,0.000000e+00,0.000000e+00,0.000000e+00,0.000000e+00,0.000000e+00,0.000000e+00,0.000000e+00,0.000000e+00,0.000000e+00,0.000000e+00,-1.915732e+06,9.816215e+03,-1.206642e+06,1.182659e-01,-1.094556e-02,-8.675032e+00,-1.173068e-01,-5.210164e-02,-1.457247e-01,4.950715e-03,-1.458381e-05,1.018982e+01,-1.207979e-01,-4.410414e-03,-8.664536e-04,-7.167353e-03,1.117574e-03,-6.609370e+00,1.095719e+01,1.621372e+00,-3.806429e+01,9.305307e+04,-9.893064e+03,2.262156e+06,5.371526e-02,4.827161e+00,-6.360295e-03,7.415859e+02,8.778117e+03,-3.685818e+02
3.060779e-03,1.354448e+04,1.771531e+03,8.884120e-02,3.664073e-03,-1.866345e+00,1.023796e-01,9.774000e-07,1.602737e+02,0.000000e+00,0.000000e+00,1.002798e+03,0.000000e+00,0.000000e+00,0.000000e+00,0.000000e+00,0.000000e+00,0.000000e+00,0.000000e+00,0.000000e+00,0.000000e+00,0.000000e+00,0.000000e+00,0.000000e+00,0.000000e+00,0.000000e+00,0.000000e+00,0.000000e+00,0.000000e+00,0.000000e+00,0.000000e+00,0.000000e+00,0.000000e+00,0.000000e+00,0.000000e+00,0.000000e+00,0.000000e+00,0.000000e+00,0.000000e+00,0.000000e+00,0.000000e+00,0.000000e+00,0.000000e+00,0.000000e+00,0.000000e+00,0.000000e+00,0.000000e+00,0.000000e+00,0.000000e+00,1.354448e+04,1.607343e+03,2.259823e-02,-1.444828e-03,-1.813897e+00,1.136610e-03,0.000000e+00,0.000000e+00,0.000000e+00,0.000000e+00,0.000000e+00,0.000000e+00,0.000000e+00,0.000000e+00,0.000000e+00,0.000000e+00,0.000000e+00,0.000000e+00,0.000000e+00,0.000000e+00,0.000000e+00,0.000000e+00,0.000000e+00,0.000000e+00,0.000000e+00,0.000000e+00,0.000000e+00,-1.901283e+06,-1.544495e+04,-1.196730e+06,1.195041e-01,-1.116761e-02,-8.755887e+00,-1.216534e-01,-5.265849e-02,-1.464976e-01,4.950227e-03,-1.453968e-05,1.029303e+01,-1.252305e-01,-4.548377e-03,-8.665323e-04,-7.043481e-03,1.135129e-03,-6.609638e+00,1.197838e+01,1.652924e+00,-1.397870e+01,9.176562e+04,1.536734e+04,2.244688e+06,5.649629e-02,4.927637e+00,-6.381509e-03,-9.037317e+02,9.276225e+03,5.344590e+02
3.070553e-03,1.356267e+04,1.743229e+03,9.258894e-02,3.747247e-03,-1.773095e+00,1.023797e-01,9.774000e-07,1.665559e+02,0.000000e+00,0.000000e+00,1.006822e+03,0.000000e+00,0.000000e+00,0.000000e+00,0.000000e+00,0.000000e+00,0.000000e+00,0.000000e+00,0.000000e+00,0.000000e+00,0.000000e+00,0.000000e+00,0.000000e+00,0.000000e+00,0.000000e+00,0.000000e+00,0.000000e+00,0.000000e+00,0.000000e+00,0.000000e+00,0.000000e+00,0.000000e+00,0.000000e+00,0.000000e+00,0.000000e+00,0.000000e+00,0.000000e+00,0.000000e+00,0.000000e+00,0.000000e+00,0.000000e+00,0.000000e+00,0.000000e+00,0.000000e+00,0.000000e+00,0.000000e+00,0.000000e+00,0.000000e+00,1.356267e+04,1.577700e+03,2.290327e-02,-1.387891e-03,-1.795550e+00,1.136610e-03,0.000000e+00,0.000000e+00,0.000000e+00,0.000000e+00,0.000000e+00,0.000000e+00,0.000000e+00,0.000000e+00,0.000000e+00,0.000000e+00,0.000000e+00,0.000000e+00,0.000000e+00,0.000000e+00,0.000000e+00,0.000000e+00,0.000000e+00,0.000000e+00,0.000000e+00,0.000000e+00,0.000000e+00,-1.840403e+06,-9.279653e+03,-1.139807e+06,1.209126e-01,-1.125112e-02,-8.828288e+00,-1.256170e-01,-5.314652e-02,-1.471607e-01,4.949809e-03,-1.448131e-05,1.038635e+01,-1.292970e-01,-4.643833e-03,-8.666029e-04,-6.921706e-03,1.151292e-03,-6.609658e+00,1.284938e+01,1.662475e+00,7.559125e+00,7.279663e+04,9.203740e+03,2.163550e+06,5.551726e-02,5.022875e+00,-6.184655e-03,8.403819e+01,1.031391e+04,2.505676e+02
3.080327e-03,1.357909e+04,1.716659e+03,9.635229e-02,3.872459e-03,-1.680429e+00,1.023798e-01,9.774000e-07,1.730606e+02,0.000000e+00,0.000000e+00,1.010796e+03,0.000000e+00,0.000000e+00,0.000000e+00,0.000000e+00,0.000000e+00,0.000000e+00,0.000000e+00,0.000000e+00,0.000000e+00,0.000000e+00,0.000000e+00,0.000000e+00,0.000000e+00,0.000000e+00,0.000000e+00,0.000000e+00,0.000000e+00,0.000000e+00,0.000000e+00,0.000000e+00,0.000000e+00,0.000000e+00,0.000000e+00,0.000000e+00,0.000000e+00,0.000000e+00,0.000000e+00,0.000000e+00,0.000000e+00,0.000000e+00,0.000000e+00,0.000000e+00,0.000000e+00,0.000000e+00,0.000000e+00,0.000000e+00,0.000000e+00,1.357909e+04,1.548038e+03,2.321544e-02,-1.260080e-03,-1.776980e+00,1.136610e-03,0.000000e+00,0.000000e+00,0.000000e+00,0.000000e+00,0.000000e+00,0.000000e+00,0.000000e+00,0.000000e+00,0.000000e+00,0.000000e+00,0.000000e+00,0.000000e+00,0.000000e+00,0.000000e+00,0.000000e+00,0.000000e+00,0.000000e+00,0.000000e+00,0.000000e+00,0.000000e+00,0.000000e+00,-1.852860e+06,-1.516805e+04,-1.166100e+06,1.221767e-01,-1.123255e-02,-8.900456e+00,-1.299192e-01,-5.370396e-02,-1.478029e-01,4.949349e-03,-1.445573e-05,1.047916e+01,-1.333997e-01,-4.779054e-03,-8.666792e-04,-6.791432e-03,1.167591e-03,-6.609469e+00,1.376604e+01,1.635295e+00,2.890804e+01,8.951229e+04,1.509004e+04,2.187435e+06,5.760985e-02,5.120324e+00,-7.574790e-03,1.858415e+02,9.871418e+03,3.357288e+02
3.090101e-03,1.359372e+04,1.691275e+03,1.001408e-01,3.978405e-03,-1.588415e+00,1.023800e-01,9.774000e-07,1.799735e+02,0.000000e+00,0.000000e+00,1.014944e+03,0.000000e+00,0.000000e+00,0.000000e+00,0.000000e+00,0.000000e+00,0.000000e+00,0.000000e+00,0.000000e+00,0.000000e+00,0.000000e+00,0.000000e+00,0.000000e+00,0.000000e+00,0.000000e+00,0.000000e+00,0.000000e+00,0.000000e+00,0.000000e+00,0.000000e+00,0.000000e+00,0.000000e+00,0.000000e+00,0.000000e+00,0.000000e+00,0.000000e+00,0.000000e+00,0.000000e+00,0.000000e+00,0.000000e+00,0.000000e+00,0.000000e+00,0.000000e+00,0.000000e+00,0.000000e+00,0.000000e+00,0.000000e+00,0.000000e+00,1.359372e+04,1.518189e+03,2.360605e-02,-1.268782e-03,-1.758157e+00,1.136610e-03,0.000000e+00,0.000000e+00,0.000000e+00,0.000000e+00,0.000000e+00,0.000000e+00,0.000000e+00,0.000000e+00,0.000000e+00,0.000000e+00,0.000000e+00,0.000000e+00,0.000000e+00,0.000000e+00,0.000000e+00,0.000000e+00,0.000000e+00,0.000000e+00,0.000000e+00,0.000000e+00,0.000000e+00,-1.743305e+06,1.424027e+04,-1.073575e+06,1.239517e-01,-1.139524e-02,-8.971138e+00,-1.340518e-01,-5.421876e-02,-1.483823e-01,4.948903e-03,-1.437527e-05,1.057145e+01,-1.374997e-01,-4.902605e-03,-8.667553e-04,-6.652197e-03,1.184062e-03,-6.609073e+00,1.460352e+01,1.691717e+00,4.987380e+01,6.387275e+04,-1.431428e+04,2.046361e+06,5.612382e-02,5.220707e+00,-6.036536e-03,6.988445e+02,1.190629e+04,-5.012810e+02
3.100852e-03,1.360806e+04,1.665573e+03,1.043117e-01,4.091302e-03,-1.487676e+00,1.023801e-01,9.774000e-07,1.873455e+02,0.000000e+00,0.000000e+00,1.019122e+03,0.000000e+00,0.000000e+00,0.000000e+00,0.000000e+00,0.000000e+00,0.000000e+00,0.000000e+00,0.000000e+00,0.000000e+00,0.000000e+00,0.000000e+00,0.000000e+00,0.000000e+00,0.000000e+00,0.000000e+00,0.000000e+00,0.000000e+00,0.000000e+00,0.000000e+00,0.000000e+00,0.000000e+00,0.000000e+00,0.000000e+00,0.000000e+00,0.000000e+00,0.000000e+00,0.000000e+00,0.000000e+00,0.000000e+00,0.000000e+00,0.000000e+00,0.000000e+00,0.000000e+00,0.000000e+00,0.000000e+00,0.000000e+00,0.000000e+00,1.360806e+04,1.485583e+03,2.410661e-02,-1.216070e-03,-1.737494e+00,1.136610e-03,0.000000e+00,0.000000e+00,0.000000e+00,0.000000e+00,0.000000e+00,0.000000e+00,0.000000e+00,0.000000e+00,0.000000e+00,0.000000e+00,0.000000e+00,0.000000e+00,0.000000e+00,0.000000e+00,0.000000e+00,0.000000e+00,0.000000e+00,0.000000e+00,0.000000e+00,0.000000e+00,0.000000e+00,-1.794452e+06,1.363018e+04,-1.142687e+06,1.257694e-01,-1.143185e-02,-9.049150e+00,-1.386745e-01,-5.478263e-02,-1.490227e-01,4.948379e-03,-1.435382e-05,1.067231e+01,-1.420168e-01,-5.017541e-03,-8.668438e-04,-6.489846e-03,1.202365e-03,-6.608401e+00,1.551517e+01,1.700041e+00,7.288927e+01,9.849507e+04,-1.370854e+04,2.125110e+06,5.747002e-02,5.327676e+00,-6.631894e-03,8.375958e+02,9.856294e+03,-4.837670e+02
3.110626e-03,1.361911e+04,1.643119e+03,1.080808e-01,4.209106e-03,-1.396728e+00,1.023801e-01,9.774000e-07,1.948378e+02,0.000000e+00,0.000000e+00,1.023315e+03,0.000000e+00,0.000000e+00,0.000000e+00,0.000000e+00,0.000000e+00,0.000000e+00,0.000000e+00,0.000000e+00,0.000000e+00,0.000000e+00,0.000000e+00,0.000000e+00,0.000000e+00,0.000000e+00,0.000000e+00,0.000000e+00,0.000000e+00,0.000000e+00,0.000000e+00,0.000000e+00,0.000000e+00,0.000000e+00,0.000000e+00,0.000000e+00,0.000000e+00,0.000000e+00,0.000000e+00,0.000000e+00,0.000000e+00,0.000000e+00,0.000000e+00,0.000000e+00,0.000000e+00,0.000000e+00,0.000000e+00,0.000000e+00,0.000000e+00,1.361911e+04,1.455621e+03,2.443526e-02,-1.137998e-03,-1.717955e+00,1.136610e-03,0.000000e+00,0.000000e+00,0.000000e+00,0.000000e+00,0.000000e+00,0.000000e+00,0.000000e+00,0.000000e+00,0.000000e+00,0.000000e+00,0.000000e+00,0.000000e+00,0.000000e+00,0.000000e+00,0.000000e+00,0.000000e+00,0.000000e+00,0.000000e+00,0.000000e+00,0.000000e+00,0.000000e+00,-1.755154e+06,6.086650e+03,-1.090261e+06,1.272081e-01,-1.158609e-02,-9.118421e+00,-1.430574e-01,-5.526630e-02,-1.495612e-01,4.947933e-03,-1.429024e-05,1.076339e+01,-1.461048e-01,-5.145556e-03,-8.669218e-04,-6.332989e-03,1.219091e-03,-6.607579e+00,1.641679e+01,1.719429e+00,9.327366e+01,7.267742e+04,-6.163871e+03,2.064934e+06,5.799191e-02,5.432781e+00,-6.228226e-03,2.923900e+02,1.084617e+04,-3.652954e+02
3.120400e-03,1.362841e+04,1.622676e+03,1.118437e-01,4.309949e-03,-1.306287e+00,1.023802e-01,9.774000e-07,2.020716e+02,0.000000e+00,0.000000e+00,1.027306e+03,0.000000e+00,0.000000e+00,0.000000e+00,0.000000e+00,0.000000e+00,0.000000e+00,0.000000e+00,0.000000e+00,0.000000e+00,0.000000e+00,0.000000e+00,0.000000e+00,0.000000e+00,0.000000e+00,0.000000e+00,0.000000e+00,0.000000e+00,0.000000e+00,0.000000e+00,0.000000e+00,0.000000e+00,0.000000e+00,0.000000e+00,0.000000e+00,0.000000e+00,0.000000e+00,0.000000e+00,0.000000e+00,0.000000e+00,0.000000e+00,0.000000e+00,0.000000e+00,0.000000e+00,0.000000e+00,0.000000e+00,0.000000e+00,0.000000e+00,1.362841e+04,1.426016e+03,2.506005e-02,-1.113210e-03,-1.698640e+00,1.136610e-03,0.000000e+00,0.000000e+00,0.000000e+00,0.000000e+00,0.000000e+00,0.000000e+00,0.000000e+00,0.000000e+00,0.000000e+00,0.000000e+00,0.000000e+00,0.000000e+00,0.000000e+00,0.000000e+00,0.000000e+00,0.000000e+00,0.000000e+00,0.000000e+00,0.000000e+00,0.000000e+00,0.000000e+00,-1.727368e+06,7.114132e+03,-1.069669e+06,1.290411e-01,-1.166016e-02,-9.187720e+00,-1.473330e-01,-5.578677e-02,-1.499839e-01,4.947449e-03,-1.423816e-05,1.085388e+01,-1.501664e-01,-5.259919e-03,-8.670044e-04,-6.168261e-03,1.235968e-03,-6.606558e+00,1.721543e+01,1.730819e+00,1.137166e+02,6.874495e+04,-7.191195e+03,2.030582e+06,5.830818e-02,5.532776e+00,-6.509118e-03,2.035837e+02,1.093203e+04,-2.874832e+02
3.130174e-03,1.363589e+04,1.603120e+03,1.155404e-01,4.402727e-03,-1.216527e+00,1.023804e-01,9.774000e-07,2.102069e+02,0.000000e+00,0.000000e+00,1.031459e+03,0.000000e+00,0.000000e+00,0.000000e+00,0.000000e+00,0.000000e+00,0.000000e+00,0.000000e+00,0.000000e+00,0.000000e+00,0.000000e+00,0.000000e+00,0.000000e+00,0.000000e+00,0.000000e+00,0.000000e+00,0.000000e+00,0.000000e+00,0.000000e+00,0.000000e+00,0.000000e+00,0.000000e+00,0.000000e+00,0.000000e+00,0.000000e+00,0.000000e+00,0.000000e+00,0.000000e+00,0.000000e+00,0.000000e+00,0.000000e+00,0.000000e+00,0.000000e+00,0.000000e+00,0.000000e+00,0.000000e+00,0.000000e+00,0.000000e+00,1.363589e+04,1.396316e+03,2.563596e-02,-1.075734e-03,-1.678671e+00,1.136610e-03,0.000000e+00,0.000000e+00,0.000000e+00,0.000000e+00,0.000000e+00,0.000000e+00,0.000000e+00,0.000000e+00,0.000000e+00,0.000000e+00,0.000000e+00,0.000000e+00,0.000000e+00,0.000000e+00,0.000000e+00,0.000000e+00,0.000000e+00,0.000000e+00,0.000000e+00,0.000000e+00,0.000000e+00,-1.741870e+06,2.118836e+04,-1.073312e+06,1.310499e-01,-1.177210e-02,-9.255296e+00,-1.516241e-01,-5.628511e-02,-1.505216e-01,4.946966e-03,-1.419712e-05,1.094378e+01,-1.541996e-01,-5.357304e-03,-8.670845e-04,-5.996169e-03,1.253065e-03,-6.605340e+00,1.795006e+01,1.757018e+00,1.334313e+02,6.480308e+04,-2.126713e+04,2.044972e+06,5.967515e-02,5.643424e+00,-6.621273e-03,3.071440e+02,1.038270e+04,-5.240943e+02
3.140925e-03,1.364243e+04,1.582969e+03,1.195619e-01,4.536717e-03,-1.118630e+00,1.023806e-01,9.774000e-07,2.195853e+02,0.000000e+00,0.000000e+00,1.036064e+03,0.000000e+00,0.000000e+00,0.000000e+00,0.000000e+00,0.000000e+00,0.000000e+00,0.000000e+00,0.000000e+00,0.000000e+00,0.000000e+00,0.000000e+00,0.000000e+00,0.000000e+00,0.000000e+00,0.000000e+00,0.000000e+00,0.000000e+00,0.000000e+00,0.000000e+00,0.000000e+00,0.000000e+00,0.000000e+00,0.000000e+00,0.000000e+00,0.000000e+00,0.000000e+00,0.000000e+00,0.000000e+00,0.000000e+00,0.000000e+00,0.000000e+00,0.000000e+00,0.000000e+00,0.000000e+00,0.000000e+00,0.000000e+00,0.000000e+00,1.364243e+04,1.363525e+03,2.663293e-02,-1.013043e-03,-1.656166e+00,1.136610e-03,0.000000e+00,0.000000e+00,0.000000e+00,0.000000e+00,0.000000e+00,0.000000e+00,0.000000e+00,0.000000e+00,0.000000e+00,0.000000e+00,0.000000e+00,0.000000e+00,0.000000e+00,0.000000e+00,0.000000e+00,0.000000e+00,0.000000e+00,0.000000e+00,0.000000e+00,0.000000e+00,0.000000e+00,-1.716327e+06,-1.312399e+04,-1.079960e+06,1.334157e-01,-1.196459e-02,-9.328445e+00,-1.564545e-01,-5.683013e-02,-1.508805e-01,4.946399e-03,-1.418239e-05,1.104201e+01,-1.586039e-01,-5.501854e-03,-8.671793e-04,-5.799276e-03,1.271952e-03,-6.603780e+00,1.863865e+01,1.774161e+00,1.547497e+02,8.339955e+04,1.304456e+04,2.026114e+06,6.001459e-02,5.768095e+00,-6.599247e-03,-5.714857e+02,1.031732e+04,4.894089e+02
3.150699e-03,1.364670e+04,1.566049e+03,1.232320e-01,4.631740e-03,-1.029980e+00,1.023807e-01,9.774000e-07,2.280630e+02,0.000000e+00,0.000000e+00,1.040375e+03,0.000000e+00,0.000000e+00,0.000000e+00,0.000000e+00,0.000000e+00,0.000000e+00,0.000000e+00,0.000000e+00,0.000000e+00,0.000000e+00,0.000000e+00,0.000000e+00,0.000000e+00,0.000000e+00,0.000000e+00,0.000000e+00,0.000000e+00,0.000000e+00,0.000000e+00,0.000000e+00,0.000000e+00,0.000000e+00,0.000000e+00,0.000000e+00,0.000000e+00,0.000000e+00,0.000000e+00,0.000000e+00,0.000000e+00,0.000000e+00,0.000000e+00,0.000000e+00,0.000000e+00,0.000000e+00,0.000000e+00,0.000000e+00,0.000000e+00,1.364670e+04,1.333812e+03,2.739657e-02,-9.985282e-04,-1.635709e+00,1.136610e-03,0.000000e+00,0.000000e+00,0.000000e+00,0.000000e+00,0.000000e+00,0.000000e+00,0.000000e+00,0.000000e+00,0.000000e+00,0.000000e+00,0.000000e+00,0.000000e+00,0.000000e+00,0.000000e+00,0.000000e+00,0.000000e+00,0.000000e+00,0.000000e+00,0.000000e+00,0.000000e+00,0.000000e+00,-1.691993e+06,4.819457e+03,-1.057328e+06,1.355404e-01,-1.202179e-02,-9.394858e+00,-1.607994e-01,-5.737283e-02,-1.512536e-01,4.945877e-03,-1.415434e-05,1.113073e+01,-1.625637e-01,-5.609021e-03,-8.672692e-04,-5.613484e-03,1.289344e-03,-6.602164e+00,1.931216e+01,1.799969e+00,1.741335e+02,7.598023e+04,-4.898767e+03,1.993742e+06,5.994404e-02,5.878330e+00,-6.359688e-03,3.107267e+02,1.064322e+04,-2.014569e+02
3.160473e-03,1.364871e+04,1.550951e+03,1.268688e-01,4.722364e-03,-9.418623e-01,1.023808e-01,9.774000e-07,2.368640e+02,0.000000e+00,0.000000e+00,1.044794e+03,0.000000e+00,0.000000e+00,0.000000e+00,0.000000e+00,0.000000e+00,0.000000e+00,0.000000e+00,0.000000e+00,0.000000e+00,0.000000e+00,0.000000e+00,0.000000e+00,0.000000e+00,0.000000e+00,0.000000e+00,0.000000e+00,0.000000e+00,0.000000e+00,0.000000e+00,0.000000e+00,0.000000e+00,0.000000e+00,0.000000e+00,0.000000e+00,0.000000e+00,0.000000e+00,0.000000e+00,0.000000e+00,0.000000e+00,0.000000e+00,0.000000e+00,0.000000e+00,0.000000e+00,0.000000e+00,0.000000e+00,0.000000e+00,0.000000e+00,1.364871e+04,1.304623e+03,2.838449e-02,-9.214221e-04,-1.615156e+00,1.136610e-03,0.000000e+00,0.000000e+00,0.000000e+00,0.000000e+00,0.000000e+00,0.000000e+00,0.000000e+00,0.000000e+00,0.000000e+00,0.000000e+00,0.000000e+00,0.000000e+00,0.000000e+00,0.000000e+00,0.000000e+00,0.000000e+00,0.000000e+00,0.000000e+00,0.000000e+00,0.000000e+00,0.000000e+00,-1.631879e+06,-1.915565e+03,-1.006705e+06,1.378593e-01,-1.204896e-02,-9.460546e+00,-1.651213e-01,-5.788879e-02,-1.515259e-01,4.945337e-03,-1.415687e-05,1.121892e+01,-1.664975e-01,-5.710760e-03,-8.673577e-04,-5.421347e-03,1.306898e-03,-6.600358e+00,1.992203e+01,1.791074e+00,1.933022e+02,6.206282e+04,1.838254e+03,1.916411e+06,6.123757e-02,5.990079e+00,-7.173448e-03,-2.116486e+01,1.207314e+04,-3.200076e+01
3.170247e-03,1.364896e+04,1.537318e+03,1.304807e-01,4.835581e-03,-8.543135e-01,1.023809e-01,9.774000e-07,2.459929e+02,0.000000e+00,0.000000e+00,1.049226e+03,0.000000e+00,0.000000e+00,0.000000e+00,0.000000e+00,0.000000e+00,0.000000e+00,0.000000e+00,0.000000e+00,0.000000e+00,0.000000e+00,0.000000e+00,0.000000e+00,0.000000e+00,0.000000e+00,0.000000e+00,0.000000e+00,0.000000e+00,0.000000e+00,0.000000e+00,0.000000e+00,0.000000e+00,0.000000e+00,0.000000e+00,0.000000e+00,0.000000e+00,0.000000e+00,0.000000e+00,0.000000e+00,0.000000e+00,0.000000e+00,0.000000e+00,0.000000e+00,0.000000e+00,0.000000e+00,0.000000e+00,0.000000e+00,0.000000e+00,1.364896e+04,1.275803e+03,2.937892e-02,-8.684220e-04,-1.594447e+00,1.136610e-03,0.000000e+00,0.000000e+00,0.000000e+00,0.000000e+00,0.000000e+00,0.000000e+00,0.000000e+00,0.000000e+00,0.000000e+00,0.000000e+00,0.000000e+00,0.000000e+00,0.000000e+00,0.000000e+00,0.000000e+00,0.000000e+00,0.000000e+00,0.000000e+00,0.000000e+00,0.000000e+00,0.000000e+00,-1.578454e+06,6.016277e+03,-9.331408e+05,1.403318e-01,-1.216839e-02,-9.525319e+00,-1.693555e-01,-5.841599e-02,-1.518206e-01,4.944802e-03,-1.413357e-05,1.130660e+01,-1.703991e-01,-5.836291e-03,-8.674486e-04,-5.223389e-03,1.324676e-03,-6.598368e+00,2.049441e+01,1.807203e+00,2.121706e+02,2.490796e+04,-6.091162e+03,1.833480e+06,6.120526e-02,6.104011e+00,-7.010167e-03,2.181814e+02,1.315376e+04,-2.089763e+02
3.180021e-03,1.364789e+04,1.524235e+03,1.340436e-01,4.916330e-03,-7.671766e-01,1.023810e-01,9.774000e-07,2.558927e+02,0.000000e+00,0.000000e+00,1.053609e+03,0.000000e+00,0.000000e+00,0.000000e+00,0.000000e+00,0.000000e+00,0.000000e+00,0.000000e+00,0.000000e+00,0.000000e+00,0.000000e+00,0.000000e+00,0.000000e+00,0.000000e+00,0.000000e+00,0.000000e+00,0.000000e+00,0.000000e+00,0.000000e+00,0.000000e+00,0.000000e+00,0.000000e+00,0.000000e+00,0.000000e+00,0.000000e+00,0.000000e+00,0.000000e+00,0.000000e+00,0.000000e+00,0.000000e+00,0.000000e+00,0.000000e+00,0.000000e+00,0.000000e+00,0.000000e+00,0.000000e+00,0.000000e+00,0.000000e+00,1.364789e+04,1.246831e+03,3.046609e-02,-8.656387e-04,-1.572959e+00,1.136610e-03,0.000000e+00,0.000000e+00,0.000000e+00,0.000000e+00,0.000000e+00,0.000000e+00,0.000000e+00,0.000000e+00,0.000000e+00,0.000000e+00,0.000000e+00,0.000000e+00,0.000000e+00,0.000000e+00,0.000000e+00,0.000000e+00,0.000000e+00,0.000000e+00,0.000000e+00,0.000000e+00,0.000000e+00,-1.634408e+06,4.871111e+02,-1.006965e+06,1.425117e-01,-1.234700e-02,-9.588893e+00,-1.736452e-01,-5.892084e-02,-1.521089e-01,4.944301e-03,-1.408281e-05,1.139377e+01,-1.742637e-01,-5.931112e-03,-8.675379e-04,-5.020696e-03,1.342610e-03,-6.596197e+00,2.101446e+01,1.844125e+00,2.304285e+02,6.125985e+04,-5.668159e+02,1.918728e+06,6.146106e-02,6.226609e+00,-6.604717e-03,1.379852e+02,1.141794e+04,-7.414182e+01
3.190773e-03,1.364450e+04,1.511747e+03,1.377949e-01,5.016808e-03,-6.726362e-01,1.023817e-01,9.774000e-07,2.671477e+02,0.000000e+00,0.000000e+00,1.058839e+03,0.000000e+00,0.000000e+00,0.000000e+00,0.000000e+00,0.000000e+00,0.000000e+00,0.000000e+00,0.000000e+00,0.000000e+00,0.000000e+00,0.000000e+00,0.000000e+00,0.000000e+00,0.000000e+00,0.000000e+00,0.000000e+00,0.000000e+00,0.000000e+00,0.000000e+00,0.000000e+00,0.000000e+00,0.000000e+00,0.000000e+00,0.000000e+00,0.000000e+00,0.000000e+00,0.000000e+00,0.000000e+00,0.000000e+00,0.000000e+00,0.000000e+00,0.000000e+00,0.000000e+00,0.000000e+00,0.000000e+00,0.000000e+00,0.000000e+00,1.364450e+04,1.215333e+03,3.144834e-02,-8.306960e-04,-1.549342e+00,1.136610e-03,0.000000e+00,0.000000e+00,0.000000e+00,0.000000e+00,0.000000e+00,0.000000e+00,0.000000e+00,0.000000e+00,0.000000e+00,0.000000e+00,0.000000e+00,0.000000e+00,0.000000e+00,0.000000e+00,0.000000e+00,0.000000e+00,0.000000e+00,0.000000e+00,0.000000e+00,0.000000e+00,0.000000e+00,-1.460863e+06,6.979375e+03,-9.039468e+05,1.445372e-01,-1.239561e-02,-9.657860e+00,-1.784148e-01,-5.946855e-02,-1.524274e-01,4.943748e-03,-1.405719e-05,1.148909e+01,-1.784865e-01,-6.036444e-03,-8.676354e-04,-4.790723e-03,1.362531e-03,-6.593602e+00,2.171419e+01,1.857801e+00,2.504131e+02,5.825875e+04,-7.051861e+03,1.716929e+06,6.213622e-02,6.360366e+00,-6.857361e-03,4.880001e+02,1.515839e+04,-2.780199e+02
3.200547e-03,1.363987e+04,1.501472e+03,1.412036e-01,5.101468e-03,-5.867581e-01,1.023820e-01,9.774000e-07,2.777419e+02,0.000000e+00,0.000000e+00,1.063413e+03,0.000000e+00,0.000000e+00,0.000000e+00,0.000000e+00,0.000000e+00,0.000000e+00,0.000000e+00,0.000000e+00,0.000000e+00,0.000000e+00,0.000000e+00,0.000000e+00,0.000000e+00,0.000000e+00,0.000000e+00,0.000000e+00,0.000000e+00,0.000000e+00,0.000000e+00,0.000000e+00,0.000000e+00,0.000000e+00,0.000000e+00,0.000000e+00,0.000000e+00,0.000000e+00,0.000000e+00,0.000000e+00,0.000000e+00,0.000000e+00,0.000000e+00,0.000000e+00,0.000000e+00,0.000000e+00,0.000000e+00,0.000000e+00,0.000000e+00,1.363987e+04,1.186841e+03,3.245782e-02,-7.829277e-04,-1.527274e+00,1.136610e-03,0.000000e+00,0.000000e+00,0.000000e+00,0.000000e+00,0.000000e+00,0.000000e+00,0.000000e+00,0.000000e+00,0.000000e+00,0.000000e+00,0.000000e+00,0.000000e+00,0.000000e+00,0.000000e+00,0.000000e+00,0.000000e+00,0.000000e+00,0.000000e+00,0.000000e+00,0.000000e+00,0.000000e+00,-1.544566e+06,-1.067296e+04,-9.316139e+05,1.467465e-01,-1.253583e-02,-9.720027e+00,-1.828268e-01,-6.002177e-02,-1.527374e-01,4.943233e-03,-1.402195e-05,1.157525e+01,-1.823027e-01,-6.142145e-03,-8.677255e-04,-4.575720e-03,1.380782e-03,-6.591060e+00,2.225950e+01,1.866361e+00,2.681740e+02,4.077537e+04,1.059584e+04,1.803310e+06,6.306200e-02,6.486464e+00,-7.192282e-03,2.179299e+02,1.298642e+04,8.562232e+01
3.210321e-03,1.363335e+04,1.493128e+03,1.445478e-01,5.169009e-03,-5.013456e-01,1.023824e-01,9.774000e-07,2.882730e+02,0.000000e+00,0.000000e+00,1.067990e+03,0.000000e+00,0.000000e+00,0.000000e+00,0.000000e+00,0.000000e+00,0.000000e+00,0.000000e+00,0.000000e+00,0.000000e+00,0.000000e+00,0.000000e+00,0.000000e+00,0.000000e+00,0.000000e+00,0.000000e+00,0.000000e+00,0.000000e+00,0.000000e+00,0.000000e+00,0.000000e+00,0.000000e+00,0.000000e+00,0.000000e+00,0.000000e+00,0.000000e+00,0.000000e+00,0.000000e+00,0.000000e+00,0.000000e+00,0.000000e+00,0.000000e+00,0.000000e+00,0.000000e+00,0.000000e+00,0.000000e+00,0.000000e+00,0.000000e+00,1.363335e+04,1.159030e+03,3.349087e-02,-8.021625e-04,-1.505422e+00,1.136610e-03,0.000000e+00,0.000000e+00,0.000000e+00,0.000000e+00,0.000000e+00,0.000000e+00,0.000000e+00,0.000000e+00,0.000000e+00,0.000000e+00,0.000000e+00,0.000000e+00,0.000000e+00,0.000000e+00,0.000000e+00,0.000000e+00,0.000000e+00,0.000000e+00,0.000000e+00,0.000000e+00,0.000000e+00,-1.567207e+06,1.360644e+02,-9.425996e+05,1.491090e-01,-1.265269e-02,-9.782062e+00,-1.871330e-01,-6.056064e-02,-1.530163e-01,4.942724e-03,-1.397896e-05,1.166096e+01,-1.861009e-01,-6.223918e-03,-8.678146e-04,-4.355536e-03,1.399229e-03,-6.588344e+00,2.273014e+01,1.897429e+00,2.859957e+02,3.917272e+04,-2.154102e+02,1.828414e+06,6.377560e-02,6.608890e+00,-7.134574e-03,4.391071e+02,1.201655e+04,-1.724452e+02
3.220095e-03,1.362485e+04,1.486164e+03,1.479590e-01,5.240649e-03,-4.162449e-01,1.023827e-01,9.774000e-07,2.991774e+02,0.000000e+00,0.000000e+00,1.072742e+03,0.000000e+00,0.000000e+00,0.000000e+00,0.000000e+00,0.000000e+00,0.000000e+00,0.000000e+00,0.000000e+00,0.000000e+00,0.000000e+00,0.000000e+00,0.000000e+00,0.000000e+00,0.000000e+00,0.000000e+00,0.000000e+00,0.000000e+00,0.000000e+00,0.000000e+00,0.000000e+00,0.000000e+00,0.000000e+00,0.000000e+00,0.000000e+00,0.000000e+00,0.000000e+00,0.000000e+00,0.000000e+00,0.000000e+00,0.000000e+00,0.000000e+00,0.000000e+00,0.000000e+00,0.000000e+00,0.000000e+00,0.000000e+00,0.000000e+00,1.362485e+04,1.131780e+03,3.448034e-02,-8.098749e-04,-1.483324e+00,1.136609e-03,0.000000e+00,0.000000e+00,0.000000e+00,0.000000e+00,0.000000e+00,0.000000e+00,0.000000e+00,0.000000e+00,0.000000e+00,0.000000e+00,0.000000e+00,0.000000e+00,0.000000e+00,0.000000e+00,0.000000e+00,0.000000e+00,0.000000e+00,0.000000e+00,0.000000e+00,0.000000e+00,0.000000e+00,-1.484914e+06,1.019456e+03,-9.380396e+05,1.511202e-01,-1.275796e-02,-9.843310e+00,-1.914796e-01,-6.110262e-02,-1.532921e-01,4.942201e-03,-1.394060e-05,1.174623e+01,-1.898881e-01,-6.307841e-03,-8.679049e-04,-4.130816e-03,1.417868e-03,-6.585454e+00,2.324228e+01,1.926939e+00,3.036158e+02,7.622444e+04,-1.096918e+03,1.754730e+06,6.467248e-02,6.732163e+00,-7.187147e-03,2.362857e+02,1.339623e+04,-1.368493e+02
3.230846e-03,1.361330e+04,1.480093e+03,1.517738e-01,5.326403e-03,-3.229306e-01,1.023827e-01,9.774000e-07,3.116017e+02,0.000000e+00,0.000000e+00,1.078028e+03,0.000000e+00,0.000000e+00,0.000000e+00,0.000000e+00,0.000000e+00,0.000000e+00,0.000000e+00,0.000000e+00,0.000000e+00,0.000000e+00,0.000000e+00,0.000000e+00,0.000000e+00,0.000000e+00,0.000000e+00,0.000000e+00,0.000000e+00,0.000000e+00,0.000000e+00,0.000000e+00,0.000000e+00,0.000000e+00,0.000000e+00,0.000000e+00,0.000000e+00,0.000000e+00,0.000000e+00,0.000000e+00,0.000000e+00,0.000000e+00,0.000000e+00,0.000000e+00,0.000000e+00,0.000000e+00,0.000000e+00,0.000000e+00,0.000000e+00,1.361330e+04,1.102521e+03,3.545243e-02,-8.156454e-04,-1.458948e+00,1.136610e-03,0.000000e+00,0.000000e+00,0.000000e+00,0.000000e+00,0.000000e+00,0.000000e+00,0.000000e+00,0.000000e+00,0.000000e+00,0.000000e+00,0.000000e+00,0.000000e+00,0.000000e+00,0.000000e+00,0.000000e+00,0.000000e+00,0.000000e+00,0.000000e+00,0.000000e+00,0.000000e+00,0.000000e+00,-1.506216e+06,-8.721730e+02,-8.759300e+05,1.534498e-01,-1.283412e-02,-9.909912e+00,-1.961516e-01,-6.173243e-02,-1.535617e-01,4.941677e-03,-1.388539e-05,1.183953e+01,-1.940406e-01,-6.410476e-03,-8.679993e-04,-3.876901e-03,1.438680e-03,-6.582078e+00,2.386089e+01,1.944293e+00,3.226683e+02,1.186795e+04,7.943981e+02,1.742354e+06,6.593335e-02,6.870845e+00,-7.730371e-03,7.843158e+01,1.302594e+04,-6.867099e+01
3.240620e-03,1.360089e+04,1.476609e+03,1.552200e-01,5.390044e-03,-2.385940e-01,1.023827e-01,9.774000e-07,3.228360e+02,0.000000e+00,0.000000e+00,1.082746e+03,0.000000e+00,0.000000e+00,0.000000e+00,0.000000e+00,0.000000e+00,0.000000e+00,0.000000e+00,0.000000e+00,0.000000e+00,0.000000e+00,0.000000e+00,0.000000e+00,0.000000e+00,0.000000e+00,0.000000e+00,0.000000e+00,0.000000e+00,0.000000e+00,0.000000e+00,0.000000e+00,0.000000e+00,0.000000e+00,0.000000e+00,0.000000e+00,0.000000e+00,0.000000e+00,0.000000e+00,0.000000e+00,0.000000e+00,0.000000e+00,0.000000e+00,0.000000e+00,0.000000e+00,0.000000e+00,0.000000e+00,0.000000e+00,0.000000e+00,1.360089e+04,1.076578e+03,3.642029e-02,-8.423292e-04,-1.436857e+00,1.136610e-03,0.000000e+00,0.000000e+00,0.000000e+00,0.000000e+00,0.000000e+00,0.000000e+00,0.000000e+00,0.000000e+00,0.000000e+00,0.000000e+00,0.000000e+00,0.000000e+00,0.000000e+00,0.000000e+00,0.000000e+00,0.000000e+00,0.000000e+00,0.000000e+00,0.000000e+00,0.000000e+00,0.000000e+00,-1.542289e+06,-6.209156e+03,-9.364351e+05,1.555941e-01,-1.295954e-02,-9.970561e+00,-2.004202e-01,-6.228917e-02,-1.537725e-01,4.941177e-03,-1.385662e-05,1.192387e+01,-1.977968e-01,-6.490797e-03,-8.680876e-04,-3.641488e-03,1.457868e-03,-6.578832e+00,2.434052e+01,1.980074e+00,3.400002e+02,4.657818e+04,6.127256e+03,1.803718e+06,6.698991e-02,6.994288e+00,-7.829532e-03,6.692107e+01,1.186824e+04,8.425354e+01
3.250394e-03,1.358651e+04,1.474495e+03,1.586469e-01,5.474005e-03,-1.546958e-01,1.023828e-01,9.774000e-07,3.344384e+02,0.000000e+00,0.000000e+00,1.087684e+03,0.000000e+00,0.000000e+00,0.000000e+00,0.000000e+00,0.000000e+00,0.000000e+00,0.000000e+00,0.000000e+00,0.000000e+00,0.000000e+00,0.000000e+00,0.000000e+00,0.000000e+00,0.000000e+00,0.000000e+00,0.000000e+00,0.000000e+00,0.000000e+00,0.000000e+00,0.000000e+00,0.000000e+00,0.000000e+00,0.000000e+00,0.000000e+00,0.000000e+00,0.000000e+00,0.000000e+00,0.000000e+00,0.000000e+00,0.000000e+00,0.000000e+00,0.000000e+00,0.000000e+00,0.000000e+00,0.000000e+00,0.000000e+00,0.000000e+00,1.358651e+04,1.051337e+03,3.734778e-02,-8.609751e-04,-1.414896e+00,1.136609e-03,0.000000e+00,0.000000e+00,0.000000e+00,0.000000e+00,0.000000e+00,0.000000e+00,0.000000e+00,0.000000e+00,0.000000e+00,0.000000e+00,0.000000e+00,0.000000e+00,0.000000e+00,0.000000e+00,0.000000e+00,0.000000e+00,0.000000e+00,0.000000e+00,0.000000e+00,0.000000e+00,0.000000e+00,-1.477866e+06,-7.684093e+02,-9.190529e+05,1.575736e-01,-1.302573e-02,-1.003030e+01,-2.046666e-01,-6.282610e-02,-1.540652e-01,4.940695e-03,-1.382197e-05,1.200778e+01,-2.015334e-01,-6.581043e-03,-8.681749e-04,-3.400764e-03,1.477426e-03,-6.575416e+00,2.486846e+01,2.011947e+00,3.571114e+02,6.361496e+04,6.881835e+02,1.739166e+06,6.795089e-02,7.118472e+00,-7.888437e-03,1.177579e+02,1.288153e+04,-6.485527e+01
3.260168e-03,1.357049e+04,1.474195e+03,1.620760e-01,5.560535e-03,-7.125739e-02,1.023828e-01,9.774000e-07,3.459812e+02,0.000000e+00,0.000000e+00,1.092533e+03,0.000000e+00,0.000000e+00,0.000000e+00,0.000000e+00,0.000000e+00,0.000000e+00,0.000000e+00,0.000000e+00,0.000000e+00,0.000000e+00,0.000000e+00,0.000000e+00,0.000000e+00,0.000000e+00,0.000000e+00,0.000000e+00,0.000000e+00,0.000000e+00,0.000000e+00,0.000000e+00,0.000000e+00,0.000000e+00,0.000000e+00,0.000000e+00,0.000000e+00,0.000000e+00,0.000000e+00,0.000000e+00,0.000000e+00,0.000000e+00,0.000000e+00,0.000000e+00,0.000000e+00,0.000000e+00,0.000000e+00,0.000000e+00,0.000000e+00,1.357049e+04,1.026723e+03,3.821120e-02,-8.797103e-04,-1.393073e+00,1.136610e-03,0.000000e+00,0.000000e+00,0.000000e+00,0.000000e+00,0.000000e+00,0.000000e+00,0.000000e+00,0.000000e+00,0.000000e+00,0.000000e+00,0.000000e+00,0.000000e+00,0.000000e+00,0.000000e+00,0.000000e+00,0.000000e+00,0.000000e+00,0.000000e+00,0.000000e+00,0.000000e+00,0.000000e+00,-1.517247e+06,-1.738057e+03,-9.288659e+05,1.598054e-01,-1.314952e-02,-1.009010e+01,-2.088823e-01,-6.338704e-02,-1.542222e-01,4.940215e-03,-1.375113e-05,1.209124e+01,-2.052558e-01,-6.678106e-03,-8.682625e-04,-3.154952e-03,1.497277e-03,-6.571834e+00,2.535896e+01,2.048386e+00,3.742133e+02,5.269640e+04,1.654919e+03,1.778216e+06,6.904230e-02,7.240911e+00,-7.958818e-03,2.108787e+02,1.179799e+04,-9.936585e+01
3.270920e-03,1.355076e+04,1.475504e+03,1.658235e-01,5.632196e-03,2.001072e-02,1.023828e-01,9.774000e-07,3.589857e+02,0.000000e+00,0.000000e+00,1.098012e+03,0.000000e+00,0.000000e+00,0.000000e+00,0.000000e+00,0.000000e+00,0.000000e+00,0.000000e+00,0.000000e+00,0.000000e+00,0.000000e+00,0.000000e+00,0.000000e+00,0.000000e+00,0.000000e+00,0.000000e+00,0.000000e+00,0.000000e+00,0.000000e+00,0.000000e+00,0.000000e+00,0.000000e+00,0.000000e+00,0.000000e+00,0.000000e+00,0.000000e+00,0.000000e+00,0.000000e+00,0.000000e+00,0.000000e+00,0.000000e+00,0.000000e+00,0.000000e+00,0.000000e+00,0.000000e+00,0.000000e+00,0.000000e+00,0.000000e+00,1.355076e+04,1.000261e+03,3.923368e-02,-8.980883e-04,-1.369018e+00,1.136610e-03,0.000000e+00,0.000000e+00,0.000000e+00,0.000000e+00,0.000000e+00,0.000000e+00,0.000000e+00,0.000000e+00,0.000000e+00,0.000000e+00,0.000000e+00,0.000000e+00,0.000000e+00,0.000000e+00,0.000000e+00,0.000000e+00,0.000000e+00,0.000000e+00,0.000000e+00,0.000000e+00,0.000000e+00,-1.508449e+06,-3.525961e+03,-9.136424e+05,1.622608e-01,-1.326852e-02,-1.015522e+01,-2.135516e-01,-6.401508e-02,-1.544581e-01,4.939693e-03,-1.369069e-05,1.218252e+01,-2.093257e-01,-6.772149e-03,-8.683559e-04,-2.879211e-03,1.519469e-03,-6.567701e+00,2.589769e+01,2.084538e+00,3.928372e+02,4.399127e+04,3.442247e+03,1.763016e+06,7.026159e-02,7.375879e+00,-8.195238e-03,-3.140617e+00,1.173310e+04,2.073131e+01
3.280694e-03,1.353092e+04,1.478376e+03,1.692058e-01,5.705831e-03,1.025377e-01,1.023828e-01,9.774000e-07,3.709043e+02,0.000000e+00,0.000000e+00,1.103066e+03,0.000000e+00,0.000000e+00,0.000000e+00,0.000000e+00,0.000000e+00,0.000000e+00,0.000000e+00,0.000000e+00,0.000000e+00,0.000000e+00,0.000000e+00,0.000000e+00,0.000000e+00,0.000000e+00,0.000000e+00,0.000000e+00,0.000000e+00,0.000000e+00,0.000000e+00,0.000000e+00,0.000000e+00,0.000000e+00,0.000000e+00,0.000000e+00,0.000000e+00,0.000000e+00,0.000000e+00,0.000000e+00,0.000000e+00,0.000000e+00,0.000000e+00,0.000000e+00,0.000000e+00,0.000000e+00,0.000000e+00,0.000000e+00,0.000000e+00,1.353092e+04,9.769231e+02,4.022959e-02,-9.219055e-04,-1.347390e+00,1.136610e-03,0.000000e+00,0.000000e+00,0.000000e+00,0.000000e+00,0.000000e+00,0.000000e+00,0.000000e+00,0.000000e+00,0.000000e+00,0.000000e+00,0.000000e+00,0.000000e+00,0.000000e+00,0.000000e+00,0.000000e+00,0.000000e+00,0.000000e+00,0.000000e+00,0.000000e+00,0.000000e+00,0.000000e+00,-1.454360e+06,1.017047e+03,-8.871431e+05,1.644437e-01,-1.334778e-02,-1.021407e+01,-2.177680e-01,-6.459383e-02,-1.545655e-01,4.939226e-03,-1.365315e-05,1.226503e+01,-2.130085e-01,-6.859705e-03,-8.684407e-04,-2.623504e-03,1.539941e-03,-6.563770e+00,2.637621e+01,2.115535e+00,4.097246e+02,4.797261e+04,-1.099111e+03,1.702905e+06,7.145087e-02,7.496922e+00,-8.468798e-03,1.867448e+02,1.274298e+04,-1.285347e+02
3.290468e-03,1.350943e+04,1.482669e+03,1.726031e-01,5.781081e-03,1.845361e-01,1.023829e-01,9.774000e-07,3.830389e+02,0.000000e+00,0.000000e+00,1.108192e+03,0.000000e+00,0.000000e+00,0.000000e+00,0.000000e+00,0.000000e+00,0.000000e+00,0.000000e+00,0.000000e+00,0.000000e+00,0.000000e+00,0.000000e+00,0.000000e+00,0.000000e+00,0.000000e+00,0.000000e+00,0.000000e+00,0.000000e+00,0.000000e+00,0.000000e+00,0.000000e+00,0.000000e+00,0.000000e+00,0.000000e+00,0.000000e+00,0.000000e+00,0.000000e+00,0.000000e+00,0.000000e+00,0.000000e+00,0.000000e+00,0.000000e+00,0.000000e+00,0.000000e+00,0.000000e+00,0.000000e+00,0.000000e+00,0.000000e+00,1.350943e+04,9.541249e+02,4.124211e-02,-9.595554e-04,-1.325625e+00,1.136610e-03,0.000000e+00,0.000000e+00,0.000000e+00,0.000000e+00,0.000000e+00,0.000000e+00,0.000000e+00,0.000000e+00,0.000000e+00,0.000000e+00,0.000000e+00,0.000000e+00,0.000000e+00,0.000000e+00,0.000000e+00,0.000000e+00,0.000000e+00,0.000000e+00,0.000000e+00,0.000000e+00,0.000000e+00,-1.454300e+06,-6.731049e+03,-8.860080e+05,1.668176e-01,-1.344275e-02,-1.027243e+01,-2.219469e-01,-6.515747e-02,-1.547005e-01,4.938758e-03,-1.360051e-05,1.234707e+01,-2.166777e-01,-6.950829e-03,-8.685280e-04,-2.363381e-03,1.560771e-03,-6.559676e+00,2.683668e+01,2.145595e+00,4.263939e+02,4.714319e+04,6.647798e+03,1.702286e+06,7.269022e-02,7.618865e+00,-8.840079e-03,9.171060e+01,1.234586e+04,3.544915e+01
3.300242e-03,1.348618e+04,1.488777e+03,1.759535e-01,5.846475e-03,2.661310e-01,1.023829e-01,9.774000e-07,3.950043e+02,0.000000e+00,0.000000e+00,1.113371e+03,0.000000e+00,0.000000e+00,0.000000e+00,0.000000e+00,0.000000e+00,0.000000e+00,0.000000e+00,0.000000e+00,0.000000e+00,0.000000e+00,0.000000e+00,0.000000e+00,0.000000e+00,0.000000e+00,0.000000e+00,0.000000e+00,0.000000e+00,0.000000e+00,0.000000e+00,0.000000e+00,0.000000e+00,0.000000e+00,0.000000e+00,0.000000e+00,0.000000e+00,0.000000e+00,0.000000e+00,0.000000e+00,0.000000e+00,0.000000e+00,0.000000e+00,0.000000e+00,0.000000e+00,0.000000e+00,0.000000e+00,0.000000e+00,0.000000e+00,1.348618e+04,9.319722e+02,4.229141e-02,-9.944164e-04,-1.304127e+00,1.136610e-03,0.000000e+00,0.000000e+00,0.000000e+00,0.000000e+00,0.000000e+00,0.000000e+00,0.000000e+00,0.000000e+00,0.000000e+00,0.000000e+00,0.000000e+00,0.000000e+00,0.000000e+00,0.000000e+00,0.000000e+00,0.000000e+00,0.000000e+00,0.000000e+00,0.000000e+00,0.000000e+00,0.000000e+00,-1.452739e+06,-5.413540e+03,-8.714834e+05,1.692623e-01,-1.353504e-02,-1.033077e+01,-2.261509e-01,-6.573959e-02,-1.548268e-01,4.938301e-03,-1.353831e-05,1.242864e+01,-2.203265e-01,-7.032393e-03,-8.686120e-04,-2.098590e-03,1.581920e-03,-6.555418e+00,2.728913e+01,2.176569e+00,4.431183e+02,3.543661e+04,5.329564e+03,1.693718e+06,7.397906e-02,7.737139e+00,-9.138918e-03,9.753446e+01,1.214632e+04,5.807664e+00
3.310016e-03,1.346129e+04,1.496129e+03,1.792932e-01,5.914488e-03,3.472480e-01,1.023829e-01,9.774000e-07,4.073246e+02,0.000000e+00,0.000000e+00,1.118618e+03,0.000000e+00,0.000000e+00,0.000000e+00,0.000000e+00,0.000000e+00,0.000000e+00,0.000000e+00,0.000000e+00,0.000000e+00,0.000000e+00,0.000000e+00,0.000000e+00,0.000000e+00,0.000000e+00,0.000000e+00,0.000000e+00,0.000000e+00,0.000000e+00,0.000000e+00,0.000000e+00,0.000000e+00,0.000000e+00,0.000000e+00,0.000000e+00,0.000000e+00,0.000000e+00,0.000000e+00,0.000000e+00,0.000000e+00,0.000000e+00,0.000000e+00,0.000000e+00,0.000000e+00,0.000000e+00,0.000000e+00,0.000000e+00,0.000000e+00,1.346129e+04,9.104548e+02,4.328430e-02,-1.043776e-03,-1.282765e+00,1.136610e-03,0.000000e+00,0.000000e+00,0.000000e+00,0.000000e+00,0.000000e+00,0.000000e+00,0.000000e+00,0.000000e+00,0.000000e+00,0.000000e+00,0.000000e+00,0.000000e+00,0.000000e+00,0.000000e+00,0.000000e+00,0.000000e+00,0.000000e+00,0.000000e+00,0.000000e+00,0.000000e+00,0.000000e+00,-1.442757e+06,-1.595320e+03,-8.860621e+05,1.715183e-01,-1.365077e-02,-1.038846e+01,-2.303361e-01,-6.631307e-02,-1.549549e-01,4.937844e-03,-1.348241e-05,1.250974e+01,-2.239630e-01,-7.116744e-03,-8.686988e-04,-1.829473e-03,1.603508e-03,-6.550999e+00,2.777406e+01,2.227875e+00,4.596111e+02,5.317648e+04,1.510082e+03,1.692284e+06,7.521486e-02,7.857046e+00,-9.118396e-03,1.414193e+02,1.198142e+04,-7.386359e+01
3.320767e-03,1.343196e+04,1.506203e+03,1.829486e-01,5.985326e-03,4.359218e-01,1.023829e-01,9.774000e-07,4.206679e+02,0.000000e+00,0.000000e+00,1.124523e+03,0.000000e+00,0.000000e+00,0.000000e+00,0.000000e+00,0.000000e+00,0.000000e+00,0.000000e+00,0.000000e+00,0.000000e+00,0.000000e+00,0.000000e+00,0.000000e+00,0.000000e+00,0.000000e+00,0.000000e+00,0.000000e+00,0.000000e+00,0.000000e+00,0.000000e+00,0.000000e+00,0.000000e+00,0.000000e+00,0.000000e+00,0.000000e+00,0.000000e+00,0.000000e+00,0.000000e+00,0.000000e+00,0.000000e+00,0.000000e+00,0.000000e+00,0.000000e+00,0.000000e+00,0.000000e+00,0.000000e+00,0.000000e+00,0.000000e+00,1.343196e+04,8.875576e+02,4.430937e-02,-1.096164e-03,-1.259512e+00,1.136610e-03,0.000000e+00,0.000000e+00,0.000000e+00,0.000000e+00,0.000000e+00,0.000000e+00,0.000000e+00,0.000000e+00,0.000000e+00,0.000000e+00,0.000000e+00,0.000000e+00,0.000000e+00,0.000000e+00,0.000000e+00,0.000000e+00,0.000000e+00,0.000000e+00,0.000000e+00,0.000000e+00,0.000000e+00,-1.445223e+06,-3.851604e+03,-8.765334e+05,1.742501e-01,-1.374857e-02,-1.045176e+01,-2.348889e-01,-6.694813e-02,-1.550982e-01,4.937350e-03,-1.340186e-05,1.259839e+01,-2.279428e-01,-7.206625e-03,-8.687883e-04,-1.527816e-03,1.627576e-03,-6.545951e+00,2.827932e+01,2.263098e+00,4.777571e+02,4.382437e+04,3.765153e+03,1.689692e+06,7.651983e-02,7.984909e+00,-9.466549e-03,8.824982e+01,1.175018e+04,-2.888015e+01
3.330541e-03,1.340365e+04,1.516869e+03,1.862553e-01,6.045233e-03,5.160212e-01,1.023829e-01,9.774000e-07,4.328646e+02,0.000000e+00,0.000000e+00,1.129960e+03,0.000000e+00,0.000000e+00,0.000000e+00,0.000000e+00,0.000000e+00,0.000000e+00,0.000000e+00,0.000000e+00,0.000000e+00,0.000000e+00,0.000000e+00,0.000000e+00,0.000000e+00,0.000000e+00,0.000000e+00,0.000000e+00,0.000000e+00,0.000000e+00,0.000000e+00,0.000000e+00,0.000000e+00,0.000000e+00,0.000000e+00,0.000000e+00,0.000000e+00,0.000000e+00,0.000000e+00,0.000000e+00,0.000000e+00,0.000000e+00,0.000000e+00,0.000000e+00,0.000000e+00,0.000000e+00,0.000000e+00,0.000000e+00,0.000000e+00,1.340365e+04,8.673247e+02,4.525856e-02,-1.159564e-03,-1.238570e+00,1.136610e-03,0.000000e+00,0.000000e+00,0.000000e+00,0.000000e+00,0.000000e+00,0.000000e+00,0.000000e+00,0.000000e+00,0.000000e+00,0.000000e+00,0.000000e+00,0.000000e+00,0.000000e+00,0.000000e+00,0.000000e+00,0.000000e+00,0.000000e+00,0.000000e+00,0.000000e+00,0.000000e+00,0.000000e+00,-1.437415e+06,-5.385000e+03,-8.801248e+05,1.766225e-01,-1.385789e-02,-1.050903e+01,-2.390880e-01,-6.750103e-02,-1.552287e-01,4.936890e-03,-1.333648e-05,1.267846e+01,-2.315419e-01,-7.284242e-03,-8.688711e-04,-1.248961e-03,1.649967e-03,-6.541193e+00,2.874877e+01,2.314032e+00,4.941919e+02,5.094934e+04,5.297477e+03,1.684692e+06,7.789666e-02,8.099998e+00,-9.526744e-03,1.218056e+02,1.158577e+04,9.344670e+00
3.340315e-03,1.337372e+04,1.528844e+03,1.895470e-01,6.104139e-03,5.956115e-01,1.023829e-01,9.774000e-07,4.452336e+02,0.000000e+00,0.000000e+00,1.135534e+03,0.000000e+00,0.000000e+00,0.000000e+00,0.000000e+00,0.000000e+00,0.000000e+00,0.000000e+00,0.000000e+00,0.000000e+00,0.000000e+00,0.000000e+00,0.000000e+00,0.000000e+00,0.000000e+00,0.000000e+00,0.000000e+00,0.000000e+00,0.000000e+00,0.000000e+00,0.000000e+00,0.000000e+00,0.000000e+00,0.000000e+00,0.000000e+00,0.000000e+00,0.000000e+00,0.000000e+00,0.000000e+00,0.000000e+00,0.000000e+00,0.000000e+00,0.000000e+00,0.000000e+00,0.000000e+00,0.000000e+00,0.000000e+00,0.000000e+00,1.337372e+04,8.476519e+02,4.626787e-02,-1.223068e-03,-1.217755e+00,1.136610e-03,0.000000e+00,0.000000e+00,0.000000e+00,0.000000e+00,0.000000e+00,0.000000e+00,0.000000e+00,0.000000e+00,0.000000e+00,0.000000e+00,0.000000e+00,0.000000e+00,0.000000e+00,0.000000e+00,0.000000e+00,0.000000e+00,0.000000e+00,0.000000e+00,0.000000e+00,0.000000e+00,0.000000e+00,-1.431390e+06,-2.422157e+03,-8.737464e+05,1.791015e-01,-1.393974e-02,-1.056564e+01,-2.432045e-01,-6.810351e-02,-1.553589e-01,4.936436e-03,-1.328083e-05,1.275802e+01,-2.351237e-01,-7.360098e-03,-8.689533e-04,-9.653378e-04,1.672777e-03,-6.536275e+00,2.922524e+01,2.341827e+00,5.104331e+02,4.853462e+04,2.333810e+03,1.676292e+06,7.912042e-02,8.215094e+00,-9.960228e-03,1.014755e+02,1.137501e+04,-5.786416e+01
3.350089e-03,1.334229e+04,1.542232e+03,1.928142e-01,6.158902e-03,6.746936e-01,1.023829e-01,9.774000e-07,4.575210e+02,0.000000e+00,0.000000e+00,1.141254e+03,0.000000e+00,0.000000e+00,0.000000e+00,0.000000e+00,0.000000e+00,0.000000e+00,0.000000e+00,0.000000e+00,0.000000e+00,0.000000e+00,0.000000e+00,0.000000e+00,0.000000e+00,0.000000e+00,0.000000e+00,0.000000e+00,0.000000e+00,0.000000e+00,0.000000e+00,0.000000e+00,0.000000e+00,0.000000e+00,0.000000e+00,0.000000e+00,0.000000e+00,0.000000e+00,0.000000e+00,0.000000e+00,0.000000e+00,0.000000e+00,0.000000e+00,0.000000e+00,0.000000e+00,0.000000e+00,0.000000e+00,0.000000e+00,0.000000e+00,1.334229e+04,8.284791e+02,4.723584e-02,-1.312787e-03,-1.197171e+00,1.136610e-03,0.000000e+00,0.000000e+00,0.000000e+00,0.000000e+00,0.000000e+00,0.000000e+00,0.000000e+00,0.000000e+00,0.000000e+00,0.000000e+00,0.000000e+00,0.000000e+00,0.000000e+00,0.000000e+00,0.000000e+00,0.000000e+00,0.000000e+00,0.000000e+00,0.000000e+00,0.000000e+00,0.000000e+00,-1.412274e+06,-5.005196e+03,-8.574940e+05,1.815501e-01,-1.406125e-02,-1.062215e+01,-2.473931e-01,-6.864594e-02,-1.555199e-01,4.935975e-03,-1.320730e-05,1.283708e+01,-2.386793e-01,-7.432398e-03,-8.690367e-04,-6.771936e-04,1.695960e-03,-6.531199e+00,2.969712e+01,2.403114e+00,5.266924e+02,4.404045e+04,4.916892e+03,1.651628e+06,8.048694e-02,8.327675e+00,-9.787592e-03,2.729898e+02,1.153991e+04,-5.418041e+01
3.360840e-03,1.330594e+04,1.558743e+03,1.963835e-01,6.212141e-03,7.610807e-01,1.023829e-01,9.774000e-07,4.709135e+02,0.000000e+00,0.000000e+00,1.147688e+03,0.000000e+00,0.000000e+00,0.000000e+00,0.000000e+00,0.000000e+00,0.000000e+00,0.000000e+00,0.000000e+00,0.000000e+00,0.000000e+00,0.000000e+00,0.000000e+00,0.000000e+00,0.000000e+00,0.000000e+00,0.000000e+00,0.000000e+00,0.000000e+00,0.000000e+00,0.000000e+00,0.000000e+00,0.000000e+00,0.000000e+00,0.000000e+00,0.000000e+00,0.000000e+00,0.000000e+00,0.000000e+00,0.000000e+00,0.000000e+00,0.000000e+00,0.000000e+00,0.000000e+00,0.000000e+00,0.000000e+00,0.000000e+00,0.000000e+00,1.330594e+04,8.080543e+02,4.832594e-02,-1.407280e-03,-1.174775e+00,1.136610e-03,0.000000e+00,0.000000e+00,0.000000e+00,0.000000e+00,0.000000e+00,0.000000e+00,0.000000e+00,0.000000e+00,0.000000e+00,0.000000e+00,0.000000e+00,0.000000e+00,0.000000e+00,0.000000e+00,0.000000e+00,0.000000e+00,0.000000e+00,0.000000e+00,0.000000e+00,0.000000e+00,0.000000e+00,-1.418929e+06,-2.381340e+03,-8.666621e+05,1.842676e-01,-1.418229e-02,-1.068400e+01,-2.519105e-01,-6.928072e-02,-1.557256e-01,4.935495e-03,-1.312227e-05,1.292344e+01,-2.425629e-01,-7.505614e-03,-8.691247e-04,-3.550127e-04,1.722054e-03,-6.525432e+00,3.020966e+01,2.455033e+00,5.444912e+02,4.885020e+04,2.290952e+03,1.661949e+06,8.203075e-02,8.449000e+00,-9.963637e-03,1.364720e+02,1.104424e+04,-7.226374e+01
3.370614e-03,1.327133e+04,1.574983e+03,1.996091e-01,6.256456e-03,8.390611e-01,1.023829e-01,9.774000e-07,4.832216e+02,0.000000e+00,0.000000e+00,1.153710e+03,0.000000e+00,0.000000e+00,0.000000e+00,0.000000e+00,0.000000e+00,0.000000e+00,0.000000e+00,0.000000e+00,0.000000e+00,0.000000e+00,0.000000e+00,0.000000e+00,0.000000e+00,0.000000e+00,0.000000e+00,0.000000e+00,0.000000e+00,0.000000e+00,0.000000e+00,0.000000e+00,0.000000e+00,0.000000e+00,0.000000e+00,0.000000e+00,0.000000e+00,0.000000e+00,0.000000e+00,0.000000e+00,0.000000e+00,0.000000e+00,0.000000e+00,0.000000e+00,0.000000e+00,0.000000e+00,0.000000e+00,0.000000e+00,0.000000e+00,1.327133e+04,7.900820e+02,4.937389e-02,-1.470708e-03,-1.154710e+00,1.136610e-03,0.000000e+00,0.000000e+00,0.000000e+00,0.000000e+00,0.000000e+00,0.000000e+00,0.000000e+00,0.000000e+00,0.000000e+00,0.000000e+00,0.000000e+00,0.000000e+00,0.000000e+00,0.000000e+00,0.000000e+00,0.000000e+00,0.000000e+00,0.000000e+00,0.000000e+00,0.000000e+00,0.000000e+00,-1.409660e+06,-3.840016e+03,-8.597622e+05,1.868866e-01,-1.425838e-02,-1.073965e+01,-2.559412e-01,-6.986063e-02,-1.559463e-01,4.935075e-03,-1.304069e-05,1.300139e+01,-2.460720e-01,-7.567846e-03,-8.692050e-04,-5.736474e-05,1.746148e-03,-6.520024e+00,3.063116e+01,2.485195e+00,5.605267e+02,4.759266e+04,3.748948e+03,1.650475e+06,8.346292e-02,8.558835e+00,-1.050232e-02,1.194426e+02,1.091349e+04,-5.444721e+01
3.380388e-03,1.323533e+04,1.592836e+03,2.028120e-01,6.295008e-03,9.165093e-01,1.023829e-01,9.774000e-07,4.951653e+02,0.000000e+00,0.000000e+00,1.159874e+03,0.000000e+00,0.000000e+00,0.000000e+00,0.000000e+00,0.000000e+00,0.000000e+00,0.000000e+00,0.000000e+00,0.000000e+00,0.000000e+00,0.000000e+00,0.000000e+00,0.000000e+00,0.000000e+00,0.000000e+00,0.000000e+00,0.000000e+00,0.000000e+00,0.000000e+00,0.000000e+00,0.000000e+00,0.000000e+00,0.000000e+00,0.000000e+00,0.000000e+00,0.000000e+00,0.000000e+00,0.000000e+00,0.000000e+00,0.000000e+00,0.000000e+00,0.000000e+00,0.000000e+00,0.000000e+00,0.000000e+00,0.000000e+00,0.000000e+00,1.323533e+04,7.726703e+02,5.035461e-02,-1.557056e-03,-1.135028e+00,1.136610e-03,0.000000e+00,0.000000e+00,0.000000e+00,0.000000e+00,0.000000e+00,0.000000e+00,0.000000e+00,0.000000e+00,0.000000e+00,0.000000e+00,0.000000e+00,0.000000e+00,0.000000e+00,0.000000e+00,0.000000e+00,0.000000e+00,0.000000e+00,0.000000e+00,0.000000e+00,0.000000e+00,0.000000e+00,-1.402311e+06,-6.271274e+03,-8.600337e+05,1.892764e-01,-1.437682e-02,-1.079532e+01,-2.599679e-01,-7.044696e-02,-1.561815e-01,4.934642e-03,-1.295703e-05,1.307881e+01,-2.495555e-01,-7.625898e-03,-8.692847e-04,2.446011e-04,1.770682e-03,-6.514459e+00,3.111300e+01,2.533295e+00,5.766332e+02,5.161102e+04,6.179135e+03,1.644224e+06,8.490009e-02,8.664164e+00,-1.070608e-02,1.496214e+02,1.062858e+04,2.791872e-01
3.390162e-03,1.319782e+04,1.612176e+03,2.059941e-01,6.329827e-03,9.934152e-01,1.023829e-01,9.774000e-07,5.069035e+02,0.000000e+00,0.000000e+00,1.166265e+03,0.000000e+00,0.000000e+00,0.000000e+00,0.000000e+00,0.000000e+00,0.000000e+00,0.000000e+00,0.000000e+00,0.000000e+00,0.000000e+00,0.000000e+00,0.000000e+00,0.000000e+00,0.000000e+00,0.000000e+00,0.000000e+00,0.000000e+00,0.000000e+00,0.000000e+00,0.000000e+00,0.000000e+00,0.000000e+00,0.000000e+00,0.000000e+00,0.000000e+00,0.000000e+00,0.000000e+00,0.000000e+00,0.000000e+00,0.000000e+00,0.000000e+00,0.000000e+00,0.000000e+00,0.000000e+00,0.000000e+00,0.000000e+00,0.000000e+00,1.319782e+04,7.557869e+02,5.123673e-02,-1.632845e-03,-1.115710e+00,1.136610e-03,0.000000e+00,0.000000e+00,0.000000e+00,0.000000e+00,0.000000e+00,0.000000e+00,0.000000e+00,0.000000e+00,0.000000e+00,0.000000e+00,0.000000e+00,0.000000e+00,0.000000e+00,0.000000e+00,0.000000e+00,0.000000e+00,0.000000e+00,0.000000e+00,0.000000e+00,0.000000e+00,0.000000e+00,-1.395786e+06,-4.919281e+03,-8.468089e+05,1.917149e-01,-1.446561e-02,-1.085070e+01,-2.639488e-01,-7.105296e-02,-1.564670e-01,4.934217e-03,-1.288038e-05,1.315569e+01,-2.530152e-01,-7.680668e-03,-8.693637e-04,5.513721e-04,1.795650e-03,-6.508736e+00,3.160093e+01,2.567655e+00,5.927057e+02,4.350057e+04,4.826517e+03,1.631996e+06,8.625427e-02,8.766344e+00,-1.118591e-02,1.448343e+02,1.057004e+04,-3.009028e+01
3.400914e-03,1.315503e+04,1.635017e+03,2.094675e-01,6.365538e-03,1.077377e+00,1.023830e-01,9.774000e-07,5.195867e+02,0.000000e+00,0.000000e+00,1.173498e+03,0.000000e+00,0.000000e+00,0.000000e+00,0.000000e+00,0.000000e+00,0.000000e+00,0.000000e+00,0.000000e+00,0.000000e+00,0.000000e+00,0.000000e+00,0.000000e+00,0.000000e+00,0.000000e+00,0.000000e+00,0.000000e+00,0.000000e+00,0.000000e+00,0.000000e+00,0.000000e+00,0.000000e+00,0.000000e+00,0.000000e+00,0.000000e+00,0.000000e+00,0.000000e+00,0.000000e+00,0.000000e+00,0.000000e+00,0.000000e+00,0.000000e+00,0.000000e+00,0.000000e+00,0.000000e+00,0.000000e+00,0.000000e+00,0.000000e+00,1.315503e+04,7.378065e+02,5.215627e-02,-1.752369e-03,-1.094907e+00,1.136610e-03,0.000000e+00,0.000000e+00,0.000000e+00,0.000000e+00,0.000000e+00,0.000000e+00,0.000000e+00,0.000000e+00,0.000000e+00,0.000000e+00,0.000000e+00,0.000000e+00,0.000000e+00,0.000000e+00,0.000000e+00,0.000000e+00,0.000000e+00,0.000000e+00,0.000000e+00,0.000000e+00,0.000000e+00,-1.400984e+06,-3.620286e+03,-8.625859e+05,1.942476e-01,-1.457954e-02,-1.091144e+01,-2.682953e-01,-7.168970e-02,-1.568089e-01,4.933750e-03,-1.278245e-05,1.323962e+01,-2.567908e-01,-7.738614e-03,-8.694509e-04,8.942176e-04,1.823629e-03,-6.502260e+00,3.214855e+01,2.627067e+00,6.103596e+02,5.478196e+04,3.525216e+03,1.644326e+06,8.793943e-02,8.875719e+00,-1.137922e-02,1.347264e+02,9.914350e+03,-4.511969e+01
3.410688e-03,1.311514e+04,1.656814e+03,2.125960e-01,6.393291e-03,1.153111e+00,1.023830e-01,9.774000e-07,5.307006e+02,0.000000e+00,0.000000e+00,1.180472e+03,0.000000e+00,0.000000e+00,0.000000e+00,0.000000e+00,0.000000e+00,0.000000e+00,0.000000e+00,0.000000e+00,0.000000e+00,0.000000e+00,0.000000e+00,0.000000e+00,0.000000e+00,0.000000e+00,0.000000e+00,0.000000e+00,0.000000e+00,0.000000e+00,0.000000e+00,0.000000e+00,0.000000e+00,0.000000e+00,0.000000e+00,0.000000e+00,0.000000e+00,0.000000e+00,0.000000e+00,0.000000e+00,0.000000e+00,0.000000e+00,0.000000e+00,0.000000e+00,0.000000e+00,0.000000e+00,0.000000e+00,0.000000e+00,0.000000e+00,1.311514e+04,7.217632e+02,5.307902e-02,-1.863529e-03,-1.076026e+00,1.136610e-03,0.000000e+00,0.000000e+00,0.000000e+00,0.000000e+00,0.000000e+00,0.000000e+00,0.000000e+00,0.000000e+00,0.000000e+00,0.000000e+00,0.000000e+00,0.000000e+00,0.000000e+00,0.000000e+00,0.000000e+00,0.000000e+00,0.000000e+00,0.000000e+00,0.000000e+00,0.000000e+00,0.000000e+00,-1.402830e+06,-5.217270e+03,-8.679158e+05,1.966437e-01,-1.468100e-02,-1.096622e+01,-2.722315e-01,-7.228875e-02,-1.570676e-01,4.933340e-03,-1.268833e-05,1.331534e+01,-2.601908e-01,-7.787252e-03,-8.695289e-04,1.210822e-03,1.849544e-03,-6.496209e+00,3.262097e+01,2.671743e+00,6.263080e+02,5.863997e+04,5.120502e+03,1.648566e+06,8.943451e-02,8.970399e+00,-1.176192e-02,1.407484e+02,9.486006e+03,-2.161842e+01
3.420462e-03,1.307371e+04,1.680013e+03,2.156619e-01,6.419379e-03,1.228166e+00,1.023830e-01,9.774000e-07,5.417196e+02,0.000000e+00,0.000000e+00,1.187833e+03,0.000000e+00,0.000000e+00,0.000000e+00,0.000000e+00,0.000000e+00,0.000000e+00,0.000000e+00,0.000000e+00,0.000000e+00,0.000000e+00,0.000000e+00,0.000000e+00,0.000000e+00,0.000000e+00,0.000000e+00,0.000000e+00,0.000000e+00,0.000000e+00,0.000000e+00,0.000000e+00,0.000000e+00,0.000000e+00,0.000000e+00,0.000000e+00,0.000000e+00,0.000000e+00,0.000000e+00,0.000000e+00,0.000000e+00,0.000000e+00,0.000000e+00,0.000000e+00,0.000000e+00,0.000000e+00,0.000000e+00,0.000000e+00,0.000000e+00,1.307371e+04,7.061772e+02,5.366138e-02,-1.985834e-03,-1.057858e+00,1.136609e-03,0.000000e+00,0.000000e+00,0.000000e+00,0.000000e+00,0.000000e+00,0.000000e+00,0.000000e+00,0.000000e+00,0.000000e+00,0.000000e+00,0.000000e+00,0.000000e+00,0.000000e+00,0.000000e+00,0.000000e+00,0.000000e+00,0.000000e+00,0.000000e+00,0.000000e+00,0.000000e+00,0.000000e+00,-1.357843e+06,7.565106e+03,-8.113144e+05,1.989528e-01,-1.479957e-02,-1.102068e+01,-2.762010e-01,-7.287328e-02,-1.574739e-01,4.932929e-03,-1.260181e-05,1.339050e+01,-2.635632e-01,-7.831538e-03,-8.696048e-04,1.532668e-03,1.875943e-03,-6.490002e+00,3.315621e+01,2.739908e+00,6.422627e+02,3.191142e+04,-7.659186e+03,1.581439e+06,9.091720e-02,9.063226e+00,-1.220756e-02,2.903775e+02,9.208899e+03,5.072154e+01
3.430236e-03,1.303135e+04,1.704404e+03,2.187385e-01,6.439465e-03,1.302786e+00,1.023831e-01,9.774000e-07,5.523480e+02,0.000000e+00,0.000000e+00,1.195095e+03,0.000000e+00,0.000000e+00,0.000000e+00,0.000000e+00,0.000000e+00,0.000000e+00,0.000000e+00,0.000000e+00,0.000000e+00,0.000000e+00,0.000000e+00,0.000000e+00,0.000000e+00,0.000000e+00,0.000000e+00,0.000000e+00,0.000000e+00,0.000000e+00,0.000000e+00,0.000000e+00,0.000000e+00,0.000000e+00,0.000000e+00,0.000000e+00,0.000000e+00,0.000000e+00,0.000000e+00,0.000000e+00,0.000000e+00,0.000000e+00,0.000000e+00,0.000000e+00,0.000000e+00,0.000000e+00,0.000000e+00,0.000000e+00,0.000000e+00,1.303135e+04,6.909767e+02,5.428740e-02,-2.104387e-03,-1.039715e+00,1.136610e-03,0.000000e+00,0.000000e+00,0.000000e+00,0.000000e+00,0.000000e+00,0.000000e+00,0.000000e+00,0.000000e+00,0.000000e+00,0.000000e+00,0.000000e+00,0.000000e+00,0.000000e+00,0.000000e+00,0.000000e+00,0.000000e+00,0.000000e+00,0.000000e+00,0.000000e+00,0.000000e+00,0.000000e+00,-1.395045e+06,-4.911612e+03,-8.680771e+05,2.011076e-01,-1.488475e-02,-1.107515e+01,-2.801800e-01,-7.347132e-02,-1.578393e-01,4.932523e-03,-1.250676e-05,1.346509e+01,-2.669043e-01,-7.873028e-03,-8.696803e-04,1.859329e-03,1.902838e-03,-6.483639e+00,3.368554e+01,2.773193e+00,6.581529e+02,6.292900e+04,4.812230e+03,1.641874e+06,9.257534e-02,9.151896e+00,-1.246166e-02,1.566269e+02,8.893740e+03,-3.702327e+01
3.440010e-03,1.298749e+04,1.730231e+03,2.217604e-01,6.457021e-03,1.376837e+00,1.023831e-01,9.774000e-07,5.626172e+02,0.000000e+00,0.000000e+00,1.202800e+03,0.000000e+00,0.000000e+00,0.000000e+00,0.000000e+00,0.000000e+00,0.000000e+00,0.000000e+00,0.000000e+00,0.000000e+00,0.000000e+00,0.000000e+00,0.000000e+00,0.000000e+00,0.000000e+00,0.000000e+00,0.000000e+00,0.000000e+00,0.000000e+00,0.000000e+00,0.000000e+00,0.000000e+00,0.000000e+00,0.000000e+00,0.000000e+00,0.000000e+00,0.000000e+00,0.000000e+00,0.000000e+00,0.000000e+00,0.000000e+00,0.000000e+00,0.000000e+00,0.000000e+00,0.000000e+00,0.000000e+00,0.000000e+00,0.000000e+00,1.298749e+04,6.763109e+02,5.482738e-02,-2.225985e-03,-1.022054e+00,1.136610e-03,0.000000e+00,0.000000e+00,0.000000e+00,0.000000e+00,0.000000e+00,0.000000e+00,0.000000e+00,0.000000e+00,0.000000e+00,0.000000e+00,0.000000e+00,0.000000e+00,0.000000e+00,0.000000e+00,0.000000e+00,0.000000e+00,0.000000e+00,0.000000e+00,0.000000e+00,0.000000e+00,0.000000e+00,-1.391970e+06,-5.766155e+03,-8.681895e+05,2.031397e-01,-1.498312e-02,-1.112947e+01,-2.841603e-01,-7.407236e-02,-1.582021e-01,4.932145e-03,-1.241866e-05,1.353911e+01,-2.701839e-01,-7.912968e-03,-8.697529e-04,2.191731e-03,1.930206e-03,-6.477120e+00,3.427120e+01,2.822586e+00,6.741017e+02,6.469751e+04,5.665441e+03,1.639252e+06,9.422822e-02,9.236759e+00,-1.284669e-02,1.595998e+02,8.598096e+03,-2.506396e+01
3.450761e-03,1.293743e+04,1.759772e+03,2.249393e-01,6.482659e-03,1.457507e+00,1.023832e-01,9.774000e-07,5.739813e+02,0.000000e+00,0.000000e+00,1.211989e+03,0.000000e+00,0.000000e+00,0.000000e+00,0.000000e+00,0.000000e+00,0.000000e+00,0.000000e+00,0.000000e+00,0.000000e+00,0.000000e+00,0.000000e+00,0.000000e+00,0.000000e+00,0.000000e+00,0.000000e+00,0.000000e+00,0.000000e+00,0.000000e+00,0.000000e+00,0.000000e+00,0.000000e+00,0.000000e+00,0.000000e+00,0.000000e+00,0.000000e+00,0.000000e+00,0.000000e+00,0.000000e+00,0.000000e+00,0.000000e+00,0.000000e+00,0.000000e+00,0.000000e+00,0.000000e+00,0.000000e+00,0.000000e+00,0.000000e+00,1.293743e+04,6.607169e+02,5.527073e-02,-2.422671e-03,-1.002962e+00,1.136610e-03,0.000000e+00,0.000000e+00,0.000000e+00,0.000000e+00,0.000000e+00,0.000000e+00,0.000000e+00,0.000000e+00,0.000000e+00,0.000000e+00,0.000000e+00,0.000000e+00,0.000000e+00,0.000000e+00,0.000000e+00,0.000000e+00,0.000000e+00,0.000000e+00,0.000000e+00,0.000000e+00,0.000000e+00,-1.371706e+06,1.234425e+03,-8.440600e+05,2.054932e-01,-1.517140e-02,-1.118844e+01,-2.885232e-01,-7.471885e-02,-1.586670e-01,4.931715e-03,-1.231652e-05,1.361987e+01,-2.737191e-01,-7.954552e-03,-8.698338e-04,2.563995e-03,1.960950e-03,-6.469771e+00,3.488011e+01,2.917915e+00,6.914289e+02,5.393434e+04,-1.334914e+03,1.609691e+06,9.587819e-02,9.329769e+00,-1.319219e-02,1.987660e+02,8.282937e+03,-1.227375e+01
3.460535e-03,1.289050e+04,1.787915e+03,2.278818e-01,6.492437e-03,1.530288e+00,1.023833e-01,9.774000e-07,5.839533e+02,0.000000e+00,0.000000e+00,1.220831e+03,0.000000e+00,0.000000e+00,0.000000e+00,0.000000e+00,0.000000e+00,0.000000e+00,0.000000e+00,0.000000e+00,0.000000e+00,0.000000e+00,0.000000e+00,0.000000e+00,0.000000e+00,0.000000e+00,0.000000e+00,0.000000e+00,0.000000e+00,0.000000e+00,0.000000e+00,0.000000e+00,0.000000e+00,0.000000e+00,0.000000e+00,0.000000e+00,0.000000e+00,0.000000e+00,0.000000e+00,0.000000e+00,0.000000e+00,0.000000e+00,0.000000e+00,0.000000e+00,0.000000e+00,0.000000e+00,0.000000e+00,0.000000e+00,0.000000e+00,1.289050e+04,6.467378e+02,5.555129e-02,-2.539639e-03,-9.859276e-01,1.136609e-03,0.000000e+00,0.000000e+00,0.000000e+00,0.000000e+00,0.000000e+00,0.000000e+00,0.000000e+00,0.000000e+00,0.000000e+00,0.000000e+00,0.000000e+00,0.000000e+00,0.000000e+00,0.000000e+00,0.000000e+00,0.000000e+00,0.000000e+00,0.000000e+00,0.000000e+00,0.000000e+00,0.000000e+00,-1.356983e+06,1.993753e+04,-8.354848e+05,2.073955e-01,-1.514228e-02,-1.124212e+01,-2.924890e-01,-7.532948e-02,-1.591347e-01,4.931334e-03,-1.220956e-05,1.369267e+01,-2.768984e-01,-7.989803e-03,-8.699052e-04,2.908153e-03,1.989611e-03,-6.462928e+00,3.549156e+01,2.958509e+00,7.072444e+02,5.392191e+04,-2.003848e+04,1.592648e+06,9.753995e-02,9.410573e+00,-1.344395e-02,2.554496e+02,8.122917e+03,2.755377e+01
3.470309e-03,1.284215e+04,1.817142e+03,2.307835e-01,6.498959e-03,1.602544e+00,1.023833e-01,9.774000e-07,5.938536e+02,0.000000e+00,0.000000e+00,1.229951e+03,0.000000e+00,0.000000e+00,0.000000e+00,0.000000e+00,0.000000e+00,0.000000e+00,0.000000e+00,0.000000e+00,0.000000e+00,0.000000e+00,0.000000e+00,0.000000e+00,0.000000e+00,0.000000e+00,0.000000e+00,0.000000e+00,0.000000e+00,0.000000e+00,0.000000e+00,0.000000e+00,0.000000e+00,0.000000e+00,0.000000e+00,0.000000e+00,0.000000e+00,0.000000e+00,0.000000e+00,0.000000e+00,0.000000e+00,0.000000e+00,0.000000e+00,0.000000e+00,0.000000e+00,0.000000e+00,0.000000e+00,0.000000e+00,0.000000e+00,1.284215e+04,6.333510e+02,5.590683e-02,-2.701110e-03,-9.689983e-01,1.136610e-03,0.000000e+00,0.000000e+00,0.000000e+00,0.000000e+00,0.000000e+00,0.000000e+00,0.000000e+00,0.000000e+00,0.000000e+00,0.000000e+00,0.000000e+00,0.000000e+00,0.000000e+00,0.000000e+00,0.000000e+00,0.000000e+00,0.000000e+00,0.000000e+00,0.000000e+00,0.000000e+00,0.000000e+00,-1.364826e+06,-5.736076e+03,-8.543272e+05,2.092879e-01,-1.532729e-02,-1.129540e+01,-2.964241e-01,-7.590192e-02,-1.595391e-01,4.930954e-03,-1.210180e-05,1.376490e+01,-2.800487e-01,-8.021196e-03,-8.699754e-04,3.258124e-03,2.018697e-03,-6.455931e+00,3.609031e+01,3.008759e+00,7.229136e+02,6.655766e+04,5.632444e+03,1.608787e+06,9.934321e-02,9.490065e+00,-1.382346e-02,1.934681e+02,8.068276e+03,-4.890825e+01
3.480083e-03,1.279221e+04,1.847499e+03,2.336623e-01,6.505628e-03,1.674206e+00,1.023833e-01,9.774000e-07,6.036174e+02,0.000000e+00,0.000000e+00,1.239697e+03,0.000000e+00,0.000000e+00,0.000000e+00,0.000000e+00,0.000000e+00,0.000000e+00,0.000000e+00,0.000000e+00,0.000000e+00,0.000000e+00,0.000000e+00,0.000000e+00,0.000000e+00,0.000000e+00,0.000000e+00,0.000000e+00,0.000000e+00,0.000000e+00,0.000000e+00,0.000000e+00,0.000000e+00,0.000000e+00,0.000000e+00,0.000000e+00,0.000000e+00,0.000000e+00,0.000000e+00,0.000000e+00,0.000000e+00,0.000000e+00,0.000000e+00,0.000000e+00,0.000000e+00,0.000000e+00,0.000000e+00,0.000000e+00,0.000000e+00,1.279221e+04,6.204994e+02,5.630182e-02,-2.838618e-03,-9.522363e-01,1.136610e-03,0.000000e+00,0.000000e+00,0.000000e+00,0.000000e+00,0.000000e+00,0.000000e+00,0.000000e+00,0.000000e+00,0.000000e+00,0.000000e+00,0.000000e+00,0.000000e+00,0.000000e+00,0.000000e+00,0.000000e+00,0.000000e+00,0.000000e+00,0.000000e+00,0.000000e+00,0.000000e+00,0.000000e+00,-1.355680e+06,-7.249563e+03,-8.469121e+05,2.112458e-01,-1.540649e-02,-1.134819e+01,-3.003046e-01,-7.651069e-02,-1.598983e-01,4.930570e-03,-1.199209e-05,1.383653e+01,-2.831725e-01,-8.053601e-03,-8.700461e-04,3.613978e-03,2.048373e-03,-6.448781e+00,3.666944e+01,3.059680e+00,7.384725e+02,6.479184e+04,7.145133e+03,1.597164e+06,1.010883e-01,9.567852e+00,-1.413842e-02,1.690445e+02,7.932650e+03,-1.400700e+01
3.490835e-03,1.273569e+04,1.882062e+03,2.368072e-01,6.508444e-03,1.752339e+00,1.023834e-01,9.774000e-07,6.142285e+02,0.000000e+00,0.000000e+00,1.250943e+03,0.000000e+00,0.000000e+00,0.000000e+00,0.000000e+00,0.000000e+00,0.000000e+00,0.000000e+00,0.000000e+00,0.000000e+00,0.000000e+00,0.000000e+00,0.000000e+00,0.000000e+00,0.000000e+00,0.000000e+00,0.000000e+00,0.000000e+00,0.000000e+00,0.000000e+00,0.000000e+00,0.000000e+00,0.000000e+00,0.000000e+00,0.000000e+00,0.000000e+00,0.000000e+00,0.000000e+00,0.000000e+00,0.000000e+00,0.000000e+00,0.000000e+00,0.000000e+00,0.000000e+00,0.000000e+00,0.000000e+00,0.000000e+00,0.000000e+00,1.273569e+04,6.068947e+02,5.672985e-02,-3.015542e-03,-9.339768e-01,1.136610e-03,0.000000e+00,0.000000e+00,0.000000e+00,0.000000e+00,0.000000e+00,0.000000e+00,0.000000e+00,0.000000e+00,0.000000e+00,0.000000e+00,0.000000e+00,0.000000e+00,0.000000e+00,0.000000e+00,0.000000e+00,0.000000e+00,0.000000e+00,0.000000e+00,0.000000e+00,0.000000e+00,0.000000e+00,-1.344622e+06,-7.048216e+03,-8.397258e+05,2.134319e-01,-1.551338e-02,-1.140573e+01,-3.045380e-01,-7.718069e-02,-1.603549e-01,4.930158e-03,-1.187654e-05,1.391464e+01,-2.865736e-01,-8.086078e-03,-8.701210e-04,4.012000e-03,2.081756e-03,-6.440742e+00,3.728241e+01,3.125149e+00,7.554338e+02,6.418522e+04,6.942905e+03,1.583992e+06,1.030048e-01,9.651685e+00,-1.442748e-02,1.914023e+02,7.777510e+03,-2.974058e+01
3.500609e-03,1.268290e+04,1.914379e+03,2.396310e-01,6.507501e-03,1.822736e+00,1.023834e-01,9.774000e-07,6.238627e+02,0.000000e+00,0.000000e+00,1.261680e+03,0.000000e+00,0.000000e+00,0.000000e+00,0.000000e+00,0.000000e+00,0.000000e+00,0.000000e+00,0.000000e+00,0.000000e+00,0.000000e+00,0.000000e+00,0.000000e+00,0.000000e+00,0.000000e+00,0.000000e+00,0.000000e+00,0.000000e+00,0.000000e+00,0.000000e+00,0.000000e+00,0.000000e+00,0.000000e+00,0.000000e+00,0.000000e+00,0.000000e+00,0.000000e+00,0.000000e+00,0.000000e+00,0.000000e+00,0.000000e+00,0.000000e+00,0.000000e+00,0.000000e+00,0.000000e+00,0.000000e+00,0.000000e+00,0.000000e+00,1.268290e+04,5.948751e+02,5.702928e-02,-3.264690e-03,-9.177095e-01,1.136610e-03,0.000000e+00,0.000000e+00,0.000000e+00,0.000000e+00,0.000000e+00,0.000000e+00,0.000000e+00,0.000000e+00,0.000000e+00,0.000000e+00,0.000000e+00,0.000000e+00,0.000000e+00,0.000000e+00,0.000000e+00,0.000000e+00,0.000000e+00,0.000000e+00,0.000000e+00,0.000000e+00,0.000000e+00,-1.323551e+06,8.847946e+03,-8.161782e+05,2.153565e-01,-1.569499e-02,-1.145752e+01,-3.083885e-01,-7.776817e-02,-1.607550e-01,4.929794e-03,-1.176279e-05,1.398500e+01,-2.896312e-01,-8.112283e-03,-8.701869e-04,4.379618e-03,2.112777e-03,-6.433276e+00,3.785688e+01,3.222853e+00,7.707208e+02,5.429947e+04,-8.952776e+03,1.554022e+06,1.048008e-01,9.727204e+00,-1.487296e-02,2.248286e+02,7.577486e+03,1.527716e+01
3.510383e-03,1.262880e+04,1.947704e+03,2.424337e-01,6.496036e-03,1.892523e+00,1.023834e-01,9.774000e-07,6.333093e+02,0.000000e+00,0.000000e+00,1.272901e+03,0.000000e+00,0.000000e+00,0.000000e+00,0.000000e+00,0.000000e+00,0.000000e+00,0.000000e+00,0.000000e+00,0.000000e+00,0.000000e+00,0.000000e+00,0.000000e+00,0.000000e+00,0.000000e+00,0.000000e+00,0.000000e+00,0.000000e+00,0.000000e+00,0.000000e+00,0.000000e+00,0.000000e+00,0.000000e+00,0.000000e+00,0.000000e+00,0.000000e+00,0.000000e+00,0.000000e+00,0.000000e+00,0.000000e+00,0.000000e+00,0.000000e+00,0.000000e+00,0.000000e+00,0.000000e+00,0.000000e+00,0.000000e+00,0.000000e+00,1.262880e+04,5.833710e+02,5.745411e-02,-3.362668e-03,-9.014705e-01,1.136610e-03,0.000000e+00,0.000000e+00,0.000000e+00,0.000000e+00,0.000000e+00,0.000000e+00,0.000000e+00,0.000000e+00,0.000000e+00,0.000000e+00,0.000000e+00,0.000000e+00,0.000000e+00,0.000000e+00,0.000000e+00,0.000000e+00,0.000000e+00,0.000000e+00,0.000000e+00,0.000000e+00,0.000000e+00,-1.315868e+06,-2.408874e+04,-8.088829e+05,2.173070e-01,-1.585339e-02,-1.150904e+01,-3.121789e-01,-7.837281e-02,-1.610877e-01,4.929439e-03,-1.163624e-05,1.405475e+01,-2.926550e-01,-8.139440e-03,-8.702513e-04,4.752656e-03,2.144289e-03,-6.425661e+00,3.840953e+01,3.269551e+00,7.859230e+02,5.190972e+04,2.398303e+04,1.543732e+06,1.067996e-01,9.800673e+00,-1.517559e-02,1.719641e+02,7.413564e+03,-1.168441e+02
3.520157e-03,1.257350e+04,1.981777e+03,2.452019e-01,6.509959e-03,1.961681e+00,1.023834e-01,9.774000e-07,6.426376e+02,0.000000e+00,0.000000e+00,1.284677e+03,0.000000e+00,0.000000e+00,0.000000e+00,0.000000e+00,0.000000e+00,0.000000e+00,0.000000e+00,0.000000e+00,0.000000e+00,0.000000e+00,0.000000e+00,0.000000e+00,0.000000e+00,0.000000e+00,0.000000e+00,0.000000e+00,0.000000e+00,0.000000e+00,0.000000e+00,0.000000e+00,0.000000e+00,0.000000e+00,0.000000e+00,0.000000e+00,0.000000e+00,0.000000e+00,0.000000e+00,0.000000e+00,0.000000e+00,0.000000e+00,0.000000e+00,0.000000e+00,0.000000e+00,0.000000e+00,0.000000e+00,0.000000e+00,0.000000e+00,1.257350e+04,5.723121e+02,5.795513e-02,-3.482731e-03,-8.851928e-01,1.136610e-03,0.000000e+00,0.000000e+00,0.000000e+00,0.000000e+00,0.000000e+00,0.000000e+00,0.000000e+00,0.000000e+00,0.000000e+00,0.000000e+00,0.000000e+00,0.000000e+00,0.000000e+00,0.000000e+00,0.000000e+00,0.000000e+00,0.000000e+00,0.000000e+00,0.000000e+00,0.000000e+00,0.000000e+00,-1.308374e+06,-9.505952e+03,-8.077061e+05,2.193076e-01,-1.577576e-02,-1.155997e+01,-3.159178e-01,-7.902908e-02,-1.614223e-01,4.929104e-03,-1.150700e-05,1.412387e+01,-2.956357e-01,-8.167821e-03,-8.703127e-04,5.130855e-03,2.176720e-03,-6.417899e+00,3.892334e+01,3.309191e+00,8.009370e+02,5.474257e+04,9.399032e+03,1.536631e+06,1.088570e-01,9.872650e+00,-1.538724e-02,2.164282e+02,7.322822e+03,-4.774482e+01
3.530908e-03,1.251096e+04,2.020340e+03,2.481915e-01,6.501851e-03,2.037019e+00,1.023834e-01,9.774000e-07,6.528079e+02,0.000000e+00,0.000000e+00,1.298321e+03,0.000000e+00,0.000000e+00,0.000000e+00,0.000000e+00,0.000000e+00,0.000000e+00,0.000000e+00,0.000000e+00,0.000000e+00,0.000000e+00,0.000000e+00,0.000000e+00,0.000000e+00,0.000000e+00,0.000000e+00,0.000000e+00,0.000000e+00,0.000000e+00,0.000000e+00,0.000000e+00,0.000000e+00,0.000000e+00,0.000000e+00,0.000000e+00,0.000000e+00,0.000000e+00,0.000000e+00,0.000000e+00,0.000000e+00,0.000000e+00,0.000000e+00,0.000000e+00,0.000000e+00,0.000000e+00,0.000000e+00,0.000000e+00,0.000000e+00,1.251096e+04,5.606924e+02,5.841338e-02,-3.852472e-03,-8.675880e-01,1.136610e-03,0.000000e+00,0.000000e+00,0.000000e+00,0.000000e+00,0.000000e+00,0.000000e+00,0.000000e+00,0.000000e+00,0.000000e+00,0.000000e+00,0.000000e+00,0.000000e+00,0.000000e+00,0.000000e+00,0.000000e+00,0.000000e+00,0.000000e+00,0.000000e+00,0.000000e+00,0.000000e+00,0.000000e+00,-1.288115e+06,1.273360e+04,-7.934554e+05,2.214461e-01,-1.601129e-02,-1.161550e+01,-3.199736e-01,-7.969072e-02,-1.617730e-01,4.928724e-03,-1.136631e-05,1.419918e+01,-2.988682e-01,-8.193054e-03,-8.703808e-04,5.552698e-03,2.213195e-03,-6.409191e+00,3.949351e+01,3.442283e+00,8.173383e+02,5.253958e+04,-1.284056e+04,1.511969e+06,1.110644e-01,9.950562e+00,-1.588864e-02,3.025131e+02,7.158900e+03,1.886848e+01
3.540682e-03,1.245261e+04,2.056420e+03,2.508737e-01,6.492015e-03,2.104832e+00,1.023834e-01,9.774000e-07,6.619377e+02,0.000000e+00,0.000000e+00,1.311288e+03,0.000000e+00,0.000000e+00,0.000000e+00,0.000000e+00,0.000000e+00,0.000000e+00,0.000000e+00,0.000000e+00,0.000000e+00,0.000000e+00,0.000000e+00,0.000000e+00,0.000000e+00,0.000000e+00,0.000000e+00,0.000000e+00,0.000000e+00,0.000000e+00,0.000000e+00,0.000000e+00,0.000000e+00,0.000000e+00,0.000000e+00,0.000000e+00,0.000000e+00,0.000000e+00,0.000000e+00,0.000000e+00,0.000000e+00,0.000000e+00,0.000000e+00,0.000000e+00,0.000000e+00,0.000000e+00,0.000000e+00,0.000000e+00,0.000000e+00,1.245261e+04,5.507692e+02,5.889039e-02,-4.089640e-03,-8.516764e-01,1.136610e-03,0.000000e+00,0.000000e+00,0.000000e+00,0.000000e+00,0.000000e+00,0.000000e+00,0.000000e+00,0.000000e+00,0.000000e+00,0.000000e+00,0.000000e+00,0.000000e+00,0.000000e+00,0.000000e+00,0.000000e+00,0.000000e+00,0.000000e+00,0.000000e+00,0.000000e+00,0.000000e+00,0.000000e+00,-1.284825e+06,-9.730279e+03,-7.962928e+05,2.233956e-01,-1.623175e-02,-1.166542e+01,-3.236261e-01,-8.031214e-02,-1.620727e-01,4.928395e-03,-1.122841e-05,1.426696e+01,-3.017648e-01,-8.216661e-03,-8.704374e-04,5.941428e-03,2.246972e-03,-6.401123e+00,3.999045e+01,3.528612e+00,8.320695e+02,5.678084e+04,9.621699e+03,1.510508e+06,1.131561e-01,1.001995e+01,-1.620292e-02,2.221911e+02,7.085721e+03,-3.414278e+01
3.550456e-03,1.239276e+04,2.093398e+03,2.535156e-01,6.480735e-03,2.171991e+00,1.023834e-01,9.774000e-07,6.709837e+02,0.000000e+00,0.000000e+00,1.324915e+03,0.000000e+00,0.000000e+00,0.000000e+00,0.000000e+00,0.000000e+00,0.000000e+00,0.000000e+00,0.000000e+00,0.000000e+00,0.000000e+00,0.000000e+00,0.000000e+00,0.000000e+00,0.000000e+00,0.000000e+00,0.000000e+00,0.000000e+00,0.000000e+00,0.000000e+00,0.000000e+00,0.000000e+00,0.000000e+00,0.000000e+00,0.000000e+00,0.000000e+00,0.000000e+00,0.000000e+00,0.000000e+00,0.000000e+00,0.000000e+00,0.000000e+00,0.000000e+00,0.000000e+00,0.000000e+00,0.000000e+00,0.000000e+00,0.000000e+00,1.239276e+04,5.412944e+02,5.927620e-02,-4.204276e-03,-8.360110e-01,1.136610e-03,0.000000e+00,0.000000e+00,0.000000e+00,0.000000e+00,0.000000e+00,0.000000e+00,0.000000e+00,0.000000e+00,0.000000e+00,0.000000e+00,0.000000e+00,0.000000e+00,0.000000e+00,0.000000e+00,0.000000e+00,0.000000e+00,0.000000e+00,0.000000e+00,0.000000e+00,0.000000e+00,0.000000e+00,-1.257212e+06,-1.376080e+04,-7.622836e+05,2.252925e-01,-1.625475e-02,-1.171484e+01,-3.272469e-01,-8.096851e-02,-1.623897e-01,4.928066e-03,-1.070556e-05,1.433408e+01,-3.046169e-01,-8.237930e-03,-8.704939e-04,6.335084e-03,2.281660e-03,-6.392911e+00,4.050616e+01,3.585912e+00,8.466942e+02,4.101987e+04,1.365364e+04,1.469686e+06,1.154523e-01,1.008831e+01,-1.636208e-02,2.045746e+02,6.854474e+03,-3.110126e+01
3.560230e-03,1.233147e+04,2.131315e+03,2.561240e-01,6.463604e-03,2.238492e+00,1.023834e-01,9.774000e-07,6.799002e+02,0.000000e+00,0.000000e+00,1.339137e+03,0.000000e+00,0.000000e+00,0.000000e+00,0.000000e+00,0.000000e+00,0.000000e+00,0.000000e+00,0.000000e+00,0.000000e+00,0.000000e+00,0.000000e+00,0.000000e+00,0.000000e+00,0.000000e+00,0.000000e+00,0.000000e+00,0.000000e+00,0.000000e+00,0.000000e+00,0.000000e+00,0.000000e+00,0.000000e+00,0.000000e+00,0.000000e+00,0.000000e+00,0.000000e+00,0.000000e+00,0.000000e+00,0.000000e+00,0.000000e+00,0.000000e+00,0.000000e+00,0.000000e+00,0.000000e+00,0.000000e+00,0.000000e+00,0.000000e+00,1.233147e+04,5.324562e+02,5.971858e-02,-4.454887e-03,-8.204065e-01,1.136610e-03,0.000000e+00,0.000000e+00,0.000000e+00,0.000000e+00,0.000000e+00,0.000000e+00,0.000000e+00,0.000000e+00,0.000000e+00,0.000000e+00,0.000000e+00,0.000000e+00,0.000000e+00,0.000000e+00,0.000000e+00,0.000000e+00,0.000000e+00,0.000000e+00,0.000000e+00,0.000000e+00,0.000000e+00,-1.242619e+06,-1.020535e+04,-7.545641e+05,2.271749e-01,-1.635359e-02,-1.176377e+01,-3.307928e-01,-8.159862e-02,-1.626673e-01,4.927757e-03,-8.210096e-06,1.440055e+01,-3.074301e-01,-8.251786e-03,-8.705536e-04,6.733593e-03,2.317266e-03,-6.384558e+00,4.099768e+01,3.671358e+00,8.611567e+02,4.166858e+04,1.009773e+04,1.453181e+06,1.177050e-01,1.015519e+01,-1.661390e-02,2.363696e+02,6.725678e+03,-3.812953e+01
3.570004e-03,1.226884e+04,2.170043e+03,2.587078e-01,6.445159e-03,2.304314e+00,1.023835e-01,9.774000e-07,6.887058e+02,0.000000e+00,0.000000e+00,1.353997e+03,0.000000e+00,0.000000e+00,0.000000e+00,0.000000e+00,0.000000e+00,0.000000e+00,0.000000e+00,0.000000e+00,0.000000e+00,0.000000e+00,0.000000e+00,0.000000e+00,0.000000e+00,0.000000e+00,0.000000e+00,0.000000e+00,0.000000e+00,0.000000e+00,0.000000e+00,0.000000e+00,0.000000e+00,0.000000e+00,0.000000e+00,0.000000e+00,0.000000e+00,0.000000e+00,0.000000e+00,0.000000e+00,0.000000e+00,0.000000e+00,0.000000e+00,0.000000e+00,0.000000e+00,0.000000e+00,0.000000e+00,0.000000e+00,0.000000e+00,1.226884e+04,5.241771e+02,6.023351e-02,-4.766264e-03,-8.048857e-01,1.136609e-03,0.000000e+00,0.000000e+00,0.000000e+00,0.000000e+00,0.000000e+00,0.000000e+00,0.000000e+00,0.000000e+00,0.000000e+00,0.000000e+00,0.000000e+00,0.000000e+00,0.000000e+00,0.000000e+00,0.000000e+00,0.000000e+00,0.000000e+00,0.000000e+00,0.000000e+00,0.000000e+00,0.000000e+00,-1.244826e+06,-1.640938e+04,-7.681772e+05,2.290812e-01,-1.656388e-02,-1.181220e+01,-3.343063e-01,-8.221523e-02,-1.629395e-01,4.927439e-03,-2.960178e-06,1.446634e+01,-3.102022e-01,-8.263022e-03,-8.706254e-04,7.136775e-03,2.353732e-03,-6.376064e+00,4.145785e+01,3.778209e+00,8.754491e+02,5.255648e+04,1.629930e+04,1.461824e+06,1.198595e-01,1.022077e+01,-1.691105e-02,1.987812e+02,6.683722e+03,-3.388360e+01
3.580756e-03,1.219833e+04,2.213449e+03,2.615004e-01,6.418817e-03,2.375933e+00,1.023835e-01,9.774000e-07,6.983087e+02,0.000000e+00,0.000000e+00,1.371328e+03,0.000000e+00,0.000000e+00,0.000000e+00,0.000000e+00,0.000000e+00,0.000000e+00,0.000000e+00,0.000000e+00,0.000000e+00,0.000000e+00,0.000000e+00,0.000000e+00,0.000000e+00,0.000000e+00,0.000000e+00,0.000000e+00,0.000000e+00,0.000000e+00,0.000000e+00,0.000000e+00,0.000000e+00,0.000000e+00,0.000000e+00,0.000000e+00,0.000000e+00,0.000000e+00,0.000000e+00,0.000000e+00,0.000000e+00,0.000000e+00,0.000000e+00,0.000000e+00,0.000000e+00,0.000000e+00,0.000000e+00,0.000000e+00,0.000000e+00,1.219833e+04,5.156348e+02,6.077108e-02,-5.093585e-03,-7.879802e-01,1.136610e-03,0.000000e+00,0.000000e+00,0.000000e+00,0.000000e+00,0.000000e+00,0.000000e+00,0.000000e+00,0.000000e+00,0.000000e+00,0.000000e+00,0.000000e+00,0.000000e+00,0.000000e+00,0.000000e+00,0.000000e+00,0.000000e+00,0.000000e+00,0.000000e+00,0.000000e+00,0.000000e+00,0.000000e+00,-1.223852e+06,1.574600e+03,-7.467102e+05,2.312021e-01,-1.669957e-02,-1.186475e+01,-3.380995e-01,-8.289259e-02,-1.631972e-01,4.927112e-03,7.193258e-06,1.453792e+01,-3.132064e-01,-8.266401e-03,-8.707288e-04,7.585465e-03,2.394783e-03,-6.366560e+00,4.195445e+01,3.886816e+00,8.909877e+02,4.441880e+04,-1.684295e+03,1.432975e+06,1.228306e-01,1.029184e+01,-1.777663e-02,3.552404e+02,6.584197e+03,-2.496105e+01
3.590530e-03,1.213277e+04,2.253643e+03,2.640094e-01,6.386906e-03,2.440312e+00,1.023835e-01,9.774000e-07,7.069047e+02,0.000000e+00,0.000000e+00,1.387802e+03,0.000000e+00,0.000000e+00,0.000000e+00,0.000000e+00,0.000000e+00,0.000000e+00,0.000000e+00,0.000000e+00,0.000000e+00,0.000000e+00,0.000000e+00,0.000000e+00,0.000000e+00,0.000000e+00,0.000000e+00,0.000000e+00,0.000000e+00,0.000000e+00,0.000000e+00,0.000000e+00,0.000000e+00,0.000000e+00,0.000000e+00,0.000000e+00,0.000000e+00,0.000000e+00,0.000000e+00,0.000000e+00,0.000000e+00,0.000000e+00,0.000000e+00,0.000000e+00,0.000000e+00,0.000000e+00,0.000000e+00,0.000000e+00,0.000000e+00,1.213277e+04,5.083347e+02,6.130645e-02,-5.292538e-03,-7.727932e-01,1.136610e-03,0.000000e+00,0.000000e+00,0.000000e+00,0.000000e+00,0.000000e+00,0.000000e+00,0.000000e+00,0.000000e+00,0.000000e+00,0.000000e+00,0.000000e+00,0.000000e+00,0.000000e+00,0.000000e+00,0.000000e+00,0.000000e+00,0.000000e+00,0.000000e+00,0.000000e+00,0.000000e+00,0.000000e+00,-1.213739e+06,-1.278473e+04,-7.361891e+05,2.330832e-01,-1.678929e-02,-1.191204e+01,-3.415005e-01,-8.353811e-02,-1.634292e-01,4.926824e-03,2.194871e-05,1.460226e+01,-3.159016e-01,-8.256933e-03,-8.708707e-04,7.997922e-03,2.432839e-03,-6.357777e+00,4.239967e+01,3.956414e+00,9.049656e+02,4.041278e+04,1.267440e+04,1.418980e+06,1.256645e-01,1.035513e+01,-1.830780e-02,2.436418e+02,6.303188e+03,-5.400032e+01
3.600304e-03,1.206592e+04,2.294478e+03,2.664883e-01,6.351374e-03,2.503981e+00,1.023835e-01,9.774000e-07,7.153420e+02,0.000000e+00,0.000000e+00,1.405051e+03,0.000000e+00,0.000000e+00,0.000000e+00,0.000000e+00,0.000000e+00,0.000000e+00,0.000000e+00,0.000000e+00,0.000000e+00,0.000000e+00,0.000000e+00,0.000000e+00,0.000000e+00,0.000000e+00,0.000000e+00,0.000000e+00,0.000000e+00,0.000000e+00,0.000000e+00,0.000000e+00,0.000000e+00,0.000000e+00,0.000000e+00,0.000000e+00,0.000000e+00,0.000000e+00,0.000000e+00,0.000000e+00,0.000000e+00,0.000000e+00,0.000000e+00,0.000000e+00,0.000000e+00,0.000000e+00,0.000000e+00,0.000000e+00,0.000000e+00,1.206592e+04,5.013851e+02,6.183908e-02,-5.535903e-03,-7.578238e-01,1.136610e-03,0.000000e+00,0.000000e+00,0.000000e+00,0.000000e+00,0.000000e+00,0.000000e+00,0.000000e+00,0.000000e+00,0.000000e+00,0.000000e+00,0.000000e+00,0.000000e+00,0.000000e+00,0.000000e+00,0.000000e+00,0.000000e+00,0.000000e+00,0.000000e+00,0.000000e+00,0.000000e+00,0.000000e+00,-1.198850e+06,-7.498610e+03,-7.296240e+05,2.348921e-01,-1.681101e-02,-1.195887e+01,-3.448763e-01,-8.421587e-02,-1.636556e-01,4.926544e-03,4.399668e-05,1.466589e+01,-3.185599e-01,-8.237783e-03,-8.711019e-04,8.414737e-03,2.471860e-03,-6.348857e+00,4.285143e+01,4.039243e+00,9.188191e+02,4.220307e+04,7.387777e+03,1.402788e+06,1.282374e-01,1.041679e+01,-1.862400e-02,2.797284e+02,6.213422e+03,-2.964911e+01
3.610078e-03,1.199785e+04,2.335716e+03,2.689377e-01,6.311701e-03,2.566926e+00,1.023835e-01,9.774000e-07,7.236887e+02,0.000000e+00,0.000000e+00,1.423188e+03,0.000000e+00,0.000000e+00,0.000000e+00,0.000000e+00,0.000000e+00,0.000000e+00,0.000000e+00,0.000000e+00,0.000000e+00,0.000000e+00,0.000000e+00,0.000000e+00,0.000000e+00,0.000000e+00,0.000000e+00,0.000000e+00,0.000000e+00,0.000000e+00,0.000000e+00,0.000000e+00,0.000000e+00,0.000000e+00,0.000000e+00,0.000000e+00,0.000000e+00,0.000000e+00,0.000000e+00,0.000000e+00,0.000000e+00,0.000000e+00,0.000000e+00,0.000000e+00,0.000000e+00,0.000000e+00,0.000000e+00,0.000000e+00,0.000000e+00,1.199785e+04,4.947418e+02,6.240134e-02,-5.813365e-03,-7.429532e-01,1.136610e-03,0.000000e+00,0.000000e+00,0.000000e+00,0.000000e+00,0.000000e+00,0.000000e+00,0.000000e+00,0.000000e+00,0.000000e+00,0.000000e+00,0.000000e+00,0.000000e+00,0.000000e+00,0.000000e+00,0.000000e+00,0.000000e+00,0.000000e+00,0.000000e+00,0.000000e+00,0.000000e+00,0.000000e+00,-1.184932e+06,-1.649276e+04,-7.236831e+05,2.367065e-01,-1.691536e-02,-1.200508e+01,-3.482210e-01,-8.489080e-02,-1.638529e-01,4.926261e-03,7.609528e-05,1.472880e+01,-3.211813e-01,-8.206000e-03,-8.714956e-04,8.835911e-03,2.511868e-03,-6.339803e+00,4.328810e+01,4.134063e+00,9.324833e+02,4.405448e+04,1.638130e+04,1.387748e+06,1.310008e-01,1.047740e+01,-1.896133e-02,3.125067e+02,6.182198e+03,-7.751684e+01
3.620829e-03,1.192179e+04,2.381383e+03,2.716010e-01,6.264350e-03,2.635314e+00,1.023835e-01,9.774000e-07,7.328021e+02,0.000000e+00,0.000000e+00,1.444021e+03,0.000000e+00,0.000000e+00,0.000000e+00,0.000000e+00,0.000000e+00,0.000000e+00,0.000000e+00,0.000000e+00,0.000000e+00,0.000000e+00,0.000000e+00,0.000000e+00,0.000000e+00,0.000000e+00,0.000000e+00,0.000000e+00,0.000000e+00,0.000000e+00,0.000000e+00,0.000000e+00,0.000000e+00,0.000000e+00,0.000000e+00,0.000000e+00,0.000000e+00,0.000000e+00,0.000000e+00,0.000000e+00,0.000000e+00,0.000000e+00,0.000000e+00,0.000000e+00,0.000000e+00,0.000000e+00,0.000000e+00,0.000000e+00,0.000000e+00,1.192179e+04,4.875543e+02,6.298777e-02,-6.146643e-03,-7.267962e-01,1.136610e-03,0.000000e+00,0.000000e+00,0.000000e+00,0.000000e+00,0.000000e+00,0.000000e+00,0.000000e+00,0.000000e+00,0.000000e+00,0.000000e+00,0.000000e+00,0.000000e+00,0.000000e+00,0.000000e+00,0.000000e+00,0.000000e+00,0.000000e+00,0.000000e+00,0.000000e+00,0.000000e+00,0.000000e+00,-1.173278e+06,-7.722314e+03,-7.206369e+05,2.386604e-01,-1.696471e-02,-1.205528e+01,-3.518863e-01,-8.565601e-02,-1.640720e-01,4.925975e-03,1.276655e-04,1.479714e+01,-3.240256e-01,-8.152029e-03,-8.722874e-04,9.304201e-03,2.557068e-03,-6.329690e+00,4.377106e+01,4.245162e+00,9.473259e+02,4.731695e+04,7.609807e+03,1.376103e+06,1.341344e-01,1.054322e+01,-1.947968e-02,2.877934e+02,6.068039e+03,-4.458800e+01
3.630603e-03,1.185181e+04,2.423162e+03,2.739402e-01,6.082440e-03,2.696822e+00,1.023836e-01,9.774000e-07,7.410278e+02,0.000000e+00,0.000000e+00,1.463983e+03,0.000000e+00,0.000000e+00,0.000000e+00,0.000000e+00,0.000000e+00,0.000000e+00,0.000000e+00,0.000000e+00,0.000000e+00,0.000000e+00,0.000000e+00,0.000000e+00,0.000000e+00,0.000000e+00,0.000000e+00,0.000000e+00,0.000000e+00,0.000000e+00,0.000000e+00,0.000000e+00,0.000000e+00,0.000000e+00,0.000000e+00,0.000000e+00,0.000000e+00,0.000000e+00,0.000000e+00,0.000000e+00,0.000000e+00,0.000000e+00,0.000000e+00,0.000000e+00,0.000000e+00,0.000000e+00,0.000000e+00,0.000000e+00,0.000000e+00,1.185181e+04,4.808851e+02,6.351534e-02,-6.484610e-03,-7.123188e-01,1.136610e-03,0.000000e+00,0.000000e+00,0.000000e+00,0.000000e+00,0.000000e+00,0.000000e+00,0.000000e+00,0.000000e+00,0.000000e+00,0.000000e+00,0.000000e+00,0.000000e+00,0.000000e+00,0.000000e+00,0.000000e+00,0.000000e+00,0.000000e+00,0.000000e+00,0.000000e+00,0.000000e+00,0.000000e+00,-1.165442e+06,-1.899155e+03,-7.098302e+05,2.404216e-01,-1.707814e-02,-1.210047e+01,-3.552019e-01,-8.641040e-02,-1.642491e-01,4.925719e-03,1.952560e-04,1.485848e+01,-3.265733e-01,-8.085723e-03,-8.736239e-04,9.734451e-03,2.599237e-03,-6.320359e+00,4.421139e+01,4.358277e+00,9.606888e+02,4.192986e+04,1.785858e+03,1.363948e+06,1.367439e-01,1.060225e+01,-1.990478e-02,2.074789e+02,6.033888e+03,-7.260772e-01
3.640377e-03,1.178147e+04,2.464321e+03,2.763033e-01,6.049651e-03,2.757438e+00,1.023836e-01,9.774000e-07,7.491899e+02,0.000000e+00,0.000000e+00,1.484564e+03,0.000000e+00,0.000000e+00,0.000000e+00,0.000000e+00,0.000000e+00,0.000000e+00,0.000000e+00,0.000000e+00,0.000000e+00,0.000000e+00,0.000000e+00,0.000000e+00,0.000000e+00,0.000000e+00,0.000000e+00,0.000000e+00,0.000000e+00,0.000000e+00,0.000000e+00,0.000000e+00,0.000000e+00,0.000000e+00,0.000000e+00,0.000000e+00,0.000000e+00,0.000000e+00,0.000000e+00,0.000000e+00,0.000000e+00,0.000000e+00,0.000000e+00,0.000000e+00,0.000000e+00,0.000000e+00,0.000000e+00,0.000000e+00,0.000000e+00,1.178147e+04,4.741190e+02,6.403583e-02,-6.796460e-03,-6.978397e-01,1.136610e-03,0.000000e+00,0.000000e+00,0.000000e+00,0.000000e+00,0.000000e+00,0.000000e+00,0.000000e+00,0.000000e+00,0.000000e+00,0.000000e+00,0.000000e+00,0.000000e+00,0.000000e+00,0.000000e+00,0.000000e+00,0.000000e+00,0.000000e+00,0.000000e+00,0.000000e+00,0.000000e+00,0.000000e+00,-1.138953e+06,-1.349924e+04,-6.901116e+05,2.421662e-01,-1.707298e-02,-1.214476e+01,-3.585265e-01,-8.721758e-02,-1.643956e-01,4.925466e-03,2.905090e-04,1.491906e+01,-3.290847e-01,-7.999321e-03,-8.760652e-04,1.016889e-02,2.642401e-03,-6.310899e+00,4.464814e+01,4.448287e+00,9.737924e+02,3.799735e+04,1.338690e+04,1.331175e+06,1.394421e-01,1.066056e+01,-2.013089e-02,1.295428e+02,5.859233e+03,-4.126825e+01
3.650151e-03,1.171102e+04,2.505201e+03,2.786350e-01,6.030258e-03,2.817270e+00,1.023836e-01,9.774000e-07,7.572655e+02,0.000000e+00,0.000000e+00,1.505581e+03,0.000000e+00,0.000000e+00,0.000000e+00,0.000000e+00,0.000000e+00,0.000000e+00,0.000000e+00,0.000000e+00,0.000000e+00,0.000000e+00,0.000000e+00,0.000000e+00,0.000000e+00,0.000000e+00,0.000000e+00,0.000000e+00,0.000000e+00,0.000000e+00,0.000000e+00,0.000000e+00,0.000000e+00,0.000000e+00,0.000000e+00,0.000000e+00,0.000000e+00,0.000000e+00,0.000000e+00,0.000000e+00,0.000000e+00,0.000000e+00,0.000000e+00,0.000000e+00,0.000000e+00,0.000000e+00,0.000000e+00,0.000000e+00,0.000000e+00,1.171102e+04,4.671429e+02,6.461456e-02,-7.196021e-03,-6.834722e-01,1.136610e-03,0.000000e+00,0.000000e+00,0.000000e+00,0.000000e+00,0.000000e+00,0.000000e+00,0.000000e+00,0.000000e+00,0.000000e+00,0.000000e+00,0.000000e+00,0.000000e+00,0.000000e+00,0.000000e+00,0.000000e+00,0.000000e+00,0.000000e+00,0.000000e+00,0.000000e+00,0.000000e+00,0.000000e+00,-1.121662e+06,-7.477346e+03,-6.771357e+05,2.439256e-01,-1.713620e-02,-1.218843e+01,-3.618187e-01,-8.805961e-02,-1.645316e-01,4.925220e-03,4.241931e-04,1.497884e+01,-3.315570e-01,-7.888712e-03,-8.805390e-04,1.060749e-02,2.686603e-03,-6.301311e+00,4.506727e+01,4.577833e+00,9.867047e+02,3.538424e+04,7.365033e+03,1.309728e+06,1.421715e-01,1.071792e+01,-2.060698e-02,2.362324e+02,5.725559e+03,-1.444150e+01
3.660902e-03,1.163317e+04,2.549655e+03,2.811545e-01,6.038717e-03,2.882153e+00,1.023836e-01,9.774000e-07,7.660687e+02,0.000000e+00,0.000000e+00,1.529546e+03,0.000000e+00,0.000000e+00,0.000000e+00,0.000000e+00,0.000000e+00,0.000000e+00,0.000000e+00,0.000000e+00,0.000000e+00,0.000000e+00,0.000000e+00,0.000000e+00,0.000000e+00,0.000000e+00,0.000000e+00,0.000000e+00,0.000000e+00,0.000000e+00,0.000000e+00,0.000000e+00,0.000000e+00,0.000000e+00,0.000000e+00,0.000000e+00,0.000000e+00,0.000000e+00,0.000000e+00,0.000000e+00,0.000000e+00,0.000000e+00,0.000000e+00,0.000000e+00,0.000000e+00,0.000000e+00,0.000000e+00,0.000000e+00,0.000000e+00,1.163317e+04,4.589232e+02,6.523519e-02,-7.518893e-03,-6.679036e-01,1.136610e-03,0.000000e+00,0.000000e+00,0.000000e+00,0.000000e+00,0.000000e+00,0.000000e+00,0.000000e+00,0.000000e+00,0.000000e+00,0.000000e+00,0.000000e+00,0.000000e+00,0.000000e+00,0.000000e+00,0.000000e+00,0.000000e+00,0.000000e+00,0.000000e+00,0.000000e+00,0.000000e+00,0.000000e+00,-1.116208e+06,-2.202681e+01,-6.860254e+05,2.457972e-01,-1.707789e-02,-1.223591e+01,-3.654620e-01,-8.891369e-02,-1.647091e-01,4.924950e-03,6.334403e-04,1.504367e+01,-3.342215e-01,-7.734967e-03,-8.898590e-04,1.109476e-02,2.736389e-03,-6.290620e+00,4.553431e+01,4.678542e+00,1.000727e+03,4.595888e+04,-9.241574e+01,1.309366e+06,1.449229e-01,1.078004e+01,-2.096852e-02,2.700779e+02,5.731413e+03,-7.043520e+00
3.670676e-03,1.156251e+04,2.589546e+03,2.834010e-01,6.086576e-03,2.940253e+00,1.023836e-01,9.774000e-07,7.740282e+02,0.000000e+00,0.000000e+00,1.551714e+03,0.000000e+00,0.000000e+00,0.000000e+00,0.000000e+00,0.000000e+00,0.000000e+00,0.000000e+00,0.000000e+00,0.000000e+00,0.000000e+00,0.000000e+00,0.000000e+00,0.000000e+00,0.000000e+00,0.000000e+00,0.000000e+00,0.000000e+00,0.000000e+00,0.000000e+00,0.000000e+00,0.000000e+00,0.000000e+00,0.000000e+00,0.000000e+00,0.000000e+00,0.000000e+00,0.000000e+00,0.000000e+00,0.000000e+00,0.000000e+00,0.000000e+00,0.000000e+00,0.000000e+00,0.000000e+00,0.000000e+00,0.000000e+00,0.000000e+00,1.156251e+04,4.510381e+02,6.572670e-02,-7.791270e-03,-6.538472e-01,1.136610e-03,0.000000e+00,0.000000e+00,0.000000e+00,0.000000e+00,0.000000e+00,0.000000e+00,0.000000e+00,0.000000e+00,0.000000e+00,0.000000e+00,0.000000e+00,0.000000e+00,0.000000e+00,0.000000e+00,0.000000e+00,0.000000e+00,0.000000e+00,0.000000e+00,0.000000e+00,0.000000e+00,0.000000e+00,-1.084864e+06,-5.511717e+03,-6.631428e+05,2.474946e-01,-1.705870e-02,-1.227818e+01,-3.687602e-01,-8.974080e-02,-1.648507e-01,4.924709e-03,9.021106e-04,1.510171e+01,-3.365909e-01,-7.558345e-03,-9.056710e-04,1.154215e-02,2.782651e-03,-6.280771e+00,4.596278e+01,4.776466e+00,1.013239e+03,4.165498e+04,5.398854e+03,1.270809e+06,1.480214e-01,1.083594e+01,-2.136150e-02,3.820119e+02,5.630914e+03,-3.586936e+01
3.680450e-03,1.149169e+04,2.629056e+03,2.856040e-01,6.201915e-03,2.997482e+00,1.023836e-01,9.774000e-07,7.818950e+02,0.000000e+00,0.000000e+00,1.574486e+03,0.000000e+00,0.000000e+00,0.000000e+00,0.000000e+00,0.000000e+00,0.000000e+00,0.000000e+00,0.000000e+00,0.000000e+00,0.000000e+00,0.000000e+00,0.000000e+00,0.000000e+00,0.000000e+00,0.000000e+00,0.000000e+00,0.000000e+00,0.000000e+00,0.000000e+00,0.000000e+00,0.000000e+00,0.000000e+00,0.000000e+00,0.000000e+00,0.000000e+00,0.000000e+00,0.000000e+00,0.000000e+00,0.000000e+00,0.000000e+00,0.000000e+00,0.000000e+00,0.000000e+00,0.000000e+00,0.000000e+00,0.000000e+00,0.000000e+00,1.149169e+04,4.428424e+02,6.621035e-02,-8.060312e-03,-6.399672e-01,1.136610e-03,0.000000e+00,0.000000e+00,0.000000e+00,0.000000e+00,0.000000e+00,0.000000e+00,0.000000e+00,0.000000e+00,0.000000e+00,0.000000e+00,0.000000e+00,0.000000e+00,0.000000e+00,0.000000e+00,0.000000e+00,0.000000e+00,0.000000e+00,0.000000e+00,0.000000e+00,0.000000e+00,0.000000e+00,-1.066197e+06,-5.510650e+03,-6.498121e+05,2.491969e-01,-1.703621e-02,-1.231981e+01,-3.720627e-01,-9.052169e-02,-1.649933e-01,4.924479e-03,1.271842e-03,1.515886e+01,-3.389084e-01,-7.349014e-03,-9.338052e-04,1.199366e-02,2.829920e-03,-6.270802e+00,4.638473e+01,4.879064e+00,1.025548e+03,3.940041e+04,5.398007e+03,1.247991e+06,1.509307e-01,1.089090e+01,-2.179193e-02,2.435808e+02,5.535292e+03,-2.564139e+01
3.690224e-03,1.142044e+04,2.668591e+03,2.877457e-01,6.420879e-03,3.053776e+00,1.023836e-01,9.774000e-07,7.897229e+02,0.000000e+00,0.000000e+00,1.597636e+03,0.000000e+00,0.000000e+00,0.000000e+00,0.000000e+00,0.000000e+00,0.000000e+00,0.000000e+00,0.000000e+00,0.000000e+00,0.000000e+00,0.000000e+00,0.000000e+00,0.000000e+00,0.000000e+00,0.000000e+00,0.000000e+00,0.000000e+00,0.000000e+00,0.000000e+00,0.000000e+00,0.000000e+00,0.000000e+00,0.000000e+00,0.000000e+00,0.000000e+00,0.000000e+00,0.000000e+00,0.000000e+00,0.000000e+00,0.000000e+00,0.000000e+00,0.000000e+00,0.000000e+00,0.000000e+00,0.000000e+00,0.000000e+00,0.000000e+00,1.142044e+04,4.346636e+02,6.666794e-02,-8.204091e-03,-6.261913e-01,1.136610e-03,0.000000e+00,0.000000e+00,0.000000e+00,0.000000e+00,0.000000e+00,0.000000e+00,0.000000e+00,0.000000e+00,0.000000e+00,0.000000e+00,0.000000e+00,0.000000e+00,0.000000e+00,0.000000e+00,0.000000e+00,0.000000e+00,0.000000e+00,0.000000e+00,0.000000e+00,0.000000e+00,0.000000e+00,-1.044504e+06,-8.125768e+03,-6.394335e+05,2.508925e-01,-1.699155e-02,-1.236066e+01,-3.753427e-01,-9.124213e-02,-1.651193e-01,4.924239e-03,1.768854e-03,1.521505e+01,-3.411557e-01,-7.116778e-03,-9.817277e-04,1.244923e-02,2.878080e-03,-6.260713e+00,4.679396e+01,4.955344e+00,1.037616e+03,4.120213e+04,8.013428e+03,1.223997e+06,1.534117e-01,1.094528e+01,-2.222334e-02,1.951452e+02,5.548953e+03,-2.010529e+01
3.700976e-03,1.134025e+04,2.713605e+03,2.899955e-01,6.809918e-03,3.114442e+00,1.023836e-01,9.774000e-07,7.982797e+02,0.000000e+00,0.000000e+00,1.623359e+03,0.000000e+00,0.000000e+00,0.000000e+00,0.000000e+00,0.000000e+00,0.000000e+00,0.000000e+00,0.000000e+00,0.000000e+00,0.000000e+00,0.000000e+00,0.000000e+00,0.000000e+00,0.000000e+00,0.000000e+00,0.000000e+00,0.000000e+00,0.000000e+00,0.000000e+00,0.000000e+00,0.000000e+00,0.000000e+00,0.000000e+00,0.000000e+00,0.000000e+00,0.000000e+00,0.000000e+00,0.000000e+00,0.000000e+00,0.000000e+00,0.000000e+00,0.000000e+00,0.000000e+00,0.000000e+00,0.000000e+00,0.000000e+00,0.000000e+00,1.134025e+04,4.265079e+02,6.709406e-02,-8.254961e-03,-6.113537e-01,1.136609e-03,0.000000e+00,0.000000e+00,0.000000e+00,0.000000e+00,0.000000e+00,0.000000e+00,0.000000e+00,0.000000e+00,0.000000e+00,0.000000e+00,0.000000e+00,0.000000e+00,0.000000e+00,0.000000e+00,0.000000e+00,0.000000e+00,0.000000e+00,0.000000e+00,0.000000e+00,0.000000e+00,0.000000e+00,-1.026063e+06,-7.762913e+03,-6.297178e+05,2.527306e-01,-1.694956e-02,-1.240476e+01,-3.789183e-01,-9.200240e-02,-1.652637e-01,4.924003e-03,2.465764e-03,1.527557e+01,-3.435127e-01,-6.858026e-03,-1.064897e-03,1.295496e-02,2.931889e-03,-6.249480e+00,4.723931e+01,5.038415e+00,1.050639e+03,4.198587e+04,7.650452e+03,1.203158e+06,1.558742e-01,1.100447e+01,-2.256675e-02,2.212458e+02,5.419181e+03,-4.980775e+01
3.710750e-03,1.126695e+04,2.746305e+03,2.921089e-01,6.691421e-03,3.169310e+00,1.023836e-01,9.774000e-07,8.059701e+02,0.000000e+00,0.000000e+00,1.668420e+03,0.000000e+00,0.000000e+00,0.000000e+00,0.000000e+00,0.000000e+00,0.000000e+00,0.000000e+00,0.000000e+00,0.000000e+00,0.000000e+00,0.000000e+00,0.000000e+00,0.000000e+00,0.000000e+00,0.000000e+00,0.000000e+00,0.000000e+00,0.000000e+00,0.000000e+00,0.000000e+00,0.000000e+00,0.000000e+00,0.000000e+00,0.000000e+00,0.000000e+00,0.000000e+00,0.000000e+00,0.000000e+00,0.000000e+00,0.000000e+00,0.000000e+00,0.000000e+00,0.000000e+00,0.000000e+00,0.000000e+00,0.000000e+00,0.000000e+00,1.126695e+04,4.148002e+02,6.751572e-02,-8.543730e-03,-5.976397e-01,1.136610e-03,0.000000e+00,0.000000e+00,0.000000e+00,0.000000e+00,0.000000e+00,0.000000e+00,0.000000e+00,0.000000e+00,0.000000e+00,0.000000e+00,0.000000e+00,0.000000e+00,0.000000e+00,0.000000e+00,0.000000e+00,0.000000e+00,0.000000e+00,0.000000e+00,0.000000e+00,0.000000e+00,0.000000e+00,-1.001478e+06,-9.757482e+03,-6.136542e+05,2.543801e-01,-1.689246e-02,-1.244398e+01,-3.821397e-01,-9.267667e-02,-1.653829e-01,4.923786e-03,2.672154e-03,1.533046e+01,-3.457375e-01,-6.525624e-03,-1.092531e-03,1.341883e-02,2.981539e-03,-6.239149e+00,4.764026e+01,5.108762e+00,1.062225e+03,4.025821e+04,9.645958e+03,1.173844e+06,1.581002e-01,1.105737e+01,-2.290550e-02,2.487338e+02,5.380152e+03,-6.343171e+01
3.720524e-03,1.120904e+04,2.780031e+03,2.943991e-01,6.316904e-03,3.223993e+00,1.023837e-01,9.774000e-07,8.136609e+02,0.000000e+00,0.000000e+00,1.684101e+03,0.000000e+00,0.000000e+00,0.000000e+00,0.000000e+00,0.000000e+00,0.000000e+00,0.000000e+00,0.000000e+00,0.000000e+00,0.000000e+00,0.000000e+00,0.000000e+00,0.000000e+00,0.000000e+00,0.000000e+00,0.000000e+00,0.000000e+00,0.000000e+00,0.000000e+00,0.000000e+00,0.000000e+00,0.000000e+00,0.000000e+00,0.000000e+00,0.000000e+00,0.000000e+00,0.000000e+00,0.000000e+00,0.000000e+00,0.000000e+00,0.000000e+00,0.000000e+00,0.000000e+00,0.000000e+00,0.000000e+00,0.000000e+00,0.000000e+00,1.120904e+04,4.033108e+02,6.803402e-02,-8.994066e-03,-5.833287e-01,1.136610e-03,0.000000e+00,0.000000e+00,0.000000e+00,0.000000e+00,0.000000e+00,0.000000e+00,0.000000e+00,0.000000e+00,0.000000e+00,0.000000e+00,0.000000e+00,0.000000e+00,0.000000e+00,0.000000e+00,0.000000e+00,0.000000e+00,0.000000e+00,0.000000e+00,0.000000e+00,0.000000e+00,0.000000e+00,-9.782602e+05,-8.399813e+03,-6.001279e+05,2.559961e-01,-1.684285e-02,-1.248230e+01,-3.853199e-01,-9.334408e-02,-1.654956e-01,4.923571e-03,2.672333e-03,1.538501e+01,-3.480883e-01,-6.205958e-03,-1.092548e-03,1.388658e-02,3.031859e-03,-6.228706e+00,4.803337e+01,5.179556e+00,1.073534e+03,4.005848e+04,8.289037e+03,1.146972e+06,1.604630e-01,1.111000e+01,-2.335923e-02,2.086681e+02,5.372346e+03,-5.092831e+01
3.730298e-03,1.115377e+04,2.810525e+03,2.964064e-01,6.171513e-03,3.276514e+00,1.023837e-01,9.774000e-07,8.213112e+02,0.000000e+00,0.000000e+00,1.700478e+03,0.000000e+00,0.000000e+00,0.000000e+00,0.000000e+00,0.000000e+00,0.000000e+00,0.000000e+00,0.000000e+00,0.000000e+00,0.000000e+00,0.000000e+00,0.000000e+00,0.000000e+00,0.000000e+00,0.000000e+00,0.000000e+00,0.000000e+00,0.000000e+00,0.000000e+00,0.000000e+00,0.000000e+00,0.000000e+00,0.000000e+00,0.000000e+00,0.000000e+00,0.000000e+00,0.000000e+00,0.000000e+00,0.000000e+00,0.000000e+00,0.000000e+00,0.000000e+00,0.000000e+00,0.000000e+00,0.000000e+00,0.000000e+00,0.000000e+00,1.115377e+04,3.903503e+02,6.838656e-02,-9.309495e-03,-5.696622e-01,1.136610e-03,0.000000e+00,0.000000e+00,0.000000e+00,0.000000e+00,0.000000e+00,0.000000e+00,0.000000e+00,0.000000e+00,0.000000e+00,0.000000e+00,0.000000e+00,0.000000e+00,0.000000e+00,0.000000e+00,0.000000e+00,0.000000e+00,0.000000e+00,0.000000e+00,0.000000e+00,0.000000e+00,0.000000e+00,-9.542526e+05,-4.928835e+03,-5.865820e+05,2.575778e-01,-1.676171e-02,-1.251976e+01,-3.884528e-01,-9.397473e-02,-1.656036e-01,4.923367e-03,2.672518e-03,1.543740e+01,-3.501449e-01,-6.086951e-03,-1.092562e-03,1.435814e-02,3.082777e-03,-6.218153e+00,4.841789e+01,5.237676e+00,1.084582e+03,4.022554e+04,4.818939e+03,1.119401e+06,1.625003e-01,1.116214e+01,-2.374555e-02,1.508564e+02,5.308924e+03,-4.157507e+01
3.740072e-03,1.108667e+04,2.843925e+03,2.984414e-01,6.074945e-03,3.328080e+00,1.023839e-01,9.774000e-07,8.289406e+02,0.000000e+00,0.000000e+00,1.726945e+03,0.000000e+00,0.000000e+00,0.000000e+00,0.000000e+00,0.000000e+00,0.000000e+00,0.000000e+00,0.000000e+00,0.000000e+00,0.000000e+00,0.000000e+00,0.000000e+00,0.000000e+00,0.000000e+00,0.000000e+00,0.000000e+00,0.000000e+00,0.000000e+00,0.000000e+00,0.000000e+00,0.000000e+00,0.000000e+00,0.000000e+00,0.000000e+00,0.000000e+00,0.000000e+00,0.000000e+00,0.000000e+00,0.000000e+00,0.000000e+00,0.000000e+00,0.000000e+00,0.000000e+00,0.000000e+00,0.000000e+00,0.000000e+00,0.000000e+00,1.108667e+04,3.797393e+02,6.872354e-02,-9.570936e-03,-5.562558e-01,1.136610e-03,0.000000e+00,0.000000e+00,0.000000e+00,0.000000e+00,0.000000e+00,0.000000e+00,0.000000e+00,0.000000e+00,0.000000e+00,0.000000e+00,0.000000e+00,0.000000e+00,0.000000e+00,0.000000e+00,0.000000e+00,0.000000e+00,0.000000e+00,0.000000e+00,0.000000e+00,0.000000e+00,0.000000e+00,-9.295928e+05,-4.341664e+03,-5.703010e+05,2.591366e-01,-1.667858e-02,-1.255635e+01,-3.915607e-01,-9.456172e-02,-1.657004e-01,4.923168e-03,2.672693e-03,1.548890e+01,-3.522331e-01,-6.020849e-03,-1.092574e-03,1.483343e-02,3.134189e-03,-6.207495e+00,4.879923e+01,5.284874e+00,1.095364e+03,3.832845e+04,4.232915e+03,1.089916e+06,1.643252e-01,1.121389e+01,-2.409656e-02,1.773991e+02,5.260138e+03,-3.548821e+01
3.750823e-03,1.101926e+04,2.876238e+03,3.009409e-01,6.059062e-03,3.384928e+00,1.023840e-01,9.774000e-07,8.373114e+02,0.000000e+00,0.000000e+00,1.753541e+03,0.000000e+00,0.000000e+00,0.000000e+00,0.000000e+00,0.000000e+00,0.000000e+00,0.000000e+00,0.000000e+00,0.000000e+00,0.000000e+00,0.000000e+00,0.000000e+00,0.000000e+00,0.000000e+00,0.000000e+00,0.000000e+00,0.000000e+00,0.000000e+00,0.000000e+00,0.000000e+00,0.000000e+00,0.000000e+00,0.000000e+00,0.000000e+00,0.000000e+00,0.000000e+00,0.000000e+00,0.000000e+00,0.000000e+00,0.000000e+00,0.000000e+00,0.000000e+00,0.000000e+00,0.000000e+00,0.000000e+00,0.000000e+00,0.000000e+00,1.101926e+04,3.656987e+02,6.926991e-02,-9.784766e-03,-5.409013e-01,1.136610e-03,0.000000e+00,0.000000e+00,0.000000e+00,0.000000e+00,0.000000e+00,0.000000e+00,0.000000e+00,0.000000e+00,0.000000e+00,0.000000e+00,0.000000e+00,0.000000e+00,0.000000e+00,0.000000e+00,0.000000e+00,0.000000e+00,0.000000e+00,0.000000e+00,0.000000e+00,0.000000e+00,0.000000e+00,-9.061675e+05,-2.520077e+03,-5.553308e+05,2.608376e-01,-1.658985e-02,-1.259567e+01,-3.949493e-01,-9.518214e-02,-1.657876e-01,4.922959e-03,2.672886e-03,1.554563e+01,-3.547705e-01,-6.034827e-03,-1.092587e-03,1.536049e-02,3.191295e-03,-6.195650e+00,4.920805e+01,5.334831e+00,1.106932e+03,3.696995e+04,2.412203e+03,1.062151e+06,1.663162e-01,1.127042e+01,-2.444656e-02,1.612234e+02,5.167444e+03,-3.482883e+01
3.760597e-03,1.096137e+04,2.906583e+03,3.029114e-01,6.062173e-03,3.434497e+00,1.023841e-01,9.774000e-07,8.448708e+02,0.000000e+00,0.000000e+00,1.772935e+03,0.000000e+00,0.000000e+00,0.000000e+00,0.000000e+00,0.000000e+00,0.000000e+00,0.000000e+00,0.000000e+00,0.000000e+00,0.000000e+00,0.000000e+00,0.000000e+00,0.000000e+00,0.000000e+00,0.000000e+00,0.000000e+00,0.000000e+00,0.000000e+00,0.000000e+00,0.000000e+00,0.000000e+00,0.000000e+00,0.000000e+00,0.000000e+00,0.000000e+00,0.000000e+00,0.000000e+00,0.000000e+00,0.000000e+00,0.000000e+00,0.000000e+00,0.000000e+00,0.000000e+00,0.000000e+00,0.000000e+00,0.000000e+00,0.000000e+00,1.096137e+04,3.540221e+02,6.959745e-02,-9.962499e-03,-5.276732e-01,1.136610e-03,0.000000e+00,0.000000e+00,0.000000e+00,0.000000e+00,0.000000e+00,0.000000e+00,0.000000e+00,0.000000e+00,0.000000e+00,0.000000e+00,0.000000e+00,0.000000e+00,0.000000e+00,0.000000e+00,0.000000e+00,0.000000e+00,0.000000e+00,0.000000e+00,0.000000e+00,0.000000e+00,0.000000e+00,-8.851426e+05,-2.156277e+03,-5.440138e+05,2.623774e-01,-1.649883e-02,-1.263064e+01,-3.980126e-01,-9.573589e-02,-1.658588e-01,4.922767e-03,2.673052e-03,1.559508e+01,-3.567780e-01,-6.076062e-03,-1.092598e-03,1.584342e-02,3.243634e-03,-6.184775e+00,4.957232e+01,5.372427e+00,1.117210e+03,3.759115e+04,2.049114e+03,1.038275e+06,1.680193e-01,1.132117e+01,-2.475545e-02,1.634188e+02,5.179152e+03,-2.792443e+01
3.770371e-03,1.089968e+04,2.935208e+03,3.049612e-01,6.151753e-03,3.483578e+00,1.023841e-01,9.774000e-07,8.524478e+02,0.000000e+00,0.000000e+00,1.798411e+03,0.000000e+00,0.000000e+00,0.000000e+00,0.000000e+00,0.000000e+00,0.000000e+00,0.000000e+00,0.000000e+00,0.000000e+00,0.000000e+00,0.000000e+00,0.000000e+00,0.000000e+00,0.000000e+00,0.000000e+00,0.000000e+00,0.000000e+00,0.000000e+00,0.000000e+00,0.000000e+00,0.000000e+00,0.000000e+00,0.000000e+00,0.000000e+00,0.000000e+00,0.000000e+00,0.000000e+00,0.000000e+00,0.000000e+00,0.000000e+00,0.000000e+00,0.000000e+00,0.000000e+00,0.000000e+00,0.000000e+00,0.000000e+00,0.000000e+00,1.089968e+04,3.420378e+02,6.994092e-02,-1.007761e-02,-5.143697e-01,1.136610e-03,0.000000e+00,0.000000e+00,0.000000e+00,0.000000e+00,0.000000e+00,0.000000e+00,0.000000e+00,0.000000e+00,0.000000e+00,0.000000e+00,0.000000e+00,0.000000e+00,0.000000e+00,0.000000e+00,0.000000e+00,0.000000e+00,0.000000e+00,0.000000e+00,0.000000e+00,0.000000e+00,0.000000e+00,-8.652030e+05,-4.455120e+03,-5.315193e+05,2.639096e-01,-1.641526e-02,-1.266479e+01,-4.010461e-01,-9.625250e-02,-1.659204e-01,4.922590e-03,2.673242e-03,1.564418e+01,-3.589077e-01,-6.192721e-03,-1.092608e-03,1.632989e-02,3.296349e-03,-6.173801e+00,4.993063e+01,5.406958e+00,1.127237e+03,3.664848e+04,4.348704e+03,1.014764e+06,1.698673e-01,1.137184e+01,-2.507640e-02,1.770637e+02,5.156711e+03,-2.280569e+01
3.780145e-03,1.084420e+04,2.963184e+03,3.070123e-01,6.298978e-03,3.531808e+00,1.023841e-01,9.774000e-07,8.600124e+02,0.000000e+00,0.000000e+00,1.817811e+03,0.000000e+00,0.000000e+00,0.000000e+00,0.000000e+00,0.000000e+00,0.000000e+00,0.000000e+00,0.000000e+00,0.000000e+00,0.000000e+00,0.000000e+00,0.000000e+00,0.000000e+00,0.000000e+00,0.000000e+00,0.000000e+00,0.000000e+00,0.000000e+00,0.000000e+00,0.000000e+00,0.000000e+00,0.000000e+00,0.000000e+00,0.000000e+00,0.000000e+00,0.000000e+00,0.000000e+00,0.000000e+00,0.000000e+00,0.000000e+00,0.000000e+00,0.000000e+00,0.000000e+00,0.000000e+00,0.000000e+00,0.000000e+00,0.000000e+00,1.084420e+04,3.300953e+02,7.033224e-02,-1.015656e-02,-5.010585e-01,1.136610e-03,0.000000e+00,0.000000e+00,0.000000e+00,0.000000e+00,0.000000e+00,0.000000e+00,0.000000e+00,0.000000e+00,0.000000e+00,0.000000e+00,0.000000e+00,0.000000e+00,0.000000e+00,0.000000e+00,0.000000e+00,0.000000e+00,0.000000e+00,0.000000e+00,0.000000e+00,0.000000e+00,0.000000e+00,-8.402234e+05,-5.717705e+03,-5.153859e+05,2.654486e-01,-1.634561e-02,-1.269811e+01,-4.040291e-01,-9.675808e-02,-1.659657e-01,4.922421e-03,2.673667e-03,1.569231e+01,-3.610120e-01,-6.358585e-03,-1.092619e-03,1.681978e-02,3.349431e-03,-6.162731e+00,5.027570e+01,5.446853e+00,1.137010e+03,3.501455e+04,5.612744e+03,9.850752e+05,1.715032e-01,1.142220e+01,-2.532334e-02,1.843817e+02,5.135245e+03,-3.288310e+01
3.790896e-03,1.078178e+04,2.994135e+03,3.091487e-01,6.455783e-03,3.583338e+00,1.023841e-01,9.774000e-07,8.683018e+02,0.000000e+00,0.000000e+00,1.840750e+03,0.000000e+00,0.000000e+00,0.000000e+00,0.000000e+00,0.000000e+00,0.000000e+00,0.000000e+00,0.000000e+00,0.000000e+00,0.000000e+00,0.000000e+00,0.000000e+00,0.000000e+00,0.000000e+00,0.000000e+00,0.000000e+00,0.000000e+00,0.000000e+00,0.000000e+00,0.000000e+00,0.000000e+00,0.000000e+00,0.000000e+00,0.000000e+00,0.000000e+00,0.000000e+00,0.000000e+00,0.000000e+00,0.000000e+00,0.000000e+00,0.000000e+00,0.000000e+00,0.000000e+00,0.000000e+00,0.000000e+00,0.000000e+00,0.000000e+00,1.078178e+04,3.179178e+02,7.071171e-02,-1.025867e-02,-4.867599e-01,1.136610e-03,0.000000e+00,0.000000e+00,0.000000e+00,0.000000e+00,0.000000e+00,0.000000e+00,0.000000e+00,0.000000e+00,0.000000e+00,0.000000e+00,0.000000e+00,0.000000e+00,0.000000e+00,0.000000e+00,0.000000e+00,0.000000e+00,0.000000e+00,0.000000e+00,0.000000e+00,0.000000e+00,0.000000e+00,-8.113728e+05,-6.001749e+02,-4.962356e+05,2.671457e-01,-1.625412e-02,-1.273374e+01,-4.072588e-01,-9.730388e-02,-1.659933e-01,4.922246e-03,2.674474e-03,1.574382e+01,-3.632181e-01,-6.543165e-03,-1.092630e-03,1.736247e-02,3.408258e-03,-6.150445e+00,5.064151e+01,5.491754e+00,1.147445e+03,3.266393e+04,4.971570e+02,9.505308e+05,1.731104e-01,1.147712e+01,-2.559175e-02,2.225722e+02,5.117682e+03,-5.232330e+01
3.800670e-03,1.072806e+04,3.020617e+03,3.112333e-01,6.662022e-03,3.629735e+00,1.023841e-01,9.774000e-07,8.758004e+02,0.000000e+00,0.000000e+00,1.860220e+03,0.000000e+00,0.000000e+00,0.000000e+00,0.000000e+00,0.000000e+00,0.000000e+00,0.000000e+00,0.000000e+00,0.000000e+00,0.000000e+00,0.000000e+00,0.000000e+00,0.000000e+00,0.000000e+00,0.000000e+00,0.000000e+00,0.000000e+00,0.000000e+00,0.000000e+00,0.000000e+00,0.000000e+00,0.000000e+00,0.000000e+00,0.000000e+00,0.000000e+00,0.000000e+00,0.000000e+00,0.000000e+00,0.000000e+00,0.000000e+00,0.000000e+00,0.000000e+00,0.000000e+00,0.000000e+00,0.000000e+00,0.000000e+00,0.000000e+00,1.072806e+04,3.065077e+02,7.116492e-02,-1.024471e-02,-4.734165e-01,1.136610e-03,0.000000e+00,0.000000e+00,0.000000e+00,0.000000e+00,0.000000e+00,0.000000e+00,0.000000e+00,0.000000e+00,0.000000e+00,0.000000e+00,0.000000e+00,0.000000e+00,0.000000e+00,0.000000e+00,0.000000e+00,0.000000e+00,0.000000e+00,0.000000e+00,0.000000e+00,0.000000e+00,0.000000e+00,-7.915354e+05,-1.889318e+03,-4.841114e+05,2.686802e-01,-1.612348e-02,-1.276518e+01,-4.101453e-01,-9.776818e-02,-1.660052e-01,4.922086e-03,2.675470e-03,1.579016e+01,-3.653577e-01,-6.770991e-03,-1.092642e-03,1.785919e-02,3.461993e-03,-6.139181e+00,5.096297e+01,5.506579e+00,1.156635e+03,3.197688e+04,1.787221e+03,9.272918e+05,1.750413e-01,1.152663e+01,-2.601341e-02,1.743347e+02,4.997667e+03,-2.391672e+01
3.810444e-03,1.067622e+04,3.047683e+03,3.131975e-01,6.847270e-03,3.674808e+00,1.023841e-01,9.774000e-07,8.831809e+02,0.000000e+00,0.000000e+00,1.877278e+03,0.000000e+00,0.000000e+00,0.000000e+00,0.000000e+00,0.000000e+00,0.000000e+00,0.000000e+00,0.000000e+00,0.000000e+00,0.000000e+00,0.000000e+00,0.000000e+00,0.000000e+00,0.000000e+00,0.000000e+00,0.000000e+00,0.000000e+00,0.000000e+00,0.000000e+00,0.000000e+00,0.000000e+00,0.000000e+00,0.000000e+00,0.000000e+00,0.000000e+00,0.000000e+00,0.000000e+00,0.000000e+00,0.000000e+00,0.000000e+00,0.000000e+00,0.000000e+00,0.000000e+00,0.000000e+00,0.000000e+00,0.000000e+00,0.000000e+00,1.067622e+04,2.960866e+02,7.157781e-02,-1.025305e-02,-4.603476e-01,1.136610e-03,0.000000e+00,0.000000e+00,0.000000e+00,0.000000e+00,0.000000e+00,0.000000e+00,0.000000e+00,0.000000e+00,0.000000e+00,0.000000e+00,0.000000e+00,0.000000e+00,0.000000e+00,0.000000e+00,0.000000e+00,0.000000e+00,0.000000e+00,0.000000e+00,0.000000e+00,0.000000e+00,0.000000e+00,-7.737232e+05,-3.762639e+03,-4.743772e+05,2.702268e-01,-1.604029e-02,-1.279580e+01,-4.129856e-01,-9.823189e-02,-1.660034e-01,4.921925e-03,2.676608e-03,1.583518e+01,-3.673702e-01,-6.979597e-03,-1.092652e-03,1.835897e-02,3.515997e-03,-6.127827e+00,5.126958e+01,5.541507e+00,1.165574e+03,3.236950e+04,3.661205e+03,9.069919e+05,1.763411e-01,1.157517e+01,-2.624133e-02,1.571528e+02,4.860090e+03,-2.856475e+01
3.820218e-03,1.062507e+04,3.074100e+03,3.152542e-01,7.059076e-03,3.719291e+00,1.023841e-01,9.774000e-07,8.904124e+02,0.000000e+00,0.000000e+00,1.894567e+03,0.000000e+00,0.000000e+00,0.000000e+00,0.000000e+00,0.000000e+00,0.000000e+00,0.000000e+00,0.000000e+00,0.000000e+00,0.000000e+00,0.000000e+00,0.000000e+00,0.000000e+00,0.000000e+00,0.000000e+00,0.000000e+00,0.000000e+00,0.000000e+00,0.000000e+00,0.000000e+00,0.000000e+00,0.000000e+00,0.000000e+00,0.000000e+00,0.000000e+00,0.000000e+00,0.000000e+00,0.000000e+00,0.000000e+00,0.000000e+00,0.000000e+00,0.000000e+00,0.000000e+00,0.000000e+00,0.000000e+00,0.000000e+00,0.000000e+00,1.062507e+04,2.857993e+02,7.203782e-02,-1.024044e-02,-4.472266e-01,1.136610e-03,0.000000e+00,0.000000e+00,0.000000e+00,0.000000e+00,0.000000e+00,0.000000e+00,0.000000e+00,0.000000e+00,0.000000e+00,0.000000e+00,0.000000e+00,0.000000e+00,0.000000e+00,0.000000e+00,0.000000e+00,0.000000e+00,0.000000e+00,0.000000e+00,0.000000e+00,0.000000e+00,0.000000e+00,-7.476719e+05,-2.709012e+03,-4.578329e+05,2.717723e-01,-1.595237e-02,-1.282565e+01,-4.158041e-01,-9.867651e-02,-1.659880e-01,4.921768e-03,2.677844e-03,1.587963e+01,-3.694770e-01,-7.220132e-03,-1.092662e-03,1.886172e-02,3.570340e-03,-6.116388e+00,5.157509e+01,5.576004e+00,1.174295e+03,3.088099e+04,2.609507e+03,8.761684e+05,1.777564e-01,1.162249e+01,-2.642243e-02,2.056037e+02,4.808376e+03,-4.447937e+01
3.830970e-03,1.057207e+04,3.103406e+03,3.174949e-01,7.271419e-03,3.767041e+00,1.023841e-01,9.774000e-07,8.982693e+02,0.000000e+00,0.000000e+00,1.910063e+03,0.000000e+00,0.000000e+00,0.000000e+00,0.000000e+00,0.000000e+00,0.000000e+00,0.000000e+00,0.000000e+00,0.000000e+00,0.000000e+00,0.000000e+00,0.000000e+00,0.000000e+00,0.000000e+00,0.000000e+00,0.000000e+00,0.000000e+00,0.000000e+00,0.000000e+00,0.000000e+00,0.000000e+00,0.000000e+00,0.000000e+00,0.000000e+00,0.000000e+00,0.000000e+00,0.000000e+00,0.000000e+00,0.000000e+00,0.000000e+00,0.000000e+00,0.000000e+00,0.000000e+00,0.000000e+00,0.000000e+00,0.000000e+00,0.000000e+00,1.057207e+04,2.752295e+02,7.255186e-02,-1.022072e-02,-4.329330e-01,1.136610e-03,0.000000e+00,0.000000e+00,0.000000e+00,0.000000e+00,0.000000e+00,0.000000e+00,0.000000e+00,0.000000e+00,0.000000e+00,0.000000e+00,0.000000e+00,0.000000e+00,0.000000e+00,0.000000e+00,0.000000e+00,0.000000e+00,0.000000e+00,0.000000e+00,0.000000e+00,0.000000e+00,0.000000e+00,-7.290370e+05,-4.860880e+03,-4.449665e+05,2.734813e-01,-1.586387e-02,-1.285760e+01,-4.188831e-01,-9.916528e-02,-1.659531e-01,4.921610e-03,2.679256e-03,1.592731e+01,-3.717584e-01,-7.462752e-03,-1.092669e-03,1.941818e-02,3.630531e-03,-6.103708e+00,5.190595e+01,5.619930e+00,1.183604e+03,2.895110e+04,4.762302e+03,8.536117e+05,1.794613e-01,1.167371e+01,-2.662548e-02,1.529450e+02,4.702022e+03,-5.583743e-01
3.840744e-03,1.052449e+04,3.130083e+03,3.195246e-01,7.444504e-03,3.809536e+00,1.023841e-01,9.774000e-07,9.053306e+02,0.000000e+00,0.000000e+00,1.923658e+03,0.000000e+00,0.000000e+00,0.000000e+00,0.000000e+00,0.000000e+00,0.000000e+00,0.000000e+00,0.000000e+00,0.000000e+00,0.000000e+00,0.000000e+00,0.000000e+00,0.000000e+00,0.000000e+00,0.000000e+00,0.000000e+00,0.000000e+00,0.000000e+00,0.000000e+00,0.000000e+00,0.000000e+00,0.000000e+00,0.000000e+00,0.000000e+00,0.000000e+00,0.000000e+00,0.000000e+00,0.000000e+00,0.000000e+00,0.000000e+00,0.000000e+00,0.000000e+00,0.000000e+00,0.000000e+00,0.000000e+00,0.000000e+00,0.000000e+00,1.052449e+04,2.661723e+02,7.305830e-02,-1.022009e-02,-4.201011e-01,1.136610e-03,0.000000e+00,0.000000e+00,0.000000e+00,0.000000e+00,0.000000e+00,0.000000e+00,0.000000e+00,0.000000e+00,0.000000e+00,0.000000e+00,0.000000e+00,0.000000e+00,0.000000e+00,0.000000e+00,0.000000e+00,0.000000e+00,0.000000e+00,0.000000e+00,0.000000e+00,0.000000e+00,0.000000e+00,-7.098982e+05,-5.956241e+03,-4.347503e+05,2.750211e-01,-1.579772e-02,-1.288589e+01,-4.215985e-01,-9.961697e-02,-1.659133e-01,4.921470e-03,2.680565e-03,1.596977e+01,-3.738289e-01,-7.670544e-03,-1.092678e-03,1.992702e-02,3.685746e-03,-6.092095e+00,5.218545e+01,5.671745e+00,1.191842e+03,2.956201e+04,5.858676e+03,8.319198e+05,1.811364e-01,1.171952e+01,-2.674838e-02,1.411143e+02,4.662018e+03,-4.127778e+00
3.850518e-03,1.047901e+04,3.156802e+03,3.215646e-01,7.567300e-03,3.851134e+00,1.023841e-01,9.774000e-07,9.123101e+02,0.000000e+00,0.000000e+00,1.935205e+03,0.000000e+00,0.000000e+00,0.000000e+00,0.000000e+00,0.000000e+00,0.000000e+00,0.000000e+00,0.000000e+00,0.000000e+00,0.000000e+00,0.000000e+00,0.000000e+00,0.000000e+00,0.000000e+00,0.000000e+00,0.000000e+00,0.000000e+00,0.000000e+00,0.000000e+00,0.000000e+00,0.000000e+00,0.000000e+00,0.000000e+00,0.000000e+00,0.000000e+00,0.000000e+00,0.000000e+00,0.000000e+00,0.000000e+00,0.000000e+00,0.000000e+00,0.000000e+00,0.000000e+00,0.000000e+00,0.000000e+00,0.000000e+00,0.000000e+00,1.047901e+04,2.576205e+02,7.362309e-02,-1.025616e-02,-4.074173e-01,1.136610e-03,0.000000e+00,0.000000e+00,0.000000e+00,0.000000e+00,0.000000e+00,0.000000e+00,0.000000e+00,0.000000e+00,0.000000e+00,0.000000e+00,0.000000e+00,0.000000e+00,0.000000e+00,0.000000e+00,0.000000e+00,0.000000e+00,0.000000e+00,0.000000e+00,0.000000e+00,0.000000e+00,0.000000e+00,-6.854092e+05,-4.977215e+03,-4.250614e+05,2.765503e-01,-1.573576e-02,-1.291341e+01,-4.243342e-01,-1.000630e-01,-1.658568e-01,4.921329e-03,2.681966e-03,1.601131e+01,-3.758954e-01,-7.828364e-03,-1.092699e-03,2.043860e-02,3.741480e-03,-6.080402e+00,5.247272e+01,5.728209e+00,1.199851e+03,3.325723e+04,4.881204e+03,8.058275e+05,1.828989e-01,1.176468e+01,-2.692522e-02,1.548660e+02,4.501023e+03,-2.292384e+01
3.860292e-03,1.043420e+04,3.183481e+03,3.234503e-01,7.674718e-03,3.891758e+00,1.023841e-01,9.774000e-07,9.191553e+02,0.000000e+00,0.000000e+00,1.946250e+03,0.000000e+00,0.000000e+00,0.000000e+00,0.000000e+00,0.000000e+00,0.000000e+00,0.000000e+00,0.000000e+00,0.000000e+00,0.000000e+00,0.000000e+00,0.000000e+00,0.000000e+00,0.000000e+00,0.000000e+00,0.000000e+00,0.000000e+00,0.000000e+00,0.000000e+00,0.000000e+00,0.000000e+00,0.000000e+00,0.000000e+00,0.000000e+00,0.000000e+00,0.000000e+00,0.000000e+00,0.000000e+00,0.000000e+00,0.000000e+00,0.000000e+00,0.000000e+00,0.000000e+00,0.000000e+00,0.000000e+00,0.000000e+00,0.000000e+00,1.043420e+04,2.496333e+02,7.407430e-02,-1.026548e-02,-3.949199e-01,1.136610e-03,0.000000e+00,0.000000e+00,0.000000e+00,0.000000e+00,0.000000e+00,0.000000e+00,0.000000e+00,0.000000e+00,0.000000e+00,0.000000e+00,0.000000e+00,0.000000e+00,0.000000e+00,0.000000e+00,0.000000e+00,0.000000e+00,0.000000e+00,0.000000e+00,0.000000e+00,0.000000e+00,0.000000e+00,-6.650764e+05,-2.624388e+03,-4.096629e+05,2.780817e-01,-1.567000e-02,-1.294018e+01,-4.271081e-01,-1.004313e-01,-1.657616e-01,4.921207e-03,2.683435e-03,1.605189e+01,-3.778094e-01,-7.980607e-03,-1.092773e-03,2.095312e-02,3.797659e-03,-6.068633e+00,5.277938e+01,5.765046e+00,1.207626e+03,2.993181e+04,2.530011e+03,7.805478e+05,1.841485e-01,1.180875e+01,-2.697797e-02,1.411601e+02,4.470775e+03,-1.706567e+01
3.870066e-03,1.039057e+04,3.209835e+03,3.252361e-01,7.701205e-03,3.931536e+00,1.023841e-01,9.774000e-07,9.259493e+02,0.000000e+00,0.000000e+00,1.956505e+03,0.000000e+00,0.000000e+00,0.000000e+00,0.000000e+00,0.000000e+00,0.000000e+00,0.000000e+00,0.000000e+00,0.000000e+00,0.000000e+00,0.000000e+00,0.000000e+00,0.000000e+00,0.000000e+00,0.000000e+00,0.000000e+00,0.000000e+00,0.000000e+00,0.000000e+00,0.000000e+00,0.000000e+00,0.000000e+00,0.000000e+00,0.000000e+00,0.000000e+00,0.000000e+00,0.000000e+00,0.000000e+00,0.000000e+00,0.000000e+00,0.000000e+00,0.000000e+00,0.000000e+00,0.000000e+00,0.000000e+00,0.000000e+00,0.000000e+00,1.039057e+04,2.420354e+02,7.447117e-02,-1.030836e-02,-3.825017e-01,1.136610e-03,0.000000e+00,0.000000e+00,0.000000e+00,0.000000e+00,0.000000e+00,0.000000e+00,0.000000e+00,0.000000e+00,0.000000e+00,0.000000e+00,0.000000e+00,0.000000e+00,0.000000e+00,0.000000e+00,0.000000e+00,0.000000e+00,0.000000e+00,0.000000e+00,0.000000e+00,0.000000e+00,0.000000e+00,-6.488170e+05,-2.832996e+03,-3.965597e+05,2.796177e-01,-1.558531e-02,-1.296623e+01,-4.298449e-01,-1.008078e-01,-1.656625e-01,4.921086e-03,2.684929e-03,1.609162e+01,-3.796006e-01,-8.053289e-03,-1.092919e-03,2.147057e-02,3.854180e-03,-6.056789e+00,5.307460e+01,5.799091e+00,1.215179e+03,2.659855e+04,2.739768e+03,7.599448e+05,1.855714e-01,1.185231e+01,-2.706124e-02,1.134434e+02,4.482484e+03,6.689057e+00
3.880817e-03,1.034311e+04,3.238398e+03,3.270488e-01,7.736952e-03,3.974323e+00,1.023841e-01,9.774000e-07,9.333756e+02,0.000000e+00,0.000000e+00,1.967692e+03,0.000000e+00,0.000000e+00,0.000000e+00,0.000000e+00,0.000000e+00,0.000000e+00,0.000000e+00,0.000000e+00,0.000000e+00,0.000000e+00,0.000000e+00,0.000000e+00,0.000000e+00,0.000000e+00,0.000000e+00,0.000000e+00,0.000000e+00,0.000000e+00,0.000000e+00,0.000000e+00,0.000000e+00,0.000000e+00,0.000000e+00,0.000000e+00,0.000000e+00,0.000000e+00,0.000000e+00,0.000000e+00,0.000000e+00,0.000000e+00,0.000000e+00,0.000000e+00,0.000000e+00,0.000000e+00,0.000000e+00,0.000000e+00,0.000000e+00,1.034311e+04,2.340996e+02,7.480717e-02,-1.033681e-02,-3.689263e-01,1.136610e-03,0.000000e+00,0.000000e+00,0.000000e+00,0.000000e+00,0.000000e+00,0.000000e+00,0.000000e+00,0.000000e+00,0.000000e+00,0.000000e+00,0.000000e+00,0.000000e+00,0.000000e+00,0.000000e+00,0.000000e+00,0.000000e+00,0.000000e+00,0.000000e+00,0.000000e+00,0.000000e+00,0.000000e+00,-6.268613e+05,-3.936299e+03,-3.865468e+05,2.812988e-01,-1.547912e-02,-1.299405e+01,-4.328252e-01,-1.012285e-01,-1.655458e-01,4.920963e-03,2.686466e-03,1.613436e+01,-3.814433e-01,-8.144527e-03,-1.093069e-03,2.204302e-02,3.916748e-03,-6.043677e+00,5.338768e+01,5.836720e+00,1.223231e+03,2.875950e+04,3.844484e+03,7.358988e+05,1.871533e-01,1.189979e+01,-2.711812e-02,1.469534e+02,4.388814e+03,-9.795372e-01
3.890591e-03,1.030085e+04,3.264037e+03,3.285457e-01,7.742908e-03,4.012412e+00,1.023841e-01,9.774000e-07,9.400211e+02,0.000000e+00,0.000000e+00,1.977397e+03,0.000000e+00,0.000000e+00,0.000000e+00,0.000000e+00,0.000000e+00,0.000000e+00,0.000000e+00,0.000000e+00,0.000000e+00,0.000000e+00,0.000000e+00,0.000000e+00,0.000000e+00,0.000000e+00,0.000000e+00,0.000000e+00,0.000000e+00,0.000000e+00,0.000000e+00,0.000000e+00,0.000000e+00,0.000000e+00,0.000000e+00,0.000000e+00,0.000000e+00,0.000000e+00,0.000000e+00,0.000000e+00,0.000000e+00,0.000000e+00,0.000000e+00,0.000000e+00,0.000000e+00,0.000000e+00,0.000000e+00,0.000000e+00,0.000000e+00,1.030085e+04,2.272907e+02,7.503785e-02,-1.038606e-02,-3.566619e-01,1.136610e-03,0.000000e+00,0.000000e+00,0.000000e+00,0.000000e+00,0.000000e+00,0.000000e+00,0.000000e+00,0.000000e+00,0.000000e+00,0.000000e+00,0.000000e+00,0.000000e+00,0.000000e+00,0.000000e+00,0.000000e+00,0.000000e+00,0.000000e+00,0.000000e+00,0.000000e+00,0.000000e+00,0.000000e+00,-6.082631e+05,-4.132586e+03,-3.754366e+05,2.828283e-01,-1.538376e-02,-1.301858e+01,-4.354969e-01,-1.016161e-01,-1.654361e-01,4.920850e-03,2.687864e-03,1.617241e+01,-3.829517e-01,-8.206830e-03,-1.093123e-03,2.256633e-02,3.974018e-03,-6.031682e+00,5.366385e+01,5.876357e+00,1.230327e+03,2.830140e+04,4.042154e+03,7.142382e+05,1.887253e-01,1.194213e+01,-2.720105e-02,1.645470e+02,4.269776e+03,-8.834892e+00
3.900365e-03,1.025912e+04,3.289358e+03,3.300352e-01,7.708661e-03,4.049710e+00,1.023841e-01,9.774000e-07,9.465746e+02,0.000000e+00,0.000000e+00,1.986987e+03,0.000000e+00,0.000000e+00,0.000000e+00,0.000000e+00,0.000000e+00,0.000000e+00,0.000000e+00,0.000000e+00,0.000000e+00,0.000000e+00,0.000000e+00,0.000000e+00,0.000000e+00,0.000000e+00,0.000000e+00,0.000000e+00,0.000000e+00,0.000000e+00,0.000000e+00,0.000000e+00,0.000000e+00,0.000000e+00,0.000000e+00,0.000000e+00,0.000000e+00,0.000000e+00,0.000000e+00,0.000000e+00,0.000000e+00,0.000000e+00,0.000000e+00,0.000000e+00,0.000000e+00,0.000000e+00,0.000000e+00,0.000000e+00,0.000000e+00,1.025912e+04,2.208546e+02,7.527009e-02,-1.047733e-02,-3.444898e-01,1.136610e-03,0.000000e+00,0.000000e+00,0.000000e+00,0.000000e+00,0.000000e+00,0.000000e+00,0.000000e+00,0.000000e+00,0.000000e+00,0.000000e+00,0.000000e+00,0.000000e+00,0.000000e+00,0.000000e+00,0.000000e+00,0.000000e+00,0.000000e+00,0.000000e+00,0.000000e+00,0.000000e+00,0.000000e+00,-5.918902e+05,-5.327683e+03,-3.628959e+05,2.843417e-01,-1.528677e-02,-1.304244e+01,-4.381256e-01,-1.020077e-01,-1.653260e-01,4.920753e-03,2.689244e-03,1.620967e+01,-3.844472e-01,-8.230143e-03,-1.093248e-03,2.309231e-02,4.031680e-03,-6.019620e+00,5.393519e+01,5.918314e+00,1.237220e+03,2.549976e+04,5.238580e+03,6.938142e+05,1.903372e-01,1.198371e+01,-2.727065e-02,1.757069e+02,4.218062e+03,-3.049143e+00
3.910139e-03,1.021813e+04,3.314360e+03,3.313982e-01,7.654572e-03,4.086278e+00,1.023841e-01,9.774000e-07,9.530256e+02,0.000000e+00,0.000000e+00,1.996259e+03,0.000000e+00,0.000000e+00,0.000000e+00,0.000000e+00,0.000000e+00,0.000000e+00,0.000000e+00,0.000000e+00,0.000000e+00,0.000000e+00,0.000000e+00,0.000000e+00,0.000000e+00,0.000000e+00,0.000000e+00,0.000000e+00,0.000000e+00,0.000000e+00,0.000000e+00,0.000000e+00,0.000000e+00,0.000000e+00,0.000000e+00,0.000000e+00,0.000000e+00,0.000000e+00,0.000000e+00,0.000000e+00,0.000000e+00,0.000000e+00,0.000000e+00,0.000000e+00,0.000000e+00,0.000000e+00,0.000000e+00,0.000000e+00,0.000000e+00,1.021813e+04,2.147577e+02,7.544925e-02,-1.059245e-02,-3.324175e-01,1.136610e-03,0.000000e+00,0.000000e+00,0.000000e+00,0.000000e+00,0.000000e+00,0.000000e+00,0.000000e+00,0.000000e+00,0.000000e+00,0.000000e+00,0.000000e+00,0.000000e+00,0.000000e+00,0.000000e+00,0.000000e+00,0.000000e+00,0.000000e+00,0.000000e+00,0.000000e+00,0.000000e+00,0.000000e+00,-5.743285e+05,-4.873800e+03,-3.542385e+05,2.858373e-01,-1.519888e-02,-1.306565e+01,-4.407039e-01,-1.023908e-01,-1.652175e-01,4.920658e-03,2.690577e-03,1.624620e+01,-3.858250e-01,-8.233586e-03,-1.093353e-03,2.362086e-02,4.089775e-03,-6.007491e+00,5.419330e+01,5.964216e+00,1.243921e+03,2.666029e+04,4.785914e+03,6.742613e+05,1.920874e-01,1.202452e+01,-2.737012e-02,1.820796e+02,4.123417e+03,-8.468995e+00
3.920891e-03,1.017378e+04,3.341433e+03,3.327724e-01,7.568265e-03,4.125648e+00,1.023841e-01,9.774000e-07,9.600258e+02,0.000000e+00,0.000000e+00,2.006225e+03,0.000000e+00,0.000000e+00,0.000000e+00,0.000000e+00,0.000000e+00,0.000000e+00,0.000000e+00,0.000000e+00,0.000000e+00,0.000000e+00,0.000000e+00,0.000000e+00,0.000000e+00,0.000000e+00,0.000000e+00,0.000000e+00,0.000000e+00,0.000000e+00,0.000000e+00,0.000000e+00,0.000000e+00,0.000000e+00,0.000000e+00,0.000000e+00,0.000000e+00,0.000000e+00,0.000000e+00,0.000000e+00,0.000000e+00,0.000000e+00,0.000000e+00,0.000000e+00,0.000000e+00,0.000000e+00,0.000000e+00,0.000000e+00,0.000000e+00,1.017378e+04,2.084238e+02,7.556856e-02,-1.076341e-02,-3.192280e-01,1.136610e-03,0.000000e+00,0.000000e+00,0.000000e+00,0.000000e+00,0.000000e+00,0.000000e+00,0.000000e+00,0.000000e+00,0.000000e+00,0.000000e+00,0.000000e+00,0.000000e+00,0.000000e+00,0.000000e+00,0.000000e+00,0.000000e+00,0.000000e+00,0.000000e+00,0.000000e+00,0.000000e+00,0.000000e+00,-5.566386e+05,-5.486083e+03,-3.428728e+05,2.874520e-01,-1.511563e-02,-1.309041e+01,-4.434559e-01,-1.028086e-01,-1.651034e-01,4.920556e-03,2.692070e-03,1.628553e+01,-3.871999e-01,-8.216445e-03,-1.093401e-03,2.420513e-02,4.154221e-03,-5.994075e+00,5.446367e+01,6.018457e+00,1.251064e+03,2.552757e+04,5.399568e+03,6.532668e+05,1.940761e-01,1.206864e+01,-2.748575e-02,1.878730e+02,4.033650e+03,-6.174515e+00
3.930665e-03,1.013420e+04,3.365656e+03,3.339894e-01,7.458895e-03,4.160704e+00,1.023841e-01,9.774000e-07,9.662855e+02,0.000000e+00,0.000000e+00,2.015073e+03,0.000000e+00,0.000000e+00,0.000000e+00,0.000000e+00,0.000000e+00,0.000000e+00,0.000000e+00,0.000000e+00,0.000000e+00,0.000000e+00,0.000000e+00,0.000000e+00,0.000000e+00,0.000000e+00,0.000000e+00,0.000000e+00,0.000000e+00,0.000000e+00,0.000000e+00,0.000000e+00,0.000000e+00,0.000000e+00,0.000000e+00,0.000000e+00,0.000000e+00,0.000000e+00,0.000000e+00,0.000000e+00,0.000000e+00,0.000000e+00,0.000000e+00,0.000000e+00,0.000000e+00,0.000000e+00,0.000000e+00,0.000000e+00,0.000000e+00,1.013420e+04,2.029903e+02,7.565834e-02,-1.094557e-02,-3.072862e-01,1.136610e-03,0.000000e+00,0.000000e+00,0.000000e+00,0.000000e+00,0.000000e+00,0.000000e+00,0.000000e+00,0.000000e+00,0.000000e+00,0.000000e+00,0.000000e+00,0.000000e+00,0.000000e+00,0.000000e+00,0.000000e+00,0.000000e+00,0.000000e+00,0.000000e+00,0.000000e+00,0.000000e+00,0.000000e+00,-5.423076e+05,-5.749980e+03,-3.310543e+05,2.888980e-01,-1.505553e-02,-1.311227e+01,-4.458870e-01,-1.031797e-01,-1.650044e-01,4.920461e-03,2.693393e-03,1.632055e+01,-3.884155e-01,-8.172699e-03,-1.093509e-03,2.473873e-02,4.213346e-03,-5.981813e+00,5.469738e+01,6.073349e+00,1.257364e+03,2.233946e+04,5.664712e+03,6.349776e+05,1.957978e-01,1.210794e+01,-2.746332e-02,1.788627e+02,3.975107e+03,1.236809e+00
3.940439e-03,1.009533e+04,3.389496e+03,3.350966e-01,7.342574e-03,4.195054e+00,1.023841e-01,9.774000e-07,9.724452e+02,0.000000e+00,0.000000e+00,2.023705e+03,0.000000e+00,0.000000e+00,0.000000e+00,0.000000e+00,0.000000e+00,0.000000e+00,0.000000e+00,0.000000e+00,0.000000e+00,0.000000e+00,0.000000e+00,0.000000e+00,0.000000e+00,0.000000e+00,0.000000e+00,0.000000e+00,0.000000e+00,0.000000e+00,0.000000e+00,0.000000e+00,0.000000e+00,0.000000e+00,0.000000e+00,0.000000e+00,0.000000e+00,0.000000e+00,0.000000e+00,0.000000e+00,0.000000e+00,0.000000e+00,0.000000e+00,0.000000e+00,0.000000e+00,0.000000e+00,0.000000e+00,0.000000e+00,0.000000e+00,1.009533e+04,1.978387e+02,7.570591e-02,-1.114647e-02,-2.954397e-01,1.136610e-03,0.000000e+00,0.000000e+00,0.000000e+00,0.000000e+00,0.000000e+00,0.000000e+00,0.000000e+00,0.000000e+00,0.000000e+00,0.000000e+00,0.000000e+00,0.000000e+00,0.000000e+00,0.000000e+00,0.000000e+00,0.000000e+00,0.000000e+00,0.000000e+00,0.000000e+00,0.000000e+00,0.000000e+00,-5.259686e+05,-5.621406e+03,-3.213320e+05,2.903182e-01,-1.499742e-02,-1.313348e+01,-4.482511e-01,-1.035425e-01,-1.649101e-01,4.920384e-03,2.694755e-03,1.635486e+01,-3.895255e-01,-8.121079e-03,-1.093576e-03,2.527453e-02,4.273009e-03,-5.969491e+00,5.491737e+01,6.128154e+00,1.263480e+03,2.195889e+04,5.537501e+03,6.159676e+05,1.974908e-01,1.214651e+01,-2.742363e-02,1.634493e+02,3.883389e+03,9.195072e+00
3.950213e-03,1.005713e+04,3.412913e+03,3.361351e-01,7.229385e-03,4.228710e+00,1.023841e-01,9.774000e-07,9.785106e+02,0.000000e+00,0.000000e+00,2.032149e+03,0.000000e+00,0.000000e+00,0.000000e+00,0.000000e+00,0.000000e+00,0.000000e+00,0.000000e+00,0.000000e+00,0.000000e+00,0.000000e+00,0.000000e+00,0.000000e+00,0.000000e+00,0.000000e+00,0.000000e+00,0.000000e+00,0.000000e+00,0.000000e+00,0.000000e+00,0.000000e+00,0.000000e+00,0.000000e+00,0.000000e+00,0.000000e+00,0.000000e+00,0.000000e+00,0.000000e+00,0.000000e+00,0.000000e+00,0.000000e+00,0.000000e+00,0.000000e+00,0.000000e+00,0.000000e+00,0.000000e+00,0.000000e+00,0.000000e+00,1.005713e+04,1.929255e+02,7.576390e-02,-1.135783e-02,-2.836896e-01,1.136610e-03,0.000000e+00,0.000000e+00,0.000000e+00,0.000000e+00,0.000000e+00,0.000000e+00,0.000000e+00,0.000000e+00,0.000000e+00,0.000000e+00,0.000000e+00,0.000000e+00,0.000000e+00,0.000000e+00,0.000000e+00,0.000000e+00,0.000000e+00,0.000000e+00,0.000000e+00,0.000000e+00,0.000000e+00,-5.109744e+05,-5.476431e+03,-3.111389e+05,2.917187e-01,-1.494243e-02,-1.315411e+01,-4.505278e-01,-1.038948e-01,-1.648197e-01,4.920307e-03,2.696079e-03,1.638849e+01,-3.905524e-01,-8.077482e-03,-1.093619e-03,2.581239e-02,4.333197e-03,-5.957109e+00,5.511921e+01,6.182727e+00,1.269420e+03,2.050419e+04,5.393847e+03,5.978986e+05,1.990910e-01,1.218437e+01,-2.730623e-02,1.563143e+02,3.807282e+03,1.757259e+01
3.960964e-03,1.001592e+04,3.438193e+03,3.372464e-01,7.100163e-03,4.264917e+00,1.023841e-01,9.774000e-07,9.850369e+02,0.000000e+00,0.000000e+00,2.041226e+03,0.000000e+00,0.000000e+00,0.000000e+00,0.000000e+00,0.000000e+00,0.000000e+00,0.000000e+00,0.000000e+00,0.000000e+00,0.000000e+00,0.000000e+00,0.000000e+00,0.000000e+00,0.000000e+00,0.000000e+00,0.000000e+00,0.000000e+00,0.000000e+00,0.000000e+00,0.000000e+00,0.000000e+00,0.000000e+00,0.000000e+00,0.000000e+00,0.000000e+00,0.000000e+00,0.000000e+00,0.000000e+00,0.000000e+00,0.000000e+00,0.000000e+00,0.000000e+00,0.000000e+00,0.000000e+00,0.000000e+00,0.000000e+00,0.000000e+00,1.001592e+04,1.878207e+02,7.584107e-02,-1.158778e-02,-2.708741e-01,1.136610e-03,0.000000e+00,0.000000e+00,0.000000e+00,0.000000e+00,0.000000e+00,0.000000e+00,0.000000e+00,0.000000e+00,0.000000e+00,0.000000e+00,0.000000e+00,0.000000e+00,0.000000e+00,0.000000e+00,0.000000e+00,0.000000e+00,0.000000e+00,0.000000e+00,0.000000e+00,0.000000e+00,0.000000e+00,-4.953690e+05,-5.495143e+03,-2.987365e+05,2.932315e-01,-1.489161e-02,-1.317613e+01,-4.529471e-01,-1.042668e-01,-1.647179e-01,4.920232e-03,2.697596e-03,1.642464e+01,-3.916336e-01,-8.027630e-03,-1.093672e-03,2.640625e-02,4.400018e-03,-5.943424e+00,5.532744e+01,6.242654e+00,1.275757e+03,1.742670e+04,5.414063e+03,5.782138e+05,2.006969e-01,1.222496e+01,-2.706165e-02,1.545763e+02,3.748739e+03,2.071702e+01
3.970738e-03,9.979150e+03,3.460729e+03,3.381818e-01,6.996226e-03,4.297096e+00,1.023841e-01,9.774000e-07,9.908461e+02,0.000000e+00,0.000000e+00,2.049329e+03,0.000000e+00,0.000000e+00,0.000000e+00,0.000000e+00,0.000000e+00,0.000000e+00,0.000000e+00,0.000000e+00,0.000000e+00,0.000000e+00,0.000000e+00,0.000000e+00,0.000000e+00,0.000000e+00,0.000000e+00,0.000000e+00,0.000000e+00,0.000000e+00,0.000000e+00,0.000000e+00,0.000000e+00,0.000000e+00,0.000000e+00,0.000000e+00,0.000000e+00,0.000000e+00,0.000000e+00,0.000000e+00,0.000000e+00,0.000000e+00,0.000000e+00,0.000000e+00,0.000000e+00,0.000000e+00,0.000000e+00,0.000000e+00,0.000000e+00,9.979150e+03,1.834308e+02,7.587583e-02,-1.179008e-02,-2.593473e-01,1.136610e-03,0.000000e+00,0.000000e+00,0.000000e+00,0.000000e+00,0.000000e+00,0.000000e+00,0.000000e+00,0.000000e+00,0.000000e+00,0.000000e+00,0.000000e+00,0.000000e+00,0.000000e+00,0.000000e+00,0.000000e+00,0.000000e+00,0.000000e+00,0.000000e+00,0.000000e+00,0.000000e+00,0.000000e+00,-4.795660e+05,-5.320590e+03,-2.883542e+05,2.945859e-01,-1.485036e-02,-1.319553e+01,-4.550743e-01,-1.045885e-01,-1.646235e-01,4.920162e-03,2.699055e-03,1.645679e+01,-3.925156e-01,-7.998718e-03,-1.093701e-03,2.694796e-02,4.461318e-03,-5.930925e+00,5.550129e+01,6.295116e+00,1.281340e+03,1.619504e+04,5.241075e+03,5.593481e+05,2.020956e-01,1.226099e+01,-2.683433e-02,1.359918e+02,3.663850e+03,2.469425e+01
3.980512e-03,9.943107e+03,3.482812e+03,3.390760e-01,6.900880e-03,4.328573e+00,1.023841e-01,9.774000e-07,9.965604e+02,0.000000e+00,0.000000e+00,2.057250e+03,0.000000e+00,0.000000e+00,0.000000e+00,0.000000e+00,0.000000e+00,0.000000e+00,0.000000e+00,0.000000e+00,0.000000e+00,0.000000e+00,0.000000e+00,0.000000e+00,0.000000e+00,0.000000e+00,0.000000e+00,0.000000e+00,0.000000e+00,0.000000e+00,0.000000e+00,0.000000e+00,0.000000e+00,0.000000e+00,0.000000e+00,0.000000e+00,0.000000e+00,0.000000e+00,0.000000e+00,0.000000e+00,0.000000e+00,0.000000e+00,0.000000e+00,0.000000e+00,0.000000e+00,0.000000e+00,0.000000e+00,0.000000e+00,0.000000e+00,9.943107e+03,1.792515e+02,7.595025e-02,-1.198923e-02,-2.479332e-01,1.136610e-03,0.000000e+00,0.000000e+00,0.000000e+00,0.000000e+00,0.000000e+00,0.000000e+00,0.000000e+00,0.000000e+00,0.000000e+00,0.000000e+00,0.000000e+00,0.000000e+00,0.000000e+00,0.000000e+00,0.000000e+00,0.000000e+00,0.000000e+00,0.000000e+00,0.000000e+00,0.000000e+00,0.000000e+00,-4.662110e+05,-5.415752e+03,-2.796711e+05,2.959303e-01,-1.481512e-02,-1.321436e+01,-4.571173e-01,-1.048950e-01,-1.645288e-01,4.920101e-03,2.700598e-03,1.648823e+01,-3.933149e-01,-7.983978e-03,-1.093723e-03,2.749126e-02,4.523116e-03,-5.918372e+00,5.565364e+01,6.345482e+00,1.286750e+03,1.524012e+04,5.337423e+03,5.434494e+05,2.033683e-01,1.229634e+01,-2.657343e-02,1.312199e+02,3.573108e+03,2.392624e+01
3.990286e-03,9.907771e+03,3.504424e+03,3.399357e-01,6.809255e-03,4.359351e+00,1.023841e-01,9.774000e-07,1.002169e+03,0.000000e+00,0.000000e+00,2.065139e+03,0.000000e+00,0.000000e+00,0.000000e+00,0.000000e+00,0.000000e+00,0.000000e+00,0.000000e+00,0.000000e+00,0.000000e+00,0.000000e+00,0.000000e+00,0.000000e+00,0.000000e+00,0.000000e+00,0.000000e+00,0.000000e+00,0.000000e+00,0.000000e+00,0.000000e+00,0.000000e+00,0.000000e+00,0.000000e+00,0.000000e+00,0.000000e+00,0.000000e+00,0.000000e+00,0.000000e+00,0.000000e+00,0.000000e+00,0.000000e+00,0.000000e+00,0.000000e+00,0.000000e+00,0.000000e+00,0.000000e+00,0.000000e+00,0.000000e+00,9.907771e+03,1.752916e+02,7.601075e-02,-1.217276e-02,-2.366322e-01,1.136609e-03,0.000000e+00,0.000000e+00,0.000000e+00,0.000000e+00,0.000000e+00,0.000000e+00,0.000000e+00,0.000000e+00,0.000000e+00,0.000000e+00,0.000000e+00,0.000000e+00,0.000000e+00,0.000000e+00,0.000000e+00,0.000000e+00,0.000000e+00,0.000000e+00,0.000000e+00,0.000000e+00,0.000000e+00,-4.527390e+05,-4.930280e+03,-2.693072e+05,2.972526e-01,-1.478483e-02,-1.323262e+01,-4.590964e-01,-1.051840e-01,-1.644314e-01,4.920040e-03,2.702266e-03,1.651897e+01,-3.940677e-01,-7.959822e-03,-1.093742e-03,2.803600e-02,4.585400e-03,-5.905766e+00,5.579579e+01,6.393715e+00,1.291994e+03,1.287380e+04,4.853366e+03,5.266251e+05,2.045454e-01,1.233091e+01,-2.630936e-02,1.187031e+02,3.522370e+03,2.830367e+01
4.000060e-03,9.873115e+03,3.525559e+03,3.407326e-01,6.733244e-03,4.389430e+00,1.023841e-01,9.774000e-07,1.007706e+03,0.000000e+00,0.000000e+00,2.072817e+03,0.000000e+00,0.000000e+00,0.000000e+00,0.000000e+00,0.000000e+00,0.000000e+00,0.000000e+00,0.000000e+00,0.000000e+00,0.000000e+00,0.000000e+00,0.000000e+00,0.000000e+00,0.000000e+00,0.000000e+00,0.000000e+00,0.000000e+00,0.000000e+00,0.000000e+00,0.000000e+00,0.000000e+00,0.000000e+00,0.000000e+00,0.000000e+00,0.000000e+00,0.000000e+00,0.000000e+00,0.000000e+00,0.000000e+00,0.000000e+00,0.000000e+00,0.000000e+00,0.000000e+00,0.000000e+00,0.000000e+00,0.000000e+00,0.000000e+00,9.873115e+03,1.715321e+02,7.607073e-02,-1.235080e-02,-2.254582e-01,1.136610e-03,0.000000e+00,0.000000e+00,0.000000e+00,0.000000e+00,0.000000e+00,0.000000e+00,0.000000e+00,0.000000e+00,0.000000e+00,0.000000e+00,0.000000e+00,0.000000e+00,0.000000e+00,0.000000e+00,0.000000e+00,0.000000e+00,0.000000e+00,0.000000e+00,0.000000e+00,0.000000e+00,0.000000e+00,-4.395167e+05,-5.426665e+03,-2.618584e+05,2.985579e-01,-1.477153e-02,-1.325032e+01,-4.610026e-01,-1.054586e-01,-1.643354e-01,4.919984e-03,2.704030e-03,1.654902e+01,-3.947524e-01,-7.935322e-03,-1.093760e-03,2.858203e-02,4.648161e-03,-5.893111e+00,5.591935e+01,6.443669e+00,1.297067e+03,1.292251e+04,5.350928e+03,5.114475e+05,2.055748e-01,1.236498e+01,-2.593795e-02,9.566686e+01,3.419919e+03,3.958360e+01
4.010811e-03,9.835770e+03,3.548262e+03,3.415630e-01,6.655315e-03,4.421724e+00,1.023841e-01,9.774000e-07,1.013704e+03,0.000000e+00,0.000000e+00,2.081133e+03,0.000000e+00,0.000000e+00,0.000000e+00,0.000000e+00,0.000000e+00,0.000000e+00,0.000000e+00,0.000000e+00,0.000000e+00,0.000000e+00,0.000000e+00,0.000000e+00,0.000000e+00,0.000000e+00,0.000000e+00,0.000000e+00,0.000000e+00,0.000000e+00,0.000000e+00,0.000000e+00,0.000000e+00,0.000000e+00,0.000000e+00,0.000000e+00,0.000000e+00,0.000000e+00,0.000000e+00,0.000000e+00,0.000000e+00,0.000000e+00,0.000000e+00,0.000000e+00,0.000000e+00,0.000000e+00,0.000000e+00,0.000000e+00,0.000000e+00,9.835770e+03,1.676423e+02,7.617160e-02,-1.254937e-02,-2.133126e-01,1.136610e-03,0.000000e+00,0.000000e+00,0.000000e+00,0.000000e+00,0.000000e+00,0.000000e+00,0.000000e+00,0.000000e+00,0.000000e+00,0.000000e+00,0.000000e+00,0.000000e+00,0.000000e+00,0.000000e+00,0.000000e+00,0.000000e+00,0.000000e+00,0.000000e+00,0.000000e+00,0.000000e+00,0.000000e+00,-4.249152e+05,-5.282391e+03,-2.516027e+05,2.999780e-01,-1.476592e-02,-1.326914e+01,-4.630197e-01,-1.057473e-01,-1.642276e-01,4.919919e-03,2.706162e-03,1.658128e+01,-3.954555e-01,-7.900324e-03,-1.093785e-03,2.918397e-02,4.717775e-03,-5.879134e+00,5.603836e+01,6.499269e+00,1.302459e+03,1.120221e+04,5.208220e+03,4.936923e+05,2.065455e-01,1.240175e+01,-2.549116e-02,9.039185e+01,3.355521e+03,3.636865e+01
4.020585e-03,9.802482e+03,3.568398e+03,3.422821e-01,6.595735e-03,4.450371e+00,1.023841e-01,9.774000e-07,1.019071e+03,0.000000e+00,0.000000e+00,2.088599e+03,0.000000e+00,0.000000e+00,0.000000e+00,0.000000e+00,0.000000e+00,0.000000e+00,0.000000e+00,0.000000e+00,0.000000e+00,0.000000e+00,0.000000e+00,0.000000e+00,0.000000e+00,0.000000e+00,0.000000e+00,0.000000e+00,0.000000e+00,0.000000e+00,0.000000e+00,0.000000e+00,0.000000e+00,0.000000e+00,0.000000e+00,0.000000e+00,0.000000e+00,0.000000e+00,0.000000e+00,0.000000e+00,0.000000e+00,0.000000e+00,0.000000e+00,0.000000e+00,0.000000e+00,0.000000e+00,0.000000e+00,0.000000e+00,0.000000e+00,9.802482e+03,1.643159e+02,7.625885e-02,-1.270883e-02,-2.023863e-01,1.136610e-03,0.000000e+00,0.000000e+00,0.000000e+00,0.000000e+00,0.000000e+00,0.000000e+00,0.000000e+00,0.000000e+00,0.000000e+00,0.000000e+00,0.000000e+00,0.000000e+00,0.000000e+00,0.000000e+00,0.000000e+00,0.000000e+00,0.000000e+00,0.000000e+00,0.000000e+00,0.000000e+00,0.000000e+00,-4.115843e+05,-5.227370e+03,-2.407057e+05,3.012494e-01,-1.476043e-02,-1.328568e+01,-4.647827e-01,-1.059966e-01,-1.641302e-01,4.919864e-03,2.708285e-03,1.660989e+01,-3.960608e-01,-7.873379e-03,-1.093817e-03,2.973220e-02,4.781557e-03,-5.866378e+00,5.613317e+01,6.545892e+00,1.307191e+03,8.290246e+03,5.154827e+03,4.767314e+05,2.073733e-01,1.243455e+01,-2.514359e-02,7.311845e+01,3.339909e+03,4.532742e+01
4.030359e-03,9.769971e+03,3.588021e+03,3.429450e-01,6.551358e-03,4.478350e+00,1.023841e-01,9.774000e-07,1.024351e+03,0.000000e+00,0.000000e+00,2.096256e+03,0.000000e+00,0.000000e+00,0.000000e+00,0.000000e+00,0.000000e+00,0.000000e+00,0.000000e+00,0.000000e+00,0.000000e+00,0.000000e+00,0.000000e+00,0.000000e+00,0.000000e+00,0.000000e+00,0.000000e+00,0.000000e+00,0.000000e+00,0.000000e+00,0.000000e+00,0.000000e+00,0.000000e+00,0.000000e+00,0.000000e+00,0.000000e+00,0.000000e+00,0.000000e+00,0.000000e+00,0.000000e+00,0.000000e+00,0.000000e+00,0.000000e+00,0.000000e+00,0.000000e+00,0.000000e+00,0.000000e+00,0.000000e+00,0.000000e+00,9.769971e+03,1.611033e+02,7.632429e-02,-1.287212e-02,-1.915991e-01,1.136610e-03,0.000000e+00,0.000000e+00,0.000000e+00,0.000000e+00,0.000000e+00,0.000000e+00,0.000000e+00,0.000000e+00,0.000000e+00,0.000000e+00,0.000000e+00,0.000000e+00,0.000000e+00,0.000000e+00,0.000000e+00,0.000000e+00,0.000000e+00,0.000000e+00,0.000000e+00,0.000000e+00,0.000000e+00,-3.968244e+05,-5.503970e+03,-2.342740e+05,3.024758e-01,-1.477408e-02,-1.330175e+01,-4.664965e-01,-1.062300e-01,-1.640271e-01,4.919814e-03,2.710611e-03,1.663784e+01,-3.966182e-01,-7.872360e-03,-1.093855e-03,3.028131e-02,4.845799e-03,-5.853577e+00,5.622316e+01,6.594829e+00,1.311779e+03,9.967428e+03,5.432896e+03,4.607118e+05,2.081592e-01,1.246677e+01,-2.476567e-02,7.636578e+01,3.242337e+03,5.169441e+01
4.040133e-03,9.738262e+03,3.607133e+03,3.435665e-01,6.513156e-03,4.505668e+00,1.023841e-01,9.774000e-07,1.029595e+03,0.000000e+00,0.000000e+00,2.103386e+03,0.000000e+00,0.000000e+00,0.000000e+00,0.000000e+00,0.000000e+00,0.000000e+00,0.000000e+00,0.000000e+00,0.000000e+00,0.000000e+00,0.000000e+00,0.000000e+00,0.000000e+00,0.000000e+00,0.000000e+00,0.000000e+00,0.000000e+00,0.000000e+00,0.000000e+00,0.000000e+00,0.000000e+00,0.000000e+00,0.000000e+00,0.000000e+00,0.000000e+00,0.000000e+00,0.000000e+00,0.000000e+00,0.000000e+00,0.000000e+00,0.000000e+00,0.000000e+00,0.000000e+00,0.000000e+00,0.000000e+00,0.000000e+00,0.000000e+00,9.738262e+03,1.580964e+02,7.639863e-02,-1.302513e-02,-1.809160e-01,1.136610e-03,0.000000e+00,0.000000e+00,0.000000e+00,0.000000e+00,0.000000e+00,0.000000e+00,0.000000e+00,0.000000e+00,0.000000e+00,0.000000e+00,0.000000e+00,0.000000e+00,0.000000e+00,0.000000e+00,0.000000e+00,0.000000e+00,0.000000e+00,0.000000e+00,0.000000e+00,0.000000e+00,0.000000e+00,-3.815182e+05,-5.425318e+03,-2.210242e+05,3.036783e-01,-1.479947e-02,-1.331720e+01,-4.681146e-01,-1.064482e-01,-1.639250e-01,4.919765e-03,2.713161e-03,1.666512e+01,-3.971397e-01,-7.884853e-03,-1.093903e-03,3.083125e-02,4.910528e-03,-5.840732e+00,5.629690e+01,6.644288e+00,1.316190e+03,5.962939e+03,5.356475e+03,4.408776e+05,2.088347e-01,1.249864e+01,-2.432295e-02,7.421614e+01,3.252094e+03,4.837656e+01
4.050885e-03,9.703997e+03,3.627580e+03,3.442104e-01,6.483479e-03,4.534970e+00,1.023841e-01,9.774000e-07,1.035286e+03,0.000000e+00,0.000000e+00,2.111271e+03,0.000000e+00,0.000000e+00,0.000000e+00,0.000000e+00,0.000000e+00,0.000000e+00,0.000000e+00,0.000000e+00,0.000000e+00,0.000000e+00,0.000000e+00,0.000000e+00,0.000000e+00,0.000000e+00,0.000000e+00,0.000000e+00,0.000000e+00,0.000000e+00,0.000000e+00,0.000000e+00,0.000000e+00,0.000000e+00,0.000000e+00,0.000000e+00,0.000000e+00,0.000000e+00,0.000000e+00,0.000000e+00,0.000000e+00,0.000000e+00,0.000000e+00,0.000000e+00,0.000000e+00,0.000000e+00,0.000000e+00,0.000000e+00,0.000000e+00,9.703997e+03,1.549909e+02,7.647269e-02,-1.318192e-02,-1.692745e-01,1.136610e-03,0.000000e+00,0.000000e+00,0.000000e+00,0.000000e+00,0.000000e+00,0.000000e+00,0.000000e+00,0.000000e+00,0.000000e+00,0.000000e+00,0.000000e+00,0.000000e+00,0.000000e+00,0.000000e+00,0.000000e+00,0.000000e+00,0.000000e+00,0.000000e+00,0.000000e+00,0.000000e+00,0.000000e+00,-3.685089e+05,-5.237742e+03,-2.120484e+05,3.049686e-01,-1.483196e-02,-1.333364e+01,-4.698298e-01,-1.066754e-01,-1.638117e-01,4.919717e-03,2.716241e-03,1.669439e+01,-3.976814e-01,-7.914988e-03,-1.093967e-03,3.143692e-02,4.982278e-03,-5.826554e+00,5.636592e+01,6.697638e+00,1.320864e+03,4.561856e+03,5.170425e+03,4.251390e+05,2.095619e-01,1.253316e+01,-2.383457e-02,4.688057e+01,3.214041e+03,5.437766e+01
4.060659e-03,9.673441e+03,3.645635e+03,3.447455e-01,6.467792e-03,4.560936e+00,1.023841e-01,9.774000e-07,1.040424e+03,0.000000e+00,0.000000e+00,2.118367e+03,0.000000e+00,0.000000e+00,0.000000e+00,0.000000e+00,0.000000e+00,0.000000e+00,0.000000e+00,0.000000e+00,0.000000e+00,0.000000e+00,0.000000e+00,0.000000e+00,0.000000e+00,0.000000e+00,0.000000e+00,0.000000e+00,0.000000e+00,0.000000e+00,0.000000e+00,0.000000e+00,0.000000e+00,0.000000e+00,0.000000e+00,0.000000e+00,0.000000e+00,0.000000e+00,0.000000e+00,0.000000e+00,0.000000e+00,0.000000e+00,0.000000e+00,0.000000e+00,0.000000e+00,0.000000e+00,0.000000e+00,0.000000e+00,0.000000e+00,9.673441e+03,1.523633e+02,7.655223e-02,-1.331403e-02,-1.587941e-01,1.136610e-03,0.000000e+00,0.000000e+00,0.000000e+00,0.000000e+00,0.000000e+00,0.000000e+00,0.000000e+00,0.000000e+00,0.000000e+00,0.000000e+00,0.000000e+00,0.000000e+00,0.000000e+00,0.000000e+00,0.000000e+00,0.000000e+00,0.000000e+00,0.000000e+00,0.000000e+00,0.000000e+00,0.000000e+00,-3.553296e+05,-4.589602e+03,-2.045974e+05,3.061145e-01,-1.485116e-02,-1.334802e+01,-4.713066e-01,-1.068785e-01,-1.637064e-01,4.919670e-03,2.719325e-03,1.672032e+01,-3.981295e-01,-7.956355e-03,-1.094037e-03,3.198808e-02,5.047994e-03,-5.813622e+00,5.641098e+01,6.743443e+00,1.324946e+03,4.564699e+03,4.523836e+03,4.099987e+05,2.100540e-01,1.256426e+01,-2.332704e-02,4.235260e+01,3.150618e+03,5.331236e+01
4.070433e-03,9.643567e+03,3.663178e+03,3.452416e-01,6.462247e-03,4.586280e+00,1.023841e-01,9.774000e-07,1.045508e+03,0.000000e+00,0.000000e+00,2.125324e+03,0.000000e+00,0.000000e+00,0.000000e+00,0.000000e+00,0.000000e+00,0.000000e+00,0.000000e+00,0.000000e+00,0.000000e+00,0.000000e+00,0.000000e+00,0.000000e+00,0.000000e+00,0.000000e+00,0.000000e+00,0.000000e+00,0.000000e+00,0.000000e+00,0.000000e+00,0.000000e+00,0.000000e+00,0.000000e+00,0.000000e+00,0.000000e+00,0.000000e+00,0.000000e+00,0.000000e+00,0.000000e+00,0.000000e+00,0.000000e+00,0.000000e+00,0.000000e+00,0.000000e+00,0.000000e+00,0.000000e+00,0.000000e+00,0.000000e+00,9.643567e+03,1.498498e+02,7.662991e-02,-1.342932e-02,-1.484364e-01,1.136610e-03,0.000000e+00,0.000000e+00,0.000000e+00,0.000000e+00,0.000000e+00,0.000000e+00,0.000000e+00,0.000000e+00,0.000000e+00,0.000000e+00,0.000000e+00,0.000000e+00,0.000000e+00,0.000000e+00,0.000000e+00,0.000000e+00,0.000000e+00,0.000000e+00,0.000000e+00,0.000000e+00,0.000000e+00,-3.433633e+05,-4.506307e+03,-1.960309e+05,3.072244e-01,-1.486949e-02,-1.336193e+01,-4.727281e-01,-1.070790e-01,-1.636010e-01,4.919632e-03,2.722718e-03,1.674564e+01,-3.985408e-01,-8.007684e-03,-1.094123e-03,3.253967e-02,5.114149e-03,-5.800650e+00,5.645213e+01,6.788740e+00,1.328886e+03,2.997635e+03,4.442104e+03,3.953708e+05,2.105000e-01,1.259493e+01,-2.281686e-02,3.233616e+01,3.129153e+03,5.277495e+01
4.080207e-03,9.614399e+03,3.680212e+03,3.456959e-01,6.469025e-03,4.611002e+00,1.023841e-01,9.774000e-07,1.050540e+03,0.000000e+00,0.000000e+00,2.132209e+03,0.000000e+00,0.000000e+00,0.000000e+00,0.000000e+00,0.000000e+00,0.000000e+00,0.000000e+00,0.000000e+00,0.000000e+00,0.000000e+00,0.000000e+00,0.000000e+00,0.000000e+00,0.000000e+00,0.000000e+00,0.000000e+00,0.000000e+00,0.000000e+00,0.000000e+00,0.000000e+00,0.000000e+00,0.000000e+00,0.000000e+00,0.000000e+00,0.000000e+00,0.000000e+00,0.000000e+00,0.000000e+00,0.000000e+00,0.000000e+00,0.000000e+00,0.000000e+00,0.000000e+00,0.000000e+00,0.000000e+00,0.000000e+00,0.000000e+00,9.614399e+03,1.474371e+02,7.667749e-02,-1.353197e-02,-1.382151e-01,1.136610e-03,0.000000e+00,0.000000e+00,0.000000e+00,0.000000e+00,0.000000e+00,0.000000e+00,0.000000e+00,0.000000e+00,0.000000e+00,0.000000e+00,0.000000e+00,0.000000e+00,0.000000e+00,0.000000e+00,0.000000e+00,0.000000e+00,0.000000e+00,0.000000e+00,0.000000e+00,0.000000e+00,0.000000e+00,-3.300302e+05,-4.134163e+03,-1.878799e+05,3.082946e-01,-1.487510e-02,-1.337538e+01,-4.740897e-01,-1.072798e-01,-1.634943e-01,4.919596e-03,2.726418e-03,1.677033e+01,-3.989148e-01,-8.069554e-03,-1.094223e-03,3.309162e-02,5.180732e-03,-5.787641e+00,5.648679e+01,6.831110e+00,1.332692e+03,2.458013e+03,4.071727e+03,3.797542e+05,2.108832e-01,1.262523e+01,-2.231642e-02,1.308082e+01,3.085245e+03,5.571356e+01
4.090960e-03,9.583091e+03,3.698379e+03,3.461406e-01,6.488924e-03,4.637507e+00,1.023841e-01,9.774943e-07,1.056033e+03,0.000000e+00,0.000000e+00,2.139654e+03,0.000000e+00,0.000000e+00,0.000000e+00,0.000000e+00,0.000000e+00,0.000000e+00,0.000000e+00,0.000000e+00,0.000000e+00,0.000000e+00,0.000000e+00,0.000000e+00,0.000000e+00,0.000000e+00,0.000000e+00,0.000000e+00,0.000000e+00,0.000000e+00,0.000000e+00,0.000000e+00,0.000000e+00,0.000000e+00,0.000000e+00,0.000000e+00,0.000000e+00,0.000000e+00,0.000000e+00,0.000000e+00,0.000000e+00,0.000000e+00,0.000000e+00,0.000000e+00,0.000000e+00,0.000000e+00,0.000000e+00,0.000000e+00,0.000000e+00,9.583091e+03,1.449578e+02,7.670528e-02,-1.362645e-02,-1.270982e-01,1.136610e-03,0.000000e+00,0.000000e+00,0.000000e+00,0.000000e+00,0.000000e+00,0.000000e+00,0.000000e+00,0.000000e+00,0.000000e+00,0.000000e+00,0.000000e+00,0.000000e+00,0.000000e+00,0.000000e+00,0.000000e+00,0.000000e+00,0.000000e+00,0.000000e+00,0.000000e+00,0.000000e+00,0.000000e+00,-3.148899e+05,-3.710516e+03,-1.789480e+05,3.094332e-01,-1.487735e-02,-1.338962e+01,-4.755143e-01,-1.075040e-01,-1.633787e-01,4.919562e-03,2.730912e-03,1.679680e+01,-3.992734e-01,-8.147510e-03,-1.094350e-03,3.369918e-02,5.254463e-03,-5.773287e+00,5.651441e+01,6.878662e+00,1.336707e+03,2.121612e+03,3.650156e+03,3.621795e+05,2.112746e-01,1.265822e+01,-2.176474e-02,9.161497e+00,3.039971e+03,4.928878e+01
4.100733e-03,9.555314e+03,3.714372e+03,3.465044e-01,6.517013e-03,4.660979e+00,1.023841e-01,9.774000e-07,1.060992e+03,0.000000e+00,0.000000e+00,2.146270e+03,0.000000e+00,0.000000e+00,0.000000e+00,0.000000e+00,0.000000e+00,0.000000e+00,0.000000e+00,0.000000e+00,0.000000e+00,0.000000e+00,0.000000e+00,0.000000e+00,0.000000e+00,0.000000e+00,0.000000e+00,0.000000e+00,0.000000e+00,0.000000e+00,0.000000e+00,0.000000e+00,0.000000e+00,0.000000e+00,0.000000e+00,0.000000e+00,0.000000e+00,0.000000e+00,0.000000e+00,0.000000e+00,0.000000e+00,0.000000e+00,0.000000e+00,0.000000e+00,0.000000e+00,0.000000e+00,0.000000e+00,0.000000e+00,0.000000e+00,9.555314e+03,1.428555e+02,7.672831e-02,-1.369894e-02,-1.170916e-01,1.136610e-03,0.000000e+00,0.000000e+00,0.000000e+00,0.000000e+00,0.000000e+00,0.000000e+00,0.000000e+00,0.000000e+00,0.000000e+00,0.000000e+00,0.000000e+00,0.000000e+00,0.000000e+00,0.000000e+00,0.000000e+00,0.000000e+00,0.000000e+00,0.000000e+00,0.000000e+00,0.000000e+00,0.000000e+00,-3.035034e+05,-4.347812e+03,-1.714806e+05,3.104427e-01,-1.486841e-02,-1.340206e+01,-4.767464e-01,-1.077083e-01,-1.632759e-01,4.919536e-03,2.735356e-03,1.682025e+01,-3.995601e-01,-8.225586e-03,-1.094485e-03,3.425165e-02,5.321897e-03,-5.760203e+00,5.652930e+01,6.917743e+00,1.340204e+03,1.218792e+03,4.289016e+03,3.485957e+05,2.115948e-01,1.268792e+01,-2.130755e-02,3.076585e+01,3.018896e+03,4.435931e+01
4.110508e-03,9.528197e+03,3.729880e+03,3.468269e-01,6.555453e-03,4.683877e+00,1.023841e-01,9.774000e-07,1.065909e+03,0.000000e+00,0.000000e+00,2.152753e+03,0.000000e+00,0.000000e+00,0.000000e+00,0.000000e+00,0.000000e+00,0.000000e+00,0.000000e+00,0.000000e+00,0.000000e+00,0.000000e+00,0.000000e+00,0.000000e+00,0.000000e+00,0.000000e+00,0.000000e+00,0.000000e+00,0.000000e+00,0.000000e+00,0.000000e+00,0.000000e+00,0.000000e+00,0.000000e+00,0.000000e+00,0.000000e+00,0.000000e+00,0.000000e+00,0.000000e+00,0.000000e+00,0.000000e+00,0.000000e+00,0.000000e+00,0.000000e+00,0.000000e+00,0.000000e+00,0.000000e+00,0.000000e+00,0.000000e+00,9.528197e+03,1.408662e+02,7.674856e-02,-1.375809e-02,-1.072072e-01,1.136610e-03,0.000000e+00,0.000000e+00,0.000000e+00,0.000000e+00,0.000000e+00,0.000000e+00,0.000000e+00,0.000000e+00,0.000000e+00,0.000000e+00,0.000000e+00,0.000000e+00,0.000000e+00,0.000000e+00,0.000000e+00,0.000000e+00,0.000000e+00,0.000000e+00,0.000000e+00,0.000000e+00,0.000000e+00,-2.930350e+05,-3.723854e+03,-1.642342e+05,3.114248e-01,-1.484802e-02,-1.341406e+01,-4.779249e-01,-1.079105e-01,-1.631740e-01,4.919512e-03,2.740188e-03,1.684312e+01,-3.998084e-01,-8.310934e-03,-1.094640e-03,3.480423e-02,5.389711e-03,-5.747086e+00,5.653731e+01,6.954263e+00,1.343568e+03,5.677930e+01,3.666524e+03,3.359208e+05,2.118932e-01,1.271731e+01,-2.087436e-02,3.968460e+01,2.988648e+03,3.340336e+01
4.120287e-03,9.501653e+03,3.744921e+03,3.471058e-01,6.603388e-03,4.706225e+00,1.023841e-01,9.803305e-07,1.070784e+03,0.000000e+00,0.000000e+00,2.159143e+03,0.000000e+00,0.000000e+00,0.000000e+00,0.000000e+00,0.000000e+00,0.000000e+00,0.000000e+00,0.000000e+00,0.000000e+00,0.000000e+00,0.000000e+00,0.000000e+00,0.000000e+00,0.000000e+00,0.000000e+00,0.000000e+00,0.000000e+00,0.000000e+00,0.000000e+00,0.000000e+00,0.000000e+00,0.000000e+00,0.000000e+00,0.000000e+00,0.000000e+00,0.000000e+00,0.000000e+00,0.000000e+00,0.000000e+00,0.000000e+00,0.000000e+00,0.000000e+00,0.000000e+00,0.000000e+00,0.000000e+00,0.000000e+00,0.000000e+00,9.501653e+03,1.389920e+02,7.674702e-02,-1.379473e-02,-9.742519e-02,1.136610e-03,0.000000e+00,0.000000e+00,0.000000e+00,0.000000e+00,0.000000e+00,0.000000e+00,0.000000e+00,0.000000e+00,0.000000e+00,0.000000e+00,0.000000e+00,0.000000e+00,0.000000e+00,0.000000e+00,0.000000e+00,0.000000e+00,0.000000e+00,0.000000e+00,0.000000e+00,0.000000e+00,0.000000e+00,-2.822977e+05,-3.404524e+03,-1.573387e+05,3.123838e-01,-1.481931e-02,-1.342562e+01,-4.790621e-01,-1.081146e-01,-1.630749e-01,4.919481e-03,2.745366e-03,1.686544e+01,-4.000142e-01,-8.403221e-03,-1.094813e-03,3.535718e-02,5.457920e-03,-5.733929e+00,5.653982e+01,6.989687e+00,1.346805e+03,-6.707930e+02,3.348717e+03,3.231832e+05,2.121885e-01,1.274637e+01,-2.046395e-02,1.565608e+01,2.964136e+03,4.846733e+01
4.130079e-03,9.475750e+03,3.759510e+03,3.473632e-01,6.665593e-03,4.728052e+00,1.023842e-01,9.802467e-07,1.075641e+03,0.000000e+00,0.000000e+00,2.165508e+03,0.000000e+00,0.000000e+00,0.000000e+00,0.000000e+00,0.000000e+00,0.000000e+00,0.000000e+00,0.000000e+00,0.000000e+00,0.000000e+00,0.000000e+00,0.000000e+00,0.000000e+00,0.000000e+00,0.000000e+00,0.000000e+00,0.000000e+00,0.000000e+00,0.000000e+00,0.000000e+00,0.000000e+00,0.000000e+00,0.000000e+00,0.000000e+00,0.000000e+00,0.000000e+00,0.000000e+00,0.000000e+00,0.000000e+00,0.000000e+00,0.000000e+00,0.000000e+00,0.000000e+00,0.000000e+00,0.000000e+00,0.000000e+00,0.000000e+00,9.475750e+03,1.372387e+02,7.673480e-02,-1.382938e-02,-8.772282e-02,1.136609e-03,0.000000e+00,0.000000e+00,0.000000e+00,0.000000e+00,0.000000e+00,0.000000e+00,0.000000e+00,0.000000e+00,0.000000e+00,0.000000e+00,0.000000e+00,0.000000e+00,0.000000e+00,0.000000e+00,0.000000e+00,0.000000e+00,0.000000e+00,0.000000e+00,0.000000e+00,0.000000e+00,0.000000e+00,-2.705323e+05,-3.474927e+03,-1.506419e+05,3.133375e-01,-1.478999e-02,-1.343676e+01,-4.801592e-01,-1.083192e-01,-1.629810e-01,4.919461e-03,2.750930e-03,1.688723e+01,-4.001876e-01,-8.499705e-03,-1.095005e-03,3.591074e-02,5.526557e-03,-5.720725e+00,5.653160e+01,7.026300e+00,1.349912e+03,-7.257432e+02,3.420817e+03,3.096458e+05,2.124068e-01,1.277528e+01,-1.994189e-02,3.107211e+01,2.915792e+03,4.429752e+01
4.140841e-03,9.448004e+03,3.774980e+03,3.476012e-01,6.722840e-03,4.751412e+00,1.023842e-01,9.774158e-07,1.080936e+03,0.000000e+00,0.000000e+00,2.172255e+03,0.000000e+00,0.000000e+00,0.000000e+00,0.000000e+00,0.000000e+00,0.000000e+00,0.000000e+00,0.000000e+00,0.000000e+00,0.000000e+00,0.000000e+00,0.000000e+00,0.000000e+00,0.000000e+00,0.000000e+00,0.000000e+00,0.000000e+00,0.000000e+00,0.000000e+00,0.000000e+00,0.000000e+00,0.000000e+00,0.000000e+00,0.000000e+00,0.000000e+00,0.000000e+00,0.000000e+00,0.000000e+00,0.000000e+00,0.000000e+00,0.000000e+00,0.000000e+00,0.000000e+00,0.000000e+00,0.000000e+00,0.000000e+00,0.000000e+00,9.448004e+03,1.354498e+02,7.670592e-02,-1.386993e-02,-7.715700e-02,1.136610e-03,0.000000e+00,0.000000e+00,0.000000e+00,0.000000e+00,0.000000e+00,0.000000e+00,0.000000e+00,0.000000e+00,0.000000e+00,0.000000e+00,0.000000e+00,0.000000e+00,0.000000e+00,0.000000e+00,0.000000e+00,0.000000e+00,0.000000e+00,0.000000e+00,0.000000e+00,0.000000e+00,0.000000e+00,-2.586112e+05,-4.076666e+03,-1.432381e+05,3.143742e-01,-1.476527e-02,-1.344851e+01,-4.813285e-01,-1.085404e-01,-1.628817e-01,4.919440e-03,2.757467e-03,1.691056e+01,-4.003377e-01,-8.606766e-03,-1.095242e-03,3.651909e-02,5.602422e-03,-5.706177e+00,5.651580e+01,7.068900e+00,1.353181e+03,-1.321138e+03,4.024350e+03,2.956274e+05,2.127693e-01,1.280670e+01,-1.938888e-02,1.844707e+01,2.891036e+03,6.066188e+01
4.150620e-03,9.423458e+03,3.788544e+03,3.477763e-01,6.780597e-03,4.772061e+00,1.023842e-01,9.781523e-07,1.085704e+03,0.000000e+00,0.000000e+00,2.178252e+03,0.000000e+00,0.000000e+00,0.000000e+00,0.000000e+00,0.000000e+00,0.000000e+00,0.000000e+00,0.000000e+00,0.000000e+00,0.000000e+00,0.000000e+00,0.000000e+00,0.000000e+00,0.000000e+00,0.000000e+00,0.000000e+00,0.000000e+00,0.000000e+00,0.000000e+00,0.000000e+00,0.000000e+00,0.000000e+00,0.000000e+00,0.000000e+00,0.000000e+00,0.000000e+00,0.000000e+00,0.000000e+00,0.000000e+00,0.000000e+00,0.000000e+00,0.000000e+00,0.000000e+00,0.000000e+00,0.000000e+00,0.000000e+00,0.000000e+00,9.423458e+03,1.339258e+02,7.667177e-02,-1.389623e-02,-6.769203e-02,1.136610e-03,0.000000e+00,0.000000e+00,0.000000e+00,0.000000e+00,0.000000e+00,0.000000e+00,0.000000e+00,0.000000e+00,0.000000e+00,0.000000e+00,0.000000e+00,0.000000e+00,0.000000e+00,0.000000e+00,0.000000e+00,0.000000e+00,0.000000e+00,0.000000e+00,0.000000e+00,0.000000e+00,0.000000e+00,-2.489592e+05,-3.322400e+03,-1.364156e+05,3.152953e-01,-1.473209e-02,-1.345876e+01,-4.823476e-01,-1.087343e-01,-1.627936e-01,4.919425e-03,2.763796e-03,1.693117e+01,-4.004451e-01,-8.699594e-03,-1.095482e-03,3.707162e-02,5.671728e-03,-5.692930e+00,5.649591e+01,7.103891e+00,1.356023e+03,-2.524677e+03,3.271601e+03,2.838729e+05,2.130576e-01,1.283493e+01,-1.890310e-02,3.331694e+01,2.871320e+03,4.678577e+01
4.160395e-03,9.399515e+03,3.801657e+03,3.479271e-01,6.821639e-03,4.792187e+00,1.023842e-01,9.774770e-07,1.090433e+03,0.000000e+00,0.000000e+00,2.184151e+03,0.000000e+00,0.000000e+00,0.000000e+00,0.000000e+00,0.000000e+00,0.000000e+00,0.000000e+00,0.000000e+00,0.000000e+00,0.000000e+00,0.000000e+00,0.000000e+00,0.000000e+00,0.000000e+00,0.000000e+00,0.000000e+00,0.000000e+00,0.000000e+00,0.000000e+00,0.000000e+00,0.000000e+00,0.000000e+00,0.000000e+00,0.000000e+00,0.000000e+00,0.000000e+00,0.000000e+00,0.000000e+00,0.000000e+00,0.000000e+00,0.000000e+00,0.000000e+00,0.000000e+00,0.000000e+00,0.000000e+00,0.000000e+00,0.000000e+00,9.399515e+03,1.324900e+02,7.664165e-02,-1.393241e-02,-5.833769e-02,1.136610e-03,0.000000e+00,0.000000e+00,0.000000e+00,0.000000e+00,0.000000e+00,0.000000e+00,0.000000e+00,0.000000e+00,0.000000e+00,0.000000e+00,0.000000e+00,0.000000e+00,0.000000e+00,0.000000e+00,0.000000e+00,0.000000e+00,0.000000e+00,0.000000e+00,0.000000e+00,0.000000e+00,0.000000e+00,-2.388679e+05,-3.051330e+03,-1.300438e+05,3.162012e-01,-1.469906e-02,-1.346861e+01,-4.833310e-01,-1.089233e-01,-1.627061e-01,4.919415e-03,2.770511e-03,1.695128e+01,-4.005289e-01,-8.774260e-03,-1.095748e-03,3.762375e-02,5.741347e-03,-5.679659e+00,5.646979e+01,7.138115e+00,1.358746e+03,-3.123232e+03,3.002122e+03,2.719555e+05,2.133247e-01,1.286287e+01,-1.840141e-02,4.068800e+01,2.840141e+03,3.880909e+01
4.170171e-03,9.376137e+03,3.814303e+03,3.480437e-01,6.859693e-03,4.811802e+00,1.023842e-01,9.775586e-07,1.095132e+03,0.000000e+00,0.000000e+00,2.189969e+03,0.000000e+00,0.000000e+00,0.000000e+00,0.000000e+00,0.000000e+00,0.000000e+00,0.000000e+00,0.000000e+00,0.000000e+00,0.000000e+00,0.000000e+00,0.000000e+00,0.000000e+00,0.000000e+00,0.000000e+00,0.000000e+00,0.000000e+00,0.000000e+00,0.000000e+00,0.000000e+00,0.000000e+00,0.000000e+00,0.000000e+00,0.000000e+00,0.000000e+00,0.000000e+00,0.000000e+00,0.000000e+00,0.000000e+00,0.000000e+00,0.000000e+00,0.000000e+00,0.000000e+00,0.000000e+00,0.000000e+00,0.000000e+00,0.000000e+00,9.376137e+03,1.311461e+02,7.660931e-02,-1.396514e-02,-4.909806e-02,1.136610e-03,0.000000e+00,0.000000e+00,0.000000e+00,0.000000e+00,0.000000e+00,0.000000e+00,0.000000e+00,0.000000e+00,0.000000e+00,0.000000e+00,0.000000e+00,0.000000e+00,0.000000e+00,0.000000e+00,0.000000e+00,0.000000e+00,0.000000e+00,0.000000e+00,0.000000e+00,0.000000e+00,0.000000e+00,-2.272228e+05,-2.482077e+03,-1.227588e+05,3.170990e-01,-1.466375e-02,-1.347807e+01,-4.842899e-01,-1.091053e-01,-1.626220e-01,4.919406e-03,2.777577e-03,1.697087e+01,-4.005811e-01,-8.844294e-03,-1.096041e-03,3.817559e-02,5.811288e-03,-5.666363e+00,5.643886e+01,7.170273e+00,1.361355e+03,-3.763390e+03,2.434832e+03,2.582363e+05,2.136340e-01,1.289057e+01,-1.796670e-02,4.964754e+01,2.826236e+03,1.826342e+01
4.180924e-03,9.351074e+03,3.827722e+03,3.481300e-01,6.904626e-03,4.832814e+00,1.023842e-01,9.775677e-07,1.100266e+03,0.000000e+00,0.000000e+00,2.196248e+03,0.000000e+00,0.000000e+00,0.000000e+00,0.000000e+00,0.000000e+00,0.000000e+00,0.000000e+00,0.000000e+00,0.000000e+00,0.000000e+00,0.000000e+00,0.000000e+00,0.000000e+00,0.000000e+00,0.000000e+00,0.000000e+00,0.000000e+00,0.000000e+00,0.000000e+00,0.000000e+00,0.000000e+00,0.000000e+00,0.000000e+00,0.000000e+00,0.000000e+00,0.000000e+00,0.000000e+00,0.000000e+00,0.000000e+00,0.000000e+00,0.000000e+00,0.000000e+00,0.000000e+00,0.000000e+00,0.000000e+00,0.000000e+00,0.000000e+00,9.351074e+03,1.297949e+02,7.655634e-02,-1.398145e-02,-3.903850e-02,1.136610e-03,0.000000e+00,0.000000e+00,0.000000e+00,0.000000e+00,0.000000e+00,0.000000e+00,0.000000e+00,0.000000e+00,0.000000e+00,0.000000e+00,0.000000e+00,0.000000e+00,0.000000e+00,0.000000e+00,0.000000e+00,0.000000e+00,0.000000e+00,0.000000e+00,0.000000e+00,0.000000e+00,0.000000e+00,-2.171996e+05,-2.809371e+03,-1.168041e+05,3.180690e-01,-1.461488e-02,-1.348802e+01,-4.853051e-01,-1.092964e-01,-1.625321e-01,4.919397e-03,2.785798e-03,1.699185e+01,-4.005972e-01,-8.922462e-03,-1.096396e-03,3.878225e-02,5.888558e-03,-5.651708e+00,5.639831e+01,7.199179e+00,1.364083e+03,-4.034114e+03,2.763700e+03,2.465823e+05,2.139630e-01,1.292078e+01,-1.758781e-02,1.839864e+01,2.789154e+03,4.481142e+01
4.190700e-03,9.328896e+03,3.839476e+03,3.481748e-01,6.951272e-03,4.851421e+00,1.023842e-01,9.777808e-07,1.104890e+03,0.000000e+00,0.000000e+00,2.201835e+03,0.000000e+00,0.000000e+00,0.000000e+00,0.000000e+00,0.000000e+00,0.000000e+00,0.000000e+00,0.000000e+00,0.000000e+00,0.000000e+00,0.000000e+00,0.000000e+00,0.000000e+00,0.000000e+00,0.000000e+00,0.000000e+00,0.000000e+00,0.000000e+00,0.000000e+00,0.000000e+00,0.000000e+00,0.000000e+00,0.000000e+00,0.000000e+00,0.000000e+00,0.000000e+00,0.000000e+00,0.000000e+00,0.000000e+00,0.000000e+00,0.000000e+00,0.000000e+00,0.000000e+00,0.000000e+00,0.000000e+00,0.000000e+00,0.000000e+00,9.328896e+03,1.286859e+02,7.647903e-02,-1.400117e-02,-2.996477e-02,1.136610e-03,0.000000e+00,0.000000e+00,0.000000e+00,0.000000e+00,0.000000e+00,0.000000e+00,0.000000e+00,0.000000e+00,0.000000e+00,0.000000e+00,0.000000e+00,0.000000e+00,0.000000e+00,0.000000e+00,0.000000e+00,0.000000e+00,0.000000e+00,0.000000e+00,0.000000e+00,0.000000e+00,0.000000e+00,-2.069683e+05,-3.469711e+03,-1.103196e+05,3.189363e-01,-1.457131e-02,-1.349666e+01,-4.862009e-01,-1.094786e-01,-1.624497e-01,4.919393e-03,2.793668e-03,1.701043e+01,-4.005803e-01,-8.997694e-03,-1.096752e-03,3.933340e-02,5.959090e-03,-5.638360e+00,5.635837e+01,7.229650e+00,1.366444e+03,-4.671896e+03,3.425812e+03,2.344883e+05,2.142602e-01,1.294791e+01,-1.719419e-02,2.657929e+01,2.760345e+03,5.211081e+01
4.200479e-03,9.307275e+03,3.850804e+03,3.481854e-01,7.002103e-03,4.869572e+00,1.023842e-01,9.779835e-07,1.109481e+03,0.000000e+00,0.000000e+00,2.207323e+03,0.000000e+00,0.000000e+00,0.000000e+00,0.000000e+00,0.000000e+00,0.000000e+00,0.000000e+00,0.000000e+00,0.000000e+00,0.000000e+00,0.000000e+00,0.000000e+00,0.000000e+00,0.000000e+00,0.000000e+00,0.000000e+00,0.000000e+00,0.000000e+00,0.000000e+00,0.000000e+00,0.000000e+00,0.000000e+00,0.000000e+00,0.000000e+00,0.000000e+00,0.000000e+00,0.000000e+00,0.000000e+00,0.000000e+00,0.000000e+00,0.000000e+00,0.000000e+00,0.000000e+00,0.000000e+00,0.000000e+00,0.000000e+00,0.000000e+00,9.307275e+03,1.277014e+02,7.641097e-02,-1.402288e-02,-2.095336e-02,1.136610e-03,0.000000e+00,0.000000e+00,0.000000e+00,0.000000e+00,0.000000e+00,0.000000e+00,0.000000e+00,0.000000e+00,0.000000e+00,0.000000e+00,0.000000e+00,0.000000e+00,0.000000e+00,0.000000e+00,0.000000e+00,0.000000e+00,0.000000e+00,0.000000e+00,0.000000e+00,0.000000e+00,0.000000e+00,-1.959802e+05,-2.997924e+03,-1.032000e+05,3.197976e-01,-1.452634e-02,-1.350490e+01,-4.870636e-01,-1.096586e-01,-1.623690e-01,4.919400e-03,2.801900e-03,1.702856e+01,-4.005307e-01,-9.075356e-03,-1.097136e-03,3.988425e-02,6.029943e-03,-5.624986e+00,5.631047e+01,7.260841e+00,1.368684e+03,-5.498021e+03,2.956035e+03,2.214239e+05,2.146127e-01,1.297479e+01,-1.682627e-02,1.610530e+01,2.746037e+03,4.694267e+01
4.210258e-03,9.286251e+03,3.861711e+03,3.481620e-01,7.059054e-03,4.887286e+00,1.023842e-01,9.775026e-07,1.114033e+03,0.000000e+00,0.000000e+00,2.212688e+03,0.000000e+00,0.000000e+00,0.000000e+00,0.000000e+00,0.000000e+00,0.000000e+00,0.000000e+00,0.000000e+00,0.000000e+00,0.000000e+00,0.000000e+00,0.000000e+00,0.000000e+00,0.000000e+00,0.000000e+00,0.000000e+00,0.000000e+00,0.000000e+00,0.000000e+00,0.000000e+00,0.000000e+00,0.000000e+00,0.000000e+00,0.000000e+00,0.000000e+00,0.000000e+00,0.000000e+00,0.000000e+00,0.000000e+00,0.000000e+00,0.000000e+00,0.000000e+00,0.000000e+00,0.000000e+00,0.000000e+00,0.000000e+00,0.000000e+00,9.286251e+03,1.268234e+02,7.632352e-02,-1.403756e-02,-1.200449e-02,1.136610e-03,0.000000e+00,0.000000e+00,0.000000e+00,0.000000e+00,0.000000e+00,0.000000e+00,0.000000e+00,0.000000e+00,0.000000e+00,0.000000e+00,0.000000e+00,0.000000e+00,0.000000e+00,0.000000e+00,0.000000e+00,0.000000e+00,0.000000e+00,0.000000e+00,0.000000e+00,0.000000e+00,0.000000e+00,-1.859560e+05,-3.786419e+03,-9.782934e+04,3.206510e-01,-1.447930e-02,-1.351277e+01,-4.879028e-01,-1.098408e-01,-1.622899e-01,4.919412e-03,2.810493e-03,1.704626e+01,-4.004480e-01,-9.157580e-03,-1.097551e-03,4.043467e-02,6.101109e-03,-5.611588e+00,5.625744e+01,7.291899e+00,1.370813e+03,-5.270458e+03,3.746247e+03,2.100541e+05,2.149607e-01,1.300141e+01,-1.644568e-02,6.209711e+01,2.702154e+03,2.731610e+01
4.220033e-03,9.265817e+03,3.872152e+03,3.481065e-01,7.122442e-03,4.904559e+00,1.023842e-01,9.775832e-07,1.118556e+03,0.000000e+00,0.000000e+00,2.217952e+03,0.000000e+00,0.000000e+00,0.000000e+00,0.000000e+00,0.000000e+00,0.000000e+00,0.000000e+00,0.000000e+00,0.000000e+00,0.000000e+00,0.000000e+00,0.000000e+00,0.000000e+00,0.000000e+00,0.000000e+00,0.000000e+00,0.000000e+00,0.000000e+00,0.000000e+00,0.000000e+00,0.000000e+00,0.000000e+00,0.000000e+00,0.000000e+00,0.000000e+00,0.000000e+00,0.000000e+00,0.000000e+00,0.000000e+00,0.000000e+00,0.000000e+00,0.000000e+00,0.000000e+00,0.000000e+00,0.000000e+00,0.000000e+00,0.000000e+00,9.265817e+03,1.260468e+02,7.622167e-02,-1.404490e-02,-3.115270e-03,1.136610e-03,0.000000e+00,0.000000e+00,0.000000e+00,0.000000e+00,0.000000e+00,0.000000e+00,0.000000e+00,0.000000e+00,0.000000e+00,0.000000e+00,0.000000e+00,0.000000e+00,0.000000e+00,0.000000e+00,0.000000e+00,0.000000e+00,0.000000e+00,0.000000e+00,0.000000e+00,0.000000e+00,0.000000e+00,-1.776367e+05,-2.351259e+03,-9.111483e+04,3.214966e-01,-1.442889e-02,-1.352025e+01,-4.887102e-01,-1.100141e-01,-1.622130e-01,4.919427e-03,2.819480e-03,1.706351e+01,-4.003345e-01,-9.245217e-03,-1.098000e-03,4.098423e-02,6.172543e-03,-5.598179e+00,5.619916e+01,7.322467e+00,1.372825e+03,-7.050357e+03,2.312737e+03,1.995174e+05,2.153337e-01,1.302778e+01,-1.607445e-02,2.894541e+01,2.699254e+03,2.948651e+01
4.230787e-03,9.244055e+03,3.883097e+03,3.480021e-01,7.209816e-03,4.923075e+00,1.023842e-01,9.775260e-07,1.123507e+03,0.000000e+00,0.000000e+00,2.223600e+03,0.000000e+00,0.000000e+00,0.000000e+00,0.000000e+00,0.000000e+00,0.000000e+00,0.000000e+00,0.000000e+00,0.000000e+00,0.000000e+00,0.000000e+00,0.000000e+00,0.000000e+00,0.000000e+00,0.000000e+00,0.000000e+00,0.000000e+00,0.000000e+00,0.000000e+00,0.000000e+00,0.000000e+00,0.000000e+00,0.000000e+00,0.000000e+00,0.000000e+00,0.000000e+00,0.000000e+00,0.000000e+00,0.000000e+00,0.000000e+00,0.000000e+00,0.000000e+00,0.000000e+00,0.000000e+00,0.000000e+00,0.000000e+00,0.000000e+00,9.244055e+03,1.252782e+02,7.611388e-02,-1.404429e-02,6.610838e-03,1.136610e-03,0.000000e+00,0.000000e+00,0.000000e+00,0.000000e+00,0.000000e+00,0.000000e+00,0.000000e+00,0.000000e+00,0.000000e+00,0.000000e+00,0.000000e+00,0.000000e+00,0.000000e+00,0.000000e+00,0.000000e+00,0.000000e+00,0.000000e+00,0.000000e+00,0.000000e+00,0.000000e+00,0.000000e+00,-1.655638e+05,-3.192861e+03,-8.544079e+04,3.224144e-01,-1.437609e-02,-1.352806e+01,-4.895695e-01,-1.101973e-01,-1.621307e-01,4.919451e-03,2.829803e-03,1.708200e+01,-4.001689e-01,-9.357261e-03,-1.098532e-03,4.158820e-02,6.251477e-03,-5.583403e+00,5.612709e+01,7.353849e+00,1.374913e+03,-6.092303e+03,3.156462e+03,1.862112e+05,2.156612e-01,1.305660e+01,-1.565435e-02,6.146104e+01,2.665263e+03,3.380967e+01
4.240565e-03,9.224918e+03,3.892547e+03,3.478742e-01,7.296907e-03,4.939469e+00,1.023842e-01,9.777523e-07,1.127979e+03,0.000000e+00,0.000000e+00,2.228617e+03,0.000000e+00,0.000000e+00,0.000000e+00,0.000000e+00,0.000000e+00,0.000000e+00,0.000000e+00,0.000000e+00,0.000000e+00,0.000000e+00,0.000000e+00,0.000000e+00,0.000000e+00,0.000000e+00,0.000000e+00,0.000000e+00,0.000000e+00,0.000000e+00,0.000000e+00,0.000000e+00,0.000000e+00,0.000000e+00,0.000000e+00,0.000000e+00,0.000000e+00,0.000000e+00,0.000000e+00,0.000000e+00,0.000000e+00,0.000000e+00,0.000000e+00,0.000000e+00,0.000000e+00,0.000000e+00,0.000000e+00,0.000000e+00,0.000000e+00,9.224918e+03,1.246711e+02,7.597772e-02,-1.403608e-02,1.540452e-02,1.136610e-03,0.000000e+00,0.000000e+00,0.000000e+00,0.000000e+00,0.000000e+00,0.000000e+00,0.000000e+00,0.000000e+00,0.000000e+00,0.000000e+00,0.000000e+00,0.000000e+00,0.000000e+00,0.000000e+00,0.000000e+00,0.000000e+00,0.000000e+00,0.000000e+00,0.000000e+00,0.000000e+00,0.000000e+00,-1.572640e+05,-2.978897e+03,-7.981688e+04,3.232397e-01,-1.433245e-02,-1.353477e+01,-4.903279e-01,-1.103628e-01,-1.620582e-01,4.919475e-03,2.839591e-03,1.709838e+01,-3.999858e-01,-9.465985e-03,-1.099054e-03,4.213664e-02,6.323545e-03,-5.569950e+00,5.605949e+01,7.385451e+00,1.376695e+03,-6.935086e+03,2.944113e+03,1.762238e+05,2.160177e-01,1.308258e+01,-1.526362e-02,2.188428e+01,2.640256e+03,4.181787e+01
4.250339e-03,9.206422e+03,3.901497e+03,3.477193e-01,7.392125e-03,4.955447e+00,1.023842e-01,9.774000e-07,1.132443e+03,0.000000e+00,0.000000e+00,2.233524e+03,0.000000e+00,0.000000e+00,0.000000e+00,0.000000e+00,0.000000e+00,0.000000e+00,0.000000e+00,0.000000e+00,0.000000e+00,0.000000e+00,0.000000e+00,0.000000e+00,0.000000e+00,0.000000e+00,0.000000e+00,0.000000e+00,0.000000e+00,0.000000e+00,0.000000e+00,0.000000e+00,0.000000e+00,0.000000e+00,0.000000e+00,0.000000e+00,0.000000e+00,0.000000e+00,0.000000e+00,0.000000e+00,0.000000e+00,0.000000e+00,0.000000e+00,0.000000e+00,0.000000e+00,0.000000e+00,0.000000e+00,0.000000e+00,0.000000e+00,9.206422e+03,1.241348e+02,7.583033e-02,-1.401594e-02,2.415664e-02,1.136610e-03,0.000000e+00,0.000000e+00,0.000000e+00,0.000000e+00,0.000000e+00,0.000000e+00,0.000000e+00,0.000000e+00,0.000000e+00,0.000000e+00,0.000000e+00,0.000000e+00,0.000000e+00,0.000000e+00,0.000000e+00,0.000000e+00,0.000000e+00,0.000000e+00,0.000000e+00,0.000000e+00,0.000000e+00,-1.478884e+05,-2.602145e+03,-7.337095e+04,3.240561e-01,-1.428480e-02,-1.354111e+01,-4.910558e-01,-1.105131e-01,-1.619881e-01,4.919503e-03,2.849732e-03,1.711433e+01,-3.997777e-01,-9.580956e-03,-1.099611e-03,4.268420e-02,6.395876e-03,-5.556484e+00,5.598505e+01,7.412115e+00,1.378361e+03,-7.974080e+03,2.569291e+03,1.648965e+05,2.163413e-01,1.310845e+01,-1.490255e-02,2.166416e+01,2.635435e+03,3.688510e+01
4.260113e-03,9.188588e+03,3.909962e+03,3.475299e-01,7.497420e-03,4.971010e+00,1.023842e-01,9.774000e-07,1.136879e+03,0.000000e+00,0.000000e+00,2.238269e+03,0.000000e+00,0.000000e+00,0.000000e+00,0.000000e+00,0.000000e+00,0.000000e+00,0.000000e+00,0.000000e+00,0.000000e+00,0.000000e+00,0.000000e+00,0.000000e+00,0.000000e+00,0.000000e+00,0.000000e+00,0.000000e+00,0.000000e+00,0.000000e+00,0.000000e+00,0.000000e+00,0.000000e+00,0.000000e+00,0.000000e+00,0.000000e+00,0.000000e+00,0.000000e+00,0.000000e+00,0.000000e+00,0.000000e+00,0.000000e+00,0.000000e+00,0.000000e+00,0.000000e+00,0.000000e+00,0.000000e+00,0.000000e+00,0.000000e+00,9.188588e+03,1.236617e+02,7.567314e-02,-1.399059e-02,3.285751e-02,1.136609e-03,0.000000e+00,0.000000e+00,0.000000e+00,0.000000e+00,0.000000e+00,0.000000e+00,0.000000e+00,0.000000e+00,0.000000e+00,0.000000e+00,0.000000e+00,0.000000e+00,0.000000e+00,0.000000e+00,0.000000e+00,0.000000e+00,0.000000e+00,0.000000e+00,0.000000e+00,0.000000e+00,0.000000e+00,-1.385532e+05,-3.296371e+03,-6.814066e+04,3.248611e-01,-1.423514e-02,-1.354708e+01,-4.917648e-01,-1.106679e-01,-1.619198e-01,4.919535e-03,2.860212e-03,1.712988e+01,-3.995366e-01,-9.705277e-03,-1.100206e-03,4.323099e-02,6.468475e-03,-5.543003e+00,5.590761e+01,7.439677e+00,1.379918e+03,-7.973940e+03,3.265335e+03,1.541972e+05,2.166977e-01,1.313412e+01,-1.453530e-02,5.150003e+01,2.598358e+03,3.339764e+01
4.270865e-03,9.169723e+03,3.918697e+03,3.472837e-01,7.619646e-03,4.987660e+00,1.023842e-01,9.774000e-07,1.141737e+03,0.000000e+00,0.000000e+00,2.243320e+03,0.000000e+00,0.000000e+00,0.000000e+00,0.000000e+00,0.000000e+00,0.000000e+00,0.000000e+00,0.000000e+00,0.000000e+00,0.000000e+00,0.000000e+00,0.000000e+00,0.000000e+00,0.000000e+00,0.000000e+00,0.000000e+00,0.000000e+00,0.000000e+00,0.000000e+00,0.000000e+00,0.000000e+00,0.000000e+00,0.000000e+00,0.000000e+00,0.000000e+00,0.000000e+00,0.000000e+00,0.000000e+00,0.000000e+00,0.000000e+00,0.000000e+00,0.000000e+00,0.000000e+00,0.000000e+00,0.000000e+00,0.000000e+00,0.000000e+00,9.169723e+03,1.232115e+02,7.547998e-02,-1.395222e-02,4.235955e-02,1.136610e-03,0.000000e+00,0.000000e+00,0.000000e+00,0.000000e+00,0.000000e+00,0.000000e+00,0.000000e+00,0.000000e+00,0.000000e+00,0.000000e+00,0.000000e+00,0.000000e+00,0.000000e+00,0.000000e+00,0.000000e+00,0.000000e+00,0.000000e+00,0.000000e+00,0.000000e+00,0.000000e+00,0.000000e+00,-1.274350e+05,-2.443660e+03,-6.081375e+04,3.257345e-01,-1.418834e-02,-1.355323e+01,-4.925185e-01,-1.108238e-01,-1.618483e-01,4.918629e-03,2.872072e-03,1.714650e+01,-3.992353e-01,-9.847328e-03,-1.101096e-03,4.383156e-02,6.548646e-03,-5.528157e+00,5.581896e+01,7.470708e+00,1.381506e+03,-8.937702e+03,2.415015e+03,1.409193e+05,2.171116e-01,1.316214e+01,-1.415093e-02,2.439314e+01,2.609091e+03,4.411634e+01
4.280639e-03,9.153295e+03,3.926108e+03,3.470230e-01,7.735163e-03,5.002374e+00,1.023842e-01,9.774000e-07,1.146132e+03,0.000000e+00,0.000000e+00,2.247748e+03,0.000000e+00,0.000000e+00,0.000000e+00,0.000000e+00,0.000000e+00,0.000000e+00,0.000000e+00,0.000000e+00,0.000000e+00,0.000000e+00,0.000000e+00,0.000000e+00,0.000000e+00,0.000000e+00,0.000000e+00,0.000000e+00,0.000000e+00,0.000000e+00,0.000000e+00,0.000000e+00,0.000000e+00,0.000000e+00,0.000000e+00,0.000000e+00,0.000000e+00,0.000000e+00,0.000000e+00,0.000000e+00,0.000000e+00,0.000000e+00,0.000000e+00,0.000000e+00,0.000000e+00,0.000000e+00,0.000000e+00,0.000000e+00,0.000000e+00,9.153295e+03,1.228539e+02,7.529049e-02,-1.391962e-02,5.096143e-02,1.136610e-03,0.000000e+00,0.000000e+00,0.000000e+00,0.000000e+00,0.000000e+00,0.000000e+00,0.000000e+00,0.000000e+00,0.000000e+00,0.000000e+00,0.000000e+00,0.000000e+00,0.000000e+00,0.000000e+00,0.000000e+00,0.000000e+00,0.000000e+00,0.000000e+00,0.000000e+00,0.000000e+00,0.000000e+00,-1.171359e+05,-3.022151e+03,-5.591033e+04,3.265128e-01,-1.415148e-02,-1.355844e+01,-4.931815e-01,-1.109613e-01,-1.617861e-01,4.914221e-03,2.883143e-03,1.716120e+01,-3.989300e-01,-9.979496e-03,-1.102664e-03,4.437670e-02,6.621818e-03,-5.514647e+00,5.573491e+01,7.499297e+00,1.382834e+03,-8.188673e+03,2.995546e+03,1.295372e+05,2.174740e-01,1.318746e+01,-1.377478e-02,2.829605e+01,2.590552e+03,4.608875e+01
4.290414e-03,9.137528e+03,3.933038e+03,3.467221e-01,7.856599e-03,5.016693e+00,1.023842e-01,9.774000e-07,1.150478e+03,0.000000e+00,0.000000e+00,2.252037e+03,0.000000e+00,0.000000e+00,0.000000e+00,0.000000e+00,0.000000e+00,0.000000e+00,0.000000e+00,0.000000e+00,0.000000e+00,0.000000e+00,0.000000e+00,0.000000e+00,0.000000e+00,0.000000e+00,0.000000e+00,0.000000e+00,0.000000e+00,0.000000e+00,0.000000e+00,0.000000e+00,0.000000e+00,0.000000e+00,0.000000e+00,0.000000e+00,0.000000e+00,0.000000e+00,0.000000e+00,0.000000e+00,0.000000e+00,0.000000e+00,0.000000e+00,0.000000e+00,0.000000e+00,0.000000e+00,0.000000e+00,0.000000e+00,0.000000e+00,9.137528e+03,1.225460e+02,7.506211e-02,-1.387544e-02,5.951766e-02,1.136610e-03,0.000000e+00,0.000000e+00,0.000000e+00,0.000000e+00,0.000000e+00,0.000000e+00,0.000000e+00,0.000000e+00,0.000000e+00,0.000000e+00,0.000000e+00,0.000000e+00,0.000000e+00,0.000000e+00,0.000000e+00,0.000000e+00,0.000000e+00,0.000000e+00,0.000000e+00,0.000000e+00,0.000000e+00,-1.088144e+05,-2.604322e+03,-5.074968e+04,3.272837e-01,-1.410879e-02,-1.356330e+01,-4.938414e-01,-1.110780e-01,-1.617280e-01,4.906435e-03,2.894467e-03,1.717550e+01,-3.985893e-01,-1.011696e-02,-1.104950e-03,4.492103e-02,6.695239e-03,-5.501124e+00,5.565321e+01,7.521654e+00,1.384058e+03,-8.629836e+03,2.579502e+03,1.197571e+05,2.176671e-01,1.321247e+01,-1.337757e-02,-3.277829e+00,2.547620e+03,5.033468e+01
4.300189e-03,9.122447e+03,3.939476e+03,3.463858e-01,7.977917e-03,5.030636e+00,1.023842e-01,9.774000e-07,1.154788e+03,0.000000e+00,0.000000e+00,2.256174e+03,0.000000e+00,0.000000e+00,0.000000e+00,0.000000e+00,0.000000e+00,0.000000e+00,0.000000e+00,0.000000e+00,0.000000e+00,0.000000e+00,0.000000e+00,0.000000e+00,0.000000e+00,0.000000e+00,0.000000e+00,0.000000e+00,0.000000e+00,0.000000e+00,0.000000e+00,0.000000e+00,0.000000e+00,0.000000e+00,0.000000e+00,0.000000e+00,0.000000e+00,0.000000e+00,0.000000e+00,0.000000e+00,0.000000e+00,0.000000e+00,0.000000e+00,0.000000e+00,0.000000e+00,0.000000e+00,0.000000e+00,0.000000e+00,0.000000e+00,9.122447e+03,1.222749e+02,7.480773e-02,-1.382088e-02,6.800348e-02,1.136610e-03,0.000000e+00,0.000000e+00,0.000000e+00,0.000000e+00,0.000000e+00,0.000000e+00,0.000000e+00,0.000000e+00,0.000000e+00,0.000000e+00,0.000000e+00,0.000000e+00,0.000000e+00,0.000000e+00,0.000000e+00,0.000000e+00,0.000000e+00,0.000000e+00,0.000000e+00,0.000000e+00,0.000000e+00,-1.011493e+05,-1.937026e+03,-4.634525e+04,3.280442e-01,-1.406528e-02,-1.356783e+01,-4.944806e-01,-1.111860e-01,-1.616720e-01,4.895744e-03,2.906006e-03,1.718942e+01,-3.982173e-01,-1.025381e-02,-1.107862e-03,4.546462e-02,6.768883e-03,-5.487588e+00,5.556828e+01,7.542239e+00,1.385183e+03,-8.732230e+03,1.913823e+03,1.109185e+05,2.177176e-01,1.323722e+01,-1.294891e-02,-8.963051e+00,2.505264e+03,4.451992e+01
4.310941e-03,9.106649e+03,3.945970e+03,3.460049e-01,8.122153e-03,5.045519e+00,1.023842e-01,9.774000e-07,1.159486e+03,0.000000e+00,0.000000e+00,2.260574e+03,0.000000e+00,0.000000e+00,0.000000e+00,0.000000e+00,0.000000e+00,0.000000e+00,0.000000e+00,0.000000e+00,0.000000e+00,0.000000e+00,0.000000e+00,0.000000e+00,0.000000e+00,0.000000e+00,0.000000e+00,0.000000e+00,0.000000e+00,0.000000e+00,0.000000e+00,0.000000e+00,0.000000e+00,0.000000e+00,0.000000e+00,0.000000e+00,0.000000e+00,0.000000e+00,0.000000e+00,0.000000e+00,0.000000e+00,0.000000e+00,0.000000e+00,0.000000e+00,0.000000e+00,0.000000e+00,0.000000e+00,0.000000e+00,0.000000e+00,9.106649e+03,1.219981e+02,7.451698e-02,-1.375842e-02,7.728018e-02,1.136610e-03,0.000000e+00,0.000000e+00,0.000000e+00,0.000000e+00,0.000000e+00,0.000000e+00,0.000000e+00,0.000000e+00,0.000000e+00,0.000000e+00,0.000000e+00,0.000000e+00,0.000000e+00,0.000000e+00,0.000000e+00,0.000000e+00,0.000000e+00,0.000000e+00,0.000000e+00,0.000000e+00,0.000000e+00,-9.065134e+04,-1.957337e+03,-4.027224e+04,3.288698e-01,-1.401838e-02,-1.357243e+01,-4.951714e-01,-1.113058e-01,-1.616120e-01,4.881316e-03,2.918932e-03,1.720428e+01,-3.978034e-01,-1.041462e-02,-1.111658e-03,4.606155e-02,6.850111e-03,-5.472688e+00,5.547387e+01,7.565997e+00,1.386309e+03,-8.915209e+03,1.936473e+03,9.879331e+04,2.177555e-01,1.326413e+01,-1.246944e-02,1.277591e+01,2.494931e+03,3.875747e+01
4.320716e-03,9.092974e+03,3.951322e+03,3.456262e-01,8.254286e-03,5.058656e+00,1.023842e-01,9.774408e-07,1.163728e+03,0.000000e+00,0.000000e+00,2.264456e+03,0.000000e+00,0.000000e+00,0.000000e+00,0.000000e+00,0.000000e+00,0.000000e+00,0.000000e+00,0.000000e+00,0.000000e+00,0.000000e+00,0.000000e+00,0.000000e+00,0.000000e+00,0.000000e+00,0.000000e+00,0.000000e+00,0.000000e+00,0.000000e+00,0.000000e+00,0.000000e+00,0.000000e+00,0.000000e+00,0.000000e+00,0.000000e+00,0.000000e+00,0.000000e+00,0.000000e+00,0.000000e+00,0.000000e+00,0.000000e+00,0.000000e+00,0.000000e+00,0.000000e+00,0.000000e+00,0.000000e+00,0.000000e+00,0.000000e+00,9.092974e+03,1.217357e+02,7.424266e-02,-1.369781e-02,8.565912e-02,1.136610e-03,0.000000e+00,0.000000e+00,0.000000e+00,0.000000e+00,0.000000e+00,0.000000e+00,0.000000e+00,0.000000e+00,0.000000e+00,0.000000e+00,0.000000e+00,0.000000e+00,0.000000e+00,0.000000e+00,0.000000e+00,0.000000e+00,0.000000e+00,0.000000e+00,0.000000e+00,0.000000e+00,0.000000e+00,-8.169575e+04,-1.624185e+03,-3.408394e+04,3.296093e-01,-1.396350e-02,-1.357629e+01,-4.957823e-01,-1.114087e-01,-1.615603e-01,4.866000e-03,2.930901e-03,1.721739e+01,-3.973975e-01,-1.056074e-02,-1.115609e-03,4.660335e-02,6.924162e-03,-5.459131e+00,5.538541e+01,7.583523e+00,1.387234e+03,-9.953684e+03,1.605478e+03,8.795962e+04,2.177110e-01,1.328839e+01,-1.201291e-02,-1.024491e+01,2.479268e+03,4.461661e+01
4.330491e-03,9.079962e+03,3.956171e+03,3.452200e-01,8.381007e-03,5.071398e+00,1.023842e-01,9.774000e-07,1.167946e+03,0.000000e+00,0.000000e+00,2.268221e+03,0.000000e+00,0.000000e+00,0.000000e+00,0.000000e+00,0.000000e+00,0.000000e+00,0.000000e+00,0.000000e+00,0.000000e+00,0.000000e+00,0.000000e+00,0.000000e+00,0.000000e+00,0.000000e+00,0.000000e+00,0.000000e+00,0.000000e+00,0.000000e+00,0.000000e+00,0.000000e+00,0.000000e+00,0.000000e+00,0.000000e+00,0.000000e+00,0.000000e+00,0.000000e+00,0.000000e+00,0.000000e+00,0.000000e+00,0.000000e+00,0.000000e+00,0.000000e+00,0.000000e+00,0.000000e+00,0.000000e+00,0.000000e+00,0.000000e+00,9.079962e+03,1.214740e+02,7.398549e-02,-1.363086e-02,9.395322e-02,1.136610e-03,0.000000e+00,0.000000e+00,0.000000e+00,0.000000e+00,0.000000e+00,0.000000e+00,0.000000e+00,0.000000e+00,0.000000e+00,0.000000e+00,0.000000e+00,0.000000e+00,0.000000e+00,0.000000e+00,0.000000e+00,0.000000e+00,0.000000e+00,0.000000e+00,0.000000e+00,0.000000e+00,0.000000e+00,-7.358198e+04,-2.626633e+03,-2.889412e+04,3.303497e-01,-1.390434e-02,-1.357984e+01,-4.963706e-01,-1.115228e-01,-1.615111e-01,4.849518e-03,2.942953e-03,1.723011e+01,-3.969666e-01,-1.070150e-02,-1.119844e-03,4.714417e-02,6.998389e-03,-5.445567e+00,5.528870e+01,7.602664e+00,1.388066e+03,-1.053175e+04,2.609853e+03,7.834761e+04,2.177006e-01,1.331247e+01,-1.155898e-02,4.497486e+00,2.445169e+03,4.794492e+01
4.340268e-03,9.067557e+03,3.960542e+03,3.447853e-01,8.506329e-03,5.083765e+00,1.023842e-01,9.774000e-07,1.172137e+03,0.000000e+00,0.000000e+00,2.271875e+03,0.000000e+00,0.000000e+00,0.000000e+00,0.000000e+00,0.000000e+00,0.000000e+00,0.000000e+00,0.000000e+00,0.000000e+00,0.000000e+00,0.000000e+00,0.000000e+00,0.000000e+00,0.000000e+00,0.000000e+00,0.000000e+00,0.000000e+00,0.000000e+00,0.000000e+00,0.000000e+00,0.000000e+00,0.000000e+00,0.000000e+00,0.000000e+00,0.000000e+00,0.000000e+00,0.000000e+00,0.000000e+00,0.000000e+00,0.000000e+00,0.000000e+00,0.000000e+00,0.000000e+00,0.000000e+00,0.000000e+00,0.000000e+00,0.000000e+00,9.067557e+03,1.212307e+02,7.371886e-02,-1.357457e-02,1.021966e-01,1.136610e-03,0.000000e+00,0.000000e+00,0.000000e+00,0.000000e+00,0.000000e+00,0.000000e+00,0.000000e+00,0.000000e+00,0.000000e+00,0.000000e+00,0.000000e+00,0.000000e+00,0.000000e+00,0.000000e+00,0.000000e+00,0.000000e+00,0.000000e+00,0.000000e+00,0.000000e+00,0.000000e+00,0.000000e+00,-6.688048e+04,-2.088708e+03,-2.434408e+04,3.310896e-01,-1.384603e-02,-1.358307e+01,-4.969371e-01,-1.116376e-01,-1.614638e-01,4.832112e-03,2.955210e-03,1.724246e+01,-3.965099e-01,-1.083958e-02,-1.124325e-03,4.768420e-02,7.072840e-03,-5.431992e+00,5.518397e+01,7.624167e+00,1.388803e+03,-1.123984e+04,2.073557e+03,7.028059e+04,2.177248e-01,1.333635e+01,-1.113159e-02,-8.598583e+00,2.428582e+03,5.013839e+01
4.350042e-03,9.055725e+03,3.964517e+03,3.443285e-01,8.629999e-03,5.095744e+00,1.023842e-01,9.774000e-07,1.176260e+03,0.000000e+00,0.000000e+00,2.275408e+03,0.000000e+00,0.000000e+00,0.000000e+00,0.000000e+00,0.000000e+00,0.000000e+00,0.000000e+00,0.000000e+00,0.000000e+00,0.000000e+00,0.000000e+00,0.000000e+00,0.000000e+00,0.000000e+00,0.000000e+00,0.000000e+00,0.000000e+00,0.000000e+00,0.000000e+00,0.000000e+00,0.000000e+00,0.000000e+00,0.000000e+00,0.000000e+00,0.000000e+00,0.000000e+00,0.000000e+00,0.000000e+00,0.000000e+00,0.000000e+00,0.000000e+00,0.000000e+00,0.000000e+00,0.000000e+00,0.000000e+00,0.000000e+00,0.000000e+00,9.055725e+03,1.209906e+02,7.345432e-02,-1.351859e-02,1.103016e-01,1.136610e-03,0.000000e+00,0.000000e+00,0.000000e+00,0.000000e+00,0.000000e+00,0.000000e+00,0.000000e+00,0.000000e+00,0.000000e+00,0.000000e+00,0.000000e+00,0.000000e+00,0.000000e+00,0.000000e+00,0.000000e+00,0.000000e+00,0.000000e+00,0.000000e+00,0.000000e+00,0.000000e+00,0.000000e+00,-5.228640e+04,-2.952286e+03,-1.589088e+04,3.318360e-01,-1.377362e-02,-1.358603e+01,-4.974820e-01,-1.117609e-01,-1.614209e-01,4.814562e-03,2.967567e-03,1.725441e+01,-3.960328e-01,-1.097606e-02,-1.128890e-03,4.822296e-02,7.147462e-03,-5.418414e+00,5.506919e+01,7.642404e+00,1.389470e+03,-1.152507e+04,2.940741e+03,5.341937e+04,2.173867e-01,1.335976e+01,-1.072093e-02,1.130165e+02,2.502737e+03,4.504442e+01
4.360797e-03,9.043417e+03,3.968281e+03,3.437982e-01,8.760219e-03,5.108508e+00,1.023842e-01,9.778333e-07,1.180846e+03,0.000000e+00,0.000000e+00,2.279198e+03,0.000000e+00,0.000000e+00,0.000000e+00,0.000000e+00,0.000000e+00,0.000000e+00,0.000000e+00,0.000000e+00,0.000000e+00,0.000000e+00,0.000000e+00,0.000000e+00,0.000000e+00,0.000000e+00,0.000000e+00,0.000000e+00,0.000000e+00,0.000000e+00,0.000000e+00,0.000000e+00,0.000000e+00,0.000000e+00,0.000000e+00,0.000000e+00,0.000000e+00,0.000000e+00,0.000000e+00,0.000000e+00,0.000000e+00,0.000000e+00,0.000000e+00,0.000000e+00,0.000000e+00,0.000000e+00,0.000000e+00,0.000000e+00,0.000000e+00,9.043417e+03,1.207864e+02,7.316804e-02,-1.346978e-02,1.192257e-01,1.136610e-03,0.000000e+00,0.000000e+00,0.000000e+00,0.000000e+00,0.000000e+00,0.000000e+00,0.000000e+00,0.000000e+00,0.000000e+00,0.000000e+00,0.000000e+00,0.000000e+00,0.000000e+00,0.000000e+00,0.000000e+00,0.000000e+00,0.000000e+00,0.000000e+00,0.000000e+00,0.000000e+00,0.000000e+00,-4.130455e+04,-3.489553e+03,-9.209901e+03,3.326358e-01,-1.371388e-02,-1.358884e+01,-4.980480e-01,-1.118906e-01,-1.613692e-01,4.795666e-03,2.981329e-03,1.726715e+01,-3.954816e-01,-1.111960e-02,-1.133896e-03,4.881447e-02,7.229815e-03,-5.403466e+00,5.493652e+01,7.668905e+00,1.390056e+03,-1.202047e+04,3.480783e+03,4.057657e+04,2.177638e-01,1.338577e+01,-1.026851e-02,1.774064e+02,2.511302e+03,4.384779e+01
4.370573e-03,9.032820e+03,3.971338e+03,3.432996e-01,8.878506e-03,5.119719e+00,1.023842e-01,9.776246e-07,1.184936e+03,0.000000e+00,0.000000e+00,2.282474e+03,0.000000e+00,0.000000e+00,0.000000e+00,0.000000e+00,0.000000e+00,0.000000e+00,0.000000e+00,0.000000e+00,0.000000e+00,0.000000e+00,0.000000e+00,0.000000e+00,0.000000e+00,0.000000e+00,0.000000e+00,0.000000e+00,0.000000e+00,0.000000e+00,0.000000e+00,0.000000e+00,0.000000e+00,0.000000e+00,0.000000e+00,0.000000e+00,0.000000e+00,0.000000e+00,0.000000e+00,0.000000e+00,0.000000e+00,0.000000e+00,0.000000e+00,0.000000e+00,0.000000e+00,0.000000e+00,0.000000e+00,0.000000e+00,0.000000e+00,9.032820e+03,1.206453e+02,7.290570e-02,-1.342014e-02,1.272390e-01,1.136609e-03,0.000000e+00,0.000000e+00,0.000000e+00,0.000000e+00,0.000000e+00,0.000000e+00,0.000000e+00,0.000000e+00,0.000000e+00,0.000000e+00,0.000000e+00,0.000000e+00,0.000000e+00,0.000000e+00,0.000000e+00,0.000000e+00,0.000000e+00,0.000000e+00,0.000000e+00,0.000000e+00,0.000000e+00,-4.645241e+04,-1.909695e+03,-9.853874e+03,3.333768e-01,-1.364294e-02,-1.359117e+01,-4.985448e-01,-1.120129e-01,-1.613282e-01,4.779456e-03,2.993881e-03,1.727834e+01,-3.949643e-01,-1.124908e-02,-1.138293e-03,4.935082e-02,7.304893e-03,-5.389875e+00,5.480642e+01,7.690614e+00,1.390510e+03,-1.395311e+04,1.899804e+03,4.539024e+04,2.179327e-01,1.340903e+01,-9.861139e-03,-2.417693e+01,2.330741e+03,3.769928e+01
4.380348e-03,9.022769e+03,3.974024e+03,3.427863e-01,8.995545e-03,5.130575e+00,1.023842e-01,9.774394e-07,1.188970e+03,0.000000e+00,0.000000e+00,2.285647e+03,0.000000e+00,0.000000e+00,0.000000e+00,0.000000e+00,0.000000e+00,0.000000e+00,0.000000e+00,0.000000e+00,0.000000e+00,0.000000e+00,0.000000e+00,0.000000e+00,0.000000e+00,0.000000e+00,0.000000e+00,0.000000e+00,0.000000e+00,0.000000e+00,0.000000e+00,0.000000e+00,0.000000e+00,0.000000e+00,0.000000e+00,0.000000e+00,0.000000e+00,0.000000e+00,0.000000e+00,0.000000e+00,0.000000e+00,0.000000e+00,0.000000e+00,0.000000e+00,0.000000e+00,0.000000e+00,0.000000e+00,0.000000e+00,0.000000e+00,9.022769e+03,1.205129e+02,7.267076e-02,-1.336962e-02,1.351585e-01,1.136610e-03,0.000000e+00,0.000000e+00,0.000000e+00,0.000000e+00,0.000000e+00,0.000000e+00,0.000000e+00,0.000000e+00,0.000000e+00,0.000000e+00,0.000000e+00,0.000000e+00,0.000000e+00,0.000000e+00,0.000000e+00,0.000000e+00,0.000000e+00,0.000000e+00,0.000000e+00,0.000000e+00,0.000000e+00,-4.559115e+04,-1.189149e+03,-7.803896e+03,3.341213e-01,-1.357378e-02,-1.359323e+01,-4.990195e-01,-1.121377e-01,-1.612914e-01,4.764689e-03,3.006490e-03,1.728918e+01,-3.944324e-01,-1.137678e-02,-1.142448e-03,4.988580e-02,7.380174e-03,-5.376280e+00,5.466645e+01,7.712530e+00,1.390894e+03,-1.532084e+04,1.179602e+03,4.364342e+04,2.179089e-01,1.343190e+01,-9.472161e-03,-1.279021e+02,2.218637e+03,3.202507e+01
4.390122e-03,9.013209e+03,3.976346e+03,3.422611e-01,9.109489e-03,5.141067e+00,1.023842e-01,9.774000e-07,1.192973e+03,0.000000e+00,0.000000e+00,2.288714e+03,0.000000e+00,0.000000e+00,0.000000e+00,0.000000e+00,0.000000e+00,0.000000e+00,0.000000e+00,0.000000e+00,0.000000e+00,0.000000e+00,0.000000e+00,0.000000e+00,0.000000e+00,0.000000e+00,0.000000e+00,0.000000e+00,0.000000e+00,0.000000e+00,0.000000e+00,0.000000e+00,0.000000e+00,0.000000e+00,0.000000e+00,0.000000e+00,0.000000e+00,0.000000e+00,0.000000e+00,0.000000e+00,0.000000e+00,0.000000e+00,0.000000e+00,0.000000e+00,0.000000e+00,0.000000e+00,0.000000e+00,0.000000e+00,0.000000e+00,9.013209e+03,1.203856e+02,7.246463e-02,-1.331870e-02,1.429792e-01,1.136609e-03,0.000000e+00,0.000000e+00,0.000000e+00,0.000000e+00,0.000000e+00,0.000000e+00,0.000000e+00,0.000000e+00,0.000000e+00,0.000000e+00,0.000000e+00,0.000000e+00,0.000000e+00,0.000000e+00,0.000000e+00,0.000000e+00,0.000000e+00,0.000000e+00,0.000000e+00,0.000000e+00,0.000000e+00,-3.475496e+04,-1.469116e+03,-2.274307e+02,3.348647e-01,-1.350697e-02,-1.359501e+01,-4.994577e-01,-1.122516e-01,-1.612576e-01,4.751627e-03,3.019201e-03,1.729965e+01,-3.938885e-01,-1.150047e-02,-1.146315e-03,5.041930e-02,7.455653e-03,-5.362684e+00,5.451387e+01,7.731060e+00,1.391207e+03,-1.667682e+04,1.462554e+03,3.049364e+04,2.176647e-01,1.345447e+01,-9.071996e-03,-9.092545e+01,2.261732e+03,4.109483e+01
4.400875e-03,9.003211e+03,3.978473e+03,3.416721e-01,9.232214e-03,5.152205e+00,1.023842e-01,9.774067e-07,1.197397e+03,0.000000e+00,0.000000e+00,2.291981e+03,0.000000e+00,0.000000e+00,0.000000e+00,0.000000e+00,0.000000e+00,0.000000e+00,0.000000e+00,0.000000e+00,0.000000e+00,0.000000e+00,0.000000e+00,0.000000e+00,0.000000e+00,0.000000e+00,0.000000e+00,0.000000e+00,0.000000e+00,0.000000e+00,0.000000e+00,0.000000e+00,0.000000e+00,0.000000e+00,0.000000e+00,0.000000e+00,0.000000e+00,0.000000e+00,0.000000e+00,0.000000e+00,0.000000e+00,0.000000e+00,0.000000e+00,0.000000e+00,0.000000e+00,0.000000e+00,0.000000e+00,0.000000e+00,0.000000e+00,9.003211e+03,1.203378e+02,7.225335e-02,-1.325935e-02,1.515031e-01,1.136610e-03,0.000000e+00,0.000000e+00,0.000000e+00,0.000000e+00,0.000000e+00,0.000000e+00,0.000000e+00,0.000000e+00,0.000000e+00,0.000000e+00,0.000000e+00,0.000000e+00,0.000000e+00,0.000000e+00,0.000000e+00,0.000000e+00,0.000000e+00,0.000000e+00,0.000000e+00,0.000000e+00,0.000000e+00,-1.386403e+04,-2.879974e+03,1.246284e+04,3.356685e-01,-1.345516e-02,-1.359659e+01,-4.998851e-01,-1.123499e-01,-1.612196e-01,4.739922e-03,3.033244e-03,1.731076e+01,-3.932773e-01,-1.163235e-02,-1.150098e-03,5.100447e-02,7.538905e-03,-5.347722e+00,5.433107e+01,7.749671e+00,1.391441e+03,-1.762593e+04,2.879065e+03,6.071715e+03,2.174786e-01,1.347932e+01,-8.592489e-03,1.266101e+02,2.433353e+03,5.755004e+01
4.410650e-03,8.994623e+03,3.980071e+03,3.411250e-01,9.334471e-03,5.161956e+00,1.023842e-01,9.774477e-07,1.201405e+03,0.000000e+00,0.000000e+00,2.294801e+03,0.000000e+00,0.000000e+00,0.000000e+00,0.000000e+00,0.000000e+00,0.000000e+00,0.000000e+00,0.000000e+00,0.000000e+00,0.000000e+00,0.000000e+00,0.000000e+00,0.000000e+00,0.000000e+00,0.000000e+00,0.000000e+00,0.000000e+00,0.000000e+00,0.000000e+00,0.000000e+00,0.000000e+00,0.000000e+00,0.000000e+00,0.000000e+00,0.000000e+00,0.000000e+00,0.000000e+00,0.000000e+00,0.000000e+00,0.000000e+00,0.000000e+00,0.000000e+00,0.000000e+00,0.000000e+00,0.000000e+00,0.000000e+00,0.000000e+00,8.994623e+03,1.203874e+02,7.208665e-02,-1.320867e-02,1.592195e-01,1.136610e-03,0.000000e+00,0.000000e+00,0.000000e+00,0.000000e+00,0.000000e+00,0.000000e+00,0.000000e+00,0.000000e+00,0.000000e+00,0.000000e+00,0.000000e+00,0.000000e+00,0.000000e+00,0.000000e+00,0.000000e+00,0.000000e+00,0.000000e+00,0.000000e+00,0.000000e+00,0.000000e+00,0.000000e+00,-1.924021e+04,-1.581445e+03,8.688300e+03,3.364059e-01,-1.341452e-02,-1.359777e+01,-5.002421e-01,-1.124248e-01,-1.611904e-01,4.731902e-03,3.045992e-03,1.732049e+01,-3.927089e-01,-1.174188e-02,-1.153067e-03,5.153456e-02,7.614746e-03,-5.334121e+00,5.415207e+01,7.766068e+00,1.391551e+03,-1.693411e+04,1.578967e+03,1.260619e+04,2.174779e-01,1.350198e+01,-8.147139e-03,-5.376941e+01,2.204073e+03,4.003644e+01
4.420424e-03,8.986429e+03,3.981459e+03,3.405783e-01,9.430472e-03,5.171368e+00,1.023842e-01,9.774925e-07,1.205293e+03,0.000000e+00,0.000000e+00,2.297546e+03,0.000000e+00,0.000000e+00,0.000000e+00,0.000000e+00,0.000000e+00,0.000000e+00,0.000000e+00,0.000000e+00,0.000000e+00,0.000000e+00,0.000000e+00,0.000000e+00,0.000000e+00,0.000000e+00,0.000000e+00,0.000000e+00,0.000000e+00,0.000000e+00,0.000000e+00,0.000000e+00,0.000000e+00,0.000000e+00,0.000000e+00,0.000000e+00,0.000000e+00,0.000000e+00,0.000000e+00,0.000000e+00,0.000000e+00,0.000000e+00,0.000000e+00,0.000000e+00,0.000000e+00,0.000000e+00,0.000000e+00,0.000000e+00,0.000000e+00,8.986429e+03,1.204712e+02,7.193036e-02,-1.316403e-02,1.668009e-01,1.136610e-03,0.000000e+00,0.000000e+00,0.000000e+00,0.000000e+00,0.000000e+00,0.000000e+00,0.000000e+00,0.000000e+00,0.000000e+00,0.000000e+00,0.000000e+00,0.000000e+00,0.000000e+00,0.000000e+00,0.000000e+00,0.000000e+00,0.000000e+00,0.000000e+00,0.000000e+00,0.000000e+00,0.000000e+00,-1.302457e+04,-8.703582e+02,1.472777e+04,3.371504e-01,-1.336588e-02,-1.359874e+01,-5.005998e-01,-1.125083e-01,-1.611666e-01,4.726794e-03,3.059095e-03,1.732989e+01,-3.921401e-01,-1.184395e-02,-1.155520e-03,5.206291e-02,7.690728e-03,-5.320519e+00,5.397499e+01,7.780787e+00,1.391619e+03,-1.919752e+04,8.699078e+02,4.242924e+03,2.171208e-01,1.352381e+01,-7.792148e-03,-5.591814e+01,2.216724e+03,2.590959e+01
4.430198e-03,8.978644e+03,3.982481e+03,3.400337e-01,9.521437e-03,5.180443e+00,1.023842e-01,9.774253e-07,1.209230e+03,0.000000e+00,0.000000e+00,2.300220e+03,0.000000e+00,0.000000e+00,0.000000e+00,0.000000e+00,0.000000e+00,0.000000e+00,0.000000e+00,0.000000e+00,0.000000e+00,0.000000e+00,0.000000e+00,0.000000e+00,0.000000e+00,0.000000e+00,0.000000e+00,0.000000e+00,0.000000e+00,0.000000e+00,0.000000e+00,0.000000e+00,0.000000e+00,0.000000e+00,0.000000e+00,0.000000e+00,0.000000e+00,0.000000e+00,0.000000e+00,0.000000e+00,0.000000e+00,0.000000e+00,0.000000e+00,0.000000e+00,0.000000e+00,0.000000e+00,0.000000e+00,0.000000e+00,0.000000e+00,8.978644e+03,1.206360e+02,7.181553e-02,-1.311146e-02,1.743404e-01,1.136610e-03,0.000000e+00,0.000000e+00,0.000000e+00,0.000000e+00,0.000000e+00,0.000000e+00,0.000000e+00,0.000000e+00,0.000000e+00,0.000000e+00,0.000000e+00,0.000000e+00,0.000000e+00,0.000000e+00,0.000000e+00,0.000000e+00,0.000000e+00,0.000000e+00,0.000000e+00,0.000000e+00,0.000000e+00,9.777939e+02,-1.152308e+03,2.423112e+04,3.378782e-01,-1.333224e-02,-1.359938e+01,-5.008927e-01,-1.125626e-01,-1.611411e-01,4.724766e-03,3.072699e-03,1.733894e+01,-3.915710e-01,-1.193913e-02,-1.157426e-03,5.258944e-02,7.766831e-03,-5.306918e+00,5.378179e+01,7.790682e+00,1.391591e+03,-2.071492e+04,1.155932e+03,-1.260901e+04,2.169448e-01,1.354584e+01,-7.459811e-03,4.730684e+01,2.319270e+03,3.027950e+01
4.440950e-03,8.970535e+03,3.983321e+03,3.394337e-01,9.613792e-03,5.190047e+00,1.023842e-01,9.774000e-07,1.213499e+03,0.000000e+00,0.000000e+00,2.303046e+03,0.000000e+00,0.000000e+00,0.000000e+00,0.000000e+00,0.000000e+00,0.000000e+00,0.000000e+00,0.000000e+00,0.000000e+00,0.000000e+00,0.000000e+00,0.000000e+00,0.000000e+00,0.000000e+00,0.000000e+00,0.000000e+00,0.000000e+00,0.000000e+00,0.000000e+00,0.000000e+00,0.000000e+00,0.000000e+00,0.000000e+00,0.000000e+00,0.000000e+00,0.000000e+00,0.000000e+00,0.000000e+00,0.000000e+00,0.000000e+00,0.000000e+00,0.000000e+00,0.000000e+00,0.000000e+00,0.000000e+00,0.000000e+00,0.000000e+00,8.970535e+03,1.208997e+02,7.172479e-02,-1.306017e-02,1.825580e-01,1.136610e-03,0.000000e+00,0.000000e+00,0.000000e+00,0.000000e+00,0.000000e+00,0.000000e+00,0.000000e+00,0.000000e+00,0.000000e+00,0.000000e+00,0.000000e+00,0.000000e+00,0.000000e+00,0.000000e+00,0.000000e+00,0.000000e+00,0.000000e+00,0.000000e+00,0.000000e+00,0.000000e+00,0.000000e+00,-1.147086e+03,-1.838068e+02,2.329717e+04,3.386819e-01,-1.328453e-02,-1.359985e+01,-5.011923e-01,-1.126288e-01,-1.611195e-01,4.724790e-03,3.088434e-03,1.734853e+01,-3.909430e-01,-1.203450e-02,-1.159164e-03,5.316638e-02,7.850654e-03,-5.291956e+00,5.356079e+01,7.800071e+00,1.391473e+03,-2.093049e+04,1.869089e+02,-1.029501e+04,2.167117e-01,1.356982e+01,-7.158709e-03,-9.607850e+01,2.149524e+03,1.901045e+01
4.450724e-03,8.963555e+03,3.983755e+03,3.388932e-01,9.691906e-03,5.198480e+00,1.023842e-01,9.774000e-07,1.217380e+03,0.000000e+00,0.000000e+00,2.305823e+03,0.000000e+00,0.000000e+00,0.000000e+00,0.000000e+00,0.000000e+00,0.000000e+00,0.000000e+00,0.000000e+00,0.000000e+00,0.000000e+00,0.000000e+00,0.000000e+00,0.000000e+00,0.000000e+00,0.000000e+00,0.000000e+00,0.000000e+00,0.000000e+00,0.000000e+00,0.000000e+00,0.000000e+00,0.000000e+00,0.000000e+00,0.000000e+00,0.000000e+00,0.000000e+00,0.000000e+00,0.000000e+00,0.000000e+00,0.000000e+00,0.000000e+00,0.000000e+00,0.000000e+00,0.000000e+00,0.000000e+00,0.000000e+00,0.000000e+00,8.963555e+03,1.211793e+02,7.167830e-02,-1.301093e-02,1.899547e-01,1.136610e-03,0.000000e+00,0.000000e+00,0.000000e+00,0.000000e+00,0.000000e+00,0.000000e+00,0.000000e+00,0.000000e+00,0.000000e+00,0.000000e+00,0.000000e+00,0.000000e+00,0.000000e+00,0.000000e+00,0.000000e+00,0.000000e+00,0.000000e+00,0.000000e+00,0.000000e+00,0.000000e+00,0.000000e+00,1.187414e+04,-2.259998e+02,3.365448e+04,3.393982e-01,-1.325382e-02,-1.359998e+01,-5.014017e-01,-1.126693e-01,-1.611006e-01,4.724854e-03,3.103413e-03,1.735695e+01,-3.903790e-01,-1.211386e-02,-1.160788e-03,5.368874e-02,7.926924e-03,-5.278357e+00,5.334710e+01,7.805471e+00,1.391296e+03,-2.367708e+04,2.332104e+02,-2.670228e+04,2.162939e-01,1.359145e+01,-6.918736e-03,-7.668595e+00,2.277344e+03,3.524667e+01
4.460498e-03,8.956987e+03,3.983888e+03,3.383637e-01,9.768476e-03,5.206657e+00,1.023842e-01,9.774000e-07,1.221266e+03,0.000000e+00,0.000000e+00,2.308232e+03,0.000000e+00,0.000000e+00,0.000000e+00,0.000000e+00,0.000000e+00,0.000000e+00,0.000000e+00,0.000000e+00,0.000000e+00,0.000000e+00,0.000000e+00,0.000000e+00,0.000000e+00,0.000000e+00,0.000000e+00,0.000000e+00,0.000000e+00,0.000000e+00,0.000000e+00,0.000000e+00,0.000000e+00,0.000000e+00,0.000000e+00,0.000000e+00,0.000000e+00,0.000000e+00,0.000000e+00,0.000000e+00,0.000000e+00,0.000000e+00,0.000000e+00,0.000000e+00,0.000000e+00,0.000000e+00,0.000000e+00,0.000000e+00,0.000000e+00,8.956987e+03,1.215463e+02,7.166617e-02,-1.295210e-02,1.973716e-01,1.136610e-03,0.000000e+00,0.000000e+00,0.000000e+00,0.000000e+00,0.000000e+00,0.000000e+00,0.000000e+00,0.000000e+00,0.000000e+00,0.000000e+00,0.000000e+00,0.000000e+00,0.000000e+00,0.000000e+00,0.000000e+00,0.000000e+00,0.000000e+00,0.000000e+00,0.000000e+00,0.000000e+00,0.000000e+00,1.718368e+04,-1.133861e+03,3.473679e+04,3.401050e-01,-1.322488e-02,-1.359985e+01,-5.015817e-01,-1.127060e-01,-1.610831e-01,4.724921e-03,3.119084e-03,1.736511e+01,-3.898264e-01,-1.218974e-02,-1.162450e-03,5.420896e-02,8.003238e-03,-5.264760e+00,5.312311e+01,7.809446e+00,1.391027e+03,-2.205358e+04,1.142353e+03,-3.186759e+04,2.160316e-01,1.361318e+01,-6.661934e-03,-9.208412e+00,2.197334e+03,2.781485e+01
4.470272e-03,8.950857e+03,3.983762e+03,3.378342e-01,9.838050e-03,5.214525e+00,1.023842e-01,9.774000e-07,1.225117e+03,0.000000e+00,0.000000e+00,2.310499e+03,0.000000e+00,0.000000e+00,0.000000e+00,0.000000e+00,0.000000e+00,0.000000e+00,0.000000e+00,0.000000e+00,0.000000e+00,0.000000e+00,0.000000e+00,0.000000e+00,0.000000e+00,0.000000e+00,0.000000e+00,0.000000e+00,0.000000e+00,0.000000e+00,0.000000e+00,0.000000e+00,0.000000e+00,0.000000e+00,0.000000e+00,0.000000e+00,0.000000e+00,0.000000e+00,0.000000e+00,0.000000e+00,0.000000e+00,0.000000e+00,0.000000e+00,0.000000e+00,0.000000e+00,0.000000e+00,0.000000e+00,0.000000e+00,0.000000e+00,8.950857e+03,1.219665e+02,7.167098e-02,-1.289545e-02,2.047385e-01,1.136610e-03,0.000000e+00,0.000000e+00,0.000000e+00,0.000000e+00,0.000000e+00,0.000000e+00,0.000000e+00,0.000000e+00,0.000000e+00,0.000000e+00,0.000000e+00,0.000000e+00,0.000000e+00,0.000000e+00,0.000000e+00,0.000000e+00,0.000000e+00,0.000000e+00,0.000000e+00,0.000000e+00,0.000000e+00,1.863785e+04,2.048420e+02,3.873855e+04,3.408110e-01,-1.318524e-02,-1.359951e+01,-5.017244e-01,-1.127422e-01,-1.610694e-01,4.724984e-03,3.135298e-03,1.737296e+01,-3.892749e-01,-1.225833e-02,-1.164117e-03,5.472695e-02,8.079585e-03,-5.251166e+00,5.289252e+01,7.812054e+00,1.390694e+03,-2.485361e+04,-1.954019e+02,-3.507630e+04,2.155880e-01,1.363464e+01,-6.383589e-03,-9.845683e+01,2.177820e+03,3.361871e+01
4.480046e-03,8.945137e+03,3.983296e+03,3.373033e-01,9.897352e-03,5.222066e+00,1.023842e-01,9.774000e-07,1.228984e+03,0.000000e+00,0.000000e+00,2.312675e+03,0.000000e+00,0.000000e+00,0.000000e+00,0.000000e+00,0.000000e+00,0.000000e+00,0.000000e+00,0.000000e+00,0.000000e+00,0.000000e+00,0.000000e+00,0.000000e+00,0.000000e+00,0.000000e+00,0.000000e+00,0.000000e+00,0.000000e+00,0.000000e+00,0.000000e+00,0.000000e+00,0.000000e+00,0.000000e+00,0.000000e+00,0.000000e+00,0.000000e+00,0.000000e+00,0.000000e+00,0.000000e+00,0.000000e+00,0.000000e+00,0.000000e+00,0.000000e+00,0.000000e+00,0.000000e+00,0.000000e+00,0.000000e+00,0.000000e+00,8.945137e+03,1.224155e+02,7.170201e-02,-1.284279e-02,2.120306e-01,1.136609e-03,0.000000e+00,0.000000e+00,0.000000e+00,0.000000e+00,0.000000e+00,0.000000e+00,0.000000e+00,0.000000e+00,0.000000e+00,0.000000e+00,0.000000e+00,0.000000e+00,0.000000e+00,0.000000e+00,0.000000e+00,0.000000e+00,0.000000e+00,0.000000e+00,0.000000e+00,0.000000e+00,0.000000e+00,2.989227e+04,-5.332783e+02,4.549395e+04,3.415026e-01,-1.315477e-02,-1.359891e+01,-5.018170e-01,-1.127673e-01,-1.610558e-01,4.725045e-03,3.151720e-03,1.738048e+01,-3.887246e-01,-1.231592e-02,-1.165770e-03,5.524262e-02,8.155948e-03,-5.237576e+00,5.264842e+01,7.812477e+00,1.390289e+03,-2.531513e+04,5.460922e+02,-4.819105e+04,2.149697e-01,1.365612e+01,-6.061716e-03,-4.945710e+01,2.234412e+03,4.493961e+01
4.490797e-03,8.939320e+03,3.982413e+03,3.367184e-01,9.957196e-03,5.229983e+00,1.023842e-01,9.774000e-07,1.233224e+03,0.000000e+00,0.000000e+00,2.314978e+03,0.000000e+00,0.000000e+00,0.000000e+00,0.000000e+00,0.000000e+00,0.000000e+00,0.000000e+00,0.000000e+00,0.000000e+00,0.000000e+00,0.000000e+00,0.000000e+00,0.000000e+00,0.000000e+00,0.000000e+00,0.000000e+00,0.000000e+00,0.000000e+00,0.000000e+00,0.000000e+00,0.000000e+00,0.000000e+00,0.000000e+00,0.000000e+00,0.000000e+00,0.000000e+00,0.000000e+00,0.000000e+00,0.000000e+00,0.000000e+00,0.000000e+00,0.000000e+00,0.000000e+00,0.000000e+00,0.000000e+00,0.000000e+00,0.000000e+00,8.939320e+03,1.229458e+02,7.174899e-02,-1.278826e-02,2.199632e-01,1.136610e-03,0.000000e+00,0.000000e+00,0.000000e+00,0.000000e+00,0.000000e+00,0.000000e+00,0.000000e+00,0.000000e+00,0.000000e+00,0.000000e+00,0.000000e+00,0.000000e+00,0.000000e+00,0.000000e+00,0.000000e+00,0.000000e+00,0.000000e+00,0.000000e+00,0.000000e+00,0.000000e+00,0.000000e+00,3.305661e+04,3.687793e+02,4.801236e+04,3.422482e-01,-1.312389e-02,-1.359800e+01,-5.018988e-01,-1.127943e-01,-1.610425e-01,4.725107e-03,3.170428e-03,1.738838e+01,-3.881209e-01,-1.237280e-02,-1.167635e-03,5.580709e-02,8.239965e-03,-5.222631e+00,5.237874e+01,7.815433e+00,1.389758e+03,-2.599280e+04,-3.548251e+02,-5.217576e+04,2.143472e-01,1.367971e+01,-5.664524e-03,-8.058885e+01,2.164160e+03,3.316753e+01
4.500571e-03,8.934445e+03,3.981280e+03,3.361955e-01,1.000032e-02,5.236853e+00,1.023842e-01,9.774000e-07,1.237073e+03,0.000000e+00,0.000000e+00,2.316989e+03,0.000000e+00,0.000000e+00,0.000000e+00,0.000000e+00,0.000000e+00,0.000000e+00,0.000000e+00,0.000000e+00,0.000000e+00,0.000000e+00,0.000000e+00,0.000000e+00,0.000000e+00,0.000000e+00,0.000000e+00,0.000000e+00,0.000000e+00,0.000000e+00,0.000000e+00,0.000000e+00,0.000000e+00,0.000000e+00,0.000000e+00,0.000000e+00,0.000000e+00,0.000000e+00,0.000000e+00,0.000000e+00,0.000000e+00,0.000000e+00,0.000000e+00,0.000000e+00,0.000000e+00,0.000000e+00,0.000000e+00,0.000000e+00,0.000000e+00,8.934445e+03,1.234241e+02,7.183025e-02,-1.274521e-02,2.270643e-01,1.136610e-03,0.000000e+00,0.000000e+00,0.000000e+00,0.000000e+00,0.000000e+00,0.000000e+00,0.000000e+00,0.000000e+00,0.000000e+00,0.000000e+00,0.000000e+00,0.000000e+00,0.000000e+00,0.000000e+00,0.000000e+00,0.000000e+00,0.000000e+00,0.000000e+00,0.000000e+00,0.000000e+00,0.000000e+00,3.814423e+04,5.188282e+02,5.254080e+04,3.429127e-01,-1.309582e-02,-1.359696e+01,-5.019244e-01,-1.128118e-01,-1.610324e-01,4.725158e-03,3.188157e-03,1.739523e+01,-3.875837e-01,-1.241121e-02,-1.169399e-03,5.631767e-02,8.316349e-03,-5.209050e+00,5.212355e+01,7.815229e+00,1.389214e+03,-2.749817e+04,-5.030275e+02,-5.881653e+04,2.135630e-01,1.370105e+01,-5.281698e-03,-9.857880e+01,2.178796e+03,3.400747e+01
4.510345e-03,8.929960e+03,3.979848e+03,3.356863e-01,1.002802e-02,5.243406e+00,1.023842e-01,9.774000e-07,1.240904e+03,0.000000e+00,0.000000e+00,2.318939e+03,0.000000e+00,0.000000e+00,0.000000e+00,0.000000e+00,0.000000e+00,0.000000e+00,0.000000e+00,0.000000e+00,0.000000e+00,0.000000e+00,0.000000e+00,0.000000e+00,0.000000e+00,0.000000e+00,0.000000e+00,0.000000e+00,0.000000e+00,0.000000e+00,0.000000e+00,0.000000e+00,0.000000e+00,0.000000e+00,0.000000e+00,0.000000e+00,0.000000e+00,0.000000e+00,0.000000e+00,0.000000e+00,0.000000e+00,0.000000e+00,0.000000e+00,0.000000e+00,0.000000e+00,0.000000e+00,0.000000e+00,0.000000e+00,0.000000e+00,8.929960e+03,1.239073e+02,7.193032e-02,-1.271158e-02,2.340707e-01,1.136610e-03,0.000000e+00,0.000000e+00,0.000000e+00,0.000000e+00,0.000000e+00,0.000000e+00,0.000000e+00,0.000000e+00,0.000000e+00,0.000000e+00,0.000000e+00,0.000000e+00,0.000000e+00,0.000000e+00,0.000000e+00,0.000000e+00,0.000000e+00,0.000000e+00,0.000000e+00,0.000000e+00,0.000000e+00,4.531318e+04,-1.659942e+02,5.389211e+04,3.435591e-01,-1.307160e-02,-1.359571e+01,-5.019374e-01,-1.128273e-01,-1.610219e-01,4.725206e-03,3.206750e-03,1.740176e+01,-3.870610e-01,-1.243258e-02,-1.171298e-03,5.682574e-02,8.392735e-03,-5.195475e+00,5.186654e+01,7.815024e+00,1.388611e+03,-2.521771e+04,1.836299e+02,-6.573968e+04,2.127932e-01,1.372227e+01,-4.888948e-03,-5.124085e+01,2.155378e+03,3.359632e+01
4.520119e-03,8.925846e+03,3.978112e+03,3.351843e-01,1.004715e-02,5.249661e+00,1.023842e-01,9.774000e-07,1.244734e+03,0.000000e+00,0.000000e+00,2.320822e+03,0.000000e+00,0.000000e+00,0.000000e+00,0.000000e+00,0.000000e+00,0.000000e+00,0.000000e+00,0.000000e+00,0.000000e+00,0.000000e+00,0.000000e+00,0.000000e+00,0.000000e+00,0.000000e+00,0.000000e+00,0.000000e+00,0.000000e+00,0.000000e+00,0.000000e+00,0.000000e+00,0.000000e+00,0.000000e+00,0.000000e+00,0.000000e+00,0.000000e+00,0.000000e+00,0.000000e+00,0.000000e+00,0.000000e+00,0.000000e+00,0.000000e+00,0.000000e+00,0.000000e+00,0.000000e+00,0.000000e+00,0.000000e+00,0.000000e+00,8.925846e+03,1.243921e+02,7.203345e-02,-1.267873e-02,2.409755e-01,1.136610e-03,0.000000e+00,0.000000e+00,0.000000e+00,0.000000e+00,0.000000e+00,0.000000e+00,0.000000e+00,0.000000e+00,0.000000e+00,0.000000e+00,0.000000e+00,0.000000e+00,0.000000e+00,0.000000e+00,0.000000e+00,0.000000e+00,0.000000e+00,0.000000e+00,0.000000e+00,0.000000e+00,0.000000e+00,4.879678e+04,8.578999e+02,5.881218e+04,3.441878e-01,-1.305011e-02,-1.359428e+01,-5.019149e-01,-1.128296e-01,-1.610119e-01,4.725250e-03,3.226231e-03,1.740800e+01,-3.865455e-01,-1.244588e-02,-1.173402e-03,5.733130e-02,8.469106e-03,-5.181907e+00,5.160873e+01,7.812509e+00,1.387946e+03,-2.784580e+04,-8.386399e+02,-7.116630e+04,2.121547e-01,1.374342e+01,-4.574343e-03,-9.437098e+01,2.189529e+03,3.401557e+01
4.530870e-03,8.921734e+03,3.975906e+03,3.346355e-01,1.006499e-02,5.256202e+00,1.023842e-01,9.774000e-07,1.248911e+03,0.000000e+00,0.000000e+00,2.322821e+03,0.000000e+00,0.000000e+00,0.000000e+00,0.000000e+00,0.000000e+00,0.000000e+00,0.000000e+00,0.000000e+00,0.000000e+00,0.000000e+00,0.000000e+00,0.000000e+00,0.000000e+00,0.000000e+00,0.000000e+00,0.000000e+00,0.000000e+00,0.000000e+00,0.000000e+00,0.000000e+00,0.000000e+00,0.000000e+00,0.000000e+00,0.000000e+00,0.000000e+00,0.000000e+00,0.000000e+00,0.000000e+00,0.000000e+00,0.000000e+00,0.000000e+00,0.000000e+00,0.000000e+00,0.000000e+00,0.000000e+00,0.000000e+00,0.000000e+00,8.921734e+03,1.248958e+02,7.215822e-02,-1.264261e-02,2.484382e-01,1.136610e-03,0.000000e+00,0.000000e+00,0.000000e+00,0.000000e+00,0.000000e+00,0.000000e+00,0.000000e+00,0.000000e+00,0.000000e+00,0.000000e+00,0.000000e+00,0.000000e+00,0.000000e+00,0.000000e+00,0.000000e+00,0.000000e+00,0.000000e+00,0.000000e+00,0.000000e+00,0.000000e+00,0.000000e+00,5.415841e+04,8.113978e+02,5.908740e+04,3.448562e-01,-1.302610e-02,-1.359253e+01,-5.018672e-01,-1.128313e-01,-1.610016e-01,4.725290e-03,3.248520e-03,1.741452e+01,-3.859854e-01,-1.245193e-02,-1.175927e-03,5.788448e-02,8.553077e-03,-5.166989e+00,5.132055e+01,7.808275e+00,1.387168e+03,-2.550275e+04,-7.907864e+02,-7.598748e+04,2.112500e-01,1.376650e+01,-4.184361e-03,-4.325209e+01,2.142694e+03,1.355058e+01
4.540645e-03,8.918339e+03,3.973654e+03,3.341408e-01,1.007735e-02,5.261858e+00,1.023842e-01,9.774000e-07,1.252676e+03,0.000000e+00,0.000000e+00,2.324574e+03,0.000000e+00,0.000000e+00,0.000000e+00,0.000000e+00,0.000000e+00,0.000000e+00,0.000000e+00,0.000000e+00,0.000000e+00,0.000000e+00,0.000000e+00,0.000000e+00,0.000000e+00,0.000000e+00,0.000000e+00,0.000000e+00,0.000000e+00,0.000000e+00,0.000000e+00,0.000000e+00,0.000000e+00,0.000000e+00,0.000000e+00,0.000000e+00,0.000000e+00,0.000000e+00,0.000000e+00,0.000000e+00,0.000000e+00,0.000000e+00,0.000000e+00,0.000000e+00,0.000000e+00,0.000000e+00,0.000000e+00,0.000000e+00,0.000000e+00,8.918339e+03,1.253290e+02,7.227090e-02,-1.260675e-02,2.550909e-01,1.136610e-03,0.000000e+00,0.000000e+00,0.000000e+00,0.000000e+00,0.000000e+00,0.000000e+00,0.000000e+00,0.000000e+00,0.000000e+00,0.000000e+00,0.000000e+00,0.000000e+00,0.000000e+00,0.000000e+00,0.000000e+00,0.000000e+00,0.000000e+00,0.000000e+00,0.000000e+00,0.000000e+00,0.000000e+00,5.527884e+04,4.599904e+02,6.152738e+04,3.454433e-01,-1.301072e-02,-1.359081e+01,-5.018087e-01,-1.128253e-01,-1.609931e-01,4.725324e-03,3.269719e-03,1.742016e+01,-3.854821e-01,-1.245099e-02,-1.178405e-03,5.838471e-02,8.629366e-03,-5.153435e+00,5.106418e+01,7.803904e+00,1.386418e+03,-2.710641e+04,-4.386045e+02,-7.814493e+04,2.105177e-01,1.378727e+01,-3.859608e-03,-7.369778e+01,2.105616e+03,3.338549e+01
4.550418e-03,8.915245e+03,3.971180e+03,3.336485e-01,1.008773e-02,5.267258e+00,1.023842e-01,9.774000e-07,1.256427e+03,0.000000e+00,0.000000e+00,2.326267e+03,0.000000e+00,0.000000e+00,0.000000e+00,0.000000e+00,0.000000e+00,0.000000e+00,0.000000e+00,0.000000e+00,0.000000e+00,0.000000e+00,0.000000e+00,0.000000e+00,0.000000e+00,0.000000e+00,0.000000e+00,0.000000e+00,0.000000e+00,0.000000e+00,0.000000e+00,0.000000e+00,0.000000e+00,0.000000e+00,0.000000e+00,0.000000e+00,0.000000e+00,0.000000e+00,0.000000e+00,0.000000e+00,0.000000e+00,0.000000e+00,0.000000e+00,0.000000e+00,0.000000e+00,0.000000e+00,0.000000e+00,0.000000e+00,0.000000e+00,8.915245e+03,1.257370e+02,7.239179e-02,-1.257576e-02,2.616168e-01,1.136610e-03,0.000000e+00,0.000000e+00,0.000000e+00,0.000000e+00,0.000000e+00,0.000000e+00,0.000000e+00,0.000000e+00,0.000000e+00,0.000000e+00,0.000000e+00,0.000000e+00,0.000000e+00,0.000000e+00,0.000000e+00,0.000000e+00,0.000000e+00,0.000000e+00,0.000000e+00,0.000000e+00,0.000000e+00,5.804516e+04,-1.757746e+02,6.248726e+04,3.460064e-01,-1.299662e-02,-1.358897e+01,-5.017230e-01,-1.128114e-01,-1.609857e-01,4.725351e-03,3.291797e-03,1.742554e+01,-3.849829e-01,-1.244595e-02,-1.181013e-03,5.888242e-02,8.705607e-03,-5.139888e+00,5.080484e+01,7.796679e+00,1.385633e+03,-2.661914e+04,1.980713e+02,-8.102661e+04,2.098124e-01,1.380792e+01,-3.587126e-03,-9.409656e+01,2.079272e+03,4.733151e+01
4.560193e-03,8.912433e+03,3.968555e+03,3.331601e-01,1.009683e-02,5.272416e+00,1.023842e-01,9.774000e-07,1.260120e+03,0.000000e+00,0.000000e+00,2.327901e+03,0.000000e+00,0.000000e+00,0.000000e+00,0.000000e+00,0.000000e+00,0.000000e+00,0.000000e+00,0.000000e+00,0.000000e+00,0.000000e+00,0.000000e+00,0.000000e+00,0.000000e+00,0.000000e+00,0.000000e+00,0.000000e+00,0.000000e+00,0.000000e+00,0.000000e+00,0.000000e+00,0.000000e+00,0.000000e+00,0.000000e+00,0.000000e+00,0.000000e+00,0.000000e+00,0.000000e+00,0.000000e+00,0.000000e+00,0.000000e+00,0.000000e+00,0.000000e+00,0.000000e+00,0.000000e+00,0.000000e+00,0.000000e+00,0.000000e+00,8.912433e+03,1.261318e+02,7.251563e-02,-1.254865e-02,2.680138e-01,1.136610e-03,0.000000e+00,0.000000e+00,0.000000e+00,0.000000e+00,0.000000e+00,0.000000e+00,0.000000e+00,0.000000e+00,0.000000e+00,0.000000e+00,0.000000e+00,0.000000e+00,0.000000e+00,0.000000e+00,0.000000e+00,0.000000e+00,0.000000e+00,0.000000e+00,0.000000e+00,0.000000e+00,0.000000e+00,6.029078e+04,-1.463331e+02,6.108288e+04,3.465461e-01,-1.298911e-02,-1.358703e+01,-5.016384e-01,-1.128000e-01,-1.609790e-01,4.725372e-03,3.314656e-03,1.743069e+01,-3.844894e-01,-1.243735e-02,-1.183699e-03,5.937763e-02,8.781803e-03,-5.126349e+00,5.055189e+01,7.792966e+00,1.384821e+03,-2.431497e+04,1.690711e+02,-8.230961e+04,2.090478e-01,1.382824e+01,-3.286547e-03,-1.020243e+02,2.023655e+03,4.989851e+01
4.570944e-03,8.909611e+03,3.965495e+03,3.326305e-01,1.010879e-02,5.277843e+00,1.023842e-01,9.774000e-07,1.264133e+03,0.000000e+00,0.000000e+00,2.329635e+03,0.000000e+00,0.000000e+00,0.000000e+00,0.000000e+00,0.000000e+00,0.000000e+00,0.000000e+00,0.000000e+00,0.000000e+00,0.000000e+00,0.000000e+00,0.000000e+00,0.000000e+00,0.000000e+00,0.000000e+00,0.000000e+00,0.000000e+00,0.000000e+00,0.000000e+00,0.000000e+00,0.000000e+00,0.000000e+00,0.000000e+00,0.000000e+00,0.000000e+00,0.000000e+00,0.000000e+00,0.000000e+00,0.000000e+00,0.000000e+00,0.000000e+00,0.000000e+00,0.000000e+00,0.000000e+00,0.000000e+00,0.000000e+00,0.000000e+00,8.909611e+03,1.265494e+02,7.265133e-02,-1.251196e-02,2.749122e-01,1.136610e-03,0.000000e+00,0.000000e+00,0.000000e+00,0.000000e+00,0.000000e+00,0.000000e+00,0.000000e+00,0.000000e+00,0.000000e+00,0.000000e+00,0.000000e+00,0.000000e+00,0.000000e+00,0.000000e+00,0.000000e+00,0.000000e+00,0.000000e+00,0.000000e+00,0.000000e+00,0.000000e+00,0.000000e+00,6.313487e+04,2.256034e+02,6.510893e+04,3.471290e-01,-1.298424e-02,-1.358479e+01,-5.015185e-01,-1.127779e-01,-1.609720e-01,4.725388e-03,3.340855e-03,1.743609e+01,-3.839546e-01,-1.242408e-02,-1.186748e-03,5.991950e-02,8.865560e-03,-5.111465e+00,5.027375e+01,7.787534e+00,1.383903e+03,-2.647679e+04,-2.014207e+02,-8.674200e+04,2.081314e-01,1.385024e+01,-2.920320e-03,-9.774028e+01,2.043170e+03,4.560827e+01
4.580718e-03,8.907312e+03,3.962585e+03,3.321525e-01,1.011694e-02,5.282552e+00,1.023842e-01,9.774000e-07,1.267727e+03,0.000000e+00,0.000000e+00,2.331155e+03,0.000000e+00,0.000000e+00,0.000000e+00,0.000000e+00,0.000000e+00,0.000000e+00,0.000000e+00,0.000000e+00,0.000000e+00,0.000000e+00,0.000000e+00,0.000000e+00,0.000000e+00,0.000000e+00,0.000000e+00,0.000000e+00,0.000000e+00,0.000000e+00,0.000000e+00,0.000000e+00,0.000000e+00,0.000000e+00,0.000000e+00,0.000000e+00,0.000000e+00,0.000000e+00,0.000000e+00,0.000000e+00,0.000000e+00,0.000000e+00,0.000000e+00,0.000000e+00,0.000000e+00,0.000000e+00,0.000000e+00,0.000000e+00,0.000000e+00,8.907312e+03,1.269296e+02,7.276927e-02,-1.248261e-02,2.810721e-01,1.136610e-03,0.000000e+00,0.000000e+00,0.000000e+00,0.000000e+00,0.000000e+00,0.000000e+00,0.000000e+00,0.000000e+00,0.000000e+00,0.000000e+00,0.000000e+00,0.000000e+00,0.000000e+00,0.000000e+00,0.000000e+00,0.000000e+00,0.000000e+00,0.000000e+00,0.000000e+00,0.000000e+00,0.000000e+00,6.553967e+04,1.957869e+02,6.478765e+04,3.476419e-01,-1.297903e-02,-1.358267e+01,-5.014036e-01,-1.127607e-01,-1.609656e-01,4.725396e-03,3.365609e-03,1.744079e+01,-3.834750e-01,-1.240931e-02,-1.189597e-03,6.040951e-02,8.941658e-03,-5.097944e+00,5.002145e+01,7.782856e+00,1.383042e+03,-2.504507e+04,-1.709418e+02,-8.868845e+04,2.073206e-01,1.386995e+01,-2.591693e-03,-7.450581e+01,1.992432e+03,3.906738e+01
4.590492e-03,8.905217e+03,3.959571e+03,3.316787e-01,1.012489e-02,5.287072e+00,1.023842e-01,9.774000e-07,1.271266e+03,0.000000e+00,0.000000e+00,2.332612e+03,0.000000e+00,0.000000e+00,0.000000e+00,0.000000e+00,0.000000e+00,0.000000e+00,0.000000e+00,0.000000e+00,0.000000e+00,0.000000e+00,0.000000e+00,0.000000e+00,0.000000e+00,0.000000e+00,0.000000e+00,0.000000e+00,0.000000e+00,0.000000e+00,0.000000e+00,0.000000e+00,0.000000e+00,0.000000e+00,0.000000e+00,0.000000e+00,0.000000e+00,0.000000e+00,0.000000e+00,0.000000e+00,0.000000e+00,0.000000e+00,0.000000e+00,0.000000e+00,0.000000e+00,0.000000e+00,0.000000e+00,0.000000e+00,0.000000e+00,8.905217e+03,1.273102e+02,7.287809e-02,-1.244917e-02,2.871217e-01,1.136610e-03,0.000000e+00,0.000000e+00,0.000000e+00,0.000000e+00,0.000000e+00,0.000000e+00,0.000000e+00,0.000000e+00,0.000000e+00,0.000000e+00,0.000000e+00,0.000000e+00,0.000000e+00,0.000000e+00,0.000000e+00,0.000000e+00,0.000000e+00,0.000000e+00,0.000000e+00,0.000000e+00,0.000000e+00,6.805341e+04,9.708798e+02,6.631885e+04,3.481334e-01,-1.297695e-02,-1.358048e+01,-5.012775e-01,-1.127385e-01,-1.609592e-01,4.725398e-03,3.391304e-03,1.744530e+01,-3.830009e-01,-1.239202e-02,-1.192530e-03,6.089710e-02,9.017702e-03,-5.084431e+00,4.977442e+01,7.778738e+00,1.382164e+03,-2.518320e+04,-9.450460e+02,-9.162594e+04,2.064646e-01,1.388932e+01,-2.226260e-03,-1.013535e+02,1.974869e+03,4.320922e+01
4.600266e-03,8.903336e+03,3.956469e+03,3.312083e-01,1.013237e-02,5.291419e+00,1.023842e-01,9.774000e-07,1.274749e+03,0.000000e+00,0.000000e+00,2.334008e+03,0.000000e+00,0.000000e+00,0.000000e+00,0.000000e+00,0.000000e+00,0.000000e+00,0.000000e+00,0.000000e+00,0.000000e+00,0.000000e+00,0.000000e+00,0.000000e+00,0.000000e+00,0.000000e+00,0.000000e+00,0.000000e+00,0.000000e+00,0.000000e+00,0.000000e+00,0.000000e+00,0.000000e+00,0.000000e+00,0.000000e+00,0.000000e+00,0.000000e+00,0.000000e+00,0.000000e+00,0.000000e+00,0.000000e+00,0.000000e+00,0.000000e+00,0.000000e+00,0.000000e+00,0.000000e+00,0.000000e+00,0.000000e+00,0.000000e+00,8.903336e+03,1.277029e+02,7.298262e-02,-1.241416e-02,2.930699e-01,1.136610e-03,0.000000e+00,0.000000e+00,0.000000e+00,0.000000e+00,0.000000e+00,0.000000e+00,0.000000e+00,0.000000e+00,0.000000e+00,0.000000e+00,0.000000e+00,0.000000e+00,0.000000e+00,0.000000e+00,0.000000e+00,0.000000e+00,0.000000e+00,0.000000e+00,0.000000e+00,0.000000e+00,0.000000e+00,7.005207e+04,1.161770e+03,6.679105e+04,3.485975e-01,-1.297358e-02,-1.357821e+01,-5.011354e-01,-1.127162e-01,-1.609510e-01,4.725398e-03,3.417878e-03,1.744964e+01,-3.825306e-01,-1.237288e-02,-1.195526e-03,6.138228e-02,9.093692e-03,-5.070926e+00,4.953074e+01,7.773353e+00,1.381267e+03,-2.464366e+04,-1.135222e+03,-9.360069e+04,2.055842e-01,1.390837e+01,-1.859605e-03,-6.833130e+01,1.934864e+03,1.611115e+01
4.610040e-03,8.901656e+03,3.953281e+03,3.307398e-01,1.013936e-02,5.295609e+00,1.023842e-01,9.774000e-07,1.278176e+03,0.000000e+00,0.000000e+00,2.335343e+03,0.000000e+00,0.000000e+00,0.000000e+00,0.000000e+00,0.000000e+00,0.000000e+00,0.000000e+00,0.000000e+00,0.000000e+00,0.000000e+00,0.000000e+00,0.000000e+00,0.000000e+00,0.000000e+00,0.000000e+00,0.000000e+00,0.000000e+00,0.000000e+00,0.000000e+00,0.000000e+00,0.000000e+00,0.000000e+00,0.000000e+00,0.000000e+00,0.000000e+00,0.000000e+00,0.000000e+00,0.000000e+00,0.000000e+00,0.000000e+00,0.000000e+00,0.000000e+00,0.000000e+00,0.000000e+00,0.000000e+00,0.000000e+00,0.000000e+00,8.901656e+03,1.281106e+02,7.308569e-02,-1.238160e-02,2.989269e-01,1.136610e-03,0.000000e+00,0.000000e+00,0.000000e+00,0.000000e+00,0.000000e+00,0.000000e+00,0.000000e+00,0.000000e+00,0.000000e+00,0.000000e+00,0.000000e+00,0.000000e+00,0.000000e+00,0.000000e+00,0.000000e+00,0.000000e+00,0.000000e+00,0.000000e+00,0.000000e+00,0.000000e+00,0.000000e+00,7.179627e+04,8.758118e+02,6.766670e+04,3.490397e-01,-1.296774e-02,-1.357588e+01,-5.009773e-01,-1.126968e-01,-1.609419e-01,4.725398e-03,3.445255e-03,1.745382e+01,-3.820623e-01,-1.235248e-02,-1.198571e-03,6.186509e-02,9.169627e-03,-5.057431e+00,4.929001e+01,7.767555e+00,1.380351e+03,-2.458084e+04,-8.485372e+02,-9.554746e+04,2.047960e-01,1.392707e+01,-1.533520e-03,-6.322398e+01,1.909495e+03,1.367862e+01
4.620791e-03,8.900043e+03,3.949679e+03,3.302267e-01,1.014663e-02,5.300049e+00,1.023842e-01,9.774000e-07,1.281882e+03,0.000000e+00,0.000000e+00,2.336740e+03,0.000000e+00,0.000000e+00,0.000000e+00,0.000000e+00,0.000000e+00,0.000000e+00,0.000000e+00,0.000000e+00,0.000000e+00,0.000000e+00,0.000000e+00,0.000000e+00,0.000000e+00,0.000000e+00,0.000000e+00,0.000000e+00,0.000000e+00,0.000000e+00,0.000000e+00,0.000000e+00,0.000000e+00,0.000000e+00,0.000000e+00,0.000000e+00,0.000000e+00,0.000000e+00,0.000000e+00,0.000000e+00,0.000000e+00,0.000000e+00,0.000000e+00,0.000000e+00,0.000000e+00,0.000000e+00,0.000000e+00,0.000000e+00,0.000000e+00,8.900043e+03,1.285965e+02,7.318820e-02,-1.234106e-02,3.052992e-01,1.136610e-03,0.000000e+00,0.000000e+00,0.000000e+00,0.000000e+00,0.000000e+00,0.000000e+00,0.000000e+00,0.000000e+00,0.000000e+00,0.000000e+00,0.000000e+00,0.000000e+00,0.000000e+00,0.000000e+00,0.000000e+00,0.000000e+00,0.000000e+00,0.000000e+00,0.000000e+00,0.000000e+00,0.000000e+00,7.297250e+04,4.616103e+02,6.788935e+04,3.495002e-01,-1.296058e-02,-1.357324e+01,-5.007814e-01,-1.126780e-01,-1.609304e-01,4.725398e-03,3.476170e-03,1.745824e+01,-3.815493e-01,-1.232883e-02,-1.201977e-03,6.239348e-02,9.253105e-03,-5.042596e+00,4.902666e+01,7.761663e+00,1.379320e+03,-2.422225e+04,-4.338195e+02,-9.668122e+04,2.039608e-01,1.394729e+01,-1.197485e-03,-6.577001e+01,1.864612e+03,2.679589e+01
4.630565e-03,8.898782e+03,3.946278e+03,3.297595e-01,1.015342e-02,5.303953e+00,1.023842e-01,9.774000e-07,1.285228e+03,0.000000e+00,0.000000e+00,2.337963e+03,0.000000e+00,0.000000e+00,0.000000e+00,0.000000e+00,0.000000e+00,0.000000e+00,0.000000e+00,0.000000e+00,0.000000e+00,0.000000e+00,0.000000e+00,0.000000e+00,0.000000e+00,0.000000e+00,0.000000e+00,0.000000e+00,0.000000e+00,0.000000e+00,0.000000e+00,0.000000e+00,0.000000e+00,0.000000e+00,0.000000e+00,0.000000e+00,0.000000e+00,0.000000e+00,0.000000e+00,0.000000e+00,0.000000e+00,0.000000e+00,0.000000e+00,0.000000e+00,0.000000e+00,0.000000e+00,0.000000e+00,0.000000e+00,0.000000e+00,8.898782e+03,1.290723e+02,7.328201e-02,-1.229781e-02,3.110451e-01,1.136610e-03,0.000000e+00,0.000000e+00,0.000000e+00,0.000000e+00,0.000000e+00,0.000000e+00,0.000000e+00,0.000000e+00,0.000000e+00,0.000000e+00,0.000000e+00,0.000000e+00,0.000000e+00,0.000000e+00,0.000000e+00,0.000000e+00,0.000000e+00,0.000000e+00,0.000000e+00,0.000000e+00,0.000000e+00,7.522180e+04,1.028598e+03,6.881351e+04,3.499632e-01,-1.292339e-02,-1.357068e+01,-5.005779e-01,-1.126792e-01,-1.609138e-01,4.725398e-03,3.504932e-03,1.746213e+01,-3.810820e-01,-1.230689e-02,-1.205112e-03,6.287132e-02,9.328878e-03,-5.029120e+00,4.876835e+01,7.736433e+00,1.378341e+03,-2.395915e+04,-9.999419e+02,-9.909407e+04,2.037620e-01,1.396550e+01,-1.445386e-03,-4.907596e+01,1.829486e+03,1.269861e+01
4.640339e-03,8.897742e+03,3.942773e+03,3.292934e-01,1.016102e-02,5.307731e+00,1.023842e-01,9.774000e-07,1.288483e+03,0.000000e+00,0.000000e+00,2.339160e+03,0.000000e+00,0.000000e+00,0.000000e+00,0.000000e+00,0.000000e+00,0.000000e+00,0.000000e+00,0.000000e+00,0.000000e+00,0.000000e+00,0.000000e+00,0.000000e+00,0.000000e+00,0.000000e+00,0.000000e+00,0.000000e+00,0.000000e+00,0.000000e+00,0.000000e+00,0.000000e+00,0.000000e+00,0.000000e+00,0.000000e+00,0.000000e+00,0.000000e+00,0.000000e+00,0.000000e+00,0.000000e+00,0.000000e+00,0.000000e+00,0.000000e+00,0.000000e+00,0.000000e+00,0.000000e+00,0.000000e+00,0.000000e+00,0.000000e+00,8.897742e+03,1.294903e+02,7.338101e-02,-1.223532e-02,3.167133e-01,1.136610e-03,0.000000e+00,0.000000e+00,0.000000e+00,0.000000e+00,0.000000e+00,0.000000e+00,0.000000e+00,0.000000e+00,0.000000e+00,0.000000e+00,0.000000e+00,0.000000e+00,0.000000e+00,0.000000e+00,0.000000e+00,0.000000e+00,0.000000e+00,0.000000e+00,0.000000e+00,0.000000e+00,0.000000e+00,7.648780e+04,9.884545e+02,6.930451e+04,3.503263e-01,-1.290407e-02,-1.356821e+01,-5.003328e-01,-1.126605e-01,-1.608986e-01,4.725398e-03,3.534154e-03,1.746590e+01,-3.806160e-01,-1.228532e-02,-1.208244e-03,6.334677e-02,9.404438e-03,-5.015653e+00,4.854092e+01,7.727099e+00,1.377394e+03,-2.379181e+04,-9.592247e+02,-1.004366e+05,2.032692e-01,1.398320e+01,-1.307411e-03,-4.785630e+01,1.794360e+03,7.231591e+00
4.650113e-03,8.896874e+03,3.939232e+03,3.288297e-01,1.016975e-02,5.311394e+00,1.023842e-01,9.774000e-07,1.291691e+03,0.000000e+00,0.000000e+00,2.340265e+03,0.000000e+00,0.000000e+00,0.000000e+00,0.000000e+00,0.000000e+00,0.000000e+00,0.000000e+00,0.000000e+00,0.000000e+00,0.000000e+00,0.000000e+00,0.000000e+00,0.000000e+00,0.000000e+00,0.000000e+00,0.000000e+00,0.000000e+00,0.000000e+00,0.000000e+00,0.000000e+00,0.000000e+00,0.000000e+00,0.000000e+00,0.000000e+00,0.000000e+00,0.000000e+00,0.000000e+00,0.000000e+00,0.000000e+00,0.000000e+00,0.000000e+00,0.000000e+00,0.000000e+00,0.000000e+00,0.000000e+00,0.000000e+00,0.000000e+00,8.896874e+03,1.299749e+02,7.349240e-02,-1.217847e-02,3.223503e-01,1.136610e-03,0.000000e+00,0.000000e+00,0.000000e+00,0.000000e+00,0.000000e+00,0.000000e+00,0.000000e+00,0.000000e+00,0.000000e+00,0.000000e+00,0.000000e+00,0.000000e+00,0.000000e+00,0.000000e+00,0.000000e+00,0.000000e+00,0.000000e+00,0.000000e+00,0.000000e+00,0.000000e+00,0.000000e+00,8.102373e+04,6.131351e+03,7.982563e+04,3.507056e-01,-1.288068e-02,-1.356559e+01,-5.001009e-01,-1.126554e-01,-1.608802e-01,4.725398e-03,3.563679e-03,1.746955e+01,-3.801523e-01,-1.226457e-02,-1.211328e-03,6.381997e-02,9.479916e-03,-5.002195e+00,4.830735e+01,7.716022e+00,1.376407e+03,-3.083319e+04,-6.099121e+03,-1.094837e+05,2.029707e-01,1.400060e+01,-1.310063e-03,9.286165e+01,1.799238e+03,-1.361388e+02
4.660865e-03,8.896146e+03,3.935239e+03,3.283217e-01,1.018027e-02,5.315295e+00,1.023842e-01,9.774066e-07,1.295160e+03,0.000000e+00,0.000000e+00,2.341413e+03,0.000000e+00,0.000000e+00,0.000000e+00,0.000000e+00,0.000000e+00,0.000000e+00,0.000000e+00,0.000000e+00,0.000000e+00,0.000000e+00,0.000000e+00,0.000000e+00,0.000000e+00,0.000000e+00,0.000000e+00,0.000000e+00,0.000000e+00,0.000000e+00,0.000000e+00,0.000000e+00,0.000000e+00,0.000000e+00,0.000000e+00,0.000000e+00,0.000000e+00,0.000000e+00,0.000000e+00,0.000000e+00,0.000000e+00,0.000000e+00,0.000000e+00,0.000000e+00,0.000000e+00,0.000000e+00,0.000000e+00,0.000000e+00,0.000000e+00,8.896146e+03,1.305400e+02,7.363899e-02,-1.212038e-02,3.284988e-01,1.136610e-03,0.000000e+00,0.000000e+00,0.000000e+00,0.000000e+00,0.000000e+00,0.000000e+00,0.000000e+00,0.000000e+00,0.000000e+00,0.000000e+00,0.000000e+00,0.000000e+00,0.000000e+00,0.000000e+00,0.000000e+00,0.000000e+00,0.000000e+00,0.000000e+00,0.000000e+00,0.000000e+00,0.000000e+00,7.867947e+04,3.891990e+02,7.089841e+04,3.511319e-01,-1.285205e-02,-1.356264e+01,-4.998263e-01,-1.126574e-01,-1.608580e-01,4.725398e-03,3.596243e-03,1.747345e+01,-3.796446e-01,-1.224254e-02,-1.214600e-03,6.433763e-02,9.562649e-03,-4.987404e+00,4.802902e+01,7.689351e+00,1.375291e+03,-2.415988e+04,-3.587640e+02,-1.031182e+05,2.030993e-01,1.401944e+01,-1.782621e-03,-3.977512e+01,1.704552e+03,1.052751e+01
4.670639e-03,8.895650e+03,3.931572e+03,3.278646e-01,1.019032e-02,5.318721e+00,1.023842e-01,9.774000e-07,1.298226e+03,0.000000e+00,0.000000e+00,2.342427e+03,0.000000e+00,0.000000e+00,0.000000e+00,0.000000e+00,0.000000e+00,0.000000e+00,0.000000e+00,0.000000e+00,0.000000e+00,0.000000e+00,0.000000e+00,0.000000e+00,0.000000e+00,0.000000e+00,0.000000e+00,0.000000e+00,0.000000e+00,0.000000e+00,0.000000e+00,0.000000e+00,0.000000e+00,0.000000e+00,0.000000e+00,0.000000e+00,0.000000e+00,0.000000e+00,0.000000e+00,0.000000e+00,0.000000e+00,0.000000e+00,0.000000e+00,0.000000e+00,0.000000e+00,0.000000e+00,0.000000e+00,0.000000e+00,0.000000e+00,8.895650e+03,1.310446e+02,7.377339e-02,-1.207125e-02,3.339911e-01,1.136610e-03,0.000000e+00,0.000000e+00,0.000000e+00,0.000000e+00,0.000000e+00,0.000000e+00,0.000000e+00,0.000000e+00,0.000000e+00,0.000000e+00,0.000000e+00,0.000000e+00,0.000000e+00,0.000000e+00,0.000000e+00,0.000000e+00,0.000000e+00,0.000000e+00,0.000000e+00,0.000000e+00,0.000000e+00,7.921012e+04,5.478612e+03,7.715789e+04,3.515307e-01,-1.282715e-02,-1.355994e+01,-4.995643e-01,-1.126647e-01,-1.608369e-01,4.725398e-03,3.625979e-03,1.747686e+01,-3.791877e-01,-1.222286e-02,-1.217471e-03,6.480579e-02,9.637767e-03,-4.973967e+00,4.778183e+01,7.673361e+00,1.374282e+03,-2.940205e+04,-5.446799e+03,-1.065995e+05,2.030814e-01,1.403603e+01,-2.076749e-03,8.534551e+01,1.692884e+03,-1.197491e+02
4.680413e-03,8.895339e+03,3.927852e+03,3.274125e-01,1.020021e-02,5.322033e+00,1.023842e-01,9.774000e-07,1.301220e+03,0.000000e+00,0.000000e+00,2.343383e+03,0.000000e+00,0.000000e+00,0.000000e+00,0.000000e+00,0.000000e+00,0.000000e+00,0.000000e+00,0.000000e+00,0.000000e+00,0.000000e+00,0.000000e+00,0.000000e+00,0.000000e+00,0.000000e+00,0.000000e+00,0.000000e+00,0.000000e+00,0.000000e+00,0.000000e+00,0.000000e+00,0.000000e+00,0.000000e+00,0.000000e+00,0.000000e+00,0.000000e+00,0.000000e+00,0.000000e+00,0.000000e+00,0.000000e+00,0.000000e+00,0.000000e+00,0.000000e+00,0.000000e+00,0.000000e+00,0.000000e+00,0.000000e+00,0.000000e+00,8.895339e+03,1.315609e+02,7.394441e-02,-1.204985e-02,3.394227e-01,1.136610e-03,0.000000e+00,0.000000e+00,0.000000e+00,0.000000e+00,0.000000e+00,0.000000e+00,0.000000e+00,0.000000e+00,0.000000e+00,0.000000e+00,0.000000e+00,0.000000e+00,0.000000e+00,0.000000e+00,0.000000e+00,0.000000e+00,0.000000e+00,0.000000e+00,0.000000e+00,0.000000e+00,0.000000e+00,7.540471e+04,2.089940e+02,6.811456e+04,3.519356e-01,-1.285230e-02,-1.355721e+01,-4.992924e-01,-1.126422e-01,-1.608126e-01,4.725398e-03,3.655586e-03,1.748017e+01,-3.787360e-01,-1.220313e-02,-1.220257e-03,6.527133e-02,9.712792e-03,-4.960540e+00,4.751909e+01,7.679890e+00,1.373262e+03,-2.332777e+04,-1.794052e+02,-9.890041e+04,2.025942e-01,1.405226e+01,-1.858671e-03,-3.616284e+01,1.605069e+03,7.933608e+00
4.690187e-03,8.895157e+03,3.924125e+03,3.269673e-01,1.020987e-02,5.325227e+00,1.023842e-01,9.774000e-07,1.304125e+03,0.000000e+00,0.000000e+00,2.344300e+03,0.000000e+00,0.000000e+00,0.000000e+00,0.000000e+00,0.000000e+00,0.000000e+00,0.000000e+00,0.000000e+00,0.000000e+00,0.000000e+00,0.000000e+00,0.000000e+00,0.000000e+00,0.000000e+00,0.000000e+00,0.000000e+00,0.000000e+00,0.000000e+00,0.000000e+00,0.000000e+00,0.000000e+00,0.000000e+00,0.000000e+00,0.000000e+00,0.000000e+00,0.000000e+00,0.000000e+00,0.000000e+00,0.000000e+00,0.000000e+00,0.000000e+00,0.000000e+00,0.000000e+00,0.000000e+00,0.000000e+00,0.000000e+00,0.000000e+00,8.895157e+03,1.320484e+02,7.413653e-02,-1.203053e-02,3.447383e-01,1.136610e-03,0.000000e+00,0.000000e+00,0.000000e+00,0.000000e+00,0.000000e+00,0.000000e+00,0.000000e+00,0.000000e+00,0.000000e+00,0.000000e+00,0.000000e+00,0.000000e+00,0.000000e+00,0.000000e+00,0.000000e+00,0.000000e+00,0.000000e+00,0.000000e+00,0.000000e+00,0.000000e+00,0.000000e+00,7.555873e+04,-2.176016e+02,6.814184e+04,3.523373e-01,-1.282336e-02,-1.355451e+01,-4.990130e-01,-1.126595e-01,-1.607888e-01,4.725398e-03,3.684968e-03,1.748335e+01,-3.782911e-01,-1.218337e-02,-1.222993e-03,6.573445e-02,9.787765e-03,-4.947124e+00,4.726311e+01,7.656853e+00,1.372258e+03,-2.329102e+04,2.474306e+02,-9.904517e+04,2.027892e-01,1.406796e+01,-2.369933e-03,-3.884608e+01,1.561161e+03,7.222896e+00
4.700938e-03,8.895108e+03,3.920016e+03,3.264848e-01,1.021931e-02,5.328605e+00,1.023842e-01,9.774000e-07,1.307222e+03,0.000000e+00,0.000000e+00,2.345282e+03,0.000000e+00,0.000000e+00,0.000000e+00,0.000000e+00,0.000000e+00,0.000000e+00,0.000000e+00,0.000000e+00,0.000000e+00,0.000000e+00,0.000000e+00,0.000000e+00,0.000000e+00,0.000000e+00,0.000000e+00,0.000000e+00,0.000000e+00,0.000000e+00,0.000000e+00,0.000000e+00,0.000000e+00,0.000000e+00,0.000000e+00,0.000000e+00,0.000000e+00,0.000000e+00,0.000000e+00,0.000000e+00,0.000000e+00,0.000000e+00,0.000000e+00,0.000000e+00,0.000000e+00,0.000000e+00,0.000000e+00,0.000000e+00,0.000000e+00,8.895108e+03,1.325275e+02,7.434645e-02,-1.201772e-02,3.504214e-01,1.136610e-03,0.000000e+00,0.000000e+00,0.000000e+00,0.000000e+00,0.000000e+00,0.000000e+00,0.000000e+00,0.000000e+00,0.000000e+00,0.000000e+00,0.000000e+00,0.000000e+00,0.000000e+00,0.000000e+00,0.000000e+00,0.000000e+00,0.000000e+00,0.000000e+00,0.000000e+00,0.000000e+00,0.000000e+00,7.835112e+04,4.726681e+03,7.453155e+04,3.527812e-01,-1.284455e-02,-1.355156e+01,-4.987055e-01,-1.126373e-01,-1.607585e-01,4.725398e-03,3.716938e-03,1.748671e+01,-3.778090e-01,-1.216078e-02,-1.225986e-03,6.624103e-02,9.870166e-03,-4.932376e+00,4.698640e+01,7.675418e+00,1.371175e+03,-2.755991e+04,-4.694870e+03,-1.045686e+05,2.019535e-01,1.408466e+01,-1.802868e-03,9.732864e+01,1.562137e+03,-1.195889e+02
4.710712e-03,8.895169e+03,3.916297e+03,3.260536e-01,1.022740e-02,5.331554e+00,1.023842e-01,9.774000e-07,1.309956e+03,0.000000e+00,0.000000e+00,2.346127e+03,0.000000e+00,0.000000e+00,0.000000e+00,0.000000e+00,0.000000e+00,0.000000e+00,0.000000e+00,0.000000e+00,0.000000e+00,0.000000e+00,0.000000e+00,0.000000e+00,0.000000e+00,0.000000e+00,0.000000e+00,0.000000e+00,0.000000e+00,0.000000e+00,0.000000e+00,0.000000e+00,0.000000e+00,0.000000e+00,0.000000e+00,0.000000e+00,0.000000e+00,0.000000e+00,0.000000e+00,0.000000e+00,0.000000e+00,0.000000e+00,0.000000e+00,0.000000e+00,0.000000e+00,0.000000e+00,0.000000e+00,0.000000e+00,0.000000e+00,8.895169e+03,1.329558e+02,7.454786e-02,-1.199052e-02,3.554789e-01,1.136610e-03,0.000000e+00,0.000000e+00,0.000000e+00,0.000000e+00,0.000000e+00,0.000000e+00,0.000000e+00,0.000000e+00,0.000000e+00,0.000000e+00,0.000000e+00,0.000000e+00,0.000000e+00,0.000000e+00,0.000000e+00,0.000000e+00,0.000000e+00,0.000000e+00,0.000000e+00,0.000000e+00,0.000000e+00,7.381838e+04,2.362190e+02,6.556025e+04,3.531138e-01,-1.282068e-02,-1.354895e+01,-4.984256e-01,-1.126457e-01,-1.607280e-01,4.725398e-03,3.745504e-03,1.748965e+01,-3.773782e-01,-1.214031e-02,-1.228704e-03,6.669892e-02,9.945010e-03,-4.918980e+00,4.674610e+01,7.653267e+00,1.370199e+03,-2.189563e+04,-2.068475e+02,-9.626991e+04,2.022734e-01,1.409943e+01,-2.315724e-03,-1.628242e+01,1.459686e+03,-1.677981e+00
4.720486e-03,8.895312e+03,3.912583e+03,3.256300e-01,1.023536e-02,5.334382e+00,1.023842e-01,9.774000e-07,1.312637e+03,0.000000e+00,0.000000e+00,2.346942e+03,0.000000e+00,0.000000e+00,0.000000e+00,0.000000e+00,0.000000e+00,0.000000e+00,0.000000e+00,0.000000e+00,0.000000e+00,0.000000e+00,0.000000e+00,0.000000e+00,0.000000e+00,0.000000e+00,0.000000e+00,0.000000e+00,0.000000e+00,0.000000e+00,0.000000e+00,0.000000e+00,0.000000e+00,0.000000e+00,0.000000e+00,0.000000e+00,0.000000e+00,0.000000e+00,0.000000e+00,0.000000e+00,0.000000e+00,0.000000e+00,0.000000e+00,0.000000e+00,0.000000e+00,0.000000e+00,0.000000e+00,0.000000e+00,0.000000e+00,8.895312e+03,1.333757e+02,7.474969e-02,-1.197822e-02,3.603995e-01,1.136610e-03,0.000000e+00,0.000000e+00,0.000000e+00,0.000000e+00,0.000000e+00,0.000000e+00,0.000000e+00,0.000000e+00,0.000000e+00,0.000000e+00,0.000000e+00,0.000000e+00,0.000000e+00,0.000000e+00,0.000000e+00,0.000000e+00,0.000000e+00,0.000000e+00,0.000000e+00,0.000000e+00,0.000000e+00,7.480727e+04,8.370968e+02,6.475351e+04,3.535288e-01,-1.283154e-02,-1.354626e+01,-4.981357e-01,-1.126420e-01,-1.606908e-01,4.725398e-03,3.773443e-03,1.749247e+01,-3.769550e-01,-1.212036e-02,-1.231427e-03,6.715447e-02,1.001985e-02,-4.905592e+00,4.648692e+01,7.657509e+00,1.369213e+03,-2.072567e+04,-8.074301e+02,-9.674523e+04,2.019289e-01,1.411387e+01,-2.226216e-03,7.653349e+00,1.442123e+03,-2.996974e+00
4.730260e-03,8.895533e+03,3.908977e+03,3.252154e-01,1.024393e-02,5.337094e+00,1.023842e-01,9.774000e-07,1.315181e+03,0.000000e+00,0.000000e+00,2.347722e+03,0.000000e+00,0.000000e+00,0.000000e+00,0.000000e+00,0.000000e+00,0.000000e+00,0.000000e+00,0.000000e+00,0.000000e+00,0.000000e+00,0.000000e+00,0.000000e+00,0.000000e+00,0.000000e+00,0.000000e+00,0.000000e+00,0.000000e+00,0.000000e+00,0.000000e+00,0.000000e+00,0.000000e+00,0.000000e+00,0.000000e+00,0.000000e+00,0.000000e+00,0.000000e+00,0.000000e+00,0.000000e+00,0.000000e+00,0.000000e+00,0.000000e+00,0.000000e+00,0.000000e+00,0.000000e+00,0.000000e+00,0.000000e+00,0.000000e+00,8.895533e+03,1.337785e+02,7.492757e-02,-1.196573e-02,3.651868e-01,1.136610e-03,0.000000e+00,0.000000e+00,0.000000e+00,0.000000e+00,0.000000e+00,0.000000e+00,0.000000e+00,0.000000e+00,0.000000e+00,0.000000e+00,0.000000e+00,0.000000e+00,0.000000e+00,0.000000e+00,0.000000e+00,0.000000e+00,0.000000e+00,0.000000e+00,0.000000e+00,0.000000e+00,0.000000e+00,7.344169e+04,1.824923e+03,7.348704e+04,3.538122e-01,-1.281941e-02,-1.354372e+01,-4.978508e-01,-1.126427e-01,-1.606514e-01,4.725398e-03,3.800793e-03,1.749517e+01,-3.765410e-01,-1.210154e-02,-1.234158e-03,6.760772e-02,1.009465e-02,-4.892215e+00,4.627531e+01,7.647950e+00,1.368280e+03,-2.905123e+04,-1.793896e+03,-9.975052e+04,2.020353e-01,1.412756e+01,-2.434592e-03,2.170990e+01,1.392361e+03,-4.322232e+01
4.740034e-03,8.895836e+03,3.905361e+03,3.248149e-01,1.025384e-02,5.339690e+00,1.023842e-01,9.774000e-07,1.317691e+03,0.000000e+00,0.000000e+00,2.348460e+03,0.000000e+00,0.000000e+00,0.000000e+00,0.000000e+00,0.000000e+00,0.000000e+00,0.000000e+00,0.000000e+00,0.000000e+00,0.000000e+00,0.000000e+00,0.000000e+00,0.000000e+00,0.000000e+00,0.000000e+00,0.000000e+00,0.000000e+00,0.000000e+00,0.000000e+00,0.000000e+00,0.000000e+00,0.000000e+00,0.000000e+00,0.000000e+00,0.000000e+00,0.000000e+00,0.000000e+00,0.000000e+00,0.000000e+00,0.000000e+00,0.000000e+00,0.000000e+00,0.000000e+00,0.000000e+00,0.000000e+00,0.000000e+00,0.000000e+00,8.895836e+03,1.341826e+02,7.510173e-02,-1.195124e-02,3.698378e-01,1.136610e-03,0.000000e+00,0.000000e+00,0.000000e+00,0.000000e+00,0.000000e+00,0.000000e+00,0.000000e+00,0.000000e+00,0.000000e+00,0.000000e+00,0.000000e+00,0.000000e+00,0.000000e+00,0.000000e+00,0.000000e+00,0.000000e+00,0.000000e+00,0.000000e+00,0.000000e+00,0.000000e+00,0.000000e+00,6.991328e+04,-2.449520e+02,6.160464e+04,3.541321e-01,-1.283128e-02,-1.354113e+01,-4.975576e-01,-1.126286e-01,-1.606069e-01,4.725398e-03,3.827447e-03,1.749776e+01,-3.761410e-01,-1.208489e-02,-1.236889e-03,6.805862e-02,1.016942e-02,-4.878846e+00,4.603642e+01,7.653012e+00,1.367323e+03,-2.034784e+04,2.732259e+02,-9.093377e+04,2.017335e-01,1.414109e+01,-2.287466e-03,-2.360037e+01,1.288934e+03,2.254222e+00
4.750785e-03,8.896233e+03,3.901482e+03,3.243829e-01,1.026313e-02,5.342420e+00,1.023842e-01,9.774000e-07,1.320327e+03,0.000000e+00,0.000000e+00,2.349250e+03,0.000000e+00,0.000000e+00,0.000000e+00,0.000000e+00,0.000000e+00,0.000000e+00,0.000000e+00,0.000000e+00,0.000000e+00,0.000000e+00,0.000000e+00,0.000000e+00,0.000000e+00,0.000000e+00,0.000000e+00,0.000000e+00,0.000000e+00,0.000000e+00,0.000000e+00,0.000000e+00,0.000000e+00,0.000000e+00,0.000000e+00,0.000000e+00,0.000000e+00,0.000000e+00,0.000000e+00,0.000000e+00,0.000000e+00,0.000000e+00,0.000000e+00,0.000000e+00,0.000000e+00,0.000000e+00,0.000000e+00,0.000000e+00,0.000000e+00,8.896233e+03,1.346370e+02,7.529505e-02,-1.193441e-02,3.748113e-01,1.136610e-03,0.000000e+00,0.000000e+00,0.000000e+00,0.000000e+00,0.000000e+00,0.000000e+00,0.000000e+00,0.000000e+00,0.000000e+00,0.000000e+00,0.000000e+00,0.000000e+00,0.000000e+00,0.000000e+00,0.000000e+00,0.000000e+00,0.000000e+00,0.000000e+00,0.000000e+00,0.000000e+00,0.000000e+00,7.205480e+04,-2.144439e+03,6.323486e+04,3.544978e-01,-1.283030e-02,-1.353833e+01,-4.972357e-01,-1.126191e-01,-1.605515e-01,4.725398e-03,3.855964e-03,1.750048e+01,-3.757097e-01,-1.206564e-02,-1.239900e-03,6.855211e-02,1.025160e-02,-4.864151e+00,4.578147e+01,7.648941e+00,1.366301e+03,-2.076020e+04,2.173737e+03,-9.359183e+04,2.017186e-01,1.415523e+01,-2.399137e-03,-8.735795e+01,1.298691e+03,4.434478e+01
4.760560e-03,8.896653e+03,3.898041e+03,3.240042e-01,1.026900e-02,5.344792e+00,1.023842e-01,9.774118e-07,1.322619e+03,0.000000e+00,0.000000e+00,2.349921e+03,0.000000e+00,0.000000e+00,0.000000e+00,0.000000e+00,0.000000e+00,0.000000e+00,0.000000e+00,0.000000e+00,0.000000e+00,0.000000e+00,0.000000e+00,0.000000e+00,0.000000e+00,0.000000e+00,0.000000e+00,0.000000e+00,0.000000e+00,0.000000e+00,0.000000e+00,0.000000e+00,0.000000e+00,0.000000e+00,0.000000e+00,0.000000e+00,0.000000e+00,0.000000e+00,0.000000e+00,0.000000e+00,0.000000e+00,0.000000e+00,0.000000e+00,0.000000e+00,0.000000e+00,0.000000e+00,0.000000e+00,0.000000e+00,0.000000e+00,8.896653e+03,1.350493e+02,7.547002e-02,-1.191542e-02,3.791973e-01,1.136610e-03,0.000000e+00,0.000000e+00,0.000000e+00,0.000000e+00,0.000000e+00,0.000000e+00,0.000000e+00,0.000000e+00,0.000000e+00,0.000000e+00,0.000000e+00,0.000000e+00,0.000000e+00,0.000000e+00,0.000000e+00,0.000000e+00,0.000000e+00,0.000000e+00,0.000000e+00,0.000000e+00,0.000000e+00,6.993947e+04,-1.384086e+03,6.219606e+04,3.547495e-01,-1.280603e-02,-1.353586e+01,-4.969440e-01,-1.126288e-01,-1.604993e-01,4.725398e-03,3.881176e-03,1.750284e+01,-3.753316e-01,-1.204603e-02,-1.242669e-03,6.899846e-02,1.032630e-02,-4.850802e+00,4.557312e+01,7.630849e+00,1.365397e+03,-2.088012e+04,1.412847e+03,-9.123497e+04,2.020352e-01,1.416755e+01,-2.911077e-03,-3.727486e+01,1.231336e+03,3.206929e+01
4.770333e-03,8.897139e+03,3.894612e+03,3.236396e-01,1.027170e-02,5.347058e+00,1.023842e-01,9.774000e-07,1.324866e+03,0.000000e+00,0.000000e+00,2.350569e+03,0.000000e+00,0.000000e+00,0.000000e+00,0.000000e+00,0.000000e+00,0.000000e+00,0.000000e+00,0.000000e+00,0.000000e+00,0.000000e+00,0.000000e+00,0.000000e+00,0.000000e+00,0.000000e+00,0.000000e+00,0.000000e+00,0.000000e+00,0.000000e+00,0.000000e+00,0.000000e+00,0.000000e+00,0.000000e+00,0.000000e+00,0.000000e+00,0.000000e+00,0.000000e+00,0.000000e+00,0.000000e+00,0.000000e+00,0.000000e+00,0.000000e+00,0.000000e+00,0.000000e+00,0.000000e+00,0.000000e+00,0.000000e+00,0.000000e+00,8.897139e+03,1.354944e+02,7.566412e-02,-1.190978e-02,3.834896e-01,1.136610e-03,0.000000e+00,0.000000e+00,0.000000e+00,0.000000e+00,0.000000e+00,0.000000e+00,0.000000e+00,0.000000e+00,0.000000e+00,0.000000e+00,0.000000e+00,0.000000e+00,0.000000e+00,0.000000e+00,0.000000e+00,0.000000e+00,0.000000e+00,0.000000e+00,0.000000e+00,0.000000e+00,0.000000e+00,6.886016e+04,1.750250e+03,5.932696e+04,3.550579e-01,-1.281354e-02,-1.353336e+01,-4.966509e-01,-1.126328e-01,-1.604434e-01,4.725398e-03,3.906091e-03,1.750510e+01,-3.749676e-01,-1.202364e-02,-1.245543e-03,6.944264e-02,1.040098e-02,-4.837462e+00,4.534662e+01,7.633190e+00,1.364483e+03,-1.889648e+04,-1.722091e+03,-8.890688e+04,2.019639e-01,1.417960e+01,-2.987621e-03,3.482121e+01,1.185507e+03,-4.899520e+01
4.780108e-03,8.897676e+03,3.891263e+03,3.232894e-01,1.027099e-02,5.349221e+00,1.023842e-01,9.774812e-07,1.327016e+03,0.000000e+00,0.000000e+00,2.351197e+03,0.000000e+00,0.000000e+00,0.000000e+00,0.000000e+00,0.000000e+00,0.000000e+00,0.000000e+00,0.000000e+00,0.000000e+00,0.000000e+00,0.000000e+00,0.000000e+00,0.000000e+00,0.000000e+00,0.000000e+00,0.000000e+00,0.000000e+00,0.000000e+00,0.000000e+00,0.000000e+00,0.000000e+00,0.000000e+00,0.000000e+00,0.000000e+00,0.000000e+00,0.000000e+00,0.000000e+00,0.000000e+00,0.000000e+00,0.000000e+00,0.000000e+00,0.000000e+00,0.000000e+00,0.000000e+00,0.000000e+00,0.000000e+00,0.000000e+00,8.897676e+03,1.359415e+02,7.585737e-02,-1.190286e-02,3.876522e-01,1.136610e-03,0.000000e+00,0.000000e+00,0.000000e+00,0.000000e+00,0.000000e+00,0.000000e+00,0.000000e+00,0.000000e+00,0.000000e+00,0.000000e+00,0.000000e+00,0.000000e+00,0.000000e+00,0.000000e+00,0.000000e+00,0.000000e+00,0.000000e+00,0.000000e+00,0.000000e+00,0.000000e+00,0.000000e+00,7.056191e+04,3.152454e+03,6.434824e+04,3.553453e-01,-1.282308e-02,-1.353091e+01,-4.963578e-01,-1.126354e-01,-1.603856e-01,4.725399e-03,3.930876e-03,1.750726e+01,-3.746181e-01,-1.199797e-02,-1.248589e-03,6.988478e-02,1.047560e-02,-4.824130e+00,4.513281e+01,7.635010e+00,1.363598e+03,-2.249331e+04,-3.122789e+03,-9.281119e+04,2.018280e-01,1.419111e+01,-3.062658e-03,1.363063e+02,1.182531e+03,-1.181308e+02
4.790859e-03,8.898323e+03,3.887675e+03,3.229185e-01,1.026729e-02,5.351489e+00,1.023842e-01,9.774000e-07,1.329272e+03,0.000000e+00,0.000000e+00,2.351831e+03,0.000000e+00,0.000000e+00,0.000000e+00,0.000000e+00,0.000000e+00,0.000000e+00,0.000000e+00,0.000000e+00,0.000000e+00,0.000000e+00,0.000000e+00,0.000000e+00,0.000000e+00,0.000000e+00,0.000000e+00,0.000000e+00,0.000000e+00,0.000000e+00,0.000000e+00,0.000000e+00,0.000000e+00,0.000000e+00,0.000000e+00,0.000000e+00,0.000000e+00,0.000000e+00,0.000000e+00,0.000000e+00,0.000000e+00,0.000000e+00,0.000000e+00,0.000000e+00,0.000000e+00,0.000000e+00,0.000000e+00,0.000000e+00,0.000000e+00,8.898323e+03,1.364363e+02,7.604911e-02,-1.189365e-02,3.920852e-01,1.136610e-03,0.000000e+00,0.000000e+00,0.000000e+00,0.000000e+00,0.000000e+00,0.000000e+00,0.000000e+00,0.000000e+00,0.000000e+00,0.000000e+00,0.000000e+00,0.000000e+00,0.000000e+00,0.000000e+00,0.000000e+00,0.000000e+00,0.000000e+00,0.000000e+00,0.000000e+00,0.000000e+00,0.000000e+00,6.609255e+04,2.504911e+03,5.950374e+04,3.556274e-01,-1.282108e-02,-1.352831e+01,-4.960403e-01,-1.126376e-01,-1.603200e-01,4.725399e-03,3.958080e-03,1.750951e+01,-3.742476e-01,-1.196716e-02,-1.252047e-03,7.036874e-02,1.055765e-02,-4.809474e+00,4.490536e+01,7.631284e+00,1.362649e+03,-2.040779e+04,-2.477073e+03,-8.655970e+04,2.018511e-01,1.420321e+01,-3.335491e-03,4.235260e+01,1.092813e+03,-5.897710e+01
4.800634e-03,8.898950e+03,3.884486e+03,3.225928e-01,1.026493e-02,5.353452e+00,1.023843e-01,9.774000e-07,1.331237e+03,0.000000e+00,0.000000e+00,2.352385e+03,0.000000e+00,0.000000e+00,0.000000e+00,0.000000e+00,0.000000e+00,0.000000e+00,0.000000e+00,0.000000e+00,0.000000e+00,0.000000e+00,0.000000e+00,0.000000e+00,0.000000e+00,0.000000e+00,0.000000e+00,0.000000e+00,0.000000e+00,0.000000e+00,0.000000e+00,0.000000e+00,0.000000e+00,0.000000e+00,0.000000e+00,0.000000e+00,0.000000e+00,0.000000e+00,0.000000e+00,0.000000e+00,0.000000e+00,0.000000e+00,0.000000e+00,0.000000e+00,0.000000e+00,0.000000e+00,0.000000e+00,0.000000e+00,0.000000e+00,8.898950e+03,1.368898e+02,7.623483e-02,-1.188836e-02,3.959818e-01,1.136610e-03,0.000000e+00,0.000000e+00,0.000000e+00,0.000000e+00,0.000000e+00,0.000000e+00,0.000000e+00,0.000000e+00,0.000000e+00,0.000000e+00,0.000000e+00,0.000000e+00,0.000000e+00,0.000000e+00,0.000000e+00,0.000000e+00,0.000000e+00,0.000000e+00,0.000000e+00,0.000000e+00,0.000000e+00,6.488380e+04,4.025191e+02,6.151659e+04,3.558807e-01,-1.282904e-02,-1.352599e+01,-4.957565e-01,-1.126470e-01,-1.602595e-01,4.725399e-03,3.982786e-03,1.751147e+01,-3.739227e-01,-1.193975e-02,-1.255025e-03,7.080663e-02,1.063219e-02,-4.796160e+00,4.470478e+01,7.627138e+00,1.361809e+03,-2.276581e+04,-3.744626e+02,-8.646350e+04,2.019364e-01,1.421372e+01,-3.667494e-03,-6.997783e+00,1.061590e+03,-9.340144e+00
4.810408e-03,8.899615e+03,3.881381e+03,3.222774e-01,1.026226e-02,5.355335e+00,1.023843e-01,9.774000e-07,1.333124e+03,0.000000e+00,0.000000e+00,2.352907e+03,0.000000e+00,0.000000e+00,0.000000e+00,0.000000e+00,0.000000e+00,0.000000e+00,0.000000e+00,0.000000e+00,0.000000e+00,0.000000e+00,0.000000e+00,0.000000e+00,0.000000e+00,0.000000e+00,0.000000e+00,0.000000e+00,0.000000e+00,0.000000e+00,0.000000e+00,0.000000e+00,0.000000e+00,0.000000e+00,0.000000e+00,0.000000e+00,0.000000e+00,0.000000e+00,0.000000e+00,0.000000e+00,0.000000e+00,0.000000e+00,0.000000e+00,0.000000e+00,0.000000e+00,0.000000e+00,0.000000e+00,0.000000e+00,0.000000e+00,8.899615e+03,1.373470e+02,7.641555e-02,-1.188411e-02,3.997644e-01,1.136610e-03,0.000000e+00,0.000000e+00,0.000000e+00,0.000000e+00,0.000000e+00,0.000000e+00,0.000000e+00,0.000000e+00,0.000000e+00,0.000000e+00,0.000000e+00,0.000000e+00,0.000000e+00,0.000000e+00,0.000000e+00,0.000000e+00,0.000000e+00,0.000000e+00,0.000000e+00,0.000000e+00,0.000000e+00,6.394947e+04,-3.922386e+02,6.051285e+04,3.561029e-01,-1.282814e-02,-1.352373e+01,-4.954772e-01,-1.126614e-01,-1.601972e-01,4.725400e-03,4.007596e-03,1.751335e+01,-3.736076e-01,-1.191251e-02,-1.257922e-03,7.124253e-02,1.070668e-02,-4.782853e+00,4.451251e+01,7.619813e+00,1.360991e+03,-2.234640e+04,4.200377e+02,-8.515841e+04,2.020718e-01,1.422381e+01,-4.059428e-03,-3.192453e+01,1.023536e+03,1.131518e+00
4.820184e-03,8.900283e+03,3.878357e+03,3.219730e-01,1.025739e-02,5.357144e+00,1.023843e-01,9.774016e-07,1.334944e+03,0.000000e+00,0.000000e+00,2.353404e+03,0.000000e+00,0.000000e+00,0.000000e+00,0.000000e+00,0.000000e+00,0.000000e+00,0.000000e+00,0.000000e+00,0.000000e+00,0.000000e+00,0.000000e+00,0.000000e+00,0.000000e+00,0.000000e+00,0.000000e+00,0.000000e+00,0.000000e+00,0.000000e+00,0.000000e+00,0.000000e+00,0.000000e+00,0.000000e+00,0.000000e+00,0.000000e+00,0.000000e+00,0.000000e+00,0.000000e+00,0.000000e+00,0.000000e+00,0.000000e+00,0.000000e+00,0.000000e+00,0.000000e+00,0.000000e+00,0.000000e+00,0.000000e+00,0.000000e+00,8.900283e+03,1.378190e+02,7.660096e-02,-1.188612e-02,4.034516e-01,1.136610e-03,0.000000e+00,0.000000e+00,0.000000e+00,0.000000e+00,0.000000e+00,0.000000e+00,0.000000e+00,0.000000e+00,0.000000e+00,0.000000e+00,0.000000e+00,0.000000e+00,0.000000e+00,0.000000e+00,0.000000e+00,0.000000e+00,0.000000e+00,0.000000e+00,0.000000e+00,0.000000e+00,0.000000e+00,6.224774e+04,-2.779991e+01,5.705176e+04,3.563192e-01,-1.282513e-02,-1.352152e+01,-4.951999e-01,-1.126731e-01,-1.601331e-01,4.725400e-03,4.032442e-03,1.751515e+01,-3.733037e-01,-1.188277e-02,-1.261003e-03,7.167662e-02,1.078115e-02,-4.769552e+00,4.432206e+01,7.613708e+00,1.360188e+03,-2.013997e+04,5.469022e+01,-8.200039e+04,2.021837e-01,1.423354e+01,-4.384478e-03,-3.500295e+01,9.815462e+02,-1.158063e+01
4.830027e-03,8.900963e+03,3.875391e+03,3.216731e-01,1.025441e-02,5.358903e+00,1.023843e-01,9.860001e-07,1.336719e+03,0.000000e+00,0.000000e+00,2.353878e+03,0.000000e+00,0.000000e+00,0.000000e+00,0.000000e+00,0.000000e+00,0.000000e+00,0.000000e+00,0.000000e+00,0.000000e+00,0.000000e+00,0.000000e+00,0.000000e+00,0.000000e+00,0.000000e+00,0.000000e+00,0.000000e+00,0.000000e+00,0.000000e+00,0.000000e+00,0.000000e+00,0.000000e+00,0.000000e+00,0.000000e+00,0.000000e+00,0.000000e+00,0.000000e+00,0.000000e+00,0.000000e+00,0.000000e+00,0.000000e+00,0.000000e+00,0.000000e+00,0.000000e+00,0.000000e+00,0.000000e+00,0.000000e+00,0.000000e+00,8.900963e+03,1.383020e+02,7.677620e-02,-1.189099e-02,4.070611e-01,1.136610e-03,0.000000e+00,0.000000e+00,0.000000e+00,0.000000e+00,0.000000e+00,0.000000e+00,0.000000e+00,0.000000e+00,0.000000e+00,0.000000e+00,0.000000e+00,0.000000e+00,0.000000e+00,0.000000e+00,0.000000e+00,0.000000e+00,0.000000e+00,0.000000e+00,0.000000e+00,0.000000e+00,0.000000e+00,6.227945e+04,1.039471e+03,5.442512e+04,3.565295e-01,-1.282364e-02,-1.351932e+01,-4.949216e-01,-1.126828e-01,-1.600666e-01,4.725400e-03,4.057481e-03,1.751689e+01,-3.730045e-01,-1.185457e-02,-1.263920e-03,7.211177e-02,1.085607e-02,-4.756169e+00,4.413371e+01,7.608562e+00,1.359393e+03,-1.783230e+04,-1.012891e+03,-8.076440e+04,2.022839e-01,1.424300e+01,-4.686747e-03,4.458320e+00,9.633598e+02,-3.012011e+01
4.840875e-03,8.901705e+03,3.872218e+03,3.213508e-01,1.025124e-02,5.360783e+00,1.023843e-01,9.863328e-07,1.338613e+03,0.000000e+00,0.000000e+00,2.354379e+03,0.000000e+00,0.000000e+00,0.000000e+00,0.000000e+00,0.000000e+00,0.000000e+00,0.000000e+00,0.000000e+00,0.000000e+00,0.000000e+00,0.000000e+00,0.000000e+00,0.000000e+00,0.000000e+00,0.000000e+00,0.000000e+00,0.000000e+00,0.000000e+00,0.000000e+00,0.000000e+00,0.000000e+00,0.000000e+00,0.000000e+00,0.000000e+00,0.000000e+00,0.000000e+00,0.000000e+00,0.000000e+00,0.000000e+00,0.000000e+00,0.000000e+00,0.000000e+00,0.000000e+00,0.000000e+00,0.000000e+00,0.000000e+00,0.000000e+00,8.901705e+03,1.388655e+02,7.694481e-02,-1.188887e-02,4.109556e-01,1.136610e-03,0.000000e+00,0.000000e+00,0.000000e+00,0.000000e+00,0.000000e+00,0.000000e+00,0.000000e+00,0.000000e+00,0.000000e+00,0.000000e+00,0.000000e+00,0.000000e+00,0.000000e+00,0.000000e+00,0.000000e+00,0.000000e+00,0.000000e+00,0.000000e+00,0.000000e+00,0.000000e+00,0.000000e+00,6.057148e+04,5.205115e+02,5.508602e+04,3.567585e-01,-1.282744e-02,-1.351692e+01,-4.946187e-01,-1.126976e-01,-1.599908e-01,4.725400e-03,4.085098e-03,1.751877e+01,-3.726825e-01,-1.182396e-02,-1.267086e-03,7.258928e-02,1.093857e-02,-4.741428e+00,4.393232e+01,7.601313e+00,1.358526e+03,-1.924447e+04,-4.940910e+02,-7.958047e+04,2.024849e-01,1.425311e+01,-5.059474e-03,4.267968e+01,9.146898e+02,-5.273820e+01
4.850741e-03,8.902375e+03,3.869422e+03,3.210652e-01,1.024722e-02,5.362441e+00,1.023843e-01,9.870308e-07,1.340273e+03,0.000000e+00,0.000000e+00,2.354811e+03,0.000000e+00,0.000000e+00,0.000000e+00,0.000000e+00,0.000000e+00,0.000000e+00,0.000000e+00,0.000000e+00,0.000000e+00,0.000000e+00,0.000000e+00,0.000000e+00,0.000000e+00,0.000000e+00,0.000000e+00,0.000000e+00,0.000000e+00,0.000000e+00,0.000000e+00,0.000000e+00,0.000000e+00,0.000000e+00,0.000000e+00,0.000000e+00,0.000000e+00,0.000000e+00,0.000000e+00,0.000000e+00,0.000000e+00,0.000000e+00,0.000000e+00,0.000000e+00,0.000000e+00,0.000000e+00,0.000000e+00,0.000000e+00,0.000000e+00,8.902375e+03,1.393943e+02,7.709513e-02,-1.188795e-02,4.144050e-01,1.136610e-03,0.000000e+00,0.000000e+00,0.000000e+00,0.000000e+00,0.000000e+00,0.000000e+00,0.000000e+00,0.000000e+00,0.000000e+00,0.000000e+00,0.000000e+00,0.000000e+00,0.000000e+00,0.000000e+00,0.000000e+00,0.000000e+00,0.000000e+00,0.000000e+00,0.000000e+00,0.000000e+00,0.000000e+00,5.792459e+04,1.013303e+03,4.944173e+04,3.569382e-01,-1.282179e-02,-1.351478e+01,-4.943447e-01,-1.127051e-01,-1.599191e-01,4.725400e-03,4.110164e-03,1.752043e+01,-3.723972e-01,-1.179492e-02,-1.270058e-03,7.302174e-02,1.101354e-02,-4.728029e+00,4.375511e+01,7.593340e+00,1.357753e+03,-1.557434e+04,-9.884836e+02,-7.454684e+04,2.027502e-01,1.426198e+01,-5.426103e-03,-7.246645e+00,8.522054e+02,-2.984948e+01
4.860613e-03,8.903051e+03,3.866695e+03,3.207831e-01,1.024425e-02,5.364056e+00,1.023843e-01,9.874262e-07,1.341890e+03,0.000000e+00,0.000000e+00,2.355222e+03,0.000000e+00,0.000000e+00,0.000000e+00,0.000000e+00,0.000000e+00,0.000000e+00,0.000000e+00,0.000000e+00,0.000000e+00,0.000000e+00,0.000000e+00,0.000000e+00,0.000000e+00,0.000000e+00,0.000000e+00,0.000000e+00,0.000000e+00,0.000000e+00,0.000000e+00,0.000000e+00,0.000000e+00,0.000000e+00,0.000000e+00,0.000000e+00,0.000000e+00,0.000000e+00,0.000000e+00,0.000000e+00,0.000000e+00,0.000000e+00,0.000000e+00,0.000000e+00,0.000000e+00,0.000000e+00,0.000000e+00,0.000000e+00,0.000000e+00,8.903051e+03,1.399704e+02,7.723450e-02,-1.187836e-02,4.178107e-01,1.136610e-03,0.000000e+00,0.000000e+00,0.000000e+00,0.000000e+00,0.000000e+00,0.000000e+00,0.000000e+00,0.000000e+00,0.000000e+00,0.000000e+00,0.000000e+00,0.000000e+00,0.000000e+00,0.000000e+00,0.000000e+00,0.000000e+00,0.000000e+00,0.000000e+00,0.000000e+00,0.000000e+00,0.000000e+00,5.830704e+04,1.754939e+03,4.826464e+04,3.571133e-01,-1.280568e-02,-1.351265e+01,-4.940726e-01,-1.127023e-01,-1.598446e-01,4.725400e-03,4.135167e-03,1.752204e+01,-3.721154e-01,-1.176677e-02,-1.272895e-03,7.345276e-02,1.108846e-02,-4.714629e+00,4.358230e+01,7.584758e+00,1.356983e+03,-1.436862e+04,-1.730083e+03,-7.431566e+04,2.028181e-01,1.427059e+01,-5.669020e-03,2.882423e+01,8.354500e+02,-4.039826e+01
4.870489e-03,8.903722e+03,3.864058e+03,3.205059e-01,1.024193e-02,5.365633e+00,1.023843e-01,9.878152e-07,1.343438e+03,0.000000e+00,0.000000e+00,2.355613e+03,0.000000e+00,0.000000e+00,0.000000e+00,0.000000e+00,0.000000e+00,0.000000e+00,0.000000e+00,0.000000e+00,0.000000e+00,0.000000e+00,0.000000e+00,0.000000e+00,0.000000e+00,0.000000e+00,0.000000e+00,0.000000e+00,0.000000e+00,0.000000e+00,0.000000e+00,0.000000e+00,0.000000e+00,0.000000e+00,0.000000e+00,0.000000e+00,0.000000e+00,0.000000e+00,0.000000e+00,0.000000e+00,0.000000e+00,0.000000e+00,0.000000e+00,0.000000e+00,0.000000e+00,0.000000e+00,0.000000e+00,0.000000e+00,0.000000e+00,8.903722e+03,1.405750e+02,7.736747e-02,-1.187268e-02,4.211566e-01,1.136610e-03,0.000000e+00,0.000000e+00,0.000000e+00,0.000000e+00,0.000000e+00,0.000000e+00,0.000000e+00,0.000000e+00,0.000000e+00,0.000000e+00,0.000000e+00,0.000000e+00,0.000000e+00,0.000000e+00,0.000000e+00,0.000000e+00,0.000000e+00,0.000000e+00,0.000000e+00,0.000000e+00,0.000000e+00,5.770309e+04,1.808780e+03,4.948745e+04,3.572709e-01,-1.280247e-02,-1.351056e+01,-4.938038e-01,-1.127104e-01,-1.597678e-01,4.725400e-03,4.160168e-03,1.752360e+01,-3.718382e-01,-1.173961e-02,-1.275617e-03,7.388230e-02,1.116332e-02,-4.701231e+00,4.342006e+01,7.574838e+00,1.356234e+03,-1.574174e+04,-1.783710e+03,-7.437030e+04,2.031858e-01,1.427882e+01,-6.065324e-03,7.551669e+01,8.148441e+02,-6.849168e+01
4.880369e-03,8.904403e+03,3.861452e+03,3.202319e-01,1.023917e-02,5.367177e+00,1.023843e-01,9.882334e-07,1.344964e+03,0.000000e+00,0.000000e+00,2.356023e+03,0.000000e+00,0.000000e+00,0.000000e+00,0.000000e+00,0.000000e+00,0.000000e+00,0.000000e+00,0.000000e+00,0.000000e+00,0.000000e+00,0.000000e+00,0.000000e+00,0.000000e+00,0.000000e+00,0.000000e+00,0.000000e+00,0.000000e+00,0.000000e+00,0.000000e+00,0.000000e+00,0.000000e+00,0.000000e+00,0.000000e+00,0.000000e+00,0.000000e+00,0.000000e+00,0.000000e+00,0.000000e+00,0.000000e+00,0.000000e+00,0.000000e+00,0.000000e+00,0.000000e+00,0.000000e+00,0.000000e+00,0.000000e+00,0.000000e+00,8.904403e+03,1.412009e+02,7.749335e-02,-1.186025e-02,4.244526e-01,1.136609e-03,0.000000e+00,0.000000e+00,0.000000e+00,0.000000e+00,0.000000e+00,0.000000e+00,0.000000e+00,0.000000e+00,0.000000e+00,0.000000e+00,0.000000e+00,0.000000e+00,0.000000e+00,0.000000e+00,0.000000e+00,0.000000e+00,0.000000e+00,0.000000e+00,0.000000e+00,0.000000e+00,0.000000e+00,5.624673e+04,1.491220e+03,4.784492e+04,3.574392e-01,-1.278372e-02,-1.350848e+01,-4.935412e-01,-1.127047e-01,-1.596901e-01,4.725400e-03,4.185242e-03,1.752514e+01,-3.715645e-01,-1.171186e-02,-1.278406e-03,7.431042e-02,1.123809e-02,-4.687836e+00,4.325356e+01,7.562849e+00,1.355483e+03,-1.500934e+04,-1.466710e+03,-7.230230e+04,2.034964e-01,1.428694e+01,-6.431877e-03,5.921537e+01,7.952079e+02,-5.463322e+01
4.890257e-03,8.905072e+03,3.858853e+03,3.199581e-01,1.023855e-02,5.368691e+00,1.023843e-01,9.905565e-07,1.346511e+03,0.000000e+00,0.000000e+00,2.356401e+03,0.000000e+00,0.000000e+00,0.000000e+00,0.000000e+00,0.000000e+00,0.000000e+00,0.000000e+00,0.000000e+00,0.000000e+00,0.000000e+00,0.000000e+00,0.000000e+00,0.000000e+00,0.000000e+00,0.000000e+00,0.000000e+00,0.000000e+00,0.000000e+00,0.000000e+00,0.000000e+00,0.000000e+00,0.000000e+00,0.000000e+00,0.000000e+00,0.000000e+00,0.000000e+00,0.000000e+00,0.000000e+00,0.000000e+00,0.000000e+00,0.000000e+00,0.000000e+00,0.000000e+00,0.000000e+00,0.000000e+00,0.000000e+00,0.000000e+00,8.905072e+03,1.418673e+02,7.764743e-02,-1.182914e-02,4.277329e-01,1.136609e-03,0.000000e+00,0.000000e+00,0.000000e+00,0.000000e+00,0.000000e+00,0.000000e+00,0.000000e+00,0.000000e+00,0.000000e+00,0.000000e+00,0.000000e+00,0.000000e+00,0.000000e+00,0.000000e+00,0.000000e+00,0.000000e+00,0.000000e+00,0.000000e+00,0.000000e+00,0.000000e+00,0.000000e+00,6.267414e+04,2.274146e+03,5.491862e+04,3.576156e-01,-1.275554e-02,-1.350638e+01,-4.932688e-01,-1.126961e-01,-1.596131e-01,4.725400e-03,4.210463e-03,1.752666e+01,-3.712908e-01,-1.168593e-02,-1.281061e-03,7.473721e-02,1.131278e-02,-4.674438e+00,4.308533e+01,7.548459e+00,1.354732e+03,-1.814560e+04,-2.246367e+03,-8.133244e+04,2.038784e-01,1.429511e+01,-6.826828e-03,5.504407e+01,8.674668e+02,-3.062287e+01
4.900156e-03,8.905739e+03,3.856358e+03,3.196864e-01,1.023917e-02,5.370180e+00,1.023843e-01,9.881629e-07,1.347972e+03,0.000000e+00,0.000000e+00,2.356760e+03,0.000000e+00,0.000000e+00,0.000000e+00,0.000000e+00,0.000000e+00,0.000000e+00,0.000000e+00,0.000000e+00,0.000000e+00,0.000000e+00,0.000000e+00,0.000000e+00,0.000000e+00,0.000000e+00,0.000000e+00,0.000000e+00,0.000000e+00,0.000000e+00,0.000000e+00,0.000000e+00,0.000000e+00,0.000000e+00,0.000000e+00,0.000000e+00,0.000000e+00,0.000000e+00,0.000000e+00,0.000000e+00,0.000000e+00,0.000000e+00,0.000000e+00,0.000000e+00,0.000000e+00,0.000000e+00,0.000000e+00,0.000000e+00,0.000000e+00,8.905739e+03,1.425544e+02,7.775217e-02,-1.179193e-02,4.309636e-01,1.136610e-03,0.000000e+00,0.000000e+00,0.000000e+00,0.000000e+00,0.000000e+00,0.000000e+00,0.000000e+00,0.000000e+00,0.000000e+00,0.000000e+00,0.000000e+00,0.000000e+00,0.000000e+00,0.000000e+00,0.000000e+00,0.000000e+00,0.000000e+00,0.000000e+00,0.000000e+00,0.000000e+00,0.000000e+00,5.673730e+04,1.655467e+03,5.162299e+04,3.577484e-01,-1.273801e-02,-1.350437e+01,-4.930053e-01,-1.126995e-01,-1.595317e-01,4.725400e-03,4.236145e-03,1.752814e+01,-3.710189e-01,-1.166103e-02,-1.283639e-03,7.516287e-02,1.138740e-02,-4.661031e+00,4.293227e+01,7.533154e+00,1.354002e+03,-1.811042e+04,-1.629809e+03,-7.453959e+04,2.044958e-01,1.430291e+01,-7.343375e-03,-1.129477e+01,7.711203e+02,-1.890205e+01
4.910060e-03,8.906376e+03,3.853954e+03,3.194141e-01,1.023999e-02,5.371648e+00,1.023843e-01,9.911863e-07,1.349377e+03,0.000000e+00,0.000000e+00,2.357121e+03,0.000000e+00,0.000000e+00,0.000000e+00,0.000000e+00,0.000000e+00,0.000000e+00,0.000000e+00,0.000000e+00,0.000000e+00,0.000000e+00,0.000000e+00,0.000000e+00,0.000000e+00,0.000000e+00,0.000000e+00,0.000000e+00,0.000000e+00,0.000000e+00,0.000000e+00,0.000000e+00,0.000000e+00,0.000000e+00,0.000000e+00,0.000000e+00,0.000000e+00,0.000000e+00,0.000000e+00,0.000000e+00,0.000000e+00,0.000000e+00,0.000000e+00,0.000000e+00,0.000000e+00,0.000000e+00,0.000000e+00,0.000000e+00,0.000000e+00,8.906376e+03,1.432635e+02,7.784905e-02,-1.176163e-02,4.341280e-01,1.136610e-03,0.000000e+00,0.000000e+00,0.000000e+00,0.000000e+00,0.000000e+00,0.000000e+00,0.000000e+00,0.000000e+00,0.000000e+00,0.000000e+00,0.000000e+00,0.000000e+00,0.000000e+00,0.000000e+00,0.000000e+00,0.000000e+00,0.000000e+00,0.000000e+00,0.000000e+00,0.000000e+00,0.000000e+00,5.670897e+04,9.140941e+02,4.946856e+04,3.578753e-01,-1.269720e-02,-1.350240e+01,-4.927481e-01,-1.126937e-01,-1.594476e-01,4.725400e-03,4.262299e-03,1.752961e+01,-3.707468e-01,-1.163579e-02,-1.286270e-03,7.558724e-02,1.146189e-02,-4.647624e+00,4.278096e+01,7.512653e+00,1.353290e+03,-1.624359e+04,-8.887029e+02,-7.347951e+04,2.050243e-01,1.431036e+01,-7.835095e-03,-6.446542e+01,7.610769e+02,-9.022228e+00
4.920923e-03,8.907034e+03,3.851317e+03,3.191106e-01,1.024020e-02,5.373253e+00,1.023843e-01,9.915265e-07,1.350957e+03,0.000000e+00,0.000000e+00,2.357521e+03,0.000000e+00,0.000000e+00,0.000000e+00,0.000000e+00,0.000000e+00,0.000000e+00,0.000000e+00,0.000000e+00,0.000000e+00,0.000000e+00,0.000000e+00,0.000000e+00,0.000000e+00,0.000000e+00,0.000000e+00,0.000000e+00,0.000000e+00,0.000000e+00,0.000000e+00,0.000000e+00,0.000000e+00,0.000000e+00,0.000000e+00,0.000000e+00,0.000000e+00,0.000000e+00,0.000000e+00,0.000000e+00,0.000000e+00,0.000000e+00,0.000000e+00,0.000000e+00,0.000000e+00,0.000000e+00,0.000000e+00,0.000000e+00,0.000000e+00,8.907034e+03,1.441126e+02,7.799129e-02,-1.169369e-02,4.376200e-01,1.136610e-03,0.000000e+00,0.000000e+00,0.000000e+00,0.000000e+00,0.000000e+00,0.000000e+00,0.000000e+00,0.000000e+00,0.000000e+00,0.000000e+00,0.000000e+00,0.000000e+00,0.000000e+00,0.000000e+00,0.000000e+00,0.000000e+00,0.000000e+00,0.000000e+00,0.000000e+00,0.000000e+00,0.000000e+00,5.604539e+04,1.446997e+03,4.948755e+04,3.580571e-01,-1.262574e-02,-1.350016e+01,-4.924589e-01,-1.127007e-01,-1.593478e-01,4.725400e-03,4.291681e-03,1.753121e+01,-3.704433e-01,-1.161017e-02,-1.289051e-03,7.605093e-02,1.154334e-02,-4.632929e+00,4.260265e+01,7.476979e+00,1.352481e+03,-1.658960e+04,-1.421625e+03,-7.290378e+04,2.056757e-01,1.431874e+01,-8.657110e-03,1.608204e+01,7.425997e+02,-1.902416e+01
4.930839e-03,8.907598e+03,3.849047e+03,3.188311e-01,1.024567e-02,5.374710e+00,1.023843e-01,9.918438e-07,1.352311e+03,0.000000e+00,0.000000e+00,2.357865e+03,0.000000e+00,0.000000e+00,0.000000e+00,0.000000e+00,0.000000e+00,0.000000e+00,0.000000e+00,0.000000e+00,0.000000e+00,0.000000e+00,0.000000e+00,0.000000e+00,0.000000e+00,0.000000e+00,0.000000e+00,0.000000e+00,0.000000e+00,0.000000e+00,0.000000e+00,0.000000e+00,0.000000e+00,0.000000e+00,0.000000e+00,0.000000e+00,0.000000e+00,0.000000e+00,0.000000e+00,0.000000e+00,0.000000e+00,0.000000e+00,0.000000e+00,0.000000e+00,0.000000e+00,0.000000e+00,0.000000e+00,0.000000e+00,0.000000e+00,8.907598e+03,1.448984e+02,7.807929e-02,-1.164469e-02,4.407672e-01,1.136610e-03,0.000000e+00,0.000000e+00,0.000000e+00,0.000000e+00,0.000000e+00,0.000000e+00,0.000000e+00,0.000000e+00,0.000000e+00,0.000000e+00,0.000000e+00,0.000000e+00,0.000000e+00,0.000000e+00,0.000000e+00,0.000000e+00,0.000000e+00,0.000000e+00,0.000000e+00,0.000000e+00,0.000000e+00,5.329848e+04,5.093937e+02,4.457942e+04,3.581445e-01,-1.259170e-02,-1.349823e+01,-4.922043e-01,-1.127039e-01,-1.592585e-01,4.725400e-03,4.319201e-03,1.753267e+01,-3.701636e-01,-1.158832e-02,-1.291503e-03,7.647265e-02,1.161740e-02,-4.619521e+00,4.246412e+01,7.462253e+00,1.351781e+03,-1.360696e+04,-4.856014e+02,-6.813903e+04,2.058621e-01,1.432594e+01,-8.996808e-03,-1.000595e+01,6.932651e+02,-1.608595e+01
4.940715e-03,8.908099e+03,3.846841e+03,3.185480e-01,1.025335e-02,5.376169e+00,1.023843e-01,9.919929e-07,1.353674e+03,0.000000e+00,0.000000e+00,2.358210e+03,0.000000e+00,0.000000e+00,0.000000e+00,0.000000e+00,0.000000e+00,0.000000e+00,0.000000e+00,0.000000e+00,0.000000e+00,0.000000e+00,0.000000e+00,0.000000e+00,0.000000e+00,0.000000e+00,0.000000e+00,0.000000e+00,0.000000e+00,0.000000e+00,0.000000e+00,0.000000e+00,0.000000e+00,0.000000e+00,0.000000e+00,0.000000e+00,0.000000e+00,0.000000e+00,0.000000e+00,0.000000e+00,0.000000e+00,0.000000e+00,0.000000e+00,0.000000e+00,0.000000e+00,0.000000e+00,0.000000e+00,0.000000e+00,0.000000e+00,8.908099e+03,1.457439e+02,7.819729e-02,-1.158938e-02,4.438960e-01,1.136609e-03,0.000000e+00,0.000000e+00,0.000000e+00,0.000000e+00,0.000000e+00,0.000000e+00,0.000000e+00,0.000000e+00,0.000000e+00,0.000000e+00,0.000000e+00,0.000000e+00,0.000000e+00,0.000000e+00,0.000000e+00,0.000000e+00,0.000000e+00,0.000000e+00,0.000000e+00,0.000000e+00,0.000000e+00,5.419793e+04,1.318358e+03,4.320584e+04,3.582814e-01,-1.251591e-02,-1.349626e+01,-4.919431e-01,-1.127240e-01,-1.591655e-01,4.725400e-03,4.347357e-03,1.753414e+01,-3.698801e-01,-1.156800e-02,-1.293864e-03,7.689130e-02,1.169096e-02,-4.606174e+00,4.231363e+01,7.425083e+00,1.351068e+03,-1.198006e+04,-1.294435e+03,-6.826933e+04,2.065266e-01,1.433316e+01,-9.835088e-03,5.683859e+01,6.953799e+02,-4.350002e+01
4.950638e-03,8.908586e+03,3.844755e+03,3.182573e-01,1.026610e-02,5.377656e+00,1.023843e-01,9.924669e-07,1.354962e+03,0.000000e+00,0.000000e+00,2.358542e+03,0.000000e+00,0.000000e+00,0.000000e+00,0.000000e+00,0.000000e+00,0.000000e+00,0.000000e+00,0.000000e+00,0.000000e+00,0.000000e+00,0.000000e+00,0.000000e+00,0.000000e+00,0.000000e+00,0.000000e+00,0.000000e+00,0.000000e+00,0.000000e+00,0.000000e+00,0.000000e+00,0.000000e+00,0.000000e+00,0.000000e+00,0.000000e+00,0.000000e+00,0.000000e+00,0.000000e+00,0.000000e+00,0.000000e+00,0.000000e+00,0.000000e+00,0.000000e+00,0.000000e+00,0.000000e+00,0.000000e+00,0.000000e+00,0.000000e+00,8.908586e+03,1.465925e+02,7.826633e-02,-1.154185e-02,4.469997e-01,1.136610e-03,0.000000e+00,0.000000e+00,0.000000e+00,0.000000e+00,0.000000e+00,0.000000e+00,0.000000e+00,0.000000e+00,0.000000e+00,0.000000e+00,0.000000e+00,0.000000e+00,0.000000e+00,0.000000e+00,0.000000e+00,0.000000e+00,0.000000e+00,0.000000e+00,0.000000e+00,0.000000e+00,0.000000e+00,5.569359e+04,2.179250e+03,4.304302e+04,3.583380e-01,-1.247734e-02,-1.349440e+01,-4.916906e-01,-1.127291e-01,-1.590758e-01,4.725400e-03,4.377011e-03,1.753562e+01,-3.695893e-01,-1.155136e-02,-1.295934e-03,7.731049e-02,1.176458e-02,-4.592772e+00,4.218964e+01,7.410856e+00,1.350395e+03,-1.113090e+04,-2.154787e+03,-6.950314e+04,2.067435e-01,1.433996e+01,-1.013474e-02,3.556930e+01,7.120466e+02,-5.245777e+01
4.960518e-03,8.908980e+03,3.842717e+03,3.179611e-01,1.028449e-02,5.379163e+00,1.023843e-01,9.927656e-07,1.356259e+03,0.000000e+00,0.000000e+00,2.358880e+03,0.000000e+00,0.000000e+00,0.000000e+00,0.000000e+00,0.000000e+00,0.000000e+00,0.000000e+00,0.000000e+00,0.000000e+00,0.000000e+00,0.000000e+00,0.000000e+00,0.000000e+00,0.000000e+00,0.000000e+00,0.000000e+00,0.000000e+00,0.000000e+00,0.000000e+00,0.000000e+00,0.000000e+00,0.000000e+00,0.000000e+00,0.000000e+00,0.000000e+00,0.000000e+00,0.000000e+00,0.000000e+00,0.000000e+00,0.000000e+00,0.000000e+00,0.000000e+00,0.000000e+00,0.000000e+00,0.000000e+00,0.000000e+00,0.000000e+00,8.908980e+03,1.474872e+02,7.833764e-02,-1.147846e-02,4.501037e-01,1.136610e-03,0.000000e+00,0.000000e+00,0.000000e+00,0.000000e+00,0.000000e+00,0.000000e+00,0.000000e+00,0.000000e+00,0.000000e+00,0.000000e+00,0.000000e+00,0.000000e+00,0.000000e+00,0.000000e+00,0.000000e+00,0.000000e+00,0.000000e+00,0.000000e+00,0.000000e+00,0.000000e+00,0.000000e+00,5.357837e+04,1.763501e+03,4.397352e+04,3.584775e-01,-1.240647e-02,-1.349250e+01,-4.914376e-01,-1.127529e-01,-1.589826e-01,4.725400e-03,4.407728e-03,1.753711e+01,-3.692926e-01,-1.153933e-02,-1.297686e-03,7.772658e-02,1.183767e-02,-4.579433e+00,4.204500e+01,7.379234e+00,1.349705e+03,-1.297003e+04,-1.739325e+03,-6.808946e+04,2.070807e-01,1.434684e+01,-1.081151e-02,-5.193453e+01,6.782109e+02,-8.427166e+00
4.970401e-03,8.909390e+03,3.840695e+03,3.176534e-01,1.031385e-02,5.380721e+00,1.023843e-01,9.952720e-07,1.357552e+03,0.000000e+00,0.000000e+00,2.359307e+03,0.000000e+00,0.000000e+00,0.000000e+00,0.000000e+00,0.000000e+00,0.000000e+00,0.000000e+00,0.000000e+00,0.000000e+00,0.000000e+00,0.000000e+00,0.000000e+00,0.000000e+00,0.000000e+00,0.000000e+00,0.000000e+00,0.000000e+00,0.000000e+00,0.000000e+00,0.000000e+00,0.000000e+00,0.000000e+00,0.000000e+00,0.000000e+00,0.000000e+00,0.000000e+00,0.000000e+00,0.000000e+00,0.000000e+00,0.000000e+00,0.000000e+00,0.000000e+00,0.000000e+00,0.000000e+00,0.000000e+00,0.000000e+00,0.000000e+00,8.909390e+03,1.483890e+02,7.838394e-02,-1.142917e-02,4.532331e-01,1.136610e-03,0.000000e+00,0.000000e+00,0.000000e+00,0.000000e+00,0.000000e+00,0.000000e+00,0.000000e+00,0.000000e+00,0.000000e+00,0.000000e+00,0.000000e+00,0.000000e+00,0.000000e+00,0.000000e+00,0.000000e+00,0.000000e+00,0.000000e+00,0.000000e+00,0.000000e+00,0.000000e+00,0.000000e+00,5.080097e+04,1.734806e+03,4.127515e+04,3.585876e-01,-1.239842e-02,-1.349060e+01,-4.911812e-01,-1.127376e-01,-1.588895e-01,4.725400e-03,4.439923e-03,1.753868e+01,-3.689849e-01,-1.153305e-02,-1.299076e-03,7.814135e-02,1.191061e-02,-4.566099e+00,4.190562e+01,7.384317e+00,1.349017e+03,-1.193904e+04,-1.711832e+03,-6.435771e+04,2.067449e-01,1.435370e+01,-1.055181e-02,7.098705e+01,6.369648e+02,-3.936813e+01
4.980300e-03,8.909804e+03,3.838715e+03,3.173307e-01,1.034443e-02,5.382349e+00,1.023843e-01,9.954077e-07,1.358802e+03,0.000000e+00,0.000000e+00,2.359639e+03,0.000000e+00,0.000000e+00,0.000000e+00,0.000000e+00,0.000000e+00,0.000000e+00,0.000000e+00,0.000000e+00,0.000000e+00,0.000000e+00,0.000000e+00,0.000000e+00,0.000000e+00,0.000000e+00,0.000000e+00,0.000000e+00,0.000000e+00,0.000000e+00,0.000000e+00,0.000000e+00,0.000000e+00,0.000000e+00,0.000000e+00,0.000000e+00,0.000000e+00,0.000000e+00,0.000000e+00,0.000000e+00,0.000000e+00,0.000000e+00,0.000000e+00,0.000000e+00,0.000000e+00,0.000000e+00,0.000000e+00,0.000000e+00,0.000000e+00,8.909804e+03,1.492979e+02,7.847805e-02,-1.137943e-02,4.564044e-01,1.136610e-03,0.000000e+00,0.000000e+00,0.000000e+00,0.000000e+00,0.000000e+00,0.000000e+00,0.000000e+00,0.000000e+00,0.000000e+00,0.000000e+00,0.000000e+00,0.000000e+00,0.000000e+00,0.000000e+00,0.000000e+00,0.000000e+00,0.000000e+00,0.000000e+00,0.000000e+00,0.000000e+00,0.000000e+00,4.819536e+04,1.266004e+03,4.043108e+04,3.587293e-01,-1.234167e-02,-1.348875e+01,-4.909315e-01,-1.127543e-01,-1.587981e-01,4.725400e-03,4.474585e-03,1.754031e+01,-3.686615e-01,-1.152904e-02,-1.300231e-03,7.855538e-02,1.198350e-02,-4.552748e+00,4.176192e+01,7.350790e+00,1.348344e+03,-1.245324e+04,-1.243829e+03,-6.166391e+04,2.075080e-01,1.436032e+01,-1.132135e-02,4.640683e+01,5.997559e+02,-2.610571e+01
4.990183e-03,8.910155e+03,3.836734e+03,3.169982e-01,1.037549e-02,5.384025e+00,1.023843e-01,9.774005e-07,1.360104e+03,0.000000e+00,0.000000e+00,2.359985e+03,0.000000e+00,0.000000e+00,0.000000e+00,0.000000e+00,0.000000e+00,0.000000e+00,0.000000e+00,0.000000e+00,0.000000e+00,0.000000e+00,0.000000e+00,0.000000e+00,0.000000e+00,0.000000e+00,0.000000e+00,0.000000e+00,0.000000e+00,0.000000e+00,0.000000e+00,0.000000e+00,0.000000e+00,0.000000e+00,0.000000e+00,0.000000e+00,0.000000e+00,0.000000e+00,0.000000e+00,0.000000e+00,0.000000e+00,0.000000e+00,0.000000e+00,0.000000e+00,0.000000e+00,0.000000e+00,0.000000e+00,0.000000e+00,0.000000e+00,8.910155e+03,1.502481e+02,7.857988e-02,-1.133121e-02,4.596216e-01,1.136610e-03,0.000000e+00,0.000000e+00,0.000000e+00,0.000000e+00,0.000000e+00,0.000000e+00,0.000000e+00,0.000000e+00,0.000000e+00,0.000000e+00,0.000000e+00,0.000000e+00,0.000000e+00,0.000000e+00,0.000000e+00,0.000000e+00,0.000000e+00,0.000000e+00,0.000000e+00,0.000000e+00,0.000000e+00,5.656068e+04,4.856633e+03,5.105769e+04,3.589369e-01,-1.231968e-02,-1.348678e+01,-4.906656e-01,-1.127586e-01,-1.587062e-01,4.725400e-03,4.510353e-03,1.754199e+01,-3.683282e-01,-1.152444e-02,-1.301205e-03,7.896733e-02,1.205614e-02,-4.539426e+00,4.160091e+01,7.347360e+00,1.347649e+03,-1.779471e+04,-4.829740e+03,-7.409188e+04,2.073562e-01,1.436715e+01,-1.133919e-02,6.708098e+00,7.230110e+02,-1.079232e+02
5.000119e-03,8.910542e+03,3.834834e+03,3.166587e-01,1.040971e-02,5.385733e+00,1.023843e-01,9.954065e-07,1.361338e+03,0.000000e+00,0.000000e+00,2.360289e+03,0.000000e+00,0.000000e+00,0.000000e+00,0.000000e+00,0.000000e+00,0.000000e+00,0.000000e+00,0.000000e+00,0.000000e+00,0.000000e+00,0.000000e+00,0.000000e+00,0.000000e+00,0.000000e+00,0.000000e+00,0.000000e+00,0.000000e+00,0.000000e+00,0.000000e+00,0.000000e+00,0.000000e+00,0.000000e+00,0.000000e+00,0.000000e+00,0.000000e+00,0.000000e+00,0.000000e+00,0.000000e+00,0.000000e+00,0.000000e+00,0.000000e+00,0.000000e+00,0.000000e+00,0.000000e+00,0.000000e+00,0.000000e+00,0.000000e+00,8.910542e+03,1.512133e+02,7.862653e-02,-1.129030e-02,4.628705e-01,1.136610e-03,0.000000e+00,0.000000e+00,0.000000e+00,0.000000e+00,0.000000e+00,0.000000e+00,0.000000e+00,0.000000e+00,0.000000e+00,0.000000e+00,0.000000e+00,0.000000e+00,0.000000e+00,0.000000e+00,0.000000e+00,0.000000e+00,0.000000e+00,0.000000e+00,0.000000e+00,0.000000e+00,0.000000e+00,5.011402e+04,1.483676e+03,4.131050e+04,3.589933e-01,-1.229168e-02,-1.348498e+01,-4.904149e-01,-1.127608e-01,-1.586199e-01,4.725401e-03,4.547352e-03,1.754370e+01,-3.679890e-01,-1.152181e-02,-1.301960e-03,7.937995e-02,1.212903e-02,-4.526040e+00,4.147401e+01,7.332532e+00,1.346985e+03,-1.232595e+04,-1.460499e+03,-6.376607e+04,2.074429e-01,1.437370e+01,-1.161281e-02,2.242498e+01,6.246660e+02,-2.798912e+01
5.010001e-03,8.910842e+03,3.832918e+03,3.163214e-01,1.044747e-02,5.387427e+00,1.023843e-01,9.955098e-07,1.362623e+03,0.000000e+00,0.000000e+00,2.360617e+03,0.000000e+00,0.000000e+00,0.000000e+00,0.000000e+00,0.000000e+00,0.000000e+00,0.000000e+00,0.000000e+00,0.000000e+00,0.000000e+00,0.000000e+00,0.000000e+00,0.000000e+00,0.000000e+00,0.000000e+00,0.000000e+00,0.000000e+00,0.000000e+00,0.000000e+00,0.000000e+00,0.000000e+00,0.000000e+00,0.000000e+00,0.000000e+00,0.000000e+00,0.000000e+00,0.000000e+00,0.000000e+00,0.000000e+00,0.000000e+00,0.000000e+00,0.000000e+00,0.000000e+00,0.000000e+00,0.000000e+00,0.000000e+00,0.000000e+00,8.910842e+03,1.522314e+02,7.873723e-02,-1.123258e-02,4.661157e-01,1.136610e-03,0.000000e+00,0.000000e+00,0.000000e+00,0.000000e+00,0.000000e+00,0.000000e+00,0.000000e+00,0.000000e+00,0.000000e+00,0.000000e+00,0.000000e+00,0.000000e+00,0.000000e+00,0.000000e+00,0.000000e+00,0.000000e+00,0.000000e+00,0.000000e+00,0.000000e+00,0.000000e+00,0.000000e+00,5.147343e+04,1.083142e+03,4.254131e+04,3.592242e-01,-1.227110e-02,-1.348304e+01,-4.901498e-01,-1.127665e-01,-1.585276e-01,4.725401e-03,4.584083e-03,1.754539e+01,-3.676516e-01,-1.152302e-02,-1.302426e-03,7.978892e-02,1.220144e-02,-4.512733e+00,4.130168e+01,7.324528e+00,1.346290e+03,-1.276641e+04,-1.059179e+03,-6.554653e+04,2.073854e-01,1.438048e+01,-1.175936e-02,-2.296157e+01,6.456781e+02,-1.535480e+01
5.020934e-03,8.911154e+03,3.830892e+03,3.159507e-01,1.049077e-02,5.389287e+00,1.023843e-01,9.774241e-07,1.363997e+03,0.000000e+00,0.000000e+00,2.360975e+03,0.000000e+00,0.000000e+00,0.000000e+00,0.000000e+00,0.000000e+00,0.000000e+00,0.000000e+00,0.000000e+00,0.000000e+00,0.000000e+00,0.000000e+00,0.000000e+00,0.000000e+00,0.000000e+00,0.000000e+00,0.000000e+00,0.000000e+00,0.000000e+00,0.000000e+00,0.000000e+00,0.000000e+00,0.000000e+00,0.000000e+00,0.000000e+00,0.000000e+00,0.000000e+00,0.000000e+00,0.000000e+00,0.000000e+00,0.000000e+00,0.000000e+00,0.000000e+00,0.000000e+00,0.000000e+00,0.000000e+00,0.000000e+00,0.000000e+00,8.911154e+03,1.533564e+02,7.882054e-02,-1.117171e-02,4.696778e-01,1.136610e-03,0.000000e+00,0.000000e+00,0.000000e+00,0.000000e+00,0.000000e+00,0.000000e+00,0.000000e+00,0.000000e+00,0.000000e+00,0.000000e+00,0.000000e+00,0.000000e+00,0.000000e+00,0.000000e+00,0.000000e+00,0.000000e+00,0.000000e+00,0.000000e+00,0.000000e+00,0.000000e+00,0.000000e+00,5.355232e+04,9.875438e+03,5.531966e+04,3.593597e-01,-1.223011e-02,-1.348099e+01,-4.898621e-01,-1.127914e-01,-1.584332e-01,4.725401e-03,4.625143e-03,1.754724e+01,-3.672808e-01,-1.152520e-02,-1.302692e-03,8.023964e-02,1.228148e-02,-4.498017e+00,4.115461e+01,7.311661e+00,1.345557e+03,-2.300904e+04,-9.848105e+03,-7.347951e+04,2.072643e-01,1.438771e+01,-1.203941e-02,1.948665e+02,7.023975e+02,-2.423961e+02
5.030799e-03,8.911446e+03,3.829088e+03,3.156217e-01,1.052566e-02,5.390939e+00,1.023843e-01,9.956913e-07,1.365235e+03,0.000000e+00,0.000000e+00,2.361256e+03,0.000000e+00,0.000000e+00,0.000000e+00,0.000000e+00,0.000000e+00,0.000000e+00,0.000000e+00,0.000000e+00,0.000000e+00,0.000000e+00,0.000000e+00,0.000000e+00,0.000000e+00,0.000000e+00,0.000000e+00,0.000000e+00,0.000000e+00,0.000000e+00,0.000000e+00,0.000000e+00,0.000000e+00,0.000000e+00,0.000000e+00,0.000000e+00,0.000000e+00,0.000000e+00,0.000000e+00,0.000000e+00,0.000000e+00,0.000000e+00,0.000000e+00,0.000000e+00,0.000000e+00,0.000000e+00,0.000000e+00,0.000000e+00,0.000000e+00,8.911446e+03,1.544011e+02,7.893118e-02,-1.112871e-02,4.728616e-01,1.136610e-03,0.000000e+00,0.000000e+00,0.000000e+00,0.000000e+00,0.000000e+00,0.000000e+00,0.000000e+00,0.000000e+00,0.000000e+00,0.000000e+00,0.000000e+00,0.000000e+00,0.000000e+00,0.000000e+00,0.000000e+00,0.000000e+00,0.000000e+00,0.000000e+00,0.000000e+00,0.000000e+00,0.000000e+00,5.181629e+04,-2.341212e+02,4.249519e+04,3.595353e-01,-1.224602e-02,-1.347914e+01,-4.896017e-01,-1.127776e-01,-1.583484e-01,4.725401e-03,4.661335e-03,1.754888e+01,-3.669524e-01,-1.152362e-02,-1.302885e-03,8.064463e-02,1.235360e-02,-4.484747e+00,4.098824e+01,7.314160e+00,1.344883e+03,-1.258168e+04,2.584642e+02,-6.582141e+04,2.070743e-01,1.439426e+01,-1.197994e-02,-2.243373e+01,6.541851e+02,5.677650e-01
5.040683e-03,8.911664e+03,3.827331e+03,3.152984e-01,1.055767e-02,5.392561e+00,1.023843e-01,9.774116e-07,1.366464e+03,0.000000e+00,0.000000e+00,2.361577e+03,0.000000e+00,0.000000e+00,0.000000e+00,0.000000e+00,0.000000e+00,0.000000e+00,0.000000e+00,0.000000e+00,0.000000e+00,0.000000e+00,0.000000e+00,0.000000e+00,0.000000e+00,0.000000e+00,0.000000e+00,0.000000e+00,0.000000e+00,0.000000e+00,0.000000e+00,0.000000e+00,0.000000e+00,0.000000e+00,0.000000e+00,0.000000e+00,0.000000e+00,0.000000e+00,0.000000e+00,0.000000e+00,0.000000e+00,0.000000e+00,0.000000e+00,0.000000e+00,0.000000e+00,0.000000e+00,0.000000e+00,0.000000e+00,0.000000e+00,8.911664e+03,1.554603e+02,7.906210e-02,-1.108876e-02,4.760017e-01,1.136610e-03,0.000000e+00,0.000000e+00,0.000000e+00,0.000000e+00,0.000000e+00,0.000000e+00,0.000000e+00,0.000000e+00,0.000000e+00,0.000000e+00,0.000000e+00,0.000000e+00,0.000000e+00,0.000000e+00,0.000000e+00,0.000000e+00,0.000000e+00,0.000000e+00,0.000000e+00,0.000000e+00,0.000000e+00,5.569473e+04,-9.491662e+03,5.735431e+04,3.597640e-01,-1.222862e-02,-1.347727e+01,-4.893380e-01,-1.127843e-01,-1.582642e-01,4.725401e-03,4.697207e-03,1.755051e+01,-3.666291e-01,-1.151979e-02,-1.303099e-03,8.104895e-02,1.242578e-02,-4.471457e+00,4.082849e+01,7.296576e+00,1.344220e+03,-2.379379e+04,9.520369e+03,-7.631992e+04,2.072516e-01,1.440070e+01,-1.241528e-02,-2.276898e+02,7.346073e+02,2.311558e+02
5.050567e-03,8.911895e+03,3.825623e+03,3.149808e-01,1.059240e-02,5.394156e+00,1.023843e-01,9.774195e-07,1.367679e+03,0.000000e+00,0.000000e+00,2.361846e+03,0.000000e+00,0.000000e+00,0.000000e+00,0.000000e+00,0.000000e+00,0.000000e+00,0.000000e+00,0.000000e+00,0.000000e+00,0.000000e+00,0.000000e+00,0.000000e+00,0.000000e+00,0.000000e+00,0.000000e+00,0.000000e+00,0.000000e+00,0.000000e+00,0.000000e+00,0.000000e+00,0.000000e+00,0.000000e+00,0.000000e+00,0.000000e+00,0.000000e+00,0.000000e+00,0.000000e+00,0.000000e+00,0.000000e+00,0.000000e+00,0.000000e+00,0.000000e+00,0.000000e+00,0.000000e+00,0.000000e+00,0.000000e+00,0.000000e+00,8.911895e+03,1.565462e+02,7.920148e-02,-1.104910e-02,4.791224e-01,1.136610e-03,0.000000e+00,0.000000e+00,0.000000e+00,0.000000e+00,0.000000e+00,0.000000e+00,0.000000e+00,0.000000e+00,0.000000e+00,0.000000e+00,0.000000e+00,0.000000e+00,0.000000e+00,0.000000e+00,0.000000e+00,0.000000e+00,0.000000e+00,0.000000e+00,0.000000e+00,0.000000e+00,0.000000e+00,5.111209e+04,5.749615e+03,4.868370e+04,3.599408e-01,-1.219414e-02,-1.347545e+01,-4.890797e-01,-1.128030e-01,-1.581822e-01,4.725401e-03,4.732259e-03,1.755210e+01,-3.663118e-01,-1.151967e-02,-1.303218e-03,8.145164e-02,1.249801e-02,-4.458175e+00,4.066730e+01,7.292314e+00,1.343557e+03,-1.837448e+04,-5.723938e+03,-6.815586e+04,2.071199e-01,1.440714e+01,-1.252891e-02,1.102238e+02,6.566474e+02,-1.367812e+02
5.060452e-03,8.912082e+03,3.823960e+03,3.146691e-01,1.063022e-02,5.395719e+00,1.023843e-01,9.957589e-07,1.368882e+03,0.000000e+00,0.000000e+00,2.362124e+03,0.000000e+00,0.000000e+00,0.000000e+00,0.000000e+00,0.000000e+00,0.000000e+00,0.000000e+00,0.000000e+00,0.000000e+00,0.000000e+00,0.000000e+00,0.000000e+00,0.000000e+00,0.000000e+00,0.000000e+00,0.000000e+00,0.000000e+00,0.000000e+00,0.000000e+00,0.000000e+00,0.000000e+00,0.000000e+00,0.000000e+00,0.000000e+00,0.000000e+00,0.000000e+00,0.000000e+00,0.000000e+00,0.000000e+00,0.000000e+00,0.000000e+00,0.000000e+00,0.000000e+00,0.000000e+00,0.000000e+00,0.000000e+00,0.000000e+00,8.912082e+03,1.576440e+02,7.933846e-02,-1.102610e-02,4.822052e-01,1.136610e-03,0.000000e+00,0.000000e+00,0.000000e+00,0.000000e+00,0.000000e+00,0.000000e+00,0.000000e+00,0.000000e+00,0.000000e+00,0.000000e+00,0.000000e+00,0.000000e+00,0.000000e+00,0.000000e+00,0.000000e+00,0.000000e+00,0.000000e+00,0.000000e+00,0.000000e+00,0.000000e+00,0.000000e+00,4.886980e+04,7.928995e+02,4.167755e+04,3.601183e-01,-1.222680e-02,-1.347365e+01,-4.888204e-01,-1.127841e-01,-1.581013e-01,4.725401e-03,4.766638e-03,1.755365e+01,-3.660008e-01,-1.152316e-02,-1.303298e-03,8.185276e-02,1.257010e-02,-4.444899e+00,4.050584e+01,7.309396e+00,1.342900e+03,-1.329773e+04,-7.692242e+02,-6.283695e+04,2.065878e-01,1.441350e+01,-1.214400e-02,1.330531e+01,6.120742e+02,-1.945191e+01
5.070299e-03,8.912282e+03,3.822286e+03,3.143647e-01,1.066806e-02,5.397245e+00,1.023843e-01,9.958925e-07,1.370092e+03,0.000000e+00,0.000000e+00,2.362406e+03,0.000000e+00,0.000000e+00,0.000000e+00,0.000000e+00,0.000000e+00,0.000000e+00,0.000000e+00,0.000000e+00,0.000000e+00,0.000000e+00,0.000000e+00,0.000000e+00,0.000000e+00,0.000000e+00,0.000000e+00,0.000000e+00,0.000000e+00,0.000000e+00,0.000000e+00,0.000000e+00,0.000000e+00,0.000000e+00,0.000000e+00,0.000000e+00,0.000000e+00,0.000000e+00,0.000000e+00,0.000000e+00,0.000000e+00,0.000000e+00,0.000000e+00,0.000000e+00,0.000000e+00,0.000000e+00,0.000000e+00,0.000000e+00,0.000000e+00,8.912282e+03,1.587576e+02,7.950491e-02,-1.095740e-02,4.852641e-01,1.136610e-03,0.000000e+00,0.000000e+00,0.000000e+00,0.000000e+00,0.000000e+00,0.000000e+00,0.000000e+00,0.000000e+00,0.000000e+00,0.000000e+00,0.000000e+00,0.000000e+00,0.000000e+00,0.000000e+00,0.000000e+00,0.000000e+00,0.000000e+00,0.000000e+00,0.000000e+00,0.000000e+00,0.000000e+00,4.794355e+04,7.392640e+02,4.146853e+04,3.603438e-01,-1.217015e-02,-1.347182e+01,-4.885577e-01,-1.128231e-01,-1.580209e-01,4.725401e-03,4.800299e-03,1.755517e+01,-3.656968e-01,-1.152729e-02,-1.303393e-03,8.225071e-02,1.264188e-02,-4.431678e+00,4.033593e+01,7.273838e+00,1.342241e+03,-1.356494e+04,-7.157880e+02,-6.192132e+04,2.070734e-01,1.441987e+01,-1.304006e-02,5.417348e+00,5.976442e+02,-1.713685e+01
5.080147e-03,8.912456e+03,3.820621e+03,3.140681e-01,1.070512e-02,5.398732e+00,1.023843e-01,9.960037e-07,1.371310e+03,0.000000e+00,0.000000e+00,2.362687e+03,0.000000e+00,0.000000e+00,0.000000e+00,0.000000e+00,0.000000e+00,0.000000e+00,0.000000e+00,0.000000e+00,0.000000e+00,0.000000e+00,0.000000e+00,0.000000e+00,0.000000e+00,0.000000e+00,0.000000e+00,0.000000e+00,0.000000e+00,0.000000e+00,0.000000e+00,0.000000e+00,0.000000e+00,0.000000e+00,0.000000e+00,0.000000e+00,0.000000e+00,0.000000e+00,0.000000e+00,0.000000e+00,0.000000e+00,0.000000e+00,0.000000e+00,0.000000e+00,0.000000e+00,0.000000e+00,0.000000e+00,0.000000e+00,0.000000e+00,8.912456e+03,1.598981e+02,7.970238e-02,-1.090343e-02,4.882944e-01,1.136609e-03,0.000000e+00,0.000000e+00,0.000000e+00,0.000000e+00,0.000000e+00,0.000000e+00,0.000000e+00,0.000000e+00,0.000000e+00,0.000000e+00,0.000000e+00,0.000000e+00,0.000000e+00,0.000000e+00,0.000000e+00,0.000000e+00,0.000000e+00,0.000000e+00,0.000000e+00,0.000000e+00,0.000000e+00,4.694716e+04,3.795113e+02,4.094140e+04,3.606107e-01,-1.217344e-02,-1.346997e+01,-4.882874e-01,-1.128223e-01,-1.579483e-01,4.725401e-03,4.833366e-03,1.755664e+01,-3.654006e-01,-1.153129e-02,-1.303459e-03,8.264700e-02,1.271358e-02,-4.418463e+00,4.015571e+01,7.276526e+00,1.341574e+03,-1.358578e+04,-3.563279e+02,-6.079208e+04,2.068378e-01,1.442629e+01,-1.300970e-02,1.346744e-01,5.851451e+02,-1.122567e+01
5.090052e-03,8.912582e+03,3.818984e+03,3.137743e-01,1.074271e-02,5.400202e+00,1.023843e-01,9.774036e-07,1.372519e+03,0.000000e+00,0.000000e+00,2.363001e+03,0.000000e+00,0.000000e+00,0.000000e+00,0.000000e+00,0.000000e+00,0.000000e+00,0.000000e+00,0.000000e+00,0.000000e+00,0.000000e+00,0.000000e+00,0.000000e+00,0.000000e+00,0.000000e+00,0.000000e+00,0.000000e+00,0.000000e+00,0.000000e+00,0.000000e+00,0.000000e+00,0.000000e+00,0.000000e+00,0.000000e+00,0.000000e+00,0.000000e+00,0.000000e+00,0.000000e+00,0.000000e+00,0.000000e+00,0.000000e+00,0.000000e+00,0.000000e+00,0.000000e+00,0.000000e+00,0.000000e+00,0.000000e+00,0.000000e+00,8.912582e+03,1.610529e+02,7.990465e-02,-1.085092e-02,4.913192e-01,1.136610e-03,0.000000e+00,0.000000e+00,0.000000e+00,0.000000e+00,0.000000e+00,0.000000e+00,0.000000e+00,0.000000e+00,0.000000e+00,0.000000e+00,0.000000e+00,0.000000e+00,0.000000e+00,0.000000e+00,0.000000e+00,0.000000e+00,0.000000e+00,0.000000e+00,0.000000e+00,0.000000e+00,0.000000e+00,5.637473e+04,-1.512776e+03,6.859258e+04,3.609036e-01,-1.215328e-02,-1.346811e+01,-4.880117e-01,-1.128378e-01,-1.578770e-01,4.725402e-03,4.866648e-03,1.755811e+01,-3.651066e-01,-1.153566e-02,-1.303478e-03,8.304394e-02,1.278561e-02,-4.405179e+00,3.998658e+01,7.261557e+00,1.340921e+03,-3.340182e+04,1.544858e+03,-8.226343e+04,2.069312e-01,1.443257e+01,-1.342110e-02,-3.776357e+01,7.610646e+02,3.315556e+01
5.100972e-03,8.912779e+03,3.817249e+03,3.134565e-01,1.078624e-02,5.401794e+00,1.023843e-01,9.777290e-07,1.373808e+03,0.000000e+00,0.000000e+00,2.363258e+03,0.000000e+00,0.000000e+00,0.000000e+00,0.000000e+00,0.000000e+00,0.000000e+00,0.000000e+00,0.000000e+00,0.000000e+00,0.000000e+00,0.000000e+00,0.000000e+00,0.000000e+00,0.000000e+00,0.000000e+00,0.000000e+00,0.000000e+00,0.000000e+00,0.000000e+00,0.000000e+00,0.000000e+00,0.000000e+00,0.000000e+00,0.000000e+00,0.000000e+00,0.000000e+00,0.000000e+00,0.000000e+00,0.000000e+00,0.000000e+00,0.000000e+00,0.000000e+00,0.000000e+00,0.000000e+00,0.000000e+00,0.000000e+00,0.000000e+00,8.912779e+03,1.623499e+02,8.012960e-02,-1.080076e-02,4.946340e-01,1.136610e-03,0.000000e+00,0.000000e+00,0.000000e+00,0.000000e+00,0.000000e+00,0.000000e+00,0.000000e+00,0.000000e+00,0.000000e+00,0.000000e+00,0.000000e+00,0.000000e+00,0.000000e+00,0.000000e+00,0.000000e+00,0.000000e+00,0.000000e+00,0.000000e+00,0.000000e+00,0.000000e+00,0.000000e+00,5.060044e+04,5.792975e+03,5.041268e+04,3.610857e-01,-1.214210e-02,-1.346617e+01,-4.877219e-01,-1.128452e-01,-1.577990e-01,4.725403e-03,4.903183e-03,1.755972e+01,-3.647894e-01,-1.154278e-02,-1.303440e-03,8.347938e-02,1.286491e-02,-4.390540e+00,3.980555e+01,7.262915e+00,1.340207e+03,-2.018779e+04,-5.766370e+03,-6.851717e+04,2.066876e-01,1.443939e+01,-1.342800e-02,1.105464e+02,6.444966e+02,-1.425340e+02
5.110803e-03,8.912935e+03,3.815606e+03,3.131753e-01,1.082757e-02,5.403202e+00,1.023843e-01,9.963437e-07,1.375042e+03,0.000000e+00,0.000000e+00,2.363520e+03,0.000000e+00,0.000000e+00,0.000000e+00,0.000000e+00,0.000000e+00,0.000000e+00,0.000000e+00,0.000000e+00,0.000000e+00,0.000000e+00,0.000000e+00,0.000000e+00,0.000000e+00,0.000000e+00,0.000000e+00,0.000000e+00,0.000000e+00,0.000000e+00,0.000000e+00,0.000000e+00,0.000000e+00,0.000000e+00,0.000000e+00,0.000000e+00,0.000000e+00,0.000000e+00,0.000000e+00,0.000000e+00,0.000000e+00,0.000000e+00,0.000000e+00,0.000000e+00,0.000000e+00,0.000000e+00,0.000000e+00,0.000000e+00,0.000000e+00,8.912935e+03,1.635669e+02,8.040538e-02,-1.074728e-02,4.976352e-01,1.136610e-03,0.000000e+00,0.000000e+00,0.000000e+00,0.000000e+00,0.000000e+00,0.000000e+00,0.000000e+00,0.000000e+00,0.000000e+00,0.000000e+00,0.000000e+00,0.000000e+00,0.000000e+00,0.000000e+00,0.000000e+00,0.000000e+00,0.000000e+00,0.000000e+00,0.000000e+00,0.000000e+00,0.000000e+00,4.815245e+04,-9.487797e+01,4.246639e+04,3.614560e-01,-1.214863e-02,-1.346428e+01,-4.874381e-01,-1.128415e-01,-1.577333e-01,4.725403e-03,4.935826e-03,1.756112e+01,-3.645084e-01,-1.155149e-02,-1.303372e-03,8.386948e-02,1.293626e-02,-4.377368e+00,3.959060e+01,7.262188e+00,1.339520e+03,-1.437874e+04,1.191584e+02,-6.257236e+04,2.065180e-01,1.444591e+01,-1.347831e-02,-3.142224e+01,5.944052e+02,1.384351e+00
5.120653e-03,8.913051e+03,3.814043e+03,3.128988e-01,1.086967e-02,5.404587e+00,1.023843e-01,9.774000e-07,1.376224e+03,0.000000e+00,0.000000e+00,2.363794e+03,0.000000e+00,0.000000e+00,0.000000e+00,0.000000e+00,0.000000e+00,0.000000e+00,0.000000e+00,0.000000e+00,0.000000e+00,0.000000e+00,0.000000e+00,0.000000e+00,0.000000e+00,0.000000e+00,0.000000e+00,0.000000e+00,0.000000e+00,0.000000e+00,0.000000e+00,0.000000e+00,0.000000e+00,0.000000e+00,0.000000e+00,0.000000e+00,0.000000e+00,0.000000e+00,0.000000e+00,0.000000e+00,0.000000e+00,0.000000e+00,0.000000e+00,0.000000e+00,0.000000e+00,0.000000e+00,0.000000e+00,0.000000e+00,0.000000e+00,8.913051e+03,1.647912e+02,8.064274e-02,-1.070350e-02,5.006243e-01,1.136610e-03,0.000000e+00,0.000000e+00,0.000000e+00,0.000000e+00,0.000000e+00,0.000000e+00,0.000000e+00,0.000000e+00,0.000000e+00,0.000000e+00,0.000000e+00,0.000000e+00,0.000000e+00,0.000000e+00,0.000000e+00,0.000000e+00,0.000000e+00,0.000000e+00,0.000000e+00,0.000000e+00,0.000000e+00,5.169355e+04,-5.001629e+03,5.042631e+04,3.617323e-01,-1.215736e-02,-1.346245e+01,-4.871565e-01,-1.128398e-01,-1.576758e-01,4.725403e-03,4.968361e-03,1.756252e+01,-3.642318e-01,-1.156117e-02,-1.303274e-03,8.425854e-02,1.300769e-02,-4.364177e+00,3.941434e+01,7.262153e+00,1.338865e+03,-1.969795e+04,5.028868e+03,-6.947484e+04,2.063077e-01,1.445209e+01,-1.349547e-02,-1.384921e+02,6.576391e+02,1.197598e+02
5.130466e-03,8.913184e+03,3.812454e+03,3.126250e-01,1.091323e-02,5.405961e+00,1.023843e-01,9.965423e-07,1.377423e+03,0.000000e+00,0.000000e+00,2.364055e+03,0.000000e+00,0.000000e+00,0.000000e+00,0.000000e+00,0.000000e+00,0.000000e+00,0.000000e+00,0.000000e+00,0.000000e+00,0.000000e+00,0.000000e+00,0.000000e+00,0.000000e+00,0.000000e+00,0.000000e+00,0.000000e+00,0.000000e+00,0.000000e+00,0.000000e+00,0.000000e+00,0.000000e+00,0.000000e+00,0.000000e+00,0.000000e+00,0.000000e+00,0.000000e+00,0.000000e+00,0.000000e+00,0.000000e+00,0.000000e+00,0.000000e+00,0.000000e+00,0.000000e+00,0.000000e+00,0.000000e+00,0.000000e+00,0.000000e+00,8.913184e+03,1.660386e+02,8.092286e-02,-1.064440e-02,5.036061e-01,1.136610e-03,0.000000e+00,0.000000e+00,0.000000e+00,0.000000e+00,0.000000e+00,0.000000e+00,0.000000e+00,0.000000e+00,0.000000e+00,0.000000e+00,0.000000e+00,0.000000e+00,0.000000e+00,0.000000e+00,0.000000e+00,0.000000e+00,0.000000e+00,0.000000e+00,0.000000e+00,0.000000e+00,0.000000e+00,4.897382e+04,-2.707524e+02,4.300009e+04,3.620538e-01,-1.212844e-02,-1.346062e+01,-4.868743e-01,-1.128567e-01,-1.576149e-01,4.725403e-03,5.000755e-03,1.756389e+01,-3.639584e-01,-1.157235e-02,-1.303128e-03,8.464411e-02,1.307880e-02,-4.351043e+00,3.921400e+01,7.249170e+00,1.338195e+03,-1.447443e+04,2.956685e+02,-6.354462e+04,2.064193e-01,1.445841e+01,-1.383131e-02,-2.414896e+01,6.048156e+02,-1.149505e+00
5.140278e-03,8.913289e+03,3.810869e+03,3.123506e-01,1.095702e-02,5.407336e+00,1.023843e-01,9.774028e-07,1.378637e+03,0.000000e+00,0.000000e+00,2.364328e+03,0.000000e+00,0.000000e+00,0.000000e+00,0.000000e+00,0.000000e+00,0.000000e+00,0.000000e+00,0.000000e+00,0.000000e+00,0.000000e+00,0.000000e+00,0.000000e+00,0.000000e+00,0.000000e+00,0.000000e+00,0.000000e+00,0.000000e+00,0.000000e+00,0.000000e+00,0.000000e+00,0.000000e+00,0.000000e+00,0.000000e+00,0.000000e+00,0.000000e+00,0.000000e+00,0.000000e+00,0.000000e+00,0.000000e+00,0.000000e+00,0.000000e+00,0.000000e+00,0.000000e+00,0.000000e+00,0.000000e+00,0.000000e+00,0.000000e+00,8.913289e+03,1.673199e+02,8.122232e-02,-1.058764e-02,5.066177e-01,1.136610e-03,0.000000e+00,0.000000e+00,0.000000e+00,0.000000e+00,0.000000e+00,0.000000e+00,0.000000e+00,0.000000e+00,0.000000e+00,0.000000e+00,0.000000e+00,0.000000e+00,0.000000e+00,0.000000e+00,0.000000e+00,0.000000e+00,0.000000e+00,0.000000e+00,0.000000e+00,0.000000e+00,0.000000e+00,5.056516e+04,3.573700e+03,4.857939e+04,3.624234e-01,-1.210211e-02,-1.345875e+01,-4.865792e-01,-1.128753e-01,-1.575639e-01,4.725403e-03,5.033471e-03,1.756528e+01,-3.636836e-01,-1.158345e-02,-1.302988e-03,8.502782e-02,1.314990e-02,-4.337915e+00,3.901058e+01,7.236093e+00,1.337517e+03,-1.863145e+04,-3.546935e+03,-6.760069e+04,2.064594e-01,1.446477e+01,-1.415575e-02,6.023543e+01,6.351933e+02,-8.973760e+01
5.150072e-03,8.913397e+03,3.809288e+03,3.120762e-01,1.099945e-02,5.408712e+00,1.023843e-01,9.774445e-07,1.379851e+03,0.000000e+00,0.000000e+00,2.364599e+03,0.000000e+00,0.000000e+00,0.000000e+00,0.000000e+00,0.000000e+00,0.000000e+00,0.000000e+00,0.000000e+00,0.000000e+00,0.000000e+00,0.000000e+00,0.000000e+00,0.000000e+00,0.000000e+00,0.000000e+00,0.000000e+00,0.000000e+00,0.000000e+00,0.000000e+00,0.000000e+00,0.000000e+00,0.000000e+00,0.000000e+00,0.000000e+00,0.000000e+00,0.000000e+00,0.000000e+00,0.000000e+00,0.000000e+00,0.000000e+00,0.000000e+00,0.000000e+00,0.000000e+00,0.000000e+00,0.000000e+00,0.000000e+00,0.000000e+00,8.913397e+03,1.686178e+02,8.151514e-02,-1.056636e-02,5.096409e-01,1.136610e-03,0.000000e+00,0.000000e+00,0.000000e+00,0.000000e+00,0.000000e+00,0.000000e+00,0.000000e+00,0.000000e+00,0.000000e+00,0.000000e+00,0.000000e+00,0.000000e+00,0.000000e+00,0.000000e+00,0.000000e+00,0.000000e+00,0.000000e+00,0.000000e+00,0.000000e+00,0.000000e+00,0.000000e+00,5.169478e+04,5.851389e+03,5.220046e+04,3.627910e-01,-1.212591e-02,-1.345687e+01,-4.862812e-01,-1.128631e-01,-1.575130e-01,4.725403e-03,5.066383e-03,1.756667e+01,-3.634093e-01,-1.159286e-02,-1.302917e-03,8.540879e-02,1.322078e-02,-4.324820e+00,3.880529e+01,7.252925e+00,1.336837e+03,-2.128742e+04,-5.823334e+03,-7.031651e+04,2.059259e-01,1.447113e+01,-1.374751e-02,1.128157e+02,6.576242e+02,-1.427414e+02
5.160843e-03,8.913498e+03,3.807568e+03,3.117761e-01,1.104460e-02,5.410215e+00,1.023843e-01,9.774169e-07,1.381167e+03,0.000000e+00,0.000000e+00,2.364912e+03,0.000000e+00,0.000000e+00,0.000000e+00,0.000000e+00,0.000000e+00,0.000000e+00,0.000000e+00,0.000000e+00,0.000000e+00,0.000000e+00,0.000000e+00,0.000000e+00,0.000000e+00,0.000000e+00,0.000000e+00,0.000000e+00,0.000000e+00,0.000000e+00,0.000000e+00,0.000000e+00,0.000000e+00,0.000000e+00,0.000000e+00,0.000000e+00,0.000000e+00,0.000000e+00,0.000000e+00,0.000000e+00,0.000000e+00,0.000000e+00,0.000000e+00,0.000000e+00,0.000000e+00,0.000000e+00,0.000000e+00,0.000000e+00,0.000000e+00,8.913498e+03,1.700520e+02,8.184731e-02,-1.048644e-02,5.129598e-01,1.136610e-03,0.000000e+00,0.000000e+00,0.000000e+00,0.000000e+00,0.000000e+00,0.000000e+00,0.000000e+00,0.000000e+00,0.000000e+00,0.000000e+00,0.000000e+00,0.000000e+00,0.000000e+00,0.000000e+00,0.000000e+00,0.000000e+00,0.000000e+00,0.000000e+00,0.000000e+00,0.000000e+00,0.000000e+00,5.612414e+04,-1.418418e+04,6.617273e+04,3.631756e-01,-1.209938e-02,-1.345483e+01,-4.859553e-01,-1.128796e-01,-1.574534e-01,4.725403e-03,5.102692e-03,1.756817e+01,-3.631093e-01,-1.160170e-02,-1.302903e-03,8.582553e-02,1.329864e-02,-4.310425e+00,3.859065e+01,7.216989e+00,1.336102e+03,-3.147672e+04,1.421689e+04,-8.085194e+04,2.064551e-01,1.447798e+01,-1.462260e-02,-3.394702e+02,7.483682e+02,3.515742e+02
5.170637e-03,8.913607e+03,3.806014e+03,3.115055e-01,1.108526e-02,5.411570e+00,1.023843e-01,9.774207e-07,1.382376e+03,0.000000e+00,0.000000e+00,2.365150e+03,0.000000e+00,0.000000e+00,0.000000e+00,0.000000e+00,0.000000e+00,0.000000e+00,0.000000e+00,0.000000e+00,0.000000e+00,0.000000e+00,0.000000e+00,0.000000e+00,0.000000e+00,0.000000e+00,0.000000e+00,0.000000e+00,0.000000e+00,0.000000e+00,0.000000e+00,0.000000e+00,0.000000e+00,0.000000e+00,0.000000e+00,0.000000e+00,0.000000e+00,0.000000e+00,0.000000e+00,0.000000e+00,0.000000e+00,0.000000e+00,0.000000e+00,0.000000e+00,0.000000e+00,0.000000e+00,0.000000e+00,0.000000e+00,0.000000e+00,8.913607e+03,1.713828e+02,8.217183e-02,-1.043356e-02,5.159881e-01,1.136610e-03,0.000000e+00,0.000000e+00,0.000000e+00,0.000000e+00,0.000000e+00,0.000000e+00,0.000000e+00,0.000000e+00,0.000000e+00,0.000000e+00,0.000000e+00,0.000000e+00,0.000000e+00,0.000000e+00,0.000000e+00,0.000000e+00,0.000000e+00,0.000000e+00,0.000000e+00,0.000000e+00,0.000000e+00,4.970266e+04,4.431363e+03,4.965558e+04,3.635201e-01,-1.206539e-02,-1.345298e+01,-4.856586e-01,-1.128961e-01,-1.573977e-01,4.725403e-03,5.135841e-03,1.756953e+01,-3.628389e-01,-1.160915e-02,-1.302918e-03,8.620226e-02,1.336950e-02,-4.297343e+00,3.837566e+01,7.216991e+00,1.335414e+03,-2.001816e+04,-4.404213e+03,-6.734645e+04,2.062083e-01,1.448438e+01,-1.458697e-02,6.238407e+01,6.283533e+02,-1.071407e+02
5.180431e-03,8.913708e+03,3.804442e+03,3.112382e-01,1.112516e-02,5.412908e+00,1.023843e-01,9.774394e-07,1.383593e+03,0.000000e+00,0.000000e+00,2.365418e+03,0.000000e+00,0.000000e+00,0.000000e+00,0.000000e+00,0.000000e+00,0.000000e+00,0.000000e+00,0.000000e+00,0.000000e+00,0.000000e+00,0.000000e+00,0.000000e+00,0.000000e+00,0.000000e+00,0.000000e+00,0.000000e+00,0.000000e+00,0.000000e+00,0.000000e+00,0.000000e+00,0.000000e+00,0.000000e+00,0.000000e+00,0.000000e+00,0.000000e+00,0.000000e+00,0.000000e+00,0.000000e+00,0.000000e+00,0.000000e+00,0.000000e+00,0.000000e+00,0.000000e+00,0.000000e+00,0.000000e+00,0.000000e+00,0.000000e+00,8.913708e+03,1.727290e+02,8.249763e-02,-1.038258e-02,5.190029e-01,1.136610e-03,0.000000e+00,0.000000e+00,0.000000e+00,0.000000e+00,0.000000e+00,0.000000e+00,0.000000e+00,0.000000e+00,0.000000e+00,0.000000e+00,0.000000e+00,0.000000e+00,0.000000e+00,0.000000e+00,0.000000e+00,0.000000e+00,0.000000e+00,0.000000e+00,0.000000e+00,0.000000e+00,0.000000e+00,4.971153e+04,4.037077e+03,4.901326e+04,3.639101e-01,-1.208276e-02,-1.345109e+01,-4.853511e-01,-1.128870e-01,-1.573500e-01,4.725403e-03,5.168987e-03,1.757086e+01,-3.625718e-01,-1.161592e-02,-1.302944e-03,8.657695e-02,1.344021e-02,-4.284268e+00,3.815932e+01,7.229416e+00,1.334724e+03,-1.945852e+04,-4.009927e+03,-6.704566e+04,2.056368e-01,1.449077e+01,-1.423177e-02,6.788780e+01,6.205491e+02,-9.311704e+01
5.190205e-03,8.913804e+03,3.802893e+03,3.109746e-01,1.116647e-02,5.414228e+00,1.023843e-01,9.774523e-07,1.384793e+03,0.000000e+00,0.000000e+00,2.365676e+03,0.000000e+00,0.000000e+00,0.000000e+00,0.000000e+00,0.000000e+00,0.000000e+00,0.000000e+00,0.000000e+00,0.000000e+00,0.000000e+00,0.000000e+00,0.000000e+00,0.000000e+00,0.000000e+00,0.000000e+00,0.000000e+00,0.000000e+00,0.000000e+00,0.000000e+00,0.000000e+00,0.000000e+00,0.000000e+00,0.000000e+00,0.000000e+00,0.000000e+00,0.000000e+00,0.000000e+00,0.000000e+00,0.000000e+00,0.000000e+00,0.000000e+00,0.000000e+00,0.000000e+00,0.000000e+00,0.000000e+00,0.000000e+00,0.000000e+00,8.913804e+03,1.740746e+02,8.282535e-02,-1.031633e-02,5.219934e-01,1.136610e-03,0.000000e+00,0.000000e+00,0.000000e+00,0.000000e+00,0.000000e+00,0.000000e+00,0.000000e+00,0.000000e+00,0.000000e+00,0.000000e+00,0.000000e+00,0.000000e+00,0.000000e+00,0.000000e+00,0.000000e+00,0.000000e+00,0.000000e+00,0.000000e+00,0.000000e+00,0.000000e+00,0.000000e+00,4.782545e+04,5.659910e+02,4.400111e+04,3.642755e-01,-1.205449e-02,-1.344923e+01,-4.850486e-01,-1.129030e-01,-1.572984e-01,4.725403e-03,5.202114e-03,1.757218e+01,-3.623085e-01,-1.162421e-02,-1.302921e-03,8.694880e-02,1.351073e-02,-4.271226e+00,3.794633e+01,7.211383e+00,1.334041e+03,-1.595618e+04,-5.404374e+02,-6.299841e+04,2.056741e-01,1.449707e+01,-1.461001e-02,-1.731821e+01,5.834529e+02,-7.964508e+00
5.200957e-03,8.913898e+03,3.801172e+03,3.106875e-01,1.121374e-02,5.415668e+00,1.023843e-01,9.775960e-07,1.386136e+03,0.000000e+00,0.000000e+00,2.365967e+03,0.000000e+00,0.000000e+00,0.000000e+00,0.000000e+00,0.000000e+00,0.000000e+00,0.000000e+00,0.000000e+00,0.000000e+00,0.000000e+00,0.000000e+00,0.000000e+00,0.000000e+00,0.000000e+00,0.000000e+00,0.000000e+00,0.000000e+00,0.000000e+00,0.000000e+00,0.000000e+00,0.000000e+00,0.000000e+00,0.000000e+00,0.000000e+00,0.000000e+00,0.000000e+00,0.000000e+00,0.000000e+00,0.000000e+00,0.000000e+00,0.000000e+00,0.000000e+00,0.000000e+00,0.000000e+00,0.000000e+00,0.000000e+00,0.000000e+00,8.913898e+03,1.755827e+02,8.323248e-02,-1.026233e-02,5.252936e-01,1.136610e-03,0.000000e+00,0.000000e+00,0.000000e+00,0.000000e+00,0.000000e+00,0.000000e+00,0.000000e+00,0.000000e+00,0.000000e+00,0.000000e+00,0.000000e+00,0.000000e+00,0.000000e+00,0.000000e+00,0.000000e+00,0.000000e+00,0.000000e+00,0.000000e+00,0.000000e+00,0.000000e+00,0.000000e+00,4.918839e+04,2.989904e+03,4.807712e+04,3.647533e-01,-1.203511e-02,-1.344713e+01,-4.847046e-01,-1.129121e-01,-1.572491e-01,4.725404e-03,5.238649e-03,1.757363e+01,-3.620214e-01,-1.163497e-02,-1.302888e-03,8.735545e-02,1.358826e-02,-4.256887e+00,3.769809e+01,7.206177e+00,1.333279e+03,-1.890367e+04,-2.962849e+03,-6.613410e+04,2.054023e-01,1.450409e+01,-1.464375e-02,3.816767e+01,6.058050e+02,-6.816431e+01
5.210733e-03,8.913973e+03,3.799642e+03,3.104292e-01,1.125627e-02,5.416962e+00,1.023843e-01,9.774102e-07,1.387328e+03,0.000000e+00,0.000000e+00,2.366236e+03,0.000000e+00,0.000000e+00,0.000000e+00,0.000000e+00,0.000000e+00,0.000000e+00,0.000000e+00,0.000000e+00,0.000000e+00,0.000000e+00,0.000000e+00,0.000000e+00,0.000000e+00,0.000000e+00,0.000000e+00,0.000000e+00,0.000000e+00,0.000000e+00,0.000000e+00,0.000000e+00,0.000000e+00,0.000000e+00,0.000000e+00,0.000000e+00,0.000000e+00,0.000000e+00,0.000000e+00,0.000000e+00,0.000000e+00,0.000000e+00,0.000000e+00,0.000000e+00,0.000000e+00,0.000000e+00,0.000000e+00,0.000000e+00,0.000000e+00,8.913973e+03,1.769540e+02,8.359071e-02,-1.021947e-02,5.282782e-01,1.136610e-03,0.000000e+00,0.000000e+00,0.000000e+00,0.000000e+00,0.000000e+00,0.000000e+00,0.000000e+00,0.000000e+00,0.000000e+00,0.000000e+00,0.000000e+00,0.000000e+00,0.000000e+00,0.000000e+00,0.000000e+00,0.000000e+00,0.000000e+00,0.000000e+00,0.000000e+00,0.000000e+00,0.000000e+00,5.350788e+04,3.180692e+03,6.128116e+04,3.651516e-01,-1.204143e-02,-1.344525e+01,-4.843957e-01,-1.129075e-01,-1.572015e-01,4.725404e-03,5.271918e-03,1.757492e+01,-3.617633e-01,-1.164418e-02,-1.302912e-03,8.772296e-02,1.365864e-02,-4.243857e+00,3.748839e+01,7.214280e+00,1.332603e+03,-2.847613e+04,-3.149101e+03,-7.620881e+04,2.048711e-01,1.451028e+01,-1.433990e-02,3.164972e+01,7.015385e+02,-7.087077e+01
5.220508e-03,8.914087e+03,3.798103e+03,3.101754e-01,1.129744e-02,5.418234e+00,1.023843e-01,9.774217e-07,1.388510e+03,0.000000e+00,0.000000e+00,2.366480e+03,0.000000e+00,0.000000e+00,0.000000e+00,0.000000e+00,0.000000e+00,0.000000e+00,0.000000e+00,0.000000e+00,0.000000e+00,0.000000e+00,0.000000e+00,0.000000e+00,0.000000e+00,0.000000e+00,0.000000e+00,0.000000e+00,0.000000e+00,0.000000e+00,0.000000e+00,0.000000e+00,0.000000e+00,0.000000e+00,0.000000e+00,0.000000e+00,0.000000e+00,0.000000e+00,0.000000e+00,0.000000e+00,0.000000e+00,0.000000e+00,0.000000e+00,0.000000e+00,0.000000e+00,0.000000e+00,0.000000e+00,0.000000e+00,0.000000e+00,8.914087e+03,1.783197e+02,8.396006e-02,-1.014969e-02,5.312454e-01,1.136610e-03,0.000000e+00,0.000000e+00,0.000000e+00,0.000000e+00,0.000000e+00,0.000000e+00,0.000000e+00,0.000000e+00,0.000000e+00,0.000000e+00,0.000000e+00,0.000000e+00,0.000000e+00,0.000000e+00,0.000000e+00,0.000000e+00,0.000000e+00,0.000000e+00,0.000000e+00,0.000000e+00,0.000000e+00,4.944586e+04,2.393559e+03,4.882409e+04,3.655116e-01,-1.200343e-02,-1.344341e+01,-4.840932e-01,-1.129244e-01,-1.571485e-01,4.725404e-03,5.305067e-03,1.757619e+01,-3.615096e-01,-1.165214e-02,-1.302972e-03,8.808823e-02,1.372897e-02,-4.230834e+00,3.727034e+01,7.194720e+00,1.331922e+03,-1.945726e+04,-2.365978e+03,-6.671005e+04,2.049258e-01,1.451651e+01,-1.472459e-02,1.587042e+01,6.078631e+02,-4.927111e+01
5.230282e-03,8.914202e+03,3.796533e+03,3.099267e-01,1.133728e-02,5.419481e+00,1.023843e-01,9.776811e-07,1.389722e+03,0.000000e+00,0.000000e+00,2.366737e+03,0.000000e+00,0.000000e+00,0.000000e+00,0.000000e+00,0.000000e+00,0.000000e+00,0.000000e+00,0.000000e+00,0.000000e+00,0.000000e+00,0.000000e+00,0.000000e+00,0.000000e+00,0.000000e+00,0.000000e+00,0.000000e+00,0.000000e+00,0.000000e+00,0.000000e+00,0.000000e+00,0.000000e+00,0.000000e+00,0.000000e+00,0.000000e+00,0.000000e+00,0.000000e+00,0.000000e+00,0.000000e+00,0.000000e+00,0.000000e+00,0.000000e+00,0.000000e+00,0.000000e+00,0.000000e+00,0.000000e+00,0.000000e+00,0.000000e+00,8.914202e+03,1.796971e+02,8.435318e-02,-1.009204e-02,5.342028e-01,1.136610e-03,0.000000e+00,0.000000e+00,0.000000e+00,0.000000e+00,0.000000e+00,0.000000e+00,0.000000e+00,0.000000e+00,0.000000e+00,0.000000e+00,0.000000e+00,0.000000e+00,0.000000e+00,0.000000e+00,0.000000e+00,0.000000e+00,0.000000e+00,0.000000e+00,0.000000e+00,0.000000e+00,0.000000e+00,4.843251e+04,1.491473e+03,4.666430e+04,3.659582e-01,-1.198875e-02,-1.344152e+01,-4.837784e-01,-1.129296e-01,-1.571058e-01,4.725404e-03,5.338115e-03,1.757743e+01,-3.612611e-01,-1.165887e-02,-1.303039e-03,8.845132e-02,1.379921e-02,-4.217818e+00,3.703658e+01,7.188627e+00,1.331226e+03,-1.804777e+04,-1.464586e+03,-6.478907e+04,2.046992e-01,1.452285e+01,-1.476731e-02,6.097409e-02,5.902292e+02,-3.397305e+01
5.240058e-03,8.914301e+03,3.794987e+03,3.096836e-01,1.137641e-02,5.420699e+00,1.023843e-01,9.774220e-07,1.390909e+03,0.000000e+00,0.000000e+00,2.367006e+03,0.000000e+00,0.000000e+00,0.000000e+00,0.000000e+00,0.000000e+00,0.000000e+00,0.000000e+00,0.000000e+00,0.000000e+00,0.000000e+00,0.000000e+00,0.000000e+00,0.000000e+00,0.000000e+00,0.000000e+00,0.000000e+00,0.000000e+00,0.000000e+00,0.000000e+00,0.000000e+00,0.000000e+00,0.000000e+00,0.000000e+00,0.000000e+00,0.000000e+00,0.000000e+00,0.000000e+00,0.000000e+00,0.000000e+00,0.000000e+00,0.000000e+00,0.000000e+00,0.000000e+00,0.000000e+00,0.000000e+00,0.000000e+00,0.000000e+00,8.914301e+03,1.810611e+02,8.472826e-02,-1.003824e-02,5.371225e-01,1.136610e-03,0.000000e+00,0.000000e+00,0.000000e+00,0.000000e+00,0.000000e+00,0.000000e+00,0.000000e+00,0.000000e+00,0.000000e+00,0.000000e+00,0.000000e+00,0.000000e+00,0.000000e+00,0.000000e+00,0.000000e+00,0.000000e+00,0.000000e+00,0.000000e+00,0.000000e+00,0.000000e+00,0.000000e+00,5.266107e+04,-4.151536e+03,5.953480e+04,3.663939e-01,-1.196565e-02,-1.343963e+01,-4.834653e-01,-1.129398e-01,-1.570622e-01,4.725404e-03,5.371122e-03,1.757865e+01,-3.610182e-01,-1.166497e-02,-1.303121e-03,8.881227e-02,1.386938e-02,-4.204808e+00,3.681605e+01,7.172597e+00,1.330547e+03,-2.737379e+04,4.182913e+03,-7.461900e+04,2.046861e-01,1.452902e+01,-1.507026e-02,-1.255013e+02,6.771461e+02,1.156012e+02
5.250811e-03,8.914429e+03,3.793305e+03,3.094216e-01,1.141904e-02,5.422011e+00,1.023843e-01,9.778212e-07,1.392200e+03,0.000000e+00,0.000000e+00,2.367268e+03,0.000000e+00,0.000000e+00,0.000000e+00,0.000000e+00,0.000000e+00,0.000000e+00,0.000000e+00,0.000000e+00,0.000000e+00,0.000000e+00,0.000000e+00,0.000000e+00,0.000000e+00,0.000000e+00,0.000000e+00,0.000000e+00,0.000000e+00,0.000000e+00,0.000000e+00,0.000000e+00,0.000000e+00,0.000000e+00,0.000000e+00,0.000000e+00,0.000000e+00,0.000000e+00,0.000000e+00,0.000000e+00,0.000000e+00,0.000000e+00,0.000000e+00,0.000000e+00,0.000000e+00,0.000000e+00,0.000000e+00,0.000000e+00,0.000000e+00,8.914429e+03,1.825710e+02,8.515941e-02,-9.990512e-03,5.403139e-01,1.136610e-03,0.000000e+00,0.000000e+00,0.000000e+00,0.000000e+00,0.000000e+00,0.000000e+00,0.000000e+00,0.000000e+00,0.000000e+00,0.000000e+00,0.000000e+00,0.000000e+00,0.000000e+00,0.000000e+00,0.000000e+00,0.000000e+00,0.000000e+00,0.000000e+00,0.000000e+00,0.000000e+00,0.000000e+00,4.796534e+04,2.153289e+03,4.715132e+04,3.668259e-01,-1.192682e-02,-1.343760e+01,-4.831289e-01,-1.129570e-01,-1.570079e-01,4.725404e-03,5.407148e-03,1.757997e+01,-3.607565e-01,-1.167156e-02,-1.303227e-03,8.920667e-02,1.394651e-02,-4.190506e+00,3.656721e+01,7.158453e+00,1.329797e+03,-1.871756e+04,-2.126172e+03,-6.460410e+04,2.046113e-01,1.453581e+01,-1.533536e-02,9.890239e+00,5.822592e+02,-4.128965e+01
5.260586e-03,8.914546e+03,3.791725e+03,3.091874e-01,1.145787e-02,5.423186e+00,1.023843e-01,9.774038e-07,1.393404e+03,0.000000e+00,0.000000e+00,2.367525e+03,0.000000e+00,0.000000e+00,0.000000e+00,0.000000e+00,0.000000e+00,0.000000e+00,0.000000e+00,0.000000e+00,0.000000e+00,0.000000e+00,0.000000e+00,0.000000e+00,0.000000e+00,0.000000e+00,0.000000e+00,0.000000e+00,0.000000e+00,0.000000e+00,0.000000e+00,0.000000e+00,0.000000e+00,0.000000e+00,0.000000e+00,0.000000e+00,0.000000e+00,0.000000e+00,0.000000e+00,0.000000e+00,0.000000e+00,0.000000e+00,0.000000e+00,0.000000e+00,0.000000e+00,0.000000e+00,0.000000e+00,0.000000e+00,0.000000e+00,8.914546e+03,1.839518e+02,8.558255e-02,-9.949600e-03,5.432135e-01,1.136610e-03,0.000000e+00,0.000000e+00,0.000000e+00,0.000000e+00,0.000000e+00,0.000000e+00,0.000000e+00,0.000000e+00,0.000000e+00,0.000000e+00,0.000000e+00,0.000000e+00,0.000000e+00,0.000000e+00,0.000000e+00,0.000000e+00,0.000000e+00,0.000000e+00,0.000000e+00,0.000000e+00,0.000000e+00,5.034084e+04,-9.609092e+02,5.378477e+04,3.673096e-01,-1.192998e-02,-1.343570e+01,-4.828090e-01,-1.129564e-01,-1.569701e-01,4.725404e-03,5.439795e-03,1.758114e+01,-3.605223e-01,-1.167775e-02,-1.303315e-03,8.956287e-02,1.401655e-02,-4.177510e+00,3.632912e+01,7.157865e+00,1.329103e+03,-2.343704e+04,9.904930e+02,-6.984016e+04,2.042411e-01,1.454207e+01,-1.527232e-02,-6.358960e+01,6.244618e+02,3.370337e+01
5.270361e-03,8.914682e+03,3.790160e+03,3.089565e-01,1.149627e-02,5.424344e+00,1.023843e-01,9.774559e-07,1.394598e+03,0.000000e+00,0.000000e+00,2.367773e+03,0.000000e+00,0.000000e+00,0.000000e+00,0.000000e+00,0.000000e+00,0.000000e+00,0.000000e+00,0.000000e+00,0.000000e+00,0.000000e+00,0.000000e+00,0.000000e+00,0.000000e+00,0.000000e+00,0.000000e+00,0.000000e+00,0.000000e+00,0.000000e+00,0.000000e+00,0.000000e+00,0.000000e+00,0.000000e+00,0.000000e+00,0.000000e+00,0.000000e+00,0.000000e+00,0.000000e+00,0.000000e+00,0.000000e+00,0.000000e+00,0.000000e+00,0.000000e+00,0.000000e+00,0.000000e+00,0.000000e+00,0.000000e+00,0.000000e+00,8.914682e+03,1.853350e+02,8.600882e-02,-9.906352e-03,5.461028e-01,1.136610e-03,0.000000e+00,0.000000e+00,0.000000e+00,0.000000e+00,0.000000e+00,0.000000e+00,0.000000e+00,0.000000e+00,0.000000e+00,0.000000e+00,0.000000e+00,0.000000e+00,0.000000e+00,0.000000e+00,0.000000e+00,0.000000e+00,0.000000e+00,0.000000e+00,0.000000e+00,0.000000e+00,0.000000e+00,4.807293e+04,2.567055e+03,4.813336e+04,3.677736e-01,-1.191856e-02,-1.343382e+01,-4.824931e-01,-1.129620e-01,-1.569304e-01,4.725404e-03,5.472350e-03,1.758230e+01,-3.602916e-01,-1.168355e-02,-1.303425e-03,8.991680e-02,1.408651e-02,-4.164522e+00,3.608780e+01,7.155907e+00,1.328408e+03,-1.954925e+04,-2.539411e+03,-6.515977e+04,2.038720e-01,1.454833e+01,-1.522091e-02,1.792793e+01,5.834504e+02,-5.395053e+01
5.280136e-03,8.914805e+03,3.788620e+03,3.087285e-01,1.153427e-02,5.425487e+00,1.023843e-01,9.774042e-07,1.395755e+03,0.000000e+00,0.000000e+00,2.368036e+03,0.000000e+00,0.000000e+00,0.000000e+00,0.000000e+00,0.000000e+00,0.000000e+00,0.000000e+00,0.000000e+00,0.000000e+00,0.000000e+00,0.000000e+00,0.000000e+00,0.000000e+00,0.000000e+00,0.000000e+00,0.000000e+00,0.000000e+00,0.000000e+00,0.000000e+00,0.000000e+00,0.000000e+00,0.000000e+00,0.000000e+00,0.000000e+00,0.000000e+00,0.000000e+00,0.000000e+00,0.000000e+00,0.000000e+00,0.000000e+00,0.000000e+00,0.000000e+00,0.000000e+00,0.000000e+00,0.000000e+00,0.000000e+00,0.000000e+00,8.914805e+03,1.866894e+02,8.640505e-02,-9.850461e-03,5.489537e-01,1.136610e-03,0.000000e+00,0.000000e+00,0.000000e+00,0.000000e+00,0.000000e+00,0.000000e+00,0.000000e+00,0.000000e+00,0.000000e+00,0.000000e+00,0.000000e+00,0.000000e+00,0.000000e+00,0.000000e+00,0.000000e+00,0.000000e+00,0.000000e+00,0.000000e+00,0.000000e+00,0.000000e+00,0.000000e+00,5.348023e+04,-5.685402e+03,6.265412e+04,3.682069e-01,-1.189647e-02,-1.343196e+01,-4.821832e-01,-1.129712e-01,-1.568864e-01,4.725404e-03,5.504846e-03,1.758344e+01,-3.600639e-01,-1.168907e-02,-1.303543e-03,9.026840e-02,1.415639e-02,-4.151541e+00,3.586823e+01,7.135911e+00,1.327740e+03,-2.977430e+04,5.718412e+03,-7.680358e+04,2.039305e-01,1.455431e+01,-1.564718e-02,-1.765445e+02,6.888589e+02,1.579200e+02
5.290887e-03,8.914972e+03,3.786894e+03,3.084814e-01,1.157708e-02,5.426726e+00,1.023843e-01,9.774000e-07,1.397043e+03,0.000000e+00,0.000000e+00,2.368296e+03,0.000000e+00,0.000000e+00,0.000000e+00,0.000000e+00,0.000000e+00,0.000000e+00,0.000000e+00,0.000000e+00,0.000000e+00,0.000000e+00,0.000000e+00,0.000000e+00,0.000000e+00,0.000000e+00,0.000000e+00,0.000000e+00,0.000000e+00,0.000000e+00,0.000000e+00,0.000000e+00,0.000000e+00,0.000000e+00,0.000000e+00,0.000000e+00,0.000000e+00,0.000000e+00,0.000000e+00,0.000000e+00,0.000000e+00,0.000000e+00,0.000000e+00,0.000000e+00,0.000000e+00,0.000000e+00,0.000000e+00,0.000000e+00,0.000000e+00,8.914972e+03,1.881867e+02,8.687165e-02,-9.800466e-03,5.521038e-01,1.136610e-03,0.000000e+00,0.000000e+00,0.000000e+00,0.000000e+00,0.000000e+00,0.000000e+00,0.000000e+00,0.000000e+00,0.000000e+00,0.000000e+00,0.000000e+00,0.000000e+00,0.000000e+00,0.000000e+00,0.000000e+00,0.000000e+00,0.000000e+00,0.000000e+00,0.000000e+00,0.000000e+00,0.000000e+00,4.775052e+04,1.488441e+03,4.898532e+04,3.686929e-01,-1.188258e-02,-1.342993e+01,-4.818435e-01,-1.129760e-01,-1.568378e-01,4.725404e-03,5.540604e-03,1.758470e+01,-3.598168e-01,-1.169607e-02,-1.303637e-03,9.065243e-02,1.423320e-02,-4.137270e+00,3.560362e+01,7.135434e+00,1.326983e+03,-2.047162e+04,-1.460433e+03,-6.527379e+04,2.034941e-01,1.456108e+01,-1.556721e-02,-7.424663e+00,5.825083e+02,-2.846947e+01
5.300661e-03,8.915153e+03,3.785316e+03,3.082603e-01,1.161577e-02,5.427834e+00,1.023843e-01,9.774000e-07,1.398212e+03,0.000000e+00,0.000000e+00,2.368541e+03,0.000000e+00,0.000000e+00,0.000000e+00,0.000000e+00,0.000000e+00,0.000000e+00,0.000000e+00,0.000000e+00,0.000000e+00,0.000000e+00,0.000000e+00,0.000000e+00,0.000000e+00,0.000000e+00,0.000000e+00,0.000000e+00,0.000000e+00,0.000000e+00,0.000000e+00,0.000000e+00,0.000000e+00,0.000000e+00,0.000000e+00,0.000000e+00,0.000000e+00,0.000000e+00,0.000000e+00,0.000000e+00,0.000000e+00,0.000000e+00,0.000000e+00,0.000000e+00,0.000000e+00,0.000000e+00,0.000000e+00,0.000000e+00,0.000000e+00,8.915153e+03,1.895371e+02,8.730198e-02,-9.755492e-03,5.549389e-01,1.136610e-03,0.000000e+00,0.000000e+00,0.000000e+00,0.000000e+00,0.000000e+00,0.000000e+00,0.000000e+00,0.000000e+00,0.000000e+00,0.000000e+00,0.000000e+00,0.000000e+00,0.000000e+00,0.000000e+00,0.000000e+00,0.000000e+00,0.000000e+00,0.000000e+00,0.000000e+00,0.000000e+00,0.000000e+00,4.886796e+04,-1.175869e+02,5.178423e+04,3.691704e-01,-1.188026e-02,-1.342806e+01,-4.815302e-01,-1.129761e-01,-1.567987e-01,4.725404e-03,5.573092e-03,1.758581e+01,-3.595959e-01,-1.170216e-02,-1.303752e-03,9.099910e-02,1.430294e-02,-4.124304e+00,3.536394e+01,7.132814e+00,1.326300e+03,-2.241505e+04,1.467729e+02,-6.758138e+04,2.031462e-01,1.456717e+01,-1.553883e-02,-4.499010e+01,5.990956e+02,1.136949e+01
5.310435e-03,8.915320e+03,3.783722e+03,3.080442e-01,1.165396e-02,5.428918e+00,1.023843e-01,9.774000e-07,1.399390e+03,0.000000e+00,0.000000e+00,2.368785e+03,0.000000e+00,0.000000e+00,0.000000e+00,0.000000e+00,0.000000e+00,0.000000e+00,0.000000e+00,0.000000e+00,0.000000e+00,0.000000e+00,0.000000e+00,0.000000e+00,0.000000e+00,0.000000e+00,0.000000e+00,0.000000e+00,0.000000e+00,0.000000e+00,0.000000e+00,0.000000e+00,0.000000e+00,0.000000e+00,0.000000e+00,0.000000e+00,0.000000e+00,0.000000e+00,0.000000e+00,0.000000e+00,0.000000e+00,0.000000e+00,0.000000e+00,0.000000e+00,0.000000e+00,0.000000e+00,0.000000e+00,0.000000e+00,0.000000e+00,8.915320e+03,1.908854e+02,8.775461e-02,-9.710012e-03,5.577506e-01,1.136609e-03,0.000000e+00,0.000000e+00,0.000000e+00,0.000000e+00,0.000000e+00,0.000000e+00,0.000000e+00,0.000000e+00,0.000000e+00,0.000000e+00,0.000000e+00,0.000000e+00,0.000000e+00,0.000000e+00,0.000000e+00,0.000000e+00,0.000000e+00,0.000000e+00,0.000000e+00,0.000000e+00,0.000000e+00,5.003193e+04,4.953827e+03,5.654488e+04,3.696795e-01,-1.186616e-02,-1.342618e+01,-4.812139e-01,-1.129817e-01,-1.567632e-01,4.725404e-03,5.605460e-03,1.758689e+01,-3.593800e-01,-1.170787e-02,-1.303897e-03,9.134342e-02,1.437262e-02,-4.111344e+00,3.511733e+01,7.129111e+00,1.325612e+03,-2.606457e+04,-4.922976e+03,-7.086226e+04,2.028305e-01,1.457329e+01,-1.555372e-02,7.145667e+01,6.293431e+02,-1.155892e+02
5.320209e-03,8.915503e+03,3.782134e+03,3.078338e-01,1.169119e-02,5.429975e+00,1.023843e-01,9.774000e-07,1.400555e+03,0.000000e+00,0.000000e+00,2.369021e+03,0.000000e+00,0.000000e+00,0.000000e+00,0.000000e+00,0.000000e+00,0.000000e+00,0.000000e+00,0.000000e+00,0.000000e+00,0.000000e+00,0.000000e+00,0.000000e+00,0.000000e+00,0.000000e+00,0.000000e+00,0.000000e+00,0.000000e+00,0.000000e+00,0.000000e+00,0.000000e+00,0.000000e+00,0.000000e+00,0.000000e+00,0.000000e+00,0.000000e+00,0.000000e+00,0.000000e+00,0.000000e+00,0.000000e+00,0.000000e+00,0.000000e+00,0.000000e+00,0.000000e+00,0.000000e+00,0.000000e+00,0.000000e+00,0.000000e+00,8.915503e+03,1.922228e+02,8.820772e-02,-9.660003e-03,5.605350e-01,1.136610e-03,0.000000e+00,0.000000e+00,0.000000e+00,0.000000e+00,0.000000e+00,0.000000e+00,0.000000e+00,0.000000e+00,0.000000e+00,0.000000e+00,0.000000e+00,0.000000e+00,0.000000e+00,0.000000e+00,0.000000e+00,0.000000e+00,0.000000e+00,0.000000e+00,0.000000e+00,0.000000e+00,0.000000e+00,4.812131e+04,8.395633e+02,5.220558e+04,3.701719e-01,-1.185631e-02,-1.342432e+01,-4.809028e-01,-1.129852e-01,-1.567238e-01,4.725404e-03,5.637624e-03,1.758794e+01,-3.591698e-01,-1.171278e-02,-1.304089e-03,9.168533e-02,1.444222e-02,-4.098392e+00,3.486813e+01,7.118250e+00,1.324926e+03,-2.315926e+04,-8.102661e+02,-6.711766e+04,2.026725e-01,1.457938e+01,-1.575344e-02,-2.326496e+01,5.912898e+02,-1.338193e+01
5.330961e-03,8.915730e+03,3.780390e+03,3.076096e-01,1.173057e-02,5.431101e+00,1.023843e-01,9.774000e-07,1.401820e+03,0.000000e+00,0.000000e+00,2.369282e+03,0.000000e+00,0.000000e+00,0.000000e+00,0.000000e+00,0.000000e+00,0.000000e+00,0.000000e+00,0.000000e+00,0.000000e+00,0.000000e+00,0.000000e+00,0.000000e+00,0.000000e+00,0.000000e+00,0.000000e+00,0.000000e+00,0.000000e+00,0.000000e+00,0.000000e+00,0.000000e+00,0.000000e+00,0.000000e+00,0.000000e+00,0.000000e+00,0.000000e+00,0.000000e+00,0.000000e+00,0.000000e+00,0.000000e+00,0.000000e+00,0.000000e+00,0.000000e+00,0.000000e+00,0.000000e+00,0.000000e+00,0.000000e+00,0.000000e+00,8.915730e+03,1.936777e+02,8.870424e-02,-9.614529e-03,5.635594e-01,1.136610e-03,0.000000e+00,0.000000e+00,0.000000e+00,0.000000e+00,0.000000e+00,0.000000e+00,0.000000e+00,0.000000e+00,0.000000e+00,0.000000e+00,0.000000e+00,0.000000e+00,0.000000e+00,0.000000e+00,0.000000e+00,0.000000e+00,0.000000e+00,0.000000e+00,0.000000e+00,0.000000e+00,0.000000e+00,4.906421e+04,3.142657e+03,5.439813e+04,3.707110e-01,-1.184180e-02,-1.342228e+01,-4.805617e-01,-1.129899e-01,-1.566801e-01,4.725404e-03,5.672733e-03,1.758905e+01,-3.589459e-01,-1.171692e-02,-1.304312e-03,9.205867e-02,1.451871e-02,-4.084151e+00,3.459930e+01,7.111649e+00,1.324181e+03,-2.465384e+04,-3.112355e+03,-6.898428e+04,2.023460e-01,1.458596e+01,-1.581546e-02,3.201600e+01,6.078771e+02,-7.350531e+01
5.340734e-03,8.915943e+03,3.778790e+03,3.074123e-01,1.176591e-02,5.432093e+00,1.023843e-01,9.774000e-07,1.402974e+03,0.000000e+00,0.000000e+00,2.369517e+03,0.000000e+00,0.000000e+00,0.000000e+00,0.000000e+00,0.000000e+00,0.000000e+00,0.000000e+00,0.000000e+00,0.000000e+00,0.000000e+00,0.000000e+00,0.000000e+00,0.000000e+00,0.000000e+00,0.000000e+00,0.000000e+00,0.000000e+00,0.000000e+00,0.000000e+00,0.000000e+00,0.000000e+00,0.000000e+00,0.000000e+00,0.000000e+00,0.000000e+00,0.000000e+00,0.000000e+00,0.000000e+00,0.000000e+00,0.000000e+00,0.000000e+00,0.000000e+00,0.000000e+00,0.000000e+00,0.000000e+00,0.000000e+00,0.000000e+00,8.915943e+03,1.950000e+02,8.917179e-02,-9.573532e-03,5.662931e-01,1.136610e-03,0.000000e+00,0.000000e+00,0.000000e+00,0.000000e+00,0.000000e+00,0.000000e+00,0.000000e+00,0.000000e+00,0.000000e+00,0.000000e+00,0.000000e+00,0.000000e+00,0.000000e+00,0.000000e+00,0.000000e+00,0.000000e+00,0.000000e+00,0.000000e+00,0.000000e+00,0.000000e+00,0.000000e+00,4.814504e+04,1.322221e+03,5.281857e+04,3.712183e-01,-1.182859e-02,-1.342043e+01,-4.802509e-01,-1.129950e-01,-1.566421e-01,4.725404e-03,5.704387e-03,1.759006e+01,-3.587490e-01,-1.172050e-02,-1.304521e-03,9.239549e-02,1.458816e-02,-4.071212e+00,3.434792e+01,7.101745e+00,1.323499e+03,-2.370798e+04,-1.292482e+03,-6.742222e+04,2.021319e-01,1.459197e+01,-1.596977e-02,-1.521522e+01,5.912898e+02,-1.985945e+01
5.350509e-03,8.916168e+03,3.777188e+03,3.072208e-01,1.180064e-02,5.433054e+00,1.023843e-01,9.774000e-07,1.404115e+03,0.000000e+00,0.000000e+00,2.369750e+03,0.000000e+00,0.000000e+00,0.000000e+00,0.000000e+00,0.000000e+00,0.000000e+00,0.000000e+00,0.000000e+00,0.000000e+00,0.000000e+00,0.000000e+00,0.000000e+00,0.000000e+00,0.000000e+00,0.000000e+00,0.000000e+00,0.000000e+00,0.000000e+00,0.000000e+00,0.000000e+00,0.000000e+00,0.000000e+00,0.000000e+00,0.000000e+00,0.000000e+00,0.000000e+00,0.000000e+00,0.000000e+00,0.000000e+00,0.000000e+00,0.000000e+00,0.000000e+00,0.000000e+00,0.000000e+00,0.000000e+00,0.000000e+00,0.000000e+00,8.916168e+03,1.963028e+02,8.963814e-02,-9.531767e-03,5.689927e-01,1.136610e-03,0.000000e+00,0.000000e+00,0.000000e+00,0.000000e+00,0.000000e+00,0.000000e+00,0.000000e+00,0.000000e+00,0.000000e+00,0.000000e+00,0.000000e+00,0.000000e+00,0.000000e+00,0.000000e+00,0.000000e+00,0.000000e+00,0.000000e+00,0.000000e+00,0.000000e+00,0.000000e+00,0.000000e+00,4.834385e+04,2.533264e+03,5.414053e+04,3.717218e-01,-1.181436e-02,-1.341859e+01,-4.799432e-01,-1.130007e-01,-1.566014e-01,4.725404e-03,5.735815e-03,1.759101e+01,-3.585578e-01,-1.172367e-02,-1.304764e-03,9.272987e-02,1.465753e-02,-4.058280e+00,3.409876e+01,7.093999e+00,1.322822e+03,-2.478778e+04,-2.503002e+03,-6.822055e+04,2.018457e-01,1.459790e+01,-1.606953e-02,7.943017e+00,5.971442e+02,-5.104456e+01
5.360282e-03,8.916401e+03,3.775558e+03,3.070345e-01,1.183436e-02,5.433991e+00,1.023843e-01,9.774000e-07,1.405266e+03,0.000000e+00,0.000000e+00,2.369991e+03,0.000000e+00,0.000000e+00,0.000000e+00,0.000000e+00,0.000000e+00,0.000000e+00,0.000000e+00,0.000000e+00,0.000000e+00,0.000000e+00,0.000000e+00,0.000000e+00,0.000000e+00,0.000000e+00,0.000000e+00,0.000000e+00,0.000000e+00,0.000000e+00,0.000000e+00,0.000000e+00,0.000000e+00,0.000000e+00,0.000000e+00,0.000000e+00,0.000000e+00,0.000000e+00,0.000000e+00,0.000000e+00,0.000000e+00,0.000000e+00,0.000000e+00,0.000000e+00,0.000000e+00,0.000000e+00,0.000000e+00,0.000000e+00,0.000000e+00,8.916401e+03,1.976025e+02,9.012385e-02,-9.484422e-03,5.716764e-01,1.136610e-03,0.000000e+00,0.000000e+00,0.000000e+00,0.000000e+00,0.000000e+00,0.000000e+00,0.000000e+00,0.000000e+00,0.000000e+00,0.000000e+00,0.000000e+00,0.000000e+00,0.000000e+00,0.000000e+00,0.000000e+00,0.000000e+00,0.000000e+00,0.000000e+00,0.000000e+00,0.000000e+00,0.000000e+00,5.089246e+04,-1.576216e+03,6.031134e+04,3.722593e-01,-1.180496e-02,-1.341672e+01,-4.796302e-01,-1.130061e-01,-1.565660e-01,4.725404e-03,5.767131e-03,1.759194e+01,-3.583716e-01,-1.172598e-02,-1.305023e-03,9.306177e-02,1.472682e-02,-4.045354e+00,3.384356e+01,7.083771e+00,1.322141e+03,-2.902591e+04,1.609016e+03,-7.338183e+04,2.015687e-01,1.460387e+01,-1.621380e-02,-9.409656e+01,6.439790e+02,5.374115e+01
5.370057e-03,8.916668e+03,3.773916e+03,3.068530e-01,1.186679e-02,5.434903e+00,1.023843e-01,9.774000e-07,1.406418e+03,0.000000e+00,0.000000e+00,2.370221e+03,0.000000e+00,0.000000e+00,0.000000e+00,0.000000e+00,0.000000e+00,0.000000e+00,0.000000e+00,0.000000e+00,0.000000e+00,0.000000e+00,0.000000e+00,0.000000e+00,0.000000e+00,0.000000e+00,0.000000e+00,0.000000e+00,0.000000e+00,0.000000e+00,0.000000e+00,0.000000e+00,0.000000e+00,0.000000e+00,0.000000e+00,0.000000e+00,0.000000e+00,0.000000e+00,0.000000e+00,0.000000e+00,0.000000e+00,0.000000e+00,0.000000e+00,0.000000e+00,0.000000e+00,0.000000e+00,0.000000e+00,0.000000e+00,0.000000e+00,8.916668e+03,1.988987e+02,9.061156e-02,-9.446811e-03,5.743456e-01,1.136610e-03,0.000000e+00,0.000000e+00,0.000000e+00,0.000000e+00,0.000000e+00,0.000000e+00,0.000000e+00,0.000000e+00,0.000000e+00,0.000000e+00,0.000000e+00,0.000000e+00,0.000000e+00,0.000000e+00,0.000000e+00,0.000000e+00,0.000000e+00,0.000000e+00,0.000000e+00,0.000000e+00,0.000000e+00,4.911010e+04,9.943970e+02,5.601411e+04,3.727922e-01,-1.179483e-02,-1.341485e+01,-4.793187e-01,-1.130124e-01,-1.565287e-01,4.725404e-03,5.798345e-03,1.759284e+01,-3.581902e-01,-1.172714e-02,-1.305318e-03,9.339115e-02,1.479604e-02,-4.032435e+00,3.358231e+01,7.079862e+00,1.321454e+03,-2.609488e+04,-9.631296e+02,-6.977465e+04,2.011127e-01,1.460987e+01,-1.618777e-02,-3.549202e+01,6.088529e+02,-1.301412e+01
5.380808e-03,8.916961e+03,3.772111e+03,3.066587e-01,1.190127e-02,5.435879e+00,1.023843e-01,9.774000e-07,1.407666e+03,0.000000e+00,0.000000e+00,2.370479e+03,0.000000e+00,0.000000e+00,0.000000e+00,0.000000e+00,0.000000e+00,0.000000e+00,0.000000e+00,0.000000e+00,0.000000e+00,0.000000e+00,0.000000e+00,0.000000e+00,0.000000e+00,0.000000e+00,0.000000e+00,0.000000e+00,0.000000e+00,0.000000e+00,0.000000e+00,0.000000e+00,0.000000e+00,0.000000e+00,0.000000e+00,0.000000e+00,0.000000e+00,0.000000e+00,0.000000e+00,0.000000e+00,0.000000e+00,0.000000e+00,0.000000e+00,0.000000e+00,0.000000e+00,0.000000e+00,0.000000e+00,0.000000e+00,0.000000e+00,8.916961e+03,2.003028e+02,9.113935e-02,-9.402520e-03,5.772560e-01,1.136610e-03,0.000000e+00,0.000000e+00,0.000000e+00,0.000000e+00,0.000000e+00,0.000000e+00,0.000000e+00,0.000000e+00,0.000000e+00,0.000000e+00,0.000000e+00,0.000000e+00,0.000000e+00,0.000000e+00,0.000000e+00,0.000000e+00,0.000000e+00,0.000000e+00,0.000000e+00,0.000000e+00,0.000000e+00,4.884568e+04,6.893391e+02,5.648602e+04,3.733650e-01,-1.177182e-02,-1.341282e+01,-4.789811e-01,-1.130239e-01,-1.564828e-01,4.725404e-03,5.832542e-03,1.759383e+01,-3.579961e-01,-1.172737e-02,-1.305670e-03,9.375057e-02,1.487208e-02,-4.018232e+00,3.330129e+01,7.065974e+00,1.320708e+03,-2.664668e+04,-6.578973e+02,-6.976078e+04,2.008189e-01,1.461636e+01,-1.641819e-02,-4.377045e+01,6.069014e+02,-4.501297e+00
5.390582e-03,8.917246e+03,3.770444e+03,3.064874e-01,1.193122e-02,5.436741e+00,1.023843e-01,9.774000e-07,1.408812e+03,0.000000e+00,0.000000e+00,2.370712e+03,0.000000e+00,0.000000e+00,0.000000e+00,0.000000e+00,0.000000e+00,0.000000e+00,0.000000e+00,0.000000e+00,0.000000e+00,0.000000e+00,0.000000e+00,0.000000e+00,0.000000e+00,0.000000e+00,0.000000e+00,0.000000e+00,0.000000e+00,0.000000e+00,0.000000e+00,0.000000e+00,0.000000e+00,0.000000e+00,0.000000e+00,0.000000e+00,0.000000e+00,0.000000e+00,0.000000e+00,0.000000e+00,0.000000e+00,0.000000e+00,0.000000e+00,0.000000e+00,0.000000e+00,0.000000e+00,0.000000e+00,0.000000e+00,0.000000e+00,8.917246e+03,2.015783e+02,9.162842e-02,-9.357120e-03,5.798943e-01,1.136610e-03,0.000000e+00,0.000000e+00,0.000000e+00,0.000000e+00,0.000000e+00,0.000000e+00,0.000000e+00,0.000000e+00,0.000000e+00,0.000000e+00,0.000000e+00,0.000000e+00,0.000000e+00,0.000000e+00,0.000000e+00,0.000000e+00,0.000000e+00,0.000000e+00,0.000000e+00,0.000000e+00,0.000000e+00,4.909552e+04,3.939838e+02,5.729358e+04,3.739219e-01,-1.176470e-02,-1.341095e+01,-4.786687e-01,-1.130313e-01,-1.564475e-01,4.725405e-03,5.863356e-03,1.759469e+01,-3.578250e-01,-1.172641e-02,-1.306031e-03,9.407463e-02,1.494111e-02,-4.005327e+00,3.303646e+01,7.060523e+00,1.320023e+03,-2.724991e+04,-3.621126e+02,-7.035901e+04,2.003405e-01,1.462231e+01,-1.643676e-02,-5.313132e+01,6.108043e+02,-1.966697e+00
5.400356e-03,8.917549e+03,3.768773e+03,3.063209e-01,1.195951e-02,5.437578e+00,1.023843e-01,9.774000e-07,1.409948e+03,0.000000e+00,0.000000e+00,2.370946e+03,0.000000e+00,0.000000e+00,0.000000e+00,0.000000e+00,0.000000e+00,0.000000e+00,0.000000e+00,0.000000e+00,0.000000e+00,0.000000e+00,0.000000e+00,0.000000e+00,0.000000e+00,0.000000e+00,0.000000e+00,0.000000e+00,0.000000e+00,0.000000e+00,0.000000e+00,0.000000e+00,0.000000e+00,0.000000e+00,0.000000e+00,0.000000e+00,0.000000e+00,0.000000e+00,0.000000e+00,0.000000e+00,0.000000e+00,0.000000e+00,0.000000e+00,0.000000e+00,0.000000e+00,0.000000e+00,0.000000e+00,0.000000e+00,0.000000e+00,8.917549e+03,2.028421e+02,9.212843e-02,-9.312432e-03,5.825099e-01,1.136610e-03,0.000000e+00,0.000000e+00,0.000000e+00,0.000000e+00,0.000000e+00,0.000000e+00,0.000000e+00,0.000000e+00,0.000000e+00,0.000000e+00,0.000000e+00,0.000000e+00,0.000000e+00,0.000000e+00,0.000000e+00,0.000000e+00,0.000000e+00,0.000000e+00,0.000000e+00,0.000000e+00,0.000000e+00,4.864902e+04,1.194156e+03,5.657079e+04,3.744669e-01,-1.174730e-02,-1.340910e+01,-4.783566e-01,-1.130434e-01,-1.564111e-01,4.725405e-03,5.894089e-03,1.759552e+01,-3.576587e-01,-1.172390e-02,-1.306453e-03,9.439611e-02,1.501007e-02,-3.992429e+00,3.277418e+01,7.050635e+00,1.319342e+03,-2.683434e+04,-1.162484e+03,-6.962022e+04,1.999343e-01,1.462821e+01,-1.656717e-02,-3.407417e+01,6.029985e+02,-1.994521e+01
5.410130e-03,8.917856e+03,3.767080e+03,3.061587e-01,1.198644e-02,5.438395e+00,1.023843e-01,9.774000e-07,1.411093e+03,0.000000e+00,0.000000e+00,2.371180e+03,0.000000e+00,0.000000e+00,0.000000e+00,0.000000e+00,0.000000e+00,0.000000e+00,0.000000e+00,0.000000e+00,0.000000e+00,0.000000e+00,0.000000e+00,0.000000e+00,0.000000e+00,0.000000e+00,0.000000e+00,0.000000e+00,0.000000e+00,0.000000e+00,0.000000e+00,0.000000e+00,0.000000e+00,0.000000e+00,0.000000e+00,0.000000e+00,0.000000e+00,0.000000e+00,0.000000e+00,0.000000e+00,0.000000e+00,0.000000e+00,0.000000e+00,0.000000e+00,0.000000e+00,0.000000e+00,0.000000e+00,0.000000e+00,0.000000e+00,8.917856e+03,2.040975e+02,9.263781e-02,-9.278705e-03,5.851063e-01,1.136610e-03,0.000000e+00,0.000000e+00,0.000000e+00,0.000000e+00,0.000000e+00,0.000000e+00,0.000000e+00,0.000000e+00,0.000000e+00,0.000000e+00,0.000000e+00,0.000000e+00,0.000000e+00,0.000000e+00,0.000000e+00,0.000000e+00,0.000000e+00,0.000000e+00,0.000000e+00,0.000000e+00,0.000000e+00,4.897743e+04,5.169578e+02,5.765995e+04,3.750332e-01,-1.173805e-02,-1.340723e+01,-4.780423e-01,-1.130528e-01,-1.563772e-01,4.725405e-03,5.924692e-03,1.759633e+01,-3.574966e-01,-1.172017e-02,-1.306938e-03,9.471501e-02,1.507895e-02,-3.979537e+00,3.250703e+01,7.043508e+00,1.318656e+03,-2.764870e+04,-4.847566e+02,-7.042045e+04,1.994678e-01,1.463415e+01,-1.662967e-02,-5.637865e+01,6.108043e+02,2.759475e+00
5.420881e-03,8.918215e+03,3.765204e+03,3.059847e-01,1.201510e-02,5.439269e+00,1.023843e-01,9.774000e-07,1.412348e+03,0.000000e+00,0.000000e+00,2.371438e+03,0.000000e+00,0.000000e+00,0.000000e+00,0.000000e+00,0.000000e+00,0.000000e+00,0.000000e+00,0.000000e+00,0.000000e+00,0.000000e+00,0.000000e+00,0.000000e+00,0.000000e+00,0.000000e+00,0.000000e+00,0.000000e+00,0.000000e+00,0.000000e+00,0.000000e+00,0.000000e+00,0.000000e+00,0.000000e+00,0.000000e+00,0.000000e+00,0.000000e+00,0.000000e+00,0.000000e+00,0.000000e+00,0.000000e+00,0.000000e+00,0.000000e+00,0.000000e+00,0.000000e+00,0.000000e+00,0.000000e+00,0.000000e+00,0.000000e+00,8.918215e+03,2.054718e+02,9.320083e-02,-9.235963e-03,5.879554e-01,1.136610e-03,0.000000e+00,0.000000e+00,0.000000e+00,0.000000e+00,0.000000e+00,0.000000e+00,0.000000e+00,0.000000e+00,0.000000e+00,0.000000e+00,0.000000e+00,0.000000e+00,0.000000e+00,0.000000e+00,0.000000e+00,0.000000e+00,0.000000e+00,0.000000e+00,0.000000e+00,0.000000e+00,0.000000e+00,4.910619e+04,1.087194e+03,5.730818e+04,3.756495e-01,-1.172122e-02,-1.340518e+01,-4.776973e-01,-1.130650e-01,-1.563390e-01,4.725405e-03,5.958210e-03,1.759720e+01,-3.573228e-01,-1.171527e-02,-1.307530e-03,9.506279e-02,1.515462e-02,-3.965364e+00,3.221364e+01,7.033691e+00,1.317902e+03,-2.728895e+04,-1.054876e+03,-7.036354e+04,1.990051e-01,1.464067e+01,-1.674694e-02,-3.883084e+01,6.088529e+02,-1.282736e+01
5.430656e-03,8.918556e+03,3.763475e+03,3.058305e-01,1.204002e-02,5.440044e+00,1.023843e-01,9.774000e-07,1.413498e+03,0.000000e+00,0.000000e+00,2.371673e+03,0.000000e+00,0.000000e+00,0.000000e+00,0.000000e+00,0.000000e+00,0.000000e+00,0.000000e+00,0.000000e+00,0.000000e+00,0.000000e+00,0.000000e+00,0.000000e+00,0.000000e+00,0.000000e+00,0.000000e+00,0.000000e+00,0.000000e+00,0.000000e+00,0.000000e+00,0.000000e+00,0.000000e+00,0.000000e+00,0.000000e+00,0.000000e+00,0.000000e+00,0.000000e+00,0.000000e+00,0.000000e+00,0.000000e+00,0.000000e+00,0.000000e+00,0.000000e+00,0.000000e+00,0.000000e+00,0.000000e+00,0.000000e+00,0.000000e+00,8.918556e+03,2.067198e+02,9.373133e-02,-9.197908e-03,5.905377e-01,1.136610e-03,0.000000e+00,0.000000e+00,0.000000e+00,0.000000e+00,0.000000e+00,0.000000e+00,0.000000e+00,0.000000e+00,0.000000e+00,0.000000e+00,0.000000e+00,0.000000e+00,0.000000e+00,0.000000e+00,0.000000e+00,0.000000e+00,0.000000e+00,0.000000e+00,0.000000e+00,0.000000e+00,0.000000e+00,4.913648e+04,8.239605e+02,5.809025e+04,3.762268e-01,-1.170967e-02,-1.340329e+01,-4.773816e-01,-1.130755e-01,-1.563062e-01,4.725405e-03,5.988515e-03,1.759796e+01,-3.571688e-01,-1.170982e-02,-1.308147e-03,9.537619e-02,1.522333e-02,-3.952487e+00,3.194303e+01,7.025945e+00,1.317211e+03,-2.797393e+04,-7.912956e+02,-7.075580e+04,1.985738e-01,1.464663e+01,-1.682835e-02,-4.459372e+01,6.098286e+02,-4.377426e+00
5.440429e-03,8.918912e+03,3.761724e+03,3.056812e-01,1.205926e-02,5.440823e+00,1.023843e-01,9.774000e-07,1.414661e+03,0.000000e+00,0.000000e+00,2.371910e+03,0.000000e+00,0.000000e+00,0.000000e+00,0.000000e+00,0.000000e+00,0.000000e+00,0.000000e+00,0.000000e+00,0.000000e+00,0.000000e+00,0.000000e+00,0.000000e+00,0.000000e+00,0.000000e+00,0.000000e+00,0.000000e+00,0.000000e+00,0.000000e+00,0.000000e+00,0.000000e+00,0.000000e+00,0.000000e+00,0.000000e+00,0.000000e+00,0.000000e+00,0.000000e+00,0.000000e+00,0.000000e+00,0.000000e+00,0.000000e+00,0.000000e+00,0.000000e+00,0.000000e+00,0.000000e+00,0.000000e+00,0.000000e+00,0.000000e+00,8.918912e+03,2.079619e+02,9.427325e-02,-9.152895e-03,5.931082e-01,1.136610e-03,0.000000e+00,0.000000e+00,0.000000e+00,0.000000e+00,0.000000e+00,0.000000e+00,0.000000e+00,0.000000e+00,0.000000e+00,0.000000e+00,0.000000e+00,0.000000e+00,0.000000e+00,0.000000e+00,0.000000e+00,0.000000e+00,0.000000e+00,0.000000e+00,0.000000e+00,0.000000e+00,0.000000e+00,4.863548e+04,1.233770e+03,5.723093e+04,3.768288e-01,-1.168312e-02,-1.340140e+01,-4.770641e-01,-1.130876e-01,-1.562770e-01,4.725405e-03,6.018730e-03,1.759871e+01,-3.570186e-01,-1.170331e-02,-1.308847e-03,9.568693e-02,1.529193e-02,-3.939616e+00,3.166393e+01,7.012293e+00,1.316513e+03,-2.746340e+04,-1.201365e+03,-6.990443e+04,1.983062e-01,1.465266e+01,-1.707465e-02,-3.366254e+01,6.020228e+02,-1.669787e+01
5.450204e-03,8.919278e+03,3.759970e+03,3.055345e-01,1.208208e-02,5.441562e+00,1.023843e-01,9.774000e-07,1.415806e+03,0.000000e+00,0.000000e+00,2.372149e+03,0.000000e+00,0.000000e+00,0.000000e+00,0.000000e+00,0.000000e+00,0.000000e+00,0.000000e+00,0.000000e+00,0.000000e+00,0.000000e+00,0.000000e+00,0.000000e+00,0.000000e+00,0.000000e+00,0.000000e+00,0.000000e+00,0.000000e+00,0.000000e+00,0.000000e+00,0.000000e+00,0.000000e+00,0.000000e+00,0.000000e+00,0.000000e+00,0.000000e+00,0.000000e+00,0.000000e+00,0.000000e+00,0.000000e+00,0.000000e+00,0.000000e+00,0.000000e+00,0.000000e+00,0.000000e+00,0.000000e+00,0.000000e+00,0.000000e+00,8.919278e+03,2.091938e+02,9.482604e-02,-9.103572e-03,5.956690e-01,1.136610e-03,0.000000e+00,0.000000e+00,0.000000e+00,0.000000e+00,0.000000e+00,0.000000e+00,0.000000e+00,0.000000e+00,0.000000e+00,0.000000e+00,0.000000e+00,0.000000e+00,0.000000e+00,0.000000e+00,0.000000e+00,0.000000e+00,0.000000e+00,0.000000e+00,0.000000e+00,0.000000e+00,0.000000e+00,4.937947e+04,6.509198e+02,5.869820e+04,3.774135e-01,-1.167071e-02,-1.339952e+01,-4.767495e-01,-1.130971e-01,-1.562454e-01,4.725405e-03,6.048802e-03,1.759945e+01,-3.568721e-01,-1.169602e-02,-1.309618e-03,9.599494e-02,1.536043e-02,-3.926753e+00,3.139111e+01,7.004614e+00,1.315823e+03,-2.841528e+04,-6.177299e+02,-7.124904e+04,1.979236e-01,1.465859e+01,-1.716990e-02,-4.355701e+01,6.127558e+02,-4.638509e+00
5.460955e-03,8.919690e+03,3.758010e+03,3.053770e-01,1.210622e-02,5.442358e+00,1.023843e-01,9.774000e-07,1.417089e+03,0.000000e+00,0.000000e+00,2.372415e+03,0.000000e+00,0.000000e+00,0.000000e+00,0.000000e+00,0.000000e+00,0.000000e+00,0.000000e+00,0.000000e+00,0.000000e+00,0.000000e+00,0.000000e+00,0.000000e+00,0.000000e+00,0.000000e+00,0.000000e+00,0.000000e+00,0.000000e+00,0.000000e+00,0.000000e+00,0.000000e+00,0.000000e+00,0.000000e+00,0.000000e+00,0.000000e+00,0.000000e+00,0.000000e+00,0.000000e+00,0.000000e+00,0.000000e+00,0.000000e+00,0.000000e+00,0.000000e+00,0.000000e+00,0.000000e+00,0.000000e+00,0.000000e+00,0.000000e+00,8.919690e+03,2.105514e+02,9.546218e-02,-9.048634e-03,5.984787e-01,1.136610e-03,0.000000e+00,0.000000e+00,0.000000e+00,0.000000e+00,0.000000e+00,0.000000e+00,0.000000e+00,0.000000e+00,0.000000e+00,0.000000e+00,0.000000e+00,0.000000e+00,0.000000e+00,0.000000e+00,0.000000e+00,0.000000e+00,0.000000e+00,0.000000e+00,0.000000e+00,0.000000e+00,0.000000e+00,4.866536e+04,9.818142e+02,5.787253e+04,3.781026e-01,-1.163889e-02,-1.339743e+01,-4.763982e-01,-1.131094e-01,-1.562199e-01,4.725405e-03,6.081770e-03,1.760026e+01,-3.567147e-01,-1.168714e-02,-1.310525e-03,9.633064e-02,1.543567e-02,-3.912610e+00,3.107738e+01,6.989362e+00,1.315051e+03,-2.803589e+04,-9.489432e+02,-7.022534e+04,1.976979e-01,1.466524e+01,-1.747167e-02,-3.357106e+01,6.000714e+02,-1.289406e+01
5.470729e-03,8.920077e+03,3.756244e+03,3.052372e-01,1.212710e-02,5.443064e+00,1.023843e-01,9.774000e-07,1.418227e+03,0.000000e+00,0.000000e+00,2.372658e+03,0.000000e+00,0.000000e+00,0.000000e+00,0.000000e+00,0.000000e+00,0.000000e+00,0.000000e+00,0.000000e+00,0.000000e+00,0.000000e+00,0.000000e+00,0.000000e+00,0.000000e+00,0.000000e+00,0.000000e+00,0.000000e+00,0.000000e+00,0.000000e+00,0.000000e+00,0.000000e+00,0.000000e+00,0.000000e+00,0.000000e+00,0.000000e+00,0.000000e+00,0.000000e+00,0.000000e+00,0.000000e+00,0.000000e+00,0.000000e+00,0.000000e+00,0.000000e+00,0.000000e+00,0.000000e+00,0.000000e+00,0.000000e+00,0.000000e+00,8.920077e+03,2.117711e+02,9.604456e-02,-9.003844e-03,6.010126e-01,1.136610e-03,0.000000e+00,0.000000e+00,0.000000e+00,0.000000e+00,0.000000e+00,0.000000e+00,0.000000e+00,0.000000e+00,0.000000e+00,0.000000e+00,0.000000e+00,0.000000e+00,0.000000e+00,0.000000e+00,0.000000e+00,0.000000e+00,0.000000e+00,0.000000e+00,0.000000e+00,0.000000e+00,0.000000e+00,4.857734e+04,8.104915e+02,5.844672e+04,3.786982e-01,-1.162693e-02,-1.339555e+01,-4.760864e-01,-1.131196e-01,-1.561890e-01,4.725405e-03,6.111622e-03,1.760097e+01,-3.565751e-01,-1.167811e-02,-1.311396e-03,9.663290e-02,1.550394e-02,-3.899760e+00,3.080088e+01,6.982283e+00,1.314362e+03,-2.859369e+04,-7.773679e+02,-7.041470e+04,1.973280e-01,1.467113e+01,-1.756626e-02,-3.799232e+01,6.000714e+02,-8.968292e+00
5.480503e-03,8.920478e+03,3.754436e+03,3.051007e-01,1.214690e-02,5.443754e+00,1.023843e-01,9.774000e-07,1.419392e+03,0.000000e+00,0.000000e+00,2.372899e+03,0.000000e+00,0.000000e+00,0.000000e+00,0.000000e+00,0.000000e+00,0.000000e+00,0.000000e+00,0.000000e+00,0.000000e+00,0.000000e+00,0.000000e+00,0.000000e+00,0.000000e+00,0.000000e+00,0.000000e+00,0.000000e+00,0.000000e+00,0.000000e+00,0.000000e+00,0.000000e+00,0.000000e+00,0.000000e+00,0.000000e+00,0.000000e+00,0.000000e+00,0.000000e+00,0.000000e+00,0.000000e+00,0.000000e+00,0.000000e+00,0.000000e+00,0.000000e+00,0.000000e+00,0.000000e+00,0.000000e+00,0.000000e+00,0.000000e+00,8.920478e+03,2.129951e+02,9.664439e-02,-8.956144e-03,6.035458e-01,1.136610e-03,0.000000e+00,0.000000e+00,0.000000e+00,0.000000e+00,0.000000e+00,0.000000e+00,0.000000e+00,0.000000e+00,0.000000e+00,0.000000e+00,0.000000e+00,0.000000e+00,0.000000e+00,0.000000e+00,0.000000e+00,0.000000e+00,0.000000e+00,0.000000e+00,0.000000e+00,0.000000e+00,0.000000e+00,4.859302e+04,6.757645e+02,5.847080e+04,3.793502e-01,-1.159526e-02,-1.339365e+01,-4.757678e-01,-1.131303e-01,-1.561700e-01,4.725405e-03,6.141393e-03,1.760165e+01,-3.564386e-01,-1.166810e-02,-1.312311e-03,9.693236e-02,1.557209e-02,-3.886918e+00,3.050889e+01,6.967110e+00,1.313659e+03,-2.861761e+04,-6.424882e+02,-7.043573e+04,1.971855e-01,1.467716e+01,-1.789529e-02,-3.783987e+01,6.000714e+02,-8.932083e+00
5.490277e-03,8.920888e+03,3.752610e+03,3.049668e-01,1.216603e-02,5.444450e+00,1.023844e-01,9.774000e-07,1.420573e+03,0.000000e+00,0.000000e+00,2.373138e+03,0.000000e+00,0.000000e+00,0.000000e+00,0.000000e+00,0.000000e+00,0.000000e+00,0.000000e+00,0.000000e+00,0.000000e+00,0.000000e+00,0.000000e+00,0.000000e+00,0.000000e+00,0.000000e+00,0.000000e+00,0.000000e+00,0.000000e+00,0.000000e+00,0.000000e+00,0.000000e+00,0.000000e+00,0.000000e+00,0.000000e+00,0.000000e+00,0.000000e+00,0.000000e+00,0.000000e+00,0.000000e+00,0.000000e+00,0.000000e+00,0.000000e+00,0.000000e+00,0.000000e+00,0.000000e+00,0.000000e+00,0.000000e+00,0.000000e+00,8.920888e+03,2.142249e+02,9.727325e-02,-8.903458e-03,6.060798e-01,1.136609e-03,0.000000e+00,0.000000e+00,0.000000e+00,0.000000e+00,0.000000e+00,0.000000e+00,0.000000e+00,0.000000e+00,0.000000e+00,0.000000e+00,0.000000e+00,0.000000e+00,0.000000e+00,0.000000e+00,0.000000e+00,0.000000e+00,0.000000e+00,0.000000e+00,0.000000e+00,0.000000e+00,0.000000e+00,4.833866e+04,8.149449e+02,5.836026e+04,3.800389e-01,-1.157414e-02,-1.339173e+01,-4.754475e-01,-1.131457e-01,-1.561586e-01,4.725405e-03,6.171177e-03,1.760231e+01,-3.563052e-01,-1.165785e-02,-1.313228e-03,9.722895e-02,1.564016e-02,-3.874082e+00,3.020647e+01,6.955145e+00,1.312947e+03,-2.865027e+04,-7.816534e+02,-7.015527e+04,1.969433e-01,1.468327e+01,-1.811062e-02,-3.454679e+01,5.942170e+02,-1.228233e+01
5.500051e-03,8.921309e+03,3.750828e+03,3.048365e-01,1.218571e-02,5.445109e+00,1.023844e-01,9.774000e-07,1.421697e+03,0.000000e+00,0.000000e+00,2.373372e+03,0.000000e+00,0.000000e+00,0.000000e+00,0.000000e+00,0.000000e+00,0.000000e+00,0.000000e+00,0.000000e+00,0.000000e+00,0.000000e+00,0.000000e+00,0.000000e+00,0.000000e+00,0.000000e+00,0.000000e+00,0.000000e+00,0.000000e+00,0.000000e+00,0.000000e+00,0.000000e+00,0.000000e+00,0.000000e+00,0.000000e+00,0.000000e+00,0.000000e+00,0.000000e+00,0.000000e+00,0.000000e+00,0.000000e+00,0.000000e+00,0.000000e+00,0.000000e+00,0.000000e+00,0.000000e+00,0.000000e+00,0.000000e+00,0.000000e+00,8.921309e+03,2.154254e+02,9.789379e-02,-8.855453e-03,6.085753e-01,1.136610e-03,0.000000e+00,0.000000e+00,0.000000e+00,0.000000e+00,0.000000e+00,0.000000e+00,0.000000e+00,0.000000e+00,0.000000e+00,0.000000e+00,0.000000e+00,0.000000e+00,0.000000e+00,0.000000e+00,0.000000e+00,0.000000e+00,0.000000e+00,0.000000e+00,0.000000e+00,0.000000e+00,0.000000e+00,4.787572e+04,6.526373e+02,5.840191e+04,3.806516e-01,-1.156223e-02,-1.338986e+01,-4.751390e-01,-1.131601e-01,-1.561300e-01,4.725405e-03,6.200870e-03,1.760296e+01,-3.561749e-01,-1.164784e-02,-1.314127e-03,9.752268e-02,1.570809e-02,-3.861253e+00,2.992499e+01,6.947051e+00,1.312262e+03,-2.891541e+04,-6.193727e+02,-6.976252e+04,1.966105e-01,1.468908e+01,-1.822430e-02,-3.480597e+01,5.922656e+02,-1.226327e+01
5.510802e-03,8.921795e+03,3.748792e+03,3.046966e-01,1.220760e-02,5.445817e+00,1.023844e-01,9.774000e-07,1.422989e+03,0.000000e+00,0.000000e+00,2.373635e+03,0.000000e+00,0.000000e+00,0.000000e+00,0.000000e+00,0.000000e+00,0.000000e+00,0.000000e+00,0.000000e+00,0.000000e+00,0.000000e+00,0.000000e+00,0.000000e+00,0.000000e+00,0.000000e+00,0.000000e+00,0.000000e+00,0.000000e+00,0.000000e+00,0.000000e+00,0.000000e+00,0.000000e+00,0.000000e+00,0.000000e+00,0.000000e+00,0.000000e+00,0.000000e+00,0.000000e+00,0.000000e+00,0.000000e+00,0.000000e+00,0.000000e+00,0.000000e+00,0.000000e+00,0.000000e+00,0.000000e+00,0.000000e+00,0.000000e+00,8.921795e+03,2.167581e+02,9.861278e-02,-8.800587e-03,6.113325e-01,1.136610e-03,0.000000e+00,0.000000e+00,0.000000e+00,0.000000e+00,0.000000e+00,0.000000e+00,0.000000e+00,0.000000e+00,0.000000e+00,0.000000e+00,0.000000e+00,0.000000e+00,0.000000e+00,0.000000e+00,0.000000e+00,0.000000e+00,0.000000e+00,0.000000e+00,0.000000e+00,0.000000e+00,0.000000e+00,4.834145e+04,7.156799e+02,5.880145e+04,3.814239e-01,-1.154286e-02,-1.338774e+01,-4.747890e-01,-1.131793e-01,-1.561185e-01,4.725405e-03,6.233543e-03,1.760368e+01,-3.560351e-01,-1.163708e-02,-1.315090e-03,9.784237e-02,1.578270e-02,-3.847149e+00,2.958806e+01,6.934676e+00,1.311480e+03,-2.905917e+04,-6.819801e+02,-7.035708e+04,1.963222e-01,1.469576e+01,-1.843241e-02,-3.389122e+01,5.961685e+02,-1.291884e+01
5.520576e-03,8.922229e+03,3.746930e+03,3.045726e-01,1.222798e-02,5.446443e+00,1.023844e-01,9.774000e-07,1.424171e+03,0.000000e+00,0.000000e+00,2.373873e+03,0.000000e+00,0.000000e+00,0.000000e+00,0.000000e+00,0.000000e+00,0.000000e+00,0.000000e+00,0.000000e+00,0.000000e+00,0.000000e+00,0.000000e+00,0.000000e+00,0.000000e+00,0.000000e+00,0.000000e+00,0.000000e+00,0.000000e+00,0.000000e+00,0.000000e+00,0.000000e+00,0.000000e+00,0.000000e+00,0.000000e+00,0.000000e+00,0.000000e+00,0.000000e+00,0.000000e+00,0.000000e+00,0.000000e+00,0.000000e+00,0.000000e+00,0.000000e+00,0.000000e+00,0.000000e+00,0.000000e+00,0.000000e+00,0.000000e+00,8.922229e+03,2.179700e+02,9.928244e-02,-8.756232e-03,6.138312e-01,1.136610e-03,0.000000e+00,0.000000e+00,0.000000e+00,0.000000e+00,0.000000e+00,0.000000e+00,0.000000e+00,0.000000e+00,0.000000e+00,0.000000e+00,0.000000e+00,0.000000e+00,0.000000e+00,0.000000e+00,0.000000e+00,0.000000e+00,0.000000e+00,0.000000e+00,0.000000e+00,0.000000e+00,0.000000e+00,4.815840e+04,8.131606e+02,5.898646e+04,3.821446e-01,-1.152937e-02,-1.338581e+01,-4.744718e-01,-1.131995e-01,-1.561110e-01,4.725405e-03,6.263145e-03,1.760431e+01,-3.559113e-01,-1.162787e-02,-1.315926e-03,9.812993e-02,1.585040e-02,-3.834334e+00,2.927629e+01,6.924218e+00,1.310765e+03,-2.931873e+04,-7.793425e+02,-7.027873e+04,1.960246e-01,1.470186e+01,-1.858369e-02,-3.149765e+01,5.922656e+02,-1.250149e+01
5.530350e-03,8.922688e+03,3.745088e+03,3.044514e-01,1.224866e-02,5.447054e+00,1.023844e-01,9.774000e-07,1.425322e+03,0.000000e+00,0.000000e+00,2.374105e+03,0.000000e+00,0.000000e+00,0.000000e+00,0.000000e+00,0.000000e+00,0.000000e+00,0.000000e+00,0.000000e+00,0.000000e+00,0.000000e+00,0.000000e+00,0.000000e+00,0.000000e+00,0.000000e+00,0.000000e+00,0.000000e+00,0.000000e+00,0.000000e+00,0.000000e+00,0.000000e+00,0.000000e+00,0.000000e+00,0.000000e+00,0.000000e+00,0.000000e+00,0.000000e+00,0.000000e+00,0.000000e+00,0.000000e+00,0.000000e+00,0.000000e+00,0.000000e+00,0.000000e+00,0.000000e+00,0.000000e+00,0.000000e+00,0.000000e+00,8.922688e+03,2.191571e+02,9.994861e-02,-8.709008e-03,6.162963e-01,1.136610e-03,0.000000e+00,0.000000e+00,0.000000e+00,0.000000e+00,0.000000e+00,0.000000e+00,0.000000e+00,0.000000e+00,0.000000e+00,0.000000e+00,0.000000e+00,0.000000e+00,0.000000e+00,0.000000e+00,0.000000e+00,0.000000e+00,0.000000e+00,0.000000e+00,0.000000e+00,0.000000e+00,0.000000e+00,4.768873e+04,7.899647e+02,5.873056e+04,3.828219e-01,-1.149716e-02,-1.338392e+01,-4.741605e-01,-1.132125e-01,-1.560942e-01,4.725405e-03,6.292716e-03,1.760493e+01,-3.557903e-01,-1.161899e-02,-1.316745e-03,9.841448e-02,1.591801e-02,-3.821527e+00,2.897664e+01,6.908383e+00,1.310066e+03,-2.932447e+04,-7.562578e+02,-6.973966e+04,1.959230e-01,1.470780e+01,-1.893691e-02,-3.427237e+01,5.893384e+02,-1.318183e+01
5.540124e-03,8.923146e+03,3.743212e+03,3.043330e-01,1.226950e-02,5.447652e+00,1.023844e-01,9.774000e-07,1.426497e+03,0.000000e+00,0.000000e+00,2.374337e+03,0.000000e+00,0.000000e+00,0.000000e+00,0.000000e+00,0.000000e+00,0.000000e+00,0.000000e+00,0.000000e+00,0.000000e+00,0.000000e+00,0.000000e+00,0.000000e+00,0.000000e+00,0.000000e+00,0.000000e+00,0.000000e+00,0.000000e+00,0.000000e+00,0.000000e+00,0.000000e+00,0.000000e+00,0.000000e+00,0.000000e+00,0.000000e+00,0.000000e+00,0.000000e+00,0.000000e+00,0.000000e+00,0.000000e+00,0.000000e+00,0.000000e+00,0.000000e+00,0.000000e+00,0.000000e+00,0.000000e+00,0.000000e+00,0.000000e+00,8.923146e+03,2.203376e+02,1.006327e-01,-8.668503e-03,6.187519e-01,1.136610e-03,0.000000e+00,0.000000e+00,0.000000e+00,0.000000e+00,0.000000e+00,0.000000e+00,0.000000e+00,0.000000e+00,0.000000e+00,0.000000e+00,0.000000e+00,0.000000e+00,0.000000e+00,0.000000e+00,0.000000e+00,0.000000e+00,0.000000e+00,0.000000e+00,0.000000e+00,0.000000e+00,0.000000e+00,4.784695e+04,9.648540e+02,5.891735e+04,3.835464e-01,-1.148451e-02,-1.338200e+01,-4.738477e-01,-1.132330e-01,-1.560857e-01,4.725405e-03,6.322256e-03,1.760553e+01,-3.556719e-01,-1.161029e-02,-1.317548e-03,9.869602e-02,1.598551e-02,-3.808726e+00,2.866307e+01,6.898677e+00,1.309354e+03,-2.942472e+04,-9.308962e+02,-6.996309e+04,1.955934e-01,1.471387e+01,-1.905704e-02,-3.349483e+01,5.912898e+02,-1.293408e+01
5.550876e-03,8.923670e+03,3.741150e+03,3.042061e-01,1.229234e-02,5.448293e+00,1.023844e-01,9.774000e-07,1.427785e+03,0.000000e+00,0.000000e+00,2.374589e+03,0.000000e+00,0.000000e+00,0.000000e+00,0.000000e+00,0.000000e+00,0.000000e+00,0.000000e+00,0.000000e+00,0.000000e+00,0.000000e+00,0.000000e+00,0.000000e+00,0.000000e+00,0.000000e+00,0.000000e+00,0.000000e+00,0.000000e+00,0.000000e+00,0.000000e+00,0.000000e+00,0.000000e+00,0.000000e+00,0.000000e+00,0.000000e+00,0.000000e+00,0.000000e+00,0.000000e+00,0.000000e+00,0.000000e+00,0.000000e+00,0.000000e+00,0.000000e+00,0.000000e+00,0.000000e+00,0.000000e+00,0.000000e+00,0.000000e+00,8.923670e+03,2.216261e+02,1.013919e-01,-8.621713e-03,6.214340e-01,1.136610e-03,0.000000e+00,0.000000e+00,0.000000e+00,0.000000e+00,0.000000e+00,0.000000e+00,0.000000e+00,0.000000e+00,0.000000e+00,0.000000e+00,0.000000e+00,0.000000e+00,0.000000e+00,0.000000e+00,0.000000e+00,0.000000e+00,0.000000e+00,0.000000e+00,0.000000e+00,0.000000e+00,0.000000e+00,4.763514e+04,1.023797e+03,5.907611e+04,3.843411e-01,-1.147324e-02,-1.337989e+01,-4.735061e-01,-1.132557e-01,-1.560762e-01,4.725405e-03,6.354637e-03,1.760616e+01,-3.555450e-01,-1.160073e-02,-1.318417e-03,9.900223e-02,1.605962e-02,-3.794653e+00,2.831933e+01,6.888875e+00,1.308575e+03,-2.967560e+04,-9.897286e+02,-6.984641e+04,1.952076e-01,1.472052e+01,-1.917444e-02,-3.416565e+01,5.883626e+02,-1.043379e+01
5.560650e-03,8.924146e+03,3.739281e+03,3.040934e-01,1.231293e-02,5.448862e+00,1.023844e-01,9.774000e-07,1.428941e+03,0.000000e+00,0.000000e+00,2.374821e+03,0.000000e+00,0.000000e+00,0.000000e+00,0.000000e+00,0.000000e+00,0.000000e+00,0.000000e+00,0.000000e+00,0.000000e+00,0.000000e+00,0.000000e+00,0.000000e+00,0.000000e+00,0.000000e+00,0.000000e+00,0.000000e+00,0.000000e+00,0.000000e+00,0.000000e+00,0.000000e+00,0.000000e+00,0.000000e+00,0.000000e+00,0.000000e+00,0.000000e+00,0.000000e+00,0.000000e+00,0.000000e+00,0.000000e+00,0.000000e+00,0.000000e+00,0.000000e+00,0.000000e+00,0.000000e+00,0.000000e+00,0.000000e+00,0.000000e+00,8.924146e+03,2.227806e+02,1.020864e-01,-8.578253e-03,6.238478e-01,1.136610e-03,0.000000e+00,0.000000e+00,0.000000e+00,0.000000e+00,0.000000e+00,0.000000e+00,0.000000e+00,0.000000e+00,0.000000e+00,0.000000e+00,0.000000e+00,0.000000e+00,0.000000e+00,0.000000e+00,0.000000e+00,0.000000e+00,0.000000e+00,0.000000e+00,0.000000e+00,0.000000e+00,0.000000e+00,5.006349e+04,-1.584124e+03,6.819714e+04,3.850620e-01,-1.146208e-02,-1.337798e+01,-4.732001e-01,-1.132747e-01,-1.560651e-01,4.725405e-03,6.384003e-03,1.760672e+01,-3.554324e-01,-1.159195e-02,-1.319193e-03,9.927741e-02,1.612689e-02,-3.781867e+00,2.801327e+01,6.877525e+00,1.307877e+03,-3.658856e+04,1.621677e+03,-7.627818e+04,1.949574e-01,1.472645e+01,-1.939083e-02,-1.314486e+02,6.586149e+02,8.871101e+01
5.570424e-03,8.924641e+03,3.737416e+03,3.039828e-01,1.233321e-02,5.449419e+00,1.023844e-01,9.774000e-07,1.430095e+03,0.000000e+00,0.000000e+00,2.375035e+03,0.000000e+00,0.000000e+00,0.000000e+00,0.000000e+00,0.000000e+00,0.000000e+00,0.000000e+00,0.000000e+00,0.000000e+00,0.000000e+00,0.000000e+00,0.000000e+00,0.000000e+00,0.000000e+00,0.000000e+00,0.000000e+00,0.000000e+00,0.000000e+00,0.000000e+00,0.000000e+00,0.000000e+00,0.000000e+00,0.000000e+00,0.000000e+00,0.000000e+00,0.000000e+00,0.000000e+00,0.000000e+00,0.000000e+00,0.000000e+00,0.000000e+00,0.000000e+00,0.000000e+00,0.000000e+00,0.000000e+00,0.000000e+00,0.000000e+00,8.924641e+03,2.239269e+02,1.027961e-01,-8.533305e-03,6.262496e-01,1.136609e-03,0.000000e+00,0.000000e+00,0.000000e+00,0.000000e+00,0.000000e+00,0.000000e+00,0.000000e+00,0.000000e+00,0.000000e+00,0.000000e+00,0.000000e+00,0.000000e+00,0.000000e+00,0.000000e+00,0.000000e+00,0.000000e+00,0.000000e+00,0.000000e+00,0.000000e+00,0.000000e+00,0.000000e+00,4.726878e+04,8.921564e+02,5.902825e+04,3.857626e-01,-1.143735e-02,-1.337609e+01,-4.728968e-01,-1.132882e-01,-1.560504e-01,4.725405e-03,6.413295e-03,1.760728e+01,-3.553219e-01,-1.158291e-02,-1.319980e-03,9.954948e-02,1.619407e-02,-3.769087e+00,2.770030e+01,6.867523e+00,1.307175e+03,-2.982595e+04,-8.579662e+02,-6.949205e+04,1.946539e-01,1.473242e+01,-1.954742e-02,-3.488219e+01,5.883626e+02,-1.402796e+01
5.580198e-03,8.925140e+03,3.735532e+03,3.038748e-01,1.235346e-02,5.449965e+00,1.023844e-01,9.774000e-07,1.431260e+03,0.000000e+00,0.000000e+00,2.375255e+03,0.000000e+00,0.000000e+00,0.000000e+00,0.000000e+00,0.000000e+00,0.000000e+00,0.000000e+00,0.000000e+00,0.000000e+00,0.000000e+00,0.000000e+00,0.000000e+00,0.000000e+00,0.000000e+00,0.000000e+00,0.000000e+00,0.000000e+00,0.000000e+00,0.000000e+00,0.000000e+00,0.000000e+00,0.000000e+00,0.000000e+00,0.000000e+00,0.000000e+00,0.000000e+00,0.000000e+00,0.000000e+00,0.000000e+00,0.000000e+00,0.000000e+00,0.000000e+00,0.000000e+00,0.000000e+00,0.000000e+00,0.000000e+00,0.000000e+00,8.925140e+03,2.250631e+02,1.035220e-01,-8.484938e-03,6.286311e-01,1.136610e-03,0.000000e+00,0.000000e+00,0.000000e+00,0.000000e+00,0.000000e+00,0.000000e+00,0.000000e+00,0.000000e+00,0.000000e+00,0.000000e+00,0.000000e+00,0.000000e+00,0.000000e+00,0.000000e+00,0.000000e+00,0.000000e+00,0.000000e+00,0.000000e+00,0.000000e+00,0.000000e+00,0.000000e+00,4.780753e+04,2.019031e+03,6.206726e+04,3.865086e-01,-1.142322e-02,-1.337418e+01,-4.725946e-01,-1.133066e-01,-1.560422e-01,4.725405e-03,6.442545e-03,1.760782e+01,-3.552139e-01,-1.157392e-02,-1.320754e-03,9.981848e-02,1.626115e-02,-3.756315e+00,2.738259e+01,6.859197e+00,1.306473e+03,-3.226387e+04,-1.983687e+03,-7.139391e+04,1.942972e-01,1.473842e+01,-1.964302e-02,4.878629e-01,6.088529e+02,-4.682340e+01
5.590949e-03,8.925696e+03,3.733454e+03,3.037587e-01,1.237570e-02,5.450550e+00,1.023844e-01,9.774000e-07,1.432544e+03,0.000000e+00,0.000000e+00,2.375490e+03,0.000000e+00,0.000000e+00,0.000000e+00,0.000000e+00,0.000000e+00,0.000000e+00,0.000000e+00,0.000000e+00,0.000000e+00,0.000000e+00,0.000000e+00,0.000000e+00,0.000000e+00,0.000000e+00,0.000000e+00,0.000000e+00,0.000000e+00,0.000000e+00,0.000000e+00,0.000000e+00,0.000000e+00,0.000000e+00,0.000000e+00,0.000000e+00,0.000000e+00,0.000000e+00,0.000000e+00,0.000000e+00,0.000000e+00,0.000000e+00,0.000000e+00,0.000000e+00,0.000000e+00,0.000000e+00,0.000000e+00,0.000000e+00,0.000000e+00,8.925696e+03,2.263027e+02,1.043447e-01,-8.438331e-03,6.312299e-01,1.136610e-03,0.000000e+00,0.000000e+00,0.000000e+00,0.000000e+00,0.000000e+00,0.000000e+00,0.000000e+00,0.000000e+00,0.000000e+00,0.000000e+00,0.000000e+00,0.000000e+00,0.000000e+00,0.000000e+00,0.000000e+00,0.000000e+00,0.000000e+00,0.000000e+00,0.000000e+00,0.000000e+00,0.000000e+00,4.684857e+04,1.364031e+03,6.069851e+04,3.873435e-01,-1.140423e-02,-1.337208e+01,-4.722667e-01,-1.133227e-01,-1.560308e-01,4.725405e-03,6.474658e-03,1.760841e+01,-3.550980e-01,-1.156403e-02,-1.321604e-03,1.001108e-01,1.633482e-02,-3.742273e+00,2.702460e+01,6.847292e+00,1.305697e+03,-3.151855e+04,-1.329277e+03,-6.989830e+04,1.940366e-01,1.474504e+01,-1.987766e-02,-1.780700e+01,5.903141e+02,-2.858762e+01
5.600723e-03,8.926206e+03,3.731577e+03,3.036555e-01,1.239566e-02,5.451070e+00,1.023844e-01,9.774000e-07,1.433695e+03,0.000000e+00,0.000000e+00,2.375703e+03,0.000000e+00,0.000000e+00,0.000000e+00,0.000000e+00,0.000000e+00,0.000000e+00,0.000000e+00,0.000000e+00,0.000000e+00,0.000000e+00,0.000000e+00,0.000000e+00,0.000000e+00,0.000000e+00,0.000000e+00,0.000000e+00,0.000000e+00,0.000000e+00,0.000000e+00,0.000000e+00,0.000000e+00,0.000000e+00,0.000000e+00,0.000000e+00,0.000000e+00,0.000000e+00,0.000000e+00,0.000000e+00,0.000000e+00,0.000000e+00,0.000000e+00,0.000000e+00,0.000000e+00,0.000000e+00,0.000000e+00,0.000000e+00,0.000000e+00,8.926206e+03,2.274126e+02,1.050915e-01,-8.396514e-03,6.335690e-01,1.136610e-03,0.000000e+00,0.000000e+00,0.000000e+00,0.000000e+00,0.000000e+00,0.000000e+00,0.000000e+00,0.000000e+00,0.000000e+00,0.000000e+00,0.000000e+00,0.000000e+00,0.000000e+00,0.000000e+00,0.000000e+00,0.000000e+00,0.000000e+00,0.000000e+00,0.000000e+00,0.000000e+00,0.000000e+00,4.636230e+04,6.799424e+02,5.894104e+04,3.880921e-01,-1.139606e-02,-1.337018e+01,-4.719727e-01,-1.133418e-01,-1.560158e-01,4.725405e-03,6.503805e-03,1.760893e+01,-3.549947e-01,-1.155485e-02,-1.322386e-03,1.003732e-01,1.640170e-02,-3.729515e+00,2.670129e+01,6.838987e+00,1.304999e+03,-3.020640e+04,-6.457111e+02,-6.863766e+04,1.936824e-01,1.475097e+01,-1.996080e-02,-3.142142e+01,5.795811e+02,-1.425856e+01
5.610497e-03,8.926723e+03,3.729706e+03,3.035541e-01,1.241578e-02,5.451581e+00,1.023844e-01,9.774000e-07,1.434838e+03,0.000000e+00,0.000000e+00,2.375914e+03,0.000000e+00,0.000000e+00,0.000000e+00,0.000000e+00,0.000000e+00,0.000000e+00,0.000000e+00,0.000000e+00,0.000000e+00,0.000000e+00,0.000000e+00,0.000000e+00,0.000000e+00,0.000000e+00,0.000000e+00,0.000000e+00,0.000000e+00,0.000000e+00,0.000000e+00,0.000000e+00,0.000000e+00,0.000000e+00,0.000000e+00,0.000000e+00,0.000000e+00,0.000000e+00,0.000000e+00,0.000000e+00,0.000000e+00,0.000000e+00,0.000000e+00,0.000000e+00,0.000000e+00,0.000000e+00,0.000000e+00,0.000000e+00,0.000000e+00,8.926723e+03,2.285163e+02,1.058448e-01,-8.356309e-03,6.358991e-01,1.136610e-03,0.000000e+00,0.000000e+00,0.000000e+00,0.000000e+00,0.000000e+00,0.000000e+00,0.000000e+00,0.000000e+00,0.000000e+00,0.000000e+00,0.000000e+00,0.000000e+00,0.000000e+00,0.000000e+00,0.000000e+00,0.000000e+00,0.000000e+00,0.000000e+00,0.000000e+00,0.000000e+00,0.000000e+00,4.689228e+04,1.769926e+03,6.185912e+04,3.888476e-01,-1.138097e-02,-1.336828e+01,-4.716811e-01,-1.133577e-01,-1.559994e-01,4.725405e-03,6.532915e-03,1.760943e+01,-3.548934e-01,-1.154591e-02,-1.323143e-03,1.006325e-01,1.646849e-02,-3.716763e+00,2.637927e+01,6.830537e+00,1.304307e+03,-3.254245e+04,-1.734567e+03,-7.047375e+04,1.933552e-01,1.475684e+01,-2.006373e-02,2.286857e-01,5.990956e+02,-4.470615e+01
5.620271e-03,8.927250e+03,3.727830e+03,3.034547e-01,1.243609e-02,5.452083e+00,1.023844e-01,9.774000e-07,1.435982e+03,0.000000e+00,0.000000e+00,2.376122e+03,0.000000e+00,0.000000e+00,0.000000e+00,0.000000e+00,0.000000e+00,0.000000e+00,0.000000e+00,0.000000e+00,0.000000e+00,0.000000e+00,0.000000e+00,0.000000e+00,0.000000e+00,0.000000e+00,0.000000e+00,0.000000e+00,0.000000e+00,0.000000e+00,0.000000e+00,0.000000e+00,0.000000e+00,0.000000e+00,0.000000e+00,0.000000e+00,0.000000e+00,0.000000e+00,0.000000e+00,0.000000e+00,0.000000e+00,0.000000e+00,0.000000e+00,0.000000e+00,0.000000e+00,0.000000e+00,0.000000e+00,0.000000e+00,0.000000e+00,8.927250e+03,2.296211e+02,1.066216e-01,-8.317649e-03,6.382253e-01,1.136610e-03,0.000000e+00,0.000000e+00,0.000000e+00,0.000000e+00,0.000000e+00,0.000000e+00,0.000000e+00,0.000000e+00,0.000000e+00,0.000000e+00,0.000000e+00,0.000000e+00,0.000000e+00,0.000000e+00,0.000000e+00,0.000000e+00,0.000000e+00,0.000000e+00,0.000000e+00,0.000000e+00,0.000000e+00,4.602739e+04,1.568708e+03,6.095471e+04,3.896191e-01,-1.136529e-02,-1.336639e+01,-4.713925e-01,-1.133707e-01,-1.559822e-01,4.725405e-03,6.561968e-03,1.760992e+01,-3.547940e-01,-1.153723e-02,-1.323886e-03,1.008886e-01,1.653519e-02,-3.704019e+00,2.604920e+01,6.820506e+00,1.303610e+03,-3.216096e+04,-1.533801e+03,-6.928044e+04,1.931166e-01,1.476274e+01,-2.026114e-02,-1.509326e+01,5.815325e+02,-3.163486e+01
5.630045e-03,8.927775e+03,3.725971e+03,3.033568e-01,1.245680e-02,5.452576e+00,1.023844e-01,9.774000e-07,1.437107e+03,0.000000e+00,0.000000e+00,2.376328e+03,0.000000e+00,0.000000e+00,0.000000e+00,0.000000e+00,0.000000e+00,0.000000e+00,0.000000e+00,0.000000e+00,0.000000e+00,0.000000e+00,0.000000e+00,0.000000e+00,0.000000e+00,0.000000e+00,0.000000e+00,0.000000e+00,0.000000e+00,0.000000e+00,0.000000e+00,0.000000e+00,0.000000e+00,0.000000e+00,0.000000e+00,0.000000e+00,0.000000e+00,0.000000e+00,0.000000e+00,0.000000e+00,0.000000e+00,0.000000e+00,0.000000e+00,0.000000e+00,0.000000e+00,0.000000e+00,0.000000e+00,0.000000e+00,0.000000e+00,8.927775e+03,2.307180e+02,1.073973e-01,-8.267630e-03,6.405342e-01,1.136610e-03,0.000000e+00,0.000000e+00,0.000000e+00,0.000000e+00,0.000000e+00,0.000000e+00,0.000000e+00,0.000000e+00,0.000000e+00,0.000000e+00,0.000000e+00,0.000000e+00,0.000000e+00,0.000000e+00,0.000000e+00,0.000000e+00,0.000000e+00,0.000000e+00,0.000000e+00,0.000000e+00,0.000000e+00,4.603516e+04,1.471021e+03,6.139848e+04,3.903788e-01,-1.135039e-02,-1.336450e+01,-4.711066e-01,-1.133860e-01,-1.559607e-01,4.725405e-03,6.590976e-03,1.761042e+01,-3.546961e-01,-1.152899e-02,-1.324593e-03,1.011415e-01,1.660179e-02,-3.691281e+00,2.572336e+01,6.810477e+00,1.302923e+03,-3.255900e+04,-1.435854e+03,-6.949116e+04,1.928310e-01,1.476852e+01,-2.040686e-02,-1.236427e+01,5.825083e+02,-3.528239e+01
5.640796e-03,8.928361e+03,3.723921e+03,3.032512e-01,1.248013e-02,5.453107e+00,1.023844e-01,9.774000e-07,1.438346e+03,0.000000e+00,0.000000e+00,2.376555e+03,0.000000e+00,0.000000e+00,0.000000e+00,0.000000e+00,0.000000e+00,0.000000e+00,0.000000e+00,0.000000e+00,0.000000e+00,0.000000e+00,0.000000e+00,0.000000e+00,0.000000e+00,0.000000e+00,0.000000e+00,0.000000e+00,0.000000e+00,0.000000e+00,0.000000e+00,0.000000e+00,0.000000e+00,0.000000e+00,0.000000e+00,0.000000e+00,0.000000e+00,0.000000e+00,0.000000e+00,0.000000e+00,0.000000e+00,0.000000e+00,0.000000e+00,0.000000e+00,0.000000e+00,0.000000e+00,0.000000e+00,0.000000e+00,0.000000e+00,8.928361e+03,2.319171e+02,1.082584e-01,-8.215548e-03,6.430619e-01,1.136610e-03,0.000000e+00,0.000000e+00,0.000000e+00,0.000000e+00,0.000000e+00,0.000000e+00,0.000000e+00,0.000000e+00,0.000000e+00,0.000000e+00,0.000000e+00,0.000000e+00,0.000000e+00,0.000000e+00,0.000000e+00,0.000000e+00,0.000000e+00,0.000000e+00,0.000000e+00,0.000000e+00,0.000000e+00,4.551734e+04,1.448738e+03,6.092642e+04,3.912337e-01,-1.132889e-02,-1.336243e+01,-4.707933e-01,-1.134004e-01,-1.559388e-01,4.725405e-03,6.622838e-03,1.761095e+01,-3.545906e-01,-1.152053e-02,-1.325325e-03,1.014159e-01,1.667495e-02,-3.677277e+00,2.535856e+01,6.798039e+00,1.302165e+03,-3.239663e+04,-1.413758e+03,-6.880709e+04,1.925860e-01,1.477490e+01,-2.062814e-02,-1.311131e+01,5.747025e+02,-2.922032e+01
5.650571e-03,8.928893e+03,3.722066e+03,3.031571e-01,1.250160e-02,5.453581e+00,1.023844e-01,9.774000e-07,1.439463e+03,0.000000e+00,0.000000e+00,2.376760e+03,0.000000e+00,0.000000e+00,0.000000e+00,0.000000e+00,0.000000e+00,0.000000e+00,0.000000e+00,0.000000e+00,0.000000e+00,0.000000e+00,0.000000e+00,0.000000e+00,0.000000e+00,0.000000e+00,0.000000e+00,0.000000e+00,0.000000e+00,0.000000e+00,0.000000e+00,0.000000e+00,0.000000e+00,0.000000e+00,0.000000e+00,0.000000e+00,0.000000e+00,0.000000e+00,0.000000e+00,0.000000e+00,0.000000e+00,0.000000e+00,0.000000e+00,0.000000e+00,0.000000e+00,0.000000e+00,0.000000e+00,0.000000e+00,0.000000e+00,8.928893e+03,2.329938e+02,1.090404e-01,-8.168764e-03,6.453355e-01,1.136610e-03,0.000000e+00,0.000000e+00,0.000000e+00,0.000000e+00,0.000000e+00,0.000000e+00,0.000000e+00,0.000000e+00,0.000000e+00,0.000000e+00,0.000000e+00,0.000000e+00,0.000000e+00,0.000000e+00,0.000000e+00,0.000000e+00,0.000000e+00,0.000000e+00,0.000000e+00,0.000000e+00,0.000000e+00,4.611910e+04,1.009905e+03,6.462045e+04,3.920194e-01,-1.131585e-02,-1.336054e+01,-4.705119e-01,-1.134176e-01,-1.559176e-01,4.725405e-03,6.651767e-03,1.761143e+01,-3.544965e-01,-1.151312e-02,-1.325967e-03,1.016619e-01,1.674134e-02,-3.664553e+00,2.502695e+01,6.787660e+00,1.301480e+03,-3.538504e+04,-9.735388e+02,-7.106859e+04,1.923200e-01,1.478063e+01,-2.077454e-02,-3.774839e+01,5.951927e+02,-1.758974e+00
5.660344e-03,8.929429e+03,3.720201e+03,3.030647e-01,1.252337e-02,5.454045e+00,1.023844e-01,9.774000e-07,1.440587e+03,0.000000e+00,0.000000e+00,2.376964e+03,0.000000e+00,0.000000e+00,0.000000e+00,0.000000e+00,0.000000e+00,0.000000e+00,0.000000e+00,0.000000e+00,0.000000e+00,0.000000e+00,0.000000e+00,0.000000e+00,0.000000e+00,0.000000e+00,0.000000e+00,0.000000e+00,0.000000e+00,0.000000e+00,0.000000e+00,0.000000e+00,0.000000e+00,0.000000e+00,0.000000e+00,0.000000e+00,0.000000e+00,0.000000e+00,0.000000e+00,0.000000e+00,0.000000e+00,0.000000e+00,0.000000e+00,0.000000e+00,0.000000e+00,0.000000e+00,0.000000e+00,0.000000e+00,0.000000e+00,8.929429e+03,2.340755e+02,1.098380e-01,-8.120114e-03,6.476104e-01,1.136610e-03,0.000000e+00,0.000000e+00,0.000000e+00,0.000000e+00,0.000000e+00,0.000000e+00,0.000000e+00,0.000000e+00,0.000000e+00,0.000000e+00,0.000000e+00,0.000000e+00,0.000000e+00,0.000000e+00,0.000000e+00,0.000000e+00,0.000000e+00,0.000000e+00,0.000000e+00,0.000000e+00,0.000000e+00,4.603365e+04,1.023289e+03,6.422205e+04,3.928272e-01,-1.130747e-02,-1.335865e+01,-4.702310e-01,-1.134359e-01,-1.558985e-01,4.725405e-03,6.680644e-03,1.761189e+01,-3.544042e-01,-1.150608e-02,-1.326577e-03,1.019047e-01,1.680763e-02,-3.651836e+00,2.468526e+01,6.778539e+00,1.300789e+03,-3.508370e+04,-9.869263e+02,-7.080096e+04,1.920163e-01,1.478640e+01,-2.087932e-02,-2.934800e+01,5.922656e+02,-9.339907e+00
5.670119e-03,8.929969e+03,3.718353e+03,3.029741e-01,1.254552e-02,5.454501e+00,1.023844e-01,9.774000e-07,1.441693e+03,0.000000e+00,0.000000e+00,2.377164e+03,0.000000e+00,0.000000e+00,0.000000e+00,0.000000e+00,0.000000e+00,0.000000e+00,0.000000e+00,0.000000e+00,0.000000e+00,0.000000e+00,0.000000e+00,0.000000e+00,0.000000e+00,0.000000e+00,0.000000e+00,0.000000e+00,0.000000e+00,0.000000e+00,0.000000e+00,0.000000e+00,0.000000e+00,0.000000e+00,0.000000e+00,0.000000e+00,0.000000e+00,0.000000e+00,0.000000e+00,0.000000e+00,0.000000e+00,0.000000e+00,0.000000e+00,0.000000e+00,0.000000e+00,0.000000e+00,0.000000e+00,0.000000e+00,0.000000e+00,8.929969e+03,2.351501e+02,1.106383e-01,-8.066680e-03,6.498739e-01,1.136609e-03,0.000000e+00,0.000000e+00,0.000000e+00,0.000000e+00,0.000000e+00,0.000000e+00,0.000000e+00,0.000000e+00,0.000000e+00,0.000000e+00,0.000000e+00,0.000000e+00,0.000000e+00,0.000000e+00,0.000000e+00,0.000000e+00,0.000000e+00,0.000000e+00,0.000000e+00,0.000000e+00,0.000000e+00,4.530800e+04,1.221645e+03,6.218740e+04,3.936168e-01,-1.129047e-02,-1.335677e+01,-4.699512e-01,-1.134507e-01,-1.558763e-01,4.725405e-03,6.709482e-03,1.761235e+01,-3.543135e-01,-1.149945e-02,-1.327163e-03,1.021442e-01,1.687382e-02,-3.639126e+00,2.434836e+01,6.767389e+00,1.300106e+03,-3.363810e+04,-1.185997e+03,-6.920009e+04,1.917961e-01,1.479208e+01,-2.104858e-02,-1.154101e+01,5.707996e+02,-2.930036e+01
5.680870e-03,8.930570e+03,3.716316e+03,3.028760e-01,1.257024e-02,5.454994e+00,1.023844e-01,9.774000e-07,1.442911e+03,0.000000e+00,0.000000e+00,2.377381e+03,0.000000e+00,0.000000e+00,0.000000e+00,0.000000e+00,0.000000e+00,0.000000e+00,0.000000e+00,0.000000e+00,0.000000e+00,0.000000e+00,0.000000e+00,0.000000e+00,0.000000e+00,0.000000e+00,0.000000e+00,0.000000e+00,0.000000e+00,0.000000e+00,0.000000e+00,0.000000e+00,0.000000e+00,0.000000e+00,0.000000e+00,0.000000e+00,0.000000e+00,0.000000e+00,0.000000e+00,0.000000e+00,0.000000e+00,0.000000e+00,0.000000e+00,0.000000e+00,0.000000e+00,0.000000e+00,0.000000e+00,0.000000e+00,0.000000e+00,8.930570e+03,2.363313e+02,1.115234e-01,-8.008637e-03,6.523534e-01,1.136610e-03,0.000000e+00,0.000000e+00,0.000000e+00,0.000000e+00,0.000000e+00,0.000000e+00,0.000000e+00,0.000000e+00,0.000000e+00,0.000000e+00,0.000000e+00,0.000000e+00,0.000000e+00,0.000000e+00,0.000000e+00,0.000000e+00,0.000000e+00,0.000000e+00,0.000000e+00,0.000000e+00,0.000000e+00,4.505089e+04,9.181096e+02,6.391868e+04,3.945147e-01,-1.127705e-02,-1.335470e+01,-4.696479e-01,-1.134712e-01,-1.558533e-01,4.725405e-03,6.741169e-03,1.761284e+01,-3.542154e-01,-1.149251e-02,-1.327782e-03,1.024038e-01,1.694651e-02,-3.625153e+00,2.397123e+01,6.755723e+00,1.299353e+03,-3.529854e+04,-8.819408e+02,-6.978008e+04,1.915345e-01,1.479833e+01,-2.118976e-02,-2.338693e+01,5.766539e+02,-1.492365e+01
5.690644e-03,8.931129e+03,3.714476e+03,3.027883e-01,1.259295e-02,5.455434e+00,1.023844e-01,9.774000e-07,1.444004e+03,0.000000e+00,0.000000e+00,2.377571e+03,0.000000e+00,0.000000e+00,0.000000e+00,0.000000e+00,0.000000e+00,0.000000e+00,0.000000e+00,0.000000e+00,0.000000e+00,0.000000e+00,0.000000e+00,0.000000e+00,0.000000e+00,0.000000e+00,0.000000e+00,0.000000e+00,0.000000e+00,0.000000e+00,0.000000e+00,0.000000e+00,0.000000e+00,0.000000e+00,0.000000e+00,0.000000e+00,0.000000e+00,0.000000e+00,0.000000e+00,0.000000e+00,0.000000e+00,0.000000e+00,0.000000e+00,0.000000e+00,0.000000e+00,0.000000e+00,0.000000e+00,0.000000e+00,0.000000e+00,8.931129e+03,2.373962e+02,1.123293e-01,-7.960666e-03,6.545923e-01,1.136610e-03,0.000000e+00,0.000000e+00,0.000000e+00,0.000000e+00,0.000000e+00,0.000000e+00,0.000000e+00,0.000000e+00,0.000000e+00,0.000000e+00,0.000000e+00,0.000000e+00,0.000000e+00,0.000000e+00,0.000000e+00,0.000000e+00,0.000000e+00,0.000000e+00,0.000000e+00,0.000000e+00,0.000000e+00,4.462966e+04,1.167442e+03,6.288087e+04,3.953235e-01,-1.126512e-02,-1.335283e+01,-4.693727e-01,-1.134862e-01,-1.558308e-01,4.725405e-03,6.769967e-03,1.761326e+01,-3.541277e-01,-1.148643e-02,-1.328326e-03,1.026362e-01,1.701249e-02,-3.612457e+00,2.362874e+01,6.745970e+00,1.298673e+03,-3.458979e+04,-1.131598e+03,-6.891617e+04,1.913299e-01,1.480394e+01,-2.135706e-02,-2.000238e+01,5.717753e+02,-1.503228e+01
5.700418e-03,8.931677e+03,3.712631e+03,3.027020e-01,1.261560e-02,5.455867e+00,1.023844e-01,9.774000e-07,1.445099e+03,0.000000e+00,0.000000e+00,2.377759e+03,0.000000e+00,0.000000e+00,0.000000e+00,0.000000e+00,0.000000e+00,0.000000e+00,0.000000e+00,0.000000e+00,0.000000e+00,0.000000e+00,0.000000e+00,0.000000e+00,0.000000e+00,0.000000e+00,0.000000e+00,0.000000e+00,0.000000e+00,0.000000e+00,0.000000e+00,0.000000e+00,0.000000e+00,0.000000e+00,0.000000e+00,0.000000e+00,0.000000e+00,0.000000e+00,0.000000e+00,0.000000e+00,0.000000e+00,0.000000e+00,0.000000e+00,0.000000e+00,0.000000e+00,0.000000e+00,0.000000e+00,0.000000e+00,0.000000e+00,8.931677e+03,2.384574e+02,1.131354e-01,-7.916391e-03,6.568235e-01,1.136609e-03,0.000000e+00,0.000000e+00,0.000000e+00,0.000000e+00,0.000000e+00,0.000000e+00,0.000000e+00,0.000000e+00,0.000000e+00,0.000000e+00,0.000000e+00,0.000000e+00,0.000000e+00,0.000000e+00,0.000000e+00,0.000000e+00,0.000000e+00,0.000000e+00,0.000000e+00,0.000000e+00,0.000000e+00,4.484700e+04,8.264635e+02,6.448889e+04,3.961531e-01,-1.125964e-02,-1.335096e+01,-4.690982e-01,-1.135035e-01,-1.558102e-01,4.725405e-03,6.798774e-03,1.761368e+01,-3.540414e-01,-1.148028e-02,-1.328877e-03,1.028653e-01,1.707837e-02,-3.599767e+00,2.328183e+01,6.736885e+00,1.297992e+03,-3.591795e+04,-7.899457e+02,-6.985722e+04,1.911170e-01,1.480955e+01,-2.149292e-02,-2.350889e+01,5.776296e+02,-8.989255e+00
5.710192e-03,8.932246e+03,3.710792e+03,3.026171e-01,1.263813e-02,5.456293e+00,1.023844e-01,9.774000e-07,1.446186e+03,0.000000e+00,0.000000e+00,2.377944e+03,0.000000e+00,0.000000e+00,0.000000e+00,0.000000e+00,0.000000e+00,0.000000e+00,0.000000e+00,0.000000e+00,0.000000e+00,0.000000e+00,0.000000e+00,0.000000e+00,0.000000e+00,0.000000e+00,0.000000e+00,0.000000e+00,0.000000e+00,0.000000e+00,0.000000e+00,0.000000e+00,0.000000e+00,0.000000e+00,0.000000e+00,0.000000e+00,0.000000e+00,0.000000e+00,0.000000e+00,0.000000e+00,0.000000e+00,0.000000e+00,0.000000e+00,0.000000e+00,0.000000e+00,0.000000e+00,0.000000e+00,0.000000e+00,0.000000e+00,8.932246e+03,2.395076e+02,1.139479e-01,-7.870074e-03,6.590395e-01,1.136610e-03,0.000000e+00,0.000000e+00,0.000000e+00,0.000000e+00,0.000000e+00,0.000000e+00,0.000000e+00,0.000000e+00,0.000000e+00,0.000000e+00,0.000000e+00,0.000000e+00,0.000000e+00,0.000000e+00,0.000000e+00,0.000000e+00,0.000000e+00,0.000000e+00,0.000000e+00,0.000000e+00,0.000000e+00,4.438539e+04,9.830220e+02,6.355814e+04,3.969788e-01,-1.124644e-02,-1.334909e+01,-4.688263e-01,-1.135194e-01,-1.557888e-01,4.725405e-03,6.827587e-03,1.761410e+01,-3.539566e-01,-1.147399e-02,-1.329435e-03,1.030910e-01,1.714416e-02,-3.587084e+00,2.293444e+01,6.726249e+00,1.297315e+03,-3.532246e+04,-9.468188e+02,-6.900792e+04,1.909449e-01,1.481513e+01,-2.164578e-02,-1.324853e+01,5.649452e+02,-2.288001e+01
5.720943e-03,8.932938e+03,3.708686e+03,3.025288e-01,1.266158e-02,5.456769e+00,1.023844e-01,9.774000e-07,1.447329e+03,0.000000e+00,0.000000e+00,2.378219e+03,0.000000e+00,0.000000e+00,0.000000e+00,0.000000e+00,0.000000e+00,0.000000e+00,0.000000e+00,0.000000e+00,0.000000e+00,0.000000e+00,0.000000e+00,0.000000e+00,0.000000e+00,0.000000e+00,0.000000e+00,0.000000e+00,0.000000e+00,0.000000e+00,0.000000e+00,0.000000e+00,0.000000e+00,0.000000e+00,0.000000e+00,0.000000e+00,0.000000e+00,0.000000e+00,0.000000e+00,0.000000e+00,0.000000e+00,0.000000e+00,0.000000e+00,0.000000e+00,0.000000e+00,0.000000e+00,0.000000e+00,0.000000e+00,0.000000e+00,8.932938e+03,2.406923e+02,1.148480e-01,-7.818171e-03,6.615430e-01,1.136610e-03,0.000000e+00,0.000000e+00,0.000000e+00,0.000000e+00,0.000000e+00,0.000000e+00,0.000000e+00,0.000000e+00,0.000000e+00,0.000000e+00,0.000000e+00,0.000000e+00,0.000000e+00,0.000000e+00,0.000000e+00,0.000000e+00,0.000000e+00,0.000000e+00,0.000000e+00,0.000000e+00,0.000000e+00,4.400006e+04,1.151205e+03,6.367596e+04,3.978844e-01,-1.122803e-02,-1.334698e+01,-4.685145e-01,-1.135389e-01,-1.557239e-01,4.725405e-03,6.859261e-03,1.761456e+01,-3.538646e-01,-1.146704e-02,-1.330043e-03,1.033353e-01,1.721637e-02,-3.573141e+00,2.255054e+01,6.713118e+00,1.296544e+03,-3.561818e+04,-1.114979e+03,-6.871725e+04,1.907672e-01,1.482099e+01,-2.179169e-02,-1.699897e+01,5.659210e+02,-1.413278e+01
5.730717e-03,8.933561e+03,3.706811e+03,3.024466e-01,1.268428e-02,5.457180e+00,1.023844e-01,9.774000e-07,1.448402e+03,0.000000e+00,0.000000e+00,2.378402e+03,0.000000e+00,0.000000e+00,0.000000e+00,0.000000e+00,0.000000e+00,0.000000e+00,0.000000e+00,0.000000e+00,0.000000e+00,0.000000e+00,0.000000e+00,0.000000e+00,0.000000e+00,0.000000e+00,0.000000e+00,0.000000e+00,0.000000e+00,0.000000e+00,0.000000e+00,0.000000e+00,0.000000e+00,0.000000e+00,0.000000e+00,0.000000e+00,0.000000e+00,0.000000e+00,0.000000e+00,0.000000e+00,0.000000e+00,0.000000e+00,0.000000e+00,0.000000e+00,0.000000e+00,0.000000e+00,0.000000e+00,0.000000e+00,0.000000e+00,8.933561e+03,2.417021e+02,1.156640e-01,-7.778268e-03,6.637545e-01,1.136610e-03,0.000000e+00,0.000000e+00,0.000000e+00,0.000000e+00,0.000000e+00,0.000000e+00,0.000000e+00,0.000000e+00,0.000000e+00,0.000000e+00,0.000000e+00,0.000000e+00,0.000000e+00,0.000000e+00,0.000000e+00,0.000000e+00,0.000000e+00,0.000000e+00,0.000000e+00,0.000000e+00,0.000000e+00,4.366662e+04,1.123682e+03,6.373799e+04,3.987278e-01,-1.122054e-02,-1.334511e+01,-4.682453e-01,-1.135552e-01,-1.557031e-01,4.725405e-03,6.888089e-03,1.761498e+01,-3.537824e-01,-1.146093e-02,-1.330576e-03,1.035538e-01,1.728193e-02,-3.560472e+00,2.219894e+01,6.703281e+00,1.295870e+03,-3.583921e+04,-1.087444e+03,-6.844659e+04,1.906307e-01,1.482649e+01,-2.195717e-02,-1.329426e+01,5.590909e+02,-1.560399e+01
5.740491e-03,8.934233e+03,3.704849e+03,3.023672e-01,1.271131e-02,5.457596e+00,1.023844e-01,9.774000e-07,1.449400e+03,0.000000e+00,0.000000e+00,2.378687e+03,0.000000e+00,0.000000e+00,0.000000e+00,0.000000e+00,0.000000e+00,0.000000e+00,0.000000e+00,0.000000e+00,0.000000e+00,0.000000e+00,0.000000e+00,0.000000e+00,0.000000e+00,0.000000e+00,0.000000e+00,0.000000e+00,0.000000e+00,0.000000e+00,0.000000e+00,0.000000e+00,0.000000e+00,0.000000e+00,0.000000e+00,0.000000e+00,0.000000e+00,0.000000e+00,0.000000e+00,0.000000e+00,0.000000e+00,0.000000e+00,0.000000e+00,0.000000e+00,0.000000e+00,0.000000e+00,0.000000e+00,0.000000e+00,0.000000e+00,8.934233e+03,2.427878e+02,1.164763e-01,-7.817080e-03,6.660624e-01,1.136610e-03,0.000000e+00,0.000000e+00,0.000000e+00,0.000000e+00,0.000000e+00,0.000000e+00,0.000000e+00,0.000000e+00,0.000000e+00,0.000000e+00,0.000000e+00,0.000000e+00,0.000000e+00,0.000000e+00,0.000000e+00,0.000000e+00,0.000000e+00,0.000000e+00,0.000000e+00,0.000000e+00,0.000000e+00,4.352391e+04,7.976000e+02,6.484161e+04,3.995650e-01,-1.132061e-02,-1.334317e+01,-4.679553e-01,-1.135662e-01,-1.556197e-01,4.725405e-03,6.916964e-03,1.761540e+01,-3.537016e-01,-1.145507e-02,-1.331091e-03,1.037689e-01,1.734755e-02,-3.547810e+00,2.184355e+01,6.721738e+00,1.295157e+03,-3.689096e+04,-7.609755e+02,-6.883225e+04,1.904449e-01,1.483160e+01,-2.235335e-02,-1.678553e+01,5.551880e+02,-1.386979e+01
5.750265e-03,8.934908e+03,3.702905e+03,3.022877e-01,1.273117e-02,5.458007e+00,1.023845e-01,9.774000e-07,1.450391e+03,0.000000e+00,0.000000e+00,2.378980e+03,0.000000e+00,0.000000e+00,0.000000e+00,0.000000e+00,0.000000e+00,0.000000e+00,0.000000e+00,0.000000e+00,0.000000e+00,0.000000e+00,0.000000e+00,0.000000e+00,0.000000e+00,0.000000e+00,0.000000e+00,0.000000e+00,0.000000e+00,0.000000e+00,0.000000e+00,0.000000e+00,0.000000e+00,0.000000e+00,0.000000e+00,0.000000e+00,0.000000e+00,0.000000e+00,0.000000e+00,0.000000e+00,0.000000e+00,0.000000e+00,0.000000e+00,0.000000e+00,0.000000e+00,0.000000e+00,0.000000e+00,0.000000e+00,0.000000e+00,8.934908e+03,2.438625e+02,1.173082e-01,-7.729704e-03,6.683489e-01,1.136610e-03,0.000000e+00,0.000000e+00,0.000000e+00,0.000000e+00,0.000000e+00,0.000000e+00,0.000000e+00,0.000000e+00,0.000000e+00,0.000000e+00,0.000000e+00,0.000000e+00,0.000000e+00,0.000000e+00,0.000000e+00,0.000000e+00,0.000000e+00,0.000000e+00,0.000000e+00,0.000000e+00,0.000000e+00,4.663478e+04,9.137289e+03,6.585191e+04,4.004048e-01,-1.119593e-02,-1.334124e+01,-4.676662e-01,-1.135890e-01,-1.555337e-01,4.725405e-03,6.945828e-03,1.761582e+01,-3.536218e-01,-1.144957e-02,-1.331575e-03,1.039805e-01,1.741308e-02,-3.535155e+00,2.148635e+01,6.688518e+00,1.294448e+03,-3.633680e+04,-9.098924e+03,-7.205285e+04,1.903715e-01,1.483669e+01,-2.232575e-02,-7.165486e+00,5.171346e+02,6.082469e+01
5.760039e-03,8.935670e+03,3.700945e+03,3.022027e-01,1.275644e-02,5.458432e+00,1.023845e-01,9.774000e-07,1.451407e+03,0.000000e+00,0.000000e+00,2.379182e+03,0.000000e+00,0.000000e+00,0.000000e+00,0.000000e+00,0.000000e+00,0.000000e+00,0.000000e+00,0.000000e+00,0.000000e+00,0.000000e+00,0.000000e+00,0.000000e+00,0.000000e+00,0.000000e+00,0.000000e+00,0.000000e+00,0.000000e+00,0.000000e+00,0.000000e+00,0.000000e+00,0.000000e+00,0.000000e+00,0.000000e+00,0.000000e+00,0.000000e+00,0.000000e+00,0.000000e+00,0.000000e+00,0.000000e+00,0.000000e+00,0.000000e+00,0.000000e+00,0.000000e+00,0.000000e+00,0.000000e+00,0.000000e+00,0.000000e+00,8.935670e+03,2.448832e+02,1.182672e-01,-7.691028e-03,6.706004e-01,1.136610e-03,0.000000e+00,0.000000e+00,0.000000e+00,0.000000e+00,0.000000e+00,0.000000e+00,0.000000e+00,0.000000e+00,0.000000e+00,0.000000e+00,0.000000e+00,0.000000e+00,0.000000e+00,0.000000e+00,0.000000e+00,0.000000e+00,0.000000e+00,0.000000e+00,0.000000e+00,0.000000e+00,0.000000e+00,4.250084e+04,1.670865e+03,6.401899e+04,4.013949e-01,-1.126084e-02,-1.333937e+01,-4.673989e-01,-1.135837e-01,-1.554777e-01,4.725405e-03,6.974747e-03,1.761622e+01,-3.535429e-01,-1.144472e-02,-1.332007e-03,1.041884e-01,1.747833e-02,-3.522506e+00,2.108970e+01,6.677452e+00,1.293758e+03,-3.666321e+04,-1.634635e+03,-6.753282e+04,1.903625e-01,1.484187e+01,-2.334872e-02,1.859977e+00,5.415278e+02,-1.897710e+01
5.770791e-03,8.936485e+03,3.698781e+03,3.021172e-01,1.278341e-02,5.458862e+00,1.023845e-01,9.774000e-07,1.452455e+03,0.000000e+00,0.000000e+00,2.379489e+03,0.000000e+00,0.000000e+00,0.000000e+00,0.000000e+00,0.000000e+00,0.000000e+00,0.000000e+00,0.000000e+00,0.000000e+00,0.000000e+00,0.000000e+00,0.000000e+00,0.000000e+00,0.000000e+00,0.000000e+00,0.000000e+00,0.000000e+00,0.000000e+00,0.000000e+00,0.000000e+00,0.000000e+00,0.000000e+00,0.000000e+00,0.000000e+00,0.000000e+00,0.000000e+00,0.000000e+00,0.000000e+00,0.000000e+00,0.000000e+00,0.000000e+00,0.000000e+00,0.000000e+00,0.000000e+00,0.000000e+00,0.000000e+00,0.000000e+00,8.936485e+03,2.460338e+02,1.192431e-01,-7.547630e-03,6.731083e-01,1.136610e-03,0.000000e+00,0.000000e+00,0.000000e+00,0.000000e+00,0.000000e+00,0.000000e+00,0.000000e+00,0.000000e+00,0.000000e+00,0.000000e+00,0.000000e+00,0.000000e+00,0.000000e+00,0.000000e+00,0.000000e+00,0.000000e+00,0.000000e+00,0.000000e+00,0.000000e+00,0.000000e+00,0.000000e+00,4.070193e+04,-1.329883e+03,7.685612e+04,4.024737e-01,-1.113502e-02,-1.333728e+01,-4.671065e-01,-1.135845e-01,-1.553711e-01,4.725405e-03,7.006580e-03,1.761666e+01,-3.534572e-01,-1.143988e-02,-1.332444e-03,1.044127e-01,1.754991e-02,-3.508601e+00,2.066579e+01,6.617167e+00,1.292989e+03,-4.885954e+04,1.369152e+03,-7.194547e+04,1.904320e-01,1.484726e+01,-2.381062e-02,4.624025e+01,4.712755e+02,-3.057376e+02
5.780565e-03,8.937266e+03,3.696837e+03,3.020536e-01,1.279574e-02,5.459307e+00,1.023846e-01,9.774000e-07,1.453371e+03,0.000000e+00,0.000000e+00,2.379761e+03,0.000000e+00,0.000000e+00,0.000000e+00,0.000000e+00,0.000000e+00,0.000000e+00,0.000000e+00,0.000000e+00,0.000000e+00,0.000000e+00,0.000000e+00,0.000000e+00,0.000000e+00,0.000000e+00,0.000000e+00,0.000000e+00,0.000000e+00,0.000000e+00,0.000000e+00,0.000000e+00,0.000000e+00,0.000000e+00,0.000000e+00,0.000000e+00,0.000000e+00,0.000000e+00,0.000000e+00,0.000000e+00,0.000000e+00,0.000000e+00,0.000000e+00,0.000000e+00,0.000000e+00,0.000000e+00,0.000000e+00,0.000000e+00,0.000000e+00,8.937266e+03,2.470873e+02,1.201575e-01,-7.527584e-03,6.753773e-01,1.136610e-03,0.000000e+00,0.000000e+00,0.000000e+00,0.000000e+00,0.000000e+00,0.000000e+00,0.000000e+00,0.000000e+00,0.000000e+00,0.000000e+00,0.000000e+00,0.000000e+00,0.000000e+00,0.000000e+00,0.000000e+00,0.000000e+00,0.000000e+00,0.000000e+00,0.000000e+00,0.000000e+00,0.000000e+00,4.054384e+04,1.311043e+03,6.735494e+04,4.033985e-01,-1.116484e-02,-1.333538e+01,-4.668376e-01,-1.135836e-01,-1.552679e-01,4.725405e-03,7.035625e-03,1.761706e+01,-3.533800e-01,-1.143585e-02,-1.332807e-03,1.046126e-01,1.761467e-02,-3.495967e+00,2.027960e+01,6.612400e+00,1.292279e+03,-4.054772e+04,-1.274414e+03,-6.735330e+04,1.903148e-01,1.485193e+01,-2.462676e-02,-1.027561e+01,5.044502e+02,-1.095938e+02
5.790339e-03,8.938057e+03,3.694877e+03,3.019798e-01,1.282074e-02,5.459713e+00,1.023847e-01,9.774000e-07,1.454294e+03,0.000000e+00,0.000000e+00,2.380024e+03,0.000000e+00,0.000000e+00,0.000000e+00,0.000000e+00,0.000000e+00,0.000000e+00,0.000000e+00,0.000000e+00,0.000000e+00,0.000000e+00,0.000000e+00,0.000000e+00,0.000000e+00,0.000000e+00,0.000000e+00,0.000000e+00,0.000000e+00,0.000000e+00,0.000000e+00,0.000000e+00,0.000000e+00,0.000000e+00,0.000000e+00,0.000000e+00,0.000000e+00,0.000000e+00,0.000000e+00,0.000000e+00,0.000000e+00,0.000000e+00,0.000000e+00,0.000000e+00,0.000000e+00,0.000000e+00,0.000000e+00,0.000000e+00,0.000000e+00,8.938057e+03,2.481297e+02,1.211639e-01,-7.379222e-03,6.776379e-01,1.136610e-03,0.000000e+00,0.000000e+00,0.000000e+00,0.000000e+00,0.000000e+00,0.000000e+00,0.000000e+00,0.000000e+00,0.000000e+00,0.000000e+00,0.000000e+00,0.000000e+00,0.000000e+00,0.000000e+00,0.000000e+00,0.000000e+00,0.000000e+00,0.000000e+00,0.000000e+00,0.000000e+00,0.000000e+00,4.665480e+04,1.613792e+04,6.765247e+04,4.044434e-01,-1.098952e-02,-1.333351e+01,-4.665720e-01,-1.135815e-01,-1.551731e-01,4.725405e-03,7.064800e-03,1.761746e+01,-3.533030e-01,-1.143210e-02,-1.333151e-03,1.048085e-01,1.767902e-02,-3.483340e+00,1.986456e+01,6.555796e+00,1.291592e+03,-3.796200e+04,-1.609844e+04,-7.289505e+04,1.903812e-01,1.485666e+01,-2.554731e-02,-6.784343e+00,4.663969e+02,1.071659e+02
5.800113e-03,8.938850e+03,3.692927e+03,3.019031e-01,1.284619e-02,5.460099e+00,1.023847e-01,9.774000e-07,1.455197e+03,0.000000e+00,0.000000e+00,2.380267e+03,0.000000e+00,0.000000e+00,0.000000e+00,0.000000e+00,0.000000e+00,0.000000e+00,0.000000e+00,0.000000e+00,0.000000e+00,0.000000e+00,0.000000e+00,0.000000e+00,0.000000e+00,0.000000e+00,0.000000e+00,0.000000e+00,0.000000e+00,0.000000e+00,0.000000e+00,0.000000e+00,0.000000e+00,0.000000e+00,0.000000e+00,0.000000e+00,0.000000e+00,0.000000e+00,0.000000e+00,0.000000e+00,0.000000e+00,0.000000e+00,0.000000e+00,0.000000e+00,0.000000e+00,0.000000e+00,0.000000e+00,0.000000e+00,0.000000e+00,8.938850e+03,2.491814e+02,1.221477e-01,-7.377813e-03,6.799029e-01,1.136610e-03,0.000000e+00,0.000000e+00,0.000000e+00,0.000000e+00,0.000000e+00,0.000000e+00,0.000000e+00,0.000000e+00,0.000000e+00,0.000000e+00,0.000000e+00,0.000000e+00,0.000000e+00,0.000000e+00,0.000000e+00,0.000000e+00,0.000000e+00,0.000000e+00,0.000000e+00,0.000000e+00,0.000000e+00,4.109804e+04,1.969222e+03,6.413777e+04,4.055003e-01,-1.115256e-02,-1.333166e+01,-4.663125e-01,-1.135632e-01,-1.550741e-01,4.725405e-03,7.094088e-03,1.761786e+01,-3.532261e-01,-1.142867e-02,-1.333472e-03,1.050004e-01,1.774313e-02,-3.470720e+00,1.944887e+01,6.559883e+00,1.290900e+03,-3.746457e+04,-1.933010e+03,-6.632684e+04,1.903589e-01,1.486125e+01,-2.705981e-02,-2.596345e+01,5.249405e+02,-1.743348e+01
5.810864e-03,8.939761e+03,3.690777e+03,3.018227e-01,1.288036e-02,5.460548e+00,1.023847e-01,9.774000e-07,1.456117e+03,0.000000e+00,0.000000e+00,2.380622e+03,0.000000e+00,0.000000e+00,0.000000e+00,0.000000e+00,0.000000e+00,0.000000e+00,0.000000e+00,0.000000e+00,0.000000e+00,0.000000e+00,0.000000e+00,0.000000e+00,0.000000e+00,0.000000e+00,0.000000e+00,0.000000e+00,0.000000e+00,0.000000e+00,0.000000e+00,0.000000e+00,0.000000e+00,0.000000e+00,0.000000e+00,0.000000e+00,0.000000e+00,0.000000e+00,0.000000e+00,0.000000e+00,0.000000e+00,0.000000e+00,0.000000e+00,0.000000e+00,0.000000e+00,0.000000e+00,0.000000e+00,0.000000e+00,0.000000e+00,8.939761e+03,2.504029e+02,1.233630e-01,-7.258365e-03,6.824317e-01,1.136610e-03,0.000000e+00,0.000000e+00,0.000000e+00,0.000000e+00,0.000000e+00,0.000000e+00,0.000000e+00,0.000000e+00,0.000000e+00,0.000000e+00,0.000000e+00,0.000000e+00,0.000000e+00,0.000000e+00,0.000000e+00,0.000000e+00,0.000000e+00,0.000000e+00,0.000000e+00,0.000000e+00,0.000000e+00,4.243668e+04,5.941499e+02,6.817830e+04,4.067930e-01,-1.104544e-02,-1.332958e+01,-4.660074e-01,-1.135737e-01,-1.548962e-01,4.725405e-03,7.126465e-03,1.761830e+01,-3.531417e-01,-1.142525e-02,-1.333791e-03,1.052066e-01,1.781324e-02,-3.456846e+00,1.894984e+01,6.516183e+00,1.290117e+03,-4.042066e+04,-5.560428e+02,-6.939283e+04,1.902007e-01,1.486596e+01,-2.723443e-02,2.576526e+00,4.878629e+02,-7.729959e+01
5.820638e-03,8.940555e+03,3.688870e+03,3.017461e-01,1.290708e-02,5.460932e+00,1.023847e-01,9.774000e-07,1.456950e+03,0.000000e+00,0.000000e+00,2.380898e+03,0.000000e+00,0.000000e+00,0.000000e+00,0.000000e+00,0.000000e+00,0.000000e+00,0.000000e+00,0.000000e+00,0.000000e+00,0.000000e+00,0.000000e+00,0.000000e+00,0.000000e+00,0.000000e+00,0.000000e+00,0.000000e+00,0.000000e+00,0.000000e+00,0.000000e+00,0.000000e+00,0.000000e+00,0.000000e+00,0.000000e+00,0.000000e+00,0.000000e+00,0.000000e+00,0.000000e+00,0.000000e+00,0.000000e+00,0.000000e+00,0.000000e+00,0.000000e+00,0.000000e+00,0.000000e+00,0.000000e+00,0.000000e+00,0.000000e+00,8.940555e+03,2.514736e+02,1.244879e-01,-7.190354e-03,6.846824e-01,1.136610e-03,0.000000e+00,0.000000e+00,0.000000e+00,0.000000e+00,0.000000e+00,0.000000e+00,0.000000e+00,0.000000e+00,0.000000e+00,0.000000e+00,0.000000e+00,0.000000e+00,0.000000e+00,0.000000e+00,0.000000e+00,0.000000e+00,0.000000e+00,0.000000e+00,0.000000e+00,0.000000e+00,0.000000e+00,3.884298e+04,4.441211e+03,7.023102e+04,4.080075e-01,-1.101697e-02,-1.332777e+01,-4.657466e-01,-1.135883e-01,-1.547538e-01,4.725405e-03,7.156037e-03,1.761870e+01,-3.530650e-01,-1.142221e-02,-1.334079e-03,1.053895e-01,1.787679e-02,-3.444240e+00,1.849131e+01,6.503396e+00,1.289433e+03,-4.392559e+04,-4.403928e+03,-6.717177e+04,1.901183e-01,1.487023e+01,-2.747751e-02,2.934800e+01,4.585911e+02,-8.313869e+01
5.830412e-03,8.941361e+03,3.686967e+03,3.016694e-01,1.293399e-02,5.461317e+00,1.023847e-01,9.774000e-07,1.457764e+03,0.000000e+00,0.000000e+00,2.381200e+03,0.000000e+00,0.000000e+00,0.000000e+00,0.000000e+00,0.000000e+00,0.000000e+00,0.000000e+00,0.000000e+00,0.000000e+00,0.000000e+00,0.000000e+00,0.000000e+00,0.000000e+00,0.000000e+00,0.000000e+00,0.000000e+00,0.000000e+00,0.000000e+00,0.000000e+00,0.000000e+00,0.000000e+00,0.000000e+00,0.000000e+00,0.000000e+00,0.000000e+00,0.000000e+00,0.000000e+00,0.000000e+00,0.000000e+00,0.000000e+00,0.000000e+00,0.000000e+00,0.000000e+00,0.000000e+00,0.000000e+00,0.000000e+00,0.000000e+00,8.941361e+03,2.525384e+02,1.255386e-01,-7.136021e-03,6.869217e-01,1.136610e-03,0.000000e+00,0.000000e+00,0.000000e+00,0.000000e+00,0.000000e+00,0.000000e+00,0.000000e+00,0.000000e+00,0.000000e+00,0.000000e+00,0.000000e+00,0.000000e+00,0.000000e+00,0.000000e+00,0.000000e+00,0.000000e+00,0.000000e+00,0.000000e+00,0.000000e+00,0.000000e+00,0.000000e+00,3.681863e+04,1.140847e+04,8.292031e+04,4.091750e-01,-1.096543e-02,-1.332593e+01,-4.654899e-01,-1.135971e-01,-1.546028e-01,4.725405e-03,7.185823e-03,1.761910e+01,-3.529881e-01,-1.141929e-02,-1.334360e-03,1.055680e-01,1.794028e-02,-3.431640e+00,1.805223e+01,6.484091e+00,1.288752e+03,-5.610000e+04,-1.136823e+04,-7.130986e+04,1.901520e-01,1.487441e+01,-2.806437e-02,-1.533719e+01,4.010233e+02,1.307777e+02
5.840186e-03,8.942148e+03,3.685113e+03,3.015926e-01,1.296037e-02,5.461730e+00,1.023848e-01,9.774000e-07,1.458574e+03,0.000000e+00,0.000000e+00,2.381478e+03,0.000000e+00,0.000000e+00,0.000000e+00,0.000000e+00,0.000000e+00,0.000000e+00,0.000000e+00,0.000000e+00,0.000000e+00,0.000000e+00,0.000000e+00,0.000000e+00,0.000000e+00,0.000000e+00,0.000000e+00,0.000000e+00,0.000000e+00,0.000000e+00,0.000000e+00,0.000000e+00,0.000000e+00,0.000000e+00,0.000000e+00,0.000000e+00,0.000000e+00,0.000000e+00,0.000000e+00,0.000000e+00,0.000000e+00,0.000000e+00,0.000000e+00,0.000000e+00,0.000000e+00,0.000000e+00,0.000000e+00,0.000000e+00,0.000000e+00,8.942148e+03,2.536041e+02,1.266388e-01,-7.047917e-03,6.891381e-01,1.136610e-03,0.000000e+00,0.000000e+00,0.000000e+00,0.000000e+00,0.000000e+00,0.000000e+00,0.000000e+00,0.000000e+00,0.000000e+00,0.000000e+00,0.000000e+00,0.000000e+00,0.000000e+00,0.000000e+00,0.000000e+00,0.000000e+00,0.000000e+00,0.000000e+00,0.000000e+00,0.000000e+00,0.000000e+00,4.246031e+04,1.512086e+04,8.358761e+04,4.103501e-01,-1.089640e-02,-1.332411e+01,-4.652393e-01,-1.136059e-01,-1.544538e-01,4.725405e-03,7.215751e-03,1.761950e+01,-3.529113e-01,-1.141633e-02,-1.334646e-03,1.057419e-01,1.800343e-02,-3.419048e+00,1.759810e+01,6.457075e+00,1.288079e+03,-5.406457e+04,-1.507781e+04,-7.660345e+04,1.900806e-01,1.487856e+01,-2.834216e-02,2.561280e+01,3.639457e+02,8.188283e+01
5.850937e-03,8.943010e+03,3.683094e+03,3.015095e-01,1.299571e-02,5.462166e+00,1.023848e-01,9.774000e-07,1.459426e+03,0.000000e+00,0.000000e+00,2.381782e+03,0.000000e+00,0.000000e+00,0.000000e+00,0.000000e+00,0.000000e+00,0.000000e+00,0.000000e+00,0.000000e+00,0.000000e+00,0.000000e+00,0.000000e+00,0.000000e+00,0.000000e+00,0.000000e+00,0.000000e+00,0.000000e+00,0.000000e+00,0.000000e+00,0.000000e+00,0.000000e+00,0.000000e+00,0.000000e+00,0.000000e+00,0.000000e+00,0.000000e+00,0.000000e+00,0.000000e+00,0.000000e+00,0.000000e+00,0.000000e+00,0.000000e+00,0.000000e+00,0.000000e+00,0.000000e+00,0.000000e+00,0.000000e+00,0.000000e+00,8.943010e+03,2.548126e+02,1.279204e-01,-6.985067e-03,6.915784e-01,1.136610e-03,0.000000e+00,0.000000e+00,0.000000e+00,0.000000e+00,0.000000e+00,0.000000e+00,0.000000e+00,0.000000e+00,0.000000e+00,0.000000e+00,0.000000e+00,0.000000e+00,0.000000e+00,0.000000e+00,0.000000e+00,0.000000e+00,0.000000e+00,0.000000e+00,0.000000e+00,0.000000e+00,0.000000e+00,4.214353e+04,2.469204e+04,7.982322e+04,4.117120e-01,-1.085740e-02,-1.332212e+01,-4.649734e-01,-1.136166e-01,-1.542744e-01,4.725405e-03,7.248854e-03,1.761992e+01,-3.528267e-01,-1.141290e-02,-1.334975e-03,1.059279e-01,1.807289e-02,-3.405204e+00,1.707655e+01,6.444144e+00,1.287335e+03,-5.089682e+04,-2.465006e+04,-7.456144e+04,1.899456e-01,1.488291e+01,-2.867814e-02,4.550846e+01,3.473584e+02,1.400929e+02
5.860711e-03,8.943791e+03,3.681301e+03,3.014328e-01,1.302255e-02,5.462551e+00,1.023848e-01,9.774000e-07,1.460171e+03,0.000000e+00,0.000000e+00,2.382053e+03,0.000000e+00,0.000000e+00,0.000000e+00,0.000000e+00,0.000000e+00,0.000000e+00,0.000000e+00,0.000000e+00,0.000000e+00,0.000000e+00,0.000000e+00,0.000000e+00,0.000000e+00,0.000000e+00,0.000000e+00,0.000000e+00,0.000000e+00,0.000000e+00,0.000000e+00,0.000000e+00,0.000000e+00,0.000000e+00,0.000000e+00,0.000000e+00,0.000000e+00,0.000000e+00,0.000000e+00,0.000000e+00,0.000000e+00,0.000000e+00,0.000000e+00,0.000000e+00,0.000000e+00,0.000000e+00,0.000000e+00,0.000000e+00,0.000000e+00,8.943791e+03,2.559454e+02,1.291178e-01,-6.976415e-03,6.937882e-01,1.136610e-03,0.000000e+00,0.000000e+00,0.000000e+00,0.000000e+00,0.000000e+00,0.000000e+00,0.000000e+00,0.000000e+00,0.000000e+00,0.000000e+00,0.000000e+00,0.000000e+00,0.000000e+00,0.000000e+00,0.000000e+00,0.000000e+00,0.000000e+00,0.000000e+00,0.000000e+00,0.000000e+00,0.000000e+00,3.999109e+04,1.147588e+04,7.408703e+04,4.129817e-01,-1.099709e-02,-1.332032e+01,-4.647338e-01,-1.136184e-01,-1.540990e-01,4.725405e-03,7.279035e-03,1.762031e+01,-3.527499e-01,-1.140969e-02,-1.335282e-03,1.060922e-01,1.813575e-02,-3.392625e+00,1.659068e+01,6.458661e+00,1.286659e+03,-4.683967e+04,-1.143640e+04,-6.996518e+04,1.896853e-01,1.488670e+01,-2.914244e-02,4.268800e+00,3.815088e+02,1.504943e+01
5.870485e-03,8.944547e+03,3.679545e+03,3.013563e-01,1.304957e-02,5.462934e+00,1.023848e-01,9.774000e-07,1.460905e+03,0.000000e+00,0.000000e+00,2.382312e+03,0.000000e+00,0.000000e+00,0.000000e+00,0.000000e+00,0.000000e+00,0.000000e+00,0.000000e+00,0.000000e+00,0.000000e+00,0.000000e+00,0.000000e+00,0.000000e+00,0.000000e+00,0.000000e+00,0.000000e+00,0.000000e+00,0.000000e+00,0.000000e+00,0.000000e+00,0.000000e+00,0.000000e+00,0.000000e+00,0.000000e+00,0.000000e+00,0.000000e+00,0.000000e+00,0.000000e+00,0.000000e+00,0.000000e+00,0.000000e+00,0.000000e+00,0.000000e+00,0.000000e+00,0.000000e+00,0.000000e+00,0.000000e+00,0.000000e+00,8.944547e+03,2.570803e+02,1.303476e-01,-6.866848e-03,6.959748e-01,1.136609e-03,0.000000e+00,0.000000e+00,0.000000e+00,0.000000e+00,0.000000e+00,0.000000e+00,0.000000e+00,0.000000e+00,0.000000e+00,0.000000e+00,0.000000e+00,0.000000e+00,0.000000e+00,0.000000e+00,0.000000e+00,0.000000e+00,0.000000e+00,0.000000e+00,0.000000e+00,0.000000e+00,0.000000e+00,3.514493e+04,3.940504e+03,6.976648e+04,4.142880e-01,-1.089718e-02,-1.331855e+01,-4.645065e-01,-1.136329e-01,-1.539199e-01,4.725405e-03,7.309290e-03,1.762069e+01,-3.526731e-01,-1.140635e-02,-1.335599e-03,1.062516e-01,1.819853e-02,-3.380053e+00,1.609709e+01,6.415159e+00,1.285994e+03,-4.529095e+04,-3.904295e+03,-6.365173e+04,1.894962e-01,1.489043e+01,-2.907396e-02,-1.283689e+01,4.098048e+02,-2.501060e+01
5.880259e-03,8.945260e+03,3.677825e+03,3.012800e-01,1.307638e-02,5.463316e+00,1.023848e-01,9.774000e-07,1.461599e+03,0.000000e+00,0.000000e+00,2.382628e+03,0.000000e+00,0.000000e+00,0.000000e+00,0.000000e+00,0.000000e+00,0.000000e+00,0.000000e+00,0.000000e+00,0.000000e+00,0.000000e+00,0.000000e+00,0.000000e+00,0.000000e+00,0.000000e+00,0.000000e+00,0.000000e+00,0.000000e+00,0.000000e+00,0.000000e+00,0.000000e+00,0.000000e+00,0.000000e+00,0.000000e+00,0.000000e+00,0.000000e+00,0.000000e+00,0.000000e+00,0.000000e+00,0.000000e+00,0.000000e+00,0.000000e+00,0.000000e+00,0.000000e+00,0.000000e+00,0.000000e+00,0.000000e+00,0.000000e+00,8.945260e+03,2.582227e+02,1.315768e-01,-6.795887e-03,6.981410e-01,1.136610e-03,0.000000e+00,0.000000e+00,0.000000e+00,0.000000e+00,0.000000e+00,0.000000e+00,0.000000e+00,0.000000e+00,0.000000e+00,0.000000e+00,0.000000e+00,0.000000e+00,0.000000e+00,0.000000e+00,0.000000e+00,0.000000e+00,0.000000e+00,0.000000e+00,0.000000e+00,0.000000e+00,0.000000e+00,3.921727e+04,2.878929e+03,7.675897e+04,4.155969e-01,-1.087419e-02,-1.331676e+01,-4.642719e-01,-1.136412e-01,-1.537115e-01,4.725405e-03,7.339611e-03,1.762107e+01,-3.525966e-01,-1.140289e-02,-1.335927e-03,1.064064e-01,1.826117e-02,-3.367487e+00,1.560445e+01,6.398080e+00,1.285334e+03,-4.958380e+04,-2.838704e+03,-7.050964e+04,1.892786e-01,1.489401e+01,-2.935566e-02,-3.225993e+01,3.268681e+02,1.244431e+01
5.890033e-03,8.945956e+03,3.676158e+03,3.012040e-01,1.310324e-02,5.463697e+00,1.023848e-01,9.774000e-07,1.462298e+03,0.000000e+00,0.000000e+00,2.382908e+03,0.000000e+00,0.000000e+00,0.000000e+00,0.000000e+00,0.000000e+00,0.000000e+00,0.000000e+00,0.000000e+00,0.000000e+00,0.000000e+00,0.000000e+00,0.000000e+00,0.000000e+00,0.000000e+00,0.000000e+00,0.000000e+00,0.000000e+00,0.000000e+00,0.000000e+00,0.000000e+00,0.000000e+00,0.000000e+00,0.000000e+00,0.000000e+00,0.000000e+00,0.000000e+00,0.000000e+00,0.000000e+00,0.000000e+00,0.000000e+00,0.000000e+00,0.000000e+00,0.000000e+00,0.000000e+00,0.000000e+00,0.000000e+00,0.000000e+00,8.945956e+03,2.593421e+02,1.327847e-01,-6.740998e-03,7.002606e-01,1.136610e-03,0.000000e+00,0.000000e+00,0.000000e+00,0.000000e+00,0.000000e+00,0.000000e+00,0.000000e+00,0.000000e+00,0.000000e+00,0.000000e+00,0.000000e+00,0.000000e+00,0.000000e+00,0.000000e+00,0.000000e+00,0.000000e+00,0.000000e+00,0.000000e+00,0.000000e+00,0.000000e+00,0.000000e+00,3.922326e+04,6.929539e+03,8.212172e+04,4.168960e-01,-1.084417e-02,-1.331501e+01,-4.640568e-01,-1.136493e-01,-1.535215e-01,4.725405e-03,7.369976e-03,1.762145e+01,-3.525205e-01,-1.139939e-02,-1.336263e-03,1.065564e-01,1.832370e-02,-3.354928e+00,1.511743e+01,6.383247e+00,1.284694e+03,-5.433475e+04,-6.887565e+03,-7.301202e+04,1.890433e-01,1.489759e+01,-2.965920e-02,-2.004811e+01,2.868634e+02,5.029562e+01
5.900785e-03,8.946717e+03,3.674372e+03,3.011208e-01,1.313285e-02,5.464114e+00,1.023848e-01,9.774000e-07,1.463040e+03,0.000000e+00,0.000000e+00,2.383177e+03,0.000000e+00,0.000000e+00,0.000000e+00,0.000000e+00,0.000000e+00,0.000000e+00,0.000000e+00,0.000000e+00,0.000000e+00,0.000000e+00,0.000000e+00,0.000000e+00,0.000000e+00,0.000000e+00,0.000000e+00,0.000000e+00,0.000000e+00,0.000000e+00,0.000000e+00,0.000000e+00,0.000000e+00,0.000000e+00,0.000000e+00,0.000000e+00,0.000000e+00,0.000000e+00,0.000000e+00,0.000000e+00,0.000000e+00,0.000000e+00,0.000000e+00,0.000000e+00,0.000000e+00,0.000000e+00,0.000000e+00,0.000000e+00,0.000000e+00,8.946717e+03,2.606073e+02,1.341390e-01,-6.691662e-03,7.025796e-01,1.136610e-03,0.000000e+00,0.000000e+00,0.000000e+00,0.000000e+00,0.000000e+00,0.000000e+00,0.000000e+00,0.000000e+00,0.000000e+00,0.000000e+00,0.000000e+00,0.000000e+00,0.000000e+00,0.000000e+00,0.000000e+00,0.000000e+00,0.000000e+00,0.000000e+00,0.000000e+00,0.000000e+00,0.000000e+00,2.983125e+04,4.003139e+03,7.566477e+04,4.183374e-01,-1.086407e-02,-1.331312e+01,-4.638290e-01,-1.136575e-01,-1.533121e-01,4.725405e-03,7.403434e-03,1.762186e+01,-3.524372e-01,-1.139551e-02,-1.336641e-03,1.067157e-01,1.839230e-02,-3.341119e+00,1.457147e+01,6.374185e+00,1.283989e+03,-5.301553e+04,-3.967130e+03,-6.168227e+04,1.887441e-01,1.490134e+01,-2.998856e-02,-2.972915e+01,3.658972e+02,2.800066e+01
5.910559e-03,8.947369e+03,3.672796e+03,3.010456e-01,1.315959e-02,5.464490e+00,1.023848e-01,9.774000e-07,1.463683e+03,0.000000e+00,0.000000e+00,2.383463e+03,0.000000e+00,0.000000e+00,0.000000e+00,0.000000e+00,0.000000e+00,0.000000e+00,0.000000e+00,0.000000e+00,0.000000e+00,0.000000e+00,0.000000e+00,0.000000e+00,0.000000e+00,0.000000e+00,0.000000e+00,0.000000e+00,0.000000e+00,0.000000e+00,0.000000e+00,0.000000e+00,0.000000e+00,0.000000e+00,0.000000e+00,0.000000e+00,0.000000e+00,0.000000e+00,0.000000e+00,0.000000e+00,0.000000e+00,0.000000e+00,0.000000e+00,0.000000e+00,0.000000e+00,0.000000e+00,0.000000e+00,0.000000e+00,0.000000e+00,8.947369e+03,2.617871e+02,1.353970e-01,-6.659108e-03,7.046781e-01,1.136610e-03,0.000000e+00,0.000000e+00,0.000000e+00,0.000000e+00,0.000000e+00,0.000000e+00,0.000000e+00,0.000000e+00,0.000000e+00,0.000000e+00,0.000000e+00,0.000000e+00,0.000000e+00,0.000000e+00,0.000000e+00,0.000000e+00,0.000000e+00,0.000000e+00,0.000000e+00,0.000000e+00,0.000000e+00,2.967288e+04,-3.253990e+03,7.488065e+04,4.196492e-01,-1.089712e-02,-1.331138e+01,-4.636171e-01,-1.136648e-01,-1.530995e-01,4.725405e-03,7.433869e-03,1.762222e+01,-3.523620e-01,-1.139198e-02,-1.336990e-03,1.068554e-01,1.845452e-02,-3.328573e+00,1.407278e+01,6.365126e+00,1.283351e+03,-5.240429e+04,3.289820e+03,-6.116492e+04,1.884800e-01,1.490462e+01,-3.026834e-02,-3.581218e+01,3.532127e+02,-6.742608e+01
5.920333e-03,8.947979e+03,3.671272e+03,3.009707e-01,1.318658e-02,5.464865e+00,1.023848e-01,9.774000e-07,1.464319e+03,0.000000e+00,0.000000e+00,2.383744e+03,0.000000e+00,0.000000e+00,0.000000e+00,0.000000e+00,0.000000e+00,0.000000e+00,0.000000e+00,0.000000e+00,0.000000e+00,0.000000e+00,0.000000e+00,0.000000e+00,0.000000e+00,0.000000e+00,0.000000e+00,0.000000e+00,0.000000e+00,0.000000e+00,0.000000e+00,0.000000e+00,0.000000e+00,0.000000e+00,0.000000e+00,0.000000e+00,0.000000e+00,0.000000e+00,0.000000e+00,0.000000e+00,0.000000e+00,0.000000e+00,0.000000e+00,0.000000e+00,0.000000e+00,0.000000e+00,0.000000e+00,0.000000e+00,0.000000e+00,8.947979e+03,2.629636e+02,1.366597e-01,-6.579490e-03,7.067439e-01,1.136609e-03,0.000000e+00,0.000000e+00,0.000000e+00,0.000000e+00,0.000000e+00,0.000000e+00,0.000000e+00,0.000000e+00,0.000000e+00,0.000000e+00,0.000000e+00,0.000000e+00,0.000000e+00,0.000000e+00,0.000000e+00,0.000000e+00,0.000000e+00,0.000000e+00,0.000000e+00,0.000000e+00,0.000000e+00,3.258259e+04,-1.223197e+04,7.624625e+04,4.209818e-01,-1.088593e-02,-1.330967e+01,-4.634138e-01,-1.136753e-01,-1.528893e-01,4.725405e-03,7.464328e-03,1.762259e+01,-3.522869e-01,-1.138848e-02,-1.337337e-03,1.069902e-01,1.851662e-02,-3.316033e+00,1.356955e+01,6.343293e+00,1.282731e+03,-5.226438e+04,1.226965e+04,-6.436325e+04,1.882490e-01,1.490788e+01,-3.040324e-02,-5.865026e+01,3.180866e+02,-1.567240e+02
5.930107e-03,8.948559e+03,3.669815e+03,3.008979e-01,1.320892e-02,5.465253e+00,1.023848e-01,9.774000e-07,1.464937e+03,0.000000e+00,0.000000e+00,2.384010e+03,0.000000e+00,0.000000e+00,0.000000e+00,0.000000e+00,0.000000e+00,0.000000e+00,0.000000e+00,0.000000e+00,0.000000e+00,0.000000e+00,0.000000e+00,0.000000e+00,0.000000e+00,0.000000e+00,0.000000e+00,0.000000e+00,0.000000e+00,0.000000e+00,0.000000e+00,0.000000e+00,0.000000e+00,0.000000e+00,0.000000e+00,0.000000e+00,0.000000e+00,0.000000e+00,0.000000e+00,0.000000e+00,0.000000e+00,0.000000e+00,0.000000e+00,0.000000e+00,0.000000e+00,0.000000e+00,0.000000e+00,0.000000e+00,0.000000e+00,8.948559e+03,2.641648e+02,1.379371e-01,-6.546641e-03,7.087829e-01,1.136610e-03,0.000000e+00,0.000000e+00,0.000000e+00,0.000000e+00,0.000000e+00,0.000000e+00,0.000000e+00,0.000000e+00,0.000000e+00,0.000000e+00,0.000000e+00,0.000000e+00,0.000000e+00,0.000000e+00,0.000000e+00,0.000000e+00,0.000000e+00,0.000000e+00,0.000000e+00,0.000000e+00,0.000000e+00,3.434317e+04,7.602926e+03,7.582383e+04,4.223399e-01,-1.082771e-02,-1.330799e+01,-4.632180e-01,-1.136895e-01,-1.526757e-01,4.725405e-03,7.494797e-03,1.762295e+01,-3.522124e-01,-1.138503e-02,-1.337684e-03,1.071201e-01,1.857863e-02,-3.303499e+00,1.305788e+01,6.336708e+00,1.282119e+03,-5.108065e+04,-7.564447e+03,-6.572715e+04,1.879749e-01,1.491104e+01,-3.065641e-02,-1.509326e+01,2.936935e+02,1.793087e+01
5.940858e-03,8.949162e+03,3.668267e+03,3.008198e-01,1.324737e-02,5.465683e+00,1.023849e-01,9.774000e-07,1.465570e+03,0.000000e+00,0.000000e+00,2.384325e+03,0.000000e+00,0.000000e+00,0.000000e+00,0.000000e+00,0.000000e+00,0.000000e+00,0.000000e+00,0.000000e+00,0.000000e+00,0.000000e+00,0.000000e+00,0.000000e+00,0.000000e+00,0.000000e+00,0.000000e+00,0.000000e+00,0.000000e+00,0.000000e+00,0.000000e+00,0.000000e+00,0.000000e+00,0.000000e+00,0.000000e+00,0.000000e+00,0.000000e+00,0.000000e+00,0.000000e+00,0.000000e+00,0.000000e+00,0.000000e+00,0.000000e+00,0.000000e+00,0.000000e+00,0.000000e+00,0.000000e+00,0.000000e+00,0.000000e+00,8.949162e+03,2.655536e+02,1.393684e-01,-6.449945e-03,7.110432e-01,1.136610e-03,0.000000e+00,0.000000e+00,0.000000e+00,0.000000e+00,0.000000e+00,0.000000e+00,0.000000e+00,0.000000e+00,0.000000e+00,0.000000e+00,0.000000e+00,0.000000e+00,0.000000e+00,0.000000e+00,0.000000e+00,0.000000e+00,0.000000e+00,0.000000e+00,0.000000e+00,0.000000e+00,0.000000e+00,2.884107e+04,1.668793e+03,7.213430e+04,4.238471e-01,-1.077599e-02,-1.330613e+01,-4.629989e-01,-1.137055e-01,-1.524202e-01,4.725405e-03,7.528335e-03,1.762335e+01,-3.521311e-01,-1.138127e-02,-1.338066e-03,1.072572e-01,1.864658e-02,-3.289718e+00,1.248933e+01,6.304519e+00,1.281434e+03,-5.038968e+04,-1.633778e+03,-5.912833e+04,1.877291e-01,1.491424e+01,-3.075395e-02,-1.956025e+01,3.268681e+02,-3.398841e+01
5.950632e-03,8.949670e+03,3.666919e+03,3.007494e-01,1.326499e-02,5.466063e+00,1.023849e-01,9.774000e-07,1.466141e+03,0.000000e+00,0.000000e+00,2.384601e+03,0.000000e+00,0.000000e+00,0.000000e+00,0.000000e+00,0.000000e+00,0.000000e+00,0.000000e+00,0.000000e+00,0.000000e+00,0.000000e+00,0.000000e+00,0.000000e+00,0.000000e+00,0.000000e+00,0.000000e+00,0.000000e+00,0.000000e+00,0.000000e+00,0.000000e+00,0.000000e+00,0.000000e+00,0.000000e+00,0.000000e+00,0.000000e+00,0.000000e+00,0.000000e+00,0.000000e+00,0.000000e+00,0.000000e+00,0.000000e+00,0.000000e+00,0.000000e+00,0.000000e+00,0.000000e+00,0.000000e+00,0.000000e+00,0.000000e+00,8.949670e+03,2.668083e+02,1.406688e-01,-6.376059e-03,7.130529e-01,1.136610e-03,0.000000e+00,0.000000e+00,0.000000e+00,0.000000e+00,0.000000e+00,0.000000e+00,0.000000e+00,0.000000e+00,0.000000e+00,0.000000e+00,0.000000e+00,0.000000e+00,0.000000e+00,0.000000e+00,0.000000e+00,0.000000e+00,0.000000e+00,0.000000e+00,0.000000e+00,0.000000e+00,0.000000e+00,2.757519e+04,-4.128926e+03,7.419884e+04,4.252371e-01,-1.078712e-02,-1.330447e+01,-4.628087e-01,-1.137172e-01,-1.521950e-01,4.725405e-03,7.558839e-03,1.762371e+01,-3.520575e-01,-1.137783e-02,-1.338418e-03,1.073765e-01,1.870809e-02,-3.277197e+00,1.197067e+01,6.290616e+00,1.280831e+03,-5.281451e+04,4.164120e+03,-5.895927e+04,1.874792e-01,1.491716e+01,-3.097852e-02,-3.985230e+01,3.132080e+02,-5.923722e+01
5.960406e-03,8.950153e+03,3.665602e+03,3.006767e-01,1.329208e-02,5.466429e+00,1.023849e-01,9.774000e-07,1.466694e+03,0.000000e+00,0.000000e+00,2.384891e+03,0.000000e+00,0.000000e+00,0.000000e+00,0.000000e+00,0.000000e+00,0.000000e+00,0.000000e+00,0.000000e+00,0.000000e+00,0.000000e+00,0.000000e+00,0.000000e+00,0.000000e+00,0.000000e+00,0.000000e+00,0.000000e+00,0.000000e+00,0.000000e+00,0.000000e+00,0.000000e+00,0.000000e+00,0.000000e+00,0.000000e+00,0.000000e+00,0.000000e+00,0.000000e+00,0.000000e+00,0.000000e+00,0.000000e+00,0.000000e+00,0.000000e+00,0.000000e+00,0.000000e+00,0.000000e+00,0.000000e+00,0.000000e+00,0.000000e+00,8.950153e+03,2.680617e+02,1.419755e-01,-6.241191e-03,7.150249e-01,1.136610e-03,0.000000e+00,0.000000e+00,0.000000e+00,0.000000e+00,0.000000e+00,0.000000e+00,0.000000e+00,0.000000e+00,0.000000e+00,0.000000e+00,0.000000e+00,0.000000e+00,0.000000e+00,0.000000e+00,0.000000e+00,0.000000e+00,0.000000e+00,0.000000e+00,0.000000e+00,0.000000e+00,0.000000e+00,3.172493e+04,-6.570182e+03,7.942416e+04,4.266248e-01,-1.066091e-02,-1.330282e+01,-4.626225e-01,-1.137375e-01,-1.519624e-01,4.725405e-03,7.589331e-03,1.762407e+01,-3.519846e-01,-1.137432e-02,-1.338777e-03,1.074907e-01,1.876932e-02,-3.264681e+00,1.145232e+01,6.242357e+00,1.280238e+03,-5.551487e+04,6.608993e+03,-6.505578e+04,1.873322e-01,1.492001e+01,-3.096765e-02,-5.368016e+01,2.488101e+02,-6.556039e+01
5.970180e-03,8.950615e+03,3.664333e+03,3.006047e-01,1.331902e-02,5.466791e+00,1.023849e-01,9.774000e-07,1.467219e+03,0.000000e+00,0.000000e+00,2.385171e+03,0.000000e+00,0.000000e+00,0.000000e+00,0.000000e+00,0.000000e+00,0.000000e+00,0.000000e+00,0.000000e+00,0.000000e+00,0.000000e+00,0.000000e+00,0.000000e+00,0.000000e+00,0.000000e+00,0.000000e+00,0.000000e+00,0.000000e+00,0.000000e+00,0.000000e+00,0.000000e+00,0.000000e+00,0.000000e+00,0.000000e+00,0.000000e+00,0.000000e+00,0.000000e+00,0.000000e+00,0.000000e+00,0.000000e+00,0.000000e+00,0.000000e+00,0.000000e+00,0.000000e+00,0.000000e+00,0.000000e+00,0.000000e+00,0.000000e+00,8.950615e+03,2.693782e+02,1.433079e-01,-6.156689e-03,7.170171e-01,1.136610e-03,0.000000e+00,0.000000e+00,0.000000e+00,0.000000e+00,0.000000e+00,0.000000e+00,0.000000e+00,0.000000e+00,0.000000e+00,0.000000e+00,0.000000e+00,0.000000e+00,0.000000e+00,0.000000e+00,0.000000e+00,0.000000e+00,0.000000e+00,0.000000e+00,0.000000e+00,0.000000e+00,0.000000e+00,2.844966e+04,-6.326861e+02,7.731692e+04,4.280216e-01,-1.059832e-02,-1.330117e+01,-4.624382e-01,-1.137547e-01,-1.517231e-01,4.725405e-03,7.619793e-03,1.762444e+01,-3.519125e-01,-1.137070e-02,-1.339145e-03,1.075998e-01,1.883037e-02,-3.252172e+00,1.092805e+01,6.219018e+00,1.279639e+03,-5.518443e+04,6.694867e+02,-6.117123e+04,1.871068e-01,1.492267e+01,-3.111592e-02,-3.107077e+01,2.693003e+02,-3.080397e+01
5.980932e-03,8.951095e+03,3.662996e+03,3.005263e-01,1.334837e-02,5.467183e+00,1.023849e-01,9.774000e-07,1.467775e+03,0.000000e+00,0.000000e+00,2.385489e+03,0.000000e+00,0.000000e+00,0.000000e+00,0.000000e+00,0.000000e+00,0.000000e+00,0.000000e+00,0.000000e+00,0.000000e+00,0.000000e+00,0.000000e+00,0.000000e+00,0.000000e+00,0.000000e+00,0.000000e+00,0.000000e+00,0.000000e+00,0.000000e+00,0.000000e+00,0.000000e+00,0.000000e+00,0.000000e+00,0.000000e+00,0.000000e+00,0.000000e+00,0.000000e+00,0.000000e+00,0.000000e+00,0.000000e+00,0.000000e+00,0.000000e+00,0.000000e+00,0.000000e+00,0.000000e+00,0.000000e+00,0.000000e+00,0.000000e+00,8.951095e+03,2.708464e+02,1.447889e-01,-6.058887e-03,7.191856e-01,1.136610e-03,0.000000e+00,0.000000e+00,0.000000e+00,0.000000e+00,0.000000e+00,0.000000e+00,0.000000e+00,0.000000e+00,0.000000e+00,0.000000e+00,0.000000e+00,0.000000e+00,0.000000e+00,0.000000e+00,0.000000e+00,0.000000e+00,0.000000e+00,0.000000e+00,0.000000e+00,0.000000e+00,0.000000e+00,2.793205e+04,6.824443e+03,7.691538e+04,4.295821e-01,-1.054799e-02,-1.329938e+01,-4.622384e-01,-1.137712e-01,-1.514515e-01,4.725405e-03,7.653191e-03,1.762481e+01,-3.518341e-01,-1.136658e-02,-1.339563e-03,1.077139e-01,1.889720e-02,-3.238417e+00,1.034449e+01,6.199478e+00,1.278991e+03,-5.508017e+04,-6.787861e+03,-6.052146e+04,1.868808e-01,1.492550e+01,-3.129947e-02,-6.098286e+00,2.488101e+02,2.349365e+01
5.990705e-03,8.951486e+03,3.661835e+03,3.004561e-01,1.337487e-02,5.467535e+00,1.023849e-01,9.774000e-07,1.468277e+03,0.000000e+00,0.000000e+00,2.385763e+03,0.000000e+00,0.000000e+00,0.000000e+00,0.000000e+00,0.000000e+00,0.000000e+00,0.000000e+00,0.000000e+00,0.000000e+00,0.000000e+00,0.000000e+00,0.000000e+00,0.000000e+00,0.000000e+00,0.000000e+00,0.000000e+00,0.000000e+00,0.000000e+00,0.000000e+00,0.000000e+00,0.000000e+00,0.000000e+00,0.000000e+00,0.000000e+00,0.000000e+00,0.000000e+00,0.000000e+00,0.000000e+00,0.000000e+00,0.000000e+00,0.000000e+00,0.000000e+00,0.000000e+00,0.000000e+00,0.000000e+00,0.000000e+00,0.000000e+00,8.951486e+03,2.721494e+02,1.461394e-01,-5.967141e-03,7.210904e-01,1.136610e-03,0.000000e+00,0.000000e+00,0.000000e+00,0.000000e+00,0.000000e+00,0.000000e+00,0.000000e+00,0.000000e+00,0.000000e+00,0.000000e+00,0.000000e+00,0.000000e+00,0.000000e+00,0.000000e+00,0.000000e+00,0.000000e+00,0.000000e+00,0.000000e+00,0.000000e+00,0.000000e+00,0.000000e+00,3.041607e+04,1.591635e+03,7.917113e+04,4.310198e-01,-1.051354e-02,-1.329779e+01,-4.620666e-01,-1.137844e-01,-1.512125e-01,4.725405e-03,7.683491e-03,1.762516e+01,-3.517639e-01,-1.136276e-02,-1.339951e-03,1.078121e-01,1.895769e-02,-3.225919e+00,9.810852e+00,6.172932e+00,1.278422e+03,-5.592975e+04,-1.553081e+03,-6.375884e+04,1.867328e-01,1.492808e+01,-3.137558e-02,-1.172396e+01,2.127082e+02,-2.911169e+01
