"time","INTERNAL ENERGY","KINETIC ENERGY","X-MOMENTUM","Y-MOMENTUM","Z-MOMENTUM","MASS","TIME STEP","ROTATION ENERGY","EXTERNAL WORK","SPRING ENERGY","CONTACT ENERGY","HOURGLASS ENERGY","Skull                                     IE ","Skull                                     KE ","Skull                                     XMOM ","Skull                                     YMOM ","Skull                                     ZMOM ","Skull                                     MASS ","Skull                                     HE ","Skull                                     ERODED ","Skull                                     HEAT ","Accel Base                                IE ","Accel Base                                KE ","Accel Base                                XMOM ","Accel Base                                YMOM ","Accel Base                                ZMOM ","Accel Base                                MASS ","Accel Base                                HE ","Accel Base                                ERODED ","Accel Base                                HEAT ","Accel Block                               IE ","Accel Block                               KE ","Accel Block                               XMOM ","Accel Block                               YMOM ","Accel Block                               ZMOM ","Accel Block                               MASS ","Accel Block                               HE ","Accel Block                               ERODED ","Accel Block                               HEAT ","Back Plate                                IE ","Back Plate                                KE ","Back Plate                                XMOM ","Back Plate                                YMOM ","Back Plate                                ZMOM ","Back Plate                                MASS ","Back Plate                                HE ","Back Plate                                ERODED ","Back Plate                                HEAT ","Skin                                      IE ","Skin                                      KE ","Skin                                      XMOM ","Skin                                      YMOM ","Skin                                      ZMOM ","Skin                                      MASS ","Skin                                      HE ","Skin                                      ERODED ","Skin                                      HEAT ","Null                                      IE ","Null                                      KE ","Null                                      XMOM ","Null                                      YMOM ","Null                                      ZMOM ","Null                                      MASS ","Null                                      HE ","Null                                      ERODED ","Null                                      HEAT ","Base                                      IE ","Base                                      KE ","Base                                      XMOM ","Base                                      YMOM ","Base                                      ZMOM ","Base                                      MASS ","Base                                      HE ","Base                                      ERODED ","Base                                      HEAT ","TH-ACCEL                                 1                                          var 76","TH-ACCEL                                 1                                          var 77","TH-ACCEL                                 1                                          var 78","TH-INTER                                 1 Skin_to_Skull                            var 79","TH-INTER                                 1 Skin_to_Skull                            var 80","TH-INTER                                 1 Skin_to_Skull                            var 81","TH-INTER                                 1 Skin_to_Skull                            var 82","TH-INTER                                 1 Skin_to_Skull                            var 83","TH-INTER                                 1 Skin_to_Skull                            var 84","TH-INTER                                 1000000 Skin_to_Plate                            var 85","TH-INTER                                 1000000 Skin_to_Plate                            var 86","TH-INTER                                 1000000 Skin_to_Plate                            var 87","TH-INTER                                 1000000 Skin_to_Plate                            var 88","TH-INTER                                 1000000 Skin_to_Plate                            var 89","TH-INTER                                 1000000 Skin_to_Plate                            var 90","DATABASE_HISTORY_NODE                    1 accelerometer: 1                         var 91","DATABASE_HISTORY_NODE                    1 accelerometer: 1                         var 92","DATABASE_HISTORY_NODE                    1 accelerometer: 1                         var 93","DATABASE_HISTORY_NODE                    1 accelerometer: 1                         var 94","DATABASE_HISTORY_NODE                    1 accelerometer: 1                         var 95","DATABASE_HISTORY_NODE                    1 accelerometer: 1                         var 96","DATABASE_HISTORY_NODE                    1 accelerometer: 1                         var 97","DATABASE_HISTORY_NODE                    1 accelerometer: 1                         var 98","DATABASE_HISTORY_NODE                    1 accelerometer: 1                         var 99","DATABASE_HISTORY_NODE                    1 accelerometer: 1                         var 100","DATABASE_HISTORY_NODE                    1 accelerometer: 1                         var 101","DATABASE_HISTORY_NODE                    1 accelerometer: 1                         var 102","DATABASE_HISTORY_NODE                    1 accelerometer: 1                         var 103","DATABASE_HISTORY_NODE                    1 accelerometer: 1                         var 104","DATABASE_HISTORY_NODE                    1 accelerometer: 1                         var 105"
0.000000e+00,0.000000e+00,3.599252e+04,0.000000e+00,0.000000e+00,-1.799626e+01,1.023742e-01,2.449512e-06,0.000000e+00,0.000000e+00,0.000000e+00,0.000000e+00,0.000000e+00,0.000000e+00,0.000000e+00,0.000000e+00,0.000000e+00,0.000000e+00,0.000000e+00,0.000000e+00,0.000000e+00,0.000000e+00,0.000000e+00,0.000000e+00,0.000000e+00,0.000000e+00,0.000000e+00,0.000000e+00,0.000000e+00,0.000000e+00,0.000000e+00,0.000000e+00,0.000000e+00,0.000000e+00,0.000000e+00,0.000000e+00,0.000000e+00,0.000000e+00,0.000000e+00,0.000000e+00,0.000000e+00,0.000000e+00,0.000000e+00,0.000000e+00,0.000000e+00,0.000000e+00,0.000000e+00,0.000000e+00,0.000000e+00,0.000000e+00,9.092882e+03,0.000000e+00,0.000000e+00,-4.546443e+00,1.136610e-03,0.000000e+00,0.000000e+00,0.000000e+00,0.000000e+00,0.000000e+00,0.000000e+00,0.000000e+00,0.000000e+00,0.000000e+00,0.000000e+00,0.000000e+00,0.000000e+00,0.000000e+00,0.000000e+00,0.000000e+00,0.000000e+00,0.000000e+00,0.000000e+00,0.000000e+00,0.000000e+00,0.000000e+00,0.000000e+00,0.000000e+00,0.000000e+00,0.000000e+00,0.000000e+00,0.000000e+00,0.000000e+00,0.000000e+00,0.000000e+00,0.000000e+00,0.000000e+00,0.000000e+00,0.000000e+00,0.000000e+00,0.000000e+00,0.000000e+00,0.000000e+00,0.000000e+00,0.000000e+00,0.000000e+00,-4.000000e+03,0.000000e+00,0.000000e+00,0.000000e+00,0.000000e+00,0.000000e+00,0.000000e+00,0.000000e+00,0.000000e+00,0.000000e+00
1.224756e-05,1.576220e-10,3.599252e+04,8.280160e-17,8.106656e-17,-1.799626e+01,1.023742e-01,2.449512e-06,0.000000e+00,0.000000e+00,0.000000e+00,0.000000e+00,0.000000e+00,0.000000e+00,0.000000e+00,0.000000e+00,0.000000e+00,0.000000e+00,0.000000e+00,0.000000e+00,0.000000e+00,0.000000e+00,0.000000e+00,0.000000e+00,0.000000e+00,0.000000e+00,0.000000e+00,0.000000e+00,0.000000e+00,0.000000e+00,0.000000e+00,0.000000e+00,0.000000e+00,0.000000e+00,0.000000e+00,0.000000e+00,0.000000e+00,0.000000e+00,0.000000e+00,0.000000e+00,0.000000e+00,0.000000e+00,0.000000e+00,0.000000e+00,0.000000e+00,0.000000e+00,0.000000e+00,0.000000e+00,0.000000e+00,1.576220e-10,9.092889e+03,5.740466e-11,-8.566148e-11,-4.546441e+00,1.136610e-03,0.000000e+00,0.000000e+00,0.000000e+00,0.000000e+00,0.000000e+00,0.000000e+00,0.000000e+00,0.000000e+00,0.000000e+00,0.000000e+00,0.000000e+00,0.000000e+00,0.000000e+00,0.000000e+00,0.000000e+00,0.000000e+00,0.000000e+00,0.000000e+00,0.000000e+00,0.000000e+00,0.000000e+00,0.000000e+00,0.000000e+00,0.000000e+00,0.000000e+00,0.000000e+00,0.000000e+00,0.000000e+00,0.000000e+00,0.000000e+00,0.000000e+00,0.000000e+00,0.000000e+00,0.000000e+00,0.000000e+00,0.000000e+00,0.000000e+00,0.000000e+00,-4.899025e-02,0.000000e+00,0.000000e+00,-4.000000e+03,0.000000e+00,0.000000e+00,0.000000e+00,0.000000e+00,0.000000e+00,0.000000e+00,0.000000e+00,0.000000e+00,0.000000e+00
2.204561e-05,4.311065e-10,3.599252e+04,1.881944e-16,7.547334e-17,-1.799626e+01,1.023742e-01,2.449512e-06,0.000000e+00,0.000000e+00,0.000000e+00,0.000000e+00,0.000000e+00,0.000000e+00,0.000000e+00,0.000000e+00,0.000000e+00,0.000000e+00,0.000000e+00,0.000000e+00,0.000000e+00,0.000000e+00,0.000000e+00,0.000000e+00,0.000000e+00,0.000000e+00,0.000000e+00,0.000000e+00,0.000000e+00,0.000000e+00,0.000000e+00,0.000000e+00,0.000000e+00,0.000000e+00,0.000000e+00,0.000000e+00,0.000000e+00,0.000000e+00,0.000000e+00,0.000000e+00,0.000000e+00,0.000000e+00,0.000000e+00,0.000000e+00,0.000000e+00,0.000000e+00,0.000000e+00,0.000000e+00,0.000000e+00,4.311065e-10,9.092883e+03,1.559380e-10,-1.313703e-10,-4.546442e+00,1.136609e-03,0.000000e+00,0.000000e+00,0.000000e+00,0.000000e+00,0.000000e+00,0.000000e+00,0.000000e+00,0.000000e+00,0.000000e+00,0.000000e+00,0.000000e+00,0.000000e+00,0.000000e+00,0.000000e+00,0.000000e+00,0.000000e+00,0.000000e+00,0.000000e+00,0.000000e+00,0.000000e+00,0.000000e+00,0.000000e+00,0.000000e+00,0.000000e+00,0.000000e+00,0.000000e+00,0.000000e+00,0.000000e+00,0.000000e+00,0.000000e+00,0.000000e+00,0.000000e+00,0.000000e+00,0.000000e+00,0.000000e+00,0.000000e+00,0.000000e+00,0.000000e+00,-8.818244e-02,0.000000e+00,0.000000e+00,-4.000000e+03,0.000000e+00,0.000000e+00,0.000000e+00,0.000000e+00,0.000000e+00,0.000000e+00,0.000000e+00,0.000000e+00,0.000000e+00
3.184366e-05,8.139318e-10,3.599252e+04,2.812392e-16,7.267913e-17,-1.799626e+01,1.023742e-01,2.449512e-06,0.000000e+00,0.000000e+00,0.000000e+00,0.000000e+00,0.000000e+00,0.000000e+00,0.000000e+00,0.000000e+00,0.000000e+00,0.000000e+00,0.000000e+00,0.000000e+00,0.000000e+00,0.000000e+00,0.000000e+00,0.000000e+00,0.000000e+00,0.000000e+00,0.000000e+00,0.000000e+00,0.000000e+00,0.000000e+00,0.000000e+00,0.000000e+00,0.000000e+00,0.000000e+00,0.000000e+00,0.000000e+00,0.000000e+00,0.000000e+00,0.000000e+00,0.000000e+00,0.000000e+00,0.000000e+00,0.000000e+00,0.000000e+00,0.000000e+00,0.000000e+00,0.000000e+00,0.000000e+00,0.000000e+00,8.139318e-10,9.092884e+03,1.318666e-10,-2.996030e-10,-4.546440e+00,1.136610e-03,0.000000e+00,0.000000e+00,0.000000e+00,0.000000e+00,0.000000e+00,0.000000e+00,0.000000e+00,0.000000e+00,0.000000e+00,0.000000e+00,0.000000e+00,0.000000e+00,0.000000e+00,0.000000e+00,0.000000e+00,0.000000e+00,0.000000e+00,0.000000e+00,0.000000e+00,0.000000e+00,0.000000e+00,0.000000e+00,0.000000e+00,0.000000e+00,0.000000e+00,0.000000e+00,0.000000e+00,0.000000e+00,0.000000e+00,0.000000e+00,0.000000e+00,0.000000e+00,0.000000e+00,0.000000e+00,0.000000e+00,0.000000e+00,0.000000e+00,0.000000e+00,-1.273746e-01,0.000000e+00,0.000000e+00,-4.000000e+03,0.000000e+00,0.000000e+00,0.000000e+00,0.000000e+00,0.000000e+00,0.000000e+00,0.000000e+00,0.000000e+00,0.000000e+00
4.164171e-05,1.292537e-09,3.599252e+04,4.186998e-16,5.651417e-16,-1.799626e+01,1.023742e-01,2.449512e-06,0.000000e+00,0.000000e+00,0.000000e+00,0.000000e+00,0.000000e+00,0.000000e+00,0.000000e+00,0.000000e+00,0.000000e+00,0.000000e+00,0.000000e+00,0.000000e+00,0.000000e+00,0.000000e+00,0.000000e+00,0.000000e+00,0.000000e+00,0.000000e+00,0.000000e+00,0.000000e+00,0.000000e+00,0.000000e+00,0.000000e+00,0.000000e+00,0.000000e+00,0.000000e+00,0.000000e+00,0.000000e+00,0.000000e+00,0.000000e+00,0.000000e+00,0.000000e+00,0.000000e+00,0.000000e+00,0.000000e+00,0.000000e+00,0.000000e+00,0.000000e+00,0.000000e+00,0.000000e+00,0.000000e+00,1.292537e-09,9.092885e+03,1.363243e-10,-3.089069e-11,-4.546441e+00,1.136610e-03,0.000000e+00,0.000000e+00,0.000000e+00,0.000000e+00,0.000000e+00,0.000000e+00,0.000000e+00,0.000000e+00,0.000000e+00,0.000000e+00,0.000000e+00,0.000000e+00,0.000000e+00,0.000000e+00,0.000000e+00,0.000000e+00,0.000000e+00,0.000000e+00,0.000000e+00,0.000000e+00,0.000000e+00,0.000000e+00,0.000000e+00,0.000000e+00,0.000000e+00,0.000000e+00,0.000000e+00,0.000000e+00,0.000000e+00,0.000000e+00,0.000000e+00,0.000000e+00,0.000000e+00,0.000000e+00,0.000000e+00,0.000000e+00,0.000000e+00,0.000000e+00,-1.665668e-01,0.000000e+00,0.000000e+00,-4.000000e+03,0.000000e+00,0.000000e+00,0.000000e+00,0.000000e+00,0.000000e+00,0.000000e+00,0.000000e+00,0.000000e+00,0.000000e+00
5.143976e-05,1.855281e-09,3.599252e+04,5.457194e-16,3.308758e-16,-1.799626e+01,1.023742e-01,2.449512e-06,0.000000e+00,0.000000e+00,0.000000e+00,0.000000e+00,0.000000e+00,0.000000e+00,0.000000e+00,0.000000e+00,0.000000e+00,0.000000e+00,0.000000e+00,0.000000e+00,0.000000e+00,0.000000e+00,0.000000e+00,0.000000e+00,0.000000e+00,0.000000e+00,0.000000e+00,0.000000e+00,0.000000e+00,0.000000e+00,0.000000e+00,0.000000e+00,0.000000e+00,0.000000e+00,0.000000e+00,0.000000e+00,0.000000e+00,0.000000e+00,0.000000e+00,0.000000e+00,0.000000e+00,0.000000e+00,0.000000e+00,0.000000e+00,0.000000e+00,0.000000e+00,0.000000e+00,0.000000e+00,0.000000e+00,1.855281e-09,9.092885e+03,7.929851e-11,1.477118e-11,-4.546441e+00,1.136610e-03,0.000000e+00,0.000000e+00,0.000000e+00,0.000000e+00,0.000000e+00,0.000000e+00,0.000000e+00,0.000000e+00,0.000000e+00,0.000000e+00,0.000000e+00,0.000000e+00,0.000000e+00,0.000000e+00,0.000000e+00,0.000000e+00,0.000000e+00,0.000000e+00,0.000000e+00,0.000000e+00,0.000000e+00,0.000000e+00,0.000000e+00,0.000000e+00,0.000000e+00,0.000000e+00,0.000000e+00,0.000000e+00,0.000000e+00,0.000000e+00,0.000000e+00,0.000000e+00,0.000000e+00,0.000000e+00,0.000000e+00,0.000000e+00,0.000000e+00,0.000000e+00,-2.057590e-01,0.000000e+00,0.000000e+00,-4.000000e+03,0.000000e+00,0.000000e+00,0.000000e+00,0.000000e+00,0.000000e+00,0.000000e+00,0.000000e+00,0.000000e+00,0.000000e+00
6.123781e-05,2.499627e-09,3.599252e+04,9.466505e-16,5.341814e-16,-1.799626e+01,1.023742e-01,2.449512e-06,0.000000e+00,0.000000e+00,0.000000e+00,0.000000e+00,0.000000e+00,0.000000e+00,0.000000e+00,0.000000e+00,0.000000e+00,0.000000e+00,0.000000e+00,0.000000e+00,0.000000e+00,0.000000e+00,0.000000e+00,0.000000e+00,0.000000e+00,0.000000e+00,0.000000e+00,0.000000e+00,0.000000e+00,0.000000e+00,0.000000e+00,0.000000e+00,0.000000e+00,0.000000e+00,0.000000e+00,0.000000e+00,0.000000e+00,0.000000e+00,0.000000e+00,0.000000e+00,0.000000e+00,0.000000e+00,0.000000e+00,0.000000e+00,0.000000e+00,0.000000e+00,0.000000e+00,0.000000e+00,0.000000e+00,2.499627e-09,9.092883e+03,3.924672e-10,-2.520723e-10,-4.546441e+00,1.136610e-03,0.000000e+00,0.000000e+00,0.000000e+00,0.000000e+00,0.000000e+00,0.000000e+00,0.000000e+00,0.000000e+00,0.000000e+00,0.000000e+00,0.000000e+00,0.000000e+00,0.000000e+00,0.000000e+00,0.000000e+00,0.000000e+00,0.000000e+00,0.000000e+00,0.000000e+00,0.000000e+00,0.000000e+00,0.000000e+00,0.000000e+00,0.000000e+00,0.000000e+00,0.000000e+00,0.000000e+00,0.000000e+00,0.000000e+00,0.000000e+00,0.000000e+00,0.000000e+00,0.000000e+00,0.000000e+00,0.000000e+00,0.000000e+00,0.000000e+00,0.000000e+00,-2.449512e-01,0.000000e+00,0.000000e+00,-4.000000e+03,0.000000e+00,0.000000e+00,0.000000e+00,0.000000e+00,0.000000e+00,0.000000e+00,0.000000e+00,0.000000e+00,0.000000e+00
7.103586e-05,3.219647e-09,3.599252e+04,8.023386e-16,1.018905e-15,-1.799626e+01,1.023742e-01,2.449512e-06,0.000000e+00,0.000000e+00,0.000000e+00,0.000000e+00,0.000000e+00,0.000000e+00,0.000000e+00,0.000000e+00,0.000000e+00,0.000000e+00,0.000000e+00,0.000000e+00,0.000000e+00,0.000000e+00,0.000000e+00,0.000000e+00,0.000000e+00,0.000000e+00,0.000000e+00,0.000000e+00,0.000000e+00,0.000000e+00,0.000000e+00,0.000000e+00,0.000000e+00,0.000000e+00,0.000000e+00,0.000000e+00,0.000000e+00,0.000000e+00,0.000000e+00,0.000000e+00,0.000000e+00,0.000000e+00,0.000000e+00,0.000000e+00,0.000000e+00,0.000000e+00,0.000000e+00,0.000000e+00,0.000000e+00,3.219647e-09,9.092884e+03,1.136805e-10,-2.111430e-10,-4.546441e+00,1.136610e-03,0.000000e+00,0.000000e+00,0.000000e+00,0.000000e+00,0.000000e+00,0.000000e+00,0.000000e+00,0.000000e+00,0.000000e+00,0.000000e+00,0.000000e+00,0.000000e+00,0.000000e+00,0.000000e+00,0.000000e+00,0.000000e+00,0.000000e+00,0.000000e+00,0.000000e+00,0.000000e+00,0.000000e+00,0.000000e+00,0.000000e+00,0.000000e+00,0.000000e+00,0.000000e+00,0.000000e+00,0.000000e+00,0.000000e+00,0.000000e+00,0.000000e+00,0.000000e+00,0.000000e+00,0.000000e+00,0.000000e+00,0.000000e+00,0.000000e+00,0.000000e+00,-2.841434e-01,0.000000e+00,0.000000e+00,-4.000000e+03,0.000000e+00,0.000000e+00,0.000000e+00,0.000000e+00,0.000000e+00,0.000000e+00,0.000000e+00,0.000000e+00,0.000000e+00
8.083390e-05,4.012787e-09,3.599252e+04,1.590592e-15,1.481307e-15,-1.799626e+01,1.023742e-01,2.449512e-06,0.000000e+00,0.000000e+00,0.000000e+00,0.000000e+00,0.000000e+00,0.000000e+00,0.000000e+00,0.000000e+00,0.000000e+00,0.000000e+00,0.000000e+00,0.000000e+00,0.000000e+00,0.000000e+00,0.000000e+00,0.000000e+00,0.000000e+00,0.000000e+00,0.000000e+00,0.000000e+00,0.000000e+00,0.000000e+00,0.000000e+00,0.000000e+00,0.000000e+00,0.000000e+00,0.000000e+00,0.000000e+00,0.000000e+00,0.000000e+00,0.000000e+00,0.000000e+00,0.000000e+00,0.000000e+00,0.000000e+00,0.000000e+00,0.000000e+00,0.000000e+00,0.000000e+00,0.000000e+00,0.000000e+00,4.012787e-09,9.092885e+03,-2.349413e-10,-3.720048e-11,-4.546443e+00,1.136610e-03,0.000000e+00,0.000000e+00,0.000000e+00,0.000000e+00,0.000000e+00,0.000000e+00,0.000000e+00,0.000000e+00,0.000000e+00,0.000000e+00,0.000000e+00,0.000000e+00,0.000000e+00,0.000000e+00,0.000000e+00,0.000000e+00,0.000000e+00,0.000000e+00,0.000000e+00,0.000000e+00,0.000000e+00,0.000000e+00,0.000000e+00,0.000000e+00,0.000000e+00,0.000000e+00,0.000000e+00,0.000000e+00,0.000000e+00,0.000000e+00,0.000000e+00,0.000000e+00,0.000000e+00,0.000000e+00,0.000000e+00,0.000000e+00,0.000000e+00,0.000000e+00,-3.233356e-01,0.000000e+00,0.000000e+00,-4.000000e+03,0.000000e+00,0.000000e+00,0.000000e+00,0.000000e+00,0.000000e+00,0.000000e+00,0.000000e+00,0.000000e+00,0.000000e+00
9.063195e-05,4.874967e-09,3.599252e+04,1.876963e-15,1.921232e-15,-1.799626e+01,1.023742e-01,2.449512e-06,0.000000e+00,0.000000e+00,0.000000e+00,0.000000e+00,0.000000e+00,0.000000e+00,0.000000e+00,0.000000e+00,0.000000e+00,0.000000e+00,0.000000e+00,0.000000e+00,0.000000e+00,0.000000e+00,0.000000e+00,0.000000e+00,0.000000e+00,0.000000e+00,0.000000e+00,0.000000e+00,0.000000e+00,0.000000e+00,0.000000e+00,0.000000e+00,0.000000e+00,0.000000e+00,0.000000e+00,0.000000e+00,0.000000e+00,0.000000e+00,0.000000e+00,0.000000e+00,0.000000e+00,0.000000e+00,0.000000e+00,0.000000e+00,0.000000e+00,0.000000e+00,0.000000e+00,0.000000e+00,0.000000e+00,4.874967e-09,9.092881e+03,1.790632e-10,-1.984230e-10,-4.546442e+00,1.136610e-03,0.000000e+00,0.000000e+00,0.000000e+00,0.000000e+00,0.000000e+00,0.000000e+00,0.000000e+00,0.000000e+00,0.000000e+00,0.000000e+00,0.000000e+00,0.000000e+00,0.000000e+00,0.000000e+00,0.000000e+00,0.000000e+00,0.000000e+00,0.000000e+00,0.000000e+00,0.000000e+00,0.000000e+00,0.000000e+00,0.000000e+00,0.000000e+00,0.000000e+00,0.000000e+00,0.000000e+00,0.000000e+00,0.000000e+00,0.000000e+00,0.000000e+00,0.000000e+00,0.000000e+00,0.000000e+00,0.000000e+00,0.000000e+00,0.000000e+00,0.000000e+00,-3.625278e-01,0.000000e+00,0.000000e+00,-4.000000e+03,0.000000e+00,0.000000e+00,0.000000e+00,0.000000e+00,0.000000e+00,0.000000e+00,0.000000e+00,0.000000e+00,0.000000e+00
1.004300e-04,5.796317e-09,3.599252e+04,1.753030e-15,2.082480e-15,-1.799626e+01,1.023742e-01,2.449512e-06,0.000000e+00,0.000000e+00,0.000000e+00,0.000000e+00,0.000000e+00,0.000000e+00,0.000000e+00,0.000000e+00,0.000000e+00,0.000000e+00,0.000000e+00,0.000000e+00,0.000000e+00,0.000000e+00,0.000000e+00,0.000000e+00,0.000000e+00,0.000000e+00,0.000000e+00,0.000000e+00,0.000000e+00,0.000000e+00,0.000000e+00,0.000000e+00,0.000000e+00,0.000000e+00,0.000000e+00,0.000000e+00,0.000000e+00,0.000000e+00,0.000000e+00,0.000000e+00,0.000000e+00,0.000000e+00,0.000000e+00,0.000000e+00,0.000000e+00,0.000000e+00,0.000000e+00,0.000000e+00,0.000000e+00,5.796317e-09,9.092878e+03,1.932673e-10,-3.324641e-10,-4.546442e+00,1.136610e-03,0.000000e+00,0.000000e+00,0.000000e+00,0.000000e+00,0.000000e+00,0.000000e+00,0.000000e+00,0.000000e+00,0.000000e+00,0.000000e+00,0.000000e+00,0.000000e+00,0.000000e+00,0.000000e+00,0.000000e+00,0.000000e+00,0.000000e+00,0.000000e+00,0.000000e+00,0.000000e+00,0.000000e+00,0.000000e+00,0.000000e+00,0.000000e+00,0.000000e+00,0.000000e+00,0.000000e+00,0.000000e+00,0.000000e+00,0.000000e+00,0.000000e+00,0.000000e+00,0.000000e+00,0.000000e+00,0.000000e+00,0.000000e+00,0.000000e+00,0.000000e+00,-4.017200e-01,0.000000e+00,0.000000e+00,-4.000000e+03,0.000000e+00,0.000000e+00,0.000000e+00,0.000000e+00,0.000000e+00,0.000000e+00,0.000000e+00,0.000000e+00,0.000000e+00
1.102281e-04,6.782911e-09,3.599252e+04,1.901342e-15,2.678892e-15,-1.799626e+01,1.023742e-01,2.449512e-06,0.000000e+00,0.000000e+00,0.000000e+00,0.000000e+00,0.000000e+00,0.000000e+00,0.000000e+00,0.000000e+00,0.000000e+00,0.000000e+00,0.000000e+00,0.000000e+00,0.000000e+00,0.000000e+00,0.000000e+00,0.000000e+00,0.000000e+00,0.000000e+00,0.000000e+00,0.000000e+00,0.000000e+00,0.000000e+00,0.000000e+00,0.000000e+00,0.000000e+00,0.000000e+00,0.000000e+00,0.000000e+00,0.000000e+00,0.000000e+00,0.000000e+00,0.000000e+00,0.000000e+00,0.000000e+00,0.000000e+00,0.000000e+00,0.000000e+00,0.000000e+00,0.000000e+00,0.000000e+00,0.000000e+00,6.782911e-09,9.092889e+03,9.770967e-11,-8.314474e-11,-4.546442e+00,1.136610e-03,0.000000e+00,0.000000e+00,0.000000e+00,0.000000e+00,0.000000e+00,0.000000e+00,0.000000e+00,0.000000e+00,0.000000e+00,0.000000e+00,0.000000e+00,0.000000e+00,0.000000e+00,0.000000e+00,0.000000e+00,0.000000e+00,0.000000e+00,0.000000e+00,0.000000e+00,0.000000e+00,0.000000e+00,0.000000e+00,0.000000e+00,0.000000e+00,0.000000e+00,0.000000e+00,0.000000e+00,0.000000e+00,0.000000e+00,0.000000e+00,0.000000e+00,0.000000e+00,0.000000e+00,0.000000e+00,0.000000e+00,0.000000e+00,0.000000e+00,0.000000e+00,-4.409122e-01,0.000000e+00,0.000000e+00,-4.000000e+03,0.000000e+00,0.000000e+00,0.000000e+00,0.000000e+00,0.000000e+00,0.000000e+00,0.000000e+00,0.000000e+00,0.000000e+00
1.200261e-04,7.834842e-09,3.599252e+04,1.795467e-15,3.116217e-15,-1.799626e+01,1.023742e-01,2.449512e-06,0.000000e+00,0.000000e+00,0.000000e+00,0.000000e+00,0.000000e+00,0.000000e+00,0.000000e+00,0.000000e+00,0.000000e+00,0.000000e+00,0.000000e+00,0.000000e+00,0.000000e+00,0.000000e+00,0.000000e+00,0.000000e+00,0.000000e+00,0.000000e+00,0.000000e+00,0.000000e+00,0.000000e+00,0.000000e+00,0.000000e+00,0.000000e+00,0.000000e+00,0.000000e+00,0.000000e+00,0.000000e+00,0.000000e+00,0.000000e+00,0.000000e+00,0.000000e+00,0.000000e+00,0.000000e+00,0.000000e+00,0.000000e+00,0.000000e+00,0.000000e+00,0.000000e+00,0.000000e+00,0.000000e+00,7.834842e-09,9.092887e+03,2.438600e-10,3.077320e-10,-4.546442e+00,1.136610e-03,0.000000e+00,0.000000e+00,0.000000e+00,0.000000e+00,0.000000e+00,0.000000e+00,0.000000e+00,0.000000e+00,0.000000e+00,0.000000e+00,0.000000e+00,0.000000e+00,0.000000e+00,0.000000e+00,0.000000e+00,0.000000e+00,0.000000e+00,0.000000e+00,0.000000e+00,0.000000e+00,0.000000e+00,0.000000e+00,0.000000e+00,0.000000e+00,0.000000e+00,0.000000e+00,0.000000e+00,0.000000e+00,0.000000e+00,0.000000e+00,0.000000e+00,0.000000e+00,0.000000e+00,0.000000e+00,0.000000e+00,0.000000e+00,0.000000e+00,0.000000e+00,-4.801044e-01,0.000000e+00,0.000000e+00,-4.000000e+03,0.000000e+00,0.000000e+00,0.000000e+00,0.000000e+00,0.000000e+00,0.000000e+00,0.000000e+00,0.000000e+00,0.000000e+00
1.322737e-04,9.239129e-09,3.599252e+04,2.042326e-15,3.049640e-15,-1.799626e+01,1.023742e-01,2.449512e-06,0.000000e+00,0.000000e+00,0.000000e+00,0.000000e+00,0.000000e+00,0.000000e+00,0.000000e+00,0.000000e+00,0.000000e+00,0.000000e+00,0.000000e+00,0.000000e+00,0.000000e+00,0.000000e+00,0.000000e+00,0.000000e+00,0.000000e+00,0.000000e+00,0.000000e+00,0.000000e+00,0.000000e+00,0.000000e+00,0.000000e+00,0.000000e+00,0.000000e+00,0.000000e+00,0.000000e+00,0.000000e+00,0.000000e+00,0.000000e+00,0.000000e+00,0.000000e+00,0.000000e+00,0.000000e+00,0.000000e+00,0.000000e+00,0.000000e+00,0.000000e+00,0.000000e+00,0.000000e+00,0.000000e+00,9.239129e-09,9.092887e+03,8.361944e-11,-4.132516e-10,-4.546441e+00,1.136610e-03,0.000000e+00,0.000000e+00,0.000000e+00,0.000000e+00,0.000000e+00,0.000000e+00,0.000000e+00,0.000000e+00,0.000000e+00,0.000000e+00,0.000000e+00,0.000000e+00,0.000000e+00,0.000000e+00,0.000000e+00,0.000000e+00,0.000000e+00,0.000000e+00,0.000000e+00,0.000000e+00,0.000000e+00,0.000000e+00,0.000000e+00,0.000000e+00,0.000000e+00,0.000000e+00,0.000000e+00,0.000000e+00,0.000000e+00,0.000000e+00,0.000000e+00,0.000000e+00,0.000000e+00,0.000000e+00,0.000000e+00,0.000000e+00,0.000000e+00,0.000000e+00,-5.290946e-01,0.000000e+00,0.000000e+00,-4.000000e+03,0.000000e+00,0.000000e+00,0.000000e+00,0.000000e+00,0.000000e+00,0.000000e+00,0.000000e+00,0.000000e+00,0.000000e+00
1.420717e-04,1.042583e-08,3.599252e+04,3.211872e-15,2.430455e-15,-1.799626e+01,1.023742e-01,2.449512e-06,0.000000e+00,0.000000e+00,0.000000e+00,0.000000e+00,0.000000e+00,0.000000e+00,0.000000e+00,0.000000e+00,0.000000e+00,0.000000e+00,0.000000e+00,0.000000e+00,0.000000e+00,0.000000e+00,0.000000e+00,0.000000e+00,0.000000e+00,0.000000e+00,0.000000e+00,0.000000e+00,0.000000e+00,0.000000e+00,0.000000e+00,0.000000e+00,0.000000e+00,0.000000e+00,0.000000e+00,0.000000e+00,0.000000e+00,0.000000e+00,0.000000e+00,0.000000e+00,0.000000e+00,0.000000e+00,0.000000e+00,0.000000e+00,0.000000e+00,0.000000e+00,0.000000e+00,0.000000e+00,0.000000e+00,1.042583e-08,9.092889e+03,-1.715809e-10,-2.055197e-10,-4.546442e+00,1.136610e-03,0.000000e+00,0.000000e+00,0.000000e+00,0.000000e+00,0.000000e+00,0.000000e+00,0.000000e+00,0.000000e+00,0.000000e+00,0.000000e+00,0.000000e+00,0.000000e+00,0.000000e+00,0.000000e+00,0.000000e+00,0.000000e+00,0.000000e+00,0.000000e+00,0.000000e+00,0.000000e+00,0.000000e+00,0.000000e+00,0.000000e+00,0.000000e+00,0.000000e+00,0.000000e+00,0.000000e+00,0.000000e+00,0.000000e+00,0.000000e+00,0.000000e+00,0.000000e+00,0.000000e+00,0.000000e+00,0.000000e+00,0.000000e+00,0.000000e+00,0.000000e+00,-5.682868e-01,0.000000e+00,0.000000e+00,-4.000000e+03,0.000000e+00,0.000000e+00,0.000000e+00,0.000000e+00,0.000000e+00,0.000000e+00,0.000000e+00,0.000000e+00,0.000000e+00
1.518698e-04,1.167627e-08,3.599252e+04,4.450392e-15,2.802945e-15,-1.799626e+01,1.023742e-01,2.449512e-06,0.000000e+00,0.000000e+00,0.000000e+00,0.000000e+00,0.000000e+00,0.000000e+00,0.000000e+00,0.000000e+00,0.000000e+00,0.000000e+00,0.000000e+00,0.000000e+00,0.000000e+00,0.000000e+00,0.000000e+00,0.000000e+00,0.000000e+00,0.000000e+00,0.000000e+00,0.000000e+00,0.000000e+00,0.000000e+00,0.000000e+00,0.000000e+00,0.000000e+00,0.000000e+00,0.000000e+00,0.000000e+00,0.000000e+00,0.000000e+00,0.000000e+00,0.000000e+00,0.000000e+00,0.000000e+00,0.000000e+00,0.000000e+00,0.000000e+00,0.000000e+00,0.000000e+00,0.000000e+00,0.000000e+00,1.167627e-08,9.092883e+03,3.704179e-10,1.072283e-10,-4.546441e+00,1.136610e-03,0.000000e+00,0.000000e+00,0.000000e+00,0.000000e+00,0.000000e+00,0.000000e+00,0.000000e+00,0.000000e+00,0.000000e+00,0.000000e+00,0.000000e+00,0.000000e+00,0.000000e+00,0.000000e+00,0.000000e+00,0.000000e+00,0.000000e+00,0.000000e+00,0.000000e+00,0.000000e+00,0.000000e+00,0.000000e+00,0.000000e+00,0.000000e+00,0.000000e+00,0.000000e+00,0.000000e+00,0.000000e+00,0.000000e+00,0.000000e+00,0.000000e+00,0.000000e+00,0.000000e+00,0.000000e+00,0.000000e+00,0.000000e+00,0.000000e+00,0.000000e+00,-6.074790e-01,0.000000e+00,0.000000e+00,-4.000000e+03,0.000000e+00,0.000000e+00,0.000000e+00,0.000000e+00,0.000000e+00,0.000000e+00,0.000000e+00,0.000000e+00,0.000000e+00
1.616678e-04,1.299632e-08,3.599252e+04,4.532494e-15,2.996410e-15,-1.799626e+01,1.023742e-01,2.449512e-06,0.000000e+00,0.000000e+00,0.000000e+00,0.000000e+00,0.000000e+00,0.000000e+00,0.000000e+00,0.000000e+00,0.000000e+00,0.000000e+00,0.000000e+00,0.000000e+00,0.000000e+00,0.000000e+00,0.000000e+00,0.000000e+00,0.000000e+00,0.000000e+00,0.000000e+00,0.000000e+00,0.000000e+00,0.000000e+00,0.000000e+00,0.000000e+00,0.000000e+00,0.000000e+00,0.000000e+00,0.000000e+00,0.000000e+00,0.000000e+00,0.000000e+00,0.000000e+00,0.000000e+00,0.000000e+00,0.000000e+00,0.000000e+00,0.000000e+00,0.000000e+00,0.000000e+00,0.000000e+00,0.000000e+00,1.299632e-08,9.092885e+03,-3.890377e-11,-2.549322e-10,-4.546443e+00,1.136610e-03,0.000000e+00,0.000000e+00,0.000000e+00,0.000000e+00,0.000000e+00,0.000000e+00,0.000000e+00,0.000000e+00,0.000000e+00,0.000000e+00,0.000000e+00,0.000000e+00,0.000000e+00,0.000000e+00,0.000000e+00,0.000000e+00,0.000000e+00,0.000000e+00,0.000000e+00,0.000000e+00,0.000000e+00,0.000000e+00,0.000000e+00,0.000000e+00,0.000000e+00,0.000000e+00,0.000000e+00,0.000000e+00,0.000000e+00,0.000000e+00,0.000000e+00,0.000000e+00,0.000000e+00,0.000000e+00,0.000000e+00,0.000000e+00,0.000000e+00,0.000000e+00,-6.466712e-01,0.000000e+00,0.000000e+00,-4.000000e+03,0.000000e+00,0.000000e+00,0.000000e+00,0.000000e+00,0.000000e+00,0.000000e+00,0.000000e+00,0.000000e+00,0.000000e+00
1.714659e-04,1.437238e-08,3.599252e+04,4.965902e-15,3.307605e-15,-1.799626e+01,1.023742e-01,2.449512e-06,0.000000e+00,0.000000e+00,0.000000e+00,0.000000e+00,0.000000e+00,0.000000e+00,0.000000e+00,0.000000e+00,0.000000e+00,0.000000e+00,0.000000e+00,0.000000e+00,0.000000e+00,0.000000e+00,0.000000e+00,0.000000e+00,0.000000e+00,0.000000e+00,0.000000e+00,0.000000e+00,0.000000e+00,0.000000e+00,0.000000e+00,0.000000e+00,0.000000e+00,0.000000e+00,0.000000e+00,0.000000e+00,0.000000e+00,0.000000e+00,0.000000e+00,0.000000e+00,0.000000e+00,0.000000e+00,0.000000e+00,0.000000e+00,0.000000e+00,0.000000e+00,0.000000e+00,0.000000e+00,0.000000e+00,1.437238e-08,9.092883e+03,-3.916680e-10,5.444002e-10,-4.546441e+00,1.136609e-03,0.000000e+00,0.000000e+00,0.000000e+00,0.000000e+00,0.000000e+00,0.000000e+00,0.000000e+00,0.000000e+00,0.000000e+00,0.000000e+00,0.000000e+00,0.000000e+00,0.000000e+00,0.000000e+00,0.000000e+00,0.000000e+00,0.000000e+00,0.000000e+00,0.000000e+00,0.000000e+00,0.000000e+00,0.000000e+00,0.000000e+00,0.000000e+00,0.000000e+00,0.000000e+00,0.000000e+00,0.000000e+00,0.000000e+00,0.000000e+00,0.000000e+00,0.000000e+00,0.000000e+00,0.000000e+00,0.000000e+00,0.000000e+00,0.000000e+00,0.000000e+00,-6.858634e-01,0.000000e+00,0.000000e+00,-4.000000e+03,0.000000e+00,0.000000e+00,0.000000e+00,0.000000e+00,0.000000e+00,0.000000e+00,0.000000e+00,0.000000e+00,0.000000e+00
1.812639e-04,1.580698e-08,3.599252e+04,5.973912e-15,3.518089e-15,-1.799626e+01,1.023742e-01,2.449512e-06,0.000000e+00,0.000000e+00,0.000000e+00,0.000000e+00,0.000000e+00,0.000000e+00,0.000000e+00,0.000000e+00,0.000000e+00,0.000000e+00,0.000000e+00,0.000000e+00,0.000000e+00,0.000000e+00,0.000000e+00,0.000000e+00,0.000000e+00,0.000000e+00,0.000000e+00,0.000000e+00,0.000000e+00,0.000000e+00,0.000000e+00,0.000000e+00,0.000000e+00,0.000000e+00,0.000000e+00,0.000000e+00,0.000000e+00,0.000000e+00,0.000000e+00,0.000000e+00,0.000000e+00,0.000000e+00,0.000000e+00,0.000000e+00,0.000000e+00,0.000000e+00,0.000000e+00,0.000000e+00,0.000000e+00,1.580698e-08,9.092889e+03,5.176737e-11,-4.241635e-10,-4.546442e+00,1.136610e-03,0.000000e+00,0.000000e+00,0.000000e+00,0.000000e+00,0.000000e+00,0.000000e+00,0.000000e+00,0.000000e+00,0.000000e+00,0.000000e+00,0.000000e+00,0.000000e+00,0.000000e+00,0.000000e+00,0.000000e+00,0.000000e+00,0.000000e+00,0.000000e+00,0.000000e+00,0.000000e+00,0.000000e+00,0.000000e+00,0.000000e+00,0.000000e+00,0.000000e+00,0.000000e+00,0.000000e+00,0.000000e+00,0.000000e+00,0.000000e+00,0.000000e+00,0.000000e+00,0.000000e+00,0.000000e+00,0.000000e+00,0.000000e+00,0.000000e+00,0.000000e+00,-7.250556e-01,0.000000e+00,0.000000e+00,-4.000000e+03,0.000000e+00,0.000000e+00,0.000000e+00,0.000000e+00,0.000000e+00,0.000000e+00,0.000000e+00,0.000000e+00,0.000000e+00
1.910620e-04,1.730695e-08,3.599252e+04,6.079041e-15,3.690725e-15,-1.799626e+01,1.023742e-01,2.449512e-06,0.000000e+00,0.000000e+00,0.000000e+00,0.000000e+00,0.000000e+00,0.000000e+00,0.000000e+00,0.000000e+00,0.000000e+00,0.000000e+00,0.000000e+00,0.000000e+00,0.000000e+00,0.000000e+00,0.000000e+00,0.000000e+00,0.000000e+00,0.000000e+00,0.000000e+00,0.000000e+00,0.000000e+00,0.000000e+00,0.000000e+00,0.000000e+00,0.000000e+00,0.000000e+00,0.000000e+00,0.000000e+00,0.000000e+00,0.000000e+00,0.000000e+00,0.000000e+00,0.000000e+00,0.000000e+00,0.000000e+00,0.000000e+00,0.000000e+00,0.000000e+00,0.000000e+00,0.000000e+00,0.000000e+00,1.730695e-08,9.092883e+03,1.237501e-10,1.504232e-10,-4.546441e+00,1.136610e-03,0.000000e+00,0.000000e+00,0.000000e+00,0.000000e+00,0.000000e+00,0.000000e+00,0.000000e+00,0.000000e+00,0.000000e+00,0.000000e+00,0.000000e+00,0.000000e+00,0.000000e+00,0.000000e+00,0.000000e+00,0.000000e+00,0.000000e+00,0.000000e+00,0.000000e+00,0.000000e+00,0.000000e+00,0.000000e+00,0.000000e+00,0.000000e+00,0.000000e+00,0.000000e+00,0.000000e+00,0.000000e+00,0.000000e+00,0.000000e+00,0.000000e+00,0.000000e+00,0.000000e+00,0.000000e+00,0.000000e+00,0.000000e+00,0.000000e+00,0.000000e+00,-7.642478e-01,0.000000e+00,0.000000e+00,-4.000000e+03,0.000000e+00,0.000000e+00,0.000000e+00,0.000000e+00,0.000000e+00,0.000000e+00,0.000000e+00,0.000000e+00,0.000000e+00
2.008600e-04,1.887044e-08,3.599252e+04,6.630766e-15,4.528065e-15,-1.799626e+01,1.023742e-01,2.449512e-06,0.000000e+00,0.000000e+00,0.000000e+00,0.000000e+00,0.000000e+00,0.000000e+00,0.000000e+00,0.000000e+00,0.000000e+00,0.000000e+00,0.000000e+00,0.000000e+00,0.000000e+00,0.000000e+00,0.000000e+00,0.000000e+00,0.000000e+00,0.000000e+00,0.000000e+00,0.000000e+00,0.000000e+00,0.000000e+00,0.000000e+00,0.000000e+00,0.000000e+00,0.000000e+00,0.000000e+00,0.000000e+00,0.000000e+00,0.000000e+00,0.000000e+00,0.000000e+00,0.000000e+00,0.000000e+00,0.000000e+00,0.000000e+00,0.000000e+00,0.000000e+00,0.000000e+00,0.000000e+00,0.000000e+00,1.887044e-08,9.092886e+03,-2.563942e-10,8.557304e-10,-4.546443e+00,1.136610e-03,0.000000e+00,0.000000e+00,0.000000e+00,0.000000e+00,0.000000e+00,0.000000e+00,0.000000e+00,0.000000e+00,0.000000e+00,0.000000e+00,0.000000e+00,0.000000e+00,0.000000e+00,0.000000e+00,0.000000e+00,0.000000e+00,0.000000e+00,0.000000e+00,0.000000e+00,0.000000e+00,0.000000e+00,0.000000e+00,0.000000e+00,0.000000e+00,0.000000e+00,0.000000e+00,0.000000e+00,0.000000e+00,0.000000e+00,0.000000e+00,0.000000e+00,0.000000e+00,0.000000e+00,0.000000e+00,0.000000e+00,0.000000e+00,0.000000e+00,0.000000e+00,-8.034400e-01,0.000000e+00,0.000000e+00,-4.000000e+03,0.000000e+00,0.000000e+00,0.000000e+00,0.000000e+00,0.000000e+00,0.000000e+00,0.000000e+00,0.000000e+00,0.000000e+00
2.106581e-04,2.048462e-08,3.599252e+04,6.598555e-15,5.823177e-15,-1.799626e+01,1.023742e-01,2.449512e-06,0.000000e+00,0.000000e+00,0.000000e+00,0.000000e+00,0.000000e+00,0.000000e+00,0.000000e+00,0.000000e+00,0.000000e+00,0.000000e+00,0.000000e+00,0.000000e+00,0.000000e+00,0.000000e+00,0.000000e+00,0.000000e+00,0.000000e+00,0.000000e+00,0.000000e+00,0.000000e+00,0.000000e+00,0.000000e+00,0.000000e+00,0.000000e+00,0.000000e+00,0.000000e+00,0.000000e+00,0.000000e+00,0.000000e+00,0.000000e+00,0.000000e+00,0.000000e+00,0.000000e+00,0.000000e+00,0.000000e+00,0.000000e+00,0.000000e+00,0.000000e+00,0.000000e+00,0.000000e+00,0.000000e+00,2.048462e-08,9.092885e+03,3.804284e-10,-4.227391e-10,-4.546442e+00,1.136609e-03,0.000000e+00,0.000000e+00,0.000000e+00,0.000000e+00,0.000000e+00,0.000000e+00,0.000000e+00,0.000000e+00,0.000000e+00,0.000000e+00,0.000000e+00,0.000000e+00,0.000000e+00,0.000000e+00,0.000000e+00,0.000000e+00,0.000000e+00,0.000000e+00,0.000000e+00,0.000000e+00,0.000000e+00,0.000000e+00,0.000000e+00,0.000000e+00,0.000000e+00,0.000000e+00,0.000000e+00,0.000000e+00,0.000000e+00,0.000000e+00,0.000000e+00,0.000000e+00,0.000000e+00,0.000000e+00,0.000000e+00,0.000000e+00,0.000000e+00,0.000000e+00,-8.426322e-01,0.000000e+00,0.000000e+00,-4.000000e+03,0.000000e+00,0.000000e+00,0.000000e+00,0.000000e+00,0.000000e+00,0.000000e+00,0.000000e+00,0.000000e+00,0.000000e+00
2.204561e-04,2.216502e-08,3.599252e+04,7.606776e-15,5.600401e-15,-1.799626e+01,1.023742e-01,2.449512e-06,0.000000e+00,0.000000e+00,0.000000e+00,0.000000e+00,0.000000e+00,0.000000e+00,0.000000e+00,0.000000e+00,0.000000e+00,0.000000e+00,0.000000e+00,0.000000e+00,0.000000e+00,0.000000e+00,0.000000e+00,0.000000e+00,0.000000e+00,0.000000e+00,0.000000e+00,0.000000e+00,0.000000e+00,0.000000e+00,0.000000e+00,0.000000e+00,0.000000e+00,0.000000e+00,0.000000e+00,0.000000e+00,0.000000e+00,0.000000e+00,0.000000e+00,0.000000e+00,0.000000e+00,0.000000e+00,0.000000e+00,0.000000e+00,0.000000e+00,0.000000e+00,0.000000e+00,0.000000e+00,0.000000e+00,2.216502e-08,9.092884e+03,2.455736e-11,-3.230287e-10,-4.546441e+00,1.136610e-03,0.000000e+00,0.000000e+00,0.000000e+00,0.000000e+00,0.000000e+00,0.000000e+00,0.000000e+00,0.000000e+00,0.000000e+00,0.000000e+00,0.000000e+00,0.000000e+00,0.000000e+00,0.000000e+00,0.000000e+00,0.000000e+00,0.000000e+00,0.000000e+00,0.000000e+00,0.000000e+00,0.000000e+00,0.000000e+00,0.000000e+00,0.000000e+00,0.000000e+00,0.000000e+00,0.000000e+00,0.000000e+00,0.000000e+00,0.000000e+00,0.000000e+00,0.000000e+00,0.000000e+00,0.000000e+00,0.000000e+00,0.000000e+00,0.000000e+00,0.000000e+00,-8.818244e-01,0.000000e+00,0.000000e+00,-4.000000e+03,0.000000e+00,0.000000e+00,0.000000e+00,0.000000e+00,0.000000e+00,0.000000e+00,0.000000e+00,0.000000e+00,0.000000e+00
2.302542e-04,2.389840e-08,3.599252e+04,7.447693e-15,7.162888e-15,-1.799626e+01,1.023742e-01,2.449512e-06,0.000000e+00,0.000000e+00,0.000000e+00,0.000000e+00,0.000000e+00,0.000000e+00,0.000000e+00,0.000000e+00,0.000000e+00,0.000000e+00,0.000000e+00,0.000000e+00,0.000000e+00,0.000000e+00,0.000000e+00,0.000000e+00,0.000000e+00,0.000000e+00,0.000000e+00,0.000000e+00,0.000000e+00,0.000000e+00,0.000000e+00,0.000000e+00,0.000000e+00,0.000000e+00,0.000000e+00,0.000000e+00,0.000000e+00,0.000000e+00,0.000000e+00,0.000000e+00,0.000000e+00,0.000000e+00,0.000000e+00,0.000000e+00,0.000000e+00,0.000000e+00,0.000000e+00,0.000000e+00,0.000000e+00,2.389840e-08,9.092888e+03,-5.903507e-10,1.029363e-10,-4.546442e+00,1.136610e-03,0.000000e+00,0.000000e+00,0.000000e+00,0.000000e+00,0.000000e+00,0.000000e+00,0.000000e+00,0.000000e+00,0.000000e+00,0.000000e+00,0.000000e+00,0.000000e+00,0.000000e+00,0.000000e+00,0.000000e+00,0.000000e+00,0.000000e+00,0.000000e+00,0.000000e+00,0.000000e+00,0.000000e+00,0.000000e+00,0.000000e+00,0.000000e+00,0.000000e+00,0.000000e+00,0.000000e+00,0.000000e+00,0.000000e+00,0.000000e+00,0.000000e+00,0.000000e+00,0.000000e+00,0.000000e+00,0.000000e+00,0.000000e+00,0.000000e+00,0.000000e+00,-9.210166e-01,0.000000e+00,0.000000e+00,-4.000000e+03,0.000000e+00,0.000000e+00,0.000000e+00,0.000000e+00,0.000000e+00,0.000000e+00,0.000000e+00,0.000000e+00,0.000000e+00
2.400522e-04,2.569864e-08,3.599252e+04,7.168100e-15,8.319508e-15,-1.799626e+01,1.023742e-01,2.449512e-06,0.000000e+00,0.000000e+00,0.000000e+00,0.000000e+00,0.000000e+00,0.000000e+00,0.000000e+00,0.000000e+00,0.000000e+00,0.000000e+00,0.000000e+00,0.000000e+00,0.000000e+00,0.000000e+00,0.000000e+00,0.000000e+00,0.000000e+00,0.000000e+00,0.000000e+00,0.000000e+00,0.000000e+00,0.000000e+00,0.000000e+00,0.000000e+00,0.000000e+00,0.000000e+00,0.000000e+00,0.000000e+00,0.000000e+00,0.000000e+00,0.000000e+00,0.000000e+00,0.000000e+00,0.000000e+00,0.000000e+00,0.000000e+00,0.000000e+00,0.000000e+00,0.000000e+00,0.000000e+00,0.000000e+00,2.569864e-08,9.092880e+03,1.525900e-10,5.636821e-10,-4.546443e+00,1.136610e-03,0.000000e+00,0.000000e+00,0.000000e+00,0.000000e+00,0.000000e+00,0.000000e+00,0.000000e+00,0.000000e+00,0.000000e+00,0.000000e+00,0.000000e+00,0.000000e+00,0.000000e+00,0.000000e+00,0.000000e+00,0.000000e+00,0.000000e+00,0.000000e+00,0.000000e+00,0.000000e+00,0.000000e+00,0.000000e+00,0.000000e+00,0.000000e+00,0.000000e+00,0.000000e+00,0.000000e+00,0.000000e+00,0.000000e+00,0.000000e+00,0.000000e+00,0.000000e+00,0.000000e+00,0.000000e+00,0.000000e+00,0.000000e+00,0.000000e+00,0.000000e+00,-9.602088e-01,0.000000e+00,0.000000e+00,-4.000000e+03,0.000000e+00,0.000000e+00,0.000000e+00,0.000000e+00,0.000000e+00,0.000000e+00,0.000000e+00,0.000000e+00,0.000000e+00
2.522998e-04,2.802393e-08,3.599252e+04,6.938019e-15,1.062214e-14,-1.799626e+01,1.023742e-01,2.449512e-06,0.000000e+00,0.000000e+00,0.000000e+00,0.000000e+00,0.000000e+00,0.000000e+00,0.000000e+00,0.000000e+00,0.000000e+00,0.000000e+00,0.000000e+00,0.000000e+00,0.000000e+00,0.000000e+00,0.000000e+00,0.000000e+00,0.000000e+00,0.000000e+00,0.000000e+00,0.000000e+00,0.000000e+00,0.000000e+00,0.000000e+00,0.000000e+00,0.000000e+00,0.000000e+00,0.000000e+00,0.000000e+00,0.000000e+00,0.000000e+00,0.000000e+00,0.000000e+00,0.000000e+00,0.000000e+00,0.000000e+00,0.000000e+00,0.000000e+00,0.000000e+00,0.000000e+00,0.000000e+00,0.000000e+00,2.802393e-08,9.092877e+03,6.656539e-10,2.589566e-10,-4.546442e+00,1.136610e-03,0.000000e+00,0.000000e+00,0.000000e+00,0.000000e+00,0.000000e+00,0.000000e+00,0.000000e+00,0.000000e+00,0.000000e+00,0.000000e+00,0.000000e+00,0.000000e+00,0.000000e+00,0.000000e+00,0.000000e+00,0.000000e+00,0.000000e+00,0.000000e+00,0.000000e+00,0.000000e+00,0.000000e+00,0.000000e+00,0.000000e+00,0.000000e+00,0.000000e+00,0.000000e+00,0.000000e+00,0.000000e+00,0.000000e+00,0.000000e+00,0.000000e+00,0.000000e+00,0.000000e+00,0.000000e+00,0.000000e+00,0.000000e+00,0.000000e+00,0.000000e+00,-1.009199e+00,0.000000e+00,0.000000e+00,-4.000000e+03,0.000000e+00,0.000000e+00,0.000000e+00,0.000000e+00,0.000000e+00,0.000000e+00,0.000000e+00,0.000000e+00,0.000000e+00
2.620978e-04,2.995591e-08,3.599252e+04,6.710649e-15,1.157464e-14,-1.799626e+01,1.023742e-01,2.449512e-06,0.000000e+00,0.000000e+00,0.000000e+00,0.000000e+00,0.000000e+00,0.000000e+00,0.000000e+00,0.000000e+00,0.000000e+00,0.000000e+00,0.000000e+00,0.000000e+00,0.000000e+00,0.000000e+00,0.000000e+00,0.000000e+00,0.000000e+00,0.000000e+00,0.000000e+00,0.000000e+00,0.000000e+00,0.000000e+00,0.000000e+00,0.000000e+00,0.000000e+00,0.000000e+00,0.000000e+00,0.000000e+00,0.000000e+00,0.000000e+00,0.000000e+00,0.000000e+00,0.000000e+00,0.000000e+00,0.000000e+00,0.000000e+00,0.000000e+00,0.000000e+00,0.000000e+00,0.000000e+00,0.000000e+00,2.995591e-08,9.092885e+03,-2.500494e-11,-3.389076e-10,-4.546441e+00,1.136609e-03,0.000000e+00,0.000000e+00,0.000000e+00,0.000000e+00,0.000000e+00,0.000000e+00,0.000000e+00,0.000000e+00,0.000000e+00,0.000000e+00,0.000000e+00,0.000000e+00,0.000000e+00,0.000000e+00,0.000000e+00,0.000000e+00,0.000000e+00,0.000000e+00,0.000000e+00,0.000000e+00,0.000000e+00,0.000000e+00,0.000000e+00,0.000000e+00,0.000000e+00,0.000000e+00,0.000000e+00,0.000000e+00,0.000000e+00,0.000000e+00,0.000000e+00,0.000000e+00,0.000000e+00,0.000000e+00,0.000000e+00,0.000000e+00,0.000000e+00,0.000000e+00,-1.048391e+00,0.000000e+00,0.000000e+00,-4.000000e+03,0.000000e+00,0.000000e+00,0.000000e+00,0.000000e+00,0.000000e+00,0.000000e+00,0.000000e+00,0.000000e+00,0.000000e+00
2.718959e-04,3.193902e-08,3.599252e+04,7.309185e-15,1.299261e-14,-1.799626e+01,1.023742e-01,2.449512e-06,0.000000e+00,0.000000e+00,0.000000e+00,0.000000e+00,0.000000e+00,0.000000e+00,0.000000e+00,0.000000e+00,0.000000e+00,0.000000e+00,0.000000e+00,0.000000e+00,0.000000e+00,0.000000e+00,0.000000e+00,0.000000e+00,0.000000e+00,0.000000e+00,0.000000e+00,0.000000e+00,0.000000e+00,0.000000e+00,0.000000e+00,0.000000e+00,0.000000e+00,0.000000e+00,0.000000e+00,0.000000e+00,0.000000e+00,0.000000e+00,0.000000e+00,0.000000e+00,0.000000e+00,0.000000e+00,0.000000e+00,0.000000e+00,0.000000e+00,0.000000e+00,0.000000e+00,0.000000e+00,0.000000e+00,3.193902e-08,9.092887e+03,2.544637e-11,1.343012e-10,-4.546442e+00,1.136610e-03,0.000000e+00,0.000000e+00,0.000000e+00,0.000000e+00,0.000000e+00,0.000000e+00,0.000000e+00,0.000000e+00,0.000000e+00,0.000000e+00,0.000000e+00,0.000000e+00,0.000000e+00,0.000000e+00,0.000000e+00,0.000000e+00,0.000000e+00,0.000000e+00,0.000000e+00,0.000000e+00,0.000000e+00,0.000000e+00,0.000000e+00,0.000000e+00,0.000000e+00,0.000000e+00,0.000000e+00,0.000000e+00,0.000000e+00,0.000000e+00,0.000000e+00,0.000000e+00,0.000000e+00,0.000000e+00,0.000000e+00,0.000000e+00,0.000000e+00,0.000000e+00,-1.087583e+00,0.000000e+00,0.000000e+00,-4.000000e+03,0.000000e+00,0.000000e+00,0.000000e+00,0.000000e+00,0.000000e+00,0.000000e+00,0.000000e+00,0.000000e+00,0.000000e+00
2.816939e-04,3.398210e-08,3.599252e+04,8.004257e-15,1.528188e-14,-1.799626e+01,1.023742e-01,2.449512e-06,0.000000e+00,0.000000e+00,0.000000e+00,0.000000e+00,0.000000e+00,0.000000e+00,0.000000e+00,0.000000e+00,0.000000e+00,0.000000e+00,0.000000e+00,0.000000e+00,0.000000e+00,0.000000e+00,0.000000e+00,0.000000e+00,0.000000e+00,0.000000e+00,0.000000e+00,0.000000e+00,0.000000e+00,0.000000e+00,0.000000e+00,0.000000e+00,0.000000e+00,0.000000e+00,0.000000e+00,0.000000e+00,0.000000e+00,0.000000e+00,0.000000e+00,0.000000e+00,0.000000e+00,0.000000e+00,0.000000e+00,0.000000e+00,0.000000e+00,0.000000e+00,0.000000e+00,0.000000e+00,0.000000e+00,3.398210e-08,9.092884e+03,6.737138e-10,2.041025e-10,-4.546442e+00,1.136610e-03,0.000000e+00,0.000000e+00,0.000000e+00,0.000000e+00,0.000000e+00,0.000000e+00,0.000000e+00,0.000000e+00,0.000000e+00,0.000000e+00,0.000000e+00,0.000000e+00,0.000000e+00,0.000000e+00,0.000000e+00,0.000000e+00,0.000000e+00,0.000000e+00,0.000000e+00,0.000000e+00,0.000000e+00,0.000000e+00,0.000000e+00,0.000000e+00,0.000000e+00,0.000000e+00,0.000000e+00,0.000000e+00,0.000000e+00,0.000000e+00,0.000000e+00,0.000000e+00,0.000000e+00,0.000000e+00,0.000000e+00,0.000000e+00,0.000000e+00,0.000000e+00,-1.126776e+00,0.000000e+00,0.000000e+00,-4.000000e+03,0.000000e+00,0.000000e+00,0.000000e+00,0.000000e+00,0.000000e+00,0.000000e+00,0.000000e+00,0.000000e+00,0.000000e+00
2.914920e-04,3.609016e-08,3.599252e+04,1.013266e-14,1.691407e-14,-1.799626e+01,1.023742e-01,2.449512e-06,0.000000e+00,0.000000e+00,0.000000e+00,0.000000e+00,0.000000e+00,0.000000e+00,0.000000e+00,0.000000e+00,0.000000e+00,0.000000e+00,0.000000e+00,0.000000e+00,0.000000e+00,0.000000e+00,0.000000e+00,0.000000e+00,0.000000e+00,0.000000e+00,0.000000e+00,0.000000e+00,0.000000e+00,0.000000e+00,0.000000e+00,0.000000e+00,0.000000e+00,0.000000e+00,0.000000e+00,0.000000e+00,0.000000e+00,0.000000e+00,0.000000e+00,0.000000e+00,0.000000e+00,0.000000e+00,0.000000e+00,0.000000e+00,0.000000e+00,0.000000e+00,0.000000e+00,0.000000e+00,0.000000e+00,3.609016e-08,9.092885e+03,5.081124e-11,9.987713e-10,-4.546444e+00,1.136610e-03,0.000000e+00,0.000000e+00,0.000000e+00,0.000000e+00,0.000000e+00,0.000000e+00,0.000000e+00,0.000000e+00,0.000000e+00,0.000000e+00,0.000000e+00,0.000000e+00,0.000000e+00,0.000000e+00,0.000000e+00,0.000000e+00,0.000000e+00,0.000000e+00,0.000000e+00,0.000000e+00,0.000000e+00,0.000000e+00,0.000000e+00,0.000000e+00,0.000000e+00,0.000000e+00,0.000000e+00,0.000000e+00,0.000000e+00,0.000000e+00,0.000000e+00,0.000000e+00,0.000000e+00,0.000000e+00,0.000000e+00,0.000000e+00,0.000000e+00,0.000000e+00,-1.165968e+00,0.000000e+00,0.000000e+00,-4.000000e+03,0.000000e+00,0.000000e+00,0.000000e+00,0.000000e+00,0.000000e+00,0.000000e+00,0.000000e+00,0.000000e+00,0.000000e+00
3.012900e-04,3.824277e-08,3.599252e+04,1.200643e-14,1.870637e-14,-1.799626e+01,1.023742e-01,2.449512e-06,0.000000e+00,0.000000e+00,0.000000e+00,0.000000e+00,0.000000e+00,0.000000e+00,0.000000e+00,0.000000e+00,0.000000e+00,0.000000e+00,0.000000e+00,0.000000e+00,0.000000e+00,0.000000e+00,0.000000e+00,0.000000e+00,0.000000e+00,0.000000e+00,0.000000e+00,0.000000e+00,0.000000e+00,0.000000e+00,0.000000e+00,0.000000e+00,0.000000e+00,0.000000e+00,0.000000e+00,0.000000e+00,0.000000e+00,0.000000e+00,0.000000e+00,0.000000e+00,0.000000e+00,0.000000e+00,0.000000e+00,0.000000e+00,0.000000e+00,0.000000e+00,0.000000e+00,0.000000e+00,0.000000e+00,3.824277e-08,9.092887e+03,-4.539236e-10,1.035603e-10,-4.546441e+00,1.136610e-03,0.000000e+00,0.000000e+00,0.000000e+00,0.000000e+00,0.000000e+00,0.000000e+00,0.000000e+00,0.000000e+00,0.000000e+00,0.000000e+00,0.000000e+00,0.000000e+00,0.000000e+00,0.000000e+00,0.000000e+00,0.000000e+00,0.000000e+00,0.000000e+00,0.000000e+00,0.000000e+00,0.000000e+00,0.000000e+00,0.000000e+00,0.000000e+00,0.000000e+00,0.000000e+00,0.000000e+00,0.000000e+00,0.000000e+00,0.000000e+00,0.000000e+00,0.000000e+00,0.000000e+00,0.000000e+00,0.000000e+00,0.000000e+00,0.000000e+00,0.000000e+00,-1.205160e+00,0.000000e+00,0.000000e+00,-4.000000e+03,0.000000e+00,0.000000e+00,0.000000e+00,0.000000e+00,0.000000e+00,0.000000e+00,0.000000e+00,0.000000e+00,0.000000e+00
3.110880e-04,4.046041e-08,3.599252e+04,1.352219e-14,1.866155e-14,-1.799626e+01,1.023742e-01,2.449512e-06,0.000000e+00,0.000000e+00,0.000000e+00,0.000000e+00,0.000000e+00,0.000000e+00,0.000000e+00,0.000000e+00,0.000000e+00,0.000000e+00,0.000000e+00,0.000000e+00,0.000000e+00,0.000000e+00,0.000000e+00,0.000000e+00,0.000000e+00,0.000000e+00,0.000000e+00,0.000000e+00,0.000000e+00,0.000000e+00,0.000000e+00,0.000000e+00,0.000000e+00,0.000000e+00,0.000000e+00,0.000000e+00,0.000000e+00,0.000000e+00,0.000000e+00,0.000000e+00,0.000000e+00,0.000000e+00,0.000000e+00,0.000000e+00,0.000000e+00,0.000000e+00,0.000000e+00,0.000000e+00,0.000000e+00,4.046041e-08,9.092884e+03,1.104077e-09,-5.246945e-10,-4.546441e+00,1.136610e-03,0.000000e+00,0.000000e+00,0.000000e+00,0.000000e+00,0.000000e+00,0.000000e+00,0.000000e+00,0.000000e+00,0.000000e+00,0.000000e+00,0.000000e+00,0.000000e+00,0.000000e+00,0.000000e+00,0.000000e+00,0.000000e+00,0.000000e+00,0.000000e+00,0.000000e+00,0.000000e+00,0.000000e+00,0.000000e+00,0.000000e+00,0.000000e+00,0.000000e+00,0.000000e+00,0.000000e+00,0.000000e+00,0.000000e+00,0.000000e+00,0.000000e+00,0.000000e+00,0.000000e+00,0.000000e+00,0.000000e+00,0.000000e+00,0.000000e+00,0.000000e+00,-1.244352e+00,0.000000e+00,0.000000e+00,-4.000000e+03,0.000000e+00,0.000000e+00,0.000000e+00,0.000000e+00,0.000000e+00,0.000000e+00,0.000000e+00,0.000000e+00,0.000000e+00
3.208861e-04,4.272973e-08,3.599252e+04,1.699247e-14,1.885512e-14,-1.799626e+01,1.023742e-01,2.449512e-06,0.000000e+00,0.000000e+00,0.000000e+00,0.000000e+00,0.000000e+00,0.000000e+00,0.000000e+00,0.000000e+00,0.000000e+00,0.000000e+00,0.000000e+00,0.000000e+00,0.000000e+00,0.000000e+00,0.000000e+00,0.000000e+00,0.000000e+00,0.000000e+00,0.000000e+00,0.000000e+00,0.000000e+00,0.000000e+00,0.000000e+00,0.000000e+00,0.000000e+00,0.000000e+00,0.000000e+00,0.000000e+00,0.000000e+00,0.000000e+00,0.000000e+00,0.000000e+00,0.000000e+00,0.000000e+00,0.000000e+00,0.000000e+00,0.000000e+00,0.000000e+00,0.000000e+00,0.000000e+00,0.000000e+00,4.272973e-08,9.092887e+03,7.660907e-10,5.862519e-10,-4.546440e+00,1.136610e-03,0.000000e+00,0.000000e+00,0.000000e+00,0.000000e+00,0.000000e+00,0.000000e+00,0.000000e+00,0.000000e+00,0.000000e+00,0.000000e+00,0.000000e+00,0.000000e+00,0.000000e+00,0.000000e+00,0.000000e+00,0.000000e+00,0.000000e+00,0.000000e+00,0.000000e+00,0.000000e+00,0.000000e+00,0.000000e+00,0.000000e+00,0.000000e+00,0.000000e+00,0.000000e+00,0.000000e+00,0.000000e+00,0.000000e+00,0.000000e+00,0.000000e+00,0.000000e+00,0.000000e+00,0.000000e+00,0.000000e+00,0.000000e+00,0.000000e+00,0.000000e+00,-1.283544e+00,0.000000e+00,0.000000e+00,-4.000000e+03,0.000000e+00,0.000000e+00,0.000000e+00,0.000000e+00,0.000000e+00,0.000000e+00,0.000000e+00,0.000000e+00,0.000000e+00
3.306842e-04,4.506540e-08,3.599252e+04,1.648573e-14,1.941822e-14,-1.799626e+01,1.023742e-01,2.449512e-06,0.000000e+00,0.000000e+00,0.000000e+00,0.000000e+00,0.000000e+00,0.000000e+00,0.000000e+00,0.000000e+00,0.000000e+00,0.000000e+00,0.000000e+00,0.000000e+00,0.000000e+00,0.000000e+00,0.000000e+00,0.000000e+00,0.000000e+00,0.000000e+00,0.000000e+00,0.000000e+00,0.000000e+00,0.000000e+00,0.000000e+00,0.000000e+00,0.000000e+00,0.000000e+00,0.000000e+00,0.000000e+00,0.000000e+00,0.000000e+00,0.000000e+00,0.000000e+00,0.000000e+00,0.000000e+00,0.000000e+00,0.000000e+00,0.000000e+00,0.000000e+00,0.000000e+00,0.000000e+00,0.000000e+00,4.506540e-08,9.092880e+03,-4.498704e-10,4.048024e-10,-4.546442e+00,1.136610e-03,0.000000e+00,0.000000e+00,0.000000e+00,0.000000e+00,0.000000e+00,0.000000e+00,0.000000e+00,0.000000e+00,0.000000e+00,0.000000e+00,0.000000e+00,0.000000e+00,0.000000e+00,0.000000e+00,0.000000e+00,0.000000e+00,0.000000e+00,0.000000e+00,0.000000e+00,0.000000e+00,0.000000e+00,0.000000e+00,0.000000e+00,0.000000e+00,0.000000e+00,0.000000e+00,0.000000e+00,0.000000e+00,0.000000e+00,0.000000e+00,0.000000e+00,0.000000e+00,0.000000e+00,0.000000e+00,0.000000e+00,0.000000e+00,0.000000e+00,0.000000e+00,-1.322737e+00,0.000000e+00,0.000000e+00,-4.000000e+03,0.000000e+00,0.000000e+00,0.000000e+00,0.000000e+00,0.000000e+00,0.000000e+00,0.000000e+00,0.000000e+00,0.000000e+00
3.404822e-04,4.744278e-08,3.599252e+04,1.833343e-14,1.921799e-14,-1.799626e+01,1.023742e-01,2.449512e-06,0.000000e+00,0.000000e+00,0.000000e+00,0.000000e+00,0.000000e+00,0.000000e+00,0.000000e+00,0.000000e+00,0.000000e+00,0.000000e+00,0.000000e+00,0.000000e+00,0.000000e+00,0.000000e+00,0.000000e+00,0.000000e+00,0.000000e+00,0.000000e+00,0.000000e+00,0.000000e+00,0.000000e+00,0.000000e+00,0.000000e+00,0.000000e+00,0.000000e+00,0.000000e+00,0.000000e+00,0.000000e+00,0.000000e+00,0.000000e+00,0.000000e+00,0.000000e+00,0.000000e+00,0.000000e+00,0.000000e+00,0.000000e+00,0.000000e+00,0.000000e+00,0.000000e+00,0.000000e+00,0.000000e+00,4.744278e-08,9.092885e+03,9.482550e-10,7.541627e-10,-4.546440e+00,1.136610e-03,0.000000e+00,0.000000e+00,0.000000e+00,0.000000e+00,0.000000e+00,0.000000e+00,0.000000e+00,0.000000e+00,0.000000e+00,0.000000e+00,0.000000e+00,0.000000e+00,0.000000e+00,0.000000e+00,0.000000e+00,0.000000e+00,0.000000e+00,0.000000e+00,0.000000e+00,0.000000e+00,0.000000e+00,0.000000e+00,0.000000e+00,0.000000e+00,0.000000e+00,0.000000e+00,0.000000e+00,0.000000e+00,0.000000e+00,0.000000e+00,0.000000e+00,0.000000e+00,0.000000e+00,0.000000e+00,0.000000e+00,0.000000e+00,0.000000e+00,0.000000e+00,-1.361929e+00,0.000000e+00,0.000000e+00,-4.000000e+03,0.000000e+00,0.000000e+00,0.000000e+00,0.000000e+00,0.000000e+00,0.000000e+00,0.000000e+00,0.000000e+00,0.000000e+00
3.502803e-04,4.989343e-08,3.599252e+04,1.815991e-14,2.027354e-14,-1.799626e+01,1.023742e-01,2.449512e-06,0.000000e+00,0.000000e+00,0.000000e+00,0.000000e+00,0.000000e+00,0.000000e+00,0.000000e+00,0.000000e+00,0.000000e+00,0.000000e+00,0.000000e+00,0.000000e+00,0.000000e+00,0.000000e+00,0.000000e+00,0.000000e+00,0.000000e+00,0.000000e+00,0.000000e+00,0.000000e+00,0.000000e+00,0.000000e+00,0.000000e+00,0.000000e+00,0.000000e+00,0.000000e+00,0.000000e+00,0.000000e+00,0.000000e+00,0.000000e+00,0.000000e+00,0.000000e+00,0.000000e+00,0.000000e+00,0.000000e+00,0.000000e+00,0.000000e+00,0.000000e+00,0.000000e+00,0.000000e+00,0.000000e+00,4.989343e-08,9.092887e+03,2.978366e-10,-4.667018e-10,-4.546442e+00,1.136610e-03,0.000000e+00,0.000000e+00,0.000000e+00,0.000000e+00,0.000000e+00,0.000000e+00,0.000000e+00,0.000000e+00,0.000000e+00,0.000000e+00,0.000000e+00,0.000000e+00,0.000000e+00,0.000000e+00,0.000000e+00,0.000000e+00,0.000000e+00,0.000000e+00,0.000000e+00,0.000000e+00,0.000000e+00,0.000000e+00,0.000000e+00,0.000000e+00,0.000000e+00,0.000000e+00,0.000000e+00,0.000000e+00,0.000000e+00,0.000000e+00,0.000000e+00,0.000000e+00,0.000000e+00,0.000000e+00,0.000000e+00,0.000000e+00,0.000000e+00,0.000000e+00,-1.401121e+00,0.000000e+00,0.000000e+00,-4.000000e+03,0.000000e+00,0.000000e+00,0.000000e+00,0.000000e+00,0.000000e+00,0.000000e+00,0.000000e+00,0.000000e+00,0.000000e+00
3.600783e-04,5.238616e-08,3.599252e+04,1.775293e-14,2.003247e-14,-1.799626e+01,1.023742e-01,2.449512e-06,0.000000e+00,0.000000e+00,0.000000e+00,0.000000e+00,0.000000e+00,0.000000e+00,0.000000e+00,0.000000e+00,0.000000e+00,0.000000e+00,0.000000e+00,0.000000e+00,0.000000e+00,0.000000e+00,0.000000e+00,0.000000e+00,0.000000e+00,0.000000e+00,0.000000e+00,0.000000e+00,0.000000e+00,0.000000e+00,0.000000e+00,0.000000e+00,0.000000e+00,0.000000e+00,0.000000e+00,0.000000e+00,0.000000e+00,0.000000e+00,0.000000e+00,0.000000e+00,0.000000e+00,0.000000e+00,0.000000e+00,0.000000e+00,0.000000e+00,0.000000e+00,0.000000e+00,0.000000e+00,0.000000e+00,5.238616e-08,9.092886e+03,-2.791674e-10,-4.389096e-10,-4.546441e+00,1.136610e-03,0.000000e+00,0.000000e+00,0.000000e+00,0.000000e+00,0.000000e+00,0.000000e+00,0.000000e+00,0.000000e+00,0.000000e+00,0.000000e+00,0.000000e+00,0.000000e+00,0.000000e+00,0.000000e+00,0.000000e+00,0.000000e+00,0.000000e+00,0.000000e+00,0.000000e+00,0.000000e+00,0.000000e+00,0.000000e+00,0.000000e+00,0.000000e+00,0.000000e+00,0.000000e+00,0.000000e+00,0.000000e+00,0.000000e+00,0.000000e+00,0.000000e+00,0.000000e+00,0.000000e+00,0.000000e+00,0.000000e+00,0.000000e+00,0.000000e+00,0.000000e+00,-1.440313e+00,0.000000e+00,0.000000e+00,-4.000000e+03,0.000000e+00,0.000000e+00,0.000000e+00,0.000000e+00,0.000000e+00,0.000000e+00,0.000000e+00,0.000000e+00,0.000000e+00
3.723259e-04,5.557714e-08,3.599252e+04,1.896539e-14,2.217467e-14,-1.799626e+01,1.023742e-01,2.449512e-06,0.000000e+00,0.000000e+00,0.000000e+00,0.000000e+00,0.000000e+00,0.000000e+00,0.000000e+00,0.000000e+00,0.000000e+00,0.000000e+00,0.000000e+00,0.000000e+00,0.000000e+00,0.000000e+00,0.000000e+00,0.000000e+00,0.000000e+00,0.000000e+00,0.000000e+00,0.000000e+00,0.000000e+00,0.000000e+00,0.000000e+00,0.000000e+00,0.000000e+00,0.000000e+00,0.000000e+00,0.000000e+00,0.000000e+00,0.000000e+00,0.000000e+00,0.000000e+00,0.000000e+00,0.000000e+00,0.000000e+00,0.000000e+00,0.000000e+00,0.000000e+00,0.000000e+00,0.000000e+00,0.000000e+00,5.557714e-08,9.092889e+03,9.252918e-10,9.432588e-11,-4.546442e+00,1.136610e-03,0.000000e+00,0.000000e+00,0.000000e+00,0.000000e+00,0.000000e+00,0.000000e+00,0.000000e+00,0.000000e+00,0.000000e+00,0.000000e+00,0.000000e+00,0.000000e+00,0.000000e+00,0.000000e+00,0.000000e+00,0.000000e+00,0.000000e+00,0.000000e+00,0.000000e+00,0.000000e+00,0.000000e+00,0.000000e+00,0.000000e+00,0.000000e+00,0.000000e+00,0.000000e+00,0.000000e+00,0.000000e+00,0.000000e+00,0.000000e+00,0.000000e+00,0.000000e+00,0.000000e+00,0.000000e+00,0.000000e+00,0.000000e+00,0.000000e+00,0.000000e+00,-1.489303e+00,0.000000e+00,0.000000e+00,-4.000000e+03,0.000000e+00,0.000000e+00,0.000000e+00,0.000000e+00,0.000000e+00,0.000000e+00,0.000000e+00,0.000000e+00,0.000000e+00
3.821239e-04,5.818877e-08,3.599252e+04,1.991235e-14,2.067254e-14,-1.799626e+01,1.023742e-01,2.449512e-06,0.000000e+00,0.000000e+00,0.000000e+00,0.000000e+00,0.000000e+00,0.000000e+00,0.000000e+00,0.000000e+00,0.000000e+00,0.000000e+00,0.000000e+00,0.000000e+00,0.000000e+00,0.000000e+00,0.000000e+00,0.000000e+00,0.000000e+00,0.000000e+00,0.000000e+00,0.000000e+00,0.000000e+00,0.000000e+00,0.000000e+00,0.000000e+00,0.000000e+00,0.000000e+00,0.000000e+00,0.000000e+00,0.000000e+00,0.000000e+00,0.000000e+00,0.000000e+00,0.000000e+00,0.000000e+00,0.000000e+00,0.000000e+00,0.000000e+00,0.000000e+00,0.000000e+00,0.000000e+00,0.000000e+00,5.818877e-08,9.092887e+03,-1.958911e-10,6.951024e-10,-4.546442e+00,1.136610e-03,0.000000e+00,0.000000e+00,0.000000e+00,0.000000e+00,0.000000e+00,0.000000e+00,0.000000e+00,0.000000e+00,0.000000e+00,0.000000e+00,0.000000e+00,0.000000e+00,0.000000e+00,0.000000e+00,0.000000e+00,0.000000e+00,0.000000e+00,0.000000e+00,0.000000e+00,0.000000e+00,0.000000e+00,0.000000e+00,0.000000e+00,0.000000e+00,0.000000e+00,0.000000e+00,0.000000e+00,0.000000e+00,0.000000e+00,0.000000e+00,0.000000e+00,0.000000e+00,0.000000e+00,0.000000e+00,0.000000e+00,0.000000e+00,0.000000e+00,0.000000e+00,-1.528496e+00,0.000000e+00,0.000000e+00,-4.000000e+03,0.000000e+00,0.000000e+00,0.000000e+00,0.000000e+00,0.000000e+00,0.000000e+00,0.000000e+00,0.000000e+00,0.000000e+00
3.919220e-04,6.084740e-08,3.599252e+04,2.172120e-14,2.107090e-14,-1.799626e+01,1.023742e-01,2.449512e-06,0.000000e+00,0.000000e+00,0.000000e+00,0.000000e+00,0.000000e+00,0.000000e+00,0.000000e+00,0.000000e+00,0.000000e+00,0.000000e+00,0.000000e+00,0.000000e+00,0.000000e+00,0.000000e+00,0.000000e+00,0.000000e+00,0.000000e+00,0.000000e+00,0.000000e+00,0.000000e+00,0.000000e+00,0.000000e+00,0.000000e+00,0.000000e+00,0.000000e+00,0.000000e+00,0.000000e+00,0.000000e+00,0.000000e+00,0.000000e+00,0.000000e+00,0.000000e+00,0.000000e+00,0.000000e+00,0.000000e+00,0.000000e+00,0.000000e+00,0.000000e+00,0.000000e+00,0.000000e+00,0.000000e+00,6.084740e-08,9.092888e+03,1.724028e-10,-5.463718e-11,-4.546442e+00,1.136610e-03,0.000000e+00,0.000000e+00,0.000000e+00,0.000000e+00,0.000000e+00,0.000000e+00,0.000000e+00,0.000000e+00,0.000000e+00,0.000000e+00,0.000000e+00,0.000000e+00,0.000000e+00,0.000000e+00,0.000000e+00,0.000000e+00,0.000000e+00,0.000000e+00,0.000000e+00,0.000000e+00,0.000000e+00,0.000000e+00,0.000000e+00,0.000000e+00,0.000000e+00,0.000000e+00,0.000000e+00,0.000000e+00,0.000000e+00,0.000000e+00,0.000000e+00,0.000000e+00,0.000000e+00,0.000000e+00,0.000000e+00,0.000000e+00,0.000000e+00,0.000000e+00,-1.567688e+00,0.000000e+00,0.000000e+00,-4.000000e+03,0.000000e+00,0.000000e+00,0.000000e+00,0.000000e+00,0.000000e+00,0.000000e+00,0.000000e+00,0.000000e+00,0.000000e+00
4.017200e-04,6.357520e-08,3.599252e+04,2.433342e-14,2.153626e-14,-1.799626e+01,1.023742e-01,2.449512e-06,0.000000e+00,0.000000e+00,0.000000e+00,0.000000e+00,0.000000e+00,0.000000e+00,0.000000e+00,0.000000e+00,0.000000e+00,0.000000e+00,0.000000e+00,0.000000e+00,0.000000e+00,0.000000e+00,0.000000e+00,0.000000e+00,0.000000e+00,0.000000e+00,0.000000e+00,0.000000e+00,0.000000e+00,0.000000e+00,0.000000e+00,0.000000e+00,0.000000e+00,0.000000e+00,0.000000e+00,0.000000e+00,0.000000e+00,0.000000e+00,0.000000e+00,0.000000e+00,0.000000e+00,0.000000e+00,0.000000e+00,0.000000e+00,0.000000e+00,0.000000e+00,0.000000e+00,0.000000e+00,0.000000e+00,6.357520e-08,9.092880e+03,6.241800e-10,-5.104819e-10,-4.546441e+00,1.136610e-03,0.000000e+00,0.000000e+00,0.000000e+00,0.000000e+00,0.000000e+00,0.000000e+00,0.000000e+00,0.000000e+00,0.000000e+00,0.000000e+00,0.000000e+00,0.000000e+00,0.000000e+00,0.000000e+00,0.000000e+00,0.000000e+00,0.000000e+00,0.000000e+00,0.000000e+00,0.000000e+00,0.000000e+00,0.000000e+00,0.000000e+00,0.000000e+00,0.000000e+00,0.000000e+00,0.000000e+00,0.000000e+00,0.000000e+00,0.000000e+00,0.000000e+00,0.000000e+00,0.000000e+00,0.000000e+00,0.000000e+00,0.000000e+00,0.000000e+00,0.000000e+00,-1.606880e+00,0.000000e+00,0.000000e+00,-4.000000e+03,0.000000e+00,0.000000e+00,0.000000e+00,0.000000e+00,0.000000e+00,0.000000e+00,0.000000e+00,0.000000e+00,0.000000e+00
4.115181e-04,4.816194e-01,3.599181e+04,1.054884e-07,4.325252e-09,-1.799526e+01,1.023742e-01,2.449512e-06,0.000000e+00,0.000000e+00,0.000000e+00,2.746719e-01,0.000000e+00,0.000000e+00,0.000000e+00,0.000000e+00,0.000000e+00,0.000000e+00,0.000000e+00,0.000000e+00,0.000000e+00,0.000000e+00,0.000000e+00,0.000000e+00,0.000000e+00,0.000000e+00,0.000000e+00,0.000000e+00,0.000000e+00,0.000000e+00,0.000000e+00,0.000000e+00,0.000000e+00,0.000000e+00,0.000000e+00,0.000000e+00,0.000000e+00,0.000000e+00,0.000000e+00,0.000000e+00,0.000000e+00,0.000000e+00,0.000000e+00,0.000000e+00,0.000000e+00,0.000000e+00,0.000000e+00,0.000000e+00,0.000000e+00,4.816194e-01,9.092267e+03,5.535892e-07,7.358241e-09,-4.545829e+00,1.136610e-03,0.000000e+00,0.000000e+00,0.000000e+00,0.000000e+00,0.000000e+00,0.000000e+00,0.000000e+00,0.000000e+00,0.000000e+00,0.000000e+00,0.000000e+00,0.000000e+00,0.000000e+00,0.000000e+00,0.000000e+00,0.000000e+00,0.000000e+00,0.000000e+00,0.000000e+00,0.000000e+00,0.000000e+00,0.000000e+00,0.000000e+00,0.000000e+00,0.000000e+00,0.000000e+00,0.000000e+00,0.000000e+00,0.000000e+00,0.000000e+00,-3.685803e-09,2.654936e-09,1.059001e-03,-1.682810e-07,-4.778465e-09,7.475318e-11,0.000000e+00,0.000000e+00,-1.646072e+00,0.000000e+00,0.000000e+00,-4.000000e+03,0.000000e+00,0.000000e+00,0.000000e+00,0.000000e+00,0.000000e+00,0.000000e+00,0.000000e+00,0.000000e+00,0.000000e+00
4.213161e-04,2.267849e+00,3.598997e+04,3.424375e-05,1.195983e-08,-1.799415e+01,1.023742e-01,2.449512e-06,0.000000e+00,0.000000e+00,0.000000e+00,4.318908e-01,0.000000e+00,0.000000e+00,0.000000e+00,0.000000e+00,0.000000e+00,0.000000e+00,0.000000e+00,0.000000e+00,0.000000e+00,0.000000e+00,0.000000e+00,0.000000e+00,0.000000e+00,0.000000e+00,0.000000e+00,0.000000e+00,0.000000e+00,0.000000e+00,0.000000e+00,0.000000e+00,0.000000e+00,0.000000e+00,0.000000e+00,0.000000e+00,0.000000e+00,0.000000e+00,0.000000e+00,0.000000e+00,0.000000e+00,0.000000e+00,0.000000e+00,0.000000e+00,0.000000e+00,0.000000e+00,0.000000e+00,0.000000e+00,0.000000e+00,2.267849e+00,9.090749e+03,3.066560e-05,1.908604e-08,-4.545026e+00,1.136610e-03,0.000000e+00,0.000000e+00,0.000000e+00,0.000000e+00,0.000000e+00,0.000000e+00,0.000000e+00,0.000000e+00,0.000000e+00,0.000000e+00,0.000000e+00,0.000000e+00,0.000000e+00,0.000000e+00,0.000000e+00,0.000000e+00,0.000000e+00,0.000000e+00,0.000000e+00,0.000000e+00,0.000000e+00,0.000000e+00,0.000000e+00,0.000000e+00,0.000000e+00,0.000000e+00,0.000000e+00,0.000000e+00,0.000000e+00,0.000000e+00,-2.775747e-09,3.466641e-09,2.177134e-03,-3.011196e-05,-1.130822e-08,5.606488e-11,0.000000e+00,0.000000e+00,-1.685264e+00,0.000000e+00,0.000000e+00,-4.000000e+03,0.000000e+00,0.000000e+00,0.000000e+00,0.000000e+00,0.000000e+00,0.000000e+00,0.000000e+00,0.000000e+00,0.000000e+00
4.311142e-04,4.864812e+00,3.598762e+04,3.010919e-05,1.477525e-08,-1.799408e+01,1.023742e-01,2.449512e-06,0.000000e+00,0.000000e+00,0.000000e+00,2.399936e-01,0.000000e+00,0.000000e+00,0.000000e+00,0.000000e+00,0.000000e+00,0.000000e+00,0.000000e+00,0.000000e+00,0.000000e+00,0.000000e+00,0.000000e+00,0.000000e+00,0.000000e+00,0.000000e+00,0.000000e+00,0.000000e+00,0.000000e+00,0.000000e+00,0.000000e+00,0.000000e+00,0.000000e+00,0.000000e+00,0.000000e+00,0.000000e+00,0.000000e+00,0.000000e+00,0.000000e+00,0.000000e+00,0.000000e+00,0.000000e+00,0.000000e+00,0.000000e+00,0.000000e+00,0.000000e+00,0.000000e+00,0.000000e+00,0.000000e+00,4.864812e+00,9.088758e+03,2.442865e-05,5.578633e-08,-4.544769e+00,1.136610e-03,0.000000e+00,0.000000e+00,0.000000e+00,0.000000e+00,0.000000e+00,0.000000e+00,0.000000e+00,0.000000e+00,0.000000e+00,0.000000e+00,0.000000e+00,0.000000e+00,0.000000e+00,0.000000e+00,0.000000e+00,0.000000e+00,0.000000e+00,0.000000e+00,0.000000e+00,0.000000e+00,0.000000e+00,0.000000e+00,0.000000e+00,0.000000e+00,0.000000e+00,0.000000e+00,0.000000e+00,0.000000e+00,0.000000e+00,0.000000e+00,-2.775747e-09,3.466641e-09,2.177134e-03,-3.011196e-05,-1.130822e-08,5.606488e-11,0.000000e+00,0.000000e+00,-1.724457e+00,0.000000e+00,0.000000e+00,-4.000000e+03,0.000000e+00,0.000000e+00,0.000000e+00,0.000000e+00,0.000000e+00,0.000000e+00,0.000000e+00,0.000000e+00,0.000000e+00
4.409122e-04,7.362843e+00,3.598338e+04,4.831215e-05,1.040143e-07,-1.799241e+01,1.023742e-01,2.449512e-06,0.000000e+00,0.000000e+00,0.000000e+00,2.254588e+00,0.000000e+00,0.000000e+00,0.000000e+00,0.000000e+00,0.000000e+00,0.000000e+00,0.000000e+00,0.000000e+00,0.000000e+00,0.000000e+00,0.000000e+00,0.000000e+00,0.000000e+00,0.000000e+00,0.000000e+00,0.000000e+00,0.000000e+00,0.000000e+00,0.000000e+00,0.000000e+00,0.000000e+00,0.000000e+00,0.000000e+00,0.000000e+00,0.000000e+00,0.000000e+00,0.000000e+00,0.000000e+00,0.000000e+00,0.000000e+00,0.000000e+00,0.000000e+00,0.000000e+00,0.000000e+00,0.000000e+00,0.000000e+00,0.000000e+00,7.362843e+00,9.085274e+03,2.587446e-05,1.558360e-07,-4.543767e+00,1.136610e-03,0.000000e+00,0.000000e+00,0.000000e+00,0.000000e+00,0.000000e+00,0.000000e+00,0.000000e+00,0.000000e+00,0.000000e+00,0.000000e+00,0.000000e+00,0.000000e+00,0.000000e+00,0.000000e+00,0.000000e+00,0.000000e+00,0.000000e+00,0.000000e+00,0.000000e+00,0.000000e+00,0.000000e+00,0.000000e+00,0.000000e+00,0.000000e+00,0.000000e+00,0.000000e+00,0.000000e+00,0.000000e+00,0.000000e+00,0.000000e+00,-4.321219e-09,2.760108e-09,4.175656e-03,-5.227697e-05,-1.076587e-07,9.344144e-12,0.000000e+00,0.000000e+00,-1.763649e+00,0.000000e+00,0.000000e+00,-4.000000e+03,0.000000e+00,0.000000e+00,0.000000e+00,0.000000e+00,0.000000e+00,0.000000e+00,0.000000e+00,0.000000e+00,0.000000e+00
4.507103e-04,1.167142e+01,3.597835e+04,6.829719e-05,6.106624e-07,-1.799041e+01,1.023742e-01,2.449512e-06,0.000000e+00,0.000000e+00,0.000000e+00,3.273027e+00,0.000000e+00,0.000000e+00,0.000000e+00,0.000000e+00,0.000000e+00,0.000000e+00,0.000000e+00,0.000000e+00,0.000000e+00,0.000000e+00,0.000000e+00,0.000000e+00,0.000000e+00,0.000000e+00,0.000000e+00,0.000000e+00,0.000000e+00,0.000000e+00,0.000000e+00,0.000000e+00,0.000000e+00,0.000000e+00,0.000000e+00,0.000000e+00,0.000000e+00,0.000000e+00,0.000000e+00,0.000000e+00,0.000000e+00,0.000000e+00,0.000000e+00,0.000000e+00,0.000000e+00,0.000000e+00,0.000000e+00,0.000000e+00,0.000000e+00,1.167142e+01,9.081225e+03,4.945743e-05,8.526032e-07,-4.542202e+00,1.136610e-03,0.000000e+00,0.000000e+00,0.000000e+00,0.000000e+00,0.000000e+00,0.000000e+00,0.000000e+00,0.000000e+00,0.000000e+00,0.000000e+00,0.000000e+00,0.000000e+00,0.000000e+00,0.000000e+00,0.000000e+00,0.000000e+00,0.000000e+00,0.000000e+00,0.000000e+00,0.000000e+00,0.000000e+00,0.000000e+00,0.000000e+00,0.000000e+00,0.000000e+00,0.000000e+00,0.000000e+00,0.000000e+00,0.000000e+00,0.000000e+00,-3.550288e-09,2.490649e-09,6.249859e-03,-7.584180e-05,-9.193036e-08,-1.868831e-11,0.000000e+00,0.000000e+00,-1.802841e+00,0.000000e+00,0.000000e+00,-4.000000e+03,0.000000e+00,0.000000e+00,0.000000e+00,0.000000e+00,0.000000e+00,0.000000e+00,0.000000e+00,0.000000e+00,0.000000e+00
4.605083e-04,1.796310e+01,3.597330e+04,7.095574e-05,2.632899e-06,-1.798845e+01,1.023742e-01,2.449512e-06,0.000000e+00,0.000000e+00,0.000000e+00,2.042940e+00,0.000000e+00,0.000000e+00,0.000000e+00,0.000000e+00,0.000000e+00,0.000000e+00,0.000000e+00,0.000000e+00,0.000000e+00,0.000000e+00,0.000000e+00,0.000000e+00,0.000000e+00,0.000000e+00,0.000000e+00,0.000000e+00,0.000000e+00,0.000000e+00,0.000000e+00,0.000000e+00,0.000000e+00,0.000000e+00,0.000000e+00,0.000000e+00,0.000000e+00,0.000000e+00,0.000000e+00,0.000000e+00,0.000000e+00,0.000000e+00,0.000000e+00,0.000000e+00,0.000000e+00,0.000000e+00,0.000000e+00,0.000000e+00,0.000000e+00,1.796310e+01,9.076222e+03,6.558155e-05,-3.151610e-06,-4.540339e+00,1.136610e-03,0.000000e+00,0.000000e+00,0.000000e+00,0.000000e+00,0.000000e+00,0.000000e+00,0.000000e+00,0.000000e+00,0.000000e+00,0.000000e+00,0.000000e+00,0.000000e+00,0.000000e+00,0.000000e+00,0.000000e+00,0.000000e+00,0.000000e+00,0.000000e+00,0.000000e+00,0.000000e+00,0.000000e+00,0.000000e+00,0.000000e+00,0.000000e+00,0.000000e+00,0.000000e+00,0.000000e+00,0.000000e+00,0.000000e+00,0.000000e+00,-1.521238e-09,5.117929e-09,7.996146e-03,-6.933073e-05,-2.844781e-06,-5.139283e-11,0.000000e+00,0.000000e+00,-1.842033e+00,0.000000e+00,0.000000e+00,-4.000000e+03,0.000000e+00,0.000000e+00,0.000000e+00,0.000000e+00,0.000000e+00,0.000000e+00,0.000000e+00,0.000000e+00,0.000000e+00
4.703063e-04,2.516401e+01,3.596663e+04,3.945104e-05,3.081585e-07,-1.798699e+01,1.023742e-01,2.449512e-06,0.000000e+00,0.000000e+00,0.000000e+00,1.495411e+00,0.000000e+00,0.000000e+00,0.000000e+00,0.000000e+00,0.000000e+00,0.000000e+00,0.000000e+00,0.000000e+00,0.000000e+00,0.000000e+00,0.000000e+00,0.000000e+00,0.000000e+00,0.000000e+00,0.000000e+00,0.000000e+00,0.000000e+00,0.000000e+00,0.000000e+00,0.000000e+00,0.000000e+00,0.000000e+00,0.000000e+00,0.000000e+00,0.000000e+00,0.000000e+00,0.000000e+00,0.000000e+00,0.000000e+00,0.000000e+00,0.000000e+00,0.000000e+00,0.000000e+00,0.000000e+00,0.000000e+00,0.000000e+00,0.000000e+00,2.516401e+01,9.070093e+03,2.660885e-05,-3.005487e-06,-4.538782e+00,1.136610e-03,0.000000e+00,0.000000e+00,0.000000e+00,0.000000e+00,0.000000e+00,0.000000e+00,0.000000e+00,0.000000e+00,0.000000e+00,0.000000e+00,0.000000e+00,0.000000e+00,0.000000e+00,0.000000e+00,0.000000e+00,0.000000e+00,0.000000e+00,0.000000e+00,0.000000e+00,0.000000e+00,0.000000e+00,0.000000e+00,0.000000e+00,0.000000e+00,0.000000e+00,0.000000e+00,0.000000e+00,0.000000e+00,0.000000e+00,0.000000e+00,-2.689665e-10,7.228862e-09,9.369832e-03,-5.021814e-05,-1.853288e-06,-2.398365e-10,0.000000e+00,0.000000e+00,-1.881225e+00,0.000000e+00,0.000000e+00,-4.000000e+03,0.000000e+00,0.000000e+00,0.000000e+00,0.000000e+00,0.000000e+00,0.000000e+00,0.000000e+00,0.000000e+00,0.000000e+00
4.801044e-04,3.039854e+01,3.596177e+04,5.173591e-05,2.090855e-06,-1.798688e+01,1.023742e-01,2.449512e-06,0.000000e+00,0.000000e+00,0.000000e+00,1.150823e+00,0.000000e+00,0.000000e+00,0.000000e+00,0.000000e+00,0.000000e+00,0.000000e+00,0.000000e+00,0.000000e+00,0.000000e+00,0.000000e+00,0.000000e+00,0.000000e+00,0.000000e+00,0.000000e+00,0.000000e+00,0.000000e+00,0.000000e+00,0.000000e+00,0.000000e+00,0.000000e+00,0.000000e+00,0.000000e+00,0.000000e+00,0.000000e+00,0.000000e+00,0.000000e+00,0.000000e+00,0.000000e+00,0.000000e+00,0.000000e+00,0.000000e+00,0.000000e+00,0.000000e+00,0.000000e+00,0.000000e+00,0.000000e+00,0.000000e+00,3.039854e+01,9.065381e+03,1.275225e-05,3.449009e-06,-4.538115e+00,1.136610e-03,0.000000e+00,0.000000e+00,0.000000e+00,0.000000e+00,0.000000e+00,0.000000e+00,0.000000e+00,0.000000e+00,0.000000e+00,0.000000e+00,0.000000e+00,0.000000e+00,0.000000e+00,0.000000e+00,0.000000e+00,0.000000e+00,0.000000e+00,0.000000e+00,0.000000e+00,0.000000e+00,0.000000e+00,0.000000e+00,0.000000e+00,0.000000e+00,0.000000e+00,0.000000e+00,0.000000e+00,0.000000e+00,0.000000e+00,0.000000e+00,-2.689665e-10,7.262360e-09,9.377509e-03,-5.173621e-05,-2.083597e-06,-2.341394e-10,0.000000e+00,0.000000e+00,-1.920418e+00,0.000000e+00,0.000000e+00,-4.000000e+03,0.000000e+00,0.000000e+00,0.000000e+00,0.000000e+00,0.000000e+00,0.000000e+00,0.000000e+00,0.000000e+00,0.000000e+00
4.923519e-04,3.497355e+01,3.595500e+04,-4.603436e-05,1.586961e-05,-1.798370e+01,1.023742e-01,2.449512e-06,0.000000e+00,0.000000e+00,0.000000e+00,3.697427e+00,0.000000e+00,0.000000e+00,0.000000e+00,0.000000e+00,0.000000e+00,0.000000e+00,0.000000e+00,0.000000e+00,0.000000e+00,0.000000e+00,0.000000e+00,0.000000e+00,0.000000e+00,0.000000e+00,0.000000e+00,0.000000e+00,0.000000e+00,0.000000e+00,0.000000e+00,0.000000e+00,0.000000e+00,0.000000e+00,0.000000e+00,0.000000e+00,0.000000e+00,0.000000e+00,0.000000e+00,0.000000e+00,0.000000e+00,0.000000e+00,0.000000e+00,0.000000e+00,0.000000e+00,0.000000e+00,0.000000e+00,0.000000e+00,0.000000e+00,3.497355e+01,9.060011e+03,-1.146970e-05,1.531975e-05,-4.536027e+00,1.136610e-03,0.000000e+00,0.000000e+00,0.000000e+00,0.000000e+00,0.000000e+00,0.000000e+00,0.000000e+00,0.000000e+00,0.000000e+00,0.000000e+00,0.000000e+00,0.000000e+00,0.000000e+00,0.000000e+00,0.000000e+00,0.000000e+00,0.000000e+00,0.000000e+00,0.000000e+00,0.000000e+00,0.000000e+00,0.000000e+00,0.000000e+00,0.000000e+00,0.000000e+00,0.000000e+00,0.000000e+00,0.000000e+00,0.000000e+00,0.000000e+00,4.401234e-10,1.358487e-08,1.303029e-02,5.891717e-05,-5.860137e-06,-6.512606e-10,0.000000e+00,0.000000e+00,-1.969408e+00,0.000000e+00,0.000000e+00,-4.000000e+03,0.000000e+00,0.000000e+00,0.000000e+00,0.000000e+00,0.000000e+00,0.000000e+00,0.000000e+00,0.000000e+00,0.000000e+00
5.021500e-04,4.420473e+01,3.594673e+04,1.063518e-05,9.759512e-06,-1.797886e+01,1.023742e-01,2.449513e-06,0.000000e+00,0.000000e+00,0.000000e+00,2.872736e+00,0.000000e+00,0.000000e+00,0.000000e+00,0.000000e+00,0.000000e+00,0.000000e+00,0.000000e+00,0.000000e+00,0.000000e+00,0.000000e+00,0.000000e+00,0.000000e+00,0.000000e+00,0.000000e+00,0.000000e+00,0.000000e+00,0.000000e+00,0.000000e+00,0.000000e+00,0.000000e+00,0.000000e+00,0.000000e+00,0.000000e+00,0.000000e+00,0.000000e+00,0.000000e+00,0.000000e+00,0.000000e+00,0.000000e+00,0.000000e+00,0.000000e+00,0.000000e+00,0.000000e+00,0.000000e+00,0.000000e+00,0.000000e+00,0.000000e+00,4.420473e+01,9.052576e+03,4.073125e-05,7.904553e-06,-4.532232e+00,1.136610e-03,0.000000e+00,0.000000e+00,0.000000e+00,0.000000e+00,0.000000e+00,0.000000e+00,0.000000e+00,0.000000e+00,0.000000e+00,0.000000e+00,0.000000e+00,0.000000e+00,0.000000e+00,0.000000e+00,0.000000e+00,0.000000e+00,0.000000e+00,0.000000e+00,0.000000e+00,0.000000e+00,0.000000e+00,0.000000e+00,0.000000e+00,0.000000e+00,0.000000e+00,0.000000e+00,0.000000e+00,0.000000e+00,0.000000e+00,0.000000e+00,1.933667e-09,1.726311e-08,1.768895e-02,-2.821412e-05,-9.107239e-06,-5.783750e-10,0.000000e+00,0.000000e+00,-2.008600e+00,0.000000e+00,0.000000e+00,-4.000000e+03,0.000000e+00,0.000000e+00,0.000000e+00,0.000000e+00,0.000000e+00,0.000000e+00,0.000000e+00,0.000000e+00,0.000000e+00
5.119481e-04,5.328122e+01,3.593835e+04,2.712477e-05,1.233049e-05,-1.797848e+01,1.023742e-01,2.449512e-06,0.000000e+00,0.000000e+00,0.000000e+00,2.270366e+00,0.000000e+00,0.000000e+00,0.000000e+00,0.000000e+00,0.000000e+00,0.000000e+00,0.000000e+00,0.000000e+00,0.000000e+00,0.000000e+00,0.000000e+00,0.000000e+00,0.000000e+00,0.000000e+00,0.000000e+00,0.000000e+00,0.000000e+00,0.000000e+00,0.000000e+00,0.000000e+00,0.000000e+00,0.000000e+00,0.000000e+00,0.000000e+00,0.000000e+00,0.000000e+00,0.000000e+00,0.000000e+00,0.000000e+00,0.000000e+00,0.000000e+00,0.000000e+00,0.000000e+00,0.000000e+00,0.000000e+00,0.000000e+00,0.000000e+00,5.328122e+01,9.044629e+03,2.213976e-05,1.240546e-05,-4.530876e+00,1.136610e-03,0.000000e+00,0.000000e+00,0.000000e+00,0.000000e+00,0.000000e+00,0.000000e+00,0.000000e+00,0.000000e+00,0.000000e+00,0.000000e+00,0.000000e+00,0.000000e+00,0.000000e+00,0.000000e+00,0.000000e+00,0.000000e+00,0.000000e+00,0.000000e+00,0.000000e+00,0.000000e+00,0.000000e+00,0.000000e+00,0.000000e+00,0.000000e+00,0.000000e+00,0.000000e+00,0.000000e+00,0.000000e+00,0.000000e+00,0.000000e+00,1.400338e-09,1.705237e-08,1.788065e-02,-2.517110e-05,-1.623462e-05,-6.526648e-10,0.000000e+00,0.000000e+00,-2.047792e+00,0.000000e+00,0.000000e+00,-4.000000e+03,0.000000e+00,0.000000e+00,0.000000e+00,0.000000e+00,0.000000e+00,0.000000e+00,0.000000e+00,0.000000e+00,0.000000e+00
5.217461e-04,5.999583e+01,3.593084e+04,-9.052837e-05,2.003064e-05,-1.797585e+01,1.023742e-01,2.449512e-06,0.000000e+00,0.000000e+00,0.000000e+00,3.191598e+00,0.000000e+00,0.000000e+00,0.000000e+00,0.000000e+00,0.000000e+00,0.000000e+00,0.000000e+00,0.000000e+00,0.000000e+00,0.000000e+00,0.000000e+00,0.000000e+00,0.000000e+00,0.000000e+00,0.000000e+00,0.000000e+00,0.000000e+00,0.000000e+00,0.000000e+00,0.000000e+00,0.000000e+00,0.000000e+00,0.000000e+00,0.000000e+00,0.000000e+00,0.000000e+00,0.000000e+00,0.000000e+00,0.000000e+00,0.000000e+00,0.000000e+00,0.000000e+00,0.000000e+00,0.000000e+00,0.000000e+00,0.000000e+00,0.000000e+00,5.999583e+01,9.037354e+03,-6.593391e-05,2.430839e-05,-4.528623e+00,1.136610e-03,0.000000e+00,0.000000e+00,0.000000e+00,0.000000e+00,0.000000e+00,0.000000e+00,0.000000e+00,0.000000e+00,0.000000e+00,0.000000e+00,0.000000e+00,0.000000e+00,0.000000e+00,0.000000e+00,0.000000e+00,0.000000e+00,0.000000e+00,0.000000e+00,0.000000e+00,0.000000e+00,0.000000e+00,0.000000e+00,0.000000e+00,0.000000e+00,0.000000e+00,0.000000e+00,0.000000e+00,0.000000e+00,0.000000e+00,0.000000e+00,4.160460e-09,1.765730e-08,2.071155e-02,8.876142e-05,-1.325666e-05,-7.554505e-10,0.000000e+00,0.000000e+00,-2.086984e+00,0.000000e+00,0.000000e+00,-4.000000e+03,0.000000e+00,0.000000e+00,0.000000e+00,0.000000e+00,0.000000e+00,0.000000e+00,0.000000e+00,0.000000e+00,0.000000e+00
5.315442e-04,6.777432e+01,3.592105e+04,7.248887e-05,-1.021482e-05,-1.797218e+01,1.023742e-01,2.449512e-06,0.000000e+00,0.000000e+00,0.000000e+00,5.593633e+00,0.000000e+00,0.000000e+00,0.000000e+00,0.000000e+00,0.000000e+00,0.000000e+00,0.000000e+00,0.000000e+00,0.000000e+00,0.000000e+00,0.000000e+00,0.000000e+00,0.000000e+00,0.000000e+00,0.000000e+00,0.000000e+00,0.000000e+00,0.000000e+00,0.000000e+00,0.000000e+00,0.000000e+00,0.000000e+00,0.000000e+00,0.000000e+00,0.000000e+00,0.000000e+00,0.000000e+00,0.000000e+00,0.000000e+00,0.000000e+00,0.000000e+00,0.000000e+00,0.000000e+00,0.000000e+00,0.000000e+00,0.000000e+00,0.000000e+00,6.777432e+01,9.028892e+03,3.029173e-05,-7.332863e-06,-4.525763e+00,1.136610e-03,0.000000e+00,0.000000e+00,0.000000e+00,0.000000e+00,0.000000e+00,0.000000e+00,0.000000e+00,0.000000e+00,0.000000e+00,0.000000e+00,0.000000e+00,0.000000e+00,0.000000e+00,0.000000e+00,0.000000e+00,0.000000e+00,0.000000e+00,0.000000e+00,0.000000e+00,0.000000e+00,0.000000e+00,0.000000e+00,0.000000e+00,0.000000e+00,0.000000e+00,0.000000e+00,0.000000e+00,0.000000e+00,0.000000e+00,0.000000e+00,3.531939e-09,1.980806e-08,2.467678e-02,-9.591437e-05,7.197804e-06,-1.019380e-09,0.000000e+00,0.000000e+00,-2.126177e+00,0.000000e+00,0.000000e+00,-4.000000e+03,0.000000e+00,0.000000e+00,0.000000e+00,0.000000e+00,0.000000e+00,0.000000e+00,0.000000e+00,0.000000e+00,0.000000e+00
5.413422e-04,7.759867e+01,3.591116e+04,2.048459e-05,2.290280e-05,-1.796710e+01,1.023742e-01,2.449512e-06,0.000000e+00,0.000000e+00,0.000000e+00,6.024355e+00,0.000000e+00,0.000000e+00,0.000000e+00,0.000000e+00,0.000000e+00,0.000000e+00,0.000000e+00,0.000000e+00,0.000000e+00,0.000000e+00,0.000000e+00,0.000000e+00,0.000000e+00,0.000000e+00,0.000000e+00,0.000000e+00,0.000000e+00,0.000000e+00,0.000000e+00,0.000000e+00,0.000000e+00,0.000000e+00,0.000000e+00,0.000000e+00,0.000000e+00,0.000000e+00,0.000000e+00,0.000000e+00,0.000000e+00,0.000000e+00,0.000000e+00,0.000000e+00,0.000000e+00,0.000000e+00,0.000000e+00,0.000000e+00,0.000000e+00,7.759867e+01,9.020389e+03,2.051331e-05,1.075192e-05,-4.521732e+00,1.136610e-03,0.000000e+00,0.000000e+00,0.000000e+00,0.000000e+00,0.000000e+00,0.000000e+00,0.000000e+00,0.000000e+00,0.000000e+00,0.000000e+00,0.000000e+00,0.000000e+00,0.000000e+00,0.000000e+00,0.000000e+00,0.000000e+00,0.000000e+00,0.000000e+00,0.000000e+00,0.000000e+00,0.000000e+00,0.000000e+00,0.000000e+00,0.000000e+00,0.000000e+00,0.000000e+00,0.000000e+00,0.000000e+00,0.000000e+00,0.000000e+00,1.156760e-08,2.820511e-08,2.992346e-02,-5.273724e-05,-3.563983e-05,-7.568466e-10,0.000000e+00,0.000000e+00,-2.165369e+00,0.000000e+00,0.000000e+00,-4.000000e+03,0.000000e+00,0.000000e+00,0.000000e+00,0.000000e+00,0.000000e+00,0.000000e+00,0.000000e+00,0.000000e+00,0.000000e+00
5.511403e-04,9.061318e+01,3.589852e+04,9.480705e-05,2.746997e-05,-1.796208e+01,1.023742e-01,2.449512e-06,0.000000e+00,0.000000e+00,0.000000e+00,5.979870e+00,0.000000e+00,0.000000e+00,0.000000e+00,0.000000e+00,0.000000e+00,0.000000e+00,0.000000e+00,0.000000e+00,0.000000e+00,0.000000e+00,0.000000e+00,0.000000e+00,0.000000e+00,0.000000e+00,0.000000e+00,0.000000e+00,0.000000e+00,0.000000e+00,0.000000e+00,0.000000e+00,0.000000e+00,0.000000e+00,0.000000e+00,0.000000e+00,0.000000e+00,0.000000e+00,0.000000e+00,0.000000e+00,0.000000e+00,0.000000e+00,0.000000e+00,0.000000e+00,0.000000e+00,0.000000e+00,0.000000e+00,0.000000e+00,0.000000e+00,9.061318e+01,9.009400e+03,1.115019e-04,3.094259e-05,-4.517220e+00,1.136610e-03,0.000000e+00,0.000000e+00,0.000000e+00,0.000000e+00,0.000000e+00,0.000000e+00,0.000000e+00,0.000000e+00,0.000000e+00,0.000000e+00,0.000000e+00,0.000000e+00,0.000000e+00,0.000000e+00,0.000000e+00,0.000000e+00,0.000000e+00,0.000000e+00,0.000000e+00,0.000000e+00,0.000000e+00,0.000000e+00,0.000000e+00,0.000000e+00,0.000000e+00,0.000000e+00,0.000000e+00,0.000000e+00,0.000000e+00,0.000000e+00,1.403799e-08,2.853590e-08,3.478687e-02,-6.913688e-05,-1.183550e-05,-8.773207e-10,0.000000e+00,0.000000e+00,-2.204561e+00,0.000000e+00,0.000000e+00,-4.000000e+03,0.000000e+00,0.000000e+00,0.000000e+00,0.000000e+00,0.000000e+00,0.000000e+00,0.000000e+00,0.000000e+00,0.000000e+00
5.609383e-04,1.030076e+02,3.588801e+04,8.252684e-05,2.615743e-05,-1.795900e+01,1.023742e-01,2.449512e-06,0.000000e+00,0.000000e+00,0.000000e+00,4.178911e+00,0.000000e+00,0.000000e+00,0.000000e+00,0.000000e+00,0.000000e+00,0.000000e+00,0.000000e+00,0.000000e+00,0.000000e+00,0.000000e+00,0.000000e+00,0.000000e+00,0.000000e+00,0.000000e+00,0.000000e+00,0.000000e+00,0.000000e+00,0.000000e+00,0.000000e+00,0.000000e+00,0.000000e+00,0.000000e+00,0.000000e+00,0.000000e+00,0.000000e+00,0.000000e+00,0.000000e+00,0.000000e+00,0.000000e+00,0.000000e+00,0.000000e+00,0.000000e+00,0.000000e+00,0.000000e+00,0.000000e+00,0.000000e+00,0.000000e+00,1.030076e+02,8.998949e+03,9.279954e-05,2.086439e-05,-4.513553e+00,1.136610e-03,0.000000e+00,0.000000e+00,0.000000e+00,0.000000e+00,0.000000e+00,0.000000e+00,0.000000e+00,0.000000e+00,0.000000e+00,0.000000e+00,0.000000e+00,0.000000e+00,0.000000e+00,0.000000e+00,0.000000e+00,0.000000e+00,0.000000e+00,0.000000e+00,0.000000e+00,0.000000e+00,0.000000e+00,0.000000e+00,0.000000e+00,0.000000e+00,0.000000e+00,0.000000e+00,0.000000e+00,0.000000e+00,0.000000e+00,0.000000e+00,1.437209e-08,3.114033e-08,3.745867e-02,-9.146881e-05,-3.197278e-05,-7.888150e-10,0.000000e+00,0.000000e+00,-2.243753e+00,0.000000e+00,0.000000e+00,-4.000000e+03,0.000000e+00,0.000000e+00,0.000000e+00,0.000000e+00,0.000000e+00,0.000000e+00,0.000000e+00,0.000000e+00,0.000000e+00
5.707364e-04,1.116594e+02,3.587650e+04,1.008739e-04,8.008606e-06,-1.795579e+01,1.023742e-01,2.449512e-06,0.000000e+00,0.000000e+00,0.000000e+00,7.462585e+00,0.000000e+00,0.000000e+00,0.000000e+00,0.000000e+00,0.000000e+00,0.000000e+00,0.000000e+00,0.000000e+00,0.000000e+00,0.000000e+00,0.000000e+00,0.000000e+00,0.000000e+00,0.000000e+00,0.000000e+00,0.000000e+00,0.000000e+00,0.000000e+00,0.000000e+00,0.000000e+00,0.000000e+00,0.000000e+00,0.000000e+00,0.000000e+00,0.000000e+00,0.000000e+00,0.000000e+00,0.000000e+00,0.000000e+00,0.000000e+00,0.000000e+00,0.000000e+00,0.000000e+00,0.000000e+00,0.000000e+00,0.000000e+00,0.000000e+00,1.116594e+02,8.989145e+03,9.283706e-05,1.638147e-05,-4.510651e+00,1.136610e-03,0.000000e+00,0.000000e+00,0.000000e+00,0.000000e+00,0.000000e+00,0.000000e+00,0.000000e+00,0.000000e+00,0.000000e+00,0.000000e+00,0.000000e+00,0.000000e+00,0.000000e+00,0.000000e+00,0.000000e+00,0.000000e+00,0.000000e+00,0.000000e+00,0.000000e+00,0.000000e+00,0.000000e+00,0.000000e+00,0.000000e+00,0.000000e+00,0.000000e+00,0.000000e+00,0.000000e+00,0.000000e+00,0.000000e+00,0.000000e+00,1.415245e-08,3.211190e-08,4.119362e-02,-1.206256e-04,-3.133835e-06,-1.567424e-09,0.000000e+00,0.000000e+00,-2.282945e+00,0.000000e+00,0.000000e+00,-4.000000e+03,0.000000e+00,0.000000e+00,0.000000e+00,0.000000e+00,0.000000e+00,0.000000e+00,0.000000e+00,0.000000e+00,0.000000e+00
5.805344e-04,1.218152e+02,3.586793e+04,1.254625e-04,2.750136e-05,-1.795042e+01,1.023742e-01,2.449512e-06,0.000000e+00,0.000000e+00,0.000000e+00,6.056314e+00,0.000000e+00,0.000000e+00,0.000000e+00,0.000000e+00,0.000000e+00,0.000000e+00,0.000000e+00,0.000000e+00,0.000000e+00,0.000000e+00,0.000000e+00,0.000000e+00,0.000000e+00,0.000000e+00,0.000000e+00,0.000000e+00,0.000000e+00,0.000000e+00,0.000000e+00,0.000000e+00,0.000000e+00,0.000000e+00,0.000000e+00,0.000000e+00,0.000000e+00,0.000000e+00,0.000000e+00,0.000000e+00,0.000000e+00,0.000000e+00,0.000000e+00,0.000000e+00,0.000000e+00,0.000000e+00,0.000000e+00,0.000000e+00,0.000000e+00,1.218152e+02,8.980824e+03,1.395437e-04,2.097670e-05,-4.506068e+00,1.136610e-03,0.000000e+00,0.000000e+00,0.000000e+00,0.000000e+00,0.000000e+00,0.000000e+00,0.000000e+00,0.000000e+00,0.000000e+00,0.000000e+00,0.000000e+00,0.000000e+00,0.000000e+00,0.000000e+00,0.000000e+00,0.000000e+00,0.000000e+00,0.000000e+00,0.000000e+00,0.000000e+00,0.000000e+00,0.000000e+00,0.000000e+00,0.000000e+00,0.000000e+00,0.000000e+00,0.000000e+00,0.000000e+00,0.000000e+00,0.000000e+00,1.667070e-08,3.348151e-08,4.637980e-02,-1.336392e-04,-2.739519e-05,-1.523406e-09,0.000000e+00,0.000000e+00,-2.322138e+00,0.000000e+00,0.000000e+00,-4.000000e+03,0.000000e+00,0.000000e+00,0.000000e+00,0.000000e+00,0.000000e+00,0.000000e+00,0.000000e+00,0.000000e+00,0.000000e+00
5.903324e-04,1.323777e+02,3.585706e+04,1.639999e-04,-1.876687e-05,-1.794673e+01,1.023742e-01,2.449512e-06,0.000000e+00,0.000000e+00,0.000000e+00,6.536076e+00,0.000000e+00,0.000000e+00,0.000000e+00,0.000000e+00,0.000000e+00,0.000000e+00,0.000000e+00,0.000000e+00,0.000000e+00,0.000000e+00,0.000000e+00,0.000000e+00,0.000000e+00,0.000000e+00,0.000000e+00,0.000000e+00,0.000000e+00,0.000000e+00,0.000000e+00,0.000000e+00,0.000000e+00,0.000000e+00,0.000000e+00,0.000000e+00,0.000000e+00,0.000000e+00,0.000000e+00,0.000000e+00,0.000000e+00,0.000000e+00,0.000000e+00,0.000000e+00,0.000000e+00,0.000000e+00,0.000000e+00,0.000000e+00,0.000000e+00,1.323777e+02,8.971222e+03,1.799844e-04,-6.494331e-06,-4.502450e+00,1.136610e-03,0.000000e+00,0.000000e+00,0.000000e+00,0.000000e+00,0.000000e+00,0.000000e+00,0.000000e+00,0.000000e+00,0.000000e+00,0.000000e+00,0.000000e+00,0.000000e+00,0.000000e+00,0.000000e+00,0.000000e+00,0.000000e+00,0.000000e+00,0.000000e+00,0.000000e+00,0.000000e+00,0.000000e+00,0.000000e+00,0.000000e+00,0.000000e+00,0.000000e+00,0.000000e+00,0.000000e+00,0.000000e+00,0.000000e+00,0.000000e+00,1.977513e-08,3.449183e-08,5.009455e-02,-1.835607e-04,2.159493e-05,-1.418852e-09,0.000000e+00,0.000000e+00,-2.361330e+00,0.000000e+00,0.000000e+00,-4.000000e+03,0.000000e+00,0.000000e+00,0.000000e+00,0.000000e+00,0.000000e+00,0.000000e+00,0.000000e+00,0.000000e+00,0.000000e+00
6.001305e-04,1.424522e+02,3.584721e+04,4.768025e-05,2.043413e-05,-1.794274e+01,1.023742e-01,2.449512e-06,0.000000e+00,0.000000e+00,0.000000e+00,6.462952e+00,0.000000e+00,0.000000e+00,0.000000e+00,0.000000e+00,0.000000e+00,0.000000e+00,0.000000e+00,0.000000e+00,0.000000e+00,0.000000e+00,0.000000e+00,0.000000e+00,0.000000e+00,0.000000e+00,0.000000e+00,0.000000e+00,0.000000e+00,0.000000e+00,0.000000e+00,0.000000e+00,0.000000e+00,0.000000e+00,0.000000e+00,0.000000e+00,0.000000e+00,0.000000e+00,0.000000e+00,0.000000e+00,0.000000e+00,0.000000e+00,0.000000e+00,0.000000e+00,0.000000e+00,0.000000e+00,0.000000e+00,0.000000e+00,0.000000e+00,1.424522e+02,8.962232e+03,1.376712e-04,1.857825e-05,-4.498634e+00,1.136610e-03,0.000000e+00,0.000000e+00,0.000000e+00,0.000000e+00,0.000000e+00,0.000000e+00,0.000000e+00,0.000000e+00,0.000000e+00,0.000000e+00,0.000000e+00,0.000000e+00,0.000000e+00,0.000000e+00,0.000000e+00,0.000000e+00,0.000000e+00,0.000000e+00,0.000000e+00,0.000000e+00,0.000000e+00,0.000000e+00,0.000000e+00,0.000000e+00,0.000000e+00,0.000000e+00,0.000000e+00,0.000000e+00,0.000000e+00,0.000000e+00,2.264727e-08,3.582840e-08,5.404005e-02,-7.798975e-06,-1.536544e-05,-1.615662e-09,0.000000e+00,0.000000e+00,-2.400522e+00,0.000000e+00,0.000000e+00,-4.000000e+03,0.000000e+00,0.000000e+00,0.000000e+00,0.000000e+00,0.000000e+00,0.000000e+00,0.000000e+00,0.000000e+00,0.000000e+00
6.123781e-04,1.541905e+02,3.583634e+04,-7.566598e-05,8.315837e-06,-1.793894e+01,1.023742e-01,2.449512e-06,0.000000e+00,0.000000e+00,0.000000e+00,5.664049e+00,0.000000e+00,0.000000e+00,0.000000e+00,0.000000e+00,0.000000e+00,0.000000e+00,0.000000e+00,0.000000e+00,0.000000e+00,0.000000e+00,0.000000e+00,0.000000e+00,0.000000e+00,0.000000e+00,0.000000e+00,0.000000e+00,0.000000e+00,0.000000e+00,0.000000e+00,0.000000e+00,0.000000e+00,0.000000e+00,0.000000e+00,0.000000e+00,0.000000e+00,0.000000e+00,0.000000e+00,0.000000e+00,0.000000e+00,0.000000e+00,0.000000e+00,0.000000e+00,0.000000e+00,0.000000e+00,0.000000e+00,0.000000e+00,0.000000e+00,1.541905e+02,8.952137e+03,1.502852e-05,7.064628e-06,-4.494691e+00,1.136610e-03,0.000000e+00,0.000000e+00,0.000000e+00,0.000000e+00,0.000000e+00,0.000000e+00,0.000000e+00,0.000000e+00,0.000000e+00,0.000000e+00,0.000000e+00,0.000000e+00,0.000000e+00,0.000000e+00,0.000000e+00,0.000000e+00,0.000000e+00,0.000000e+00,0.000000e+00,0.000000e+00,0.000000e+00,0.000000e+00,0.000000e+00,0.000000e+00,0.000000e+00,0.000000e+00,0.000000e+00,0.000000e+00,0.000000e+00,0.000000e+00,2.509699e-08,3.686331e-08,5.765891e-02,6.556759e-05,-9.930781e-06,-1.831794e-09,0.000000e+00,0.000000e+00,-2.449512e+00,0.000000e+00,0.000000e+00,-4.000000e+03,0.000000e+00,0.000000e+00,0.000000e+00,0.000000e+00,0.000000e+00,0.000000e+00,0.000000e+00,0.000000e+00,0.000000e+00
6.221761e-04,1.627575e+02,3.582661e+04,1.678248e-04,2.038009e-05,-1.793561e+01,1.023742e-01,2.449512e-06,0.000000e+00,0.000000e+00,0.000000e+00,7.067630e+00,0.000000e+00,0.000000e+00,0.000000e+00,0.000000e+00,0.000000e+00,0.000000e+00,0.000000e+00,0.000000e+00,0.000000e+00,0.000000e+00,0.000000e+00,0.000000e+00,0.000000e+00,0.000000e+00,0.000000e+00,0.000000e+00,0.000000e+00,0.000000e+00,0.000000e+00,0.000000e+00,0.000000e+00,0.000000e+00,0.000000e+00,0.000000e+00,0.000000e+00,0.000000e+00,0.000000e+00,0.000000e+00,0.000000e+00,0.000000e+00,0.000000e+00,0.000000e+00,0.000000e+00,0.000000e+00,0.000000e+00,0.000000e+00,0.000000e+00,1.627575e+02,8.943875e+03,1.766609e-04,1.992049e-05,-4.491851e+00,1.136610e-03,0.000000e+00,0.000000e+00,0.000000e+00,0.000000e+00,0.000000e+00,0.000000e+00,0.000000e+00,0.000000e+00,0.000000e+00,0.000000e+00,0.000000e+00,0.000000e+00,0.000000e+00,0.000000e+00,0.000000e+00,0.000000e+00,0.000000e+00,0.000000e+00,0.000000e+00,0.000000e+00,0.000000e+00,0.000000e+00,0.000000e+00,0.000000e+00,0.000000e+00,0.000000e+00,0.000000e+00,0.000000e+00,0.000000e+00,0.000000e+00,2.555263e-08,3.719984e-08,6.127407e-02,-2.126416e-04,-1.369502e-05,-1.994590e-09,0.000000e+00,0.000000e+00,-2.488704e+00,0.000000e+00,0.000000e+00,-4.000000e+03,0.000000e+00,0.000000e+00,0.000000e+00,0.000000e+00,0.000000e+00,0.000000e+00,0.000000e+00,0.000000e+00,0.000000e+00
6.319741e-04,1.727005e+02,3.581758e+04,1.135098e-04,8.641520e-06,-1.793179e+01,1.023742e-01,2.449512e-06,0.000000e+00,0.000000e+00,0.000000e+00,6.224912e+00,0.000000e+00,0.000000e+00,0.000000e+00,0.000000e+00,0.000000e+00,0.000000e+00,0.000000e+00,0.000000e+00,0.000000e+00,0.000000e+00,0.000000e+00,0.000000e+00,0.000000e+00,0.000000e+00,0.000000e+00,0.000000e+00,0.000000e+00,0.000000e+00,0.000000e+00,0.000000e+00,0.000000e+00,0.000000e+00,0.000000e+00,0.000000e+00,0.000000e+00,0.000000e+00,0.000000e+00,0.000000e+00,0.000000e+00,0.000000e+00,0.000000e+00,0.000000e+00,0.000000e+00,0.000000e+00,0.000000e+00,0.000000e+00,0.000000e+00,1.727005e+02,8.935567e+03,2.010093e-04,1.733157e-05,-4.488391e+00,1.136610e-03,0.000000e+00,0.000000e+00,0.000000e+00,0.000000e+00,0.000000e+00,0.000000e+00,0.000000e+00,0.000000e+00,0.000000e+00,0.000000e+00,0.000000e+00,0.000000e+00,0.000000e+00,0.000000e+00,0.000000e+00,0.000000e+00,0.000000e+00,0.000000e+00,0.000000e+00,0.000000e+00,0.000000e+00,0.000000e+00,0.000000e+00,0.000000e+00,0.000000e+00,0.000000e+00,0.000000e+00,0.000000e+00,0.000000e+00,0.000000e+00,2.717571e-08,3.767663e-08,6.492101e-02,-7.026420e-05,6.882750e-06,-2.213147e-09,0.000000e+00,0.000000e+00,-2.527897e+00,0.000000e+00,0.000000e+00,-4.000000e+03,0.000000e+00,0.000000e+00,0.000000e+00,0.000000e+00,0.000000e+00,0.000000e+00,0.000000e+00,0.000000e+00,0.000000e+00
6.417722e-04,1.827834e+02,3.580791e+04,5.598746e-05,-9.618060e-06,-1.792889e+01,1.023742e-01,2.449512e-06,0.000000e+00,0.000000e+00,0.000000e+00,5.867877e+00,0.000000e+00,0.000000e+00,0.000000e+00,0.000000e+00,0.000000e+00,0.000000e+00,0.000000e+00,0.000000e+00,0.000000e+00,0.000000e+00,0.000000e+00,0.000000e+00,0.000000e+00,0.000000e+00,0.000000e+00,0.000000e+00,0.000000e+00,0.000000e+00,0.000000e+00,0.000000e+00,0.000000e+00,0.000000e+00,0.000000e+00,0.000000e+00,0.000000e+00,0.000000e+00,0.000000e+00,0.000000e+00,0.000000e+00,0.000000e+00,0.000000e+00,0.000000e+00,0.000000e+00,0.000000e+00,0.000000e+00,0.000000e+00,0.000000e+00,1.827834e+02,8.926639e+03,1.216196e-04,-7.546972e-06,-4.485455e+00,1.136610e-03,0.000000e+00,0.000000e+00,0.000000e+00,0.000000e+00,0.000000e+00,0.000000e+00,0.000000e+00,0.000000e+00,0.000000e+00,0.000000e+00,0.000000e+00,0.000000e+00,0.000000e+00,0.000000e+00,0.000000e+00,0.000000e+00,0.000000e+00,0.000000e+00,0.000000e+00,0.000000e+00,0.000000e+00,0.000000e+00,0.000000e+00,0.000000e+00,0.000000e+00,0.000000e+00,0.000000e+00,0.000000e+00,0.000000e+00,0.000000e+00,2.714906e-08,3.988581e-08,6.764160e-02,-7.727883e-05,1.001605e-05,-2.180528e-09,0.000000e+00,0.000000e+00,-2.567089e+00,0.000000e+00,0.000000e+00,-4.000000e+03,0.000000e+00,0.000000e+00,0.000000e+00,0.000000e+00,0.000000e+00,0.000000e+00,0.000000e+00,0.000000e+00,0.000000e+00
6.515703e-04,1.925901e+02,3.579778e+04,-4.514140e-05,3.301277e-05,-1.792482e+01,1.023742e-01,2.449512e-06,0.000000e+00,0.000000e+00,0.000000e+00,6.377551e+00,0.000000e+00,0.000000e+00,0.000000e+00,0.000000e+00,0.000000e+00,0.000000e+00,0.000000e+00,0.000000e+00,0.000000e+00,0.000000e+00,0.000000e+00,0.000000e+00,0.000000e+00,0.000000e+00,0.000000e+00,0.000000e+00,0.000000e+00,0.000000e+00,0.000000e+00,0.000000e+00,0.000000e+00,0.000000e+00,0.000000e+00,0.000000e+00,0.000000e+00,0.000000e+00,0.000000e+00,0.000000e+00,0.000000e+00,0.000000e+00,0.000000e+00,0.000000e+00,0.000000e+00,0.000000e+00,0.000000e+00,0.000000e+00,0.000000e+00,1.925901e+02,8.917463e+03,5.303381e-05,1.542587e-05,-4.482112e+00,1.136610e-03,0.000000e+00,0.000000e+00,0.000000e+00,0.000000e+00,0.000000e+00,0.000000e+00,0.000000e+00,0.000000e+00,0.000000e+00,0.000000e+00,0.000000e+00,0.000000e+00,0.000000e+00,0.000000e+00,0.000000e+00,0.000000e+00,0.000000e+00,0.000000e+00,0.000000e+00,0.000000e+00,0.000000e+00,0.000000e+00,0.000000e+00,0.000000e+00,0.000000e+00,0.000000e+00,0.000000e+00,0.000000e+00,0.000000e+00,0.000000e+00,2.758603e-08,4.024718e-08,7.183813e-02,3.940378e-05,-4.369528e-05,-2.478832e-09,0.000000e+00,0.000000e+00,-2.606281e+00,0.000000e+00,0.000000e+00,-4.000000e+03,0.000000e+00,0.000000e+00,0.000000e+00,0.000000e+00,0.000000e+00,0.000000e+00,0.000000e+00,0.000000e+00,0.000000e+00
6.613683e-04,2.035641e+02,3.578669e+04,3.547484e-05,2.395031e-05,-1.792127e+01,1.023742e-01,2.449512e-06,0.000000e+00,0.000000e+00,0.000000e+00,6.690479e+00,0.000000e+00,0.000000e+00,0.000000e+00,0.000000e+00,0.000000e+00,0.000000e+00,0.000000e+00,0.000000e+00,0.000000e+00,0.000000e+00,0.000000e+00,0.000000e+00,0.000000e+00,0.000000e+00,0.000000e+00,0.000000e+00,0.000000e+00,0.000000e+00,0.000000e+00,0.000000e+00,0.000000e+00,0.000000e+00,0.000000e+00,0.000000e+00,0.000000e+00,0.000000e+00,0.000000e+00,0.000000e+00,0.000000e+00,0.000000e+00,0.000000e+00,0.000000e+00,0.000000e+00,0.000000e+00,0.000000e+00,0.000000e+00,0.000000e+00,2.035641e+02,8.907745e+03,1.140164e-04,3.026535e-05,-4.479046e+00,1.136610e-03,0.000000e+00,0.000000e+00,0.000000e+00,0.000000e+00,0.000000e+00,0.000000e+00,0.000000e+00,0.000000e+00,0.000000e+00,0.000000e+00,0.000000e+00,0.000000e+00,0.000000e+00,0.000000e+00,0.000000e+00,0.000000e+00,0.000000e+00,0.000000e+00,0.000000e+00,0.000000e+00,0.000000e+00,0.000000e+00,0.000000e+00,0.000000e+00,0.000000e+00,0.000000e+00,0.000000e+00,0.000000e+00,0.000000e+00,0.000000e+00,3.059618e-08,3.901221e-08,7.545669e-02,-6.028163e-05,-5.985894e-07,-2.693362e-09,0.000000e+00,0.000000e+00,-2.645473e+00,0.000000e+00,0.000000e+00,-4.000000e+03,0.000000e+00,0.000000e+00,0.000000e+00,0.000000e+00,0.000000e+00,0.000000e+00,0.000000e+00,0.000000e+00,0.000000e+00
6.711663e-04,2.148131e+02,3.577423e+04,2.838183e-04,-6.222552e-05,-1.791795e+01,1.023742e-01,2.449512e-06,0.000000e+00,0.000000e+00,0.000000e+00,8.205918e+00,0.000000e+00,0.000000e+00,0.000000e+00,0.000000e+00,0.000000e+00,0.000000e+00,0.000000e+00,0.000000e+00,0.000000e+00,0.000000e+00,0.000000e+00,0.000000e+00,0.000000e+00,0.000000e+00,0.000000e+00,0.000000e+00,0.000000e+00,0.000000e+00,0.000000e+00,0.000000e+00,0.000000e+00,0.000000e+00,0.000000e+00,0.000000e+00,0.000000e+00,0.000000e+00,0.000000e+00,0.000000e+00,0.000000e+00,0.000000e+00,0.000000e+00,0.000000e+00,0.000000e+00,0.000000e+00,0.000000e+00,0.000000e+00,0.000000e+00,2.148131e+02,8.897415e+03,2.954856e-04,-3.896141e-05,-4.476153e+00,1.136610e-03,0.000000e+00,0.000000e+00,0.000000e+00,0.000000e+00,0.000000e+00,0.000000e+00,0.000000e+00,0.000000e+00,0.000000e+00,0.000000e+00,0.000000e+00,0.000000e+00,0.000000e+00,0.000000e+00,0.000000e+00,0.000000e+00,0.000000e+00,0.000000e+00,0.000000e+00,0.000000e+00,0.000000e+00,0.000000e+00,0.000000e+00,0.000000e+00,0.000000e+00,0.000000e+00,0.000000e+00,0.000000e+00,0.000000e+00,0.000000e+00,3.211466e-08,4.130885e-08,7.897534e-02,-3.444782e-04,5.979863e-05,-2.760138e-09,0.000000e+00,0.000000e+00,-2.684665e+00,0.000000e+00,0.000000e+00,-4.000000e+03,0.000000e+00,0.000000e+00,0.000000e+00,0.000000e+00,0.000000e+00,0.000000e+00,0.000000e+00,0.000000e+00,0.000000e+00
6.809644e-04,2.265355e+02,3.576395e+04,3.994480e-04,5.722608e-05,-1.791376e+01,1.023742e-01,2.449512e-06,0.000000e+00,0.000000e+00,0.000000e+00,6.863721e+00,0.000000e+00,0.000000e+00,0.000000e+00,0.000000e+00,0.000000e+00,0.000000e+00,0.000000e+00,0.000000e+00,0.000000e+00,0.000000e+00,0.000000e+00,0.000000e+00,0.000000e+00,0.000000e+00,0.000000e+00,0.000000e+00,0.000000e+00,0.000000e+00,0.000000e+00,0.000000e+00,0.000000e+00,0.000000e+00,0.000000e+00,0.000000e+00,0.000000e+00,0.000000e+00,0.000000e+00,0.000000e+00,0.000000e+00,0.000000e+00,0.000000e+00,0.000000e+00,0.000000e+00,0.000000e+00,0.000000e+00,0.000000e+00,0.000000e+00,2.265355e+02,8.887244e+03,4.215713e-04,4.884127e-05,-4.472306e+00,1.136610e-03,0.000000e+00,0.000000e+00,0.000000e+00,0.000000e+00,0.000000e+00,0.000000e+00,0.000000e+00,0.000000e+00,0.000000e+00,0.000000e+00,0.000000e+00,0.000000e+00,0.000000e+00,0.000000e+00,0.000000e+00,0.000000e+00,0.000000e+00,0.000000e+00,0.000000e+00,0.000000e+00,0.000000e+00,0.000000e+00,0.000000e+00,0.000000e+00,0.000000e+00,0.000000e+00,0.000000e+00,0.000000e+00,0.000000e+00,0.000000e+00,3.461287e-08,4.109302e-08,8.288546e-02,-3.994832e-04,-5.231138e-05,-2.952481e-09,0.000000e+00,0.000000e+00,-2.723858e+00,0.000000e+00,0.000000e+00,-4.000000e+03,0.000000e+00,0.000000e+00,0.000000e+00,0.000000e+00,0.000000e+00,0.000000e+00,0.000000e+00,0.000000e+00,0.000000e+00
6.907625e-04,2.383277e+02,3.575232e+04,4.015509e-04,2.051647e-05,-1.791108e+01,1.023742e-01,2.449512e-06,0.000000e+00,0.000000e+00,0.000000e+00,6.756693e+00,0.000000e+00,0.000000e+00,0.000000e+00,0.000000e+00,0.000000e+00,0.000000e+00,0.000000e+00,0.000000e+00,0.000000e+00,0.000000e+00,0.000000e+00,0.000000e+00,0.000000e+00,0.000000e+00,0.000000e+00,0.000000e+00,0.000000e+00,0.000000e+00,0.000000e+00,0.000000e+00,0.000000e+00,0.000000e+00,0.000000e+00,0.000000e+00,0.000000e+00,0.000000e+00,0.000000e+00,0.000000e+00,0.000000e+00,0.000000e+00,0.000000e+00,0.000000e+00,0.000000e+00,0.000000e+00,0.000000e+00,0.000000e+00,0.000000e+00,2.383277e+02,8.876524e+03,3.796591e-04,2.012320e-05,-4.469544e+00,1.136610e-03,0.000000e+00,0.000000e+00,0.000000e+00,0.000000e+00,0.000000e+00,0.000000e+00,0.000000e+00,0.000000e+00,0.000000e+00,0.000000e+00,0.000000e+00,0.000000e+00,0.000000e+00,0.000000e+00,0.000000e+00,0.000000e+00,0.000000e+00,0.000000e+00,0.000000e+00,0.000000e+00,0.000000e+00,0.000000e+00,0.000000e+00,0.000000e+00,0.000000e+00,0.000000e+00,0.000000e+00,0.000000e+00,0.000000e+00,0.000000e+00,3.684627e-08,4.227719e-08,8.543146e-02,-4.007214e-04,-2.380962e-05,-3.009698e-09,0.000000e+00,0.000000e+00,-2.763050e+00,0.000000e+00,0.000000e+00,-4.000000e+03,0.000000e+00,0.000000e+00,0.000000e+00,0.000000e+00,0.000000e+00,0.000000e+00,0.000000e+00,0.000000e+00,0.000000e+00
7.005605e-04,2.490949e+02,3.574082e+04,2.551307e-04,6.008631e-05,-1.790816e+01,1.023742e-01,2.449512e-06,0.000000e+00,0.000000e+00,0.000000e+00,7.608876e+00,0.000000e+00,0.000000e+00,0.000000e+00,0.000000e+00,0.000000e+00,0.000000e+00,0.000000e+00,0.000000e+00,0.000000e+00,0.000000e+00,0.000000e+00,0.000000e+00,0.000000e+00,0.000000e+00,0.000000e+00,0.000000e+00,0.000000e+00,0.000000e+00,0.000000e+00,0.000000e+00,0.000000e+00,0.000000e+00,0.000000e+00,0.000000e+00,0.000000e+00,0.000000e+00,0.000000e+00,0.000000e+00,0.000000e+00,0.000000e+00,0.000000e+00,0.000000e+00,0.000000e+00,0.000000e+00,0.000000e+00,0.000000e+00,0.000000e+00,2.490949e+02,8.866255e+03,2.685520e-04,4.728705e-05,-4.467032e+00,1.136610e-03,0.000000e+00,0.000000e+00,0.000000e+00,0.000000e+00,0.000000e+00,0.000000e+00,0.000000e+00,0.000000e+00,0.000000e+00,0.000000e+00,0.000000e+00,0.000000e+00,0.000000e+00,0.000000e+00,0.000000e+00,0.000000e+00,0.000000e+00,0.000000e+00,0.000000e+00,0.000000e+00,0.000000e+00,0.000000e+00,0.000000e+00,0.000000e+00,0.000000e+00,0.000000e+00,0.000000e+00,0.000000e+00,0.000000e+00,0.000000e+00,3.889834e-08,4.343087e-08,8.857979e-02,-2.272251e-04,-5.927232e-05,-3.372100e-09,0.000000e+00,0.000000e+00,-2.802242e+00,0.000000e+00,0.000000e+00,-4.000000e+03,0.000000e+00,0.000000e+00,0.000000e+00,0.000000e+00,0.000000e+00,0.000000e+00,0.000000e+00,0.000000e+00,0.000000e+00
7.103586e-04,2.602682e+02,3.573003e+04,1.978779e-04,2.630563e-05,-1.790531e+01,1.023742e-01,2.449512e-06,0.000000e+00,0.000000e+00,0.000000e+00,7.246826e+00,0.000000e+00,0.000000e+00,0.000000e+00,0.000000e+00,0.000000e+00,0.000000e+00,0.000000e+00,0.000000e+00,0.000000e+00,0.000000e+00,0.000000e+00,0.000000e+00,0.000000e+00,0.000000e+00,0.000000e+00,0.000000e+00,0.000000e+00,0.000000e+00,0.000000e+00,0.000000e+00,0.000000e+00,0.000000e+00,0.000000e+00,0.000000e+00,0.000000e+00,0.000000e+00,0.000000e+00,0.000000e+00,0.000000e+00,0.000000e+00,0.000000e+00,0.000000e+00,0.000000e+00,0.000000e+00,0.000000e+00,0.000000e+00,0.000000e+00,2.602682e+02,8.856467e+03,2.646595e-04,1.692618e-05,-4.464296e+00,1.136610e-03,0.000000e+00,0.000000e+00,0.000000e+00,0.000000e+00,0.000000e+00,0.000000e+00,0.000000e+00,0.000000e+00,0.000000e+00,0.000000e+00,0.000000e+00,0.000000e+00,0.000000e+00,0.000000e+00,0.000000e+00,0.000000e+00,0.000000e+00,0.000000e+00,0.000000e+00,0.000000e+00,0.000000e+00,0.000000e+00,0.000000e+00,0.000000e+00,0.000000e+00,0.000000e+00,0.000000e+00,0.000000e+00,0.000000e+00,0.000000e+00,4.111224e-08,4.515700e-08,9.122244e-02,-1.968938e-04,-2.618141e-05,-3.536460e-09,0.000000e+00,0.000000e+00,-2.841434e+00,0.000000e+00,0.000000e+00,-4.000000e+03,0.000000e+00,0.000000e+00,0.000000e+00,0.000000e+00,0.000000e+00,0.000000e+00,0.000000e+00,0.000000e+00,0.000000e+00
7.201566e-04,2.705967e+02,3.571927e+04,2.498295e-04,4.081709e-05,-1.790286e+01,1.023742e-01,2.449512e-06,0.000000e+00,0.000000e+00,0.000000e+00,7.755765e+00,0.000000e+00,0.000000e+00,0.000000e+00,0.000000e+00,0.000000e+00,0.000000e+00,0.000000e+00,0.000000e+00,0.000000e+00,0.000000e+00,0.000000e+00,0.000000e+00,0.000000e+00,0.000000e+00,0.000000e+00,0.000000e+00,0.000000e+00,0.000000e+00,0.000000e+00,0.000000e+00,0.000000e+00,0.000000e+00,0.000000e+00,0.000000e+00,0.000000e+00,0.000000e+00,0.000000e+00,0.000000e+00,0.000000e+00,0.000000e+00,0.000000e+00,0.000000e+00,0.000000e+00,0.000000e+00,0.000000e+00,0.000000e+00,0.000000e+00,2.705967e+02,8.846880e+03,3.288788e-04,3.837087e-05,-4.462103e+00,1.136610e-03,0.000000e+00,0.000000e+00,0.000000e+00,0.000000e+00,0.000000e+00,0.000000e+00,0.000000e+00,0.000000e+00,0.000000e+00,0.000000e+00,0.000000e+00,0.000000e+00,0.000000e+00,0.000000e+00,0.000000e+00,0.000000e+00,0.000000e+00,0.000000e+00,0.000000e+00,0.000000e+00,0.000000e+00,0.000000e+00,0.000000e+00,0.000000e+00,0.000000e+00,0.000000e+00,0.000000e+00,0.000000e+00,0.000000e+00,0.000000e+00,4.260822e-08,4.436392e-08,9.380414e-02,-2.720991e-04,-3.061941e-05,-3.674337e-09,0.000000e+00,0.000000e+00,-2.880626e+00,0.000000e+00,0.000000e+00,-4.000000e+03,0.000000e+00,0.000000e+00,0.000000e+00,0.000000e+00,0.000000e+00,0.000000e+00,0.000000e+00,0.000000e+00,0.000000e+00
7.305691e-04,2.829247e+02,3.571056e+04,3.555713e-04,2.430811e-05,-1.789855e+01,1.023742e-01,1.431011e-06,8.145720e-06,0.000000e+00,0.000000e+00,8.562029e+00,0.000000e+00,0.000000e+00,0.000000e+00,0.000000e+00,0.000000e+00,0.000000e+00,0.000000e+00,0.000000e+00,0.000000e+00,0.000000e+00,0.000000e+00,0.000000e+00,0.000000e+00,0.000000e+00,0.000000e+00,0.000000e+00,0.000000e+00,0.000000e+00,0.000000e+00,0.000000e+00,0.000000e+00,0.000000e+00,0.000000e+00,0.000000e+00,0.000000e+00,0.000000e+00,0.000000e+00,0.000000e+00,0.000000e+00,0.000000e+00,0.000000e+00,0.000000e+00,0.000000e+00,0.000000e+00,0.000000e+00,0.000000e+00,0.000000e+00,2.829247e+02,8.841697e+03,3.946233e-04,2.418098e-05,-4.459414e+00,1.136610e-03,0.000000e+00,0.000000e+00,0.000000e+00,0.000000e+00,0.000000e+00,0.000000e+00,0.000000e+00,0.000000e+00,0.000000e+00,0.000000e+00,0.000000e+00,0.000000e+00,0.000000e+00,0.000000e+00,0.000000e+00,0.000000e+00,0.000000e+00,0.000000e+00,0.000000e+00,0.000000e+00,0.000000e+00,0.000000e+00,0.000000e+00,0.000000e+00,3.843750e-05,-6.782299e-07,-1.848569e-03,-2.864633e-06,2.036533e-07,-2.447283e-08,4.498264e-08,4.557884e-08,9.851305e-02,-3.681815e-04,-2.407785e-05,-3.864240e-09,-4.800205e-08,5.570011e-10,-2.922274e+00,-9.077894e-03,1.010794e-04,-3.999611e+03,0.000000e+00,0.000000e+00,0.000000e+00,3.162007e-06,1.111961e-03,-5.949987e-07,0.000000e+00,0.000000e+00,0.000000e+00
7.405188e-04,2.972098e+02,3.569693e+04,3.210244e-04,4.453341e-05,-1.789592e+01,1.023743e-01,1.731524e-06,1.330170e-05,0.000000e+00,0.000000e+00,8.680791e+00,0.000000e+00,0.000000e+00,0.000000e+00,0.000000e+00,0.000000e+00,0.000000e+00,0.000000e+00,0.000000e+00,0.000000e+00,0.000000e+00,0.000000e+00,0.000000e+00,0.000000e+00,0.000000e+00,0.000000e+00,0.000000e+00,0.000000e+00,0.000000e+00,0.000000e+00,0.000000e+00,0.000000e+00,0.000000e+00,0.000000e+00,0.000000e+00,0.000000e+00,0.000000e+00,0.000000e+00,0.000000e+00,0.000000e+00,0.000000e+00,0.000000e+00,0.000000e+00,0.000000e+00,0.000000e+00,0.000000e+00,0.000000e+00,0.000000e+00,2.972098e+02,8.832322e+03,3.152613e-04,3.921712e-05,-4.457440e+00,1.136610e-03,0.000000e+00,0.000000e+00,0.000000e+00,0.000000e+00,0.000000e+00,0.000000e+00,0.000000e+00,0.000000e+00,0.000000e+00,0.000000e+00,0.000000e+00,0.000000e+00,0.000000e+00,0.000000e+00,0.000000e+00,0.000000e+00,0.000000e+00,0.000000e+00,0.000000e+00,0.000000e+00,0.000000e+00,0.000000e+00,0.000000e+00,0.000000e+00,1.107037e-04,-1.036740e-06,-3.473380e-03,6.401995e-06,7.279384e-07,1.013365e-06,4.591126e-08,4.543646e-08,1.010638e-01,-3.267576e-04,-4.174274e-05,-3.895035e-09,-6.131687e-08,-2.903625e-10,-2.962066e+00,-2.627314e-03,-9.491487e-05,-3.999185e+03,0.000000e+00,0.000000e+00,0.000000e+00,-2.840895e-06,1.420951e-03,2.523309e-07,0.000000e+00,0.000000e+00,0.000000e+00
7.510043e-04,3.124655e+02,3.568227e+04,5.605666e-04,3.141477e-05,-1.789138e+01,1.023743e-01,9.774000e-07,6.208516e-05,0.000000e+00,0.000000e+00,1.878843e+01,0.000000e+00,0.000000e+00,0.000000e+00,0.000000e+00,0.000000e+00,0.000000e+00,0.000000e+00,0.000000e+00,0.000000e+00,0.000000e+00,0.000000e+00,0.000000e+00,0.000000e+00,0.000000e+00,0.000000e+00,0.000000e+00,0.000000e+00,0.000000e+00,0.000000e+00,0.000000e+00,0.000000e+00,0.000000e+00,0.000000e+00,0.000000e+00,0.000000e+00,0.000000e+00,0.000000e+00,0.000000e+00,0.000000e+00,0.000000e+00,0.000000e+00,0.000000e+00,0.000000e+00,0.000000e+00,0.000000e+00,0.000000e+00,0.000000e+00,3.124655e+02,8.819413e+03,4.425959e-04,2.369682e-05,-4.454175e+00,1.136610e-03,0.000000e+00,0.000000e+00,0.000000e+00,0.000000e+00,0.000000e+00,0.000000e+00,0.000000e+00,0.000000e+00,0.000000e+00,0.000000e+00,0.000000e+00,0.000000e+00,0.000000e+00,0.000000e+00,0.000000e+00,0.000000e+00,0.000000e+00,0.000000e+00,0.000000e+00,0.000000e+00,0.000000e+00,-4.153269e+05,7.027153e+01,-2.256665e+05,2.377628e-04,-1.370820e-06,-7.175753e-03,-4.385223e-05,1.591427e-06,-5.656093e-05,4.416953e-08,4.377225e-08,1.056554e-01,-5.770604e-04,-2.676912e-05,-4.506609e-09,-8.886560e-08,-1.285594e-09,-3.003999e+00,-2.627314e-03,-9.491487e-05,-3.999185e+03,-1.223050e+04,-7.027151e+01,4.725169e+05,-2.840895e-06,1.420951e-03,2.523309e-07,-3.076957e+00,1.346321e+03,3.254338e-01
7.608811e-04,3.361292e+02,3.566604e+04,6.149398e-04,2.139452e-05,-1.788748e+01,1.023744e-01,1.574113e-06,8.843015e-05,0.000000e+00,0.000000e+00,1.115187e+01,0.000000e+00,0.000000e+00,0.000000e+00,0.000000e+00,0.000000e+00,0.000000e+00,0.000000e+00,0.000000e+00,0.000000e+00,0.000000e+00,0.000000e+00,0.000000e+00,0.000000e+00,0.000000e+00,0.000000e+00,0.000000e+00,0.000000e+00,0.000000e+00,0.000000e+00,0.000000e+00,0.000000e+00,0.000000e+00,0.000000e+00,0.000000e+00,0.000000e+00,0.000000e+00,0.000000e+00,0.000000e+00,0.000000e+00,0.000000e+00,0.000000e+00,0.000000e+00,0.000000e+00,0.000000e+00,0.000000e+00,0.000000e+00,0.000000e+00,3.361292e+02,8.819423e+03,4.192020e-04,2.660621e-05,-4.453735e+00,1.136610e-03,0.000000e+00,0.000000e+00,0.000000e+00,0.000000e+00,0.000000e+00,0.000000e+00,0.000000e+00,0.000000e+00,0.000000e+00,0.000000e+00,0.000000e+00,0.000000e+00,0.000000e+00,0.000000e+00,0.000000e+00,0.000000e+00,0.000000e+00,0.000000e+00,0.000000e+00,0.000000e+00,0.000000e+00,-3.099116e-04,8.662553e-13,5.367826e-04,3.124482e-04,-1.892743e-05,-9.139334e-03,-2.171585e-04,4.186840e-05,-7.215414e-05,4.730425e-08,4.489997e-08,1.099870e-01,-6.116658e-04,-2.683505e-05,-4.436817e-09,-8.469532e-08,-7.712773e-08,-3.043486e+00,6.052536e-03,-6.649908e-03,-3.997831e+03,-6.198231e-04,0.000000e+00,0.000000e+00,-3.072009e-04,3.654964e-03,4.290556e-05,0.000000e+00,0.000000e+00,0.000000e+00
7.704911e-04,3.579216e+02,3.564401e+04,4.727990e-04,1.491853e-05,-1.788412e+01,1.023744e-01,2.449512e-06,8.843015e-05,0.000000e+00,0.000000e+00,1.144785e+01,0.000000e+00,0.000000e+00,0.000000e+00,0.000000e+00,0.000000e+00,0.000000e+00,0.000000e+00,0.000000e+00,0.000000e+00,0.000000e+00,0.000000e+00,0.000000e+00,0.000000e+00,0.000000e+00,0.000000e+00,0.000000e+00,0.000000e+00,0.000000e+00,0.000000e+00,0.000000e+00,0.000000e+00,0.000000e+00,0.000000e+00,0.000000e+00,0.000000e+00,0.000000e+00,0.000000e+00,0.000000e+00,0.000000e+00,0.000000e+00,0.000000e+00,0.000000e+00,0.000000e+00,0.000000e+00,0.000000e+00,0.000000e+00,0.000000e+00,3.579216e+02,8.802813e+03,3.049660e-04,3.785823e-05,-4.451114e+00,1.136610e-03,0.000000e+00,0.000000e+00,0.000000e+00,0.000000e+00,0.000000e+00,0.000000e+00,0.000000e+00,0.000000e+00,0.000000e+00,0.000000e+00,0.000000e+00,0.000000e+00,0.000000e+00,0.000000e+00,0.000000e+00,0.000000e+00,0.000000e+00,0.000000e+00,0.000000e+00,0.000000e+00,0.000000e+00,9.794794e-05,-1.958959e-04,-1.696509e-04,3.124482e-04,-1.892743e-05,-9.139334e-03,-2.171585e-04,4.186840e-05,-7.215414e-05,4.866354e-08,4.461357e-08,1.132491e-01,-4.566928e-04,-2.041105e-05,-4.731908e-09,-2.652976e-08,-1.410341e-07,-3.081905e+00,6.052534e-03,-6.649908e-03,-3.997831e+03,1.958959e-04,1.958959e-04,0.000000e+00,-3.072009e-04,3.654964e-03,4.290556e-05,0.000000e+00,0.000000e+00,0.000000e+00
7.809037e-04,3.780573e+02,3.562918e+04,2.163377e-04,2.187794e-05,-1.787923e+01,1.023745e-01,1.431011e-06,3.030069e-04,0.000000e+00,0.000000e+00,1.289008e+01,0.000000e+00,0.000000e+00,0.000000e+00,0.000000e+00,0.000000e+00,0.000000e+00,0.000000e+00,0.000000e+00,0.000000e+00,0.000000e+00,0.000000e+00,0.000000e+00,0.000000e+00,0.000000e+00,0.000000e+00,0.000000e+00,0.000000e+00,0.000000e+00,0.000000e+00,0.000000e+00,0.000000e+00,0.000000e+00,0.000000e+00,0.000000e+00,0.000000e+00,0.000000e+00,0.000000e+00,0.000000e+00,0.000000e+00,0.000000e+00,0.000000e+00,0.000000e+00,0.000000e+00,0.000000e+00,0.000000e+00,0.000000e+00,0.000000e+00,3.780573e+02,8.794542e+03,2.573401e-04,5.711480e-05,-4.448333e+00,1.136610e-03,0.000000e+00,0.000000e+00,0.000000e+00,0.000000e+00,0.000000e+00,0.000000e+00,0.000000e+00,0.000000e+00,0.000000e+00,0.000000e+00,0.000000e+00,0.000000e+00,0.000000e+00,0.000000e+00,0.000000e+00,0.000000e+00,0.000000e+00,0.000000e+00,0.000000e+00,0.000000e+00,0.000000e+00,0.000000e+00,0.000000e+00,0.000000e+00,1.551767e-04,-1.884515e-05,-1.139006e-02,2.273196e-04,4.125130e-05,-1.032266e-04,5.124870e-08,4.357305e-08,1.185154e-01,-2.152502e-04,-2.723456e-05,-5.015438e-09,-3.351826e-07,-2.096566e-07,-3.123530e+00,-6.123982e-02,-6.537576e-03,-3.997374e+03,0.000000e+00,0.000000e+00,0.000000e+00,-3.036112e-04,6.777281e-03,4.206383e-05,0.000000e+00,0.000000e+00,0.000000e+00
7.904772e-04,3.942883e+02,3.561184e+04,7.630468e-05,-6.171787e-06,-1.787351e+01,1.023746e-01,9.774000e-07,4.428481e-04,0.000000e+00,0.000000e+00,1.861772e+01,0.000000e+00,0.000000e+00,0.000000e+00,0.000000e+00,0.000000e+00,0.000000e+00,0.000000e+00,0.000000e+00,0.000000e+00,0.000000e+00,0.000000e+00,0.000000e+00,0.000000e+00,0.000000e+00,0.000000e+00,0.000000e+00,0.000000e+00,0.000000e+00,0.000000e+00,0.000000e+00,0.000000e+00,0.000000e+00,0.000000e+00,0.000000e+00,0.000000e+00,0.000000e+00,0.000000e+00,0.000000e+00,0.000000e+00,0.000000e+00,0.000000e+00,0.000000e+00,0.000000e+00,0.000000e+00,0.000000e+00,0.000000e+00,0.000000e+00,3.942883e+02,8.785377e+03,1.428470e-04,5.264097e-05,-4.445247e+00,1.136610e-03,0.000000e+00,0.000000e+00,0.000000e+00,0.000000e+00,0.000000e+00,0.000000e+00,0.000000e+00,0.000000e+00,0.000000e+00,0.000000e+00,0.000000e+00,0.000000e+00,0.000000e+00,0.000000e+00,0.000000e+00,0.000000e+00,0.000000e+00,0.000000e+00,0.000000e+00,0.000000e+00,0.000000e+00,-3.399577e+05,-1.206192e+04,-1.579859e+05,2.702241e-04,-6.529626e-06,-1.579651e-02,4.407928e-04,-7.882965e-06,-1.269734e-04,5.054913e-08,4.437570e-08,1.244588e-01,-5.929351e-05,-2.925841e-06,-5.097836e-09,-8.096721e-07,-2.729001e-07,-3.161798e+00,-5.336682e-02,-6.766849e-03,-3.996564e+03,-3.315903e+04,1.206192e+04,3.734050e+05,-3.109939e-04,7.314675e-03,4.275361e-05,5.382172e+02,1.809062e+03,-7.750957e+01
8.008046e-04,4.166326e+02,3.559346e+04,-9.400653e-05,3.277421e-05,-1.786761e+01,1.023747e-01,1.185444e-06,6.041153e-04,0.000000e+00,0.000000e+00,1.512934e+01,0.000000e+00,0.000000e+00,0.000000e+00,0.000000e+00,0.000000e+00,0.000000e+00,0.000000e+00,0.000000e+00,0.000000e+00,0.000000e+00,0.000000e+00,0.000000e+00,0.000000e+00,0.000000e+00,0.000000e+00,0.000000e+00,0.000000e+00,0.000000e+00,0.000000e+00,0.000000e+00,0.000000e+00,0.000000e+00,0.000000e+00,0.000000e+00,0.000000e+00,0.000000e+00,0.000000e+00,0.000000e+00,0.000000e+00,0.000000e+00,0.000000e+00,0.000000e+00,0.000000e+00,0.000000e+00,0.000000e+00,0.000000e+00,0.000000e+00,4.166326e+02,8.778690e+03,-8.505245e-06,4.205210e-05,-4.442444e+00,1.136610e-03,0.000000e+00,0.000000e+00,0.000000e+00,0.000000e+00,0.000000e+00,0.000000e+00,0.000000e+00,0.000000e+00,0.000000e+00,0.000000e+00,0.000000e+00,0.000000e+00,0.000000e+00,0.000000e+00,0.000000e+00,0.000000e+00,0.000000e+00,0.000000e+00,0.000000e+00,0.000000e+00,0.000000e+00,1.646086e-03,-5.215832e-12,-2.851105e-03,3.464715e-04,-1.801422e-05,-1.820835e-02,2.852924e-04,7.703642e-05,-1.501040e-04,5.226720e-08,4.542213e-08,1.304907e-01,1.236612e-04,-1.756195e-05,-5.350450e-09,-1.650815e-06,-8.350099e-08,-3.203064e+00,-5.832192e-02,-1.066376e-02,-3.995482e+03,3.292172e-03,0.000000e+00,0.000000e+00,-4.641532e-04,9.568356e-03,7.198444e-05,0.000000e+00,0.000000e+00,0.000000e+00
8.109285e-04,4.369679e+02,3.556850e+04,-3.693960e-04,-7.009233e-05,-1.786104e+01,1.023748e-01,9.774000e-07,5.034270e-04,0.000000e+00,0.000000e+00,3.023870e+01,0.000000e+00,0.000000e+00,0.000000e+00,0.000000e+00,0.000000e+00,0.000000e+00,0.000000e+00,0.000000e+00,0.000000e+00,0.000000e+00,0.000000e+00,0.000000e+00,0.000000e+00,0.000000e+00,0.000000e+00,0.000000e+00,0.000000e+00,0.000000e+00,0.000000e+00,0.000000e+00,0.000000e+00,0.000000e+00,0.000000e+00,0.000000e+00,0.000000e+00,0.000000e+00,0.000000e+00,0.000000e+00,0.000000e+00,0.000000e+00,0.000000e+00,0.000000e+00,0.000000e+00,0.000000e+00,0.000000e+00,0.000000e+00,0.000000e+00,4.369679e+02,8.771160e+03,-4.300741e-04,-2.609729e-05,-4.439759e+00,1.136610e-03,0.000000e+00,0.000000e+00,0.000000e+00,0.000000e+00,0.000000e+00,0.000000e+00,0.000000e+00,0.000000e+00,0.000000e+00,0.000000e+00,0.000000e+00,0.000000e+00,0.000000e+00,0.000000e+00,0.000000e+00,0.000000e+00,0.000000e+00,0.000000e+00,0.000000e+00,0.000000e+00,0.000000e+00,-7.348510e+05,-1.908544e+03,-3.148035e+05,5.900653e-04,-1.858899e-05,-2.612413e-02,-4.169234e-04,7.816394e-05,-1.740107e-04,5.430315e-08,4.452200e-08,1.366239e-01,3.364823e-04,7.171300e-05,-5.789108e-09,-2.117676e-06,-1.919156e-07,-3.243513e+00,6.811607e-02,-1.113088e-02,-3.994466e+03,-9.479741e+04,1.908554e+03,7.938014e+05,-4.671905e-04,7.187597e-03,7.056930e-05,6.193670e+01,3.164758e+03,-1.109450e+01
8.200511e-04,4.670085e+02,3.555012e+04,-5.516856e-04,3.079195e-05,-1.785501e+01,1.023748e-01,9.774000e-07,1.115211e-03,0.000000e+00,0.000000e+00,1.991444e+01,0.000000e+00,0.000000e+00,0.000000e+00,0.000000e+00,0.000000e+00,0.000000e+00,0.000000e+00,0.000000e+00,0.000000e+00,0.000000e+00,0.000000e+00,0.000000e+00,0.000000e+00,0.000000e+00,0.000000e+00,0.000000e+00,0.000000e+00,0.000000e+00,0.000000e+00,0.000000e+00,0.000000e+00,0.000000e+00,0.000000e+00,0.000000e+00,0.000000e+00,0.000000e+00,0.000000e+00,0.000000e+00,0.000000e+00,0.000000e+00,0.000000e+00,0.000000e+00,0.000000e+00,0.000000e+00,0.000000e+00,0.000000e+00,0.000000e+00,4.670085e+02,8.767416e+03,-3.911857e-04,1.566514e-06,-4.438440e+00,1.136610e-03,0.000000e+00,0.000000e+00,0.000000e+00,0.000000e+00,0.000000e+00,0.000000e+00,0.000000e+00,0.000000e+00,0.000000e+00,0.000000e+00,0.000000e+00,0.000000e+00,0.000000e+00,0.000000e+00,0.000000e+00,0.000000e+00,0.000000e+00,0.000000e+00,0.000000e+00,0.000000e+00,0.000000e+00,-8.940265e+04,1.317343e+04,-4.656245e+04,6.377411e-04,-1.226694e-06,-3.004570e-02,-4.422987e-04,3.858719e-05,-1.956002e-04,5.564993e-08,4.477602e-08,1.426865e-01,5.178722e-04,-3.232946e-05,-6.659470e-09,-2.355020e-06,-1.962045e-07,-3.279938e+00,-3.130795e-02,8.232025e-03,-3.992621e+03,-4.377017e+03,-1.317343e+04,1.007062e+05,6.285351e-04,1.285193e-02,-7.561026e-05,-7.540712e+02,3.214988e+02,1.012737e+02
8.309142e-04,5.022859e+02,3.551573e+04,-8.704535e-04,-3.714524e-05,-1.784764e+01,1.023749e-01,9.774000e-07,2.080504e-03,0.000000e+00,0.000000e+00,2.221357e+01,0.000000e+00,0.000000e+00,0.000000e+00,0.000000e+00,0.000000e+00,0.000000e+00,0.000000e+00,0.000000e+00,0.000000e+00,0.000000e+00,0.000000e+00,0.000000e+00,0.000000e+00,0.000000e+00,0.000000e+00,0.000000e+00,0.000000e+00,0.000000e+00,0.000000e+00,0.000000e+00,0.000000e+00,0.000000e+00,0.000000e+00,0.000000e+00,0.000000e+00,0.000000e+00,0.000000e+00,0.000000e+00,0.000000e+00,0.000000e+00,0.000000e+00,0.000000e+00,0.000000e+00,0.000000e+00,0.000000e+00,0.000000e+00,0.000000e+00,5.022859e+02,8.759333e+03,-5.186094e-04,4.058791e-06,-4.437184e+00,1.136610e-03,0.000000e+00,0.000000e+00,0.000000e+00,0.000000e+00,0.000000e+00,0.000000e+00,0.000000e+00,0.000000e+00,0.000000e+00,0.000000e+00,0.000000e+00,0.000000e+00,0.000000e+00,0.000000e+00,0.000000e+00,0.000000e+00,0.000000e+00,0.000000e+00,0.000000e+00,0.000000e+00,0.000000e+00,-4.790146e+04,6.700381e+03,-2.695406e+04,7.591052e-04,-7.445996e-05,-3.661767e-02,-4.752097e-04,-2.421971e-04,-2.502636e-04,5.849246e-08,4.695715e-08,1.498392e-01,8.205004e-04,-2.960350e-05,-7.044723e-09,-2.901707e-06,-2.535606e-07,-3.323305e+00,-8.874922e-02,-2.382708e-02,-3.990757e+03,-6.077929e+02,-6.700381e+03,5.496091e+04,-1.218728e-03,1.770066e-02,1.847460e-04,-3.958000e+02,6.540602e+01,4.674628e+01
8.401870e-04,5.340008e+02,3.548302e+04,-1.017327e-03,-1.252612e-04,-1.783957e+01,1.023749e-01,1.328592e-06,2.108015e-03,0.000000e+00,0.000000e+00,2.388759e+01,0.000000e+00,0.000000e+00,0.000000e+00,0.000000e+00,0.000000e+00,0.000000e+00,0.000000e+00,0.000000e+00,0.000000e+00,0.000000e+00,0.000000e+00,0.000000e+00,0.000000e+00,0.000000e+00,0.000000e+00,0.000000e+00,0.000000e+00,0.000000e+00,0.000000e+00,0.000000e+00,0.000000e+00,0.000000e+00,0.000000e+00,0.000000e+00,0.000000e+00,0.000000e+00,0.000000e+00,0.000000e+00,0.000000e+00,0.000000e+00,0.000000e+00,0.000000e+00,0.000000e+00,0.000000e+00,0.000000e+00,0.000000e+00,0.000000e+00,5.340008e+02,8.739531e+03,-6.001955e-04,-4.756286e-05,-4.432037e+00,1.136610e-03,0.000000e+00,0.000000e+00,0.000000e+00,0.000000e+00,0.000000e+00,0.000000e+00,0.000000e+00,0.000000e+00,0.000000e+00,0.000000e+00,0.000000e+00,0.000000e+00,0.000000e+00,0.000000e+00,0.000000e+00,0.000000e+00,0.000000e+00,0.000000e+00,0.000000e+00,0.000000e+00,0.000000e+00,-1.248743e+05,-2.224820e+04,-7.280711e+04,7.902724e-04,-4.135284e-05,-3.739361e-02,-5.108530e-04,-3.933063e-04,-2.581427e-04,6.212722e-08,4.621340e-08,1.575843e-01,9.292573e-04,3.639812e-05,-7.098151e-09,-3.730166e-06,-5.352302e-07,-3.360310e+00,-8.934331e-02,-3.037603e-02,-3.990703e+03,6.157711e+02,2.224820e+04,1.445479e+05,-1.605583e-03,1.776459e-02,2.304359e-04,9.274531e+02,1.283947e+02,-1.210127e+02
8.509355e-04,5.683190e+02,3.545052e+04,-1.038350e-03,-1.711456e-05,-1.783098e+01,1.023749e-01,1.300919e-06,3.285835e-03,0.000000e+00,0.000000e+00,2.312402e+01,0.000000e+00,0.000000e+00,0.000000e+00,0.000000e+00,0.000000e+00,0.000000e+00,0.000000e+00,0.000000e+00,0.000000e+00,0.000000e+00,0.000000e+00,0.000000e+00,0.000000e+00,0.000000e+00,0.000000e+00,0.000000e+00,0.000000e+00,0.000000e+00,0.000000e+00,0.000000e+00,0.000000e+00,0.000000e+00,0.000000e+00,0.000000e+00,0.000000e+00,0.000000e+00,0.000000e+00,0.000000e+00,0.000000e+00,0.000000e+00,0.000000e+00,0.000000e+00,0.000000e+00,0.000000e+00,0.000000e+00,0.000000e+00,0.000000e+00,5.683190e+02,8.726629e+03,-3.535810e-04,3.859994e-05,-4.428205e+00,1.136609e-03,0.000000e+00,0.000000e+00,0.000000e+00,0.000000e+00,0.000000e+00,0.000000e+00,0.000000e+00,0.000000e+00,0.000000e+00,0.000000e+00,0.000000e+00,0.000000e+00,0.000000e+00,0.000000e+00,0.000000e+00,0.000000e+00,0.000000e+00,0.000000e+00,0.000000e+00,0.000000e+00,0.000000e+00,-5.999878e-03,2.999944e-03,1.039212e-02,8.573252e-04,-6.907544e-05,-4.209520e-02,-2.729865e-04,-3.253224e-04,-2.933453e-04,6.549527e-08,4.731595e-08,1.663556e-01,9.585073e-04,-7.279314e-05,-7.515787e-09,-5.337353e-06,-6.031950e-07,-3.403193e+00,-1.702719e-01,-3.226688e-02,-3.989281e+03,-1.199978e-02,-2.999944e-03,0.000000e+00,-1.684358e-03,2.228978e-02,2.260449e-04,0.000000e+00,0.000000e+00,1.171853e-05
8.609729e-04,5.914160e+02,3.542752e+04,-1.001264e-03,-3.579900e-07,-1.782395e+01,1.023749e-01,2.304658e-06,3.285835e-03,0.000000e+00,0.000000e+00,2.307747e+01,0.000000e+00,0.000000e+00,0.000000e+00,0.000000e+00,0.000000e+00,0.000000e+00,0.000000e+00,0.000000e+00,0.000000e+00,0.000000e+00,0.000000e+00,0.000000e+00,0.000000e+00,0.000000e+00,0.000000e+00,0.000000e+00,0.000000e+00,0.000000e+00,0.000000e+00,0.000000e+00,0.000000e+00,0.000000e+00,0.000000e+00,0.000000e+00,0.000000e+00,0.000000e+00,0.000000e+00,0.000000e+00,0.000000e+00,0.000000e+00,0.000000e+00,0.000000e+00,0.000000e+00,0.000000e+00,0.000000e+00,0.000000e+00,0.000000e+00,5.914160e+02,8.710757e+03,-2.892240e-04,6.171782e-05,-4.423031e+00,1.136610e-03,0.000000e+00,0.000000e+00,0.000000e+00,0.000000e+00,0.000000e+00,0.000000e+00,0.000000e+00,0.000000e+00,0.000000e+00,0.000000e+00,0.000000e+00,0.000000e+00,0.000000e+00,0.000000e+00,0.000000e+00,0.000000e+00,0.000000e+00,0.000000e+00,0.000000e+00,0.000000e+00,0.000000e+00,-3.386773e-03,-5.029606e-11,5.866079e-03,8.573252e-04,-6.907544e-05,-4.209520e-02,-2.729865e-04,-3.253224e-04,-2.933453e-04,6.728479e-08,5.056731e-08,1.730668e-01,9.141701e-04,-7.995008e-05,-7.498401e-09,-7.046438e-06,-9.270702e-07,-3.443235e+00,-1.702719e-01,-3.226689e-02,-3.989281e+03,-6.773560e-03,0.000000e+00,0.000000e+00,-1.684358e-03,2.228978e-02,2.260450e-04,0.000000e+00,0.000000e+00,1.322961e-05
8.701253e-04,6.148598e+02,3.540214e+04,-1.224800e-03,-8.144631e-05,-1.781556e+01,1.023751e-01,9.774000e-07,7.824004e-03,0.000000e+00,0.000000e+00,3.483134e+01,0.000000e+00,0.000000e+00,0.000000e+00,0.000000e+00,0.000000e+00,0.000000e+00,0.000000e+00,0.000000e+00,0.000000e+00,0.000000e+00,0.000000e+00,0.000000e+00,0.000000e+00,0.000000e+00,0.000000e+00,0.000000e+00,0.000000e+00,0.000000e+00,0.000000e+00,0.000000e+00,0.000000e+00,0.000000e+00,0.000000e+00,0.000000e+00,0.000000e+00,0.000000e+00,0.000000e+00,0.000000e+00,0.000000e+00,0.000000e+00,0.000000e+00,0.000000e+00,0.000000e+00,0.000000e+00,0.000000e+00,0.000000e+00,0.000000e+00,6.148598e+02,8.720742e+03,-6.886758e-05,3.668573e-05,-4.424006e+00,1.136610e-03,0.000000e+00,0.000000e+00,0.000000e+00,0.000000e+00,0.000000e+00,0.000000e+00,0.000000e+00,0.000000e+00,0.000000e+00,0.000000e+00,0.000000e+00,0.000000e+00,0.000000e+00,0.000000e+00,0.000000e+00,0.000000e+00,0.000000e+00,0.000000e+00,0.000000e+00,0.000000e+00,0.000000e+00,-6.660636e+05,-2.599535e+04,-3.213299e+05,8.213653e-04,4.446563e-05,-5.721188e-02,-2.070062e-04,-4.492122e-04,-4.015057e-04,6.849364e-08,4.972402e-08,1.815541e-01,1.033064e-03,5.127513e-06,-7.863933e-09,-9.555045e-06,-1.208972e-06,-3.479733e+00,-3.468472e-01,-4.082946e-02,-3.985995e+03,-5.475083e+04,2.599539e+04,7.374930e+05,-1.930510e-03,3.344014e-02,2.734975e-04,1.522718e+03,2.062448e+03,-1.754639e+02
8.803175e-04,6.587961e+02,3.536497e+04,-1.236442e-03,-2.323288e-05,-1.780669e+01,1.023751e-01,9.827082e-07,9.109655e-03,0.000000e+00,0.000000e+00,2.887778e+01,0.000000e+00,0.000000e+00,0.000000e+00,0.000000e+00,0.000000e+00,0.000000e+00,0.000000e+00,0.000000e+00,0.000000e+00,0.000000e+00,0.000000e+00,0.000000e+00,0.000000e+00,0.000000e+00,0.000000e+00,0.000000e+00,0.000000e+00,0.000000e+00,0.000000e+00,0.000000e+00,0.000000e+00,0.000000e+00,0.000000e+00,0.000000e+00,0.000000e+00,0.000000e+00,0.000000e+00,0.000000e+00,0.000000e+00,0.000000e+00,0.000000e+00,0.000000e+00,0.000000e+00,0.000000e+00,0.000000e+00,0.000000e+00,0.000000e+00,6.587961e+02,8.709072e+03,-5.223346e-05,6.843117e-05,-4.421442e+00,1.136610e-03,0.000000e+00,0.000000e+00,0.000000e+00,0.000000e+00,0.000000e+00,0.000000e+00,0.000000e+00,0.000000e+00,0.000000e+00,0.000000e+00,0.000000e+00,0.000000e+00,0.000000e+00,0.000000e+00,0.000000e+00,0.000000e+00,0.000000e+00,0.000000e+00,0.000000e+00,0.000000e+00,0.000000e+00,-9.067234e+04,-3.571260e+03,-3.069479e+04,9.611897e-04,1.519621e-04,-6.193542e-02,-3.700236e-04,-5.512279e-04,-4.366588e-04,7.122040e-08,4.950942e-08,1.902524e-01,1.066711e-03,-6.212215e-05,-8.071113e-09,-1.347080e-05,-1.513063e-06,-3.520344e+00,-3.803631e-01,-3.221847e-02,-3.983967e+03,-1.875353e+04,3.571266e+03,9.387198e+04,-6.701375e-05,3.678699e-02,1.007216e-04,2.727727e+02,7.390315e+02,-1.956052e+01
8.911787e-04,7.035471e+02,3.531961e+04,-1.243548e-03,-1.322433e-04,-1.779737e+01,1.023751e-01,1.574113e-06,8.459374e-03,0.000000e+00,0.000000e+00,3.067516e+01,0.000000e+00,0.000000e+00,0.000000e+00,0.000000e+00,0.000000e+00,0.000000e+00,0.000000e+00,0.000000e+00,0.000000e+00,0.000000e+00,0.000000e+00,0.000000e+00,0.000000e+00,0.000000e+00,0.000000e+00,0.000000e+00,0.000000e+00,0.000000e+00,0.000000e+00,0.000000e+00,0.000000e+00,0.000000e+00,0.000000e+00,0.000000e+00,0.000000e+00,0.000000e+00,0.000000e+00,0.000000e+00,0.000000e+00,0.000000e+00,0.000000e+00,0.000000e+00,0.000000e+00,0.000000e+00,0.000000e+00,0.000000e+00,0.000000e+00,7.035471e+02,8.692688e+03,-2.089736e-04,4.266389e-06,-4.419017e+00,1.136610e-03,0.000000e+00,0.000000e+00,0.000000e+00,0.000000e+00,0.000000e+00,0.000000e+00,0.000000e+00,0.000000e+00,0.000000e+00,0.000000e+00,0.000000e+00,0.000000e+00,0.000000e+00,0.000000e+00,0.000000e+00,0.000000e+00,0.000000e+00,0.000000e+00,0.000000e+00,0.000000e+00,0.000000e+00,-9.917132e-03,2.479292e-03,1.717706e-02,1.212370e-03,1.363315e-04,-6.768167e-02,-6.526759e-04,-5.185714e-04,-4.863663e-04,7.481754e-08,5.065548e-08,1.995540e-01,1.084163e-03,4.261628e-05,-8.043695e-09,-1.692858e-05,-1.881214e-06,-3.563600e+00,-2.840725e-01,-3.511431e-02,-3.982068e+03,-1.983434e-02,-2.479292e-03,0.000000e+00,-4.437686e-04,3.583169e-02,2.303960e-04,0.000000e+00,0.000000e+00,9.684736e-06
9.003240e-04,7.361965e+02,3.529020e+04,-1.374457e-03,-1.726334e-05,-1.778759e+01,1.023751e-01,9.774000e-07,1.175007e-02,0.000000e+00,0.000000e+00,3.395490e+01,0.000000e+00,0.000000e+00,0.000000e+00,0.000000e+00,0.000000e+00,0.000000e+00,0.000000e+00,0.000000e+00,0.000000e+00,0.000000e+00,0.000000e+00,0.000000e+00,0.000000e+00,0.000000e+00,0.000000e+00,0.000000e+00,0.000000e+00,0.000000e+00,0.000000e+00,0.000000e+00,0.000000e+00,0.000000e+00,0.000000e+00,0.000000e+00,0.000000e+00,0.000000e+00,0.000000e+00,0.000000e+00,0.000000e+00,0.000000e+00,0.000000e+00,0.000000e+00,0.000000e+00,0.000000e+00,0.000000e+00,0.000000e+00,0.000000e+00,7.361965e+02,8.688035e+03,-1.791371e-04,1.887581e-04,-4.416075e+00,1.136610e-03,0.000000e+00,0.000000e+00,0.000000e+00,0.000000e+00,0.000000e+00,0.000000e+00,0.000000e+00,0.000000e+00,0.000000e+00,0.000000e+00,0.000000e+00,0.000000e+00,0.000000e+00,0.000000e+00,0.000000e+00,0.000000e+00,0.000000e+00,0.000000e+00,0.000000e+00,0.000000e+00,0.000000e+00,-2.514893e+05,-4.552491e+03,-1.251044e+05,1.307050e-03,-1.948365e-05,-7.715613e-02,-4.966647e-04,-1.951820e-04,-5.651443e-04,7.637830e-08,5.454937e-08,2.094173e-01,1.245726e-03,-8.262132e-05,-7.918391e-09,-1.972078e-05,-2.362562e-06,-3.600011e+00,-3.443753e-01,-7.807868e-02,-3.980016e+03,-1.740035e+04,4.552512e+03,2.803483e+05,-3.287179e-03,4.149535e-02,5.803973e-04,3.069474e+02,1.344779e+03,-5.900127e+01
9.102187e-04,7.756249e+02,3.524275e+04,-1.487773e-03,-4.599834e-05,-1.777876e+01,1.023752e-01,9.774000e-07,1.301023e-02,0.000000e+00,0.000000e+00,4.465221e+01,0.000000e+00,0.000000e+00,0.000000e+00,0.000000e+00,0.000000e+00,0.000000e+00,0.000000e+00,0.000000e+00,0.000000e+00,0.000000e+00,0.000000e+00,0.000000e+00,0.000000e+00,0.000000e+00,0.000000e+00,0.000000e+00,0.000000e+00,0.000000e+00,0.000000e+00,0.000000e+00,0.000000e+00,0.000000e+00,0.000000e+00,0.000000e+00,0.000000e+00,0.000000e+00,0.000000e+00,0.000000e+00,0.000000e+00,0.000000e+00,0.000000e+00,0.000000e+00,0.000000e+00,0.000000e+00,0.000000e+00,0.000000e+00,0.000000e+00,7.756249e+02,8.671410e+03,-2.326472e-04,2.120396e-04,-4.412893e+00,1.136609e-03,0.000000e+00,0.000000e+00,0.000000e+00,0.000000e+00,0.000000e+00,0.000000e+00,0.000000e+00,0.000000e+00,0.000000e+00,0.000000e+00,0.000000e+00,0.000000e+00,0.000000e+00,0.000000e+00,0.000000e+00,0.000000e+00,0.000000e+00,0.000000e+00,0.000000e+00,0.000000e+00,0.000000e+00,-8.014745e+05,2.364678e+03,-5.686634e+05,1.441818e-03,-3.661682e-05,-8.343925e-02,-8.746629e-04,-8.893650e-05,-6.291801e-04,7.827187e-08,5.552888e-08,2.181925e-01,1.396315e-03,-5.335812e-05,-8.095868e-09,-2.347324e-05,-3.068787e-06,-3.639385e+00,-3.691444e-01,-9.887028e-02,-3.978760e+03,9.174255e+04,-2.364577e+03,9.784287e+05,-4.104663e-03,4.502266e-02,7.031161e-04,-1.717468e+02,-1.470362e+03,2.675694e+01
9.203290e-04,8.198928e+02,3.520658e+04,-1.768144e-03,-4.514401e-05,-1.776807e+01,1.023752e-01,1.111713e-06,1.661802e-02,0.000000e+00,0.000000e+00,3.750060e+01,0.000000e+00,0.000000e+00,0.000000e+00,0.000000e+00,0.000000e+00,0.000000e+00,0.000000e+00,0.000000e+00,0.000000e+00,0.000000e+00,0.000000e+00,0.000000e+00,0.000000e+00,0.000000e+00,0.000000e+00,0.000000e+00,0.000000e+00,0.000000e+00,0.000000e+00,0.000000e+00,0.000000e+00,0.000000e+00,0.000000e+00,0.000000e+00,0.000000e+00,0.000000e+00,0.000000e+00,0.000000e+00,0.000000e+00,0.000000e+00,0.000000e+00,0.000000e+00,0.000000e+00,0.000000e+00,0.000000e+00,0.000000e+00,0.000000e+00,8.198928e+02,8.670775e+03,-4.538605e-04,2.528862e-04,-4.412617e+00,1.136610e-03,0.000000e+00,0.000000e+00,0.000000e+00,0.000000e+00,0.000000e+00,0.000000e+00,0.000000e+00,0.000000e+00,0.000000e+00,0.000000e+00,0.000000e+00,0.000000e+00,0.000000e+00,0.000000e+00,0.000000e+00,0.000000e+00,0.000000e+00,0.000000e+00,0.000000e+00,0.000000e+00,0.000000e+00,-1.476664e+05,-1.643493e+04,-9.781329e+04,1.376892e-03,-8.067786e-05,-9.205106e-02,-7.025375e-04,-6.917874e-05,-7.109463e-04,8.264626e-08,5.650169e-08,2.289667e-01,1.645338e-03,-5.479680e-05,-8.504333e-09,-2.640939e-05,-4.048091e-06,-3.679587e+00,-3.538210e-01,-1.118057e-01,-3.975416e+03,1.087623e+04,1.643496e+04,1.767894e+05,-5.523907e-03,4.999237e-02,8.422619e-04,7.944044e+02,1.058947e+02,-1.229812e+02
9.302596e-04,8.646870e+02,3.516280e+04,-1.812909e-03,-1.416117e-05,-1.775616e+01,1.023752e-01,1.010994e-06,1.762273e-02,0.000000e+00,0.000000e+00,3.793396e+01,0.000000e+00,0.000000e+00,0.000000e+00,0.000000e+00,0.000000e+00,0.000000e+00,0.000000e+00,0.000000e+00,0.000000e+00,0.000000e+00,0.000000e+00,0.000000e+00,0.000000e+00,0.000000e+00,0.000000e+00,0.000000e+00,0.000000e+00,0.000000e+00,0.000000e+00,0.000000e+00,0.000000e+00,0.000000e+00,0.000000e+00,0.000000e+00,0.000000e+00,0.000000e+00,0.000000e+00,0.000000e+00,0.000000e+00,0.000000e+00,0.000000e+00,0.000000e+00,0.000000e+00,0.000000e+00,0.000000e+00,0.000000e+00,0.000000e+00,8.646870e+02,8.660379e+03,-5.722037e-04,2.332781e-04,-4.409348e+00,1.136610e-03,0.000000e+00,0.000000e+00,0.000000e+00,0.000000e+00,0.000000e+00,0.000000e+00,0.000000e+00,0.000000e+00,0.000000e+00,0.000000e+00,0.000000e+00,0.000000e+00,0.000000e+00,0.000000e+00,0.000000e+00,0.000000e+00,0.000000e+00,0.000000e+00,0.000000e+00,0.000000e+00,0.000000e+00,-5.653540e+04,3.773542e+03,-2.069192e+04,1.658732e-03,6.296856e-05,-1.001664e-01,-1.024500e-03,-2.132376e-04,-7.729328e-04,8.287726e-08,5.479576e-08,2.408795e-01,1.672516e-03,-9.206079e-05,-8.773440e-09,-2.963857e-05,-4.812329e-06,-3.719052e+00,-3.047010e-01,-8.993443e-02,-3.972814e+03,-1.034773e+04,-3.773533e+03,5.930710e+04,-2.736827e-03,5.145283e-02,5.820507e-04,-2.208867e+02,4.352647e+02,2.554656e+01
9.402469e-04,9.096630e+02,3.511578e+04,-1.865117e-03,-8.347231e-06,-1.774492e+01,1.023753e-01,9.858336e-07,2.074828e-02,0.000000e+00,0.000000e+00,4.159807e+01,0.000000e+00,0.000000e+00,0.000000e+00,0.000000e+00,0.000000e+00,0.000000e+00,0.000000e+00,0.000000e+00,0.000000e+00,0.000000e+00,0.000000e+00,0.000000e+00,0.000000e+00,0.000000e+00,0.000000e+00,0.000000e+00,0.000000e+00,0.000000e+00,0.000000e+00,0.000000e+00,0.000000e+00,0.000000e+00,0.000000e+00,0.000000e+00,0.000000e+00,0.000000e+00,0.000000e+00,0.000000e+00,0.000000e+00,0.000000e+00,0.000000e+00,0.000000e+00,0.000000e+00,0.000000e+00,0.000000e+00,0.000000e+00,0.000000e+00,9.096630e+02,8.647545e+03,-5.050977e-04,3.327796e-04,-4.406068e+00,1.136610e-03,0.000000e+00,0.000000e+00,0.000000e+00,0.000000e+00,0.000000e+00,0.000000e+00,0.000000e+00,0.000000e+00,0.000000e+00,0.000000e+00,0.000000e+00,0.000000e+00,0.000000e+00,0.000000e+00,0.000000e+00,0.000000e+00,0.000000e+00,0.000000e+00,0.000000e+00,0.000000e+00,0.000000e+00,-1.852889e+05,-1.302880e+04,-9.472257e+04,1.846544e-03,-2.076874e-05,-1.074439e-01,-1.120550e-03,-6.718224e-05,-8.766901e-04,8.457278e-08,5.570676e-08,2.521018e-01,1.719910e-03,-9.178473e-05,-8.866921e-09,-3.285503e-05,-5.899322e-06,-3.758718e+00,-3.229635e-01,-1.277049e-01,-3.970753e+03,-1.061135e+04,1.302884e+04,2.078262e+05,-5.464096e-03,5.551356e-02,8.484115e-04,8.168003e+02,8.294962e+02,-8.233312e+01
9.500383e-04,9.582327e+02,3.506830e+04,-1.921416e-03,-5.373697e-06,-1.773281e+01,1.023753e-01,9.828349e-07,2.437196e-02,0.000000e+00,0.000000e+00,4.156410e+01,0.000000e+00,0.000000e+00,0.000000e+00,0.000000e+00,0.000000e+00,0.000000e+00,0.000000e+00,0.000000e+00,0.000000e+00,0.000000e+00,0.000000e+00,0.000000e+00,0.000000e+00,0.000000e+00,0.000000e+00,0.000000e+00,0.000000e+00,0.000000e+00,0.000000e+00,0.000000e+00,0.000000e+00,0.000000e+00,0.000000e+00,0.000000e+00,0.000000e+00,0.000000e+00,0.000000e+00,0.000000e+00,0.000000e+00,0.000000e+00,0.000000e+00,0.000000e+00,0.000000e+00,0.000000e+00,0.000000e+00,0.000000e+00,0.000000e+00,9.582327e+02,8.639765e+03,-4.771613e-04,1.556132e-04,-4.404325e+00,1.136610e-03,0.000000e+00,0.000000e+00,0.000000e+00,0.000000e+00,0.000000e+00,0.000000e+00,0.000000e+00,0.000000e+00,0.000000e+00,0.000000e+00,0.000000e+00,0.000000e+00,0.000000e+00,0.000000e+00,0.000000e+00,0.000000e+00,0.000000e+00,0.000000e+00,0.000000e+00,0.000000e+00,0.000000e+00,-3.936371e+04,-4.581375e+03,-2.544021e+04,1.983303e-03,1.286368e-04,-1.167783e-01,-1.228635e-03,-3.991991e-04,-9.943898e-04,9.028096e-08,5.881759e-08,2.642249e-01,1.789554e-03,-9.063665e-05,-8.625634e-09,-3.631466e-05,-6.676401e-06,-3.797578e+00,-3.520155e-01,-6.217765e-02,-3.967740e+03,2.350248e+03,4.581385e+03,4.681007e+04,-1.039343e-03,6.084901e-02,3.314189e-04,3.047661e+02,-6.169528e+01,-3.602304e+01
9.601921e-04,1.002263e+03,3.501923e+04,-2.018393e-03,-3.340008e-05,-1.771904e+01,1.023753e-01,9.789547e-07,2.908335e-02,0.000000e+00,0.000000e+00,4.868902e+01,0.000000e+00,0.000000e+00,0.000000e+00,0.000000e+00,0.000000e+00,0.000000e+00,0.000000e+00,0.000000e+00,0.000000e+00,0.000000e+00,0.000000e+00,0.000000e+00,0.000000e+00,0.000000e+00,0.000000e+00,0.000000e+00,0.000000e+00,0.000000e+00,0.000000e+00,0.000000e+00,0.000000e+00,0.000000e+00,0.000000e+00,0.000000e+00,0.000000e+00,0.000000e+00,0.000000e+00,0.000000e+00,0.000000e+00,0.000000e+00,0.000000e+00,0.000000e+00,0.000000e+00,0.000000e+00,0.000000e+00,0.000000e+00,0.000000e+00,1.002263e+03,8.624906e+03,-5.229372e-04,2.184217e-04,-4.399501e+00,1.136610e-03,0.000000e+00,0.000000e+00,0.000000e+00,0.000000e+00,0.000000e+00,0.000000e+00,0.000000e+00,0.000000e+00,0.000000e+00,0.000000e+00,0.000000e+00,0.000000e+00,0.000000e+00,0.000000e+00,0.000000e+00,0.000000e+00,0.000000e+00,0.000000e+00,0.000000e+00,0.000000e+00,0.000000e+00,-2.729957e+05,-4.924800e+03,-1.711459e+05,2.059131e-03,-7.806685e-05,-1.253866e-01,-1.123278e-03,-9.761279e-05,-1.081469e-03,9.345759e-08,6.122559e-08,2.782229e-01,1.878508e-03,-6.867122e-05,-8.737786e-09,-4.046799e-05,-7.404083e-06,-3.837856e+00,-4.191697e-01,-1.079156e-01,-3.965455e+03,1.172073e+04,4.924881e+03,3.219941e+05,-4.444539e-03,6.611616e-02,6.964571e-04,-2.499904e+02,4.463539e+02,2.015483e+01
9.710063e-04,1.062291e+03,3.496098e+04,-2.091702e-03,-4.851432e-05,-1.770432e+01,1.023753e-01,9.774000e-07,3.385890e-02,0.000000e+00,0.000000e+00,4.877891e+01,0.000000e+00,0.000000e+00,0.000000e+00,0.000000e+00,0.000000e+00,0.000000e+00,0.000000e+00,0.000000e+00,0.000000e+00,0.000000e+00,0.000000e+00,0.000000e+00,0.000000e+00,0.000000e+00,0.000000e+00,0.000000e+00,0.000000e+00,0.000000e+00,0.000000e+00,0.000000e+00,0.000000e+00,0.000000e+00,0.000000e+00,0.000000e+00,0.000000e+00,0.000000e+00,0.000000e+00,0.000000e+00,0.000000e+00,0.000000e+00,0.000000e+00,0.000000e+00,0.000000e+00,0.000000e+00,0.000000e+00,0.000000e+00,0.000000e+00,1.062291e+03,8.615237e+03,-6.687379e-04,8.016848e-05,-4.396694e+00,1.136610e-03,0.000000e+00,0.000000e+00,0.000000e+00,0.000000e+00,0.000000e+00,0.000000e+00,0.000000e+00,0.000000e+00,0.000000e+00,0.000000e+00,0.000000e+00,0.000000e+00,0.000000e+00,0.000000e+00,0.000000e+00,0.000000e+00,0.000000e+00,0.000000e+00,0.000000e+00,0.000000e+00,0.000000e+00,-3.233155e+05,-1.503132e+04,-2.119903e+05,2.283861e-03,2.172947e-05,-1.391431e-01,-1.626109e-03,-4.577730e-04,-1.202887e-03,9.734440e-08,6.460759e-08,2.928398e-01,1.949264e-03,-5.277537e-05,-8.209603e-09,-4.480368e-05,-7.978412e-06,-3.880711e+00,-3.566092e-01,-4.065396e-02,-3.961301e+03,2.193376e+04,1.503142e+04,3.859944e+05,-1.570280e-03,7.184033e-02,2.729597e-04,6.871484e+02,-3.111766e+02,-8.716383e+01
9.808470e-04,1.113144e+03,3.490898e+04,-2.155801e-03,-6.216281e-05,-1.769106e+01,1.023754e-01,9.774000e-07,3.814273e-02,0.000000e+00,0.000000e+00,5.058860e+01,0.000000e+00,0.000000e+00,0.000000e+00,0.000000e+00,0.000000e+00,0.000000e+00,0.000000e+00,0.000000e+00,0.000000e+00,0.000000e+00,0.000000e+00,0.000000e+00,0.000000e+00,0.000000e+00,0.000000e+00,0.000000e+00,0.000000e+00,0.000000e+00,0.000000e+00,0.000000e+00,0.000000e+00,0.000000e+00,0.000000e+00,0.000000e+00,0.000000e+00,0.000000e+00,0.000000e+00,0.000000e+00,0.000000e+00,0.000000e+00,0.000000e+00,0.000000e+00,0.000000e+00,0.000000e+00,0.000000e+00,0.000000e+00,0.000000e+00,1.113144e+03,8.596640e+03,-6.044926e-04,2.042702e-05,-4.391460e+00,1.136610e-03,0.000000e+00,0.000000e+00,0.000000e+00,0.000000e+00,0.000000e+00,0.000000e+00,0.000000e+00,0.000000e+00,0.000000e+00,0.000000e+00,0.000000e+00,0.000000e+00,0.000000e+00,0.000000e+00,0.000000e+00,0.000000e+00,0.000000e+00,0.000000e+00,0.000000e+00,0.000000e+00,0.000000e+00,-4.391459e+05,3.425508e+03,-2.212022e+05,2.397750e-03,8.963429e-05,-1.461240e-01,-1.494407e-03,-4.925060e-04,-1.277351e-03,1.016732e-07,6.672111e-08,3.062436e-01,1.982173e-03,-6.006284e-06,-8.041188e-09,-4.838390e-05,-8.407907e-06,-3.919682e+00,-3.924161e-01,-3.356480e-02,-3.959294e+03,-2.800266e+04,-3.425369e+03,4.909128e+05,-8.066567e-04,7.520608e-02,1.605127e-04,2.482016e+02,1.805908e+03,-8.332438e+00
9.906259e-04,1.168809e+03,3.485298e+04,-2.144588e-03,-6.147545e-05,-1.767738e+01,1.023754e-01,9.774000e-07,5.136139e-02,0.000000e+00,0.000000e+00,5.348924e+01,0.000000e+00,0.000000e+00,0.000000e+00,0.000000e+00,0.000000e+00,0.000000e+00,0.000000e+00,0.000000e+00,0.000000e+00,0.000000e+00,0.000000e+00,0.000000e+00,0.000000e+00,0.000000e+00,0.000000e+00,0.000000e+00,0.000000e+00,0.000000e+00,0.000000e+00,0.000000e+00,0.000000e+00,0.000000e+00,0.000000e+00,0.000000e+00,0.000000e+00,0.000000e+00,0.000000e+00,0.000000e+00,0.000000e+00,0.000000e+00,0.000000e+00,0.000000e+00,0.000000e+00,0.000000e+00,0.000000e+00,0.000000e+00,0.000000e+00,1.168809e+03,8.605140e+03,-3.451320e-04,7.944997e-05,-4.393931e+00,1.136610e-03,0.000000e+00,0.000000e+00,0.000000e+00,0.000000e+00,0.000000e+00,0.000000e+00,0.000000e+00,0.000000e+00,0.000000e+00,0.000000e+00,0.000000e+00,0.000000e+00,0.000000e+00,0.000000e+00,0.000000e+00,0.000000e+00,0.000000e+00,0.000000e+00,0.000000e+00,0.000000e+00,0.000000e+00,-3.156959e+05,-7.611852e+03,-2.134059e+05,2.526351e-03,-6.417735e-06,-1.632030e-01,-1.505203e-03,-3.929704e-04,-1.536972e-03,1.028783e-07,6.674533e-08,3.198875e-01,1.966121e-03,-3.276860e-05,-7.751439e-09,-5.306386e-05,-8.833493e-06,-3.958369e+00,-5.147148e-01,-4.824455e-02,-3.953967e+03,2.697007e+04,7.611969e+03,3.801034e+05,-2.076424e-03,8.862557e-02,3.587543e-04,2.000565e+02,-7.040319e+02,-3.179863e+01
1.000436e-03,1.229574e+03,3.479202e+04,-2.136640e-03,-7.490050e-05,-1.766308e+01,1.023755e-01,9.774000e-07,5.610878e-02,0.000000e+00,0.000000e+00,5.412704e+01,0.000000e+00,0.000000e+00,0.000000e+00,0.000000e+00,0.000000e+00,0.000000e+00,0.000000e+00,0.000000e+00,0.000000e+00,0.000000e+00,0.000000e+00,0.000000e+00,0.000000e+00,0.000000e+00,0.000000e+00,0.000000e+00,0.000000e+00,0.000000e+00,0.000000e+00,0.000000e+00,0.000000e+00,0.000000e+00,0.000000e+00,0.000000e+00,0.000000e+00,0.000000e+00,0.000000e+00,0.000000e+00,0.000000e+00,0.000000e+00,0.000000e+00,0.000000e+00,0.000000e+00,0.000000e+00,0.000000e+00,0.000000e+00,0.000000e+00,1.229574e+03,8.588154e+03,-4.013549e-04,-3.199460e-05,-4.390754e+00,1.136610e-03,0.000000e+00,0.000000e+00,0.000000e+00,0.000000e+00,0.000000e+00,0.000000e+00,0.000000e+00,0.000000e+00,0.000000e+00,0.000000e+00,0.000000e+00,0.000000e+00,0.000000e+00,0.000000e+00,0.000000e+00,0.000000e+00,0.000000e+00,0.000000e+00,0.000000e+00,0.000000e+00,0.000000e+00,-1.495640e+05,4.745945e+03,-8.217277e+04,2.648090e-03,6.808074e-05,-1.728255e-01,-1.635253e-03,-6.070564e-04,-1.632628e-03,1.067108e-07,6.813289e-08,3.342832e-01,1.946891e-03,-2.632915e-05,-7.520041e-09,-5.758088e-05,-8.991817e-06,-3.997143e+00,-4.901029e-01,5.933745e-03,-3.950821e+03,-3.616788e+03,-4.745893e+03,1.706127e+05,7.650216e-04,9.204035e-02,-2.965635e-05,-2.855527e+02,5.021405e+02,4.429528e+01
1.010244e-03,1.286335e+03,3.473528e+04,-2.160249e-03,-7.201415e-05,-1.764764e+01,1.023755e-01,9.838542e-07,6.131287e-02,0.000000e+00,0.000000e+00,5.530448e+01,0.000000e+00,0.000000e+00,0.000000e+00,0.000000e+00,0.000000e+00,0.000000e+00,0.000000e+00,0.000000e+00,0.000000e+00,0.000000e+00,0.000000e+00,0.000000e+00,0.000000e+00,0.000000e+00,0.000000e+00,0.000000e+00,0.000000e+00,0.000000e+00,0.000000e+00,0.000000e+00,0.000000e+00,0.000000e+00,0.000000e+00,0.000000e+00,0.000000e+00,0.000000e+00,0.000000e+00,0.000000e+00,0.000000e+00,0.000000e+00,0.000000e+00,0.000000e+00,0.000000e+00,0.000000e+00,0.000000e+00,0.000000e+00,0.000000e+00,1.286335e+03,8.578179e+03,-4.165927e-04,3.082963e-05,-4.387634e+00,1.136610e-03,0.000000e+00,0.000000e+00,0.000000e+00,0.000000e+00,0.000000e+00,0.000000e+00,0.000000e+00,0.000000e+00,0.000000e+00,0.000000e+00,0.000000e+00,0.000000e+00,0.000000e+00,0.000000e+00,0.000000e+00,0.000000e+00,0.000000e+00,0.000000e+00,0.000000e+00,0.000000e+00,0.000000e+00,-7.601070e+04,-6.990714e+03,-3.035602e+04,2.955385e-03,1.085518e-04,-1.832496e-01,-1.839210e-03,-5.935801e-04,-1.765070e-03,-1.126776e-07,1.006955e-07,3.497454e-01,1.984757e-03,-2.586303e-05,-5.107015e-08,-6.227286e-05,-9.182882e-06,-4.035872e+00,-4.926799e-01,-2.166952e-02,-3.947527e+03,-1.171546e+04,6.990739e+03,8.100532e+04,9.686023e-05,9.620477e-02,1.256562e-04,4.262156e+02,5.426465e+02,-5.403871e+01
1.020076e-03,1.345210e+03,3.467482e+04,-2.214956e-03,-1.045168e-04,-1.763283e+01,1.023755e-01,9.774000e-07,7.067309e-02,0.000000e+00,0.000000e+00,5.852425e+01,0.000000e+00,0.000000e+00,0.000000e+00,0.000000e+00,0.000000e+00,0.000000e+00,0.000000e+00,0.000000e+00,0.000000e+00,0.000000e+00,0.000000e+00,0.000000e+00,0.000000e+00,0.000000e+00,0.000000e+00,0.000000e+00,0.000000e+00,0.000000e+00,0.000000e+00,0.000000e+00,0.000000e+00,0.000000e+00,0.000000e+00,0.000000e+00,0.000000e+00,0.000000e+00,0.000000e+00,0.000000e+00,0.000000e+00,0.000000e+00,0.000000e+00,0.000000e+00,0.000000e+00,0.000000e+00,0.000000e+00,0.000000e+00,0.000000e+00,1.345210e+03,8.573213e+03,-5.274536e-04,1.391280e-05,-4.386370e+00,1.136610e-03,0.000000e+00,0.000000e+00,0.000000e+00,0.000000e+00,0.000000e+00,0.000000e+00,0.000000e+00,0.000000e+00,0.000000e+00,0.000000e+00,0.000000e+00,0.000000e+00,0.000000e+00,0.000000e+00,0.000000e+00,0.000000e+00,0.000000e+00,0.000000e+00,0.000000e+00,0.000000e+00,0.000000e+00,-2.449186e+05,-3.442555e+03,-1.289738e+05,3.216532e-03,-6.855180e-05,-1.990603e-01,-2.228198e-03,-3.334412e-04,-1.937235e-03,-4.097281e-07,2.260614e-07,3.645828e-01,1.987009e-03,2.623765e-07,-1.068576e-07,-6.725070e-05,-9.608677e-06,-4.074664e+00,-4.765280e-01,-4.312581e-02,-3.942880e+03,-1.076165e+04,3.442645e+03,2.765928e+05,-1.816935e-03,1.031269e-01,3.704875e-04,-3.064494e+02,8.601689e+02,2.305630e+01
1.030832e-03,1.414681e+03,3.460309e+04,-2.306613e-03,-6.221304e-05,-1.761436e+01,1.023755e-01,9.803040e-07,8.466480e-02,0.000000e+00,0.000000e+00,6.186655e+01,0.000000e+00,0.000000e+00,0.000000e+00,0.000000e+00,0.000000e+00,0.000000e+00,0.000000e+00,0.000000e+00,0.000000e+00,0.000000e+00,0.000000e+00,0.000000e+00,0.000000e+00,0.000000e+00,0.000000e+00,0.000000e+00,0.000000e+00,0.000000e+00,0.000000e+00,0.000000e+00,0.000000e+00,0.000000e+00,0.000000e+00,0.000000e+00,0.000000e+00,0.000000e+00,0.000000e+00,0.000000e+00,0.000000e+00,0.000000e+00,0.000000e+00,0.000000e+00,0.000000e+00,0.000000e+00,0.000000e+00,0.000000e+00,0.000000e+00,1.414681e+03,8.562816e+03,-5.392418e-04,8.023286e-06,-4.383521e+00,1.136610e-03,0.000000e+00,0.000000e+00,0.000000e+00,0.000000e+00,0.000000e+00,0.000000e+00,0.000000e+00,0.000000e+00,0.000000e+00,0.000000e+00,0.000000e+00,0.000000e+00,0.000000e+00,0.000000e+00,0.000000e+00,0.000000e+00,0.000000e+00,0.000000e+00,0.000000e+00,0.000000e+00,0.000000e+00,-2.930162e+05,-1.776179e+04,-1.600240e+05,3.300955e-03,-3.091315e-05,-2.138789e-01,-2.153352e-03,-4.924887e-04,-2.125645e-03,-2.550962e-08,4.527601e-07,3.832696e-01,1.968093e-03,-3.469388e-05,-4.138407e-08,-7.298298e-05,-1.007418e-05,-4.117049e+00,-5.168712e-01,-2.100572e-02,-3.938418e+03,-7.919302e+03,1.776191e+04,3.337716e+05,-1.517729e-03,1.131897e-01,2.626980e-04,1.000418e+03,3.511520e+02,-1.414389e+02
1.040630e-03,1.477357e+03,3.453644e+04,-2.400600e-03,-8.584498e-05,-1.759796e+01,1.023756e-01,9.774000e-07,8.840989e-02,0.000000e+00,0.000000e+00,6.749690e+01,0.000000e+00,0.000000e+00,0.000000e+00,0.000000e+00,0.000000e+00,0.000000e+00,0.000000e+00,0.000000e+00,0.000000e+00,0.000000e+00,0.000000e+00,0.000000e+00,0.000000e+00,0.000000e+00,0.000000e+00,0.000000e+00,0.000000e+00,0.000000e+00,0.000000e+00,0.000000e+00,0.000000e+00,0.000000e+00,0.000000e+00,0.000000e+00,0.000000e+00,0.000000e+00,0.000000e+00,0.000000e+00,0.000000e+00,0.000000e+00,0.000000e+00,0.000000e+00,0.000000e+00,0.000000e+00,0.000000e+00,0.000000e+00,0.000000e+00,1.477357e+03,8.553262e+03,-7.843724e-04,3.761309e-05,-4.380957e+00,1.136610e-03,0.000000e+00,0.000000e+00,0.000000e+00,0.000000e+00,0.000000e+00,0.000000e+00,0.000000e+00,0.000000e+00,0.000000e+00,0.000000e+00,0.000000e+00,0.000000e+00,0.000000e+00,0.000000e+00,0.000000e+00,0.000000e+00,0.000000e+00,0.000000e+00,0.000000e+00,0.000000e+00,0.000000e+00,-5.835409e+05,-5.836830e+03,-3.041309e+05,3.725369e-03,-6.006637e-05,-2.272766e-01,-2.861839e-03,-3.580296e-04,-2.315121e-03,-2.642089e-07,6.215952e-07,3.996347e-01,2.014299e-03,-1.270444e-05,-8.972064e-08,-7.775445e-05,-1.023882e-05,-4.155618e+00,-4.529273e-01,-3.946119e-02,-3.934587e+03,-2.837674e+04,5.837066e+03,6.574271e+05,-2.561363e-03,1.150679e-01,4.061114e-04,4.026972e+02,1.546671e+03,-5.646178e+01
1.050464e-03,1.541571e+03,3.447275e+04,-2.451598e-03,-2.882264e-05,-1.758113e+01,1.023756e-01,9.774000e-07,1.039740e-01,0.000000e+00,0.000000e+00,6.782648e+01,0.000000e+00,0.000000e+00,0.000000e+00,0.000000e+00,0.000000e+00,0.000000e+00,0.000000e+00,0.000000e+00,0.000000e+00,0.000000e+00,0.000000e+00,0.000000e+00,0.000000e+00,0.000000e+00,0.000000e+00,0.000000e+00,0.000000e+00,0.000000e+00,0.000000e+00,0.000000e+00,0.000000e+00,0.000000e+00,0.000000e+00,0.000000e+00,0.000000e+00,0.000000e+00,0.000000e+00,0.000000e+00,0.000000e+00,0.000000e+00,0.000000e+00,0.000000e+00,0.000000e+00,0.000000e+00,0.000000e+00,0.000000e+00,0.000000e+00,1.541571e+03,8.544420e+03,-6.829291e-04,-3.109523e-05,-4.378637e+00,1.136610e-03,0.000000e+00,0.000000e+00,0.000000e+00,0.000000e+00,0.000000e+00,0.000000e+00,0.000000e+00,0.000000e+00,0.000000e+00,0.000000e+00,0.000000e+00,0.000000e+00,0.000000e+00,0.000000e+00,0.000000e+00,0.000000e+00,0.000000e+00,0.000000e+00,0.000000e+00,0.000000e+00,0.000000e+00,-4.260377e+05,-3.576562e+03,-2.531786e+05,3.800957e-03,4.568302e-05,-2.412339e-01,-2.825207e-03,-6.175553e-04,-2.502426e-03,-6.731950e-07,7.272859e-07,4.165467e-01,1.990732e-03,-7.144784e-05,-1.755462e-07,-8.299487e-05,-1.027182e-05,-4.194282e+00,-5.543211e-01,1.323617e-02,-3.930181e+03,6.247365e+03,3.576742e+03,4.955487e+05,1.495518e-03,1.252728e-01,-5.785829e-05,-6.112379e+02,7.153151e+02,5.692010e+01
1.060247e-03,1.610626e+03,3.440211e+04,-2.643499e-03,-8.803391e-05,-1.756251e+01,1.023756e-01,9.988926e-07,1.160589e-01,0.000000e+00,0.000000e+00,7.050195e+01,0.000000e+00,0.000000e+00,0.000000e+00,0.000000e+00,0.000000e+00,0.000000e+00,0.000000e+00,0.000000e+00,0.000000e+00,0.000000e+00,0.000000e+00,0.000000e+00,0.000000e+00,0.000000e+00,0.000000e+00,0.000000e+00,0.000000e+00,0.000000e+00,0.000000e+00,0.000000e+00,0.000000e+00,0.000000e+00,0.000000e+00,0.000000e+00,0.000000e+00,0.000000e+00,0.000000e+00,0.000000e+00,0.000000e+00,0.000000e+00,0.000000e+00,0.000000e+00,0.000000e+00,0.000000e+00,0.000000e+00,0.000000e+00,0.000000e+00,1.610626e+03,8.535860e+03,-8.529425e-04,-8.888441e-05,-4.375943e+00,1.136610e-03,0.000000e+00,0.000000e+00,0.000000e+00,0.000000e+00,0.000000e+00,0.000000e+00,0.000000e+00,0.000000e+00,0.000000e+00,0.000000e+00,0.000000e+00,0.000000e+00,0.000000e+00,0.000000e+00,0.000000e+00,0.000000e+00,0.000000e+00,0.000000e+00,0.000000e+00,0.000000e+00,0.000000e+00,-1.864979e+05,1.283517e+04,-1.043842e+05,4.082968e-03,-9.921133e-05,-2.561632e-01,-3.187284e-03,-4.515898e-04,-2.687999e-03,-9.991037e-07,4.338855e-07,4.353955e-01,2.121392e-03,-1.408591e-05,-2.407004e-07,-8.822046e-05,-1.038821e-05,-4.232703e+00,-5.408278e-01,1.806592e-02,-3.925329e+03,-2.846259e+03,-1.283509e+04,2.137041e+05,-2.306305e-04,1.324379e-01,6.501113e-05,-5.257065e+02,5.884601e+02,8.217426e+01
1.070070e-03,1.682321e+03,3.432854e+04,-2.957777e-03,-3.309085e-05,-1.754287e+01,1.023756e-01,9.843036e-07,1.325915e-01,0.000000e+00,0.000000e+00,7.316679e+01,0.000000e+00,0.000000e+00,0.000000e+00,0.000000e+00,0.000000e+00,0.000000e+00,0.000000e+00,0.000000e+00,0.000000e+00,0.000000e+00,0.000000e+00,0.000000e+00,0.000000e+00,0.000000e+00,0.000000e+00,0.000000e+00,0.000000e+00,0.000000e+00,0.000000e+00,0.000000e+00,0.000000e+00,0.000000e+00,0.000000e+00,0.000000e+00,0.000000e+00,0.000000e+00,0.000000e+00,0.000000e+00,0.000000e+00,0.000000e+00,0.000000e+00,0.000000e+00,0.000000e+00,0.000000e+00,0.000000e+00,0.000000e+00,0.000000e+00,1.682321e+03,8.525521e+03,-1.029632e-03,-2.756069e-05,-4.372372e+00,1.136610e-03,0.000000e+00,0.000000e+00,0.000000e+00,0.000000e+00,0.000000e+00,0.000000e+00,0.000000e+00,0.000000e+00,0.000000e+00,0.000000e+00,0.000000e+00,0.000000e+00,0.000000e+00,0.000000e+00,0.000000e+00,0.000000e+00,0.000000e+00,0.000000e+00,0.000000e+00,0.000000e+00,0.000000e+00,-4.314121e+05,-1.735192e+04,-2.369938e+05,4.310082e-03,1.105434e-04,-2.723613e-01,-3.254316e-03,-7.054674e-04,-2.898492e-03,-7.921284e-07,4.419319e-07,4.550052e-01,2.313407e-03,-6.881633e-05,-1.988979e-07,-9.390181e-05,-1.062971e-05,-4.271236e+00,-5.984049e-01,3.779126e-03,-3.920659e+03,-1.045508e+04,1.735212e+04,4.921109e+05,1.090695e-03,1.413074e-01,-2.023460e-05,8.621617e+02,1.135531e+03,-1.101111e+02
1.080871e-03,1.761869e+03,3.424815e+04,-2.970736e-03,-4.383125e-05,-1.752189e+01,1.023756e-01,9.834476e-07,1.445966e-01,0.000000e+00,0.000000e+00,7.485779e+01,0.000000e+00,0.000000e+00,0.000000e+00,0.000000e+00,0.000000e+00,0.000000e+00,0.000000e+00,0.000000e+00,0.000000e+00,0.000000e+00,0.000000e+00,0.000000e+00,0.000000e+00,0.000000e+00,0.000000e+00,0.000000e+00,0.000000e+00,0.000000e+00,0.000000e+00,0.000000e+00,0.000000e+00,0.000000e+00,0.000000e+00,0.000000e+00,0.000000e+00,0.000000e+00,0.000000e+00,0.000000e+00,0.000000e+00,0.000000e+00,0.000000e+00,0.000000e+00,0.000000e+00,0.000000e+00,0.000000e+00,0.000000e+00,0.000000e+00,1.761869e+03,8.517950e+03,-1.187646e-03,-1.321897e-05,-4.370037e+00,1.136610e-03,0.000000e+00,0.000000e+00,0.000000e+00,0.000000e+00,0.000000e+00,0.000000e+00,0.000000e+00,0.000000e+00,0.000000e+00,0.000000e+00,0.000000e+00,0.000000e+00,0.000000e+00,0.000000e+00,0.000000e+00,0.000000e+00,0.000000e+00,0.000000e+00,0.000000e+00,0.000000e+00,0.000000e+00,-2.646260e+05,-1.395547e+04,-1.484277e+05,4.695487e-03,-1.743783e-05,-2.896472e-01,-3.689419e-03,-5.580055e-04,-3.168283e-03,-8.539723e-07,6.867071e-07,4.760112e-01,2.247981e-03,-5.661714e-05,-2.113482e-07,-1.001631e-04,-1.067829e-05,-4.313552e+00,-5.723784e-01,1.002412e-03,-3.915138e+03,-3.765225e+03,1.395559e+04,3.033868e+05,-6.504093e-04,1.478077e-01,1.456732e-04,1.061636e+03,7.028332e+02,-1.234696e+02
1.090659e-03,1.832953e+03,3.417345e+04,-3.092909e-03,5.267106e-06,-1.750276e+01,1.023757e-01,9.881444e-07,1.622874e-01,0.000000e+00,0.000000e+00,8.004522e+01,0.000000e+00,0.000000e+00,0.000000e+00,0.000000e+00,0.000000e+00,0.000000e+00,0.000000e+00,0.000000e+00,0.000000e+00,0.000000e+00,0.000000e+00,0.000000e+00,0.000000e+00,0.000000e+00,0.000000e+00,0.000000e+00,0.000000e+00,0.000000e+00,0.000000e+00,0.000000e+00,0.000000e+00,0.000000e+00,0.000000e+00,0.000000e+00,0.000000e+00,0.000000e+00,0.000000e+00,0.000000e+00,0.000000e+00,0.000000e+00,0.000000e+00,0.000000e+00,0.000000e+00,0.000000e+00,0.000000e+00,0.000000e+00,0.000000e+00,1.832953e+03,8.508543e+03,-1.273385e-03,5.806179e-05,-4.367559e+00,1.136610e-03,0.000000e+00,0.000000e+00,0.000000e+00,0.000000e+00,0.000000e+00,0.000000e+00,0.000000e+00,0.000000e+00,0.000000e+00,0.000000e+00,0.000000e+00,0.000000e+00,0.000000e+00,0.000000e+00,0.000000e+00,0.000000e+00,0.000000e+00,0.000000e+00,0.000000e+00,0.000000e+00,0.000000e+00,-4.857109e+05,-2.629841e+04,-2.745246e+05,5.096613e-03,-1.634036e-05,-3.081132e-01,-4.215125e-03,-4.627568e-04,-3.385548e-03,-9.540666e-07,9.067966e-07,4.953328e-01,2.279258e-03,-1.205812e-04,-2.309969e-07,-1.058144e-04,-1.074632e-05,-4.351850e+00,-6.053768e-01,-3.520258e-02,-3.909732e+03,-5.099033e+03,2.629864e+04,5.579004e+05,-1.763549e-03,1.564015e-01,3.358860e-04,1.185790e+03,1.121303e+03,-1.754061e+02
1.100455e-03,1.914124e+03,3.409157e+04,-3.292573e-03,-2.704907e-05,-1.748031e+01,1.023757e-01,9.774000e-07,1.827440e-01,0.000000e+00,0.000000e+00,8.137640e+01,0.000000e+00,0.000000e+00,0.000000e+00,0.000000e+00,0.000000e+00,0.000000e+00,0.000000e+00,0.000000e+00,0.000000e+00,0.000000e+00,0.000000e+00,0.000000e+00,0.000000e+00,0.000000e+00,0.000000e+00,0.000000e+00,0.000000e+00,0.000000e+00,0.000000e+00,0.000000e+00,0.000000e+00,0.000000e+00,0.000000e+00,0.000000e+00,0.000000e+00,0.000000e+00,0.000000e+00,0.000000e+00,0.000000e+00,0.000000e+00,0.000000e+00,0.000000e+00,0.000000e+00,0.000000e+00,0.000000e+00,0.000000e+00,0.000000e+00,1.914124e+03,8.493577e+03,-1.346333e-03,-2.207031e-05,-4.362393e+00,1.136610e-03,0.000000e+00,0.000000e+00,0.000000e+00,0.000000e+00,0.000000e+00,0.000000e+00,0.000000e+00,0.000000e+00,0.000000e+00,0.000000e+00,0.000000e+00,0.000000e+00,0.000000e+00,0.000000e+00,0.000000e+00,0.000000e+00,0.000000e+00,0.000000e+00,0.000000e+00,0.000000e+00,0.000000e+00,-3.798492e+05,1.121002e+03,-2.182245e+05,5.252038e-03,-6.018312e-05,-3.235058e-01,-4.222152e-03,-4.447092e-04,-3.581122e-03,-8.274904e-07,1.064453e-06,5.178553e-01,2.351653e-03,-8.571619e-05,-2.055509e-07,-1.120006e-04,-1.080740e-05,-4.390122e+00,-6.711425e-01,-5.649372e-04,-3.904918e+03,-9.271523e+02,-1.120821e+03,4.380714e+05,-5.012777e-04,1.661853e-01,1.523343e-04,-2.539678e+02,7.469485e+02,1.688025e+01
1.110229e-03,1.994516e+03,3.400887e+04,-3.579519e-03,-3.726342e-05,-1.745860e+01,1.023758e-01,9.774000e-07,1.961769e-01,0.000000e+00,0.000000e+00,8.457053e+01,0.000000e+00,0.000000e+00,0.000000e+00,0.000000e+00,0.000000e+00,0.000000e+00,0.000000e+00,0.000000e+00,0.000000e+00,0.000000e+00,0.000000e+00,0.000000e+00,0.000000e+00,0.000000e+00,0.000000e+00,0.000000e+00,0.000000e+00,0.000000e+00,0.000000e+00,0.000000e+00,0.000000e+00,0.000000e+00,0.000000e+00,0.000000e+00,0.000000e+00,0.000000e+00,0.000000e+00,0.000000e+00,0.000000e+00,0.000000e+00,0.000000e+00,0.000000e+00,0.000000e+00,0.000000e+00,0.000000e+00,0.000000e+00,0.000000e+00,1.994516e+03,8.484881e+03,-1.589373e-03,6.931979e-06,-4.359566e+00,1.136610e-03,0.000000e+00,0.000000e+00,0.000000e+00,0.000000e+00,0.000000e+00,0.000000e+00,0.000000e+00,0.000000e+00,0.000000e+00,0.000000e+00,0.000000e+00,0.000000e+00,0.000000e+00,0.000000e+00,0.000000e+00,0.000000e+00,0.000000e+00,0.000000e+00,0.000000e+00,0.000000e+00,0.000000e+00,-3.510494e+05,-9.482367e+03,-1.916572e+05,5.725776e-03,-4.969196e-05,-3.411225e-01,-4.742951e-03,-4.560760e-04,-3.871974e-03,-9.441342e-07,7.563727e-07,5.397256e-01,2.534766e-03,-8.918676e-05,-2.290252e-07,-1.184769e-04,-1.084300e-05,-4.428260e+00,-6.527512e-01,-9.620281e-03,-3.899431e+03,-9.535330e+03,9.482532e+03,3.998465e+05,-1.010404e-03,1.723025e-01,2.234691e-04,1.100412e+02,5.311302e+02,-1.885570e+01
1.120003e-03,2.077208e+03,3.392282e+04,-3.745658e-03,-1.767932e-05,-1.743739e+01,1.023759e-01,9.774000e-07,2.284146e-01,0.000000e+00,0.000000e+00,8.908800e+01,0.000000e+00,0.000000e+00,0.000000e+00,0.000000e+00,0.000000e+00,0.000000e+00,0.000000e+00,0.000000e+00,0.000000e+00,0.000000e+00,0.000000e+00,0.000000e+00,0.000000e+00,0.000000e+00,0.000000e+00,0.000000e+00,0.000000e+00,0.000000e+00,0.000000e+00,0.000000e+00,0.000000e+00,0.000000e+00,0.000000e+00,0.000000e+00,0.000000e+00,0.000000e+00,0.000000e+00,0.000000e+00,0.000000e+00,0.000000e+00,0.000000e+00,0.000000e+00,0.000000e+00,0.000000e+00,0.000000e+00,0.000000e+00,0.000000e+00,2.077208e+03,8.480144e+03,-1.529193e-03,-4.777039e-05,-4.358871e+00,1.136610e-03,0.000000e+00,0.000000e+00,0.000000e+00,0.000000e+00,0.000000e+00,0.000000e+00,0.000000e+00,0.000000e+00,0.000000e+00,0.000000e+00,0.000000e+00,0.000000e+00,0.000000e+00,0.000000e+00,0.000000e+00,0.000000e+00,0.000000e+00,0.000000e+00,0.000000e+00,0.000000e+00,0.000000e+00,-5.421958e+05,-3.747085e+03,-3.201302e+05,5.870171e-03,-4.258965e-05,-3.630044e-01,-4.656505e-03,-5.607455e-04,-4.247498e-03,-8.671684e-07,8.492528e-07,5.610784e-01,2.537734e-03,-1.063994e-04,-2.142767e-07,-1.251815e-04,-1.070969e-05,-4.466338e+00,-7.613127e-01,2.138890e-02,-3.892951e+03,6.158674e+03,3.747346e+03,6.296203e+05,2.047774e-04,1.858300e-01,4.477574e-05,7.525958e+01,7.641762e+02,-1.968324e+01
1.130772e-03,2.169517e+03,3.382580e+04,-3.792769e-03,6.530023e-05,-1.741280e+01,1.023759e-01,9.774000e-07,2.504290e-01,0.000000e+00,0.000000e+00,9.486143e+01,0.000000e+00,0.000000e+00,0.000000e+00,0.000000e+00,0.000000e+00,0.000000e+00,0.000000e+00,0.000000e+00,0.000000e+00,0.000000e+00,0.000000e+00,0.000000e+00,0.000000e+00,0.000000e+00,0.000000e+00,0.000000e+00,0.000000e+00,0.000000e+00,0.000000e+00,0.000000e+00,0.000000e+00,0.000000e+00,0.000000e+00,0.000000e+00,0.000000e+00,0.000000e+00,0.000000e+00,0.000000e+00,0.000000e+00,0.000000e+00,0.000000e+00,0.000000e+00,0.000000e+00,0.000000e+00,0.000000e+00,0.000000e+00,0.000000e+00,2.169517e+03,8.467371e+03,-1.580181e-03,-4.617556e-05,-4.355942e+00,1.136610e-03,0.000000e+00,0.000000e+00,0.000000e+00,0.000000e+00,0.000000e+00,0.000000e+00,0.000000e+00,0.000000e+00,0.000000e+00,0.000000e+00,0.000000e+00,0.000000e+00,0.000000e+00,0.000000e+00,0.000000e+00,0.000000e+00,0.000000e+00,0.000000e+00,0.000000e+00,0.000000e+00,0.000000e+00,-5.052354e+05,-1.021756e+03,-2.983650e+05,6.358864e-03,-1.241698e-05,-3.840980e-01,-5.189491e-03,-6.739479e-04,-4.528929e-03,-9.325230e-07,9.182390e-07,5.859668e-01,2.472415e-03,-1.932369e-04,-2.269654e-07,-1.331149e-04,-1.033190e-05,-4.508224e+00,-7.671099e-01,5.032415e-02,-3.886424e+03,5.789846e+03,1.021998e+03,5.867290e+05,1.919804e-03,1.947599e-01,-1.792714e-04,-3.629492e+02,4.195926e+02,3.418252e+01
1.140562e-03,2.260015e+03,3.373249e+04,-4.303107e-03,3.409859e-05,-1.738528e+01,1.023759e-01,9.774000e-07,2.776514e-01,0.000000e+00,0.000000e+00,9.827278e+01,0.000000e+00,0.000000e+00,0.000000e+00,0.000000e+00,0.000000e+00,0.000000e+00,0.000000e+00,0.000000e+00,0.000000e+00,0.000000e+00,0.000000e+00,0.000000e+00,0.000000e+00,0.000000e+00,0.000000e+00,0.000000e+00,0.000000e+00,0.000000e+00,0.000000e+00,0.000000e+00,0.000000e+00,0.000000e+00,0.000000e+00,0.000000e+00,0.000000e+00,0.000000e+00,0.000000e+00,0.000000e+00,0.000000e+00,0.000000e+00,0.000000e+00,0.000000e+00,0.000000e+00,0.000000e+00,0.000000e+00,0.000000e+00,0.000000e+00,2.260015e+03,8.452928e+03,-1.806557e-03,3.352936e-06,-4.349774e+00,1.136610e-03,0.000000e+00,0.000000e+00,0.000000e+00,0.000000e+00,0.000000e+00,0.000000e+00,0.000000e+00,0.000000e+00,0.000000e+00,0.000000e+00,0.000000e+00,0.000000e+00,0.000000e+00,0.000000e+00,0.000000e+00,0.000000e+00,0.000000e+00,0.000000e+00,0.000000e+00,0.000000e+00,0.000000e+00,-4.988512e+05,-3.775704e+02,-2.781360e+05,6.690647e-03,-6.849378e-05,-4.032719e-01,-5.287208e-03,-4.820184e-04,-4.786630e-03,-9.116296e-07,7.427681e-07,6.135266e-01,2.854235e-03,-1.548618e-04,-2.213403e-07,-1.409121e-04,-1.005689e-05,-4.546240e+00,-8.433719e-01,8.638359e-03,-3.880543e+03,-8.536201e+03,3.778045e+02,5.710861e+05,-5.621724e-04,2.047456e-01,1.251013e-04,1.201777e+02,1.121078e+03,-5.475155e+00
1.150340e-03,2.356060e+03,3.362954e+04,-4.067495e-03,2.035246e-05,-1.735741e+01,1.023760e-01,9.774000e-07,3.017342e-01,0.000000e+00,0.000000e+00,1.064463e+02,0.000000e+00,0.000000e+00,0.000000e+00,0.000000e+00,0.000000e+00,0.000000e+00,0.000000e+00,0.000000e+00,0.000000e+00,0.000000e+00,0.000000e+00,0.000000e+00,0.000000e+00,0.000000e+00,0.000000e+00,0.000000e+00,0.000000e+00,0.000000e+00,0.000000e+00,0.000000e+00,0.000000e+00,0.000000e+00,0.000000e+00,0.000000e+00,0.000000e+00,0.000000e+00,0.000000e+00,0.000000e+00,0.000000e+00,0.000000e+00,0.000000e+00,0.000000e+00,0.000000e+00,0.000000e+00,0.000000e+00,0.000000e+00,0.000000e+00,2.356060e+03,8.441834e+03,-1.652570e-03,-1.599544e-05,-4.346046e+00,1.136610e-03,0.000000e+00,0.000000e+00,0.000000e+00,0.000000e+00,0.000000e+00,0.000000e+00,0.000000e+00,0.000000e+00,0.000000e+00,0.000000e+00,0.000000e+00,0.000000e+00,0.000000e+00,0.000000e+00,0.000000e+00,0.000000e+00,0.000000e+00,0.000000e+00,0.000000e+00,0.000000e+00,0.000000e+00,-7.333924e+05,1.635930e+03,-4.337669e+05,7.108134e-03,-3.690886e-05,-4.261826e-01,-5.806492e-03,-5.286165e-04,-5.241632e-03,-9.303124e-07,7.206599e-07,6.416110e-01,2.481445e-03,-1.344405e-04,-2.254855e-07,-1.491951e-04,-9.879577e-06,-4.584150e+00,-8.468674e-01,1.701003e-02,-3.873713e+03,8.983406e+03,-1.635576e+03,8.520196e+05,-7.955692e-05,2.140954e-01,8.590605e-05,2.086569e+02,-1.705081e+02,-1.794227e+01
1.160115e-03,2.454898e+03,3.353062e+04,-4.153075e-03,3.323719e-05,-1.733179e+01,1.023760e-01,9.774000e-07,3.390763e-01,0.000000e+00,0.000000e+00,1.068129e+02,0.000000e+00,0.000000e+00,0.000000e+00,0.000000e+00,0.000000e+00,0.000000e+00,0.000000e+00,0.000000e+00,0.000000e+00,0.000000e+00,0.000000e+00,0.000000e+00,0.000000e+00,0.000000e+00,0.000000e+00,0.000000e+00,0.000000e+00,0.000000e+00,0.000000e+00,0.000000e+00,0.000000e+00,0.000000e+00,0.000000e+00,0.000000e+00,0.000000e+00,0.000000e+00,0.000000e+00,0.000000e+00,0.000000e+00,0.000000e+00,0.000000e+00,0.000000e+00,0.000000e+00,0.000000e+00,0.000000e+00,0.000000e+00,0.000000e+00,2.454898e+03,8.427649e+03,-1.522957e-03,-3.857882e-05,-4.342150e+00,1.136610e-03,0.000000e+00,0.000000e+00,0.000000e+00,0.000000e+00,0.000000e+00,0.000000e+00,0.000000e+00,0.000000e+00,0.000000e+00,0.000000e+00,0.000000e+00,0.000000e+00,0.000000e+00,0.000000e+00,0.000000e+00,0.000000e+00,0.000000e+00,0.000000e+00,0.000000e+00,0.000000e+00,0.000000e+00,-4.920489e+05,3.569109e+03,-2.730261e+05,7.295772e-03,-1.983118e-05,-4.472190e-01,-5.706949e-03,-5.848163e-04,-5.543135e-03,-9.618024e-07,6.236643e-07,6.671816e-01,2.459292e-03,-1.442019e-04,-2.322088e-07,-1.579083e-04,-9.730737e-06,-4.621975e+00,-9.399678e-01,3.091862e-02,-3.867007e+03,-9.558237e+03,-3.568877e+03,5.626402e+05,6.677344e-04,2.263630e-01,-2.194662e-05,-8.102013e+01,1.033797e+03,1.522130e+01
1.170866e-03,2.564543e+03,3.341587e+04,-4.323627e-03,6.949934e-05,-1.730405e+01,1.023760e-01,9.774000e-07,3.744993e-01,0.000000e+00,0.000000e+00,1.128401e+02,0.000000e+00,0.000000e+00,0.000000e+00,0.000000e+00,0.000000e+00,0.000000e+00,0.000000e+00,0.000000e+00,0.000000e+00,0.000000e+00,0.000000e+00,0.000000e+00,0.000000e+00,0.000000e+00,0.000000e+00,0.000000e+00,0.000000e+00,0.000000e+00,0.000000e+00,0.000000e+00,0.000000e+00,0.000000e+00,0.000000e+00,0.000000e+00,0.000000e+00,0.000000e+00,0.000000e+00,0.000000e+00,0.000000e+00,0.000000e+00,0.000000e+00,0.000000e+00,0.000000e+00,0.000000e+00,0.000000e+00,0.000000e+00,0.000000e+00,2.564543e+03,8.413399e+03,-1.482060e-03,-3.289140e-05,-4.339274e+00,1.136610e-03,0.000000e+00,0.000000e+00,0.000000e+00,0.000000e+00,0.000000e+00,0.000000e+00,0.000000e+00,0.000000e+00,0.000000e+00,0.000000e+00,0.000000e+00,0.000000e+00,0.000000e+00,0.000000e+00,0.000000e+00,0.000000e+00,0.000000e+00,0.000000e+00,0.000000e+00,0.000000e+00,0.000000e+00,-6.594356e+05,4.786640e+03,-3.569219e+05,7.846576e-03,-8.203334e-05,-4.728710e-01,-6.114333e-03,-5.326357e-04,-5.941719e-03,-9.652825e-07,5.418470e-07,6.950326e-01,2.485420e-03,-1.783859e-04,-2.318665e-07,-1.684782e-04,-9.345259e-06,-4.663506e+00,-1.001711e+00,3.655366e-02,-3.859299e+03,-2.058760e+04,-4.786345e+03,7.495497e+05,5.118370e-04,2.376320e-01,-2.721175e-05,-3.683012e+02,1.622159e+03,4.773794e+01
1.180640e-03,2.664934e+03,3.330899e+04,-4.596129e-03,8.334769e-05,-1.727502e+01,1.023761e-01,9.774000e-07,4.183897e-01,0.000000e+00,0.000000e+00,1.197724e+02,0.000000e+00,0.000000e+00,0.000000e+00,0.000000e+00,0.000000e+00,0.000000e+00,0.000000e+00,0.000000e+00,0.000000e+00,0.000000e+00,0.000000e+00,0.000000e+00,0.000000e+00,0.000000e+00,0.000000e+00,0.000000e+00,0.000000e+00,0.000000e+00,0.000000e+00,0.000000e+00,0.000000e+00,0.000000e+00,0.000000e+00,0.000000e+00,0.000000e+00,0.000000e+00,0.000000e+00,0.000000e+00,0.000000e+00,0.000000e+00,0.000000e+00,0.000000e+00,0.000000e+00,0.000000e+00,0.000000e+00,0.000000e+00,0.000000e+00,2.664934e+03,8.401443e+03,-1.422636e-03,-2.031680e-05,-4.335249e+00,1.136610e-03,0.000000e+00,0.000000e+00,0.000000e+00,0.000000e+00,0.000000e+00,0.000000e+00,0.000000e+00,0.000000e+00,0.000000e+00,0.000000e+00,0.000000e+00,0.000000e+00,0.000000e+00,0.000000e+00,0.000000e+00,0.000000e+00,0.000000e+00,0.000000e+00,0.000000e+00,0.000000e+00,0.000000e+00,-5.514246e+05,-1.372999e+03,-3.069524e+05,8.094179e-03,-2.153432e-05,-4.961995e-01,-6.119955e-03,-6.083862e-04,-6.325982e-03,-1.010130e-06,4.569586e-07,7.244162e-01,2.629122e-03,-1.793276e-04,-2.421193e-07,-1.791108e-04,-9.133166e-06,-4.701189e+00,-1.109409e+00,3.591727e-02,-3.852027e+03,-9.859583e+03,1.373254e+03,6.310242e+05,4.838750e-04,2.514130e-01,-1.929814e-05,7.317528e+02,1.218224e+03,-6.377871e+01
1.190414e-03,2.766814e+03,3.320232e+04,-4.748796e-03,5.029609e-05,-1.724590e+01,1.023761e-01,9.774000e-07,4.625005e-01,0.000000e+00,0.000000e+00,1.253651e+02,0.000000e+00,0.000000e+00,0.000000e+00,0.000000e+00,0.000000e+00,0.000000e+00,0.000000e+00,0.000000e+00,0.000000e+00,0.000000e+00,0.000000e+00,0.000000e+00,0.000000e+00,0.000000e+00,0.000000e+00,0.000000e+00,0.000000e+00,0.000000e+00,0.000000e+00,0.000000e+00,0.000000e+00,0.000000e+00,0.000000e+00,0.000000e+00,0.000000e+00,0.000000e+00,0.000000e+00,0.000000e+00,0.000000e+00,0.000000e+00,0.000000e+00,0.000000e+00,0.000000e+00,0.000000e+00,0.000000e+00,0.000000e+00,0.000000e+00,2.766814e+03,8.390014e+03,-1.259649e-03,1.736602e-05,-4.330948e+00,1.136610e-03,0.000000e+00,0.000000e+00,0.000000e+00,0.000000e+00,0.000000e+00,0.000000e+00,0.000000e+00,0.000000e+00,0.000000e+00,0.000000e+00,0.000000e+00,0.000000e+00,0.000000e+00,0.000000e+00,0.000000e+00,0.000000e+00,0.000000e+00,0.000000e+00,0.000000e+00,0.000000e+00,0.000000e+00,-8.603969e+05,-2.807930e+03,-4.615420e+05,8.612975e-03,-1.160261e-04,-5.216744e-01,-6.310820e-03,-4.132239e-04,-6.712016e-03,-1.015059e-06,3.615914e-07,7.533203e-01,2.630757e-03,-1.541800e-04,-2.433567e-07,-1.903674e-04,-8.865510e-06,-4.738800e+00,-1.224268e+00,4.545721e-03,-3.844547e+03,-3.045168e+04,2.808326e+03,9.758978e+05,-8.979621e-04,2.639343e-01,1.798559e-04,1.477048e+00,2.098908e+03,-8.612981e+00
1.200188e-03,2.875962e+03,3.308701e+04,-4.628941e-03,2.898321e-05,-1.721496e+01,1.023761e-01,9.774000e-07,5.066684e-01,0.000000e+00,0.000000e+00,1.321581e+02,0.000000e+00,0.000000e+00,0.000000e+00,0.000000e+00,0.000000e+00,0.000000e+00,0.000000e+00,0.000000e+00,0.000000e+00,0.000000e+00,0.000000e+00,0.000000e+00,0.000000e+00,0.000000e+00,0.000000e+00,0.000000e+00,0.000000e+00,0.000000e+00,0.000000e+00,0.000000e+00,0.000000e+00,0.000000e+00,0.000000e+00,0.000000e+00,0.000000e+00,0.000000e+00,0.000000e+00,0.000000e+00,0.000000e+00,0.000000e+00,0.000000e+00,0.000000e+00,0.000000e+00,0.000000e+00,0.000000e+00,0.000000e+00,0.000000e+00,2.875962e+03,8.377741e+03,-9.950735e-04,-4.017798e-05,-4.327250e+00,1.136610e-03,0.000000e+00,0.000000e+00,0.000000e+00,0.000000e+00,0.000000e+00,0.000000e+00,0.000000e+00,0.000000e+00,0.000000e+00,0.000000e+00,0.000000e+00,0.000000e+00,0.000000e+00,0.000000e+00,0.000000e+00,0.000000e+00,0.000000e+00,0.000000e+00,0.000000e+00,0.000000e+00,0.000000e+00,-6.688694e+05,-3.286445e+03,-3.777004e+05,8.941775e-03,-4.571003e-05,-5.467306e-01,-6.548811e-03,-5.664717e-04,-7.169198e-03,-1.071720e-06,2.813080e-07,7.848070e-01,2.346709e-03,-1.413176e-04,-2.552361e-07,-2.027690e-04,-8.606942e-06,-4.776333e+00,-1.293154e+00,3.191633e-02,-3.836621e+03,-7.303256e+03,3.286761e+03,7.681084e+05,-2.133477e-04,2.765680e-01,5.432659e-05,1.038753e+03,1.547440e+03,-9.296043e+01
1.210939e-03,3.001220e+03,3.295558e+04,-4.291947e-03,8.950545e-05,-1.717705e+01,1.023762e-01,9.774000e-07,5.582296e-01,0.000000e+00,0.000000e+00,1.387317e+02,0.000000e+00,0.000000e+00,0.000000e+00,0.000000e+00,0.000000e+00,0.000000e+00,0.000000e+00,0.000000e+00,0.000000e+00,0.000000e+00,0.000000e+00,0.000000e+00,0.000000e+00,0.000000e+00,0.000000e+00,0.000000e+00,0.000000e+00,0.000000e+00,0.000000e+00,0.000000e+00,0.000000e+00,0.000000e+00,0.000000e+00,0.000000e+00,0.000000e+00,0.000000e+00,0.000000e+00,0.000000e+00,0.000000e+00,0.000000e+00,0.000000e+00,0.000000e+00,0.000000e+00,0.000000e+00,0.000000e+00,0.000000e+00,0.000000e+00,3.001220e+03,8.360740e+03,-5.205646e-04,4.900328e-06,-4.320333e+00,1.136610e-03,0.000000e+00,0.000000e+00,0.000000e+00,0.000000e+00,0.000000e+00,0.000000e+00,0.000000e+00,0.000000e+00,0.000000e+00,0.000000e+00,0.000000e+00,0.000000e+00,0.000000e+00,0.000000e+00,0.000000e+00,0.000000e+00,0.000000e+00,0.000000e+00,0.000000e+00,0.000000e+00,0.000000e+00,-6.579950e+05,7.541423e+02,-3.727579e+05,9.590706e-03,-6.545507e-05,-5.754173e-01,-6.912670e-03,-5.390992e-04,-7.633108e-03,-1.098743e-06,1.554505e-07,8.227584e-01,1.846751e-03,-2.061279e-04,-2.608303e-07,-2.174997e-04,-8.297208e-06,-4.817530e+00,-1.404909e+00,3.315915e-02,-3.827781e+03,-6.144633e+03,-7.538379e+02,7.562196e+05,4.002017e-04,2.906375e-01,-5.456091e-06,-5.688477e+01,9.327634e+02,7.901232e+00
1.220713e-03,3.120791e+03,3.283391e+04,-4.370609e-03,6.125265e-05,-1.714549e+01,1.023762e-01,9.774000e-07,6.249654e-01,0.000000e+00,0.000000e+00,1.411873e+02,0.000000e+00,0.000000e+00,0.000000e+00,0.000000e+00,0.000000e+00,0.000000e+00,0.000000e+00,0.000000e+00,0.000000e+00,0.000000e+00,0.000000e+00,0.000000e+00,0.000000e+00,0.000000e+00,0.000000e+00,0.000000e+00,0.000000e+00,0.000000e+00,0.000000e+00,0.000000e+00,0.000000e+00,0.000000e+00,0.000000e+00,0.000000e+00,0.000000e+00,0.000000e+00,0.000000e+00,0.000000e+00,0.000000e+00,0.000000e+00,0.000000e+00,0.000000e+00,0.000000e+00,0.000000e+00,0.000000e+00,0.000000e+00,0.000000e+00,3.120791e+03,8.347329e+03,-2.042935e-04,7.871815e-06,-4.316319e+00,1.136610e-03,0.000000e+00,0.000000e+00,0.000000e+00,0.000000e+00,0.000000e+00,0.000000e+00,0.000000e+00,0.000000e+00,0.000000e+00,0.000000e+00,0.000000e+00,0.000000e+00,0.000000e+00,0.000000e+00,0.000000e+00,0.000000e+00,0.000000e+00,0.000000e+00,0.000000e+00,0.000000e+00,0.000000e+00,-6.574828e+05,-6.093183e+02,-3.756465e+05,9.884482e-03,-1.432940e-04,-6.035769e-01,-6.853903e-03,-4.045973e-04,-8.084925e-03,-1.163525e-06,6.938334e-08,8.541924e-01,1.798086e-03,-1.936322e-04,-2.724879e-07,-2.319822e-04,-7.919352e-06,-4.854897e+00,-1.554512e+00,1.596174e-02,-3.819157e+03,-3.384692e+03,6.096212e+02,7.572202e+05,-8.833460e-04,3.074852e-01,1.487553e-04,1.824117e+02,1.056802e+03,-1.434601e+01
1.230487e-03,3.238150e+03,3.270662e+04,-4.411785e-03,6.098694e-05,-1.710974e+01,1.023762e-01,9.774000e-07,6.778266e-01,0.000000e+00,0.000000e+00,1.517208e+02,0.000000e+00,0.000000e+00,0.000000e+00,0.000000e+00,0.000000e+00,0.000000e+00,0.000000e+00,0.000000e+00,0.000000e+00,0.000000e+00,0.000000e+00,0.000000e+00,0.000000e+00,0.000000e+00,0.000000e+00,0.000000e+00,0.000000e+00,0.000000e+00,0.000000e+00,0.000000e+00,0.000000e+00,0.000000e+00,0.000000e+00,0.000000e+00,0.000000e+00,0.000000e+00,0.000000e+00,0.000000e+00,0.000000e+00,0.000000e+00,0.000000e+00,0.000000e+00,0.000000e+00,0.000000e+00,0.000000e+00,0.000000e+00,0.000000e+00,3.238150e+03,8.330121e+03,4.466926e-05,-7.183116e-06,-4.310207e+00,1.136610e-03,0.000000e+00,0.000000e+00,0.000000e+00,0.000000e+00,0.000000e+00,0.000000e+00,0.000000e+00,0.000000e+00,0.000000e+00,0.000000e+00,0.000000e+00,0.000000e+00,0.000000e+00,0.000000e+00,0.000000e+00,0.000000e+00,0.000000e+00,0.000000e+00,0.000000e+00,0.000000e+00,0.000000e+00,-7.694916e+05,8.201353e+03,-4.240967e+05,1.043550e-02,-5.957840e-05,-6.310653e-01,-7.164589e-03,-5.027902e-04,-8.575596e-03,-1.205593e-06,-5.608847e-08,8.904276e-01,1.664746e-03,-1.852890e-04,-2.823674e-07,-2.475402e-04,-7.645250e-06,-4.892181e+00,-1.636853e+00,2.975568e-02,-3.810803e+03,-1.742125e+04,-8.200996e+03,8.784486e+05,4.241979e-04,3.200081e-01,7.671915e-07,-5.384000e+01,1.546068e+03,3.238821e+01
1.240261e-03,3.364516e+03,3.257740e+04,-4.299046e-03,8.464509e-05,-1.707505e+01,1.023762e-01,9.774000e-07,7.474095e-01,0.000000e+00,0.000000e+00,1.547338e+02,0.000000e+00,0.000000e+00,0.000000e+00,0.000000e+00,0.000000e+00,0.000000e+00,0.000000e+00,0.000000e+00,0.000000e+00,0.000000e+00,0.000000e+00,0.000000e+00,0.000000e+00,0.000000e+00,0.000000e+00,0.000000e+00,0.000000e+00,0.000000e+00,0.000000e+00,0.000000e+00,0.000000e+00,0.000000e+00,0.000000e+00,0.000000e+00,0.000000e+00,0.000000e+00,0.000000e+00,0.000000e+00,0.000000e+00,0.000000e+00,0.000000e+00,0.000000e+00,0.000000e+00,0.000000e+00,0.000000e+00,0.000000e+00,0.000000e+00,3.364516e+03,8.314919e+03,4.275674e-04,-1.001824e-05,-4.304947e+00,1.136610e-03,0.000000e+00,0.000000e+00,0.000000e+00,0.000000e+00,0.000000e+00,0.000000e+00,0.000000e+00,0.000000e+00,0.000000e+00,0.000000e+00,0.000000e+00,0.000000e+00,0.000000e+00,0.000000e+00,0.000000e+00,0.000000e+00,0.000000e+00,0.000000e+00,0.000000e+00,0.000000e+00,0.000000e+00,-8.064081e+05,-4.667830e+03,-4.687613e+05,1.083149e-02,-1.300087e-04,-6.605888e-01,-7.366721e-03,-5.083610e-04,-9.054635e-03,-1.260006e-06,-1.609140e-07,9.249005e-01,1.430293e-03,-2.045871e-04,-2.936088e-07,-2.641536e-04,-7.322083e-06,-4.929379e+00,-1.753605e+00,4.110554e-02,-3.801790e+03,2.806984e+03,4.668203e+03,9.327504e+05,-1.509510e-04,3.363743e-01,2.153558e-05,6.538765e+02,9.238903e+02,-7.116287e+01
1.250035e-03,3.487229e+03,3.244874e+04,-4.573166e-03,8.740817e-05,-1.704179e+01,1.023762e-01,9.774000e-07,8.142174e-01,0.000000e+00,0.000000e+00,1.609076e+02,0.000000e+00,0.000000e+00,0.000000e+00,0.000000e+00,0.000000e+00,0.000000e+00,0.000000e+00,0.000000e+00,0.000000e+00,0.000000e+00,0.000000e+00,0.000000e+00,0.000000e+00,0.000000e+00,0.000000e+00,0.000000e+00,0.000000e+00,0.000000e+00,0.000000e+00,0.000000e+00,0.000000e+00,0.000000e+00,0.000000e+00,0.000000e+00,0.000000e+00,0.000000e+00,0.000000e+00,0.000000e+00,0.000000e+00,0.000000e+00,0.000000e+00,0.000000e+00,0.000000e+00,0.000000e+00,0.000000e+00,0.000000e+00,0.000000e+00,3.487229e+03,8.301505e+03,4.685195e-04,-7.170602e-07,-4.301456e+00,1.136610e-03,0.000000e+00,0.000000e+00,0.000000e+00,0.000000e+00,0.000000e+00,0.000000e+00,0.000000e+00,0.000000e+00,0.000000e+00,0.000000e+00,0.000000e+00,0.000000e+00,0.000000e+00,0.000000e+00,0.000000e+00,0.000000e+00,0.000000e+00,0.000000e+00,0.000000e+00,0.000000e+00,0.000000e+00,-7.949809e+05,6.917097e+02,-4.485841e+05,1.123369e-02,-1.434409e-04,-6.900300e-01,-7.581037e-03,-4.709879e-04,-9.569555e-03,-1.329009e-06,-2.951657e-07,9.583309e-01,1.523845e-03,-2.091110e-04,-3.074530e-07,-2.817040e-04,-6.989268e-06,-4.966490e+00,-1.825508e+00,3.883483e-02,-3.792711e+03,-8.951453e+03,-6.913405e+02,9.127662e+05,2.518787e-04,3.507863e-01,-1.012211e-05,-1.865234e+02,1.577870e+03,1.549889e+01
1.260787e-03,3.626495e+03,3.229994e+04,-4.253630e-03,6.677084e-05,-1.699932e+01,1.023763e-01,9.774000e-07,8.981109e-01,0.000000e+00,0.000000e+00,1.705925e+02,0.000000e+00,0.000000e+00,0.000000e+00,0.000000e+00,0.000000e+00,0.000000e+00,0.000000e+00,0.000000e+00,0.000000e+00,0.000000e+00,0.000000e+00,0.000000e+00,0.000000e+00,0.000000e+00,0.000000e+00,0.000000e+00,0.000000e+00,0.000000e+00,0.000000e+00,0.000000e+00,0.000000e+00,0.000000e+00,0.000000e+00,0.000000e+00,0.000000e+00,0.000000e+00,0.000000e+00,0.000000e+00,0.000000e+00,0.000000e+00,0.000000e+00,0.000000e+00,0.000000e+00,0.000000e+00,0.000000e+00,0.000000e+00,0.000000e+00,3.626495e+03,8.286423e+03,8.561350e-04,-1.267216e-05,-4.295161e+00,1.136610e-03,0.000000e+00,0.000000e+00,0.000000e+00,0.000000e+00,0.000000e+00,0.000000e+00,0.000000e+00,0.000000e+00,0.000000e+00,0.000000e+00,0.000000e+00,0.000000e+00,0.000000e+00,0.000000e+00,0.000000e+00,0.000000e+00,0.000000e+00,0.000000e+00,0.000000e+00,0.000000e+00,0.000000e+00,-8.176980e+05,1.329142e+03,-4.688805e+05,1.179814e-02,-1.225438e-04,-7.243313e-01,-7.916610e-03,-4.695975e-04,-1.012654e-02,-1.398702e-06,-4.360781e-07,1.001094e+00,9.866105e-04,-1.982023e-04,-3.200113e-07,-3.021419e-04,-6.615748e-06,-5.007205e+00,-1.942979e+00,3.496681e-02,-3.782199e+03,-2.727325e+03,-1.328761e+03,9.425877e+05,1.729613e-04,3.685330e-01,1.168758e-05,-1.447121e+01,1.415778e+03,6.178744e+00
1.270561e-03,3.758389e+03,3.216391e+04,-4.191545e-03,1.128039e-04,-1.696218e+01,1.023763e-01,9.774000e-07,9.805666e-01,0.000000e+00,0.000000e+00,1.747930e+02,0.000000e+00,0.000000e+00,0.000000e+00,0.000000e+00,0.000000e+00,0.000000e+00,0.000000e+00,0.000000e+00,0.000000e+00,0.000000e+00,0.000000e+00,0.000000e+00,0.000000e+00,0.000000e+00,0.000000e+00,0.000000e+00,0.000000e+00,0.000000e+00,0.000000e+00,0.000000e+00,0.000000e+00,0.000000e+00,0.000000e+00,0.000000e+00,0.000000e+00,0.000000e+00,0.000000e+00,0.000000e+00,0.000000e+00,0.000000e+00,0.000000e+00,0.000000e+00,0.000000e+00,0.000000e+00,0.000000e+00,0.000000e+00,0.000000e+00,3.758389e+03,8.274002e+03,1.150975e-03,2.762099e-07,-4.290580e+00,1.136610e-03,0.000000e+00,0.000000e+00,0.000000e+00,0.000000e+00,0.000000e+00,0.000000e+00,0.000000e+00,0.000000e+00,0.000000e+00,0.000000e+00,0.000000e+00,0.000000e+00,0.000000e+00,0.000000e+00,0.000000e+00,0.000000e+00,0.000000e+00,0.000000e+00,0.000000e+00,0.000000e+00,0.000000e+00,-8.535919e+05,2.844344e+02,-4.901501e+05,1.229254e-02,-1.151862e-04,-7.566715e-01,-8.237296e-03,-4.848662e-04,-1.067421e-02,-1.474846e-06,-5.704484e-07,1.038061e+00,8.025049e-04,-2.303374e-04,-3.347936e-07,-3.215994e-04,-6.268021e-06,-5.044121e+00,-2.035126e+00,3.822852e-02,-3.772293e+03,-2.248107e+03,-2.840380e+02,9.843075e+05,5.249730e-04,3.851317e-01,-2.577008e-05,-5.941862e+01,1.371505e+03,5.929701e+00
1.280335e-03,3.891758e+03,3.202277e+04,-4.441084e-03,9.969604e-05,-1.692382e+01,1.023763e-01,9.774000e-07,1.063969e+00,0.000000e+00,0.000000e+00,1.828606e+02,0.000000e+00,0.000000e+00,0.000000e+00,0.000000e+00,0.000000e+00,0.000000e+00,0.000000e+00,0.000000e+00,0.000000e+00,0.000000e+00,0.000000e+00,0.000000e+00,0.000000e+00,0.000000e+00,0.000000e+00,0.000000e+00,0.000000e+00,0.000000e+00,0.000000e+00,0.000000e+00,0.000000e+00,0.000000e+00,0.000000e+00,0.000000e+00,0.000000e+00,0.000000e+00,0.000000e+00,0.000000e+00,0.000000e+00,0.000000e+00,0.000000e+00,0.000000e+00,0.000000e+00,0.000000e+00,0.000000e+00,0.000000e+00,0.000000e+00,3.891758e+03,8.260331e+03,1.129807e-03,-9.291747e-06,-4.286080e+00,1.136610e-03,0.000000e+00,0.000000e+00,0.000000e+00,0.000000e+00,0.000000e+00,0.000000e+00,0.000000e+00,0.000000e+00,0.000000e+00,0.000000e+00,0.000000e+00,0.000000e+00,0.000000e+00,0.000000e+00,0.000000e+00,0.000000e+00,0.000000e+00,0.000000e+00,0.000000e+00,0.000000e+00,0.000000e+00,-8.808552e+05,-1.968648e+03,-4.945829e+05,1.256442e-02,-1.453801e-04,-7.890657e-01,-8.458574e-03,-4.727886e-04,-1.127084e-02,-1.543323e-06,-7.112909e-07,1.076713e+00,8.137890e-04,-2.186002e-04,-3.494659e-07,-3.417447e-04,-5.900879e-06,-5.080938e+00,-2.068958e+00,4.125996e-02,-3.762340e+03,-1.203518e+04,1.969038e+03,1.010135e+06,3.812996e-04,4.008959e-01,-3.466006e-05,-7.385149e+01,2.002525e+03,7.870440e+00
1.290109e-03,4.029330e+03,3.187535e+04,-4.502904e-03,2.013645e-04,-1.688324e+01,1.023764e-01,9.774000e-07,1.157208e+00,0.000000e+00,0.000000e+00,1.931886e+02,0.000000e+00,0.000000e+00,0.000000e+00,0.000000e+00,0.000000e+00,0.000000e+00,0.000000e+00,0.000000e+00,0.000000e+00,0.000000e+00,0.000000e+00,0.000000e+00,0.000000e+00,0.000000e+00,0.000000e+00,0.000000e+00,0.000000e+00,0.000000e+00,0.000000e+00,0.000000e+00,0.000000e+00,0.000000e+00,0.000000e+00,0.000000e+00,0.000000e+00,0.000000e+00,0.000000e+00,0.000000e+00,0.000000e+00,0.000000e+00,0.000000e+00,0.000000e+00,0.000000e+00,0.000000e+00,0.000000e+00,0.000000e+00,0.000000e+00,4.029330e+03,8.249299e+03,1.252434e-03,5.763536e-05,-4.282048e+00,1.136610e-03,0.000000e+00,0.000000e+00,0.000000e+00,0.000000e+00,0.000000e+00,0.000000e+00,0.000000e+00,0.000000e+00,0.000000e+00,0.000000e+00,0.000000e+00,0.000000e+00,0.000000e+00,0.000000e+00,0.000000e+00,0.000000e+00,0.000000e+00,0.000000e+00,0.000000e+00,0.000000e+00,0.000000e+00,-9.156514e+05,-1.851249e+02,-5.217926e+05,1.321918e-02,-1.294831e-04,-8.244585e-01,-8.866276e-03,-4.704740e-04,-1.190046e-02,-1.622784e-06,-8.471234e-07,1.117678e+00,7.802251e-04,-3.184999e-04,-3.655916e-07,-3.626213e-04,-5.531875e-06,-5.117653e+00,-2.178910e+00,3.902659e-02,-3.751478e+03,-5.861729e+03,1.855314e+02,1.053874e+06,2.559064e-04,4.182854e-01,-1.537858e-05,1.583284e+02,1.694683e+03,-1.001732e+01
1.300860e-03,4.186659e+03,3.171234e+04,-4.577204e-03,1.448863e-04,-1.683738e+01,1.023764e-01,9.774000e-07,1.263286e+00,0.000000e+00,0.000000e+00,1.988075e+02,0.000000e+00,0.000000e+00,0.000000e+00,0.000000e+00,0.000000e+00,0.000000e+00,0.000000e+00,0.000000e+00,0.000000e+00,0.000000e+00,0.000000e+00,0.000000e+00,0.000000e+00,0.000000e+00,0.000000e+00,0.000000e+00,0.000000e+00,0.000000e+00,0.000000e+00,0.000000e+00,0.000000e+00,0.000000e+00,0.000000e+00,0.000000e+00,0.000000e+00,0.000000e+00,0.000000e+00,0.000000e+00,0.000000e+00,0.000000e+00,0.000000e+00,0.000000e+00,0.000000e+00,0.000000e+00,0.000000e+00,0.000000e+00,0.000000e+00,4.186659e+03,8.231589e+03,1.337537e-03,3.824173e-05,-4.275399e+00,1.136610e-03,0.000000e+00,0.000000e+00,0.000000e+00,0.000000e+00,0.000000e+00,0.000000e+00,0.000000e+00,0.000000e+00,0.000000e+00,0.000000e+00,0.000000e+00,0.000000e+00,0.000000e+00,0.000000e+00,0.000000e+00,0.000000e+00,0.000000e+00,0.000000e+00,0.000000e+00,0.000000e+00,0.000000e+00,-9.382508e+05,1.899425e+03,-5.260417e+05,1.377668e-02,-1.505653e-04,-8.621135e-01,-9.237227e-03,-4.252167e-04,-1.254258e-02,-1.718513e-06,-1.008886e-06,1.163353e+00,6.569444e-04,-2.618113e-04,-3.839364e-07,-3.864820e-04,-5.136918e-06,-5.157919e+00,-2.260988e+00,3.362601e-02,-3.739913e+03,-1.347499e+04,-1.899012e+03,1.075571e+06,-1.417483e-04,4.369677e-01,5.467694e-05,1.313379e+02,1.911538e+03,-1.292247e+01
1.310634e-03,4.330648e+03,3.155614e+04,-4.534189e-03,1.240090e-04,-1.679502e+01,1.023764e-01,9.774000e-07,1.373043e+00,0.000000e+00,0.000000e+00,2.110762e+02,0.000000e+00,0.000000e+00,0.000000e+00,0.000000e+00,0.000000e+00,0.000000e+00,0.000000e+00,0.000000e+00,0.000000e+00,0.000000e+00,0.000000e+00,0.000000e+00,0.000000e+00,0.000000e+00,0.000000e+00,0.000000e+00,0.000000e+00,0.000000e+00,0.000000e+00,0.000000e+00,0.000000e+00,0.000000e+00,0.000000e+00,0.000000e+00,0.000000e+00,0.000000e+00,0.000000e+00,0.000000e+00,0.000000e+00,0.000000e+00,0.000000e+00,0.000000e+00,0.000000e+00,0.000000e+00,0.000000e+00,0.000000e+00,0.000000e+00,4.330648e+03,8.216098e+03,1.389139e-03,1.954474e-05,-4.270765e+00,1.136610e-03,0.000000e+00,0.000000e+00,0.000000e+00,0.000000e+00,0.000000e+00,0.000000e+00,0.000000e+00,0.000000e+00,0.000000e+00,0.000000e+00,0.000000e+00,0.000000e+00,0.000000e+00,0.000000e+00,0.000000e+00,0.000000e+00,0.000000e+00,0.000000e+00,0.000000e+00,0.000000e+00,0.000000e+00,-9.389806e+05,-1.814373e+03,-5.396162e+05,1.410701e-02,-1.654189e-04,-8.985327e-01,-9.541516e-03,-4.296517e-04,-1.319118e-02,-1.805351e-06,-1.158868e-06,1.206058e+00,3.987470e-04,-2.406636e-04,-4.017866e-07,-4.087838e-04,-4.774265e-06,-5.194413e+00,-2.308588e+00,3.842406e-02,-3.728709e+03,-2.078632e+03,1.814789e+03,1.082989e+06,2.182368e-05,4.557392e-01,1.962831e-05,1.456031e+02,1.615375e+03,-1.875372e+01
1.320408e-03,4.479570e+03,3.140033e+04,-4.339183e-03,1.128147e-04,-1.675102e+01,1.023765e-01,9.774000e-07,1.475208e+00,0.000000e+00,0.000000e+00,2.182121e+02,0.000000e+00,0.000000e+00,0.000000e+00,0.000000e+00,0.000000e+00,0.000000e+00,0.000000e+00,0.000000e+00,0.000000e+00,0.000000e+00,0.000000e+00,0.000000e+00,0.000000e+00,0.000000e+00,0.000000e+00,0.000000e+00,0.000000e+00,0.000000e+00,0.000000e+00,0.000000e+00,0.000000e+00,0.000000e+00,0.000000e+00,0.000000e+00,0.000000e+00,0.000000e+00,0.000000e+00,0.000000e+00,0.000000e+00,0.000000e+00,0.000000e+00,0.000000e+00,0.000000e+00,0.000000e+00,0.000000e+00,0.000000e+00,0.000000e+00,4.479570e+03,8.203018e+03,1.626270e-03,5.614711e-06,-4.265450e+00,1.136609e-03,0.000000e+00,0.000000e+00,0.000000e+00,0.000000e+00,0.000000e+00,0.000000e+00,0.000000e+00,0.000000e+00,0.000000e+00,0.000000e+00,0.000000e+00,0.000000e+00,0.000000e+00,0.000000e+00,0.000000e+00,0.000000e+00,0.000000e+00,0.000000e+00,0.000000e+00,0.000000e+00,0.000000e+00,-1.045268e+06,3.118145e+02,-5.987326e+05,1.492044e-02,-1.775411e-04,-9.362718e-01,-1.017199e-02,-4.109530e-04,-1.387787e-02,-1.895889e-06,-1.324296e-06,1.250084e+00,9.027093e-05,-2.347208e-04,-4.202065e-07,-4.317677e-04,-4.393220e-06,-5.230797e+00,-2.391368e+00,3.841772e-02,-3.717179e+03,-4.010755e+03,-3.113530e+02,1.204596e+06,8.872764e-05,4.724133e-01,4.936478e-06,-1.336456e+02,1.627511e+03,2.381886e+01
1.330182e-03,4.631565e+03,3.123998e+04,-4.401039e-03,1.463860e-04,-1.670813e+01,1.023765e-01,9.774000e-07,1.597460e+00,0.000000e+00,0.000000e+00,2.264089e+02,0.000000e+00,0.000000e+00,0.000000e+00,0.000000e+00,0.000000e+00,0.000000e+00,0.000000e+00,0.000000e+00,0.000000e+00,0.000000e+00,0.000000e+00,0.000000e+00,0.000000e+00,0.000000e+00,0.000000e+00,0.000000e+00,0.000000e+00,0.000000e+00,0.000000e+00,0.000000e+00,0.000000e+00,0.000000e+00,0.000000e+00,0.000000e+00,0.000000e+00,0.000000e+00,0.000000e+00,0.000000e+00,0.000000e+00,0.000000e+00,0.000000e+00,0.000000e+00,0.000000e+00,0.000000e+00,0.000000e+00,0.000000e+00,0.000000e+00,4.631565e+03,8.187485e+03,1.687473e-03,1.864860e-05,-4.261091e+00,1.136610e-03,0.000000e+00,0.000000e+00,0.000000e+00,0.000000e+00,0.000000e+00,0.000000e+00,0.000000e+00,0.000000e+00,0.000000e+00,0.000000e+00,0.000000e+00,0.000000e+00,0.000000e+00,0.000000e+00,0.000000e+00,0.000000e+00,0.000000e+00,0.000000e+00,0.000000e+00,0.000000e+00,0.000000e+00,-1.030451e+06,-5.044815e+03,-5.937234e+05,1.530142e-02,-1.761152e-04,-9.740673e-01,-1.047983e-02,-4.370231e-04,-1.454963e-02,-1.973260e-06,-1.487696e-06,1.292949e+00,-2.889360e-05,-2.651386e-04,-4.372728e-07,-4.554067e-04,-4.003546e-06,-5.267066e+00,-2.449766e+00,4.076128e-02,-3.705531e+03,-9.357935e+02,5.045288e+03,1.189258e+06,1.179479e-04,4.914969e-01,5.416056e-06,1.801705e+02,1.901324e+03,-3.154959e+01
1.340933e-03,4.798524e+03,3.106074e+04,-4.651689e-03,1.669912e-04,-1.665852e+01,1.023765e-01,9.774000e-07,1.731913e+00,0.000000e+00,0.000000e+00,2.386399e+02,0.000000e+00,0.000000e+00,0.000000e+00,0.000000e+00,0.000000e+00,0.000000e+00,0.000000e+00,0.000000e+00,0.000000e+00,0.000000e+00,0.000000e+00,0.000000e+00,0.000000e+00,0.000000e+00,0.000000e+00,0.000000e+00,0.000000e+00,0.000000e+00,0.000000e+00,0.000000e+00,0.000000e+00,0.000000e+00,0.000000e+00,0.000000e+00,0.000000e+00,0.000000e+00,0.000000e+00,0.000000e+00,0.000000e+00,0.000000e+00,0.000000e+00,0.000000e+00,0.000000e+00,0.000000e+00,0.000000e+00,0.000000e+00,0.000000e+00,4.798524e+03,8.172950e+03,1.615394e-03,2.506480e-05,-4.256237e+00,1.136610e-03,0.000000e+00,0.000000e+00,0.000000e+00,0.000000e+00,0.000000e+00,0.000000e+00,0.000000e+00,0.000000e+00,0.000000e+00,0.000000e+00,0.000000e+00,0.000000e+00,0.000000e+00,0.000000e+00,0.000000e+00,0.000000e+00,0.000000e+00,0.000000e+00,0.000000e+00,0.000000e+00,0.000000e+00,-1.044198e+06,1.309743e+02,-5.982298e+05,1.594584e-02,-1.943418e-04,-1.017331e+00,-1.103469e-02,-4.032825e-04,-1.532896e-02,-2.076368e-06,-1.683094e-06,1.342853e+00,3.050680e-06,-2.945740e-04,-4.586934e-07,-4.821502e-04,-3.553809e-06,-5.306828e+00,-2.508850e+00,4.097181e-02,-3.692205e+03,-3.899051e+03,-1.305160e+02,1.203418e+06,6.644987e-07,5.118545e-01,1.514052e-05,-6.265471e+00,1.792347e+03,-7.548974e-02
1.350707e-03,4.955766e+03,3.089410e+04,-4.853506e-03,1.561207e-04,-1.661162e+01,1.023765e-01,9.774000e-07,1.863757e+00,0.000000e+00,0.000000e+00,2.481951e+02,0.000000e+00,0.000000e+00,0.000000e+00,0.000000e+00,0.000000e+00,0.000000e+00,0.000000e+00,0.000000e+00,0.000000e+00,0.000000e+00,0.000000e+00,0.000000e+00,0.000000e+00,0.000000e+00,0.000000e+00,0.000000e+00,0.000000e+00,0.000000e+00,0.000000e+00,0.000000e+00,0.000000e+00,0.000000e+00,0.000000e+00,0.000000e+00,0.000000e+00,0.000000e+00,0.000000e+00,0.000000e+00,0.000000e+00,0.000000e+00,0.000000e+00,0.000000e+00,0.000000e+00,0.000000e+00,0.000000e+00,0.000000e+00,0.000000e+00,4.955766e+03,8.159893e+03,1.567023e-03,3.403798e-05,-4.251317e+00,1.136609e-03,0.000000e+00,0.000000e+00,0.000000e+00,0.000000e+00,0.000000e+00,0.000000e+00,0.000000e+00,0.000000e+00,0.000000e+00,0.000000e+00,0.000000e+00,0.000000e+00,0.000000e+00,0.000000e+00,0.000000e+00,0.000000e+00,0.000000e+00,0.000000e+00,0.000000e+00,0.000000e+00,0.000000e+00,-1.108846e+06,-1.581234e+03,-6.377288e+05,1.658889e-02,-1.849614e-04,-1.058141e+00,-1.154674e-02,-4.202033e-04,-1.608824e-02,-2.175478e-06,-1.856565e-06,1.389737e+00,3.276919e-05,-2.724758e-04,-4.773296e-07,-5.071269e-04,-3.134680e-06,-5.342850e+00,-2.584019e+00,4.169754e-02,-3.679691e+03,-2.001921e+03,1.581722e+03,1.279154e+06,2.105991e-04,5.307595e-01,-8.605964e-06,5.307177e+00,2.310214e+03,-4.056092e+00
1.360481e-03,5.114898e+03,3.072240e+04,-4.928029e-03,1.226029e-04,-1.656449e+01,1.023765e-01,9.774000e-07,2.000870e+00,0.000000e+00,0.000000e+00,2.606779e+02,0.000000e+00,0.000000e+00,0.000000e+00,0.000000e+00,0.000000e+00,0.000000e+00,0.000000e+00,0.000000e+00,0.000000e+00,0.000000e+00,0.000000e+00,0.000000e+00,0.000000e+00,0.000000e+00,0.000000e+00,0.000000e+00,0.000000e+00,0.000000e+00,0.000000e+00,0.000000e+00,0.000000e+00,0.000000e+00,0.000000e+00,0.000000e+00,0.000000e+00,0.000000e+00,0.000000e+00,0.000000e+00,0.000000e+00,0.000000e+00,0.000000e+00,0.000000e+00,0.000000e+00,0.000000e+00,0.000000e+00,0.000000e+00,0.000000e+00,5.114898e+03,8.144608e+03,1.519138e-03,1.484063e-06,-4.246783e+00,1.136610e-03,0.000000e+00,0.000000e+00,0.000000e+00,0.000000e+00,0.000000e+00,0.000000e+00,0.000000e+00,0.000000e+00,0.000000e+00,0.000000e+00,0.000000e+00,0.000000e+00,0.000000e+00,0.000000e+00,0.000000e+00,0.000000e+00,0.000000e+00,0.000000e+00,0.000000e+00,0.000000e+00,0.000000e+00,-1.142000e+06,-5.592238e+02,-6.560817e+05,1.725704e-02,-1.980064e-04,-1.099434e+00,-1.214161e-02,-4.118375e-04,-1.683302e-02,-2.267876e-06,-2.039212e-06,1.437131e+00,-1.265043e-04,-2.415841e-04,-4.968321e-07,-5.326715e-04,-2.710000e-06,-5.378747e+00,-2.638089e+00,4.402829e-02,-3.666991e+03,-2.673512e+03,5.597241e+02,1.317042e+06,1.282083e-04,5.502686e-01,-6.123223e-06,1.881034e+01,1.714655e+03,-5.746901e+00
1.370255e-03,5.278734e+03,3.054657e+04,-4.959390e-03,1.979192e-04,-1.651344e+01,1.023765e-01,9.774000e-07,2.149190e+00,0.000000e+00,0.000000e+00,2.726966e+02,0.000000e+00,0.000000e+00,0.000000e+00,0.000000e+00,0.000000e+00,0.000000e+00,0.000000e+00,0.000000e+00,0.000000e+00,0.000000e+00,0.000000e+00,0.000000e+00,0.000000e+00,0.000000e+00,0.000000e+00,0.000000e+00,0.000000e+00,0.000000e+00,0.000000e+00,0.000000e+00,0.000000e+00,0.000000e+00,0.000000e+00,0.000000e+00,0.000000e+00,0.000000e+00,0.000000e+00,0.000000e+00,0.000000e+00,0.000000e+00,0.000000e+00,0.000000e+00,0.000000e+00,0.000000e+00,0.000000e+00,0.000000e+00,0.000000e+00,5.278734e+03,8.128310e+03,1.552471e-03,5.568570e-05,-4.240170e+00,1.136610e-03,0.000000e+00,0.000000e+00,0.000000e+00,0.000000e+00,0.000000e+00,0.000000e+00,0.000000e+00,0.000000e+00,0.000000e+00,0.000000e+00,0.000000e+00,0.000000e+00,0.000000e+00,0.000000e+00,0.000000e+00,0.000000e+00,0.000000e+00,0.000000e+00,0.000000e+00,0.000000e+00,0.000000e+00,-1.179568e+06,1.331466e+03,-6.716130e+05,1.785175e-02,-2.148481e-04,-1.141770e+00,-1.265605e-02,-3.996196e-04,-1.760486e-02,-2.364109e-06,-2.231540e-06,1.488226e+00,-2.767021e-04,-3.283960e-04,-5.152439e-07,-5.587809e-04,-2.261532e-06,-5.414518e+00,-2.692006e+00,4.732547e-02,-3.653979e+03,-7.995811e+03,-1.330962e+03,1.357344e+06,4.857833e-04,5.701433e-01,-5.160196e-05,-3.913001e+02,2.095615e+03,5.022625e+01
1.380029e-03,5.446740e+03,3.036643e+04,-5.478424e-03,1.757310e-04,-1.646252e+01,1.023765e-01,9.774000e-07,2.306439e+00,0.000000e+00,0.000000e+00,2.847327e+02,0.000000e+00,0.000000e+00,0.000000e+00,0.000000e+00,0.000000e+00,0.000000e+00,0.000000e+00,0.000000e+00,0.000000e+00,0.000000e+00,0.000000e+00,0.000000e+00,0.000000e+00,0.000000e+00,0.000000e+00,0.000000e+00,0.000000e+00,0.000000e+00,0.000000e+00,0.000000e+00,0.000000e+00,0.000000e+00,0.000000e+00,0.000000e+00,0.000000e+00,0.000000e+00,0.000000e+00,0.000000e+00,0.000000e+00,0.000000e+00,0.000000e+00,0.000000e+00,0.000000e+00,0.000000e+00,0.000000e+00,0.000000e+00,0.000000e+00,5.446740e+03,8.111729e+03,1.278011e-03,3.814616e-05,-4.234373e+00,1.136610e-03,0.000000e+00,0.000000e+00,0.000000e+00,0.000000e+00,0.000000e+00,0.000000e+00,0.000000e+00,0.000000e+00,0.000000e+00,0.000000e+00,0.000000e+00,0.000000e+00,0.000000e+00,0.000000e+00,0.000000e+00,0.000000e+00,0.000000e+00,0.000000e+00,0.000000e+00,0.000000e+00,0.000000e+00,-1.206151e+06,-4.446347e+02,-6.958491e+05,1.849004e-02,-2.107788e-04,-1.185370e+00,-1.322383e-02,-4.178727e-04,-1.841084e-02,-2.455748e-06,-2.430871e-06,1.539279e+00,3.718308e-05,-3.088371e-04,-5.330356e-07,-5.854765e-04,-1.788802e-06,-5.450160e+00,-2.756011e+00,4.997230e-02,-3.640564e+03,-2.861936e+02,4.451620e+02,1.392482e+06,5.503303e-05,5.907429e-01,-6.513534e-06,3.028797e+02,1.945780e+03,-3.430562e+01
1.390781e-03,5.635420e+03,3.016424e+04,-5.668258e-03,1.309432e-04,-1.640626e+01,1.023766e-01,9.774000e-07,2.488494e+00,0.000000e+00,0.000000e+00,2.980316e+02,0.000000e+00,0.000000e+00,0.000000e+00,0.000000e+00,0.000000e+00,0.000000e+00,0.000000e+00,0.000000e+00,0.000000e+00,0.000000e+00,0.000000e+00,0.000000e+00,0.000000e+00,0.000000e+00,0.000000e+00,0.000000e+00,0.000000e+00,0.000000e+00,0.000000e+00,0.000000e+00,0.000000e+00,0.000000e+00,0.000000e+00,0.000000e+00,0.000000e+00,0.000000e+00,0.000000e+00,0.000000e+00,0.000000e+00,0.000000e+00,0.000000e+00,0.000000e+00,0.000000e+00,0.000000e+00,0.000000e+00,0.000000e+00,0.000000e+00,5.635420e+03,8.092991e+03,1.119383e-03,-7.481207e-06,-4.228394e+00,1.136610e-03,0.000000e+00,0.000000e+00,0.000000e+00,0.000000e+00,0.000000e+00,0.000000e+00,0.000000e+00,0.000000e+00,0.000000e+00,0.000000e+00,0.000000e+00,0.000000e+00,0.000000e+00,0.000000e+00,0.000000e+00,0.000000e+00,0.000000e+00,0.000000e+00,0.000000e+00,0.000000e+00,0.000000e+00,-1.197140e+06,1.486142e+03,-6.796852e+05,1.921067e-02,-2.731241e-04,-1.234360e+00,-1.384379e-02,-3.664638e-04,-1.930999e-02,-2.545158e-06,-2.653907e-06,1.595603e+00,-4.486606e-05,-2.686542e-04,-5.509677e-07,-6.154758e-04,-1.249139e-06,-5.489213e+00,-2.816967e+00,5.486066e-02,-3.625439e+03,-9.771701e+03,-1.485624e+03,1.376597e+06,-4.409093e-05,6.134769e-01,-6.315876e-06,-1.261890e+02,2.303140e+03,1.444997e+01
1.400555e-03,5.809616e+03,2.997622e+04,-6.025452e-03,1.680171e-04,-1.635193e+01,1.023766e-01,9.774000e-07,2.665088e+00,0.000000e+00,0.000000e+00,3.118203e+02,0.000000e+00,0.000000e+00,0.000000e+00,0.000000e+00,0.000000e+00,0.000000e+00,0.000000e+00,0.000000e+00,0.000000e+00,0.000000e+00,0.000000e+00,0.000000e+00,0.000000e+00,0.000000e+00,0.000000e+00,0.000000e+00,0.000000e+00,0.000000e+00,0.000000e+00,0.000000e+00,0.000000e+00,0.000000e+00,0.000000e+00,0.000000e+00,0.000000e+00,0.000000e+00,0.000000e+00,0.000000e+00,0.000000e+00,0.000000e+00,0.000000e+00,0.000000e+00,0.000000e+00,0.000000e+00,0.000000e+00,0.000000e+00,0.000000e+00,5.809616e+03,8.074713e+03,9.207018e-04,6.793998e-07,-4.221596e+00,1.136610e-03,0.000000e+00,0.000000e+00,0.000000e+00,0.000000e+00,0.000000e+00,0.000000e+00,0.000000e+00,0.000000e+00,0.000000e+00,0.000000e+00,0.000000e+00,0.000000e+00,0.000000e+00,0.000000e+00,0.000000e+00,0.000000e+00,0.000000e+00,0.000000e+00,0.000000e+00,0.000000e+00,0.000000e+00,-1.262244e+06,-8.900023e+02,-7.212054e+05,1.989907e-02,-2.236115e-04,-1.280108e+00,-1.445638e-02,-4.232483e-04,-2.015533e-02,-2.625065e-06,-2.863258e-06,1.650062e+00,1.069988e-04,-2.934021e-04,-5.659392e-07,-6.433822e-04,-7.396357e-07,-5.524572e+00,-2.879994e+00,5.507575e-02,-3.611402e+03,-6.347331e+03,8.905692e+02,1.453738e+06,4.329791e-04,6.349685e-01,-6.056164e-05,5.214285e+01,2.184528e+03,-6.753569e+00
1.410329e-03,5.987899e+03,2.978480e+04,-6.378690e-03,1.736030e-04,-1.629818e+01,1.023766e-01,9.774000e-07,2.857302e+00,0.000000e+00,0.000000e+00,3.249788e+02,0.000000e+00,0.000000e+00,0.000000e+00,0.000000e+00,0.000000e+00,0.000000e+00,0.000000e+00,0.000000e+00,0.000000e+00,0.000000e+00,0.000000e+00,0.000000e+00,0.000000e+00,0.000000e+00,0.000000e+00,0.000000e+00,0.000000e+00,0.000000e+00,0.000000e+00,0.000000e+00,0.000000e+00,0.000000e+00,0.000000e+00,0.000000e+00,0.000000e+00,0.000000e+00,0.000000e+00,0.000000e+00,0.000000e+00,0.000000e+00,0.000000e+00,0.000000e+00,0.000000e+00,0.000000e+00,0.000000e+00,0.000000e+00,0.000000e+00,5.987899e+03,8.058355e+03,7.187519e-04,5.113194e-06,-4.216264e+00,1.136610e-03,0.000000e+00,0.000000e+00,0.000000e+00,0.000000e+00,0.000000e+00,0.000000e+00,0.000000e+00,0.000000e+00,0.000000e+00,0.000000e+00,0.000000e+00,0.000000e+00,0.000000e+00,0.000000e+00,0.000000e+00,0.000000e+00,0.000000e+00,0.000000e+00,0.000000e+00,0.000000e+00,0.000000e+00,-1.315761e+06,6.147598e+01,-7.507093e+05,2.053034e-02,-2.579564e-04,-1.327590e+00,-1.501467e-02,-3.803637e-04,-2.105599e-02,-2.708153e-06,-3.094221e-06,1.703909e+00,1.716627e-04,-2.967912e-04,-5.829768e-07,-6.718428e-04,-1.941124e-07,-5.559792e+00,-2.939726e+00,5.317630e-02,-3.596812e+03,-7.537398e+03,-6.088738e+01,1.514838e+06,1.896670e-04,6.574378e-01,-3.610773e-05,-9.784395e+01,2.323569e+03,1.209271e+01
1.420103e-03,6.167687e+03,2.958903e+04,-6.553718e-03,2.203094e-04,-1.624294e+01,1.023766e-01,9.774000e-07,3.054297e+00,0.000000e+00,0.000000e+00,3.408105e+02,0.000000e+00,0.000000e+00,0.000000e+00,0.000000e+00,0.000000e+00,0.000000e+00,0.000000e+00,0.000000e+00,0.000000e+00,0.000000e+00,0.000000e+00,0.000000e+00,0.000000e+00,0.000000e+00,0.000000e+00,0.000000e+00,0.000000e+00,0.000000e+00,0.000000e+00,0.000000e+00,0.000000e+00,0.000000e+00,0.000000e+00,0.000000e+00,0.000000e+00,0.000000e+00,0.000000e+00,0.000000e+00,0.000000e+00,0.000000e+00,0.000000e+00,0.000000e+00,0.000000e+00,0.000000e+00,0.000000e+00,0.000000e+00,0.000000e+00,6.167687e+03,8.039960e+03,6.384514e-04,1.384434e-05,-4.210492e+00,1.136610e-03,0.000000e+00,0.000000e+00,0.000000e+00,0.000000e+00,0.000000e+00,0.000000e+00,0.000000e+00,0.000000e+00,0.000000e+00,0.000000e+00,0.000000e+00,0.000000e+00,0.000000e+00,0.000000e+00,0.000000e+00,0.000000e+00,0.000000e+00,0.000000e+00,0.000000e+00,0.000000e+00,0.000000e+00,-1.325472e+06,1.309976e+03,-7.577622e+05,2.125384e-02,-2.680284e-04,-1.375403e+00,-1.564699e-02,-3.934879e-04,-2.193931e-02,-2.785345e-06,-3.332960e-06,1.759405e+00,1.094219e-04,-3.435680e-04,-5.980334e-07,-7.009337e-04,3.660996e-07,-5.594869e+00,-3.006909e+00,6.158090e-02,-3.582073e+03,-6.273241e+03,-1.309407e+03,1.526774e+06,9.078949e-05,6.798082e-01,-3.572084e-05,2.047859e+02,2.228680e+03,-1.592002e+01
1.430854e-03,6.371002e+03,2.937103e+04,-6.881336e-03,1.834352e-04,-1.617969e+01,1.023766e-01,9.774000e-07,3.289032e+00,0.000000e+00,0.000000e+00,3.552100e+02,0.000000e+00,0.000000e+00,0.000000e+00,0.000000e+00,0.000000e+00,0.000000e+00,0.000000e+00,0.000000e+00,0.000000e+00,0.000000e+00,0.000000e+00,0.000000e+00,0.000000e+00,0.000000e+00,0.000000e+00,0.000000e+00,0.000000e+00,0.000000e+00,0.000000e+00,0.000000e+00,0.000000e+00,0.000000e+00,0.000000e+00,0.000000e+00,0.000000e+00,0.000000e+00,0.000000e+00,0.000000e+00,0.000000e+00,0.000000e+00,0.000000e+00,0.000000e+00,0.000000e+00,0.000000e+00,0.000000e+00,0.000000e+00,0.000000e+00,6.371002e+03,8.021561e+03,4.637935e-04,-4.226808e-06,-4.203541e+00,1.136610e-03,0.000000e+00,0.000000e+00,0.000000e+00,0.000000e+00,0.000000e+00,0.000000e+00,0.000000e+00,0.000000e+00,0.000000e+00,0.000000e+00,0.000000e+00,0.000000e+00,0.000000e+00,0.000000e+00,0.000000e+00,0.000000e+00,0.000000e+00,0.000000e+00,0.000000e+00,0.000000e+00,0.000000e+00,-1.367271e+06,5.754130e+02,-7.809573e+05,2.202768e-02,-2.905519e-04,-1.429913e+00,-1.630521e-02,-3.716874e-04,-2.296374e-02,-2.873179e-06,-3.605193e-06,1.822602e+00,1.594706e-04,-3.080221e-04,-6.122297e-07,-7.337273e-04,1.008602e-06,-5.633283e+00,-3.085585e+00,6.086010e-02,-3.565303e+03,-7.066574e+03,-5.748307e+02,1.574571e+06,1.273344e-04,7.053786e-01,-4.215581e-05,-6.524112e+01,2.454316e+03,5.944020e+00
1.440628e-03,6.558336e+03,2.916802e+04,-6.944510e-03,2.432844e-05,-1.612196e+01,1.023766e-01,9.774000e-07,3.513856e+00,0.000000e+00,0.000000e+00,3.706812e+02,0.000000e+00,0.000000e+00,0.000000e+00,0.000000e+00,0.000000e+00,0.000000e+00,0.000000e+00,0.000000e+00,0.000000e+00,0.000000e+00,0.000000e+00,0.000000e+00,0.000000e+00,0.000000e+00,0.000000e+00,0.000000e+00,0.000000e+00,0.000000e+00,0.000000e+00,0.000000e+00,0.000000e+00,0.000000e+00,0.000000e+00,0.000000e+00,0.000000e+00,0.000000e+00,0.000000e+00,0.000000e+00,0.000000e+00,0.000000e+00,0.000000e+00,0.000000e+00,0.000000e+00,0.000000e+00,0.000000e+00,0.000000e+00,0.000000e+00,6.558336e+03,8.003763e+03,5.010143e-04,-1.151675e-04,-4.197885e+00,1.136610e-03,0.000000e+00,0.000000e+00,0.000000e+00,0.000000e+00,0.000000e+00,0.000000e+00,0.000000e+00,0.000000e+00,0.000000e+00,0.000000e+00,0.000000e+00,0.000000e+00,0.000000e+00,0.000000e+00,0.000000e+00,0.000000e+00,0.000000e+00,0.000000e+00,0.000000e+00,0.000000e+00,0.000000e+00,-1.402378e+06,4.884946e+02,-7.963077e+05,2.281559e-02,-2.885454e-04,-1.480570e+00,-1.694537e-02,-3.873466e-04,-2.390889e-02,-2.950083e-06,-3.848823e-06,1.880527e+00,-3.167946e-05,-1.473410e-04,-6.247453e-07,-7.643062e-04,1.617518e-06,-5.668046e+00,-3.167334e+00,6.507522e-02,-3.549711e+03,-1.130908e+04,-4.879124e+02,1.612651e+06,3.380283e-04,7.291141e-01,-7.265239e-05,-2.177035e+01,2.484137e+03,5.532408e+00
1.450402e-03,6.749643e+03,2.896089e+04,-7.206055e-03,2.044604e-04,-1.606069e+01,1.023766e-01,9.774000e-07,3.753497e+00,0.000000e+00,0.000000e+00,3.863013e+02,0.000000e+00,0.000000e+00,0.000000e+00,0.000000e+00,0.000000e+00,0.000000e+00,0.000000e+00,0.000000e+00,0.000000e+00,0.000000e+00,0.000000e+00,0.000000e+00,0.000000e+00,0.000000e+00,0.000000e+00,0.000000e+00,0.000000e+00,0.000000e+00,0.000000e+00,0.000000e+00,0.000000e+00,0.000000e+00,0.000000e+00,0.000000e+00,0.000000e+00,0.000000e+00,0.000000e+00,0.000000e+00,0.000000e+00,0.000000e+00,0.000000e+00,0.000000e+00,0.000000e+00,0.000000e+00,0.000000e+00,0.000000e+00,0.000000e+00,6.749643e+03,7.985831e+03,4.603602e-04,-3.701425e-05,-4.190866e+00,1.136610e-03,0.000000e+00,0.000000e+00,0.000000e+00,0.000000e+00,0.000000e+00,0.000000e+00,0.000000e+00,0.000000e+00,0.000000e+00,0.000000e+00,0.000000e+00,0.000000e+00,0.000000e+00,0.000000e+00,0.000000e+00,0.000000e+00,0.000000e+00,0.000000e+00,0.000000e+00,0.000000e+00,0.000000e+00,-1.433182e+06,-9.227888e+02,-8.189096e+05,2.357187e-02,-2.969750e-04,-1.532469e+00,-1.756668e-02,-3.933128e-04,-2.489023e-02,-3.024877e-06,-4.121425e-06,1.941925e+00,-1.738553e-05,-3.346771e-04,-6.404858e-07,-7.956999e-04,2.250651e-06,-5.702656e+00,-3.254636e+00,6.806289e-02,-3.533733e+03,-7.119424e+03,9.233917e+02,1.650628e+06,4.335924e-04,7.536075e-01,-8.687535e-05,-8.110125e+00,2.483344e+03,-3.618416e+00
1.460176e-03,6.946712e+03,2.874933e+04,-7.445079e-03,1.823721e-04,-1.599987e+01,1.023767e-01,9.774000e-07,4.001105e+00,0.000000e+00,0.000000e+00,4.007650e+02,0.000000e+00,0.000000e+00,0.000000e+00,0.000000e+00,0.000000e+00,0.000000e+00,0.000000e+00,0.000000e+00,0.000000e+00,0.000000e+00,0.000000e+00,0.000000e+00,0.000000e+00,0.000000e+00,0.000000e+00,0.000000e+00,0.000000e+00,0.000000e+00,0.000000e+00,0.000000e+00,0.000000e+00,0.000000e+00,0.000000e+00,0.000000e+00,0.000000e+00,0.000000e+00,0.000000e+00,0.000000e+00,0.000000e+00,0.000000e+00,0.000000e+00,0.000000e+00,0.000000e+00,0.000000e+00,0.000000e+00,0.000000e+00,0.000000e+00,6.946712e+03,7.967959e+03,3.821785e-04,-3.738399e-05,-4.184908e+00,1.136610e-03,0.000000e+00,0.000000e+00,0.000000e+00,0.000000e+00,0.000000e+00,0.000000e+00,0.000000e+00,0.000000e+00,0.000000e+00,0.000000e+00,0.000000e+00,0.000000e+00,0.000000e+00,0.000000e+00,0.000000e+00,0.000000e+00,0.000000e+00,0.000000e+00,0.000000e+00,0.000000e+00,0.000000e+00,-1.465546e+06,1.062060e+03,-8.315974e+05,2.448383e-02,-2.953611e-04,-1.585961e+00,-1.829028e-02,-3.886186e-04,-2.591525e-02,-3.138410e-06,-4.419852e-06,2.002784e+00,3.659996e-06,-3.059117e-04,-6.639096e-07,-8.279777e-04,2.906636e-06,-5.737107e+00,-3.349274e+00,6.815323e-02,-3.517249e+03,-1.229458e+04,-1.061449e+03,1.685001e+06,3.466147e-04,7.780852e-01,-8.338334e-05,1.123882e+02,2.527252e+03,-3.403852e+00
1.470928e-03,7.164405e+03,2.851383e+04,-7.464360e-03,1.765687e-04,-1.593298e+01,1.023767e-01,9.774000e-07,4.295977e+00,0.000000e+00,0.000000e+00,4.182034e+02,0.000000e+00,0.000000e+00,0.000000e+00,0.000000e+00,0.000000e+00,0.000000e+00,0.000000e+00,0.000000e+00,0.000000e+00,0.000000e+00,0.000000e+00,0.000000e+00,0.000000e+00,0.000000e+00,0.000000e+00,0.000000e+00,0.000000e+00,0.000000e+00,0.000000e+00,0.000000e+00,0.000000e+00,0.000000e+00,0.000000e+00,0.000000e+00,0.000000e+00,0.000000e+00,0.000000e+00,0.000000e+00,0.000000e+00,0.000000e+00,0.000000e+00,0.000000e+00,0.000000e+00,0.000000e+00,0.000000e+00,0.000000e+00,0.000000e+00,7.164405e+03,7.948219e+03,4.986444e-04,-3.720284e-05,-4.179216e+00,1.136610e-03,0.000000e+00,0.000000e+00,0.000000e+00,0.000000e+00,0.000000e+00,0.000000e+00,0.000000e+00,0.000000e+00,0.000000e+00,0.000000e+00,0.000000e+00,0.000000e+00,0.000000e+00,0.000000e+00,0.000000e+00,0.000000e+00,0.000000e+00,0.000000e+00,0.000000e+00,0.000000e+00,0.000000e+00,-1.514787e+06,-9.491163e+02,-8.628717e+05,2.540253e-02,-3.182361e-04,-1.645970e+00,-1.901481e-02,-3.805137e-04,-2.704841e-02,-3.247890e-06,-4.728237e-06,2.069849e+00,-2.624086e-04,-3.026899e-04,-6.843805e-07,-8.646499e-04,3.648051e-06,-5.774814e+00,-3.459515e+00,7.054044e-02,-3.498789e+03,-9.805928e+03,9.497319e+02,1.743282e+06,4.496339e-04,8.062610e-01,-9.818089e-05,-4.651977e+01,2.590308e+03,1.761155e+00
1.480702e-03,7.366001e+03,2.829387e+04,-8.082423e-03,1.236074e-04,-1.586708e+01,1.023767e-01,9.774000e-07,4.576882e+00,0.000000e+00,0.000000e+00,4.363853e+02,0.000000e+00,0.000000e+00,0.000000e+00,0.000000e+00,0.000000e+00,0.000000e+00,0.000000e+00,0.000000e+00,0.000000e+00,0.000000e+00,0.000000e+00,0.000000e+00,0.000000e+00,0.000000e+00,0.000000e+00,0.000000e+00,0.000000e+00,0.000000e+00,0.000000e+00,0.000000e+00,0.000000e+00,0.000000e+00,0.000000e+00,0.000000e+00,0.000000e+00,0.000000e+00,0.000000e+00,0.000000e+00,0.000000e+00,0.000000e+00,0.000000e+00,0.000000e+00,0.000000e+00,0.000000e+00,0.000000e+00,0.000000e+00,0.000000e+00,7.366001e+03,7.929261e+03,2.584106e-04,-6.430293e-05,-4.171954e+00,1.136610e-03,0.000000e+00,0.000000e+00,0.000000e+00,0.000000e+00,0.000000e+00,0.000000e+00,0.000000e+00,0.000000e+00,0.000000e+00,0.000000e+00,0.000000e+00,0.000000e+00,0.000000e+00,0.000000e+00,0.000000e+00,0.000000e+00,0.000000e+00,0.000000e+00,0.000000e+00,0.000000e+00,0.000000e+00,-1.558948e+06,-6.211790e+02,-8.843772e+05,2.631517e-02,-3.269618e-04,-1.701814e+00,-1.971275e-02,-3.710482e-04,-2.811423e-02,-3.370889e-06,-5.047918e-06,2.136027e+00,1.015801e-04,-2.446033e-04,-7.091999e-07,-8.990226e-04,4.344737e-06,-5.808920e+00,-3.566492e+00,7.050984e-02,-3.481599e+03,-1.323893e+04,6.218175e+02,1.792280e+06,3.267461e-04,8.322265e-01,-9.669708e-05,2.167542e+01,2.626593e+03,-2.401959e+00
1.490476e-03,7.573996e+03,2.807098e+04,-8.148731e-03,1.452807e-04,-1.580159e+01,1.023767e-01,9.774000e-07,4.875891e+00,0.000000e+00,0.000000e+00,4.508895e+02,0.000000e+00,0.000000e+00,0.000000e+00,0.000000e+00,0.000000e+00,0.000000e+00,0.000000e+00,0.000000e+00,0.000000e+00,0.000000e+00,0.000000e+00,0.000000e+00,0.000000e+00,0.000000e+00,0.000000e+00,0.000000e+00,0.000000e+00,0.000000e+00,0.000000e+00,0.000000e+00,0.000000e+00,0.000000e+00,0.000000e+00,0.000000e+00,0.000000e+00,0.000000e+00,0.000000e+00,0.000000e+00,0.000000e+00,0.000000e+00,0.000000e+00,0.000000e+00,0.000000e+00,0.000000e+00,0.000000e+00,0.000000e+00,0.000000e+00,7.573996e+03,7.909830e+03,2.843492e-04,-8.629309e-05,-4.165193e+00,1.136610e-03,0.000000e+00,0.000000e+00,0.000000e+00,0.000000e+00,0.000000e+00,0.000000e+00,0.000000e+00,0.000000e+00,0.000000e+00,0.000000e+00,0.000000e+00,0.000000e+00,0.000000e+00,0.000000e+00,0.000000e+00,0.000000e+00,0.000000e+00,0.000000e+00,0.000000e+00,0.000000e+00,0.000000e+00,-1.580342e+06,1.056519e+03,-8.970772e+05,2.720423e-02,-3.196827e-04,-1.758878e+00,-2.038530e-02,-3.930119e-04,-2.920057e-02,-3.505593e-06,-5.376276e-06,2.201414e+00,-1.451246e-04,-2.802162e-04,-7.394535e-07,-9.345036e-04,5.061886e-06,-5.842854e+00,-3.679247e+00,7.685331e-02,-3.464013e+03,-1.291771e+04,-1.055890e+03,1.817158e+06,7.104457e-04,8.589085e-01,-1.380277e-04,-4.736224e+01,2.859669e+03,6.245458e+00
1.500250e-03,7.783829e+03,2.784418e+04,-8.312949e-03,2.046339e-04,-1.573542e+01,1.023767e-01,9.774000e-07,5.190756e+00,0.000000e+00,0.000000e+00,4.675094e+02,0.000000e+00,0.000000e+00,0.000000e+00,0.000000e+00,0.000000e+00,0.000000e+00,0.000000e+00,0.000000e+00,0.000000e+00,0.000000e+00,0.000000e+00,0.000000e+00,0.000000e+00,0.000000e+00,0.000000e+00,0.000000e+00,0.000000e+00,0.000000e+00,0.000000e+00,0.000000e+00,0.000000e+00,0.000000e+00,0.000000e+00,0.000000e+00,0.000000e+00,0.000000e+00,0.000000e+00,0.000000e+00,0.000000e+00,0.000000e+00,0.000000e+00,0.000000e+00,0.000000e+00,0.000000e+00,0.000000e+00,0.000000e+00,0.000000e+00,7.783829e+03,7.890838e+03,3.759935e-04,-4.325563e-05,-4.159185e+00,1.136610e-03,0.000000e+00,0.000000e+00,0.000000e+00,0.000000e+00,0.000000e+00,0.000000e+00,0.000000e+00,0.000000e+00,0.000000e+00,0.000000e+00,0.000000e+00,0.000000e+00,0.000000e+00,0.000000e+00,0.000000e+00,0.000000e+00,0.000000e+00,0.000000e+00,0.000000e+00,0.000000e+00,0.000000e+00,-1.614672e+06,2.015791e+02,-9.177968e+05,2.817599e-02,-3.247005e-04,-1.817488e+00,-2.110356e-02,-3.888767e-04,-3.032230e-02,-3.630063e-06,-5.704817e-06,2.267756e+00,-2.379203e-04,-3.333303e-04,-7.688636e-07,-9.711270e-04,5.803487e-06,-5.876615e+00,-3.804586e+00,7.626777e-02,-3.445959e+03,-1.211501e+04,-2.009427e+02,1.857248e+06,6.756390e-04,8.862623e-01,-1.354699e-04,-1.116701e+01,2.837594e+03,1.472700e+00
1.510024e-03,7.997026e+03,2.761479e+04,-8.495792e-03,1.928280e-04,-1.566791e+01,1.023767e-01,9.774000e-07,5.524212e+00,0.000000e+00,0.000000e+00,4.832841e+02,0.000000e+00,0.000000e+00,0.000000e+00,0.000000e+00,0.000000e+00,0.000000e+00,0.000000e+00,0.000000e+00,0.000000e+00,0.000000e+00,0.000000e+00,0.000000e+00,0.000000e+00,0.000000e+00,0.000000e+00,0.000000e+00,0.000000e+00,0.000000e+00,0.000000e+00,0.000000e+00,0.000000e+00,0.000000e+00,0.000000e+00,0.000000e+00,0.000000e+00,0.000000e+00,0.000000e+00,0.000000e+00,0.000000e+00,0.000000e+00,0.000000e+00,0.000000e+00,0.000000e+00,0.000000e+00,0.000000e+00,0.000000e+00,0.000000e+00,7.997026e+03,7.871433e+03,3.970899e-04,-4.123384e-05,-4.152809e+00,1.136610e-03,0.000000e+00,0.000000e+00,0.000000e+00,0.000000e+00,0.000000e+00,0.000000e+00,0.000000e+00,0.000000e+00,0.000000e+00,0.000000e+00,0.000000e+00,0.000000e+00,0.000000e+00,0.000000e+00,0.000000e+00,0.000000e+00,0.000000e+00,0.000000e+00,0.000000e+00,0.000000e+00,0.000000e+00,-1.667811e+06,6.311721e+02,-9.471218e+05,2.911196e-02,-3.467200e-04,-1.877103e+00,-2.180173e-02,-3.716102e-04,-3.145956e-02,-3.789374e-06,-6.062789e-06,2.335280e+00,-3.691164e-04,-3.180173e-04,-8.027621e-07,-1.008954e-03,6.562237e-06,-5.910198e+00,-3.924441e+00,7.787638e-02,-3.427620e+03,-1.325883e+04,-6.305515e+02,1.917930e+06,6.101964e-04,9.143283e-01,-1.428420e-04,-1.007712e+02,2.841191e+03,7.642391e+00
1.520775e-03,8.233962e+03,2.735815e+04,-8.503302e-03,1.617651e-04,-1.559192e+01,1.023768e-01,9.774000e-07,5.911853e+00,0.000000e+00,0.000000e+00,5.027895e+02,0.000000e+00,0.000000e+00,0.000000e+00,0.000000e+00,0.000000e+00,0.000000e+00,0.000000e+00,0.000000e+00,0.000000e+00,0.000000e+00,0.000000e+00,0.000000e+00,0.000000e+00,0.000000e+00,0.000000e+00,0.000000e+00,0.000000e+00,0.000000e+00,0.000000e+00,0.000000e+00,0.000000e+00,0.000000e+00,0.000000e+00,0.000000e+00,0.000000e+00,0.000000e+00,0.000000e+00,0.000000e+00,0.000000e+00,0.000000e+00,0.000000e+00,0.000000e+00,0.000000e+00,0.000000e+00,0.000000e+00,0.000000e+00,0.000000e+00,8.233962e+03,7.851417e+03,6.387979e-04,-7.768942e-05,-4.146364e+00,1.136610e-03,0.000000e+00,0.000000e+00,0.000000e+00,0.000000e+00,0.000000e+00,0.000000e+00,0.000000e+00,0.000000e+00,0.000000e+00,0.000000e+00,0.000000e+00,0.000000e+00,0.000000e+00,0.000000e+00,0.000000e+00,0.000000e+00,0.000000e+00,0.000000e+00,0.000000e+00,0.000000e+00,0.000000e+00,-1.694808e+06,-1.563768e+02,-9.630036e+05,3.020027e-02,-3.464524e-04,-1.944559e+00,-2.260281e-02,-3.843585e-04,-3.276413e-02,-3.959866e-06,-6.477886e-06,2.411632e+00,-6.670845e-04,-2.954590e-04,-8.411664e-07,-1.052004e-03,7.436588e-06,-5.946928e+00,-4.067009e+00,8.106390e-02,-3.406824e+03,-1.297681e+04,1.570274e+02,1.949251e+06,8.600474e-04,9.458473e-01,-1.663262e-04,-1.273504e+02,2.973524e+03,6.477375e+00
1.530549e-03,8.454993e+03,2.712067e+04,-8.874382e-03,2.224159e-04,-1.552004e+01,1.023768e-01,9.774000e-07,6.283826e+00,0.000000e+00,0.000000e+00,5.188005e+02,0.000000e+00,0.000000e+00,0.000000e+00,0.000000e+00,0.000000e+00,0.000000e+00,0.000000e+00,0.000000e+00,0.000000e+00,0.000000e+00,0.000000e+00,0.000000e+00,0.000000e+00,0.000000e+00,0.000000e+00,0.000000e+00,0.000000e+00,0.000000e+00,0.000000e+00,0.000000e+00,0.000000e+00,0.000000e+00,0.000000e+00,0.000000e+00,0.000000e+00,0.000000e+00,0.000000e+00,0.000000e+00,0.000000e+00,0.000000e+00,0.000000e+00,0.000000e+00,0.000000e+00,0.000000e+00,0.000000e+00,0.000000e+00,0.000000e+00,8.454993e+03,7.831737e+03,6.371550e-04,-4.976382e-05,-4.139203e+00,1.136610e-03,0.000000e+00,0.000000e+00,0.000000e+00,0.000000e+00,0.000000e+00,0.000000e+00,0.000000e+00,0.000000e+00,0.000000e+00,0.000000e+00,0.000000e+00,0.000000e+00,0.000000e+00,0.000000e+00,0.000000e+00,0.000000e+00,0.000000e+00,0.000000e+00,0.000000e+00,0.000000e+00,0.000000e+00,-1.739450e+06,1.689593e+02,-9.869064e+05,3.121862e-02,-3.591118e-04,-2.007132e+00,-2.333719e-02,-3.864275e-04,-3.396405e-02,-4.153645e-06,-6.872527e-06,2.483465e+00,-6.148082e-04,-3.532102e-04,-8.809569e-07,-1.092489e-03,8.251634e-06,-5.980123e+00,-4.202888e+00,8.580206e-02,-3.387559e+03,-1.456707e+04,-1.683315e+02,1.999864e+06,7.885761e-04,9.751630e-01,-1.794784e-04,2.433919e+01,3.038471e+03,-3.277725e+00
1.540323e-03,8.678773e+03,2.687873e+04,-8.846616e-03,1.089102e-04,-1.544812e+01,1.023768e-01,9.774000e-07,6.677459e+00,0.000000e+00,0.000000e+00,5.366492e+02,0.000000e+00,0.000000e+00,0.000000e+00,0.000000e+00,0.000000e+00,0.000000e+00,0.000000e+00,0.000000e+00,0.000000e+00,0.000000e+00,0.000000e+00,0.000000e+00,0.000000e+00,0.000000e+00,0.000000e+00,0.000000e+00,0.000000e+00,0.000000e+00,0.000000e+00,0.000000e+00,0.000000e+00,0.000000e+00,0.000000e+00,0.000000e+00,0.000000e+00,0.000000e+00,0.000000e+00,0.000000e+00,0.000000e+00,0.000000e+00,0.000000e+00,0.000000e+00,0.000000e+00,0.000000e+00,0.000000e+00,0.000000e+00,0.000000e+00,8.678773e+03,7.811882e+03,8.621998e-04,-1.426555e-04,-4.133088e+00,1.136610e-03,0.000000e+00,0.000000e+00,0.000000e+00,0.000000e+00,0.000000e+00,0.000000e+00,0.000000e+00,0.000000e+00,0.000000e+00,0.000000e+00,0.000000e+00,0.000000e+00,0.000000e+00,0.000000e+00,0.000000e+00,0.000000e+00,0.000000e+00,0.000000e+00,0.000000e+00,0.000000e+00,0.000000e+00,-1.789949e+06,5.327821e+02,-1.021975e+06,3.219439e-02,-3.463415e-04,-2.071273e+00,-2.406262e-02,-4.105537e-04,-3.521208e-02,-4.349882e-06,-7.257986e-06,2.555643e+00,-9.844902e-04,-2.172649e-04,-9.218167e-07,-1.134307e-03,9.115518e-06,-6.013127e+00,-4.336412e+00,8.960309e-02,-3.367815e+03,-9.411863e+03,-5.321462e+02,2.061131e+06,1.008796e-03,1.005211e+00,-2.199002e-04,1.300993e+02,3.195624e+03,-1.896497e+01
1.550097e-03,8.906485e+03,2.663331e+04,-8.973376e-03,2.245082e-04,-1.537357e+01,1.023768e-01,9.774000e-07,7.093824e+00,0.000000e+00,0.000000e+00,5.539770e+02,0.000000e+00,0.000000e+00,0.000000e+00,0.000000e+00,0.000000e+00,0.000000e+00,0.000000e+00,0.000000e+00,0.000000e+00,0.000000e+00,0.000000e+00,0.000000e+00,0.000000e+00,0.000000e+00,0.000000e+00,0.000000e+00,0.000000e+00,0.000000e+00,0.000000e+00,0.000000e+00,0.000000e+00,0.000000e+00,0.000000e+00,0.000000e+00,0.000000e+00,0.000000e+00,0.000000e+00,0.000000e+00,0.000000e+00,0.000000e+00,0.000000e+00,0.000000e+00,0.000000e+00,0.000000e+00,0.000000e+00,0.000000e+00,0.000000e+00,8.906485e+03,7.792174e+03,1.020743e-03,-8.735526e-05,-4.126268e+00,1.136609e-03,0.000000e+00,0.000000e+00,0.000000e+00,0.000000e+00,0.000000e+00,0.000000e+00,0.000000e+00,0.000000e+00,0.000000e+00,0.000000e+00,0.000000e+00,0.000000e+00,0.000000e+00,0.000000e+00,0.000000e+00,0.000000e+00,0.000000e+00,0.000000e+00,0.000000e+00,0.000000e+00,0.000000e+00,-1.811815e+06,8.263090e+01,-1.028663e+06,3.316791e-02,-3.905261e-04,-2.136768e+00,-2.478472e-02,-3.813208e-04,-3.649035e-02,-4.559342e-06,-7.681723e-06,2.630325e+00,-1.187159e-03,-3.574833e-04,-9.669383e-07,-1.177321e-03,9.999137e-06,-6.045936e+00,-4.461412e+00,9.371281e-02,-3.347614e+03,-1.452707e+04,-8.200211e+01,2.083413e+06,9.550929e-04,1.036152e+00,-2.127308e-04,-4.602056e+01,3.139642e+03,5.143359e+00
1.560848e-03,9.161031e+03,2.635813e+04,-9.126539e-03,1.677784e-04,-1.529029e+01,1.023769e-01,9.774000e-07,7.574692e+00,0.000000e+00,0.000000e+00,5.744387e+02,0.000000e+00,0.000000e+00,0.000000e+00,0.000000e+00,0.000000e+00,0.000000e+00,0.000000e+00,0.000000e+00,0.000000e+00,0.000000e+00,0.000000e+00,0.000000e+00,0.000000e+00,0.000000e+00,0.000000e+00,0.000000e+00,0.000000e+00,0.000000e+00,0.000000e+00,0.000000e+00,0.000000e+00,0.000000e+00,0.000000e+00,0.000000e+00,0.000000e+00,0.000000e+00,0.000000e+00,0.000000e+00,0.000000e+00,0.000000e+00,0.000000e+00,0.000000e+00,0.000000e+00,0.000000e+00,0.000000e+00,0.000000e+00,0.000000e+00,9.161031e+03,7.768994e+03,1.208648e-03,-1.094812e-04,-4.118799e+00,1.136610e-03,0.000000e+00,0.000000e+00,0.000000e+00,0.000000e+00,0.000000e+00,0.000000e+00,0.000000e+00,0.000000e+00,0.000000e+00,0.000000e+00,0.000000e+00,0.000000e+00,0.000000e+00,0.000000e+00,0.000000e+00,0.000000e+00,0.000000e+00,0.000000e+00,0.000000e+00,0.000000e+00,0.000000e+00,-1.865558e+06,2.072214e+03,-1.062364e+06,3.432079e-02,-3.625001e-04,-2.210426e+00,-2.562420e-02,-4.012355e-04,-3.792772e-02,-4.813930e-06,-8.164533e-06,2.713897e+00,-1.418181e-03,-2.974104e-04,-1.017583e-06,-1.226219e-03,1.101326e-05,-6.081795e+00,-4.619247e+00,9.324959e-02,-3.324933e+03,-1.217150e+04,-2.071627e+03,2.146806e+06,1.101902e-03,1.070666e+00,-2.319912e-04,6.599703e+01,3.302710e+03,-8.100448e+00
1.570622e-03,9.396400e+03,2.610441e+04,-9.083496e-03,1.931743e-04,-1.521265e+01,1.023769e-01,9.774000e-07,8.037327e+00,0.000000e+00,0.000000e+00,5.922385e+02,0.000000e+00,0.000000e+00,0.000000e+00,0.000000e+00,0.000000e+00,0.000000e+00,0.000000e+00,0.000000e+00,0.000000e+00,0.000000e+00,0.000000e+00,0.000000e+00,0.000000e+00,0.000000e+00,0.000000e+00,0.000000e+00,0.000000e+00,0.000000e+00,0.000000e+00,0.000000e+00,0.000000e+00,0.000000e+00,0.000000e+00,0.000000e+00,0.000000e+00,0.000000e+00,0.000000e+00,0.000000e+00,0.000000e+00,0.000000e+00,0.000000e+00,0.000000e+00,0.000000e+00,0.000000e+00,0.000000e+00,0.000000e+00,0.000000e+00,9.396400e+03,7.747977e+03,1.464685e-03,-1.027533e-04,-4.111780e+00,1.136610e-03,0.000000e+00,0.000000e+00,0.000000e+00,0.000000e+00,0.000000e+00,0.000000e+00,0.000000e+00,0.000000e+00,0.000000e+00,0.000000e+00,0.000000e+00,0.000000e+00,0.000000e+00,0.000000e+00,0.000000e+00,0.000000e+00,0.000000e+00,0.000000e+00,0.000000e+00,0.000000e+00,0.000000e+00,-1.894568e+06,-2.322721e+03,-1.076008e+06,3.535250e-02,-3.987286e-04,-2.278897e+00,-2.638732e-02,-3.969090e-04,-3.926598e-02,-5.045863e-06,-8.606841e-06,2.791628e+00,-1.793063e-03,-3.181749e-04,-1.065442e-06,-1.272063e-03,1.195107e-05,-6.114179e+00,-4.754298e+00,9.862396e-02,-3.303822e+03,-1.482951e+04,2.323346e+03,2.178752e+06,1.240589e-03,1.102918e+00,-2.575459e-04,-4.808701e+01,3.320029e+03,-6.496104e-01
1.580396e-03,9.635572e+03,2.584622e+04,-9.080929e-03,1.576112e-04,-1.513291e+01,1.023769e-01,9.774000e-07,8.522831e+00,0.000000e+00,0.000000e+00,6.107496e+02,0.000000e+00,0.000000e+00,0.000000e+00,0.000000e+00,0.000000e+00,0.000000e+00,0.000000e+00,0.000000e+00,0.000000e+00,0.000000e+00,0.000000e+00,0.000000e+00,0.000000e+00,0.000000e+00,0.000000e+00,0.000000e+00,0.000000e+00,0.000000e+00,0.000000e+00,0.000000e+00,0.000000e+00,0.000000e+00,0.000000e+00,0.000000e+00,0.000000e+00,0.000000e+00,0.000000e+00,0.000000e+00,0.000000e+00,0.000000e+00,0.000000e+00,0.000000e+00,0.000000e+00,0.000000e+00,0.000000e+00,0.000000e+00,0.000000e+00,9.635572e+03,7.726012e+03,1.763839e-03,-1.454570e-04,-4.104288e+00,1.136610e-03,0.000000e+00,0.000000e+00,0.000000e+00,0.000000e+00,0.000000e+00,0.000000e+00,0.000000e+00,0.000000e+00,0.000000e+00,0.000000e+00,0.000000e+00,0.000000e+00,0.000000e+00,0.000000e+00,0.000000e+00,0.000000e+00,0.000000e+00,0.000000e+00,0.000000e+00,0.000000e+00,0.000000e+00,-1.943597e+06,-9.191501e+01,-1.104473e+06,3.642219e-02,-3.985570e-04,-2.348820e+00,-2.717273e-02,-3.993159e-04,-4.064120e-02,-5.303587e-06,-9.098462e-06,2.871509e+00,-2.132422e-03,-2.963879e-04,-1.118845e-06,-1.319311e-03,1.293530e-05,-6.146356e+00,-4.898079e+00,1.014578e-01,-3.282284e+03,-1.465226e+04,9.249094e+01,2.235445e+06,1.326371e-03,1.135737e+00,-2.847919e-04,-3.518544e+01,3.427969e+03,8.012725e+00
1.590170e-03,9.878099e+03,2.558528e+04,-9.108225e-03,2.585602e-04,-1.505287e+01,1.023769e-01,9.774000e-07,9.033472e+00,0.000000e+00,0.000000e+00,6.285314e+02,0.000000e+00,0.000000e+00,0.000000e+00,0.000000e+00,0.000000e+00,0.000000e+00,0.000000e+00,0.000000e+00,0.000000e+00,0.000000e+00,0.000000e+00,0.000000e+00,0.000000e+00,0.000000e+00,0.000000e+00,0.000000e+00,0.000000e+00,0.000000e+00,0.000000e+00,0.000000e+00,0.000000e+00,0.000000e+00,0.000000e+00,0.000000e+00,0.000000e+00,0.000000e+00,0.000000e+00,0.000000e+00,0.000000e+00,0.000000e+00,0.000000e+00,0.000000e+00,0.000000e+00,0.000000e+00,0.000000e+00,0.000000e+00,0.000000e+00,9.878099e+03,7.704293e+03,2.041049e-03,-9.256508e-05,-4.097401e+00,1.136610e-03,0.000000e+00,0.000000e+00,0.000000e+00,0.000000e+00,0.000000e+00,0.000000e+00,0.000000e+00,0.000000e+00,0.000000e+00,0.000000e+00,0.000000e+00,0.000000e+00,0.000000e+00,0.000000e+00,0.000000e+00,0.000000e+00,0.000000e+00,0.000000e+00,0.000000e+00,0.000000e+00,0.000000e+00,-1.973779e+06,8.947703e+02,-1.125119e+06,3.747582e-02,-3.968934e-04,-2.420192e+00,-2.796459e-02,-4.140196e-04,-4.204938e-02,-5.549057e-06,-9.580601e-06,2.951557e+00,-2.447084e-03,-3.914592e-04,-1.170819e-06,-1.367934e-03,1.395712e-05,-6.178319e+00,-5.038639e+00,1.064318e-01,-3.260277e+03,-1.182734e+04,-8.941710e+02,2.271906e+06,1.482395e-03,1.169318e+00,-3.078330e-04,4.897150e+01,3.421870e+03,-7.346976e+00
1.600922e-03,1.014696e+04,2.529391e+04,-9.245585e-03,3.180763e-04,-1.496228e+01,1.023770e-01,9.774000e-07,9.622933e+00,0.000000e+00,0.000000e+00,6.504201e+02,0.000000e+00,0.000000e+00,0.000000e+00,0.000000e+00,0.000000e+00,0.000000e+00,0.000000e+00,0.000000e+00,0.000000e+00,0.000000e+00,0.000000e+00,0.000000e+00,0.000000e+00,0.000000e+00,0.000000e+00,0.000000e+00,0.000000e+00,0.000000e+00,0.000000e+00,0.000000e+00,0.000000e+00,0.000000e+00,0.000000e+00,0.000000e+00,0.000000e+00,0.000000e+00,0.000000e+00,0.000000e+00,0.000000e+00,0.000000e+00,0.000000e+00,0.000000e+00,0.000000e+00,0.000000e+00,0.000000e+00,0.000000e+00,0.000000e+00,1.014696e+04,7.680061e+03,2.255309e-03,-4.608836e-05,-4.089520e+00,1.136610e-03,0.000000e+00,0.000000e+00,0.000000e+00,0.000000e+00,0.000000e+00,0.000000e+00,0.000000e+00,0.000000e+00,0.000000e+00,0.000000e+00,0.000000e+00,0.000000e+00,0.000000e+00,0.000000e+00,0.000000e+00,0.000000e+00,0.000000e+00,0.000000e+00,0.000000e+00,0.000000e+00,0.000000e+00,-2.039991e+06,-2.305395e+02,-1.160058e+06,3.868557e-02,-4.107722e-04,-2.500403e+00,-2.886937e-02,-4.127293e-04,-4.362759e-02,-5.846382e-06,-1.013737e-05,3.042406e+00,-2.694782e-03,-4.526004e-04,-1.232557e-06,-1.423009e-03,1.510919e-05,-6.213227e+00,-5.194046e+00,1.091059e-01,-3.235579e+03,-1.462184e+04,2.310987e+02,2.346718e+06,1.538778e-03,1.206820e+00,-3.230925e-04,1.037376e+01,3.625309e+03,-4.378528e+00
1.610696e-03,1.039646e+04,2.502521e+04,-9.288023e-03,2.195635e-04,-1.487721e+01,1.023770e-01,9.774000e-07,1.018665e+01,0.000000e+00,0.000000e+00,6.689681e+02,0.000000e+00,0.000000e+00,0.000000e+00,0.000000e+00,0.000000e+00,0.000000e+00,0.000000e+00,0.000000e+00,0.000000e+00,0.000000e+00,0.000000e+00,0.000000e+00,0.000000e+00,0.000000e+00,0.000000e+00,0.000000e+00,0.000000e+00,0.000000e+00,0.000000e+00,0.000000e+00,0.000000e+00,0.000000e+00,0.000000e+00,0.000000e+00,0.000000e+00,0.000000e+00,0.000000e+00,0.000000e+00,0.000000e+00,0.000000e+00,0.000000e+00,0.000000e+00,0.000000e+00,0.000000e+00,0.000000e+00,0.000000e+00,0.000000e+00,1.039646e+04,7.657737e+03,2.427980e-03,-1.054497e-04,-4.081559e+00,1.136610e-03,0.000000e+00,0.000000e+00,0.000000e+00,0.000000e+00,0.000000e+00,0.000000e+00,0.000000e+00,0.000000e+00,0.000000e+00,0.000000e+00,0.000000e+00,0.000000e+00,0.000000e+00,0.000000e+00,0.000000e+00,0.000000e+00,0.000000e+00,0.000000e+00,0.000000e+00,0.000000e+00,0.000000e+00,-2.055902e+06,7.192175e+01,-1.169127e+06,3.978757e-02,-4.196005e-04,-2.574867e+00,-2.972278e-02,-4.186694e-04,-4.510071e-02,-6.110338e-06,-1.067630e-05,3.127523e+00,-3.017834e-03,-3.480285e-04,-1.286215e-06,-1.474517e-03,1.619277e-05,-6.244728e+00,-5.329942e+00,1.139323e-01,-3.212596e+03,-1.469042e+04,-7.139789e+01,2.365032e+06,1.679853e-03,1.241746e+00,-3.487795e-04,2.984861e+01,3.563472e+03,-5.455792e+00
1.620470e-03,1.064897e+04,2.475353e+04,-9.284982e-03,2.719672e-04,-1.479217e+01,1.023770e-01,9.774000e-07,1.077518e+01,0.000000e+00,0.000000e+00,6.874449e+02,0.000000e+00,0.000000e+00,0.000000e+00,0.000000e+00,0.000000e+00,0.000000e+00,0.000000e+00,0.000000e+00,0.000000e+00,0.000000e+00,0.000000e+00,0.000000e+00,0.000000e+00,0.000000e+00,0.000000e+00,0.000000e+00,0.000000e+00,0.000000e+00,0.000000e+00,0.000000e+00,0.000000e+00,0.000000e+00,0.000000e+00,0.000000e+00,0.000000e+00,0.000000e+00,0.000000e+00,0.000000e+00,0.000000e+00,0.000000e+00,0.000000e+00,0.000000e+00,0.000000e+00,0.000000e+00,0.000000e+00,0.000000e+00,0.000000e+00,1.064897e+04,7.634880e+03,2.663080e-03,-9.194680e-05,-4.074301e+00,1.136610e-03,0.000000e+00,0.000000e+00,0.000000e+00,0.000000e+00,0.000000e+00,0.000000e+00,0.000000e+00,0.000000e+00,0.000000e+00,0.000000e+00,0.000000e+00,0.000000e+00,0.000000e+00,0.000000e+00,0.000000e+00,0.000000e+00,0.000000e+00,0.000000e+00,0.000000e+00,0.000000e+00,0.000000e+00,-2.106150e+06,-1.905938e+03,-1.199974e+06,4.091398e-02,-4.329181e-04,-2.650785e+00,-3.060240e-02,-4.202312e-04,-4.660477e-02,-6.402558e-06,-1.121578e-05,3.212625e+00,-3.384041e-03,-4.047542e-04,-1.344982e-06,-1.527366e-03,1.731211e-05,-6.276003e+00,-5.467972e+00,1.165157e-01,-3.189203e+03,-1.305057e+04,1.906412e+03,2.423971e+06,1.800011e-03,1.277121e+00,-3.717116e-04,1.807153e+01,3.648604e+03,-5.632160e+00
1.630244e-03,1.090340e+04,2.447875e+04,-9.345792e-03,2.287701e-04,-1.470504e+01,1.023770e-01,9.774000e-07,1.139346e+01,0.000000e+00,0.000000e+00,7.070394e+02,0.000000e+00,0.000000e+00,0.000000e+00,0.000000e+00,0.000000e+00,0.000000e+00,0.000000e+00,0.000000e+00,0.000000e+00,0.000000e+00,0.000000e+00,0.000000e+00,0.000000e+00,0.000000e+00,0.000000e+00,0.000000e+00,0.000000e+00,0.000000e+00,0.000000e+00,0.000000e+00,0.000000e+00,0.000000e+00,0.000000e+00,0.000000e+00,0.000000e+00,0.000000e+00,0.000000e+00,0.000000e+00,0.000000e+00,0.000000e+00,0.000000e+00,0.000000e+00,0.000000e+00,0.000000e+00,0.000000e+00,0.000000e+00,0.000000e+00,1.090340e+04,7.612504e+03,2.866574e-03,-1.328082e-04,-4.066970e+00,1.136610e-03,0.000000e+00,0.000000e+00,0.000000e+00,0.000000e+00,0.000000e+00,0.000000e+00,0.000000e+00,0.000000e+00,0.000000e+00,0.000000e+00,0.000000e+00,0.000000e+00,0.000000e+00,0.000000e+00,0.000000e+00,0.000000e+00,0.000000e+00,0.000000e+00,0.000000e+00,0.000000e+00,0.000000e+00,-2.151308e+06,-1.163505e+02,-1.224700e+06,4.204268e-02,-4.411592e-04,-2.728330e+00,-3.149853e-02,-4.213801e-04,-4.814688e-02,-6.674873e-06,-1.177305e-05,3.299895e+00,-3.696777e-03,-3.671982e-04,-1.400882e-06,-1.581521e-03,1.847916e-05,-6.307046e+00,-5.600269e+00,1.210976e-01,-3.165298e+03,-1.416709e+04,1.168051e+02,2.475442e+06,1.874055e-03,1.313242e+00,-3.912989e-04,1.473975e+01,3.768741e+03,-2.547077e+00
1.640018e-03,1.116109e+04,2.420122e+04,-9.369098e-03,3.202602e-04,-1.461660e+01,1.023770e-01,9.774000e-07,1.203667e+01,0.000000e+00,0.000000e+00,7.261207e+02,0.000000e+00,0.000000e+00,0.000000e+00,0.000000e+00,0.000000e+00,0.000000e+00,0.000000e+00,0.000000e+00,0.000000e+00,0.000000e+00,0.000000e+00,0.000000e+00,0.000000e+00,0.000000e+00,0.000000e+00,0.000000e+00,0.000000e+00,0.000000e+00,0.000000e+00,0.000000e+00,0.000000e+00,0.000000e+00,0.000000e+00,0.000000e+00,0.000000e+00,0.000000e+00,0.000000e+00,0.000000e+00,0.000000e+00,0.000000e+00,0.000000e+00,0.000000e+00,0.000000e+00,0.000000e+00,0.000000e+00,0.000000e+00,0.000000e+00,1.116109e+04,7.590135e+03,3.057972e-03,-9.320141e-05,-4.059743e+00,1.136610e-03,0.000000e+00,0.000000e+00,0.000000e+00,0.000000e+00,0.000000e+00,0.000000e+00,0.000000e+00,0.000000e+00,0.000000e+00,0.000000e+00,0.000000e+00,0.000000e+00,0.000000e+00,0.000000e+00,0.000000e+00,0.000000e+00,0.000000e+00,0.000000e+00,0.000000e+00,0.000000e+00,0.000000e+00,-2.184596e+06,1.300552e+02,-1.246394e+06,4.319749e-02,-4.450457e-04,-2.807296e+00,-3.245156e-02,-4.319466e-04,-4.971706e-02,-4.538120e-06,-1.234831e-05,3.388424e+00,-4.048318e-03,-4.590213e-04,-1.804056e-06,-1.636949e-03,1.968769e-05,-6.337853e+00,-5.726951e+00,1.257687e-01,-3.140939e+03,-1.197691e+04,-1.296252e+02,2.515117e+06,2.041837e-03,1.349869e+00,-4.214396e-04,2.059148e+01,3.737030e+03,-1.579212e+00
1.650769e-03,1.144720e+04,2.389229e+04,-9.423609e-03,2.850129e-04,-1.451669e+01,1.023770e-01,9.774000e-07,1.277757e+01,0.000000e+00,0.000000e+00,7.480275e+02,0.000000e+00,0.000000e+00,0.000000e+00,0.000000e+00,0.000000e+00,0.000000e+00,0.000000e+00,0.000000e+00,0.000000e+00,0.000000e+00,0.000000e+00,0.000000e+00,0.000000e+00,0.000000e+00,0.000000e+00,0.000000e+00,0.000000e+00,0.000000e+00,0.000000e+00,0.000000e+00,0.000000e+00,0.000000e+00,0.000000e+00,0.000000e+00,0.000000e+00,0.000000e+00,0.000000e+00,0.000000e+00,0.000000e+00,0.000000e+00,0.000000e+00,0.000000e+00,0.000000e+00,0.000000e+00,0.000000e+00,0.000000e+00,0.000000e+00,1.144720e+04,7.565330e+03,3.223184e-03,-1.125986e-04,-4.051350e+00,1.136610e-03,0.000000e+00,0.000000e+00,0.000000e+00,0.000000e+00,0.000000e+00,0.000000e+00,0.000000e+00,0.000000e+00,0.000000e+00,0.000000e+00,0.000000e+00,0.000000e+00,0.000000e+00,0.000000e+00,0.000000e+00,0.000000e+00,0.000000e+00,0.000000e+00,0.000000e+00,0.000000e+00,0.000000e+00,-2.238460e+06,-2.197341e+01,-1.275630e+06,4.448032e-02,-4.639859e-04,-2.896012e+00,-3.353146e-02,-4.318858e-04,-5.148333e-02,1.739284e-05,-1.300088e-05,3.488505e+00,-4.399337e-03,-4.175141e-04,-5.071634e-06,-1.699293e-03,2.106976e-05,-6.371462e+00,-5.857948e+00,1.313011e-01,-3.113589e+03,-1.353053e+04,2.237525e+01,2.576384e+06,2.153986e-03,1.390769e+00,-4.482791e-04,-6.375091e+00,3.899732e+03,-4.419471e-01
1.660543e-03,1.171109e+04,2.360850e+04,-9.411993e-03,2.973250e-04,-1.442495e+01,1.023770e-01,9.774000e-07,1.347960e+01,0.000000e+00,0.000000e+00,7.671355e+02,0.000000e+00,0.000000e+00,0.000000e+00,0.000000e+00,0.000000e+00,0.000000e+00,0.000000e+00,0.000000e+00,0.000000e+00,0.000000e+00,0.000000e+00,0.000000e+00,0.000000e+00,0.000000e+00,0.000000e+00,0.000000e+00,0.000000e+00,0.000000e+00,0.000000e+00,0.000000e+00,0.000000e+00,0.000000e+00,0.000000e+00,0.000000e+00,0.000000e+00,0.000000e+00,0.000000e+00,0.000000e+00,0.000000e+00,0.000000e+00,0.000000e+00,0.000000e+00,0.000000e+00,0.000000e+00,0.000000e+00,0.000000e+00,0.000000e+00,1.171109e+04,7.543005e+03,3.379802e-03,-1.270904e-04,-4.044164e+00,1.136610e-03,0.000000e+00,0.000000e+00,0.000000e+00,0.000000e+00,0.000000e+00,0.000000e+00,0.000000e+00,0.000000e+00,0.000000e+00,0.000000e+00,0.000000e+00,0.000000e+00,0.000000e+00,0.000000e+00,0.000000e+00,0.000000e+00,0.000000e+00,0.000000e+00,0.000000e+00,0.000000e+00,0.000000e+00,-2.257933e+06,-3.969643e+02,-1.290853e+06,4.567983e-02,-5.029173e-04,-2.978333e+00,-3.457096e-02,-4.282978e-04,-5.312981e-02,7.076066e-05,-1.360784e-05,3.580278e+00,-4.742029e-03,-4.523376e-04,-1.307682e-05,-1.757182e-03,2.239018e-05,-6.401759e+00,-5.974829e+00,1.416256e-01,-3.088171e+03,-1.003776e+04,3.972789e+02,2.600858e+06,2.084252e-03,1.428518e+00,-4.536980e-04,1.256733e+02,3.896561e+03,-1.388486e+01
1.670317e-03,1.197629e+04,2.332207e+04,-9.390149e-03,3.486806e-04,-1.433165e+01,1.023770e-01,9.774000e-07,1.421059e+01,0.000000e+00,0.000000e+00,7.875701e+02,0.000000e+00,0.000000e+00,0.000000e+00,0.000000e+00,0.000000e+00,0.000000e+00,0.000000e+00,0.000000e+00,0.000000e+00,0.000000e+00,0.000000e+00,0.000000e+00,0.000000e+00,0.000000e+00,0.000000e+00,0.000000e+00,0.000000e+00,0.000000e+00,0.000000e+00,0.000000e+00,0.000000e+00,0.000000e+00,0.000000e+00,0.000000e+00,0.000000e+00,0.000000e+00,0.000000e+00,0.000000e+00,0.000000e+00,0.000000e+00,0.000000e+00,0.000000e+00,0.000000e+00,0.000000e+00,0.000000e+00,0.000000e+00,0.000000e+00,1.197629e+04,7.520719e+03,3.552055e-03,-1.088330e-04,-4.037164e+00,1.136610e-03,0.000000e+00,0.000000e+00,0.000000e+00,0.000000e+00,0.000000e+00,0.000000e+00,0.000000e+00,0.000000e+00,0.000000e+00,0.000000e+00,0.000000e+00,0.000000e+00,0.000000e+00,0.000000e+00,0.000000e+00,0.000000e+00,0.000000e+00,0.000000e+00,0.000000e+00,0.000000e+00,0.000000e+00,-2.328532e+06,8.278338e+02,-1.329161e+06,4.691485e-02,-4.751670e-04,-3.062343e+00,-3.565334e-02,-4.534898e-04,-5.481487e-02,1.635677e-04,-1.424955e-05,3.673799e+00,-5.060867e-03,-4.883406e-04,-2.738550e-05,-1.816184e-03,2.376482e-05,-6.431804e+00,-6.085640e+00,1.417987e-01,-3.062283e+03,-1.209181e+04,-8.275500e+02,2.681154e+06,2.568839e-03,1.466757e+00,-5.207905e-04,-5.716214e+01,3.965715e+03,6.513077e+00
1.680091e-03,1.224471e+04,2.303220e+04,-9.350103e-03,2.975556e-04,-1.423567e+01,1.023770e-01,9.774000e-07,1.497481e+01,0.000000e+00,0.000000e+00,8.081415e+02,0.000000e+00,0.000000e+00,0.000000e+00,0.000000e+00,0.000000e+00,0.000000e+00,0.000000e+00,0.000000e+00,0.000000e+00,0.000000e+00,0.000000e+00,0.000000e+00,0.000000e+00,0.000000e+00,0.000000e+00,0.000000e+00,0.000000e+00,0.000000e+00,0.000000e+00,0.000000e+00,0.000000e+00,0.000000e+00,0.000000e+00,0.000000e+00,0.000000e+00,0.000000e+00,0.000000e+00,0.000000e+00,0.000000e+00,0.000000e+00,0.000000e+00,0.000000e+00,0.000000e+00,0.000000e+00,0.000000e+00,0.000000e+00,0.000000e+00,1.224471e+04,7.497677e+03,3.724461e-03,-1.428029e-04,-4.029372e+00,1.136610e-03,0.000000e+00,0.000000e+00,0.000000e+00,0.000000e+00,0.000000e+00,0.000000e+00,0.000000e+00,0.000000e+00,0.000000e+00,0.000000e+00,0.000000e+00,0.000000e+00,0.000000e+00,0.000000e+00,0.000000e+00,0.000000e+00,0.000000e+00,0.000000e+00,0.000000e+00,0.000000e+00,0.000000e+00,-2.361635e+06,1.155471e+03,-1.350649e+06,4.814163e-02,-5.159301e-04,-3.147731e+00,-3.675892e-02,-4.424790e-04,-5.652605e-02,3.052233e-04,-1.490719e-05,3.769881e+00,-5.370983e-03,-4.181549e-04,-4.989838e-05,-1.876248e-03,2.519327e-05,-6.461593e+00,-6.193374e+00,1.506996e-01,-3.035929e+03,-9.978999e+03,-1.155284e+03,2.720565e+06,2.409947e-03,1.505712e+00,-5.205249e-04,5.624669e+01,4.006452e+03,-5.970186e+00
1.690843e-03,1.254281e+04,2.270998e+04,-9.192741e-03,2.775572e-04,-1.412799e+01,1.023771e-01,9.774000e-07,1.585014e+01,0.000000e+00,0.000000e+00,8.312708e+02,0.000000e+00,0.000000e+00,0.000000e+00,0.000000e+00,0.000000e+00,0.000000e+00,0.000000e+00,0.000000e+00,0.000000e+00,0.000000e+00,0.000000e+00,0.000000e+00,0.000000e+00,0.000000e+00,0.000000e+00,0.000000e+00,0.000000e+00,0.000000e+00,0.000000e+00,0.000000e+00,0.000000e+00,0.000000e+00,0.000000e+00,0.000000e+00,0.000000e+00,0.000000e+00,0.000000e+00,0.000000e+00,0.000000e+00,0.000000e+00,0.000000e+00,0.000000e+00,0.000000e+00,0.000000e+00,0.000000e+00,0.000000e+00,0.000000e+00,1.254281e+04,7.471729e+03,3.957123e-03,-2.118293e-04,-4.020548e+00,1.136610e-03,0.000000e+00,0.000000e+00,0.000000e+00,0.000000e+00,0.000000e+00,0.000000e+00,0.000000e+00,0.000000e+00,0.000000e+00,0.000000e+00,0.000000e+00,0.000000e+00,0.000000e+00,0.000000e+00,0.000000e+00,0.000000e+00,0.000000e+00,0.000000e+00,0.000000e+00,0.000000e+00,0.000000e+00,-2.410514e+06,-6.773271e+02,-1.377260e+06,4.952986e-02,-5.303873e-04,-3.243576e+00,-3.802996e-02,-4.400312e-04,-5.845070e-02,5.334084e-04,-1.566601e-05,3.877672e+00,-5.758656e-03,-4.332922e-04,-8.740535e-05,-1.943494e-03,2.681603e-05,-6.494061e+00,-6.305341e+00,1.524290e-01,-3.006355e+03,-1.130393e+04,6.774672e+02,2.776201e+06,2.578298e-03,1.549104e+00,-5.482782e-04,-2.616236e+01,4.101097e+03,4.616474e+00
1.700617e-03,1.281668e+04,2.241412e+04,-9.096625e-03,4.663428e-04,-1.402804e+01,1.023771e-01,9.774000e-07,1.668040e+01,0.000000e+00,0.000000e+00,8.523076e+02,0.000000e+00,0.000000e+00,0.000000e+00,0.000000e+00,0.000000e+00,0.000000e+00,0.000000e+00,0.000000e+00,0.000000e+00,0.000000e+00,0.000000e+00,0.000000e+00,0.000000e+00,0.000000e+00,0.000000e+00,0.000000e+00,0.000000e+00,0.000000e+00,0.000000e+00,0.000000e+00,0.000000e+00,0.000000e+00,0.000000e+00,0.000000e+00,0.000000e+00,0.000000e+00,0.000000e+00,0.000000e+00,0.000000e+00,0.000000e+00,0.000000e+00,0.000000e+00,0.000000e+00,0.000000e+00,0.000000e+00,0.000000e+00,0.000000e+00,1.281668e+04,7.447405e+03,4.144460e-03,-8.910242e-05,-4.012043e+00,1.136609e-03,0.000000e+00,0.000000e+00,0.000000e+00,0.000000e+00,0.000000e+00,0.000000e+00,0.000000e+00,0.000000e+00,0.000000e+00,0.000000e+00,0.000000e+00,0.000000e+00,0.000000e+00,0.000000e+00,0.000000e+00,0.000000e+00,0.000000e+00,0.000000e+00,0.000000e+00,0.000000e+00,0.000000e+00,-2.455330e+06,-1.439724e+03,-1.404386e+06,5.080347e-02,-5.371523e-04,-3.332264e+00,-3.922825e-02,-4.512024e-04,-6.023282e-02,8.247136e-04,-1.638090e-05,3.977653e+00,-5.977550e-03,-6.047162e-04,-1.369212e-04,-2.005649e-03,2.834540e-05,-6.523298e+00,-6.402210e+00,1.568737e-01,-2.978990e+03,-1.015416e+04,1.439776e+03,2.828576e+06,2.681086e-03,1.589190e+00,-5.739948e-04,5.434764e+01,4.143054e+03,-8.307843e+00
1.710391e-03,1.309184e+04,2.211712e+04,-8.905316e-03,4.209374e-04,-1.392768e+01,1.023771e-01,9.774000e-07,1.754383e+01,0.000000e+00,0.000000e+00,8.731019e+02,0.000000e+00,0.000000e+00,0.000000e+00,0.000000e+00,0.000000e+00,0.000000e+00,0.000000e+00,0.000000e+00,0.000000e+00,0.000000e+00,0.000000e+00,0.000000e+00,0.000000e+00,0.000000e+00,0.000000e+00,0.000000e+00,0.000000e+00,0.000000e+00,0.000000e+00,0.000000e+00,0.000000e+00,0.000000e+00,0.000000e+00,0.000000e+00,0.000000e+00,0.000000e+00,0.000000e+00,0.000000e+00,0.000000e+00,0.000000e+00,0.000000e+00,0.000000e+00,0.000000e+00,0.000000e+00,0.000000e+00,0.000000e+00,0.000000e+00,1.309184e+04,7.423742e+03,4.329797e-03,-1.036241e-04,-4.004210e+00,1.136610e-03,0.000000e+00,0.000000e+00,0.000000e+00,0.000000e+00,0.000000e+00,0.000000e+00,0.000000e+00,0.000000e+00,0.000000e+00,0.000000e+00,0.000000e+00,0.000000e+00,0.000000e+00,0.000000e+00,0.000000e+00,0.000000e+00,0.000000e+00,0.000000e+00,0.000000e+00,0.000000e+00,0.000000e+00,-2.499796e+06,-7.713902e+01,-1.430964e+06,5.209946e-02,-5.421276e-04,-3.422592e+00,-4.047046e-02,-4.581248e-04,-6.205103e-02,1.218601e-03,-1.709220e-05,4.077981e+00,-6.221053e-03,-5.577197e-04,-2.060100e-04,-2.068722e-03,2.992449e-05,-6.552265e+00,-6.493998e+00,1.619587e-01,-2.951113e+03,-9.301245e+03,7.713918e+01,2.880374e+06,2.865993e-03,1.629830e+00,-6.060974e-04,2.086805e+01,4.192206e+03,-1.190297e+00
1.720165e-03,1.336747e+04,2.181752e+04,-8.656103e-03,3.192341e-04,-1.382512e+01,1.023771e-01,9.774000e-07,1.844091e+01,0.000000e+00,0.000000e+00,8.973276e+02,0.000000e+00,0.000000e+00,0.000000e+00,0.000000e+00,0.000000e+00,0.000000e+00,0.000000e+00,0.000000e+00,0.000000e+00,0.000000e+00,0.000000e+00,0.000000e+00,0.000000e+00,0.000000e+00,0.000000e+00,0.000000e+00,0.000000e+00,0.000000e+00,0.000000e+00,0.000000e+00,0.000000e+00,0.000000e+00,0.000000e+00,0.000000e+00,0.000000e+00,0.000000e+00,0.000000e+00,0.000000e+00,0.000000e+00,0.000000e+00,0.000000e+00,0.000000e+00,0.000000e+00,0.000000e+00,0.000000e+00,0.000000e+00,0.000000e+00,1.336747e+04,7.400322e+03,4.573518e-03,-1.653014e-04,-3.996360e+00,1.136610e-03,0.000000e+00,0.000000e+00,0.000000e+00,0.000000e+00,0.000000e+00,0.000000e+00,0.000000e+00,0.000000e+00,0.000000e+00,0.000000e+00,0.000000e+00,0.000000e+00,0.000000e+00,0.000000e+00,0.000000e+00,0.000000e+00,0.000000e+00,0.000000e+00,0.000000e+00,0.000000e+00,0.000000e+00,-2.535349e+06,-1.006046e+03,-1.453460e+06,5.342505e-02,-5.536415e-04,-3.514573e+00,-4.177003e-02,-4.660090e-04,-6.391274e-02,1.556469e-03,-1.781975e-05,4.180769e+00,-6.552429e-03,-4.543521e-04,-2.665474e-04,-2.132670e-03,3.154688e-05,-6.580957e+00,-6.580329e+00,1.668647e-01,-2.922710e+03,-7.528172e+03,1.005971e+03,2.922410e+06,3.082962e-03,1.671016e+00,-6.378670e-04,-3.816669e+01,4.224161e+03,1.300710e+00
1.730916e-03,1.367424e+04,2.148578e+04,-8.392914e-03,3.874728e-04,-1.371070e+01,1.023772e-01,9.774000e-07,1.946600e+01,0.000000e+00,0.000000e+00,9.214160e+02,0.000000e+00,0.000000e+00,0.000000e+00,0.000000e+00,0.000000e+00,0.000000e+00,0.000000e+00,0.000000e+00,0.000000e+00,0.000000e+00,0.000000e+00,0.000000e+00,0.000000e+00,0.000000e+00,0.000000e+00,0.000000e+00,0.000000e+00,0.000000e+00,0.000000e+00,0.000000e+00,0.000000e+00,0.000000e+00,0.000000e+00,0.000000e+00,0.000000e+00,0.000000e+00,0.000000e+00,0.000000e+00,0.000000e+00,0.000000e+00,0.000000e+00,0.000000e+00,0.000000e+00,0.000000e+00,0.000000e+00,0.000000e+00,0.000000e+00,1.367424e+04,7.374825e+03,4.799355e-03,-1.669191e-04,-3.987874e+00,1.136610e-03,0.000000e+00,0.000000e+00,0.000000e+00,0.000000e+00,0.000000e+00,0.000000e+00,0.000000e+00,0.000000e+00,0.000000e+00,0.000000e+00,0.000000e+00,0.000000e+00,0.000000e+00,0.000000e+00,0.000000e+00,0.000000e+00,0.000000e+00,0.000000e+00,0.000000e+00,0.000000e+00,0.000000e+00,-2.611253e+06,2.963384e+02,-1.496491e+06,5.496159e-02,-5.587072e-04,-3.617899e+00,-4.327837e-02,-4.790420e-04,-6.601486e-02,1.892697e-03,-1.867746e-05,4.295316e+00,-6.918615e-03,-5.276374e-04,-3.282880e-04,-2.203956e-03,3.338991e-05,-6.612194e+00,-6.674911e+00,1.739406e-01,-2.890836e+03,-8.117020e+03,-2.965434e+02,3.009662e+06,3.132501e-03,1.716882e+00,-6.695953e-04,1.655751e+02,4.237333e+03,-1.170400e+01
1.740690e-03,1.395318e+04,2.118312e+04,-8.152539e-03,2.361072e-04,-1.360475e+01,1.023772e-01,9.774000e-07,2.043276e+01,0.000000e+00,0.000000e+00,9.439565e+02,0.000000e+00,0.000000e+00,0.000000e+00,0.000000e+00,0.000000e+00,0.000000e+00,0.000000e+00,0.000000e+00,0.000000e+00,0.000000e+00,0.000000e+00,0.000000e+00,0.000000e+00,0.000000e+00,0.000000e+00,0.000000e+00,0.000000e+00,0.000000e+00,0.000000e+00,0.000000e+00,0.000000e+00,0.000000e+00,0.000000e+00,0.000000e+00,0.000000e+00,0.000000e+00,0.000000e+00,0.000000e+00,0.000000e+00,0.000000e+00,0.000000e+00,0.000000e+00,0.000000e+00,0.000000e+00,0.000000e+00,0.000000e+00,0.000000e+00,1.395318e+04,7.352037e+03,4.974775e-03,-2.505416e-04,-3.980117e+00,1.136610e-03,0.000000e+00,0.000000e+00,0.000000e+00,0.000000e+00,0.000000e+00,0.000000e+00,0.000000e+00,0.000000e+00,0.000000e+00,0.000000e+00,0.000000e+00,0.000000e+00,0.000000e+00,0.000000e+00,0.000000e+00,0.000000e+00,0.000000e+00,0.000000e+00,0.000000e+00,0.000000e+00,0.000000e+00,-2.621655e+06,-3.672268e+02,-1.503224e+06,5.633881e-02,-5.845822e-04,-3.713203e+00,-4.469191e-02,-4.671400e-04,-6.795032e-02,2.278392e-03,-1.946603e-05,4.401332e+00,-7.231799e-03,-3.613328e-04,-4.008465e-04,-2.269588e-03,3.511395e-05,-6.640291e+00,-6.745244e+00,1.775205e-01,-2.861369e+03,-7.429337e+03,3.669122e+02,3.022036e+06,3.360249e-03,1.758980e+00,-7.011226e-04,-1.338114e+02,4.380033e+03,1.133138e+01
1.750464e-03,1.423062e+04,2.088132e+04,-7.721946e-03,2.847216e-05,-1.349771e+01,1.023772e-01,9.774000e-07,2.143993e+01,0.000000e+00,0.000000e+00,9.672040e+02,0.000000e+00,0.000000e+00,0.000000e+00,0.000000e+00,0.000000e+00,0.000000e+00,0.000000e+00,0.000000e+00,0.000000e+00,0.000000e+00,0.000000e+00,0.000000e+00,0.000000e+00,0.000000e+00,0.000000e+00,0.000000e+00,0.000000e+00,0.000000e+00,0.000000e+00,0.000000e+00,0.000000e+00,0.000000e+00,0.000000e+00,0.000000e+00,0.000000e+00,0.000000e+00,0.000000e+00,0.000000e+00,0.000000e+00,0.000000e+00,0.000000e+00,0.000000e+00,0.000000e+00,0.000000e+00,0.000000e+00,0.000000e+00,0.000000e+00,1.423062e+04,7.330458e+03,5.232401e-03,-4.311686e-04,-3.972496e+00,1.136610e-03,0.000000e+00,0.000000e+00,0.000000e+00,0.000000e+00,0.000000e+00,0.000000e+00,0.000000e+00,0.000000e+00,0.000000e+00,0.000000e+00,0.000000e+00,0.000000e+00,0.000000e+00,0.000000e+00,0.000000e+00,0.000000e+00,0.000000e+00,0.000000e+00,0.000000e+00,0.000000e+00,0.000000e+00,-2.679798e+06,-2.292826e+02,-1.538008e+06,5.774067e-02,-6.049605e-04,-3.810169e+00,-4.614466e-02,-4.590618e-04,-6.992108e-02,2.703109e-03,-2.023963e-05,4.508355e+00,-7.700803e-03,-1.681143e-04,-4.821927e-04,-2.335885e-03,3.688082e-05,-6.668097e+00,-6.813547e+00,1.815404e-01,-2.831442e+03,-6.288285e+03,2.288949e+02,3.089781e+06,3.141803e-03,1.801836e+00,-6.985029e-04,9.348863e+01,4.434917e+03,-1.310506e+01
1.760238e-03,1.450538e+04,2.058300e+04,-7.333444e-03,-1.558106e-04,-1.338938e+01,1.023772e-01,9.774000e-07,2.248149e+01,0.000000e+00,0.000000e+00,9.893687e+02,0.000000e+00,0.000000e+00,0.000000e+00,0.000000e+00,0.000000e+00,0.000000e+00,0.000000e+00,0.000000e+00,0.000000e+00,0.000000e+00,0.000000e+00,0.000000e+00,0.000000e+00,0.000000e+00,0.000000e+00,0.000000e+00,0.000000e+00,0.000000e+00,0.000000e+00,0.000000e+00,0.000000e+00,0.000000e+00,0.000000e+00,0.000000e+00,0.000000e+00,0.000000e+00,0.000000e+00,0.000000e+00,0.000000e+00,0.000000e+00,0.000000e+00,0.000000e+00,0.000000e+00,0.000000e+00,0.000000e+00,0.000000e+00,0.000000e+00,1.450538e+04,7.312298e+03,5.473314e-03,-5.655012e-04,-3.965324e+00,1.136610e-03,0.000000e+00,0.000000e+00,0.000000e+00,0.000000e+00,0.000000e+00,0.000000e+00,0.000000e+00,0.000000e+00,0.000000e+00,0.000000e+00,0.000000e+00,0.000000e+00,0.000000e+00,0.000000e+00,0.000000e+00,0.000000e+00,0.000000e+00,0.000000e+00,0.000000e+00,0.000000e+00,0.000000e+00,-2.722072e+06,1.276800e+02,-1.562478e+06,5.917291e-02,-5.769446e-04,-3.908768e+00,-4.766570e-02,-4.858834e-04,-7.193021e-02,2.999492e-03,-2.101981e-05,4.616726e+00,-8.247091e-03,2.881150e-05,-5.397238e-04,-2.402805e-03,3.867278e-05,-6.695609e+00,-6.871108e+00,1.821659e-01,-2.800985e+03,-6.151416e+03,-1.282110e+02,3.138626e+06,3.682892e-03,1.845122e+00,-7.506883e-04,6.432739e+00,4.462482e+03,-2.062817e+00
1.770012e-03,1.478569e+04,2.026387e+04,-7.797880e-03,-2.859556e-04,-1.327664e+01,1.023772e-01,9.774000e-07,2.356098e+01,0.000000e+00,0.000000e+00,1.063542e+03,0.000000e+00,0.000000e+00,0.000000e+00,0.000000e+00,0.000000e+00,0.000000e+00,0.000000e+00,0.000000e+00,0.000000e+00,0.000000e+00,0.000000e+00,0.000000e+00,0.000000e+00,0.000000e+00,0.000000e+00,0.000000e+00,0.000000e+00,0.000000e+00,0.000000e+00,0.000000e+00,0.000000e+00,0.000000e+00,0.000000e+00,0.000000e+00,0.000000e+00,0.000000e+00,0.000000e+00,0.000000e+00,0.000000e+00,0.000000e+00,0.000000e+00,0.000000e+00,0.000000e+00,0.000000e+00,0.000000e+00,0.000000e+00,0.000000e+00,1.478569e+04,7.282342e+03,5.194481e-03,-6.882763e-04,-3.956465e+00,1.136610e-03,0.000000e+00,0.000000e+00,0.000000e+00,0.000000e+00,0.000000e+00,0.000000e+00,0.000000e+00,0.000000e+00,0.000000e+00,0.000000e+00,0.000000e+00,0.000000e+00,0.000000e+00,0.000000e+00,0.000000e+00,0.000000e+00,0.000000e+00,0.000000e+00,0.000000e+00,0.000000e+00,0.000000e+00,-2.757174e+06,6.042739e+02,-1.584645e+06,6.063109e-02,-5.973845e-04,-4.008838e+00,-4.923128e-02,-4.510157e-04,-7.397369e-02,2.999130e-03,-2.177184e-05,4.729743e+00,-8.214338e-03,1.299441e-04,-5.397944e-04,-2.470270e-03,4.045153e-05,-6.722820e+00,-6.926089e+00,1.785054e-01,-2.770064e+03,-4.424117e+03,-6.048848e+02,3.180108e+06,3.507828e-03,1.888929e+00,-7.334417e-04,-6.562470e+01,4.512244e+03,3.840789e+00
1.780764e-03,1.512232e+04,1.993614e+04,-8.267294e-03,-2.033782e-04,-1.315101e+01,1.023773e-01,9.774000e-07,2.479895e+01,0.000000e+00,0.000000e+00,1.053185e+03,0.000000e+00,0.000000e+00,0.000000e+00,0.000000e+00,0.000000e+00,0.000000e+00,0.000000e+00,0.000000e+00,0.000000e+00,0.000000e+00,0.000000e+00,0.000000e+00,0.000000e+00,0.000000e+00,0.000000e+00,0.000000e+00,0.000000e+00,0.000000e+00,0.000000e+00,0.000000e+00,0.000000e+00,0.000000e+00,0.000000e+00,0.000000e+00,0.000000e+00,0.000000e+00,0.000000e+00,0.000000e+00,0.000000e+00,0.000000e+00,0.000000e+00,0.000000e+00,0.000000e+00,0.000000e+00,0.000000e+00,0.000000e+00,0.000000e+00,1.512232e+04,7.264236e+03,4.820995e-03,-6.337552e-04,-3.946286e+00,1.136610e-03,0.000000e+00,0.000000e+00,0.000000e+00,0.000000e+00,0.000000e+00,0.000000e+00,0.000000e+00,0.000000e+00,0.000000e+00,0.000000e+00,0.000000e+00,0.000000e+00,0.000000e+00,0.000000e+00,0.000000e+00,0.000000e+00,0.000000e+00,0.000000e+00,0.000000e+00,0.000000e+00,0.000000e+00,-2.814248e+06,5.545143e+02,-1.617011e+06,6.220592e-02,-5.612882e-04,-4.120693e+00,-5.098086e-02,-4.513817e-04,-7.625831e-02,2.998720e-03,-2.274239e-05,4.855436e+00,-8.342152e-03,5.146944e-05,-5.398724e-04,-2.544983e-03,4.232402e-05,-6.752400e+00,-6.969927e+00,1.682826e-01,-2.735521e+03,-4.826288e+03,-5.552902e+02,3.245719e+06,3.703268e-03,1.937936e+00,-7.531273e-04,5.674074e+01,4.592253e+03,-4.278567e+00
1.790537e-03,1.543006e+04,1.960821e+04,-8.198678e-03,-4.671529e-04,-1.303710e+01,1.023773e-01,9.774000e-07,2.596401e+01,0.000000e+00,0.000000e+00,1.071862e+03,0.000000e+00,0.000000e+00,0.000000e+00,0.000000e+00,0.000000e+00,0.000000e+00,0.000000e+00,0.000000e+00,0.000000e+00,0.000000e+00,0.000000e+00,0.000000e+00,0.000000e+00,0.000000e+00,0.000000e+00,0.000000e+00,0.000000e+00,0.000000e+00,0.000000e+00,0.000000e+00,0.000000e+00,0.000000e+00,0.000000e+00,0.000000e+00,0.000000e+00,0.000000e+00,0.000000e+00,0.000000e+00,0.000000e+00,0.000000e+00,0.000000e+00,0.000000e+00,0.000000e+00,0.000000e+00,0.000000e+00,0.000000e+00,0.000000e+00,1.543006e+04,7.229211e+03,4.742239e-03,-7.581082e-04,-3.937954e+00,1.136610e-03,0.000000e+00,0.000000e+00,0.000000e+00,0.000000e+00,0.000000e+00,0.000000e+00,0.000000e+00,0.000000e+00,0.000000e+00,0.000000e+00,0.000000e+00,0.000000e+00,0.000000e+00,0.000000e+00,0.000000e+00,0.000000e+00,0.000000e+00,0.000000e+00,0.000000e+00,0.000000e+00,0.000000e+00,-2.849239e+06,2.767450e+02,-1.637751e+06,6.367444e-02,-5.380861e-04,-4.223912e+00,-5.262740e-02,-4.345634e-04,-7.836543e-02,2.998352e-03,-2.381336e-05,4.969371e+00,-8.907950e-03,3.106354e-04,-5.399447e-04,-2.613302e-03,4.390883e-05,-6.778966e+00,-7.006386e+00,1.564229e-01,-2.703623e+03,-4.273911e+03,-2.776602e+02,3.286392e+06,3.853062e-03,1.982967e+00,-7.589959e-04,-1.998046e+01,4.636527e+03,1.377415e+00
1.800311e-03,1.571714e+04,1.929775e+04,-8.060625e-03,-6.187292e-04,-1.292229e+01,1.023773e-01,9.774000e-07,2.717544e+01,0.000000e+00,0.000000e+00,1.093794e+03,0.000000e+00,0.000000e+00,0.000000e+00,0.000000e+00,0.000000e+00,0.000000e+00,0.000000e+00,0.000000e+00,0.000000e+00,0.000000e+00,0.000000e+00,0.000000e+00,0.000000e+00,0.000000e+00,0.000000e+00,0.000000e+00,0.000000e+00,0.000000e+00,0.000000e+00,0.000000e+00,0.000000e+00,0.000000e+00,0.000000e+00,0.000000e+00,0.000000e+00,0.000000e+00,0.000000e+00,0.000000e+00,0.000000e+00,0.000000e+00,0.000000e+00,0.000000e+00,0.000000e+00,0.000000e+00,0.000000e+00,0.000000e+00,0.000000e+00,1.571714e+04,7.205091e+03,4.721047e-03,-8.454314e-04,-3.930260e+00,1.136610e-03,0.000000e+00,0.000000e+00,0.000000e+00,0.000000e+00,0.000000e+00,0.000000e+00,0.000000e+00,0.000000e+00,0.000000e+00,0.000000e+00,0.000000e+00,0.000000e+00,0.000000e+00,0.000000e+00,0.000000e+00,0.000000e+00,0.000000e+00,0.000000e+00,0.000000e+00,0.000000e+00,0.000000e+00,-2.898670e+06,5.900153e+02,-1.666548e+06,6.515742e-02,-4.926947e-04,-4.328796e+00,-5.429532e-02,-4.552714e-04,-8.050516e-02,2.997990e-03,-2.483824e-05,5.084275e+00,-9.541471e-03,4.638901e-04,-5.400156e-04,-2.681980e-03,4.540409e-05,-6.805217e+00,-7.043111e+00,1.502155e-01,-2.671227e+03,-3.950114e+03,-5.911063e+02,3.343599e+06,4.207257e-03,2.028704e+00,-7.855641e-04,1.019352e+02,4.733490e+03,-1.005032e+01
1.810085e-03,1.599222e+04,1.898341e+04,-8.062914e-03,-7.161992e-04,-1.280458e+01,1.023773e-01,9.774000e-07,2.843444e+01,0.000000e+00,0.000000e+00,1.132006e+03,0.000000e+00,0.000000e+00,0.000000e+00,0.000000e+00,0.000000e+00,0.000000e+00,0.000000e+00,0.000000e+00,0.000000e+00,0.000000e+00,0.000000e+00,0.000000e+00,0.000000e+00,0.000000e+00,0.000000e+00,0.000000e+00,0.000000e+00,0.000000e+00,0.000000e+00,0.000000e+00,0.000000e+00,0.000000e+00,0.000000e+00,0.000000e+00,0.000000e+00,0.000000e+00,0.000000e+00,0.000000e+00,0.000000e+00,0.000000e+00,0.000000e+00,0.000000e+00,0.000000e+00,0.000000e+00,0.000000e+00,0.000000e+00,0.000000e+00,1.599222e+04,7.181195e+03,4.671000e-03,-9.453697e-04,-3.922357e+00,1.136610e-03,0.000000e+00,0.000000e+00,0.000000e+00,0.000000e+00,0.000000e+00,0.000000e+00,0.000000e+00,0.000000e+00,0.000000e+00,0.000000e+00,0.000000e+00,0.000000e+00,0.000000e+00,0.000000e+00,0.000000e+00,0.000000e+00,0.000000e+00,0.000000e+00,0.000000e+00,0.000000e+00,0.000000e+00,-2.946453e+06,-7.369081e+02,-1.692913e+06,6.668592e-02,-4.636431e-04,-4.435415e+00,-5.598832e-02,-4.808565e-04,-8.267798e-02,2.997612e-03,-2.576603e-05,5.202347e+00,-1.000747e-02,5.268197e-04,-5.400870e-04,-2.751051e-03,4.686394e-05,-6.831149e+00,-7.086958e+00,1.490670e-01,-2.638292e+03,-4.906273e+03,7.356768e+02,3.398164e+06,4.772243e-03,2.075198e+00,-8.312098e-04,2.755758e+01,4.773982e+03,-3.217739e+00
1.820837e-03,1.631977e+04,1.863946e+04,-8.293225e-03,-3.980858e-04,-1.267192e+01,1.023773e-01,9.774000e-07,2.986918e+01,0.000000e+00,0.000000e+00,1.146626e+03,0.000000e+00,0.000000e+00,0.000000e+00,0.000000e+00,0.000000e+00,0.000000e+00,0.000000e+00,0.000000e+00,0.000000e+00,0.000000e+00,0.000000e+00,0.000000e+00,0.000000e+00,0.000000e+00,0.000000e+00,0.000000e+00,0.000000e+00,0.000000e+00,0.000000e+00,0.000000e+00,0.000000e+00,0.000000e+00,0.000000e+00,0.000000e+00,0.000000e+00,0.000000e+00,0.000000e+00,0.000000e+00,0.000000e+00,0.000000e+00,0.000000e+00,0.000000e+00,0.000000e+00,0.000000e+00,0.000000e+00,0.000000e+00,0.000000e+00,1.631977e+04,7.154990e+03,4.443449e-03,-8.126199e-04,-3.912577e+00,1.136610e-03,0.000000e+00,0.000000e+00,0.000000e+00,0.000000e+00,0.000000e+00,0.000000e+00,0.000000e+00,0.000000e+00,0.000000e+00,0.000000e+00,0.000000e+00,0.000000e+00,0.000000e+00,0.000000e+00,0.000000e+00,0.000000e+00,0.000000e+00,0.000000e+00,0.000000e+00,0.000000e+00,0.000000e+00,-3.004961e+06,1.061791e+03,-1.727562e+06,6.840760e-02,-4.480607e-04,-4.554674e+00,-5.789888e-02,-5.117038e-04,-8.510997e-02,2.997200e-03,-2.672765e-05,5.334954e+00,-1.037464e-02,2.726729e-04,-5.401668e-04,-2.827534e-03,4.850805e-05,-6.859299e+00,-7.136477e+00,1.567363e-01,-2.601455e+03,-4.030758e+03,-1.063224e+03,3.466157e+06,5.154250e-03,2.126910e+00,-8.636424e-04,1.013588e+02,4.889362e+03,-5.026083e+00
1.830611e-03,1.661043e+04,1.832426e+04,-8.201177e-03,-6.059345e-04,-1.255197e+01,1.023774e-01,9.774000e-07,3.122548e+01,0.000000e+00,0.000000e+00,1.169680e+03,0.000000e+00,0.000000e+00,0.000000e+00,0.000000e+00,0.000000e+00,0.000000e+00,0.000000e+00,0.000000e+00,0.000000e+00,0.000000e+00,0.000000e+00,0.000000e+00,0.000000e+00,0.000000e+00,0.000000e+00,0.000000e+00,0.000000e+00,0.000000e+00,0.000000e+00,0.000000e+00,0.000000e+00,0.000000e+00,0.000000e+00,0.000000e+00,0.000000e+00,0.000000e+00,0.000000e+00,0.000000e+00,0.000000e+00,0.000000e+00,0.000000e+00,0.000000e+00,0.000000e+00,0.000000e+00,0.000000e+00,0.000000e+00,0.000000e+00,1.661043e+04,7.130070e+03,4.417349e-03,-9.200305e-04,-3.905366e+00,1.136610e-03,0.000000e+00,0.000000e+00,0.000000e+00,0.000000e+00,0.000000e+00,0.000000e+00,0.000000e+00,0.000000e+00,0.000000e+00,0.000000e+00,0.000000e+00,0.000000e+00,0.000000e+00,0.000000e+00,0.000000e+00,0.000000e+00,0.000000e+00,0.000000e+00,0.000000e+00,0.000000e+00,0.000000e+00,-3.055423e+06,-1.105101e+03,-1.756905e+06,7.000037e-02,-4.243244e-04,-4.664922e+00,-5.967142e-02,-5.312384e-04,-8.736061e-02,2.996810e-03,-2.786627e-05,5.455060e+00,-1.099569e-02,4.547345e-04,-5.402431e-04,-2.897515e-03,5.001670e-05,-6.884543e+00,-7.179868e+00,1.548573e-01,-2.567396e+03,-3.736470e+03,1.103494e+03,3.524530e+06,5.528925e-03,2.174692e+00,-8.613628e-04,-2.602253e+00,4.941319e+03,2.506908e+00
1.840385e-03,1.689076e+04,1.800849e+04,-8.135758e-03,-5.482034e-04,-1.242887e+01,1.023774e-01,9.774000e-07,3.262738e+01,0.000000e+00,0.000000e+00,1.203537e+03,0.000000e+00,0.000000e+00,0.000000e+00,0.000000e+00,0.000000e+00,0.000000e+00,0.000000e+00,0.000000e+00,0.000000e+00,0.000000e+00,0.000000e+00,0.000000e+00,0.000000e+00,0.000000e+00,0.000000e+00,0.000000e+00,0.000000e+00,0.000000e+00,0.000000e+00,0.000000e+00,0.000000e+00,0.000000e+00,0.000000e+00,0.000000e+00,0.000000e+00,0.000000e+00,0.000000e+00,0.000000e+00,0.000000e+00,0.000000e+00,0.000000e+00,0.000000e+00,0.000000e+00,0.000000e+00,0.000000e+00,0.000000e+00,0.000000e+00,1.689076e+04,7.106048e+03,4.377631e-03,-9.642998e-04,-3.897617e+00,1.136610e-03,0.000000e+00,0.000000e+00,0.000000e+00,0.000000e+00,0.000000e+00,0.000000e+00,0.000000e+00,0.000000e+00,0.000000e+00,0.000000e+00,0.000000e+00,0.000000e+00,0.000000e+00,0.000000e+00,0.000000e+00,0.000000e+00,0.000000e+00,0.000000e+00,0.000000e+00,0.000000e+00,0.000000e+00,-3.087325e+06,-2.832286e+03,-1.773265e+06,7.162453e-02,-4.612193e-04,-4.776732e+00,-6.147582e-02,-5.427648e-04,-8.964198e-02,2.996399e-03,-2.872509e-05,5.578482e+00,-1.157277e-02,3.710974e-04,-5.403192e-04,-2.967898e-03,5.159885e-05,-6.909451e+00,-7.220791e+00,1.691886e-01,-2.532830e+03,-5.417271e+03,2.830423e+03,3.560339e+06,5.787447e-03,2.223009e+00,-8.852951e-04,1.214559e+01,4.976689e+03,-3.760927e+00
1.850159e-03,1.718570e+04,1.769555e+04,-7.943843e-03,-6.629103e-04,-1.230371e+01,1.023774e-01,9.774000e-07,3.407707e+01,0.000000e+00,0.000000e+00,1.219838e+03,0.000000e+00,0.000000e+00,0.000000e+00,0.000000e+00,0.000000e+00,0.000000e+00,0.000000e+00,0.000000e+00,0.000000e+00,0.000000e+00,0.000000e+00,0.000000e+00,0.000000e+00,0.000000e+00,0.000000e+00,0.000000e+00,0.000000e+00,0.000000e+00,0.000000e+00,0.000000e+00,0.000000e+00,0.000000e+00,0.000000e+00,0.000000e+00,0.000000e+00,0.000000e+00,0.000000e+00,0.000000e+00,0.000000e+00,0.000000e+00,0.000000e+00,0.000000e+00,0.000000e+00,0.000000e+00,0.000000e+00,0.000000e+00,0.000000e+00,1.718570e+04,7.083183e+03,4.422395e-03,-1.055348e-03,-3.889032e+00,1.136610e-03,0.000000e+00,0.000000e+00,0.000000e+00,0.000000e+00,0.000000e+00,0.000000e+00,0.000000e+00,0.000000e+00,0.000000e+00,0.000000e+00,0.000000e+00,0.000000e+00,0.000000e+00,0.000000e+00,0.000000e+00,0.000000e+00,0.000000e+00,0.000000e+00,0.000000e+00,0.000000e+00,0.000000e+00,-3.129393e+06,-8.445873e+02,-1.799234e+06,7.327427e-02,-4.597544e-04,-4.890020e+00,-6.331285e-02,-5.554615e-04,-9.194890e-02,2.996011e-03,-2.969123e-05,5.703531e+00,-1.229983e-02,5.127938e-04,-5.403948e-04,-3.038703e-03,5.329817e-05,-6.934019e+00,-7.263699e+00,1.758134e-01,-2.497820e+03,-3.847052e+03,8.424789e+02,3.609754e+06,5.937990e-03,2.271886e+00,-8.740944e-04,7.032610e+01,5.030110e+03,-5.149300e+00
1.860910e-03,1.749854e+04,1.735220e+04,-7.785175e-03,-8.181422e-04,-1.216610e+01,1.023774e-01,9.774000e-07,3.573056e+01,0.000000e+00,0.000000e+00,1.248378e+03,0.000000e+00,0.000000e+00,0.000000e+00,0.000000e+00,0.000000e+00,0.000000e+00,0.000000e+00,0.000000e+00,0.000000e+00,0.000000e+00,0.000000e+00,0.000000e+00,0.000000e+00,0.000000e+00,0.000000e+00,0.000000e+00,0.000000e+00,0.000000e+00,0.000000e+00,0.000000e+00,0.000000e+00,0.000000e+00,0.000000e+00,0.000000e+00,0.000000e+00,0.000000e+00,0.000000e+00,0.000000e+00,0.000000e+00,0.000000e+00,0.000000e+00,0.000000e+00,0.000000e+00,0.000000e+00,0.000000e+00,0.000000e+00,0.000000e+00,1.749854e+04,7.058190e+03,4.430646e-03,-1.206005e-03,-3.880863e+00,1.136610e-03,0.000000e+00,0.000000e+00,0.000000e+00,0.000000e+00,0.000000e+00,0.000000e+00,0.000000e+00,0.000000e+00,0.000000e+00,0.000000e+00,0.000000e+00,0.000000e+00,0.000000e+00,0.000000e+00,0.000000e+00,0.000000e+00,0.000000e+00,0.000000e+00,0.000000e+00,0.000000e+00,0.000000e+00,-3.172753e+06,-1.427454e+03,-1.824196e+06,7.510535e-02,-4.812877e-04,-5.016400e+00,-6.536292e-02,-5.635318e-04,-9.451864e-02,2.995560e-03,-3.086679e-05,5.841337e+00,-1.303709e-02,6.584343e-04,-5.404794e-04,-3.117039e-03,5.525058e-05,-6.960646e+00,-7.305464e+00,1.854299e-01,-2.458762e+03,-3.781354e+03,1.425151e+03,3.659787e+06,6.215130e-03,2.326367e+00,-8.796498e-04,8.110244e+00,5.118901e+03,-3.420757e-01
1.870684e-03,1.778467e+04,1.703950e+04,-7.812632e-03,-6.449127e-04,-1.203739e+01,1.023774e-01,9.774000e-07,3.728876e+01,0.000000e+00,0.000000e+00,1.273058e+03,0.000000e+00,0.000000e+00,0.000000e+00,0.000000e+00,0.000000e+00,0.000000e+00,0.000000e+00,0.000000e+00,0.000000e+00,0.000000e+00,0.000000e+00,0.000000e+00,0.000000e+00,0.000000e+00,0.000000e+00,0.000000e+00,0.000000e+00,0.000000e+00,0.000000e+00,0.000000e+00,0.000000e+00,0.000000e+00,0.000000e+00,0.000000e+00,0.000000e+00,0.000000e+00,0.000000e+00,0.000000e+00,0.000000e+00,0.000000e+00,0.000000e+00,0.000000e+00,0.000000e+00,0.000000e+00,0.000000e+00,0.000000e+00,0.000000e+00,1.778467e+04,7.034604e+03,4.300542e-03,-1.115506e-03,-3.872127e+00,1.136610e-03,0.000000e+00,0.000000e+00,0.000000e+00,0.000000e+00,0.000000e+00,0.000000e+00,0.000000e+00,0.000000e+00,0.000000e+00,0.000000e+00,0.000000e+00,0.000000e+00,0.000000e+00,0.000000e+00,0.000000e+00,0.000000e+00,0.000000e+00,0.000000e+00,0.000000e+00,0.000000e+00,0.000000e+00,-3.212764e+06,-8.222413e+02,-1.848640e+06,7.678429e-02,-4.883194e-04,-5.132771e+00,-6.724460e-02,-5.711415e-04,-9.687964e-02,2.995131e-03,-3.177264e-05,5.970136e+00,-1.356948e-02,5.064525e-04,-5.405603e-04,-3.188640e-03,5.710780e-05,-6.984485e+00,-7.343807e+00,1.915844e-01,-2.422799e+03,-2.496883e+03,8.196715e+02,3.706658e+06,6.349249e-03,2.376587e+00,-8.654715e-04,6.003858e+01,5.155979e+03,-3.797791e+00
1.880458e-03,1.806931e+04,1.672733e+04,-7.505124e-03,-8.137521e-04,-1.190842e+01,1.023774e-01,9.774000e-07,3.890223e+01,0.000000e+00,0.000000e+00,1.298684e+03,0.000000e+00,0.000000e+00,0.000000e+00,0.000000e+00,0.000000e+00,0.000000e+00,0.000000e+00,0.000000e+00,0.000000e+00,0.000000e+00,0.000000e+00,0.000000e+00,0.000000e+00,0.000000e+00,0.000000e+00,0.000000e+00,0.000000e+00,0.000000e+00,0.000000e+00,0.000000e+00,0.000000e+00,0.000000e+00,0.000000e+00,0.000000e+00,0.000000e+00,0.000000e+00,0.000000e+00,0.000000e+00,0.000000e+00,0.000000e+00,0.000000e+00,0.000000e+00,0.000000e+00,0.000000e+00,0.000000e+00,0.000000e+00,0.000000e+00,1.806931e+04,7.010875e+03,4.384764e-03,-1.250072e-03,-3.864021e+00,1.136610e-03,0.000000e+00,0.000000e+00,0.000000e+00,0.000000e+00,0.000000e+00,0.000000e+00,0.000000e+00,0.000000e+00,0.000000e+00,0.000000e+00,0.000000e+00,0.000000e+00,0.000000e+00,0.000000e+00,0.000000e+00,0.000000e+00,0.000000e+00,0.000000e+00,0.000000e+00,0.000000e+00,0.000000e+00,-3.254198e+06,5.038640e+02,-1.871093e+06,7.847062e-02,-4.887258e-04,-5.250611e+00,-6.913498e-02,-5.895896e-04,-9.926277e-02,2.994700e-03,-3.294634e-05,6.099180e+00,-1.441880e-02,6.678640e-04,-5.406444e-04,-3.260600e-03,5.902953e-05,-7.007970e+00,-7.380090e+00,1.997727e-01,-2.386385e+03,-3.643232e+03,-5.067456e+02,3.753769e+06,6.744516e-03,2.427461e+00,-8.892564e-04,2.270039e+01,5.262577e+03,1.460790e+00
1.890232e-03,1.835034e+04,1.641652e+04,-7.485241e-03,-7.072946e-04,-1.177697e+01,1.023774e-01,9.774000e-07,4.057267e+01,0.000000e+00,0.000000e+00,1.326368e+03,0.000000e+00,0.000000e+00,0.000000e+00,0.000000e+00,0.000000e+00,0.000000e+00,0.000000e+00,0.000000e+00,0.000000e+00,0.000000e+00,0.000000e+00,0.000000e+00,0.000000e+00,0.000000e+00,0.000000e+00,0.000000e+00,0.000000e+00,0.000000e+00,0.000000e+00,0.000000e+00,0.000000e+00,0.000000e+00,0.000000e+00,0.000000e+00,0.000000e+00,0.000000e+00,0.000000e+00,0.000000e+00,0.000000e+00,0.000000e+00,0.000000e+00,0.000000e+00,0.000000e+00,0.000000e+00,0.000000e+00,0.000000e+00,0.000000e+00,1.835034e+04,6.987468e+03,4.311871e-03,-1.196276e-03,-3.855316e+00,1.136610e-03,0.000000e+00,0.000000e+00,0.000000e+00,0.000000e+00,0.000000e+00,0.000000e+00,0.000000e+00,0.000000e+00,0.000000e+00,0.000000e+00,0.000000e+00,0.000000e+00,0.000000e+00,0.000000e+00,0.000000e+00,0.000000e+00,0.000000e+00,0.000000e+00,0.000000e+00,0.000000e+00,0.000000e+00,-3.288564e+06,-1.076976e+03,-1.890485e+06,8.017147e-02,-4.901233e-04,-5.369869e+00,-7.104058e-02,-5.982306e-04,-1.016674e-01,2.994272e-03,-3.393759e-05,6.230752e+00,-1.499254e-02,5.636133e-04,-5.407258e-04,-3.332932e-03,6.099934e-05,-7.031096e+00,-7.417674e+00,2.024610e-01,-2.349527e+03,-3.909277e+03,1.073806e+03,3.793227e+06,6.997221e-03,2.479058e+00,-8.875157e-04,1.677791e+01,5.316729e+03,-5.910097e-01
1.900006e-03,1.863142e+04,1.610746e+04,-7.193863e-03,-8.305535e-04,-1.164469e+01,1.023774e-01,9.774000e-07,4.229943e+01,0.000000e+00,0.000000e+00,1.352216e+03,0.000000e+00,0.000000e+00,0.000000e+00,0.000000e+00,0.000000e+00,0.000000e+00,0.000000e+00,0.000000e+00,0.000000e+00,0.000000e+00,0.000000e+00,0.000000e+00,0.000000e+00,0.000000e+00,0.000000e+00,0.000000e+00,0.000000e+00,0.000000e+00,0.000000e+00,0.000000e+00,0.000000e+00,0.000000e+00,0.000000e+00,0.000000e+00,0.000000e+00,0.000000e+00,0.000000e+00,0.000000e+00,0.000000e+00,0.000000e+00,0.000000e+00,0.000000e+00,0.000000e+00,0.000000e+00,0.000000e+00,0.000000e+00,0.000000e+00,1.863142e+04,6.964587e+03,4.399866e-03,-1.283823e-03,-3.846920e+00,1.136610e-03,0.000000e+00,0.000000e+00,0.000000e+00,0.000000e+00,0.000000e+00,0.000000e+00,0.000000e+00,0.000000e+00,0.000000e+00,0.000000e+00,0.000000e+00,0.000000e+00,0.000000e+00,0.000000e+00,0.000000e+00,0.000000e+00,0.000000e+00,0.000000e+00,0.000000e+00,0.000000e+00,0.000000e+00,-3.330362e+06,8.842132e+01,-1.914404e+06,8.189270e-02,-4.866699e-04,-5.490601e+00,-7.296814e-02,-6.131775e-04,-1.040928e-01,2.993860e-03,-3.502326e-05,6.363102e+00,-1.585501e-02,6.927157e-04,-5.408082e-04,-3.405640e-03,6.300888e-05,-7.053861e+00,-7.456014e+00,2.081844e-01,-2.312224e+03,-3.960428e+03,-9.187639e+01,3.841385e+06,7.346968e-03,2.531288e+00,-9.109896e-04,1.378927e+01,5.375761e+03,2.590580e+00
1.910758e-03,1.893464e+04,1.576982e+04,-7.045008e-03,-7.704395e-04,-1.149681e+01,1.023774e-01,9.774000e-07,4.426531e+01,0.000000e+00,0.000000e+00,1.384113e+03,0.000000e+00,0.000000e+00,0.000000e+00,0.000000e+00,0.000000e+00,0.000000e+00,0.000000e+00,0.000000e+00,0.000000e+00,0.000000e+00,0.000000e+00,0.000000e+00,0.000000e+00,0.000000e+00,0.000000e+00,0.000000e+00,0.000000e+00,0.000000e+00,0.000000e+00,0.000000e+00,0.000000e+00,0.000000e+00,0.000000e+00,0.000000e+00,0.000000e+00,0.000000e+00,0.000000e+00,0.000000e+00,0.000000e+00,0.000000e+00,0.000000e+00,0.000000e+00,0.000000e+00,0.000000e+00,0.000000e+00,0.000000e+00,0.000000e+00,1.893464e+04,6.939958e+03,4.411409e-03,-1.263103e-03,-3.837323e+00,1.136610e-03,0.000000e+00,0.000000e+00,0.000000e+00,0.000000e+00,0.000000e+00,0.000000e+00,0.000000e+00,0.000000e+00,0.000000e+00,0.000000e+00,0.000000e+00,0.000000e+00,0.000000e+00,0.000000e+00,0.000000e+00,0.000000e+00,0.000000e+00,0.000000e+00,0.000000e+00,0.000000e+00,0.000000e+00,-3.372976e+06,-1.654451e+02,-1.938125e+06,8.380634e-02,-4.722207e-04,-5.625093e+00,-7.510860e-02,-6.338845e-04,-1.067834e-01,2.993377e-03,-3.625688e-05,6.511106e+00,-1.661861e-02,6.278267e-04,-5.409018e-04,-3.486049e-03,6.525724e-05,-7.078477e+00,-7.497604e+00,2.113487e-01,-2.270668e+03,-4.574138e+03,1.616434e+02,3.890151e+06,7.726449e-03,2.589461e+00,-9.267818e-04,3.631434e+01,5.457478e+03,-2.411682e+00
1.920532e-03,1.920942e+04,1.546500e+04,-6.765032e-03,-8.202535e-04,-1.136121e+01,1.023775e-01,9.774000e-07,4.611335e+01,0.000000e+00,0.000000e+00,1.411821e+03,0.000000e+00,0.000000e+00,0.000000e+00,0.000000e+00,0.000000e+00,0.000000e+00,0.000000e+00,0.000000e+00,0.000000e+00,0.000000e+00,0.000000e+00,0.000000e+00,0.000000e+00,0.000000e+00,0.000000e+00,0.000000e+00,0.000000e+00,0.000000e+00,0.000000e+00,0.000000e+00,0.000000e+00,0.000000e+00,0.000000e+00,0.000000e+00,0.000000e+00,0.000000e+00,0.000000e+00,0.000000e+00,0.000000e+00,0.000000e+00,0.000000e+00,0.000000e+00,0.000000e+00,0.000000e+00,0.000000e+00,0.000000e+00,0.000000e+00,1.920942e+04,6.917969e+03,4.509295e-03,-1.297462e-03,-3.828746e+00,1.136610e-03,0.000000e+00,0.000000e+00,0.000000e+00,0.000000e+00,0.000000e+00,0.000000e+00,0.000000e+00,0.000000e+00,0.000000e+00,0.000000e+00,0.000000e+00,0.000000e+00,0.000000e+00,0.000000e+00,0.000000e+00,0.000000e+00,0.000000e+00,0.000000e+00,0.000000e+00,0.000000e+00,0.000000e+00,-3.412296e+06,-6.225147e+02,-1.961546e+06,8.556880e-02,-4.626116e-04,-5.748847e+00,-7.707781e-02,-6.532737e-04,-1.092485e-01,2.992925e-03,-3.730356e-05,6.646769e+00,-1.748450e-02,6.873096e-04,-5.409886e-04,-3.559542e-03,6.733723e-05,-7.100465e+00,-7.536646e+00,2.153064e-01,-2.232433e+03,-3.810540e+03,6.183715e+02,3.935914e+06,8.097075e-03,2.642994e+00,-9.530016e-04,5.645012e+01,5.503825e+03,-4.845994e+00
1.930306e-03,1.947838e+04,1.516204e+04,-6.477898e-03,-7.943142e-04,-1.122357e+01,1.023775e-01,9.774000e-07,4.802266e+01,0.000000e+00,0.000000e+00,1.443226e+03,0.000000e+00,0.000000e+00,0.000000e+00,0.000000e+00,0.000000e+00,0.000000e+00,0.000000e+00,0.000000e+00,0.000000e+00,0.000000e+00,0.000000e+00,0.000000e+00,0.000000e+00,0.000000e+00,0.000000e+00,0.000000e+00,0.000000e+00,0.000000e+00,0.000000e+00,0.000000e+00,0.000000e+00,0.000000e+00,0.000000e+00,0.000000e+00,0.000000e+00,0.000000e+00,0.000000e+00,0.000000e+00,0.000000e+00,0.000000e+00,0.000000e+00,0.000000e+00,0.000000e+00,0.000000e+00,0.000000e+00,0.000000e+00,0.000000e+00,1.947838e+04,6.896200e+03,4.629100e-03,-1.289512e-03,-3.819900e+00,1.136610e-03,0.000000e+00,0.000000e+00,0.000000e+00,0.000000e+00,0.000000e+00,0.000000e+00,0.000000e+00,0.000000e+00,0.000000e+00,0.000000e+00,0.000000e+00,0.000000e+00,0.000000e+00,0.000000e+00,0.000000e+00,0.000000e+00,0.000000e+00,0.000000e+00,0.000000e+00,0.000000e+00,0.000000e+00,-3.454834e+06,-1.206208e+03,-1.985263e+06,8.735010e-02,-4.521335e-04,-5.874073e+00,-7.906479e-02,-6.667607e-04,-1.117330e-01,2.992483e-03,-3.865383e-05,6.784560e+00,-1.835177e-02,6.597475e-04,-5.410727e-04,-3.633416e-03,6.945358e-05,-7.122077e+00,-7.577023e+00,2.173859e-01,-2.193750e+03,-4.390791e+03,1.201643e+03,3.984611e+06,8.427490e-03,2.697171e+00,-9.693038e-04,5.935252e+01,5.584566e+03,-6.029561e+00
1.940080e-03,1.974614e+04,1.486131e+04,-6.055821e-03,-8.053608e-04,-1.108429e+01,1.023775e-01,9.774000e-07,4.999532e+01,0.000000e+00,0.000000e+00,1.473715e+03,0.000000e+00,0.000000e+00,0.000000e+00,0.000000e+00,0.000000e+00,0.000000e+00,0.000000e+00,0.000000e+00,0.000000e+00,0.000000e+00,0.000000e+00,0.000000e+00,0.000000e+00,0.000000e+00,0.000000e+00,0.000000e+00,0.000000e+00,0.000000e+00,0.000000e+00,0.000000e+00,0.000000e+00,0.000000e+00,0.000000e+00,0.000000e+00,0.000000e+00,0.000000e+00,0.000000e+00,0.000000e+00,0.000000e+00,0.000000e+00,0.000000e+00,0.000000e+00,0.000000e+00,0.000000e+00,0.000000e+00,0.000000e+00,0.000000e+00,1.974614e+04,6.874589e+03,4.875178e-03,-1.306608e-03,-3.810781e+00,1.136610e-03,0.000000e+00,0.000000e+00,0.000000e+00,0.000000e+00,0.000000e+00,0.000000e+00,0.000000e+00,0.000000e+00,0.000000e+00,0.000000e+00,0.000000e+00,0.000000e+00,0.000000e+00,0.000000e+00,0.000000e+00,0.000000e+00,0.000000e+00,0.000000e+00,0.000000e+00,0.000000e+00,0.000000e+00,-3.490644e+06,-3.625215e+02,-2.005232e+06,8.915425e-02,-4.436283e-04,-6.000691e+00,-8.105994e-02,-6.872307e-04,-1.142328e-01,2.992021e-03,-4.043739e-05,6.923911e+00,-1.937156e-02,6.805659e-04,-5.411626e-04,-3.707712e-03,7.161631e-05,-7.143309e+00,-7.622632e+00,2.235201e-01,-2.154633e+03,-4.856989e+03,3.576106e+02,4.025608e+06,8.862283e-03,2.752033e+00,-1.007213e-03,3.066676e+01,5.651647e+03,-1.696562e+00
1.950831e-03,2.003412e+04,1.453338e+04,-5.651647e-03,-7.796369e-04,-1.092982e+01,1.023775e-01,9.774000e-07,5.223977e+01,0.000000e+00,0.000000e+00,1.510686e+03,0.000000e+00,0.000000e+00,0.000000e+00,0.000000e+00,0.000000e+00,0.000000e+00,0.000000e+00,0.000000e+00,0.000000e+00,0.000000e+00,0.000000e+00,0.000000e+00,0.000000e+00,0.000000e+00,0.000000e+00,0.000000e+00,0.000000e+00,0.000000e+00,0.000000e+00,0.000000e+00,0.000000e+00,0.000000e+00,0.000000e+00,0.000000e+00,0.000000e+00,0.000000e+00,0.000000e+00,0.000000e+00,0.000000e+00,0.000000e+00,0.000000e+00,0.000000e+00,0.000000e+00,0.000000e+00,0.000000e+00,0.000000e+00,0.000000e+00,2.003412e+04,6.851005e+03,5.163621e-03,-1.303283e-03,-3.800941e+00,1.136610e-03,0.000000e+00,0.000000e+00,0.000000e+00,0.000000e+00,0.000000e+00,0.000000e+00,0.000000e+00,0.000000e+00,0.000000e+00,0.000000e+00,0.000000e+00,0.000000e+00,0.000000e+00,0.000000e+00,0.000000e+00,0.000000e+00,0.000000e+00,0.000000e+00,0.000000e+00,0.000000e+00,0.000000e+00,-3.534389e+06,-4.367732e+02,-2.029600e+06,9.116133e-02,-4.335531e-04,-6.141599e+00,-8.326767e-02,-7.105742e-04,-1.169997e-01,2.991527e-03,-4.394995e-05,7.078452e+00,-2.041368e-02,6.528855e-04,-5.412586e-04,-3.789981e-03,7.405403e-05,-7.166220e+00,-7.677032e+00,2.294271e-01,-2.111111e+03,-5.455936e+03,4.313737e+02,4.075678e+06,9.297507e-03,2.813151e+00,-1.042549e-03,3.478596e+01,5.729706e+03,-1.936087e+00
1.960605e-03,2.029228e+04,1.423806e+04,-5.275305e-03,-7.755424e-04,-1.078801e+01,1.023775e-01,9.774000e-07,5.435183e+01,0.000000e+00,0.000000e+00,1.544971e+03,0.000000e+00,0.000000e+00,0.000000e+00,0.000000e+00,0.000000e+00,0.000000e+00,0.000000e+00,0.000000e+00,0.000000e+00,0.000000e+00,0.000000e+00,0.000000e+00,0.000000e+00,0.000000e+00,0.000000e+00,0.000000e+00,0.000000e+00,0.000000e+00,0.000000e+00,0.000000e+00,0.000000e+00,0.000000e+00,0.000000e+00,0.000000e+00,0.000000e+00,0.000000e+00,0.000000e+00,0.000000e+00,0.000000e+00,0.000000e+00,0.000000e+00,0.000000e+00,0.000000e+00,0.000000e+00,0.000000e+00,0.000000e+00,0.000000e+00,2.029228e+04,6.829841e+03,5.419018e-03,-1.310296e-03,-3.792117e+00,1.136609e-03,0.000000e+00,0.000000e+00,0.000000e+00,0.000000e+00,0.000000e+00,0.000000e+00,0.000000e+00,0.000000e+00,0.000000e+00,0.000000e+00,0.000000e+00,0.000000e+00,0.000000e+00,0.000000e+00,0.000000e+00,0.000000e+00,0.000000e+00,0.000000e+00,0.000000e+00,0.000000e+00,0.000000e+00,-3.571160e+06,-2.403405e+02,-2.050356e+06,9.300273e-02,-4.225072e-04,-6.271163e+00,-8.527844e-02,-7.397377e-04,-1.195299e-01,2.991047e-03,-4.927279e-05,7.220357e+00,-2.140195e-02,6.571895e-04,-5.413468e-04,-3.865313e-03,7.633265e-05,-7.186639e+00,-7.732543e+00,2.368917e-01,-2.071095e+03,-5.709689e+03,2.344923e+02,4.117901e+06,9.774216e-03,2.869476e+00,-1.086913e-03,3.802853e+01,5.801178e+03,-2.975296e+00
1.970379e-03,2.054491e+04,1.394522e+04,-4.788522e-03,-7.677646e-04,-1.064460e+01,1.023775e-01,9.774000e-07,5.653269e+01,0.000000e+00,0.000000e+00,1.582251e+03,0.000000e+00,0.000000e+00,0.000000e+00,0.000000e+00,0.000000e+00,0.000000e+00,0.000000e+00,0.000000e+00,0.000000e+00,0.000000e+00,0.000000e+00,0.000000e+00,0.000000e+00,0.000000e+00,0.000000e+00,0.000000e+00,0.000000e+00,0.000000e+00,0.000000e+00,0.000000e+00,0.000000e+00,0.000000e+00,0.000000e+00,0.000000e+00,0.000000e+00,0.000000e+00,0.000000e+00,0.000000e+00,0.000000e+00,0.000000e+00,0.000000e+00,0.000000e+00,0.000000e+00,0.000000e+00,0.000000e+00,0.000000e+00,0.000000e+00,2.054491e+04,6.808589e+03,5.757634e-03,-1.327033e-03,-3.783201e+00,1.136610e-03,0.000000e+00,0.000000e+00,0.000000e+00,0.000000e+00,0.000000e+00,0.000000e+00,0.000000e+00,0.000000e+00,0.000000e+00,0.000000e+00,0.000000e+00,0.000000e+00,0.000000e+00,0.000000e+00,0.000000e+00,0.000000e+00,0.000000e+00,0.000000e+00,0.000000e+00,0.000000e+00,0.000000e+00,-3.608438e+06,7.972056e+01,-2.070861e+06,9.486258e-02,-4.109575e-04,-6.402114e+00,-8.730087e-02,-7.672632e-04,-1.220718e-01,2.990580e-03,-5.760947e-05,7.363864e+00,-2.248803e-02,6.468354e-04,-5.414372e-04,-3.941203e-03,7.867943e-05,-7.206665e+00,-7.792169e+00,2.439333e-01,-2.030656e+03,-6.429551e+03,-8.609283e+01,4.160439e+06,1.025100e-02,2.926500e+00,-1.130912e-03,1.772505e+01,5.870210e+03,6.411538e-01
1.980153e-03,2.079445e+04,1.365486e+04,-4.588965e-03,-7.379802e-04,-1.049972e+01,1.023776e-01,9.774000e-07,5.880141e+01,0.000000e+00,0.000000e+00,1.620719e+03,0.000000e+00,0.000000e+00,0.000000e+00,0.000000e+00,0.000000e+00,0.000000e+00,0.000000e+00,0.000000e+00,0.000000e+00,0.000000e+00,0.000000e+00,0.000000e+00,0.000000e+00,0.000000e+00,0.000000e+00,0.000000e+00,0.000000e+00,0.000000e+00,0.000000e+00,0.000000e+00,0.000000e+00,0.000000e+00,0.000000e+00,0.000000e+00,0.000000e+00,0.000000e+00,0.000000e+00,0.000000e+00,0.000000e+00,0.000000e+00,0.000000e+00,0.000000e+00,0.000000e+00,0.000000e+00,0.000000e+00,0.000000e+00,0.000000e+00,2.079445e+04,6.786710e+03,6.120738e-03,-1.314585e-03,-3.774242e+00,1.136610e-03,0.000000e+00,0.000000e+00,0.000000e+00,0.000000e+00,0.000000e+00,0.000000e+00,0.000000e+00,0.000000e+00,0.000000e+00,0.000000e+00,0.000000e+00,0.000000e+00,0.000000e+00,0.000000e+00,0.000000e+00,0.000000e+00,0.000000e+00,0.000000e+00,0.000000e+00,0.000000e+00,0.000000e+00,-3.635772e+06,-1.127558e+03,-2.082478e+06,9.673285e-02,-4.024885e-04,-6.534566e+00,-8.950274e-02,-7.968548e-04,-1.245549e-01,2.990091e-03,-7.023050e-05,7.508749e+00,-2.356807e-02,6.201428e-04,-5.415294e-04,-4.017669e-03,8.109805e-05,-7.226293e+00,-7.861660e+00,2.509667e-01,-1.989751e+03,-9.883508e+03,1.120777e+03,4.189923e+06,1.070805e-02,2.984675e+00,-1.172897e-03,5.813191e+01,5.923387e+03,-6.176897e+00
1.990905e-03,2.106329e+04,1.333727e+04,-3.988665e-03,-7.243991e-04,-1.033793e+01,1.023776e-01,9.774000e-07,6.137603e+01,0.000000e+00,0.000000e+00,1.666025e+03,0.000000e+00,0.000000e+00,0.000000e+00,0.000000e+00,0.000000e+00,0.000000e+00,0.000000e+00,0.000000e+00,0.000000e+00,0.000000e+00,0.000000e+00,0.000000e+00,0.000000e+00,0.000000e+00,0.000000e+00,0.000000e+00,0.000000e+00,0.000000e+00,0.000000e+00,0.000000e+00,0.000000e+00,0.000000e+00,0.000000e+00,0.000000e+00,0.000000e+00,0.000000e+00,0.000000e+00,0.000000e+00,0.000000e+00,0.000000e+00,0.000000e+00,0.000000e+00,0.000000e+00,0.000000e+00,0.000000e+00,0.000000e+00,0.000000e+00,2.106329e+04,6.761417e+03,6.625149e-03,-1.336221e-03,-3.763721e+00,1.136610e-03,0.000000e+00,0.000000e+00,0.000000e+00,0.000000e+00,0.000000e+00,0.000000e+00,0.000000e+00,0.000000e+00,0.000000e+00,0.000000e+00,0.000000e+00,0.000000e+00,0.000000e+00,0.000000e+00,0.000000e+00,0.000000e+00,0.000000e+00,0.000000e+00,0.000000e+00,0.000000e+00,0.000000e+00,-3.686290e+06,-1.421876e+03,-2.113312e+06,9.885461e-02,-3.877612e-04,-6.681675e+00,-9.192633e-02,-8.392843e-04,-1.272984e-01,2.989563e-03,-9.133255e-05,7.670705e+00,-2.484418e-02,6.170563e-04,-5.416299e-04,-4.102753e-03,8.385347e-05,-7.247419e+00,-7.957711e+00,2.609748e-01,-1.944354e+03,-8.237685e+03,1.414490e+03,4.249089e+06,1.132918e-02,3.049317e+00,-1.242354e-03,9.303316e+01,6.048524e+03,-1.619345e+01
2.000679e-03,2.130378e+04,1.305087e+04,-3.472593e-03,-7.054813e-04,-1.019019e+01,1.023776e-01,9.774000e-07,6.380611e+01,0.000000e+00,0.000000e+00,1.708706e+03,0.000000e+00,0.000000e+00,0.000000e+00,0.000000e+00,0.000000e+00,0.000000e+00,0.000000e+00,0.000000e+00,0.000000e+00,0.000000e+00,0.000000e+00,0.000000e+00,0.000000e+00,0.000000e+00,0.000000e+00,0.000000e+00,0.000000e+00,0.000000e+00,0.000000e+00,0.000000e+00,0.000000e+00,0.000000e+00,0.000000e+00,0.000000e+00,0.000000e+00,0.000000e+00,0.000000e+00,0.000000e+00,0.000000e+00,0.000000e+00,0.000000e+00,0.000000e+00,0.000000e+00,0.000000e+00,0.000000e+00,0.000000e+00,0.000000e+00,2.130378e+04,6.737509e+03,7.049378e-03,-1.325787e-03,-3.754604e+00,1.136610e-03,0.000000e+00,0.000000e+00,0.000000e+00,0.000000e+00,0.000000e+00,0.000000e+00,0.000000e+00,0.000000e+00,0.000000e+00,0.000000e+00,0.000000e+00,0.000000e+00,0.000000e+00,0.000000e+00,0.000000e+00,0.000000e+00,0.000000e+00,0.000000e+00,0.000000e+00,0.000000e+00,0.000000e+00,-3.713584e+06,-1.627551e+03,-2.125618e+06,1.007481e-01,-3.787234e-04,-6.816932e+00,-9.412086e-02,-8.659019e-04,-1.298070e-01,2.989101e-03,-1.164911e-04,7.818524e+00,-2.598050e-02,5.790884e-04,-5.417505e-04,-4.180958e-03,8.643734e-05,-7.266200e+00,-8.041016e+00,2.680227e-01,-1.902598e+03,-1.106512e+04,1.619618e+03,4.278882e+06,1.180714e-02,3.109136e+00,-1.283413e-03,7.147096e+01,6.087553e+03,-8.447198e+00
2.010453e-03,2.153886e+04,1.276739e+04,-2.883984e-03,-6.921158e-04,-1.004131e+01,1.023776e-01,9.774000e-07,6.631111e+01,0.000000e+00,0.000000e+00,1.753753e+03,0.000000e+00,0.000000e+00,0.000000e+00,0.000000e+00,0.000000e+00,0.000000e+00,0.000000e+00,0.000000e+00,0.000000e+00,0.000000e+00,0.000000e+00,0.000000e+00,0.000000e+00,0.000000e+00,0.000000e+00,0.000000e+00,0.000000e+00,0.000000e+00,0.000000e+00,0.000000e+00,0.000000e+00,0.000000e+00,0.000000e+00,0.000000e+00,0.000000e+00,0.000000e+00,0.000000e+00,0.000000e+00,0.000000e+00,0.000000e+00,0.000000e+00,0.000000e+00,0.000000e+00,0.000000e+00,0.000000e+00,0.000000e+00,0.000000e+00,2.153886e+04,6.712710e+03,7.573407e-03,-1.327606e-03,-3.745591e+00,1.136610e-03,0.000000e+00,0.000000e+00,0.000000e+00,0.000000e+00,0.000000e+00,0.000000e+00,0.000000e+00,0.000000e+00,0.000000e+00,0.000000e+00,0.000000e+00,0.000000e+00,0.000000e+00,0.000000e+00,0.000000e+00,0.000000e+00,0.000000e+00,0.000000e+00,0.000000e+00,0.000000e+00,0.000000e+00,-3.747916e+06,-9.746683e+02,-2.141718e+06,1.027013e-01,-3.676859e-04,-6.953373e+00,-9.628458e-02,-8.943501e-04,-1.323334e-01,2.988681e-03,-1.351664e-04,7.967486e+00,-2.719229e-02,5.673803e-04,-5.419927e-04,-4.260139e-03,8.910938e-05,-7.284570e+00,-8.144308e+00,2.759522e-01,-1.860491e+03,-1.411259e+04,9.661782e+02,4.316668e+06,1.231386e-02,3.169592e+00,-1.325726e-03,6.175182e+01,6.180247e+03,-8.347386e+00
2.020227e-03,2.176933e+04,1.248631e+04,-2.259562e-03,-6.547473e-04,-9.890569e+00,1.023777e-01,9.774000e-07,6.891794e+01,0.000000e+00,0.000000e+00,1.801354e+03,0.000000e+00,0.000000e+00,0.000000e+00,0.000000e+00,0.000000e+00,0.000000e+00,0.000000e+00,0.000000e+00,0.000000e+00,0.000000e+00,0.000000e+00,0.000000e+00,0.000000e+00,0.000000e+00,0.000000e+00,0.000000e+00,0.000000e+00,0.000000e+00,0.000000e+00,0.000000e+00,0.000000e+00,0.000000e+00,0.000000e+00,0.000000e+00,0.000000e+00,0.000000e+00,0.000000e+00,0.000000e+00,0.000000e+00,0.000000e+00,0.000000e+00,0.000000e+00,0.000000e+00,0.000000e+00,0.000000e+00,0.000000e+00,0.000000e+00,2.176933e+04,6.686244e+03,8.195892e-03,-1.318821e-03,-3.736061e+00,1.136610e-03,0.000000e+00,0.000000e+00,0.000000e+00,0.000000e+00,0.000000e+00,0.000000e+00,0.000000e+00,0.000000e+00,0.000000e+00,0.000000e+00,0.000000e+00,0.000000e+00,0.000000e+00,0.000000e+00,0.000000e+00,0.000000e+00,0.000000e+00,0.000000e+00,0.000000e+00,0.000000e+00,0.000000e+00,-3.798838e+06,7.477388e+02,-2.173102e+06,1.048619e-01,-3.539856e-04,-7.090993e+00,-9.842317e-02,-9.269072e-04,-1.349129e-01,2.988241e-03,-1.597393e-04,8.118629e+00,-2.843663e-02,5.275721e-04,-5.422618e-04,-4.340470e-03,9.185782e-05,-7.302526e+00,-8.308447e+00,2.852018e-01,-1.818068e+03,-1.218740e+04,-7.569146e+02,4.376459e+06,1.290324e-02,3.231281e+00,-1.398556e-03,5.954405e+00,6.322215e+03,6.132351e+00
2.030001e-03,2.199671e+04,1.220711e+04,-1.599816e-03,-6.350335e-04,-9.738834e+00,1.023777e-01,9.774000e-07,7.158048e+01,0.000000e+00,0.000000e+00,1.849661e+03,0.000000e+00,0.000000e+00,0.000000e+00,0.000000e+00,0.000000e+00,0.000000e+00,0.000000e+00,0.000000e+00,0.000000e+00,0.000000e+00,0.000000e+00,0.000000e+00,0.000000e+00,0.000000e+00,0.000000e+00,0.000000e+00,0.000000e+00,0.000000e+00,0.000000e+00,0.000000e+00,0.000000e+00,0.000000e+00,0.000000e+00,0.000000e+00,0.000000e+00,0.000000e+00,0.000000e+00,0.000000e+00,0.000000e+00,0.000000e+00,0.000000e+00,0.000000e+00,0.000000e+00,0.000000e+00,0.000000e+00,0.000000e+00,0.000000e+00,2.199671e+04,6.658116e+03,8.842915e-03,-1.311003e-03,-3.726686e+00,1.136610e-03,0.000000e+00,0.000000e+00,0.000000e+00,0.000000e+00,0.000000e+00,0.000000e+00,0.000000e+00,0.000000e+00,0.000000e+00,0.000000e+00,0.000000e+00,0.000000e+00,0.000000e+00,0.000000e+00,0.000000e+00,0.000000e+00,0.000000e+00,0.000000e+00,0.000000e+00,0.000000e+00,0.000000e+00,-3.830666e+06,-1.437262e+03,-2.192066e+06,1.068788e-01,-3.409224e-04,-7.229972e+00,-1.006318e-01,-9.599542e-04,-1.374447e-01,2.984687e-03,-1.906352e-04,8.270396e+00,-2.973004e-02,5.006898e-04,-5.436604e-04,-4.422370e-03,9.467725e-05,-7.320066e+00,-8.436025e+00,2.909963e-01,-1.775193e+03,-1.149176e+04,1.427477e+03,4.413504e+06,1.337119e-02,3.293134e+00,-1.438056e-03,7.738248e+01,6.387589e+03,-1.413754e+01
2.040752e-03,2.224093e+04,1.190294e+04,-8.203105e-04,-5.999372e-04,-9.570210e+00,1.023777e-01,9.774000e-07,7.460546e+01,0.000000e+00,0.000000e+00,1.905602e+03,0.000000e+00,0.000000e+00,0.000000e+00,0.000000e+00,0.000000e+00,0.000000e+00,0.000000e+00,0.000000e+00,0.000000e+00,0.000000e+00,0.000000e+00,0.000000e+00,0.000000e+00,0.000000e+00,0.000000e+00,0.000000e+00,0.000000e+00,0.000000e+00,0.000000e+00,0.000000e+00,0.000000e+00,0.000000e+00,0.000000e+00,0.000000e+00,0.000000e+00,0.000000e+00,0.000000e+00,0.000000e+00,0.000000e+00,0.000000e+00,0.000000e+00,0.000000e+00,0.000000e+00,0.000000e+00,0.000000e+00,0.000000e+00,0.000000e+00,2.224093e+04,6.625582e+03,9.639390e-03,-1.303211e-03,-3.716355e+00,1.136610e-03,0.000000e+00,0.000000e+00,0.000000e+00,0.000000e+00,0.000000e+00,0.000000e+00,0.000000e+00,0.000000e+00,0.000000e+00,0.000000e+00,0.000000e+00,0.000000e+00,0.000000e+00,0.000000e+00,0.000000e+00,0.000000e+00,0.000000e+00,0.000000e+00,0.000000e+00,0.000000e+00,0.000000e+00,-3.866400e+06,-1.198055e+02,-2.209664e+06,1.091061e-01,-3.216238e-04,-7.384269e+00,-1.030446e-01,-1.001362e-03,-1.402441e-01,2.979210e-03,-2.379272e-04,8.439144e+00,-3.122095e-02,4.498184e-04,-5.456242e-04,-4.513918e-03,9.786291e-05,-7.338873e+00,-8.583694e+00,3.009649e-01,-1.727599e+03,-1.391035e+04,1.092144e+02,4.453254e+06,1.403078e-02,3.362022e+00,-1.528087e-03,4.321207e+01,6.469306e+03,-3.849305e+00
2.050526e-03,2.245970e+04,1.162925e+04,-5.008213e-05,-5.954101e-04,-9.415606e+00,1.023777e-01,9.774000e-07,7.746841e+01,0.000000e+00,0.000000e+00,1.956921e+03,0.000000e+00,0.000000e+00,0.000000e+00,0.000000e+00,0.000000e+00,0.000000e+00,0.000000e+00,0.000000e+00,0.000000e+00,0.000000e+00,0.000000e+00,0.000000e+00,0.000000e+00,0.000000e+00,0.000000e+00,0.000000e+00,0.000000e+00,0.000000e+00,0.000000e+00,0.000000e+00,0.000000e+00,0.000000e+00,0.000000e+00,0.000000e+00,0.000000e+00,0.000000e+00,0.000000e+00,0.000000e+00,0.000000e+00,0.000000e+00,0.000000e+00,0.000000e+00,0.000000e+00,0.000000e+00,0.000000e+00,0.000000e+00,0.000000e+00,2.245970e+04,6.594216e+03,1.050502e-02,-1.300527e-03,-3.706732e+00,1.136610e-03,0.000000e+00,0.000000e+00,0.000000e+00,0.000000e+00,0.000000e+00,0.000000e+00,0.000000e+00,0.000000e+00,0.000000e+00,0.000000e+00,0.000000e+00,0.000000e+00,0.000000e+00,0.000000e+00,0.000000e+00,0.000000e+00,0.000000e+00,0.000000e+00,0.000000e+00,0.000000e+00,0.000000e+00,-3.901130e+06,-3.790667e+02,-2.228364e+06,1.114002e-01,-3.040591e-04,-7.525616e+00,-1.051993e-01,-1.026321e-03,-1.428453e-01,2.970947e-03,-2.941474e-04,8.593784e+00,-3.265277e-02,4.262075e-04,-5.466375e-04,-4.598819e-03,1.008251e-04,-7.355525e+00,-8.788444e+00,3.048258e-01,-1.684031e+03,-1.488140e+04,3.678068e+02,4.492684e+06,1.448676e-02,3.425951e+00,-1.567544e-03,5.089401e+01,6.534436e+03,-6.779817e+00
2.060300e-03,2.267435e+04,1.135846e+04,7.862853e-04,-5.729987e-04,-9.260267e+00,1.023779e-01,9.774000e-07,8.071127e+01,0.000000e+00,0.000000e+00,2.009845e+03,0.000000e+00,0.000000e+00,0.000000e+00,0.000000e+00,0.000000e+00,0.000000e+00,0.000000e+00,0.000000e+00,0.000000e+00,0.000000e+00,0.000000e+00,0.000000e+00,0.000000e+00,0.000000e+00,0.000000e+00,0.000000e+00,0.000000e+00,0.000000e+00,0.000000e+00,0.000000e+00,0.000000e+00,0.000000e+00,0.000000e+00,0.000000e+00,0.000000e+00,0.000000e+00,0.000000e+00,0.000000e+00,0.000000e+00,0.000000e+00,0.000000e+00,0.000000e+00,0.000000e+00,0.000000e+00,0.000000e+00,0.000000e+00,0.000000e+00,2.267435e+04,6.559939e+03,1.129147e-02,-1.298744e-03,-3.696471e+00,1.136610e-03,0.000000e+00,0.000000e+00,0.000000e+00,0.000000e+00,0.000000e+00,0.000000e+00,0.000000e+00,0.000000e+00,0.000000e+00,0.000000e+00,0.000000e+00,0.000000e+00,0.000000e+00,0.000000e+00,0.000000e+00,0.000000e+00,0.000000e+00,0.000000e+00,0.000000e+00,0.000000e+00,0.000000e+00,-3.804994e+06,-8.725787e+02,-2.182314e+06,1.132647e-01,-2.885290e-04,-7.667004e+00,-1.073003e-01,-1.061828e-03,-1.453239e-01,2.962426e-03,-3.666332e-04,8.749589e+00,-3.415297e-02,3.766778e-04,-5.473371e-04,-4.685479e-03,1.038287e-04,-7.371749e+00,-8.924689e+00,3.120871e-01,-1.640401e+03,-6.684663e+03,8.609820e+02,4.386391e+06,1.504016e-02,3.496029e+00,-1.651960e-03,4.478810e+01,8.493937e+03,-1.073036e+01
2.070074e-03,2.288740e+04,1.108977e+04,1.678256e-03,-5.806384e-04,-9.103689e+00,1.023780e-01,9.774000e-07,8.429735e+01,0.000000e+00,0.000000e+00,2.062351e+03,0.000000e+00,0.000000e+00,0.000000e+00,0.000000e+00,0.000000e+00,0.000000e+00,0.000000e+00,0.000000e+00,0.000000e+00,0.000000e+00,0.000000e+00,0.000000e+00,0.000000e+00,0.000000e+00,0.000000e+00,0.000000e+00,0.000000e+00,0.000000e+00,0.000000e+00,0.000000e+00,0.000000e+00,0.000000e+00,0.000000e+00,0.000000e+00,0.000000e+00,0.000000e+00,0.000000e+00,0.000000e+00,0.000000e+00,0.000000e+00,0.000000e+00,0.000000e+00,0.000000e+00,0.000000e+00,0.000000e+00,0.000000e+00,0.000000e+00,2.288740e+04,6.521317e+03,1.198838e-02,-1.309214e-03,-3.684917e+00,1.136610e-03,0.000000e+00,0.000000e+00,0.000000e+00,0.000000e+00,0.000000e+00,0.000000e+00,0.000000e+00,0.000000e+00,0.000000e+00,0.000000e+00,0.000000e+00,0.000000e+00,0.000000e+00,0.000000e+00,0.000000e+00,0.000000e+00,0.000000e+00,0.000000e+00,0.000000e+00,0.000000e+00,0.000000e+00,-3.798556e+06,-1.963881e+03,-2.182914e+06,1.149266e-01,-3.022295e-04,-7.808658e+00,-1.093140e-01,-1.056839e-03,-1.477443e-01,2.953666e-03,-4.594171e-04,8.906715e+00,-3.570487e-02,3.488535e-04,-5.475342e-04,-4.773255e-03,1.068987e-04,-7.387548e+00,-9.030200e+00,3.150881e-01,-1.596862e+03,-2.801016e+03,1.951585e+03,4.381110e+06,1.546983e-02,3.572598e+00,-1.716474e-03,-4.671335e+02,9.198411e+03,5.236486e+01
2.080825e-03,2.311980e+04,1.079536e+04,2.700497e-03,-5.929081e-04,-8.930665e+00,1.023782e-01,9.774000e-07,8.931634e+01,0.000000e+00,0.000000e+00,2.120707e+03,0.000000e+00,0.000000e+00,0.000000e+00,0.000000e+00,0.000000e+00,0.000000e+00,0.000000e+00,0.000000e+00,0.000000e+00,0.000000e+00,0.000000e+00,0.000000e+00,0.000000e+00,0.000000e+00,0.000000e+00,0.000000e+00,0.000000e+00,0.000000e+00,0.000000e+00,0.000000e+00,0.000000e+00,0.000000e+00,0.000000e+00,0.000000e+00,0.000000e+00,0.000000e+00,0.000000e+00,0.000000e+00,0.000000e+00,0.000000e+00,0.000000e+00,0.000000e+00,0.000000e+00,0.000000e+00,0.000000e+00,0.000000e+00,0.000000e+00,2.311980e+04,6.470663e+03,1.253004e-02,-1.306869e-03,-3.669647e+00,1.136610e-03,0.000000e+00,0.000000e+00,0.000000e+00,0.000000e+00,0.000000e+00,0.000000e+00,0.000000e+00,0.000000e+00,0.000000e+00,0.000000e+00,0.000000e+00,0.000000e+00,0.000000e+00,0.000000e+00,0.000000e+00,0.000000e+00,0.000000e+00,0.000000e+00,0.000000e+00,0.000000e+00,0.000000e+00,-3.776620e+06,-1.292188e+04,-2.177940e+06,1.163604e-01,-2.241352e-04,-7.962625e+00,-1.112586e-01,-1.137969e-03,-1.502650e-01,2.943666e-03,-5.911916e-04,9.080610e+00,-3.745566e-02,3.074541e-04,-5.467976e-04,-4.871121e-03,1.102832e-04,-7.404440e+00,-9.121813e+00,3.058695e-01,-1.549823e+03,3.999441e+03,1.290891e+04,4.359618e+06,1.581769e-02,3.676754e+00,-2.179680e-03,3.358231e+02,1.081958e+04,2.238914e+02
2.090599e-03,2.332777e+04,1.053195e+04,3.620410e-03,-6.227042e-04,-8.771425e+00,1.023782e-01,9.774000e-07,9.303592e+01,0.000000e+00,0.000000e+00,2.172266e+03,0.000000e+00,0.000000e+00,0.000000e+00,0.000000e+00,0.000000e+00,0.000000e+00,0.000000e+00,0.000000e+00,0.000000e+00,0.000000e+00,0.000000e+00,0.000000e+00,0.000000e+00,0.000000e+00,0.000000e+00,0.000000e+00,0.000000e+00,0.000000e+00,0.000000e+00,0.000000e+00,0.000000e+00,0.000000e+00,0.000000e+00,0.000000e+00,0.000000e+00,0.000000e+00,0.000000e+00,0.000000e+00,0.000000e+00,0.000000e+00,0.000000e+00,0.000000e+00,0.000000e+00,0.000000e+00,0.000000e+00,0.000000e+00,0.000000e+00,2.332777e+04,6.428415e+03,1.310267e-02,-1.364468e-03,-3.657935e+00,1.136610e-03,0.000000e+00,0.000000e+00,0.000000e+00,0.000000e+00,0.000000e+00,0.000000e+00,0.000000e+00,0.000000e+00,0.000000e+00,0.000000e+00,0.000000e+00,0.000000e+00,0.000000e+00,0.000000e+00,0.000000e+00,0.000000e+00,0.000000e+00,0.000000e+00,0.000000e+00,0.000000e+00,0.000000e+00,-3.829855e+06,6.282004e+02,-2.202930e+06,1.180560e-01,-2.186333e-04,-8.106956e+00,-1.133778e-01,-1.151258e-03,-1.527180e-01,2.934269e-03,-7.436327e-04,9.239991e+00,-3.907163e-02,2.732212e-04,-5.447683e-04,-4.960602e-03,1.134339e-04,-7.419351e+00,-9.195013e+00,3.242071e-01,-1.505492e+03,-7.323496e+02,-6.420613e+02,4.418222e+06,1.653434e-02,3.753122e+00,-1.939889e-03,1.394221e+01,9.836291e+03,-4.333118e+00
2.100373e-03,2.353100e+04,1.027378e+04,4.579443e-03,-6.656441e-04,-8.611638e+00,1.023784e-01,9.774000e-07,9.770147e+01,0.000000e+00,0.000000e+00,2.222894e+03,0.000000e+00,0.000000e+00,0.000000e+00,0.000000e+00,0.000000e+00,0.000000e+00,0.000000e+00,0.000000e+00,0.000000e+00,0.000000e+00,0.000000e+00,0.000000e+00,0.000000e+00,0.000000e+00,0.000000e+00,0.000000e+00,0.000000e+00,0.000000e+00,0.000000e+00,0.000000e+00,0.000000e+00,0.000000e+00,0.000000e+00,0.000000e+00,0.000000e+00,0.000000e+00,0.000000e+00,0.000000e+00,0.000000e+00,0.000000e+00,0.000000e+00,0.000000e+00,0.000000e+00,0.000000e+00,0.000000e+00,0.000000e+00,0.000000e+00,2.353100e+04,6.382455e+03,1.358160e-02,-1.404861e-03,-3.643908e+00,1.136609e-03,0.000000e+00,0.000000e+00,0.000000e+00,0.000000e+00,0.000000e+00,0.000000e+00,0.000000e+00,0.000000e+00,0.000000e+00,0.000000e+00,0.000000e+00,0.000000e+00,0.000000e+00,0.000000e+00,0.000000e+00,0.000000e+00,0.000000e+00,0.000000e+00,0.000000e+00,0.000000e+00,0.000000e+00,-3.911103e+06,-5.900095e+02,-2.238610e+06,1.197776e-01,-1.937719e-04,-8.249380e+00,-1.153852e-01,-1.177686e-03,-1.551207e-01,2.924511e-03,-9.323862e-04,9.400217e+00,-4.068318e-02,2.341955e-04,-5.408071e-04,-5.050939e-03,1.166319e-04,-7.433833e+00,-9.291118e+00,3.248474e-01,-1.462032e+03,-1.016138e+04,5.751736e+02,4.506440e+06,1.704750e-02,3.846881e+00,-2.086510e-03,6.868576e+01,8.431003e+03,-1.933442e+01
2.110147e-03,2.373058e+04,1.001970e+04,5.392803e-03,-6.579356e-04,-8.450056e+00,1.023784e-01,9.774000e-07,1.026925e+02,0.000000e+00,0.000000e+00,2.273219e+03,0.000000e+00,0.000000e+00,0.000000e+00,0.000000e+00,0.000000e+00,0.000000e+00,0.000000e+00,0.000000e+00,0.000000e+00,0.000000e+00,0.000000e+00,0.000000e+00,0.000000e+00,0.000000e+00,0.000000e+00,0.000000e+00,0.000000e+00,0.000000e+00,0.000000e+00,0.000000e+00,0.000000e+00,0.000000e+00,0.000000e+00,0.000000e+00,0.000000e+00,0.000000e+00,0.000000e+00,0.000000e+00,0.000000e+00,0.000000e+00,0.000000e+00,0.000000e+00,0.000000e+00,0.000000e+00,0.000000e+00,0.000000e+00,0.000000e+00,2.373058e+04,6.335963e+03,1.377373e-02,-1.434149e-03,-3.629322e+00,1.136610e-03,0.000000e+00,0.000000e+00,0.000000e+00,0.000000e+00,0.000000e+00,0.000000e+00,0.000000e+00,0.000000e+00,0.000000e+00,0.000000e+00,0.000000e+00,0.000000e+00,0.000000e+00,0.000000e+00,0.000000e+00,0.000000e+00,0.000000e+00,0.000000e+00,0.000000e+00,0.000000e+00,0.000000e+00,-3.805703e+06,3.085425e+03,-2.200216e+06,1.208791e-01,-1.758407e-04,-8.392515e+00,-1.174789e-01,-1.197509e-03,-1.573716e-01,2.915059e-03,-1.087832e-03,9.562087e+00,-4.216050e-02,1.840918e-04,-5.369922e-04,-5.141553e-03,1.198464e-04,-7.447887e+00,-9.250897e+00,3.312290e-01,-1.418216e+03,9.292330e+03,-3.100670e+03,4.395934e+06,1.736193e-02,3.942692e+00,-2.142810e-03,4.043469e+02,1.114767e+04,-5.415850e+01
2.120899e-03,2.394679e+04,9.747260e+03,6.363604e-03,-5.595384e-04,-8.271879e+00,1.023785e-01,9.774000e-07,1.078387e+02,0.000000e+00,0.000000e+00,2.324686e+03,0.000000e+00,0.000000e+00,0.000000e+00,0.000000e+00,0.000000e+00,0.000000e+00,0.000000e+00,0.000000e+00,0.000000e+00,0.000000e+00,0.000000e+00,0.000000e+00,0.000000e+00,0.000000e+00,0.000000e+00,0.000000e+00,0.000000e+00,0.000000e+00,0.000000e+00,0.000000e+00,0.000000e+00,0.000000e+00,0.000000e+00,0.000000e+00,0.000000e+00,0.000000e+00,0.000000e+00,0.000000e+00,0.000000e+00,0.000000e+00,0.000000e+00,0.000000e+00,0.000000e+00,0.000000e+00,0.000000e+00,0.000000e+00,0.000000e+00,2.394679e+04,6.286345e+03,1.401458e-02,-1.376414e-03,-3.614044e+00,1.136609e-03,0.000000e+00,0.000000e+00,0.000000e+00,0.000000e+00,0.000000e+00,0.000000e+00,0.000000e+00,0.000000e+00,0.000000e+00,0.000000e+00,0.000000e+00,0.000000e+00,0.000000e+00,0.000000e+00,0.000000e+00,0.000000e+00,0.000000e+00,0.000000e+00,0.000000e+00,0.000000e+00,0.000000e+00,-3.824352e+06,2.871353e+03,-2.160896e+06,1.225059e-01,-1.326872e-04,-8.551996e+00,-1.198628e-01,-1.227811e-03,-1.599930e-01,2.906120e-03,-1.087226e-03,9.740618e+00,-4.391102e-02,1.618571e-04,-5.387703e-04,-5.240628e-03,1.233686e-04,-7.462850e+00,-9.204023e+00,3.279672e-01,-1.369371e+03,-3.390112e+04,-2.887336e+03,4.392493e+06,1.784875e-02,4.040376e+00,-2.358109e-03,8.131130e+02,1.120963e+04,-1.455566e+02
2.130673e-03,2.414034e+04,9.503425e+03,7.311413e-03,-5.103338e-04,-8.108690e+00,1.023786e-01,9.774000e-07,1.136601e+02,0.000000e+00,0.000000e+00,2.369347e+03,0.000000e+00,0.000000e+00,0.000000e+00,0.000000e+00,0.000000e+00,0.000000e+00,0.000000e+00,0.000000e+00,0.000000e+00,0.000000e+00,0.000000e+00,0.000000e+00,0.000000e+00,0.000000e+00,0.000000e+00,0.000000e+00,0.000000e+00,0.000000e+00,0.000000e+00,0.000000e+00,0.000000e+00,0.000000e+00,0.000000e+00,0.000000e+00,0.000000e+00,0.000000e+00,0.000000e+00,0.000000e+00,0.000000e+00,0.000000e+00,0.000000e+00,0.000000e+00,0.000000e+00,0.000000e+00,0.000000e+00,0.000000e+00,0.000000e+00,2.414034e+04,6.237510e+03,1.425113e-02,-1.331427e-03,-3.598109e+00,1.136610e-03,0.000000e+00,0.000000e+00,0.000000e+00,0.000000e+00,0.000000e+00,0.000000e+00,0.000000e+00,0.000000e+00,0.000000e+00,0.000000e+00,0.000000e+00,0.000000e+00,0.000000e+00,0.000000e+00,0.000000e+00,0.000000e+00,0.000000e+00,0.000000e+00,0.000000e+00,0.000000e+00,0.000000e+00,-4.009422e+06,2.786084e+03,-2.311953e+06,1.238735e-01,-9.145580e-05,-8.695718e+00,-1.219601e-01,-1.265568e-03,-1.623137e-01,2.897865e-03,-1.086674e-03,9.903937e+00,-4.556276e-02,1.268830e-04,-5.404138e-04,-5.330942e-03,1.265045e-04,-7.476003e+00,-9.213350e+00,3.273960e-01,-1.325841e+03,4.938343e+03,-2.803815e+03,4.628236e+06,1.742617e-02,4.149497e+00,-2.297046e-03,-7.663812e+02,8.454664e+03,-5.935609e+01
2.140447e-03,2.433083e+04,9.265247e+03,8.473828e-03,-4.770418e-04,-7.945322e+00,1.023788e-01,9.774000e-07,1.198428e+02,0.000000e+00,0.000000e+00,2.412526e+03,0.000000e+00,0.000000e+00,0.000000e+00,0.000000e+00,0.000000e+00,0.000000e+00,0.000000e+00,0.000000e+00,0.000000e+00,0.000000e+00,0.000000e+00,0.000000e+00,0.000000e+00,0.000000e+00,0.000000e+00,0.000000e+00,0.000000e+00,0.000000e+00,0.000000e+00,0.000000e+00,0.000000e+00,0.000000e+00,0.000000e+00,0.000000e+00,0.000000e+00,0.000000e+00,0.000000e+00,0.000000e+00,0.000000e+00,0.000000e+00,0.000000e+00,0.000000e+00,0.000000e+00,0.000000e+00,0.000000e+00,0.000000e+00,0.000000e+00,2.433083e+04,6.187668e+03,1.431198e-02,-1.272707e-03,-3.581633e+00,1.136610e-03,0.000000e+00,0.000000e+00,0.000000e+00,0.000000e+00,0.000000e+00,0.000000e+00,0.000000e+00,0.000000e+00,0.000000e+00,0.000000e+00,0.000000e+00,0.000000e+00,0.000000e+00,0.000000e+00,0.000000e+00,0.000000e+00,0.000000e+00,0.000000e+00,0.000000e+00,0.000000e+00,0.000000e+00,-3.876493e+06,2.494132e+03,-2.265872e+06,1.249051e-01,-5.024489e-05,-8.838807e+00,-1.243880e-01,-1.257239e-03,-1.645071e-01,2.889561e-03,-1.086155e-03,1.006815e+01,-4.725308e-02,8.893066e-05,-5.420754e-04,-5.420360e-03,1.296779e-04,-7.488725e+00,-9.061493e+00,3.051984e-01,-1.282205e+03,3.145806e+04,-2.512136e+03,4.490032e+06,1.766535e-02,4.259873e+00,-3.223693e-03,-6.602824e+02,1.070176e+04,-5.738440e+01
2.150221e-03,2.451827e+04,9.032306e+03,9.522939e-03,-4.854290e-04,-7.780252e+00,1.023788e-01,9.774000e-07,1.257085e+02,0.000000e+00,0.000000e+00,2.452465e+03,0.000000e+00,0.000000e+00,0.000000e+00,0.000000e+00,0.000000e+00,0.000000e+00,0.000000e+00,0.000000e+00,0.000000e+00,0.000000e+00,0.000000e+00,0.000000e+00,0.000000e+00,0.000000e+00,0.000000e+00,0.000000e+00,0.000000e+00,0.000000e+00,0.000000e+00,0.000000e+00,0.000000e+00,0.000000e+00,0.000000e+00,0.000000e+00,0.000000e+00,0.000000e+00,0.000000e+00,0.000000e+00,0.000000e+00,0.000000e+00,0.000000e+00,0.000000e+00,0.000000e+00,0.000000e+00,0.000000e+00,0.000000e+00,0.000000e+00,2.451827e+04,6.138921e+03,1.447968e-02,-1.315890e-03,-3.566067e+00,1.136610e-03,0.000000e+00,0.000000e+00,0.000000e+00,0.000000e+00,0.000000e+00,0.000000e+00,0.000000e+00,0.000000e+00,0.000000e+00,0.000000e+00,0.000000e+00,0.000000e+00,0.000000e+00,0.000000e+00,0.000000e+00,0.000000e+00,0.000000e+00,0.000000e+00,0.000000e+00,0.000000e+00,0.000000e+00,-3.747733e+06,-4.015298e+03,-2.194376e+06,1.260077e-01,-1.460041e-04,-8.984095e+00,-1.269235e-01,-1.210491e-03,-1.667286e-01,2.881071e-03,-1.083847e-03,1.023333e+01,-4.902810e-02,6.961278e-05,-5.437775e-04,-5.507789e-03,1.327535e-04,-7.501018e+00,-8.879773e+00,3.238424e-01,-1.237767e+03,3.386152e+04,3.997114e+03,4.342769e+06,1.793326e-02,4.361440e+00,-2.684929e-03,5.220076e+02,1.390117e+04,-1.269320e+02
2.160972e-03,2.472197e+04,8.781237e+03,1.067675e-02,-4.902791e-04,-7.597640e+00,1.023790e-01,9.774000e-07,1.328874e+02,0.000000e+00,0.000000e+00,2.493344e+03,0.000000e+00,0.000000e+00,0.000000e+00,0.000000e+00,0.000000e+00,0.000000e+00,0.000000e+00,0.000000e+00,0.000000e+00,0.000000e+00,0.000000e+00,0.000000e+00,0.000000e+00,0.000000e+00,0.000000e+00,0.000000e+00,0.000000e+00,0.000000e+00,0.000000e+00,0.000000e+00,0.000000e+00,0.000000e+00,0.000000e+00,0.000000e+00,0.000000e+00,0.000000e+00,0.000000e+00,0.000000e+00,0.000000e+00,0.000000e+00,0.000000e+00,0.000000e+00,0.000000e+00,0.000000e+00,0.000000e+00,0.000000e+00,0.000000e+00,2.472197e+04,6.082292e+03,1.466488e-02,-1.322031e-03,-3.547215e+00,1.136610e-03,0.000000e+00,0.000000e+00,0.000000e+00,0.000000e+00,0.000000e+00,0.000000e+00,0.000000e+00,0.000000e+00,0.000000e+00,0.000000e+00,0.000000e+00,0.000000e+00,0.000000e+00,0.000000e+00,0.000000e+00,0.000000e+00,0.000000e+00,0.000000e+00,0.000000e+00,0.000000e+00,0.000000e+00,-3.857687e+06,-4.485227e+03,-2.234462e+06,1.279776e-01,-1.560528e-05,-9.144009e+00,-1.297356e-01,-1.331142e-03,-1.692809e-01,2.871670e-03,-1.076180e-03,1.041640e+01,-5.099120e-02,4.203139e-05,-5.456903e-04,-5.602601e-03,1.360757e-04,-7.514041e+00,-8.851702e+00,3.222227e-01,-1.189243e+03,1.400694e+04,4.465587e+03,4.458068e+06,1.749448e-02,4.485271e+00,-3.054670e-03,5.423263e+02,1.220096e+04,1.351442e+02
2.170746e-03,2.490413e+04,8.558421e+03,1.186037e-02,-5.220661e-04,-7.430843e+00,1.023790e-01,9.774000e-07,1.395349e+02,0.000000e+00,0.000000e+00,2.527669e+03,0.000000e+00,0.000000e+00,0.000000e+00,0.000000e+00,0.000000e+00,0.000000e+00,0.000000e+00,0.000000e+00,0.000000e+00,0.000000e+00,0.000000e+00,0.000000e+00,0.000000e+00,0.000000e+00,0.000000e+00,0.000000e+00,0.000000e+00,0.000000e+00,0.000000e+00,0.000000e+00,0.000000e+00,0.000000e+00,0.000000e+00,0.000000e+00,0.000000e+00,0.000000e+00,0.000000e+00,0.000000e+00,0.000000e+00,0.000000e+00,0.000000e+00,0.000000e+00,0.000000e+00,0.000000e+00,0.000000e+00,0.000000e+00,0.000000e+00,2.490413e+04,6.029910e+03,1.464432e-02,-1.345629e-03,-3.530042e+00,1.136610e-03,0.000000e+00,0.000000e+00,0.000000e+00,0.000000e+00,0.000000e+00,0.000000e+00,0.000000e+00,0.000000e+00,0.000000e+00,0.000000e+00,0.000000e+00,0.000000e+00,0.000000e+00,0.000000e+00,0.000000e+00,0.000000e+00,0.000000e+00,0.000000e+00,0.000000e+00,0.000000e+00,0.000000e+00,-3.898424e+06,-5.287045e+03,-2.282260e+06,1.288860e-01,5.315076e-05,-9.290491e+00,-1.323619e-01,-1.393923e-03,-1.714268e-01,2.862923e-03,-1.063865e-03,1.058334e+01,-5.293094e-02,4.331633e-05,-5.475005e-04,-5.687692e-03,1.392382e-04,-7.525427e+00,-8.611363e+00,3.191481e-01,-1.144729e+03,3.533623e+04,5.266349e+03,4.517209e+06,1.900529e-02,4.596291e+00,-3.527401e-03,1.851764e+02,1.207851e+04,1.323833e+02
2.180520e-03,2.508132e+04,8.342015e+03,1.320350e-02,-5.561144e-04,-7.263729e+00,1.023790e-01,9.774000e-07,1.463865e+02,0.000000e+00,0.000000e+00,2.560016e+03,0.000000e+00,0.000000e+00,0.000000e+00,0.000000e+00,0.000000e+00,0.000000e+00,0.000000e+00,0.000000e+00,0.000000e+00,0.000000e+00,0.000000e+00,0.000000e+00,0.000000e+00,0.000000e+00,0.000000e+00,0.000000e+00,0.000000e+00,0.000000e+00,0.000000e+00,0.000000e+00,0.000000e+00,0.000000e+00,0.000000e+00,0.000000e+00,0.000000e+00,0.000000e+00,0.000000e+00,0.000000e+00,0.000000e+00,0.000000e+00,0.000000e+00,0.000000e+00,0.000000e+00,0.000000e+00,0.000000e+00,0.000000e+00,0.000000e+00,2.508132e+04,5.977280e+03,1.470101e-02,-1.367393e-03,-3.513057e+00,1.136610e-03,0.000000e+00,0.000000e+00,0.000000e+00,0.000000e+00,0.000000e+00,0.000000e+00,0.000000e+00,0.000000e+00,0.000000e+00,0.000000e+00,0.000000e+00,0.000000e+00,0.000000e+00,0.000000e+00,0.000000e+00,0.000000e+00,0.000000e+00,0.000000e+00,0.000000e+00,0.000000e+00,0.000000e+00,-3.879837e+06,-6.649965e+03,-2.278975e+06,1.299127e-01,1.083677e-04,-9.437345e+00,-1.351094e-01,-1.419295e-03,-1.736344e-01,2.854106e-03,-1.045141e-03,1.075049e+01,-5.503734e-02,5.439479e-05,-5.493920e-04,-5.770408e-03,1.423727e-04,-7.536376e+00,-8.346237e+00,3.006716e-01,-1.100030e+03,4.195800e+04,6.628395e+03,4.499456e+06,2.020865e-02,4.707518e+00,-4.441636e-03,2.220634e+02,1.291275e+04,1.445718e+02
2.190294e-03,2.525535e+04,8.131086e+03,1.464061e-02,-5.895474e-04,-7.097651e+00,1.023797e-01,9.774000e-07,1.549366e+02,0.000000e+00,0.000000e+00,2.592375e+03,0.000000e+00,0.000000e+00,0.000000e+00,0.000000e+00,0.000000e+00,0.000000e+00,0.000000e+00,0.000000e+00,0.000000e+00,0.000000e+00,0.000000e+00,0.000000e+00,0.000000e+00,0.000000e+00,0.000000e+00,0.000000e+00,0.000000e+00,0.000000e+00,0.000000e+00,0.000000e+00,0.000000e+00,0.000000e+00,0.000000e+00,0.000000e+00,0.000000e+00,0.000000e+00,0.000000e+00,0.000000e+00,0.000000e+00,0.000000e+00,0.000000e+00,0.000000e+00,0.000000e+00,0.000000e+00,0.000000e+00,0.000000e+00,0.000000e+00,2.525535e+04,5.919845e+03,1.460851e-02,-1.440925e-03,-3.493591e+00,1.136610e-03,0.000000e+00,0.000000e+00,0.000000e+00,0.000000e+00,0.000000e+00,0.000000e+00,0.000000e+00,0.000000e+00,0.000000e+00,0.000000e+00,0.000000e+00,0.000000e+00,0.000000e+00,0.000000e+00,0.000000e+00,0.000000e+00,0.000000e+00,0.000000e+00,0.000000e+00,0.000000e+00,0.000000e+00,-3.554047e+06,1.519274e+04,-2.100353e+06,1.304554e-01,1.476742e-04,-9.579970e+00,-1.377890e-01,-1.482904e-03,-1.756664e-01,2.845183e-03,-1.018216e-03,1.091866e+01,-5.712180e-02,5.745070e-05,-5.514320e-04,-5.850427e-03,1.457106e-04,-7.546893e+00,-8.107759e+00,3.358104e-01,-1.056641e+03,4.967586e+04,-1.521345e+04,4.127986e+06,2.087147e-02,4.840372e+00,-3.883759e-03,1.816908e+01,1.875491e+04,-3.427856e+02
2.200068e-03,2.542818e+04,7.923047e+03,1.610733e-02,-6.240822e-04,-6.929480e+00,1.023799e-01,9.774000e-07,1.635858e+02,0.000000e+00,0.000000e+00,2.620141e+03,0.000000e+00,0.000000e+00,0.000000e+00,0.000000e+00,0.000000e+00,0.000000e+00,0.000000e+00,0.000000e+00,0.000000e+00,0.000000e+00,0.000000e+00,0.000000e+00,0.000000e+00,0.000000e+00,0.000000e+00,0.000000e+00,0.000000e+00,0.000000e+00,0.000000e+00,0.000000e+00,0.000000e+00,0.000000e+00,0.000000e+00,0.000000e+00,0.000000e+00,0.000000e+00,0.000000e+00,0.000000e+00,0.000000e+00,0.000000e+00,0.000000e+00,0.000000e+00,0.000000e+00,0.000000e+00,0.000000e+00,0.000000e+00,0.000000e+00,2.542818e+04,5.860092e+03,1.441426e-02,-1.429188e-03,-3.472950e+00,1.136610e-03,0.000000e+00,0.000000e+00,0.000000e+00,0.000000e+00,0.000000e+00,0.000000e+00,0.000000e+00,0.000000e+00,0.000000e+00,0.000000e+00,0.000000e+00,0.000000e+00,0.000000e+00,0.000000e+00,0.000000e+00,0.000000e+00,0.000000e+00,0.000000e+00,0.000000e+00,0.000000e+00,0.000000e+00,-3.856476e+06,-1.850255e+04,-2.203205e+06,1.316657e-01,1.696952e-04,-9.724786e+00,-1.403464e-01,-1.662434e-03,-1.778209e-01,2.836136e-03,-9.807318e-04,1.108750e+01,-5.929349e-02,8.524367e-05,-5.537130e-04,-5.928065e-03,1.490601e-04,-7.556990e+00,-7.893117e+00,3.411368e-01,-1.013167e+03,-1.166569e+04,1.847939e+04,4.441440e+06,2.195609e-02,4.975887e+00,-3.605136e-03,-5.328568e+01,1.467296e+04,5.447594e+02
2.210819e-03,2.560982e+04,7.703266e+03,1.779041e-02,-6.480274e-04,-6.743399e+00,1.023799e-01,9.774000e-07,1.724496e+02,0.000000e+00,0.000000e+00,2.649364e+03,0.000000e+00,0.000000e+00,0.000000e+00,0.000000e+00,0.000000e+00,0.000000e+00,0.000000e+00,0.000000e+00,0.000000e+00,0.000000e+00,0.000000e+00,0.000000e+00,0.000000e+00,0.000000e+00,0.000000e+00,0.000000e+00,0.000000e+00,0.000000e+00,0.000000e+00,0.000000e+00,0.000000e+00,0.000000e+00,0.000000e+00,0.000000e+00,0.000000e+00,0.000000e+00,0.000000e+00,0.000000e+00,0.000000e+00,0.000000e+00,0.000000e+00,0.000000e+00,0.000000e+00,0.000000e+00,0.000000e+00,0.000000e+00,0.000000e+00,2.560982e+04,5.797713e+03,1.452618e-02,-1.563581e-03,-3.452195e+00,1.136610e-03,0.000000e+00,0.000000e+00,0.000000e+00,0.000000e+00,0.000000e+00,0.000000e+00,0.000000e+00,0.000000e+00,0.000000e+00,0.000000e+00,0.000000e+00,0.000000e+00,0.000000e+00,0.000000e+00,0.000000e+00,0.000000e+00,0.000000e+00,0.000000e+00,0.000000e+00,0.000000e+00,0.000000e+00,-4.013404e+06,-8.295388e+03,-2.363126e+06,1.328909e-01,2.540737e-06,-9.887313e+00,-1.434648e-01,-1.611751e-03,-1.802453e-01,2.826090e-03,-9.236974e-04,1.127365e+01,-6.184822e-02,1.178855e-04,-5.567186e-04,-6.012030e-03,1.531345e-04,-7.567596e+00,-7.640778e+00,4.030777e-01,-9.640513e+02,4.903398e+04,8.269916e+03,4.657185e+06,2.364014e-02,5.110587e+00,-2.582000e-03,1.219276e+01,1.164138e+04,1.746964e+02
2.220593e-03,2.576954e+04,7.509006e+03,1.954409e-02,-6.304284e-04,-6.573859e+00,1.023801e-01,9.774000e-07,1.816662e+02,0.000000e+00,0.000000e+00,2.675493e+03,0.000000e+00,0.000000e+00,0.000000e+00,0.000000e+00,0.000000e+00,0.000000e+00,0.000000e+00,0.000000e+00,0.000000e+00,0.000000e+00,0.000000e+00,0.000000e+00,0.000000e+00,0.000000e+00,0.000000e+00,0.000000e+00,0.000000e+00,0.000000e+00,0.000000e+00,0.000000e+00,0.000000e+00,0.000000e+00,0.000000e+00,0.000000e+00,0.000000e+00,0.000000e+00,0.000000e+00,0.000000e+00,0.000000e+00,0.000000e+00,0.000000e+00,0.000000e+00,0.000000e+00,0.000000e+00,0.000000e+00,0.000000e+00,0.000000e+00,2.576954e+04,5.739868e+03,1.488205e-02,-1.580493e-03,-3.432715e+00,1.136610e-03,0.000000e+00,0.000000e+00,0.000000e+00,0.000000e+00,0.000000e+00,0.000000e+00,0.000000e+00,0.000000e+00,0.000000e+00,0.000000e+00,0.000000e+00,0.000000e+00,0.000000e+00,0.000000e+00,0.000000e+00,0.000000e+00,0.000000e+00,0.000000e+00,0.000000e+00,0.000000e+00,0.000000e+00,-3.847069e+06,2.054619e+03,-2.259398e+06,1.343379e-01,2.259896e-04,-1.003310e+01,-1.464600e-01,-1.727893e-03,-1.821925e-01,2.816872e-03,-8.534102e-04,1.144370e+01,-6.424873e-02,1.588574e-04,-5.600136e-04,-6.085596e-03,1.570254e-04,-7.576781e+00,-7.448300e+00,3.693006e-01,-9.198599e+02,4.220890e+04,-2.080149e+03,4.461282e+06,2.443395e-02,5.243979e+00,-3.739029e-03,-2.710460e+02,1.480957e+04,-1.015367e+02
2.230367e-03,2.592428e+04,7.320614e+03,2.143406e-02,-6.277811e-04,-6.403724e+00,1.023801e-01,9.774000e-07,1.906238e+02,0.000000e+00,0.000000e+00,2.700388e+03,0.000000e+00,0.000000e+00,0.000000e+00,0.000000e+00,0.000000e+00,0.000000e+00,0.000000e+00,0.000000e+00,0.000000e+00,0.000000e+00,0.000000e+00,0.000000e+00,0.000000e+00,0.000000e+00,0.000000e+00,0.000000e+00,0.000000e+00,0.000000e+00,0.000000e+00,0.000000e+00,0.000000e+00,0.000000e+00,0.000000e+00,0.000000e+00,0.000000e+00,0.000000e+00,0.000000e+00,0.000000e+00,0.000000e+00,0.000000e+00,0.000000e+00,0.000000e+00,0.000000e+00,0.000000e+00,0.000000e+00,0.000000e+00,0.000000e+00,2.592428e+04,5.680801e+03,1.515010e-02,-1.578614e-03,-3.413036e+00,1.136610e-03,0.000000e+00,0.000000e+00,0.000000e+00,0.000000e+00,0.000000e+00,0.000000e+00,0.000000e+00,0.000000e+00,0.000000e+00,0.000000e+00,0.000000e+00,0.000000e+00,0.000000e+00,0.000000e+00,0.000000e+00,0.000000e+00,0.000000e+00,0.000000e+00,0.000000e+00,0.000000e+00,0.000000e+00,-3.826488e+06,-2.511966e+04,-2.203992e+06,1.357085e-01,1.468248e-04,-1.018033e+01,-1.497439e-01,-1.730543e-03,-1.842252e-01,2.807616e-03,-7.609026e-04,1.161399e+01,-6.685016e-02,2.105195e-04,-5.646304e-04,-6.156478e-03,1.605182e-04,-7.585533e+00,-7.136723e+00,3.714651e-01,-8.752678e+02,4.654152e+03,2.509331e+04,4.415832e+06,2.260575e-02,5.371256e+00,-3.924512e-03,-1.931461e+02,1.611265e+04,6.449790e+02
2.240141e-03,2.607415e+04,7.137119e+03,2.342203e-02,-6.171581e-04,-6.233131e+00,1.023803e-01,9.774000e-07,2.008786e+02,0.000000e+00,0.000000e+00,2.724310e+03,0.000000e+00,0.000000e+00,0.000000e+00,0.000000e+00,0.000000e+00,0.000000e+00,0.000000e+00,0.000000e+00,0.000000e+00,0.000000e+00,0.000000e+00,0.000000e+00,0.000000e+00,0.000000e+00,0.000000e+00,0.000000e+00,0.000000e+00,0.000000e+00,0.000000e+00,0.000000e+00,0.000000e+00,0.000000e+00,0.000000e+00,0.000000e+00,0.000000e+00,0.000000e+00,0.000000e+00,0.000000e+00,0.000000e+00,0.000000e+00,0.000000e+00,0.000000e+00,0.000000e+00,0.000000e+00,0.000000e+00,0.000000e+00,0.000000e+00,2.607415e+04,5.619677e+03,1.574146e-02,-1.597901e-03,-3.392166e+00,1.136610e-03,0.000000e+00,0.000000e+00,0.000000e+00,0.000000e+00,0.000000e+00,0.000000e+00,0.000000e+00,0.000000e+00,0.000000e+00,0.000000e+00,0.000000e+00,0.000000e+00,0.000000e+00,0.000000e+00,0.000000e+00,0.000000e+00,0.000000e+00,0.000000e+00,0.000000e+00,0.000000e+00,0.000000e+00,-3.918851e+06,-8.108856e+03,-2.265991e+06,1.373584e-01,3.704994e-04,-1.032624e+01,-1.528541e-01,-1.812422e-03,-1.861714e-01,2.798278e-03,-6.408867e-04,1.178492e+01,-6.954145e-02,2.843748e-04,-5.714361e-04,-6.225384e-03,1.643301e-04,-7.593853e+00,-7.002318e+00,3.620434e-01,-8.314186e+02,1.263745e+04,8.080729e+03,4.526804e+06,2.357147e-02,5.514744e+00,-4.313378e-03,2.042487e+02,1.468467e+04,1.925453e+02
2.250893e-03,2.623413e+04,6.940471e+03,2.583768e-02,-5.902331e-04,-6.045785e+00,1.023806e-01,9.774000e-07,2.131899e+02,0.000000e+00,0.000000e+00,2.750204e+03,0.000000e+00,0.000000e+00,0.000000e+00,0.000000e+00,0.000000e+00,0.000000e+00,0.000000e+00,0.000000e+00,0.000000e+00,0.000000e+00,0.000000e+00,0.000000e+00,0.000000e+00,0.000000e+00,0.000000e+00,0.000000e+00,0.000000e+00,0.000000e+00,0.000000e+00,0.000000e+00,0.000000e+00,0.000000e+00,0.000000e+00,0.000000e+00,0.000000e+00,0.000000e+00,0.000000e+00,0.000000e+00,0.000000e+00,0.000000e+00,0.000000e+00,0.000000e+00,0.000000e+00,0.000000e+00,0.000000e+00,0.000000e+00,0.000000e+00,2.623413e+04,5.548891e+03,1.718130e-02,-1.598714e-03,-3.368327e+00,1.136610e-03,0.000000e+00,0.000000e+00,0.000000e+00,0.000000e+00,0.000000e+00,0.000000e+00,0.000000e+00,0.000000e+00,0.000000e+00,0.000000e+00,0.000000e+00,0.000000e+00,0.000000e+00,0.000000e+00,0.000000e+00,0.000000e+00,0.000000e+00,0.000000e+00,0.000000e+00,0.000000e+00,0.000000e+00,-3.934458e+06,1.753941e+04,-2.304642e+06,1.403749e-01,4.141151e-04,-1.048673e+01,-1.568906e-01,-1.869744e-03,-1.881092e-01,2.787960e-03,-4.698287e-04,1.197323e+01,-7.270446e-02,3.870986e-04,-5.830835e-04,-6.301554e-03,1.684321e-04,-7.602511e+00,-7.074103e+00,3.725461e-01,-7.832697e+02,3.865138e+04,-1.756907e+04,4.559588e+06,2.770114e-02,5.681901e+00,-5.276574e-03,5.346196e+02,1.371870e+04,-4.785906e+02
2.260667e-03,2.637228e+04,6.768687e+03,2.816862e-02,-5.527831e-04,-5.874688e+00,1.023808e-01,9.774000e-07,2.246815e+02,0.000000e+00,0.000000e+00,2.773531e+03,0.000000e+00,0.000000e+00,0.000000e+00,0.000000e+00,0.000000e+00,0.000000e+00,0.000000e+00,0.000000e+00,0.000000e+00,0.000000e+00,0.000000e+00,0.000000e+00,0.000000e+00,0.000000e+00,0.000000e+00,0.000000e+00,0.000000e+00,0.000000e+00,0.000000e+00,0.000000e+00,0.000000e+00,0.000000e+00,0.000000e+00,0.000000e+00,0.000000e+00,0.000000e+00,0.000000e+00,0.000000e+00,0.000000e+00,0.000000e+00,0.000000e+00,0.000000e+00,0.000000e+00,0.000000e+00,0.000000e+00,0.000000e+00,0.000000e+00,2.637228e+04,5.484811e+03,1.826235e-02,-1.578880e-03,-3.346512e+00,1.136610e-03,0.000000e+00,0.000000e+00,0.000000e+00,0.000000e+00,0.000000e+00,0.000000e+00,0.000000e+00,0.000000e+00,0.000000e+00,0.000000e+00,0.000000e+00,0.000000e+00,0.000000e+00,0.000000e+00,0.000000e+00,0.000000e+00,0.000000e+00,0.000000e+00,0.000000e+00,0.000000e+00,0.000000e+00,-3.889208e+06,1.022792e+04,-2.245214e+06,1.427821e-01,4.525380e-04,-1.063264e+01,-1.606063e-01,-1.891429e-03,-1.898582e-01,2.778518e-03,-2.716989e-04,1.214506e+01,-7.572531e-02,5.251860e-04,-5.996719e-04,-6.369441e-03,1.720174e-04,-7.609929e+00,-6.943131e+00,3.671907e-01,-7.394013e+02,9.911895e+03,-1.025828e+04,4.490748e+06,2.861638e-02,5.832239e+00,-5.547098e-03,2.572467e+02,1.569455e+04,-4.881516e+02
2.270441e-03,2.650634e+04,6.600336e+03,3.065888e-02,-4.857345e-04,-5.703061e+00,1.023809e-01,9.774000e-07,2.368938e+02,0.000000e+00,0.000000e+00,2.796151e+03,0.000000e+00,0.000000e+00,0.000000e+00,0.000000e+00,0.000000e+00,0.000000e+00,0.000000e+00,0.000000e+00,0.000000e+00,0.000000e+00,0.000000e+00,0.000000e+00,0.000000e+00,0.000000e+00,0.000000e+00,0.000000e+00,0.000000e+00,0.000000e+00,0.000000e+00,0.000000e+00,0.000000e+00,0.000000e+00,0.000000e+00,0.000000e+00,0.000000e+00,0.000000e+00,0.000000e+00,0.000000e+00,0.000000e+00,0.000000e+00,0.000000e+00,0.000000e+00,0.000000e+00,0.000000e+00,0.000000e+00,0.000000e+00,0.000000e+00,2.650634e+04,5.418194e+03,2.002005e-02,-1.562604e-03,-3.324177e+00,1.136610e-03,0.000000e+00,0.000000e+00,0.000000e+00,0.000000e+00,0.000000e+00,0.000000e+00,0.000000e+00,0.000000e+00,0.000000e+00,0.000000e+00,0.000000e+00,0.000000e+00,0.000000e+00,0.000000e+00,0.000000e+00,0.000000e+00,0.000000e+00,0.000000e+00,0.000000e+00,0.000000e+00,0.000000e+00,-3.926544e+06,4.974212e+03,-2.232084e+06,1.459331e-01,3.679766e-04,-1.077854e+01,-1.644437e-01,-1.892773e-03,-1.915345e-01,2.768987e-03,-2.581109e-05,1.231700e+01,-7.887060e-02,6.816787e-04,-6.246509e-04,-6.437301e-03,1.755912e-04,-7.616920e+00,-7.011236e+00,4.057846e-01,-6.957226e+02,-1.980724e+04,-5.005991e+03,4.516587e+06,2.604845e-02,5.989400e+00,-4.468312e-03,9.820756e+02,1.459052e+04,-4.914404e+02
2.280215e-03,2.663314e+04,6.439735e+03,3.321982e-02,-3.941749e-04,-5.532121e+00,1.023813e-01,9.774000e-07,2.496220e+02,0.000000e+00,0.000000e+00,2.819324e+03,0.000000e+00,0.000000e+00,0.000000e+00,0.000000e+00,0.000000e+00,0.000000e+00,0.000000e+00,0.000000e+00,0.000000e+00,0.000000e+00,0.000000e+00,0.000000e+00,0.000000e+00,0.000000e+00,0.000000e+00,0.000000e+00,0.000000e+00,0.000000e+00,0.000000e+00,0.000000e+00,0.000000e+00,0.000000e+00,0.000000e+00,0.000000e+00,0.000000e+00,0.000000e+00,0.000000e+00,0.000000e+00,0.000000e+00,0.000000e+00,0.000000e+00,0.000000e+00,0.000000e+00,0.000000e+00,0.000000e+00,0.000000e+00,0.000000e+00,2.663314e+04,5.351565e+03,2.115786e-02,-1.514912e-03,-3.301901e+00,1.136610e-03,0.000000e+00,0.000000e+00,0.000000e+00,0.000000e+00,0.000000e+00,0.000000e+00,0.000000e+00,0.000000e+00,0.000000e+00,0.000000e+00,0.000000e+00,0.000000e+00,0.000000e+00,0.000000e+00,0.000000e+00,0.000000e+00,0.000000e+00,0.000000e+00,0.000000e+00,0.000000e+00,0.000000e+00,-3.577522e+06,2.521943e+04,-2.055100e+06,1.481508e-01,6.306630e-04,-1.092360e+01,-1.686337e-01,-1.991308e-03,-1.933398e-01,2.759445e-03,2.743381e-04,1.248915e+01,-8.211291e-02,8.692978e-04,-6.608767e-04,-6.504849e-03,1.794842e-04,-7.623482e+00,-6.839347e+00,3.638458e-01,-6.519506e+02,7.737344e+02,-2.524957e+04,4.125785e+06,2.934076e-02,6.144498e+00,-6.897798e-03,-1.611739e+02,2.253244e+04,-5.942679e+02
2.290966e-03,2.676740e+04,6.268252e+03,3.627039e-02,-2.308240e-04,-5.342331e+00,1.023813e-01,9.774000e-07,2.639742e+02,0.000000e+00,0.000000e+00,2.842055e+03,0.000000e+00,0.000000e+00,0.000000e+00,0.000000e+00,0.000000e+00,0.000000e+00,0.000000e+00,0.000000e+00,0.000000e+00,0.000000e+00,0.000000e+00,0.000000e+00,0.000000e+00,0.000000e+00,0.000000e+00,0.000000e+00,0.000000e+00,0.000000e+00,0.000000e+00,0.000000e+00,0.000000e+00,0.000000e+00,0.000000e+00,0.000000e+00,0.000000e+00,0.000000e+00,0.000000e+00,0.000000e+00,0.000000e+00,0.000000e+00,0.000000e+00,0.000000e+00,0.000000e+00,0.000000e+00,0.000000e+00,0.000000e+00,0.000000e+00,2.676740e+04,5.276229e+03,2.298702e-02,-1.460940e-03,-3.276164e+00,1.136610e-03,0.000000e+00,0.000000e+00,0.000000e+00,0.000000e+00,0.000000e+00,0.000000e+00,0.000000e+00,0.000000e+00,0.000000e+00,0.000000e+00,0.000000e+00,0.000000e+00,0.000000e+00,0.000000e+00,0.000000e+00,0.000000e+00,0.000000e+00,0.000000e+00,0.000000e+00,0.000000e+00,0.000000e+00,-4.013434e+06,-1.476299e+04,-2.335865e+06,1.514727e-01,4.575464e-04,-1.108484e+01,-1.734013e-01,-2.033671e-03,-1.950940e-01,2.748879e-03,6.755551e-04,1.267901e+01,-8.590915e-02,1.082753e-03,-7.169443e-04,-6.578776e-03,1.834613e-04,-7.630214e+00,-6.808786e+00,4.095909e-01,-6.041118e+02,2.750465e+04,1.472745e+04,4.643616e+06,2.925581e-02,6.323633e+00,-5.766926e-03,-3.785111e+02,1.302692e+04,4.938525e+02
2.300740e-03,2.688126e+04,6.119587e+03,3.901970e-02,-2.912294e-05,-5.171120e+00,1.023818e-01,9.774000e-07,2.786136e+02,0.000000e+00,0.000000e+00,2.864848e+03,0.000000e+00,0.000000e+00,0.000000e+00,0.000000e+00,0.000000e+00,0.000000e+00,0.000000e+00,0.000000e+00,0.000000e+00,0.000000e+00,0.000000e+00,0.000000e+00,0.000000e+00,0.000000e+00,0.000000e+00,0.000000e+00,0.000000e+00,0.000000e+00,0.000000e+00,0.000000e+00,0.000000e+00,0.000000e+00,0.000000e+00,0.000000e+00,0.000000e+00,0.000000e+00,0.000000e+00,0.000000e+00,0.000000e+00,0.000000e+00,0.000000e+00,0.000000e+00,0.000000e+00,0.000000e+00,0.000000e+00,0.000000e+00,0.000000e+00,2.688126e+04,5.206644e+03,2.469747e-02,-1.369026e-03,-3.252172e+00,1.136610e-03,0.000000e+00,0.000000e+00,0.000000e+00,0.000000e+00,0.000000e+00,0.000000e+00,0.000000e+00,0.000000e+00,0.000000e+00,0.000000e+00,0.000000e+00,0.000000e+00,0.000000e+00,0.000000e+00,0.000000e+00,0.000000e+00,0.000000e+00,0.000000e+00,0.000000e+00,0.000000e+00,0.000000e+00,-3.732367e+06,1.746919e+04,-2.175542e+06,1.541462e-01,5.401212e-04,-1.122869e+01,-1.783095e-01,-2.264278e-03,-1.968128e-01,2.739245e-03,1.110110e-03,1.285165e+01,-8.940930e-02,1.295642e-03,-7.846998e-04,-6.644662e-03,1.875532e-04,-7.635884e+00,-6.673547e+00,4.535140e-01,-5.610286e+02,2.867743e+04,-1.750357e+04,4.320037e+06,3.163037e-02,6.493984e+00,-5.765168e-03,1.228652e+02,1.875394e+04,-4.561389e+02
2.310514e-03,2.698921e+04,5.977642e+03,4.188152e-02,2.298579e-04,-5.000221e+00,1.023825e-01,9.774000e-07,2.941241e+02,0.000000e+00,0.000000e+00,2.886600e+03,0.000000e+00,0.000000e+00,0.000000e+00,0.000000e+00,0.000000e+00,0.000000e+00,0.000000e+00,0.000000e+00,0.000000e+00,0.000000e+00,0.000000e+00,0.000000e+00,0.000000e+00,0.000000e+00,0.000000e+00,0.000000e+00,0.000000e+00,0.000000e+00,0.000000e+00,0.000000e+00,0.000000e+00,0.000000e+00,0.000000e+00,0.000000e+00,0.000000e+00,0.000000e+00,0.000000e+00,0.000000e+00,0.000000e+00,0.000000e+00,0.000000e+00,0.000000e+00,0.000000e+00,0.000000e+00,0.000000e+00,0.000000e+00,0.000000e+00,2.698921e+04,5.136592e+03,2.607275e-02,-1.279920e-03,-3.227375e+00,1.136609e-03,0.000000e+00,0.000000e+00,0.000000e+00,0.000000e+00,0.000000e+00,0.000000e+00,0.000000e+00,0.000000e+00,0.000000e+00,0.000000e+00,0.000000e+00,0.000000e+00,0.000000e+00,0.000000e+00,0.000000e+00,0.000000e+00,0.000000e+00,0.000000e+00,0.000000e+00,0.000000e+00,0.000000e+00,-3.719480e+06,5.086987e+03,-2.151057e+06,1.563445e-01,4.951680e-04,-1.137191e+01,-1.831518e-01,-2.300293e-03,-1.984782e-01,2.729638e-03,1.610911e-03,1.302442e+01,-9.309983e-02,1.520125e-03,-8.689014e-04,-6.708412e-03,1.918030e-04,-7.641139e+00,-6.390574e+00,4.928442e-01,-5.184741e+02,1.413498e+04,-5.122497e+03,4.296671e+06,3.282682e-02,6.672221e+00,-5.354680e-03,-1.440911e+02,1.942377e+04,-3.176297e+02
2.320288e-03,2.708982e+04,5.841208e+03,4.486996e-02,5.735797e-04,-4.829406e+00,1.023831e-01,9.774000e-07,3.109258e+02,0.000000e+00,0.000000e+00,2.907853e+03,0.000000e+00,0.000000e+00,0.000000e+00,0.000000e+00,0.000000e+00,0.000000e+00,0.000000e+00,0.000000e+00,0.000000e+00,0.000000e+00,0.000000e+00,0.000000e+00,0.000000e+00,0.000000e+00,0.000000e+00,0.000000e+00,0.000000e+00,0.000000e+00,0.000000e+00,0.000000e+00,0.000000e+00,0.000000e+00,0.000000e+00,0.000000e+00,0.000000e+00,0.000000e+00,0.000000e+00,0.000000e+00,0.000000e+00,0.000000e+00,0.000000e+00,0.000000e+00,0.000000e+00,0.000000e+00,0.000000e+00,0.000000e+00,0.000000e+00,2.708982e+04,5.064784e+03,2.735002e-02,-1.028152e-03,-3.201718e+00,1.136610e-03,0.000000e+00,0.000000e+00,0.000000e+00,0.000000e+00,0.000000e+00,0.000000e+00,0.000000e+00,0.000000e+00,0.000000e+00,0.000000e+00,0.000000e+00,0.000000e+00,0.000000e+00,0.000000e+00,0.000000e+00,0.000000e+00,0.000000e+00,0.000000e+00,0.000000e+00,0.000000e+00,0.000000e+00,-3.865236e+06,-2.450845e+03,-2.264728e+06,1.583722e-01,7.391499e-04,-1.151489e+01,-1.884298e-01,-2.428937e-03,-2.002001e-01,2.720029e-03,2.156846e-03,1.319682e+01,-9.692552e-02,1.725797e-03,-9.658030e-04,-6.769544e-03,1.961318e-04,-7.645978e+00,-6.076402e+00,4.509567e-01,-4.763137e+02,4.046505e+04,2.412337e+03,4.479666e+06,3.508377e-02,6.861883e+00,-7.521961e-03,-7.528334e+01,1.641024e+04,-4.806641e+01
2.330062e-03,2.718240e+04,5.712949e+03,4.814059e-02,9.155991e-04,-4.659071e+00,1.023838e-01,9.774000e-07,3.279081e+02,0.000000e+00,0.000000e+00,2.929490e+03,0.000000e+00,0.000000e+00,0.000000e+00,0.000000e+00,0.000000e+00,0.000000e+00,0.000000e+00,0.000000e+00,0.000000e+00,0.000000e+00,0.000000e+00,0.000000e+00,0.000000e+00,0.000000e+00,0.000000e+00,0.000000e+00,0.000000e+00,0.000000e+00,0.000000e+00,0.000000e+00,0.000000e+00,0.000000e+00,0.000000e+00,0.000000e+00,0.000000e+00,0.000000e+00,0.000000e+00,0.000000e+00,0.000000e+00,0.000000e+00,0.000000e+00,0.000000e+00,0.000000e+00,0.000000e+00,0.000000e+00,0.000000e+00,0.000000e+00,2.718240e+04,4.993816e+03,2.911517e-02,-8.210051e-04,-3.176070e+00,1.136610e-03,0.000000e+00,0.000000e+00,0.000000e+00,0.000000e+00,0.000000e+00,0.000000e+00,0.000000e+00,0.000000e+00,0.000000e+00,0.000000e+00,0.000000e+00,0.000000e+00,0.000000e+00,0.000000e+00,0.000000e+00,0.000000e+00,0.000000e+00,0.000000e+00,0.000000e+00,0.000000e+00,0.000000e+00,-3.711014e+06,-8.742467e+03,-2.239512e+06,1.618240e-01,8.911235e-04,-1.165764e+01,-1.936346e-01,-2.605062e-03,-2.018180e-01,2.710396e-03,2.667017e-03,1.336891e+01,-1.008739e-01,1.907355e-03,-1.060008e-03,-6.829089e-03,2.006747e-04,-7.650404e+00,-6.045914e+00,4.544096e-01,-4.339068e+02,9.564859e+04,8.703643e+03,4.333346e+06,3.624219e-02,7.045879e+00,-8.312105e-03,3.214102e+02,1.870125e+04,9.718382e+01
2.340814e-03,2.727370e+04,5.569942e+03,5.166503e-02,8.359127e-04,-4.471204e+00,1.023845e-01,9.774000e-07,3.475557e+02,0.000000e+00,0.000000e+00,3.000771e+03,0.000000e+00,0.000000e+00,0.000000e+00,0.000000e+00,0.000000e+00,0.000000e+00,0.000000e+00,0.000000e+00,0.000000e+00,0.000000e+00,0.000000e+00,0.000000e+00,0.000000e+00,0.000000e+00,0.000000e+00,0.000000e+00,0.000000e+00,0.000000e+00,0.000000e+00,0.000000e+00,0.000000e+00,0.000000e+00,0.000000e+00,0.000000e+00,0.000000e+00,0.000000e+00,0.000000e+00,0.000000e+00,0.000000e+00,0.000000e+00,0.000000e+00,0.000000e+00,0.000000e+00,0.000000e+00,0.000000e+00,0.000000e+00,0.000000e+00,2.727370e+04,4.910175e+03,3.035190e-02,-9.355787e-04,-3.146517e+00,1.136610e-03,0.000000e+00,0.000000e+00,0.000000e+00,0.000000e+00,0.000000e+00,0.000000e+00,0.000000e+00,0.000000e+00,0.000000e+00,0.000000e+00,0.000000e+00,0.000000e+00,0.000000e+00,0.000000e+00,0.000000e+00,0.000000e+00,0.000000e+00,0.000000e+00,0.000000e+00,0.000000e+00,0.000000e+00,-3.694054e+06,2.455185e+04,-2.166345e+06,1.647471e-01,9.251248e-04,-1.181379e+01,-1.998209e-01,-2.830082e-03,-2.036878e-01,2.699745e-03,2.875554e-03,1.355871e+01,-1.052544e-01,2.266373e-03,-1.100342e-03,-6.890763e-03,2.063023e-04,-7.654799e+00,-5.652977e+00,5.326720e-01,-3.876977e+02,4.095589e+04,-2.459189e+04,4.282220e+06,3.768763e-02,7.253559e+00,-7.508652e-03,8.286046e+02,1.993700e+04,-8.435130e+02
2.350588e-03,2.736221e+04,5.453291e+03,5.470181e-02,1.874328e-04,-4.297818e+00,1.023852e-01,9.774000e-07,3.662727e+02,0.000000e+00,0.000000e+00,3.018532e+03,0.000000e+00,0.000000e+00,0.000000e+00,0.000000e+00,0.000000e+00,0.000000e+00,0.000000e+00,0.000000e+00,0.000000e+00,0.000000e+00,0.000000e+00,0.000000e+00,0.000000e+00,0.000000e+00,0.000000e+00,0.000000e+00,0.000000e+00,0.000000e+00,0.000000e+00,0.000000e+00,0.000000e+00,0.000000e+00,0.000000e+00,0.000000e+00,0.000000e+00,0.000000e+00,0.000000e+00,0.000000e+00,0.000000e+00,0.000000e+00,0.000000e+00,0.000000e+00,0.000000e+00,0.000000e+00,0.000000e+00,0.000000e+00,0.000000e+00,2.736221e+04,4.835256e+03,3.143460e-02,-1.457683e-03,-3.117194e+00,1.136610e-03,0.000000e+00,0.000000e+00,0.000000e+00,0.000000e+00,0.000000e+00,0.000000e+00,0.000000e+00,0.000000e+00,0.000000e+00,0.000000e+00,0.000000e+00,0.000000e+00,0.000000e+00,0.000000e+00,0.000000e+00,0.000000e+00,0.000000e+00,0.000000e+00,0.000000e+00,0.000000e+00,0.000000e+00,-3.810348e+06,1.318230e+04,-2.211909e+06,1.681372e-01,8.970049e-04,-1.195574e+01,-2.056221e-01,-2.985909e-03,-2.051812e-01,2.690068e-03,2.876305e-03,1.373367e+01,-1.089464e-01,2.922131e-03,-1.101893e-03,-6.944605e-03,2.114621e-04,-7.658363e+00,-5.443894e+00,5.798171e-01,-3.458694e+02,2.292754e+04,-1.322512e+04,4.405765e+06,3.963532e-02,7.447898e+00,-7.904063e-03,1.039769e+03,1.721327e+04,-6.560860e+02
2.360362e-03,2.746239e+04,5.348664e+03,5.788179e-02,8.881373e-05,-4.124774e+00,1.023856e-01,9.774000e-07,3.851758e+02,0.000000e+00,0.000000e+00,3.005356e+03,0.000000e+00,0.000000e+00,0.000000e+00,0.000000e+00,0.000000e+00,0.000000e+00,0.000000e+00,0.000000e+00,0.000000e+00,0.000000e+00,0.000000e+00,0.000000e+00,0.000000e+00,0.000000e+00,0.000000e+00,0.000000e+00,0.000000e+00,0.000000e+00,0.000000e+00,0.000000e+00,0.000000e+00,0.000000e+00,0.000000e+00,0.000000e+00,0.000000e+00,0.000000e+00,0.000000e+00,0.000000e+00,0.000000e+00,0.000000e+00,0.000000e+00,0.000000e+00,0.000000e+00,0.000000e+00,0.000000e+00,0.000000e+00,0.000000e+00,2.746239e+04,4.766833e+03,3.257135e-02,-1.617331e-03,-3.088195e+00,1.136609e-03,0.000000e+00,0.000000e+00,0.000000e+00,0.000000e+00,0.000000e+00,0.000000e+00,0.000000e+00,0.000000e+00,0.000000e+00,0.000000e+00,0.000000e+00,0.000000e+00,0.000000e+00,0.000000e+00,0.000000e+00,0.000000e+00,0.000000e+00,0.000000e+00,0.000000e+00,0.000000e+00,0.000000e+00,-3.719174e+06,-4.311599e+03,-2.131218e+06,1.713468e-01,9.676013e-04,-1.209714e+01,-2.116078e-01,-3.159539e-03,-2.067439e-01,2.680410e-03,2.877181e-03,1.390750e+01,-1.128830e-01,3.001259e-03,-1.103449e-03,-6.996478e-03,2.170801e-04,-7.661518e+00,-5.205647e+00,6.055060e-01,-3.039690e+02,-1.389119e+03,4.268152e+03,4.286530e+06,4.368009e-02,7.636913e+00,-9.295984e-03,-4.133838e+02,1.918374e+04,1.270606e+02
2.370136e-03,2.755127e+04,5.224539e+03,6.159796e-02,-4.146991e-05,-3.953744e+00,1.023859e-01,9.774000e-07,4.058746e+02,0.000000e+00,0.000000e+00,3.021008e+03,0.000000e+00,0.000000e+00,0.000000e+00,0.000000e+00,0.000000e+00,0.000000e+00,0.000000e+00,0.000000e+00,0.000000e+00,0.000000e+00,0.000000e+00,0.000000e+00,0.000000e+00,0.000000e+00,0.000000e+00,0.000000e+00,0.000000e+00,0.000000e+00,0.000000e+00,0.000000e+00,0.000000e+00,0.000000e+00,0.000000e+00,0.000000e+00,0.000000e+00,0.000000e+00,0.000000e+00,0.000000e+00,0.000000e+00,0.000000e+00,0.000000e+00,0.000000e+00,0.000000e+00,0.000000e+00,0.000000e+00,0.000000e+00,0.000000e+00,2.755127e+04,4.682918e+03,3.388022e-02,-1.774420e-03,-3.059676e+00,1.136610e-03,0.000000e+00,0.000000e+00,0.000000e+00,0.000000e+00,0.000000e+00,0.000000e+00,0.000000e+00,0.000000e+00,0.000000e+00,0.000000e+00,0.000000e+00,0.000000e+00,0.000000e+00,0.000000e+00,0.000000e+00,0.000000e+00,0.000000e+00,0.000000e+00,0.000000e+00,0.000000e+00,0.000000e+00,-3.681620e+06,6.482878e+03,-2.139951e+06,1.732695e-01,1.007465e-03,-1.223673e+01,-2.181399e-01,-3.344242e-03,-2.084506e-01,2.670751e-03,2.878195e-03,1.407915e+01,-1.173144e-01,3.118430e-03,-1.105069e-03,-7.045873e-03,2.232314e-04,-7.664265e+00,-4.740404e+00,6.364863e-01,-2.628968e+02,2.519113e+04,-6.527825e+03,4.258296e+06,4.388791e-02,7.839437e+00,-9.286732e-03,9.687089e+02,1.967454e+04,-5.347130e+02
2.380887e-03,2.762180e+04,5.110366e+03,6.583454e-02,-1.690879e-04,-3.766065e+00,1.023861e-01,9.774000e-07,4.305328e+02,0.000000e+00,0.000000e+00,3.040773e+03,0.000000e+00,0.000000e+00,0.000000e+00,0.000000e+00,0.000000e+00,0.000000e+00,0.000000e+00,0.000000e+00,0.000000e+00,0.000000e+00,0.000000e+00,0.000000e+00,0.000000e+00,0.000000e+00,0.000000e+00,0.000000e+00,0.000000e+00,0.000000e+00,0.000000e+00,0.000000e+00,0.000000e+00,0.000000e+00,0.000000e+00,0.000000e+00,0.000000e+00,0.000000e+00,0.000000e+00,0.000000e+00,0.000000e+00,0.000000e+00,0.000000e+00,0.000000e+00,0.000000e+00,0.000000e+00,0.000000e+00,0.000000e+00,0.000000e+00,2.762180e+04,4.599511e+03,3.502172e-02,-1.986487e-03,-3.027841e+00,1.136610e-03,0.000000e+00,0.000000e+00,0.000000e+00,0.000000e+00,0.000000e+00,0.000000e+00,0.000000e+00,0.000000e+00,0.000000e+00,0.000000e+00,0.000000e+00,0.000000e+00,0.000000e+00,0.000000e+00,0.000000e+00,0.000000e+00,0.000000e+00,0.000000e+00,0.000000e+00,0.000000e+00,0.000000e+00,-3.622314e+06,5.497243e+02,-2.078530e+06,1.756271e-01,1.038397e-03,-1.238916e+01,-2.252006e-01,-3.538673e-03,-2.104841e-01,2.660165e-03,2.879382e-03,1.426713e+01,-1.223347e-01,3.235460e-03,-1.106877e-03,-7.092935e-03,2.302118e-04,-7.666831e+00,-4.169498e+00,6.707926e-01,-2.182412e+02,1.764094e+03,-5.958534e+02,4.176295e+06,4.656203e-02,8.073532e+00,-1.002052e-02,3.578131e+02,2.133717e+04,-2.263598e+02
2.390661e-03,2.766488e+04,5.016590e+03,6.967576e-02,-4.392648e-05,-3.594649e+00,1.023861e-01,9.774000e-07,4.502751e+02,0.000000e+00,0.000000e+00,3.072050e+03,0.000000e+00,0.000000e+00,0.000000e+00,0.000000e+00,0.000000e+00,0.000000e+00,0.000000e+00,0.000000e+00,0.000000e+00,0.000000e+00,0.000000e+00,0.000000e+00,0.000000e+00,0.000000e+00,0.000000e+00,0.000000e+00,0.000000e+00,0.000000e+00,0.000000e+00,0.000000e+00,0.000000e+00,0.000000e+00,0.000000e+00,0.000000e+00,0.000000e+00,0.000000e+00,0.000000e+00,0.000000e+00,0.000000e+00,0.000000e+00,0.000000e+00,0.000000e+00,0.000000e+00,0.000000e+00,0.000000e+00,0.000000e+00,0.000000e+00,2.766488e+04,4.526703e+03,3.647109e-02,-1.981087e-03,-3.000300e+00,1.136610e-03,0.000000e+00,0.000000e+00,0.000000e+00,0.000000e+00,0.000000e+00,0.000000e+00,0.000000e+00,0.000000e+00,0.000000e+00,0.000000e+00,0.000000e+00,0.000000e+00,0.000000e+00,0.000000e+00,0.000000e+00,0.000000e+00,0.000000e+00,0.000000e+00,0.000000e+00,0.000000e+00,0.000000e+00,-3.694002e+06,-1.662436e+04,-2.193442e+06,1.790548e-01,9.172421e-04,-1.253130e+01,-2.315823e-01,-3.608044e-03,-2.119770e-01,2.650471e-03,2.880543e-03,1.443886e+01,-1.268393e-01,3.046413e-03,-1.108507e-03,-7.132120e-03,2.368140e-04,-7.668738e+00,-3.881818e+00,7.270633e-01,-1.762210e+02,6.614754e+04,1.657477e+04,4.295634e+06,4.706701e-02,8.258219e+00,-9.580431e-03,-4.270058e+02,1.844707e+04,4.723551e+02
2.400435e-03,2.771943e+04,4.929708e+03,7.336418e-02,3.509410e-04,-3.421589e+00,1.023862e-01,9.774000e-07,4.737285e+02,0.000000e+00,0.000000e+00,3.081276e+03,0.000000e+00,0.000000e+00,0.000000e+00,0.000000e+00,0.000000e+00,0.000000e+00,0.000000e+00,0.000000e+00,0.000000e+00,0.000000e+00,0.000000e+00,0.000000e+00,0.000000e+00,0.000000e+00,0.000000e+00,0.000000e+00,0.000000e+00,0.000000e+00,0.000000e+00,0.000000e+00,0.000000e+00,0.000000e+00,0.000000e+00,0.000000e+00,0.000000e+00,0.000000e+00,0.000000e+00,0.000000e+00,0.000000e+00,0.000000e+00,0.000000e+00,0.000000e+00,0.000000e+00,0.000000e+00,0.000000e+00,0.000000e+00,0.000000e+00,2.771943e+04,4.454409e+03,3.726698e-02,-1.718781e-03,-2.969486e+00,1.136610e-03,0.000000e+00,0.000000e+00,0.000000e+00,0.000000e+00,0.000000e+00,0.000000e+00,0.000000e+00,0.000000e+00,0.000000e+00,0.000000e+00,0.000000e+00,0.000000e+00,0.000000e+00,0.000000e+00,0.000000e+00,0.000000e+00,0.000000e+00,0.000000e+00,0.000000e+00,0.000000e+00,0.000000e+00,-3.644644e+06,1.401790e+02,-2.122506e+06,1.806783e-01,1.189760e-03,-1.266870e+01,-2.386828e-01,-3.725538e-03,-2.138011e-01,2.640789e-03,2.881798e-03,1.461184e+01,-1.312933e-01,2.673296e-03,-1.110134e-03,-7.166335e-03,2.438332e-04,-7.670242e+00,-3.177618e+00,6.872157e-01,-1.359405e+02,2.949277e+04,-1.908033e+02,4.217534e+06,4.990669e-02,8.470100e+00,-1.167272e-02,1.841301e+02,1.984626e+04,-8.383237e+01
2.410209e-03,2.776407e+04,4.847296e+03,7.749318e-02,3.157899e-04,-3.251776e+00,1.023864e-01,9.774000e-07,4.954828e+02,0.000000e+00,0.000000e+00,3.097755e+03,0.000000e+00,0.000000e+00,0.000000e+00,0.000000e+00,0.000000e+00,0.000000e+00,0.000000e+00,0.000000e+00,0.000000e+00,0.000000e+00,0.000000e+00,0.000000e+00,0.000000e+00,0.000000e+00,0.000000e+00,0.000000e+00,0.000000e+00,0.000000e+00,0.000000e+00,0.000000e+00,0.000000e+00,0.000000e+00,0.000000e+00,0.000000e+00,0.000000e+00,0.000000e+00,0.000000e+00,0.000000e+00,0.000000e+00,0.000000e+00,0.000000e+00,0.000000e+00,0.000000e+00,0.000000e+00,0.000000e+00,0.000000e+00,0.000000e+00,2.776407e+04,4.380557e+03,3.841026e-02,-1.799149e-03,-2.940634e+00,1.136610e-03,0.000000e+00,0.000000e+00,0.000000e+00,0.000000e+00,0.000000e+00,0.000000e+00,0.000000e+00,0.000000e+00,0.000000e+00,0.000000e+00,0.000000e+00,0.000000e+00,0.000000e+00,0.000000e+00,0.000000e+00,0.000000e+00,0.000000e+00,0.000000e+00,0.000000e+00,0.000000e+00,0.000000e+00,-3.688230e+06,5.865152e+03,-2.156932e+06,1.839200e-01,1.167156e-03,-1.280833e+01,-2.454445e-01,-3.848762e-03,-2.156008e-01,2.631151e-03,2.883083e-03,1.478207e+01,-1.361831e-01,2.701738e-03,-1.111717e-03,-7.195592e-03,2.509657e-04,-7.671350e+00,-2.730823e+00,7.287567e-01,-9.482455e+01,3.804950e+04,-5.918486e+03,4.272464e+06,5.087027e-02,8.663218e+00,-1.140142e-02,7.201542e+02,1.861685e+04,-4.529893e+02
2.420960e-03,2.779274e+04,4.766292e+03,8.213544e-02,4.943999e-04,-3.064302e+00,1.023866e-01,9.774000e-07,5.214884e+02,0.000000e+00,0.000000e+00,3.124639e+03,0.000000e+00,0.000000e+00,0.000000e+00,0.000000e+00,0.000000e+00,0.000000e+00,0.000000e+00,0.000000e+00,0.000000e+00,0.000000e+00,0.000000e+00,0.000000e+00,0.000000e+00,0.000000e+00,0.000000e+00,0.000000e+00,0.000000e+00,0.000000e+00,0.000000e+00,0.000000e+00,0.000000e+00,0.000000e+00,0.000000e+00,0.000000e+00,0.000000e+00,0.000000e+00,0.000000e+00,0.000000e+00,0.000000e+00,0.000000e+00,0.000000e+00,0.000000e+00,0.000000e+00,0.000000e+00,0.000000e+00,0.000000e+00,0.000000e+00,2.779274e+04,4.303365e+03,3.957195e-02,-1.794931e-03,-2.908512e+00,1.136610e-03,0.000000e+00,0.000000e+00,0.000000e+00,0.000000e+00,0.000000e+00,0.000000e+00,0.000000e+00,0.000000e+00,0.000000e+00,0.000000e+00,0.000000e+00,0.000000e+00,0.000000e+00,0.000000e+00,0.000000e+00,0.000000e+00,0.000000e+00,0.000000e+00,0.000000e+00,0.000000e+00,0.000000e+00,-3.546397e+06,-2.734211e+03,-2.093320e+06,1.859891e-01,1.177931e-03,-1.295911e+01,-2.536114e-01,-3.894561e-03,-2.175862e-01,2.620523e-03,2.884640e-03,1.496999e+01,-1.415192e-01,2.470293e-03,-1.113374e-03,-7.221006e-03,2.592038e-04,-7.672106e+00,-1.980095e+00,7.674819e-01,-5.045581e+01,5.375128e+04,2.680440e+03,4.117770e+06,5.270093e-02,8.886941e+00,-1.174500e-02,-3.287548e+02,2.056440e+04,1.926992e+02
2.430734e-03,2.782440e+04,4.701922e+03,8.649559e-02,6.385438e-04,-2.893865e+00,1.023869e-01,9.774000e-07,5.447993e+02,0.000000e+00,0.000000e+00,3.134675e+03,0.000000e+00,0.000000e+00,0.000000e+00,0.000000e+00,0.000000e+00,0.000000e+00,0.000000e+00,0.000000e+00,0.000000e+00,0.000000e+00,0.000000e+00,0.000000e+00,0.000000e+00,0.000000e+00,0.000000e+00,0.000000e+00,0.000000e+00,0.000000e+00,0.000000e+00,0.000000e+00,0.000000e+00,0.000000e+00,0.000000e+00,0.000000e+00,0.000000e+00,0.000000e+00,0.000000e+00,0.000000e+00,0.000000e+00,0.000000e+00,0.000000e+00,0.000000e+00,0.000000e+00,0.000000e+00,0.000000e+00,0.000000e+00,0.000000e+00,2.782440e+04,4.234737e+03,4.068980e-02,-1.737688e-03,-2.878371e+00,1.136609e-03,0.000000e+00,0.000000e+00,0.000000e+00,0.000000e+00,0.000000e+00,0.000000e+00,0.000000e+00,0.000000e+00,0.000000e+00,0.000000e+00,0.000000e+00,0.000000e+00,0.000000e+00,0.000000e+00,0.000000e+00,0.000000e+00,0.000000e+00,0.000000e+00,0.000000e+00,0.000000e+00,0.000000e+00,-3.574050e+06,-3.255792e+03,-2.127631e+06,1.888769e-01,1.128559e-03,-1.309708e+01,-2.607618e-01,-3.990464e-03,-2.193659e-01,2.610901e-03,2.886059e-03,1.514065e+01,-1.465789e-01,2.345228e-03,-1.114923e-03,-7.237636e-03,2.668375e-04,-7.672381e+00,-1.393353e+00,8.067840e-01,-9.922525e+00,7.014538e+04,3.199294e+03,4.158812e+06,5.331608e-02,9.084215e+00,-1.143767e-02,1.358698e+02,1.934474e+04,8.704350e+00
2.440508e-03,2.784048e+04,4.646587e+03,9.111815e-02,6.391233e-04,-2.725143e+00,1.023869e-01,9.774000e-07,5.677195e+02,0.000000e+00,0.000000e+00,3.151065e+03,0.000000e+00,0.000000e+00,0.000000e+00,0.000000e+00,0.000000e+00,0.000000e+00,0.000000e+00,0.000000e+00,0.000000e+00,0.000000e+00,0.000000e+00,0.000000e+00,0.000000e+00,0.000000e+00,0.000000e+00,0.000000e+00,0.000000e+00,0.000000e+00,0.000000e+00,0.000000e+00,0.000000e+00,0.000000e+00,0.000000e+00,0.000000e+00,0.000000e+00,0.000000e+00,0.000000e+00,0.000000e+00,0.000000e+00,0.000000e+00,0.000000e+00,0.000000e+00,0.000000e+00,0.000000e+00,0.000000e+00,0.000000e+00,0.000000e+00,2.784048e+04,4.168474e+03,4.217710e-02,-1.806454e-03,-2.849802e+00,1.136610e-03,0.000000e+00,0.000000e+00,0.000000e+00,0.000000e+00,0.000000e+00,0.000000e+00,0.000000e+00,0.000000e+00,0.000000e+00,0.000000e+00,0.000000e+00,0.000000e+00,0.000000e+00,0.000000e+00,0.000000e+00,0.000000e+00,0.000000e+00,0.000000e+00,0.000000e+00,0.000000e+00,0.000000e+00,-3.521237e+06,6.181625e+03,-2.062499e+06,1.920604e-01,1.146649e-03,-1.323460e+01,-2.682160e-01,-4.072417e-03,-2.209939e-01,2.601348e-03,2.887389e-03,1.530945e+01,-1.518922e-01,2.309163e-03,-1.116495e-03,-7.248178e-03,2.749057e-04,-7.672259e+00,-8.171928e-01,8.563940e-01,3.069371e+01,4.023733e+04,-6.239114e+03,4.080612e+06,5.433765e-02,9.273032e+00,-1.110284e-02,1.958693e+01,2.037315e+04,-1.247690e+02
2.450282e-03,2.785139e+04,4.593458e+03,9.566938e-02,8.561714e-04,-2.555233e+00,1.023870e-01,9.774000e-07,5.931306e+02,0.000000e+00,0.000000e+00,3.168190e+03,0.000000e+00,0.000000e+00,0.000000e+00,0.000000e+00,0.000000e+00,0.000000e+00,0.000000e+00,0.000000e+00,0.000000e+00,0.000000e+00,0.000000e+00,0.000000e+00,0.000000e+00,0.000000e+00,0.000000e+00,0.000000e+00,0.000000e+00,0.000000e+00,0.000000e+00,0.000000e+00,0.000000e+00,0.000000e+00,0.000000e+00,0.000000e+00,0.000000e+00,0.000000e+00,0.000000e+00,0.000000e+00,0.000000e+00,0.000000e+00,0.000000e+00,0.000000e+00,0.000000e+00,0.000000e+00,0.000000e+00,0.000000e+00,0.000000e+00,2.785139e+04,4.101246e+03,4.336622e-02,-1.705488e-03,-2.819263e+00,1.136609e-03,0.000000e+00,0.000000e+00,0.000000e+00,0.000000e+00,0.000000e+00,0.000000e+00,0.000000e+00,0.000000e+00,0.000000e+00,0.000000e+00,0.000000e+00,0.000000e+00,0.000000e+00,0.000000e+00,0.000000e+00,0.000000e+00,0.000000e+00,0.000000e+00,0.000000e+00,0.000000e+00,0.000000e+00,-3.663773e+06,1.632452e+02,-2.157778e+06,1.944279e-01,1.199933e-03,-1.336999e+01,-2.758053e-01,-4.175307e-03,-2.227291e-01,2.591730e-03,2.888860e-03,1.547948e+01,-1.571325e-01,2.074806e-03,-1.118035e-03,-7.252482e-03,2.831443e-04,-7.671747e+00,-9.959097e-02,8.685705e-01,7.017647e+01,5.248888e+04,-2.254806e+02,4.251644e+06,5.589570e-02,9.480187e+00,-1.163318e-02,3.644107e+02,1.693860e+04,-1.598046e+02
2.460056e-03,2.785671e+04,4.551471e+03,1.005778e-01,7.859172e-04,-2.387452e+00,1.023871e-01,9.774000e-07,6.154503e+02,0.000000e+00,0.000000e+00,3.182610e+03,0.000000e+00,0.000000e+00,0.000000e+00,0.000000e+00,0.000000e+00,0.000000e+00,0.000000e+00,0.000000e+00,0.000000e+00,0.000000e+00,0.000000e+00,0.000000e+00,0.000000e+00,0.000000e+00,0.000000e+00,0.000000e+00,0.000000e+00,0.000000e+00,0.000000e+00,0.000000e+00,0.000000e+00,0.000000e+00,0.000000e+00,0.000000e+00,0.000000e+00,0.000000e+00,0.000000e+00,0.000000e+00,0.000000e+00,0.000000e+00,0.000000e+00,0.000000e+00,0.000000e+00,0.000000e+00,0.000000e+00,0.000000e+00,0.000000e+00,2.785671e+04,4.036976e+03,4.507859e-02,-1.766978e-03,-2.790991e+00,1.136610e-03,0.000000e+00,0.000000e+00,0.000000e+00,0.000000e+00,0.000000e+00,0.000000e+00,0.000000e+00,0.000000e+00,0.000000e+00,0.000000e+00,0.000000e+00,0.000000e+00,0.000000e+00,0.000000e+00,0.000000e+00,0.000000e+00,0.000000e+00,0.000000e+00,0.000000e+00,0.000000e+00,0.000000e+00,-3.515374e+06,2.240561e+03,-2.061240e+06,1.981903e-01,1.226202e-03,-1.350745e+01,-2.831545e-01,-4.285129e-03,-2.241980e-01,2.582255e-03,2.890090e-03,1.564724e+01,-1.627569e-01,2.125088e-03,-1.119603e-03,-7.250514e-03,2.916503e-04,-7.670841e+00,4.171441e-01,8.858350e-01,1.110280e+02,4.281324e+04,-2.302441e+03,4.074890e+06,5.710648e-02,9.655765e+00,-1.198576e-02,2.250877e+02,1.960038e+04,-9.799850e+01
2.470808e-03,2.785134e+04,4.509295e+03,1.059438e-01,9.667996e-04,-2.202722e+00,1.023871e-01,9.774000e-07,6.441712e+02,0.000000e+00,0.000000e+00,3.201570e+03,0.000000e+00,0.000000e+00,0.000000e+00,0.000000e+00,0.000000e+00,0.000000e+00,0.000000e+00,0.000000e+00,0.000000e+00,0.000000e+00,0.000000e+00,0.000000e+00,0.000000e+00,0.000000e+00,0.000000e+00,0.000000e+00,0.000000e+00,0.000000e+00,0.000000e+00,0.000000e+00,0.000000e+00,0.000000e+00,0.000000e+00,0.000000e+00,0.000000e+00,0.000000e+00,0.000000e+00,0.000000e+00,0.000000e+00,0.000000e+00,0.000000e+00,0.000000e+00,0.000000e+00,0.000000e+00,0.000000e+00,0.000000e+00,0.000000e+00,2.785134e+04,3.966774e+03,4.655645e-02,-1.708918e-03,-2.758189e+00,1.136610e-03,0.000000e+00,0.000000e+00,0.000000e+00,0.000000e+00,0.000000e+00,0.000000e+00,0.000000e+00,0.000000e+00,0.000000e+00,0.000000e+00,0.000000e+00,0.000000e+00,0.000000e+00,0.000000e+00,0.000000e+00,0.000000e+00,0.000000e+00,0.000000e+00,0.000000e+00,0.000000e+00,0.000000e+00,-3.488178e+06,-3.972066e+03,-2.051910e+06,2.007827e-01,1.293211e-03,-1.365456e+01,-2.919002e-01,-4.387689e-03,-2.261762e-01,2.571771e-03,2.891515e-03,1.583198e+01,-1.688184e-01,1.909502e-03,-1.121198e-03,-7.241206e-03,3.012443e-04,-7.669395e+00,1.270266e+00,8.843257e-01,1.540986e+02,4.865009e+04,3.908059e+03,4.046647e+06,5.850584e-02,9.878660e+00,-1.271576e-02,2.863298e+02,1.971552e+04,1.133519e+01
2.480582e-03,2.784239e+04,4.480356e+03,1.110174e-01,8.896012e-04,-2.036067e+00,1.023871e-01,9.774000e-07,6.678158e+02,0.000000e+00,0.000000e+00,3.216204e+03,0.000000e+00,0.000000e+00,0.000000e+00,0.000000e+00,0.000000e+00,0.000000e+00,0.000000e+00,0.000000e+00,0.000000e+00,0.000000e+00,0.000000e+00,0.000000e+00,0.000000e+00,0.000000e+00,0.000000e+00,0.000000e+00,0.000000e+00,0.000000e+00,0.000000e+00,0.000000e+00,0.000000e+00,0.000000e+00,0.000000e+00,0.000000e+00,0.000000e+00,0.000000e+00,0.000000e+00,0.000000e+00,0.000000e+00,0.000000e+00,0.000000e+00,0.000000e+00,0.000000e+00,0.000000e+00,0.000000e+00,0.000000e+00,0.000000e+00,2.784239e+04,3.904461e+03,4.850457e-02,-1.801929e-03,-2.728928e+00,1.136609e-03,0.000000e+00,0.000000e+00,0.000000e+00,0.000000e+00,0.000000e+00,0.000000e+00,0.000000e+00,0.000000e+00,0.000000e+00,0.000000e+00,0.000000e+00,0.000000e+00,0.000000e+00,0.000000e+00,0.000000e+00,0.000000e+00,0.000000e+00,0.000000e+00,0.000000e+00,0.000000e+00,0.000000e+00,-3.489558e+06,1.531390e+04,-2.077974e+06,2.045681e-01,1.327042e-03,-1.378968e+01,-2.994366e-01,-4.446345e-03,-2.274258e-01,2.562289e-03,2.892666e-03,1.599860e+01,-1.745705e-01,1.970971e-03,-1.122694e-03,-7.226074e-03,3.101453e-04,-7.667675e+00,1.765911e+00,9.167010e-01,1.939568e+02,7.098320e+04,-1.538059e+04,4.060782e+06,5.960978e-02,1.005893e+01,-1.268657e-02,2.314986e+02,1.883541e+04,-4.235203e+02
2.490356e-03,2.782401e+04,4.456902e+03,1.162089e-01,9.476168e-04,-1.869914e+00,1.023871e-01,9.774000e-07,6.932743e+02,0.000000e+00,0.000000e+00,3.232643e+03,0.000000e+00,0.000000e+00,0.000000e+00,0.000000e+00,0.000000e+00,0.000000e+00,0.000000e+00,0.000000e+00,0.000000e+00,0.000000e+00,0.000000e+00,0.000000e+00,0.000000e+00,0.000000e+00,0.000000e+00,0.000000e+00,0.000000e+00,0.000000e+00,0.000000e+00,0.000000e+00,0.000000e+00,0.000000e+00,0.000000e+00,0.000000e+00,0.000000e+00,0.000000e+00,0.000000e+00,0.000000e+00,0.000000e+00,0.000000e+00,0.000000e+00,0.000000e+00,0.000000e+00,0.000000e+00,0.000000e+00,0.000000e+00,0.000000e+00,2.782401e+04,3.843137e+03,5.020049e-02,-1.817522e-03,-2.699722e+00,1.136610e-03,0.000000e+00,0.000000e+00,0.000000e+00,0.000000e+00,0.000000e+00,0.000000e+00,0.000000e+00,0.000000e+00,0.000000e+00,0.000000e+00,0.000000e+00,0.000000e+00,0.000000e+00,0.000000e+00,0.000000e+00,0.000000e+00,0.000000e+00,0.000000e+00,0.000000e+00,0.000000e+00,0.000000e+00,-3.462976e+06,-1.047074e+04,-2.064253e+06,2.076953e-01,1.269089e-03,-1.392317e+01,-3.072063e-01,-4.525516e-03,-2.290032e-01,2.552877e-03,2.893836e-03,1.616477e+01,-1.803754e-01,1.881533e-03,-1.124117e-03,-7.205071e-03,3.190782e-04,-7.665568e+00,2.463453e+00,9.272527e-01,2.332040e+02,7.267309e+04,1.040222e+04,4.030888e+06,6.099478e-02,1.024900e+01,-1.311407e-02,-9.736676e+01,1.893493e+04,2.310812e+02
2.500130e-03,2.780061e+04,4.440736e+03,1.213856e-01,8.748783e-04,-1.704883e+00,1.023872e-01,9.774000e-07,7.183706e+02,0.000000e+00,0.000000e+00,3.247656e+03,0.000000e+00,0.000000e+00,0.000000e+00,0.000000e+00,0.000000e+00,0.000000e+00,0.000000e+00,0.000000e+00,0.000000e+00,0.000000e+00,0.000000e+00,0.000000e+00,0.000000e+00,0.000000e+00,0.000000e+00,0.000000e+00,0.000000e+00,0.000000e+00,0.000000e+00,0.000000e+00,0.000000e+00,0.000000e+00,0.000000e+00,0.000000e+00,0.000000e+00,0.000000e+00,0.000000e+00,0.000000e+00,0.000000e+00,0.000000e+00,0.000000e+00,0.000000e+00,0.000000e+00,0.000000e+00,0.000000e+00,0.000000e+00,0.000000e+00,2.780061e+04,3.783313e+03,5.210962e-02,-1.880937e-03,-2.670156e+00,1.136610e-03,0.000000e+00,0.000000e+00,0.000000e+00,0.000000e+00,0.000000e+00,0.000000e+00,0.000000e+00,0.000000e+00,0.000000e+00,0.000000e+00,0.000000e+00,0.000000e+00,0.000000e+00,0.000000e+00,0.000000e+00,0.000000e+00,0.000000e+00,0.000000e+00,0.000000e+00,0.000000e+00,0.000000e+00,-3.444754e+06,-4.197393e+03,-2.013223e+06,2.114020e-01,1.376496e-03,-1.405569e+01,-3.150041e-01,-4.543330e-03,-2.303449e-01,2.543464e-03,2.894981e-03,1.633001e+01,-1.862570e-01,1.941619e-03,-1.125622e-03,-7.177603e-03,3.282005e-04,-7.663079e+00,3.031089e+00,9.223032e-01,2.721996e+02,3.782568e+04,4.127196e+03,3.989733e+06,6.153163e-02,1.043296e+01,-1.364874e-02,9.003738e+01,1.906666e+04,5.016317e+01
2.510881e-03,2.776570e+04,4.429526e+03,1.272036e-01,8.632340e-04,-1.524051e+00,1.023872e-01,9.774000e-07,7.472125e+02,0.000000e+00,0.000000e+00,3.264900e+03,0.000000e+00,0.000000e+00,0.000000e+00,0.000000e+00,0.000000e+00,0.000000e+00,0.000000e+00,0.000000e+00,0.000000e+00,0.000000e+00,0.000000e+00,0.000000e+00,0.000000e+00,0.000000e+00,0.000000e+00,0.000000e+00,0.000000e+00,0.000000e+00,0.000000e+00,0.000000e+00,0.000000e+00,0.000000e+00,0.000000e+00,0.000000e+00,0.000000e+00,0.000000e+00,0.000000e+00,0.000000e+00,0.000000e+00,0.000000e+00,0.000000e+00,0.000000e+00,0.000000e+00,0.000000e+00,0.000000e+00,0.000000e+00,0.000000e+00,2.776570e+04,3.718624e+03,5.409452e-02,-1.988673e-03,-2.637906e+00,1.136610e-03,0.000000e+00,0.000000e+00,0.000000e+00,0.000000e+00,0.000000e+00,0.000000e+00,0.000000e+00,0.000000e+00,0.000000e+00,0.000000e+00,0.000000e+00,0.000000e+00,0.000000e+00,0.000000e+00,0.000000e+00,0.000000e+00,0.000000e+00,0.000000e+00,0.000000e+00,0.000000e+00,0.000000e+00,-3.375321e+06,6.162212e+03,-2.049836e+06,2.147557e-01,1.305883e-03,-1.420067e+01,-3.237233e-01,-4.588228e-03,-2.319607e-01,2.533246e-03,2.896143e-03,1.651081e+01,-1.927875e-01,1.924578e-03,-1.127252e-03,-7.140850e-03,3.384390e-04,-7.659902e+00,3.786206e+00,9.693813e-01,3.148094e+02,1.045225e+05,-6.234505e+03,3.947619e+06,6.189270e-02,1.064036e+01,-1.284276e-02,5.405368e+01,1.940231e+04,-1.661707e+02
2.520655e-03,2.772789e+04,4.426633e+03,1.325583e-01,7.761303e-04,-1.360699e+00,1.023873e-01,9.774000e-07,7.727191e+02,0.000000e+00,0.000000e+00,3.280489e+03,0.000000e+00,0.000000e+00,0.000000e+00,0.000000e+00,0.000000e+00,0.000000e+00,0.000000e+00,0.000000e+00,0.000000e+00,0.000000e+00,0.000000e+00,0.000000e+00,0.000000e+00,0.000000e+00,0.000000e+00,0.000000e+00,0.000000e+00,0.000000e+00,0.000000e+00,0.000000e+00,0.000000e+00,0.000000e+00,0.000000e+00,0.000000e+00,0.000000e+00,0.000000e+00,0.000000e+00,0.000000e+00,0.000000e+00,0.000000e+00,0.000000e+00,0.000000e+00,0.000000e+00,0.000000e+00,0.000000e+00,0.000000e+00,0.000000e+00,2.772789e+04,3.661397e+03,5.624640e-02,-2.023438e-03,-2.608457e+00,1.136610e-03,0.000000e+00,0.000000e+00,0.000000e+00,0.000000e+00,0.000000e+00,0.000000e+00,0.000000e+00,0.000000e+00,0.000000e+00,0.000000e+00,0.000000e+00,0.000000e+00,0.000000e+00,0.000000e+00,0.000000e+00,0.000000e+00,0.000000e+00,0.000000e+00,0.000000e+00,0.000000e+00,0.000000e+00,-3.378721e+06,-7.219001e+03,-2.028328e+06,2.188001e-01,1.420563e-03,-1.433188e+01,-3.314756e-01,-4.573889e-03,-2.332541e-01,2.523935e-03,2.897234e-03,1.667429e+01,-1.988164e-01,1.986846e-03,-1.128760e-03,-7.100855e-03,3.476130e-04,-7.656617e+00,4.335021e+00,9.354712e-01,3.533978e+02,8.457617e+04,7.144515e+03,3.939888e+06,6.263471e-02,1.082091e+01,-1.368026e-02,3.581981e+01,1.876711e+04,1.079997e+02
2.530429e-03,2.768294e+04,4.429482e+03,1.379983e-01,7.413247e-04,-1.198091e+00,1.023874e-01,9.774000e-07,7.995268e+02,0.000000e+00,0.000000e+00,3.295841e+03,0.000000e+00,0.000000e+00,0.000000e+00,0.000000e+00,0.000000e+00,0.000000e+00,0.000000e+00,0.000000e+00,0.000000e+00,0.000000e+00,0.000000e+00,0.000000e+00,0.000000e+00,0.000000e+00,0.000000e+00,0.000000e+00,0.000000e+00,0.000000e+00,0.000000e+00,0.000000e+00,0.000000e+00,0.000000e+00,0.000000e+00,0.000000e+00,0.000000e+00,0.000000e+00,0.000000e+00,0.000000e+00,0.000000e+00,0.000000e+00,0.000000e+00,0.000000e+00,0.000000e+00,0.000000e+00,0.000000e+00,0.000000e+00,0.000000e+00,2.768294e+04,3.605446e+03,5.804403e-02,-2.024879e-03,-2.579089e+00,1.136610e-03,0.000000e+00,0.000000e+00,0.000000e+00,0.000000e+00,0.000000e+00,0.000000e+00,0.000000e+00,0.000000e+00,0.000000e+00,0.000000e+00,0.000000e+00,0.000000e+00,0.000000e+00,0.000000e+00,0.000000e+00,0.000000e+00,0.000000e+00,0.000000e+00,0.000000e+00,0.000000e+00,0.000000e+00,-3.365940e+06,2.303756e+04,-2.012422e+06,2.220552e-01,1.504065e-03,-1.446175e+01,-3.393862e-01,-4.628461e-03,-2.346188e-01,2.514802e-03,2.898213e-03,1.683694e+01,-2.048849e-01,1.996474e-03,-1.130199e-03,-7.054467e-03,3.568305e-04,-7.652957e+00,5.095951e+00,9.317805e-01,3.915570e+02,7.752584e+04,-2.311406e+04,3.920890e+06,6.278051e-02,1.100749e+01,-1.340259e-02,1.331485e+02,1.811825e+04,-1.381167e+02
2.540203e-03,2.763161e+04,4.439044e+03,1.434813e-01,6.897351e-04,-1.036376e+00,1.023874e-01,9.774000e-07,8.253579e+02,0.000000e+00,0.000000e+00,3.311834e+03,0.000000e+00,0.000000e+00,0.000000e+00,0.000000e+00,0.000000e+00,0.000000e+00,0.000000e+00,0.000000e+00,0.000000e+00,0.000000e+00,0.000000e+00,0.000000e+00,0.000000e+00,0.000000e+00,0.000000e+00,0.000000e+00,0.000000e+00,0.000000e+00,0.000000e+00,0.000000e+00,0.000000e+00,0.000000e+00,0.000000e+00,0.000000e+00,0.000000e+00,0.000000e+00,0.000000e+00,0.000000e+00,0.000000e+00,0.000000e+00,0.000000e+00,0.000000e+00,0.000000e+00,0.000000e+00,0.000000e+00,0.000000e+00,0.000000e+00,2.763161e+04,3.550803e+03,6.006774e-02,-2.014514e-03,-2.549729e+00,1.136610e-03,0.000000e+00,0.000000e+00,0.000000e+00,0.000000e+00,0.000000e+00,0.000000e+00,0.000000e+00,0.000000e+00,0.000000e+00,0.000000e+00,0.000000e+00,0.000000e+00,0.000000e+00,0.000000e+00,0.000000e+00,0.000000e+00,0.000000e+00,0.000000e+00,0.000000e+00,0.000000e+00,0.000000e+00,-3.326278e+06,3.425403e+03,-1.970419e+06,2.258967e-01,1.604571e-03,-1.459130e+01,-3.470854e-01,-4.617764e-03,-2.356374e-01,2.505605e-03,2.899298e-03,1.699862e+01,-2.109859e-01,2.032186e-03,-1.131613e-03,-7.000972e-03,3.655767e-04,-7.648924e+00,5.808963e+00,8.732280e-01,4.297449e+02,6.115137e+04,-3.503157e+03,3.865609e+06,6.303208e-02,1.118411e+01,-1.451946e-02,-1.694561e+01,1.797287e+04,4.095152e+02
2.550955e-03,2.756834e+04,4.456143e+03,1.496409e-01,6.894094e-04,-8.594878e-01,1.023875e-01,9.774000e-07,8.545260e+02,0.000000e+00,0.000000e+00,3.328781e+03,0.000000e+00,0.000000e+00,0.000000e+00,0.000000e+00,0.000000e+00,0.000000e+00,0.000000e+00,0.000000e+00,0.000000e+00,0.000000e+00,0.000000e+00,0.000000e+00,0.000000e+00,0.000000e+00,0.000000e+00,0.000000e+00,0.000000e+00,0.000000e+00,0.000000e+00,0.000000e+00,0.000000e+00,0.000000e+00,0.000000e+00,0.000000e+00,0.000000e+00,0.000000e+00,0.000000e+00,0.000000e+00,0.000000e+00,0.000000e+00,0.000000e+00,0.000000e+00,0.000000e+00,0.000000e+00,0.000000e+00,0.000000e+00,0.000000e+00,2.756834e+04,3.492075e+03,6.218040e-02,-2.029099e-03,-2.517326e+00,1.136610e-03,0.000000e+00,0.000000e+00,0.000000e+00,0.000000e+00,0.000000e+00,0.000000e+00,0.000000e+00,0.000000e+00,0.000000e+00,0.000000e+00,0.000000e+00,0.000000e+00,0.000000e+00,0.000000e+00,0.000000e+00,0.000000e+00,0.000000e+00,0.000000e+00,0.000000e+00,0.000000e+00,0.000000e+00,-3.325518e+06,-1.796205e+04,-1.999976e+06,2.300709e-01,1.510860e-03,-1.473228e+01,-3.555171e-01,-4.582790e-03,-2.367440e-01,2.495664e-03,2.900476e-03,1.717551e+01,-2.178016e-01,2.072301e-03,-1.133142e-03,-6.933771e-03,3.750349e-04,-7.644060e+00,6.648060e+00,8.833218e-01,4.712456e+02,8.766396e+04,1.788133e+04,3.879600e+06,6.274449e-02,1.138029e+01,-1.374409e-02,-3.239714e+00,1.775138e+04,3.846961e+02
2.560729e-03,2.750368e+04,4.478786e+03,1.552246e-01,6.232337e-04,-6.997715e-01,1.023875e-01,9.774000e-07,8.804362e+02,0.000000e+00,0.000000e+00,3.344919e+03,0.000000e+00,0.000000e+00,0.000000e+00,0.000000e+00,0.000000e+00,0.000000e+00,0.000000e+00,0.000000e+00,0.000000e+00,0.000000e+00,0.000000e+00,0.000000e+00,0.000000e+00,0.000000e+00,0.000000e+00,0.000000e+00,0.000000e+00,0.000000e+00,0.000000e+00,0.000000e+00,0.000000e+00,0.000000e+00,0.000000e+00,0.000000e+00,0.000000e+00,0.000000e+00,0.000000e+00,0.000000e+00,0.000000e+00,0.000000e+00,0.000000e+00,0.000000e+00,0.000000e+00,0.000000e+00,0.000000e+00,0.000000e+00,0.000000e+00,2.750368e+04,3.440254e+03,6.374988e-02,-2.081441e-03,-2.488647e+00,1.136610e-03,0.000000e+00,0.000000e+00,0.000000e+00,0.000000e+00,0.000000e+00,0.000000e+00,0.000000e+00,0.000000e+00,0.000000e+00,0.000000e+00,0.000000e+00,0.000000e+00,0.000000e+00,0.000000e+00,0.000000e+00,0.000000e+00,0.000000e+00,0.000000e+00,0.000000e+00,0.000000e+00,0.000000e+00,-3.240061e+06,1.566913e+04,-1.969800e+06,2.337064e-01,1.675815e-03,-1.486016e+01,-3.631677e-01,-4.511998e-03,-2.376855e-01,2.486659e-03,2.901595e-03,1.733525e+01,-2.239909e-01,2.107000e-03,-1.134534e-03,-6.863964e-03,3.836893e-04,-7.639250e+00,7.535184e+00,8.947632e-01,5.090943e+02,1.042621e+05,-1.575047e+04,3.790413e+06,6.247786e-02,1.155151e+01,-1.291799e-02,5.297886e-01,1.807239e+04,5.299153e+02
2.570503e-03,2.743348e+04,4.507071e+03,1.608323e-01,5.217887e-04,-5.409318e-01,1.023876e-01,9.774000e-07,9.066686e+02,0.000000e+00,0.000000e+00,3.360517e+03,0.000000e+00,0.000000e+00,0.000000e+00,0.000000e+00,0.000000e+00,0.000000e+00,0.000000e+00,0.000000e+00,0.000000e+00,0.000000e+00,0.000000e+00,0.000000e+00,0.000000e+00,0.000000e+00,0.000000e+00,0.000000e+00,0.000000e+00,0.000000e+00,0.000000e+00,0.000000e+00,0.000000e+00,0.000000e+00,0.000000e+00,0.000000e+00,0.000000e+00,0.000000e+00,0.000000e+00,0.000000e+00,0.000000e+00,0.000000e+00,0.000000e+00,0.000000e+00,0.000000e+00,0.000000e+00,0.000000e+00,0.000000e+00,0.000000e+00,2.743348e+04,3.389753e+03,6.519511e-02,-2.049502e-03,-2.460136e+00,1.136610e-03,0.000000e+00,0.000000e+00,0.000000e+00,0.000000e+00,0.000000e+00,0.000000e+00,0.000000e+00,0.000000e+00,0.000000e+00,0.000000e+00,0.000000e+00,0.000000e+00,0.000000e+00,0.000000e+00,0.000000e+00,0.000000e+00,0.000000e+00,0.000000e+00,0.000000e+00,0.000000e+00,0.000000e+00,-3.287406e+06,-8.619172e+03,-1.978471e+06,2.377629e-01,1.712139e-03,-1.498698e+01,-3.706963e-01,-4.474546e-03,-2.386858e-01,2.477753e-03,2.902676e-03,1.749406e+01,-2.302074e-01,2.133405e-03,-1.135929e-03,-6.785405e-03,3.917417e-04,-7.634073e+00,8.422080e+00,8.177780e-01,5.465486e+02,8.875595e+04,8.534602e+03,3.835819e+06,6.253666e-02,1.172297e+01,-1.387974e-02,-1.608118e+02,1.704983e+04,-8.350841e+01
2.580277e-03,2.735776e+04,4.540756e+03,1.665010e-01,4.498576e-04,-3.832664e-01,1.023877e-01,9.774000e-07,9.325947e+02,0.000000e+00,0.000000e+00,3.376604e+03,0.000000e+00,0.000000e+00,0.000000e+00,0.000000e+00,0.000000e+00,0.000000e+00,0.000000e+00,0.000000e+00,0.000000e+00,0.000000e+00,0.000000e+00,0.000000e+00,0.000000e+00,0.000000e+00,0.000000e+00,0.000000e+00,0.000000e+00,0.000000e+00,0.000000e+00,0.000000e+00,0.000000e+00,0.000000e+00,0.000000e+00,0.000000e+00,0.000000e+00,0.000000e+00,0.000000e+00,0.000000e+00,0.000000e+00,0.000000e+00,0.000000e+00,0.000000e+00,0.000000e+00,0.000000e+00,0.000000e+00,0.000000e+00,0.000000e+00,2.735776e+04,3.340054e+03,6.663028e-02,-1.973633e-03,-2.431638e+00,1.136610e-03,0.000000e+00,0.000000e+00,0.000000e+00,0.000000e+00,0.000000e+00,0.000000e+00,0.000000e+00,0.000000e+00,0.000000e+00,0.000000e+00,0.000000e+00,0.000000e+00,0.000000e+00,0.000000e+00,0.000000e+00,0.000000e+00,0.000000e+00,0.000000e+00,0.000000e+00,0.000000e+00,0.000000e+00,-3.333923e+06,2.007397e+04,-2.025028e+06,2.416101e-01,1.801780e-03,-1.511296e+01,-3.783150e-01,-4.484648e-03,-2.395746e-01,2.468945e-03,2.903790e-03,1.765178e+01,-2.364739e-01,2.191045e-03,-1.137345e-03,-6.697997e-03,4.000157e-04,-7.628531e+00,9.357766e+00,8.189069e-01,5.837871e+02,1.065831e+05,-2.016238e+04,3.899284e+06,6.168726e-02,1.189020e+01,-1.252879e-02,6.133351e+01,1.564869e+04,-4.504213e+02
2.590051e-03,2.727600e+04,4.580020e+03,1.721184e-01,4.016129e-04,-2.264775e-01,1.023877e-01,9.774000e-07,9.585583e+02,0.000000e+00,0.000000e+00,3.393033e+03,0.000000e+00,0.000000e+00,0.000000e+00,0.000000e+00,0.000000e+00,0.000000e+00,0.000000e+00,0.000000e+00,0.000000e+00,0.000000e+00,0.000000e+00,0.000000e+00,0.000000e+00,0.000000e+00,0.000000e+00,0.000000e+00,0.000000e+00,0.000000e+00,0.000000e+00,0.000000e+00,0.000000e+00,0.000000e+00,0.000000e+00,0.000000e+00,0.000000e+00,0.000000e+00,0.000000e+00,0.000000e+00,0.000000e+00,0.000000e+00,0.000000e+00,0.000000e+00,0.000000e+00,0.000000e+00,0.000000e+00,0.000000e+00,0.000000e+00,2.727600e+04,3.291735e+03,6.785198e-02,-2.123079e-03,-2.403568e+00,1.136610e-03,0.000000e+00,0.000000e+00,0.000000e+00,0.000000e+00,0.000000e+00,0.000000e+00,0.000000e+00,0.000000e+00,0.000000e+00,0.000000e+00,0.000000e+00,0.000000e+00,0.000000e+00,0.000000e+00,0.000000e+00,0.000000e+00,0.000000e+00,0.000000e+00,0.000000e+00,0.000000e+00,0.000000e+00,-3.274770e+06,2.436605e+04,-1.996902e+06,2.453510e-01,1.770257e-03,-1.523774e+01,-3.858131e-01,-4.437786e-03,-2.403937e-01,2.460232e-03,2.904946e-03,1.780856e+01,-2.427059e-01,2.225902e-03,-1.138735e-03,-6.600933e-03,4.076687e-04,-7.622626e+00,1.041561e+01,8.021488e-01,6.208311e+02,1.119188e+05,-2.445532e+04,3.833954e+06,6.098100e-02,1.205456e+01,-1.380707e-02,1.478530e+02,1.591214e+04,6.243025e+01
2.600802e-03,2.717978e+04,4.631033e+03,1.783635e-01,1.794017e-04,-5.521691e-02,1.023878e-01,9.774000e-07,9.860599e+02,0.000000e+00,0.000000e+00,3.411059e+03,0.000000e+00,0.000000e+00,0.000000e+00,0.000000e+00,0.000000e+00,0.000000e+00,0.000000e+00,0.000000e+00,0.000000e+00,0.000000e+00,0.000000e+00,0.000000e+00,0.000000e+00,0.000000e+00,0.000000e+00,0.000000e+00,0.000000e+00,0.000000e+00,0.000000e+00,0.000000e+00,0.000000e+00,0.000000e+00,0.000000e+00,0.000000e+00,0.000000e+00,0.000000e+00,0.000000e+00,0.000000e+00,0.000000e+00,0.000000e+00,0.000000e+00,0.000000e+00,0.000000e+00,0.000000e+00,0.000000e+00,0.000000e+00,0.000000e+00,2.717978e+04,3.240029e+03,6.933523e-02,-2.013585e-03,-2.373428e+00,1.136610e-03,0.000000e+00,0.000000e+00,0.000000e+00,0.000000e+00,0.000000e+00,0.000000e+00,0.000000e+00,0.000000e+00,0.000000e+00,0.000000e+00,0.000000e+00,0.000000e+00,0.000000e+00,0.000000e+00,0.000000e+00,0.000000e+00,0.000000e+00,0.000000e+00,0.000000e+00,0.000000e+00,0.000000e+00,-3.257724e+06,6.670670e+03,-1.939251e+06,2.499998e-01,1.876154e-03,-1.537497e+01,-3.941803e-01,-4.436733e-03,-2.413377e-01,2.450780e-03,2.906201e-03,1.797969e+01,-2.496155e-01,2.264256e-03,-1.140224e-03,-6.482885e-03,4.159639e-04,-7.615711e+00,1.144035e+01,7.413651e-01,6.616525e+02,7.078330e+04,-6.761248e+03,3.790574e+06,6.011299e-02,1.222639e+01,-1.355349e-02,-1.222706e+01,1.589555e+04,-1.475976e+01
2.610576e-03,2.708676e+04,4.681507e+03,1.840567e-01,1.223639e-04,9.936550e-02,1.023878e-01,9.774000e-07,1.011992e+03,0.000000e+00,0.000000e+00,3.427527e+03,0.000000e+00,0.000000e+00,0.000000e+00,0.000000e+00,0.000000e+00,0.000000e+00,0.000000e+00,0.000000e+00,0.000000e+00,0.000000e+00,0.000000e+00,0.000000e+00,0.000000e+00,0.000000e+00,0.000000e+00,0.000000e+00,0.000000e+00,0.000000e+00,0.000000e+00,0.000000e+00,0.000000e+00,0.000000e+00,0.000000e+00,0.000000e+00,0.000000e+00,0.000000e+00,0.000000e+00,0.000000e+00,0.000000e+00,0.000000e+00,0.000000e+00,0.000000e+00,0.000000e+00,0.000000e+00,0.000000e+00,0.000000e+00,0.000000e+00,2.708676e+04,3.193824e+03,7.039796e-02,-1.934494e-03,-2.346174e+00,1.136609e-03,0.000000e+00,0.000000e+00,0.000000e+00,0.000000e+00,0.000000e+00,0.000000e+00,0.000000e+00,0.000000e+00,0.000000e+00,0.000000e+00,0.000000e+00,0.000000e+00,0.000000e+00,0.000000e+00,0.000000e+00,0.000000e+00,0.000000e+00,0.000000e+00,0.000000e+00,0.000000e+00,0.000000e+00,-3.260474e+06,7.185707e+03,-1.963538e+06,2.535718e-01,1.939805e-03,-1.549808e+01,-4.017099e-01,-4.471562e-03,-2.421510e-01,2.442242e-03,2.907470e-03,1.813422e+01,-2.559142e-01,2.312339e-03,-1.141551e-03,-6.364929e-03,4.229896e-04,-7.609048e+00,1.254166e+01,7.156183e-01,6.982349e+02,9.097625e+04,-7.278975e+03,3.804983e+06,5.977197e-02,1.238701e+01,-1.306497e-02,-1.268101e+02,1.428560e+04,-7.350340e+00
2.620350e-03,2.698849e+04,4.738214e+03,1.897700e-01,7.330137e-05,2.525733e-01,1.023879e-01,9.774000e-07,1.036724e+03,0.000000e+00,0.000000e+00,3.444248e+03,0.000000e+00,0.000000e+00,0.000000e+00,0.000000e+00,0.000000e+00,0.000000e+00,0.000000e+00,0.000000e+00,0.000000e+00,0.000000e+00,0.000000e+00,0.000000e+00,0.000000e+00,0.000000e+00,0.000000e+00,0.000000e+00,0.000000e+00,0.000000e+00,0.000000e+00,0.000000e+00,0.000000e+00,0.000000e+00,0.000000e+00,0.000000e+00,0.000000e+00,0.000000e+00,0.000000e+00,0.000000e+00,0.000000e+00,0.000000e+00,0.000000e+00,0.000000e+00,0.000000e+00,0.000000e+00,0.000000e+00,0.000000e+00,0.000000e+00,2.698849e+04,3.149006e+03,7.164677e-02,-1.842848e-03,-2.319451e+00,1.136610e-03,0.000000e+00,0.000000e+00,0.000000e+00,0.000000e+00,0.000000e+00,0.000000e+00,0.000000e+00,0.000000e+00,0.000000e+00,0.000000e+00,0.000000e+00,0.000000e+00,0.000000e+00,0.000000e+00,0.000000e+00,0.000000e+00,0.000000e+00,0.000000e+00,0.000000e+00,0.000000e+00,0.000000e+00,-3.153464e+06,-1.881635e+04,-1.930333e+06,2.575438e-01,2.039801e-03,-1.562084e+01,-4.091695e-01,-4.521069e-03,-2.429499e-01,2.433819e-03,2.908686e-03,1.828745e+01,-2.622177e-01,2.340642e-03,-1.142862e-03,-6.236941e-03,4.296050e-04,-7.602026e+00,1.353296e+01,6.455966e-01,7.348888e+02,1.155802e+05,1.872346e+04,3.695560e+06,5.896199e-02,1.253676e+01,-1.296526e-02,-1.891803e+02,1.588579e+04,-3.613044e+01
2.630124e-03,2.688496e+04,4.799735e+03,1.954511e-01,1.103716e-04,4.046526e-01,1.023879e-01,9.774000e-07,1.061313e+03,0.000000e+00,0.000000e+00,3.461571e+03,0.000000e+00,0.000000e+00,0.000000e+00,0.000000e+00,0.000000e+00,0.000000e+00,0.000000e+00,0.000000e+00,0.000000e+00,0.000000e+00,0.000000e+00,0.000000e+00,0.000000e+00,0.000000e+00,0.000000e+00,0.000000e+00,0.000000e+00,0.000000e+00,0.000000e+00,0.000000e+00,0.000000e+00,0.000000e+00,0.000000e+00,0.000000e+00,0.000000e+00,0.000000e+00,0.000000e+00,0.000000e+00,0.000000e+00,0.000000e+00,0.000000e+00,0.000000e+00,0.000000e+00,0.000000e+00,0.000000e+00,0.000000e+00,0.000000e+00,2.688496e+04,3.104955e+03,7.276285e-02,-1.810783e-03,-2.293059e+00,1.136609e-03,0.000000e+00,0.000000e+00,0.000000e+00,0.000000e+00,0.000000e+00,0.000000e+00,0.000000e+00,0.000000e+00,0.000000e+00,0.000000e+00,0.000000e+00,0.000000e+00,0.000000e+00,0.000000e+00,0.000000e+00,0.000000e+00,0.000000e+00,0.000000e+00,0.000000e+00,0.000000e+00,0.000000e+00,-3.199478e+06,2.292904e+03,-1.953162e+06,2.610660e-01,2.072481e-03,-1.574284e+01,-4.167714e-01,-4.559011e-03,-2.437513e-01,2.425491e-03,2.909976e-03,1.843956e+01,-2.684984e-01,2.295794e-03,-1.144187e-03,-6.098746e-03,4.358478e-04,-7.594648e+00,1.466142e+01,6.380418e-01,7.711982e+02,1.130904e+05,-2.389227e+03,3.746827e+06,5.779624e-02,1.268534e+01,-1.291505e-02,-1.587651e+02,1.450416e+04,3.371733e+02
2.640876e-03,2.676489e+04,4.873188e+03,2.017685e-01,1.295374e-04,5.704238e-01,1.023880e-01,9.774000e-07,1.087963e+03,0.000000e+00,0.000000e+00,3.481381e+03,0.000000e+00,0.000000e+00,0.000000e+00,0.000000e+00,0.000000e+00,0.000000e+00,0.000000e+00,0.000000e+00,0.000000e+00,0.000000e+00,0.000000e+00,0.000000e+00,0.000000e+00,0.000000e+00,0.000000e+00,0.000000e+00,0.000000e+00,0.000000e+00,0.000000e+00,0.000000e+00,0.000000e+00,0.000000e+00,0.000000e+00,0.000000e+00,0.000000e+00,0.000000e+00,0.000000e+00,0.000000e+00,0.000000e+00,0.000000e+00,0.000000e+00,0.000000e+00,0.000000e+00,0.000000e+00,0.000000e+00,0.000000e+00,0.000000e+00,2.676489e+04,3.057493e+03,7.414787e-02,-1.615824e-03,-2.264738e+00,1.136610e-03,0.000000e+00,0.000000e+00,0.000000e+00,0.000000e+00,0.000000e+00,0.000000e+00,0.000000e+00,0.000000e+00,0.000000e+00,0.000000e+00,0.000000e+00,0.000000e+00,0.000000e+00,0.000000e+00,0.000000e+00,0.000000e+00,0.000000e+00,0.000000e+00,0.000000e+00,0.000000e+00,0.000000e+00,-3.200452e+06,-1.425568e+00,-1.926636e+06,2.656045e-01,2.234336e-03,-1.587642e+01,-4.250752e-01,-4.622877e-03,-2.445756e-01,2.416473e-03,2.911384e-03,1.860535e+01,-2.754293e-01,2.257957e-03,-1.145636e-03,-5.934907e-03,4.419081e-04,-7.586123e+00,1.573253e+01,5.460379e-01,8.110546e+02,9.007405e+04,-9.674768e+01,3.734528e+06,5.683146e-02,1.284400e+01,-1.335595e-02,-1.333619e+01,1.392263e+04,1.673227e+02
2.650650e-03,2.665044e+04,4.944546e+03,2.074263e-01,1.682070e-04,7.199209e-01,1.023880e-01,9.774000e-07,1.112064e+03,0.000000e+00,0.000000e+00,3.500135e+03,0.000000e+00,0.000000e+00,0.000000e+00,0.000000e+00,0.000000e+00,0.000000e+00,0.000000e+00,0.000000e+00,0.000000e+00,0.000000e+00,0.000000e+00,0.000000e+00,0.000000e+00,0.000000e+00,0.000000e+00,0.000000e+00,0.000000e+00,0.000000e+00,0.000000e+00,0.000000e+00,0.000000e+00,0.000000e+00,0.000000e+00,0.000000e+00,0.000000e+00,0.000000e+00,0.000000e+00,0.000000e+00,0.000000e+00,0.000000e+00,0.000000e+00,0.000000e+00,0.000000e+00,0.000000e+00,0.000000e+00,0.000000e+00,0.000000e+00,2.665044e+04,3.015323e+03,7.542387e-02,-1.481909e-03,-2.239162e+00,1.136609e-03,0.000000e+00,0.000000e+00,0.000000e+00,0.000000e+00,0.000000e+00,0.000000e+00,0.000000e+00,0.000000e+00,0.000000e+00,0.000000e+00,0.000000e+00,0.000000e+00,0.000000e+00,0.000000e+00,0.000000e+00,0.000000e+00,0.000000e+00,0.000000e+00,0.000000e+00,0.000000e+00,0.000000e+00,-3.117685e+06,3.242570e+03,-1.909546e+06,2.691983e-01,2.291477e-03,-1.599638e+01,-4.326376e-01,-4.643393e-03,-2.451537e-01,2.408384e-03,2.912731e-03,1.875480e+01,-2.816951e-01,2.206214e-03,-1.146956e-03,-5.775202e-03,4.468073e-04,-7.578002e+00,1.684129e+01,5.232849e-01,8.469218e+02,1.166506e+05,-3.340797e+03,3.654137e+06,5.586556e-02,1.298516e+01,-1.274329e-02,-1.900112e+02,1.473346e+04,1.499054e+02
2.660424e-03,2.653167e+04,5.020403e+03,2.131253e-01,1.710019e-04,8.680859e-01,1.023880e-01,9.774000e-07,1.136007e+03,0.000000e+00,0.000000e+00,3.518853e+03,0.000000e+00,0.000000e+00,0.000000e+00,0.000000e+00,0.000000e+00,0.000000e+00,0.000000e+00,0.000000e+00,0.000000e+00,0.000000e+00,0.000000e+00,0.000000e+00,0.000000e+00,0.000000e+00,0.000000e+00,0.000000e+00,0.000000e+00,0.000000e+00,0.000000e+00,0.000000e+00,0.000000e+00,0.000000e+00,0.000000e+00,0.000000e+00,0.000000e+00,0.000000e+00,0.000000e+00,0.000000e+00,0.000000e+00,0.000000e+00,0.000000e+00,0.000000e+00,0.000000e+00,0.000000e+00,0.000000e+00,0.000000e+00,0.000000e+00,2.653167e+04,2.973490e+03,7.674579e-02,-1.270656e-03,-2.214252e+00,1.136610e-03,0.000000e+00,0.000000e+00,0.000000e+00,0.000000e+00,0.000000e+00,0.000000e+00,0.000000e+00,0.000000e+00,0.000000e+00,0.000000e+00,0.000000e+00,0.000000e+00,0.000000e+00,0.000000e+00,0.000000e+00,0.000000e+00,0.000000e+00,0.000000e+00,0.000000e+00,0.000000e+00,0.000000e+00,-3.145588e+06,-4.158468e+03,-1.915584e+06,2.733060e-01,2.469998e-03,-1.611601e+01,-4.402569e-01,-4.718457e-03,-2.458480e-01,2.400400e-03,2.914100e-03,1.890289e+01,-2.879933e-01,2.187811e-03,-1.148243e-03,-5.605456e-03,4.512053e-04,-7.569532e+00,1.780862e+01,4.238437e-01,8.826188e+02,1.085606e+05,4.057556e+03,3.681358e+06,5.487112e-02,1.312519e+01,-1.330419e-02,-3.189022e+01,1.288739e+04,1.292808e+02
2.670198e-03,2.640824e+04,5.100246e+03,2.188294e-01,1.833294e-04,1.014924e+00,1.023880e-01,9.774000e-07,1.159931e+03,0.000000e+00,0.000000e+00,3.538223e+03,0.000000e+00,0.000000e+00,0.000000e+00,0.000000e+00,0.000000e+00,0.000000e+00,0.000000e+00,0.000000e+00,0.000000e+00,0.000000e+00,0.000000e+00,0.000000e+00,0.000000e+00,0.000000e+00,0.000000e+00,0.000000e+00,0.000000e+00,0.000000e+00,0.000000e+00,0.000000e+00,0.000000e+00,0.000000e+00,0.000000e+00,0.000000e+00,0.000000e+00,0.000000e+00,0.000000e+00,0.000000e+00,0.000000e+00,0.000000e+00,0.000000e+00,0.000000e+00,0.000000e+00,0.000000e+00,0.000000e+00,0.000000e+00,0.000000e+00,2.640824e+04,2.932722e+03,7.804336e-02,-1.138223e-03,-2.189456e+00,1.136610e-03,0.000000e+00,0.000000e+00,0.000000e+00,0.000000e+00,0.000000e+00,0.000000e+00,0.000000e+00,0.000000e+00,0.000000e+00,0.000000e+00,0.000000e+00,0.000000e+00,0.000000e+00,0.000000e+00,0.000000e+00,0.000000e+00,0.000000e+00,0.000000e+00,0.000000e+00,0.000000e+00,0.000000e+00,-3.063865e+06,-8.257622e+03,-1.861932e+06,2.771444e-01,2.551895e-03,-1.623406e+01,-4.478598e-01,-4.733863e-03,-2.464591e-01,2.392483e-03,2.915509e-03,1.904967e+01,-2.942872e-01,2.164012e-03,-1.149503e-03,-5.425466e-03,4.551781e-04,-7.560715e+00,1.887307e+01,3.914476e-01,9.179500e+02,1.028260e+05,8.157477e+03,3.583781e+06,5.377221e-02,1.326202e+01,-1.328303e-02,-4.135400e+01,1.436366e+04,6.485270e+02
2.680949e-03,2.626787e+04,5.193229e+03,2.251031e-01,1.943313e-04,1.174851e+00,1.023881e-01,9.774000e-07,1.185500e+03,0.000000e+00,0.000000e+00,3.559747e+03,0.000000e+00,0.000000e+00,0.000000e+00,0.000000e+00,0.000000e+00,0.000000e+00,0.000000e+00,0.000000e+00,0.000000e+00,0.000000e+00,0.000000e+00,0.000000e+00,0.000000e+00,0.000000e+00,0.000000e+00,0.000000e+00,0.000000e+00,0.000000e+00,0.000000e+00,0.000000e+00,0.000000e+00,0.000000e+00,0.000000e+00,0.000000e+00,0.000000e+00,0.000000e+00,0.000000e+00,0.000000e+00,0.000000e+00,0.000000e+00,0.000000e+00,0.000000e+00,0.000000e+00,0.000000e+00,0.000000e+00,0.000000e+00,0.000000e+00,2.626787e+04,2.888384e+03,7.962291e-02,-9.366544e-04,-2.162823e+00,1.136609e-03,0.000000e+00,0.000000e+00,0.000000e+00,0.000000e+00,0.000000e+00,0.000000e+00,0.000000e+00,0.000000e+00,0.000000e+00,0.000000e+00,0.000000e+00,0.000000e+00,0.000000e+00,0.000000e+00,0.000000e+00,0.000000e+00,0.000000e+00,0.000000e+00,0.000000e+00,0.000000e+00,0.000000e+00,-3.047573e+06,2.255567e+04,-1.854947e+06,2.816416e-01,2.827359e-03,-1.636362e+01,-4.563144e-01,-4.806851e-03,-2.471956e-01,2.383930e-03,2.917104e-03,1.920955e+01,-3.012054e-01,2.137712e-03,-1.150873e-03,-5.216268e-03,4.593367e-04,-7.550618e+00,1.994352e+01,3.143756e-01,9.566780e+02,1.053246e+05,-2.265738e+04,3.566151e+06,5.290689e-02,1.340793e+01,-1.278800e-02,-2.704209e+01,1.344843e+04,-2.612039e+02
2.690723e-03,2.613600e+04,5.280928e+03,2.308212e-01,1.995727e-04,1.318798e+00,1.023881e-01,9.774000e-07,1.209438e+03,0.000000e+00,0.000000e+00,3.579708e+03,0.000000e+00,0.000000e+00,0.000000e+00,0.000000e+00,0.000000e+00,0.000000e+00,0.000000e+00,0.000000e+00,0.000000e+00,0.000000e+00,0.000000e+00,0.000000e+00,0.000000e+00,0.000000e+00,0.000000e+00,0.000000e+00,0.000000e+00,0.000000e+00,0.000000e+00,0.000000e+00,0.000000e+00,0.000000e+00,0.000000e+00,0.000000e+00,0.000000e+00,0.000000e+00,0.000000e+00,0.000000e+00,0.000000e+00,0.000000e+00,0.000000e+00,0.000000e+00,0.000000e+00,0.000000e+00,0.000000e+00,0.000000e+00,0.000000e+00,2.613600e+04,2.848845e+03,8.104715e-02,-8.072304e-04,-2.138439e+00,1.136610e-03,0.000000e+00,0.000000e+00,0.000000e+00,0.000000e+00,0.000000e+00,0.000000e+00,0.000000e+00,0.000000e+00,0.000000e+00,0.000000e+00,0.000000e+00,0.000000e+00,0.000000e+00,0.000000e+00,0.000000e+00,0.000000e+00,0.000000e+00,0.000000e+00,0.000000e+00,0.000000e+00,0.000000e+00,-3.026301e+06,-2.085101e+04,-1.821133e+06,2.856636e-01,2.825954e-03,-1.647935e+01,-4.640155e-01,-4.782218e-03,-2.477612e-01,2.376243e-03,2.918560e-03,1.935343e+01,-3.075164e-01,2.121727e-03,-1.152107e-03,-5.015743e-03,4.623213e-04,-7.541082e+00,2.096057e+01,2.635666e-01,9.912471e+02,8.691851e+04,2.074857e+04,3.530931e+06,5.199259e-02,1.354271e+01,-1.278066e-02,-4.332832e+01,1.339671e+04,2.995107e+02
2.700497e-03,2.600044e+04,5.372699e+03,2.365842e-01,1.921876e-04,1.461236e+00,1.023882e-01,9.774000e-07,1.232465e+03,0.000000e+00,0.000000e+00,3.600266e+03,0.000000e+00,0.000000e+00,0.000000e+00,0.000000e+00,0.000000e+00,0.000000e+00,0.000000e+00,0.000000e+00,0.000000e+00,0.000000e+00,0.000000e+00,0.000000e+00,0.000000e+00,0.000000e+00,0.000000e+00,0.000000e+00,0.000000e+00,0.000000e+00,0.000000e+00,0.000000e+00,0.000000e+00,0.000000e+00,0.000000e+00,0.000000e+00,0.000000e+00,0.000000e+00,0.000000e+00,0.000000e+00,0.000000e+00,0.000000e+00,0.000000e+00,0.000000e+00,0.000000e+00,0.000000e+00,0.000000e+00,0.000000e+00,0.000000e+00,2.600044e+04,2.809952e+03,8.264395e-02,-7.619185e-04,-2.114303e+00,1.136610e-03,0.000000e+00,0.000000e+00,0.000000e+00,0.000000e+00,0.000000e+00,0.000000e+00,0.000000e+00,0.000000e+00,0.000000e+00,0.000000e+00,0.000000e+00,0.000000e+00,0.000000e+00,0.000000e+00,0.000000e+00,0.000000e+00,0.000000e+00,0.000000e+00,0.000000e+00,0.000000e+00,0.000000e+00,-2.969637e+06,7.169693e+03,-1.803446e+06,2.897977e-01,2.863882e-03,-1.659442e+01,-4.717327e-01,-4.819989e-03,-2.482547e-01,2.368687e-03,2.920066e-03,1.949590e+01,-3.138187e-01,2.109598e-03,-1.153339e-03,-4.805511e-03,4.650463e-04,-7.531208e+00,2.192686e+01,2.579854e-01,1.025652e+03,1.000186e+05,-7.272270e+03,3.472918e+06,5.135644e-02,1.367113e+01,-1.281395e-02,2.892112e+01,1.331573e+04,3.329559e+02
2.710271e-03,2.586177e+04,5.467126e+03,2.423026e-01,1.927067e-04,1.602337e+00,1.023882e-01,9.774000e-07,1.256039e+03,0.000000e+00,0.000000e+00,3.620594e+03,0.000000e+00,0.000000e+00,0.000000e+00,0.000000e+00,0.000000e+00,0.000000e+00,0.000000e+00,0.000000e+00,0.000000e+00,0.000000e+00,0.000000e+00,0.000000e+00,0.000000e+00,0.000000e+00,0.000000e+00,0.000000e+00,0.000000e+00,0.000000e+00,0.000000e+00,0.000000e+00,0.000000e+00,0.000000e+00,0.000000e+00,0.000000e+00,0.000000e+00,0.000000e+00,0.000000e+00,0.000000e+00,0.000000e+00,0.000000e+00,0.000000e+00,0.000000e+00,0.000000e+00,0.000000e+00,0.000000e+00,0.000000e+00,0.000000e+00,2.586177e+04,2.771204e+03,8.411083e-02,-6.534841e-04,-2.090506e+00,1.136609e-03,0.000000e+00,0.000000e+00,0.000000e+00,0.000000e+00,0.000000e+00,0.000000e+00,0.000000e+00,0.000000e+00,0.000000e+00,0.000000e+00,0.000000e+00,0.000000e+00,0.000000e+00,0.000000e+00,0.000000e+00,0.000000e+00,0.000000e+00,0.000000e+00,0.000000e+00,0.000000e+00,0.000000e+00,-2.948037e+06,2.010937e+04,-1.777834e+06,2.939112e-01,2.954457e-03,-1.670811e+01,-4.794803e-01,-4.822757e-03,-2.488002e-01,2.361278e-03,2.921596e-03,1.963692e+01,-3.201243e-01,2.093051e-03,-1.154565e-03,-4.586032e-03,4.674722e-04,-7.521000e+00,2.291298e+01,2.346253e-01,1.059623e+03,8.889165e+04,-2.021272e+04,3.441469e+06,5.081982e-02,1.380160e+01,-1.218259e-02,5.848256e+01,1.274981e+04,2.356921e+02
2.720045e-03,2.571957e+04,5.565276e+03,2.480334e-01,1.806837e-04,1.741996e+00,1.023882e-01,9.774000e-07,1.278887e+03,0.000000e+00,0.000000e+00,3.641461e+03,0.000000e+00,0.000000e+00,0.000000e+00,0.000000e+00,0.000000e+00,0.000000e+00,0.000000e+00,0.000000e+00,0.000000e+00,0.000000e+00,0.000000e+00,0.000000e+00,0.000000e+00,0.000000e+00,0.000000e+00,0.000000e+00,0.000000e+00,0.000000e+00,0.000000e+00,0.000000e+00,0.000000e+00,0.000000e+00,0.000000e+00,0.000000e+00,0.000000e+00,0.000000e+00,0.000000e+00,0.000000e+00,0.000000e+00,0.000000e+00,0.000000e+00,0.000000e+00,0.000000e+00,0.000000e+00,0.000000e+00,0.000000e+00,0.000000e+00,2.571957e+04,2.733596e+03,8.576940e-02,-5.996147e-04,-2.066863e+00,1.136610e-03,0.000000e+00,0.000000e+00,0.000000e+00,0.000000e+00,0.000000e+00,0.000000e+00,0.000000e+00,0.000000e+00,0.000000e+00,0.000000e+00,0.000000e+00,0.000000e+00,0.000000e+00,0.000000e+00,0.000000e+00,0.000000e+00,0.000000e+00,0.000000e+00,0.000000e+00,0.000000e+00,0.000000e+00,-2.892486e+06,2.305302e+04,-1.742591e+06,2.981238e-01,2.964751e-03,-1.682077e+01,-4.872479e-01,-4.825789e-03,-2.493050e-01,2.353980e-03,2.923148e-03,1.977652e+01,-3.264361e-01,2.090672e-03,-1.155765e-03,-4.356920e-03,4.693860e-04,-7.510462e+00,2.387020e+01,2.012859e-01,1.093315e+03,8.615998e+04,-2.315606e+04,3.375747e+06,5.037852e-02,1.392631e+01,-1.224780e-02,-3.448962e+01,1.339086e+04,-2.143004e+02
2.730796e-03,2.555948e+04,5.676676e+03,2.543426e-01,1.830898e-04,1.893932e+00,1.023882e-01,9.774000e-07,1.304114e+03,0.000000e+00,0.000000e+00,3.664507e+03,0.000000e+00,0.000000e+00,0.000000e+00,0.000000e+00,0.000000e+00,0.000000e+00,0.000000e+00,0.000000e+00,0.000000e+00,0.000000e+00,0.000000e+00,0.000000e+00,0.000000e+00,0.000000e+00,0.000000e+00,0.000000e+00,0.000000e+00,0.000000e+00,0.000000e+00,0.000000e+00,0.000000e+00,0.000000e+00,0.000000e+00,0.000000e+00,0.000000e+00,0.000000e+00,0.000000e+00,0.000000e+00,0.000000e+00,0.000000e+00,0.000000e+00,0.000000e+00,0.000000e+00,0.000000e+00,0.000000e+00,0.000000e+00,0.000000e+00,2.555948e+04,2.692783e+03,8.748062e-02,-4.348927e-04,-2.041174e+00,1.136610e-03,0.000000e+00,0.000000e+00,0.000000e+00,0.000000e+00,0.000000e+00,0.000000e+00,0.000000e+00,0.000000e+00,0.000000e+00,0.000000e+00,0.000000e+00,0.000000e+00,0.000000e+00,0.000000e+00,0.000000e+00,0.000000e+00,0.000000e+00,0.000000e+00,0.000000e+00,0.000000e+00,0.000000e+00,-2.849612e+06,1.056233e+04,-1.718352e+06,3.026093e-01,3.030729e-03,-1.694320e+01,-4.958179e-01,-4.811552e-03,-2.498428e-01,2.346074e-03,2.924893e-03,1.992838e+01,-3.333721e-01,2.075849e-03,-1.157064e-03,-4.094171e-03,4.709021e-04,-7.498493e+00,2.495912e+01,1.589191e-01,1.129915e+03,8.676630e+04,-1.066569e+04,3.326484e+06,5.001495e-02,1.406330e+01,-1.206615e-02,-1.371733e+01,1.290592e+04,8.753136e+01
2.740570e-03,2.541106e+04,5.781240e+03,2.600623e-01,3.405852e-04,2.030672e+00,1.023883e-01,9.774000e-07,1.326932e+03,0.000000e+00,0.000000e+00,3.685501e+03,0.000000e+00,0.000000e+00,0.000000e+00,0.000000e+00,0.000000e+00,0.000000e+00,0.000000e+00,0.000000e+00,0.000000e+00,0.000000e+00,0.000000e+00,0.000000e+00,0.000000e+00,0.000000e+00,0.000000e+00,0.000000e+00,0.000000e+00,0.000000e+00,0.000000e+00,0.000000e+00,0.000000e+00,0.000000e+00,0.000000e+00,0.000000e+00,0.000000e+00,0.000000e+00,0.000000e+00,0.000000e+00,0.000000e+00,0.000000e+00,0.000000e+00,0.000000e+00,0.000000e+00,0.000000e+00,0.000000e+00,0.000000e+00,0.000000e+00,2.541106e+04,2.656307e+03,8.911131e-02,-2.310395e-04,-2.017772e+00,1.136610e-03,0.000000e+00,0.000000e+00,0.000000e+00,0.000000e+00,0.000000e+00,0.000000e+00,0.000000e+00,0.000000e+00,0.000000e+00,0.000000e+00,0.000000e+00,0.000000e+00,0.000000e+00,0.000000e+00,0.000000e+00,0.000000e+00,0.000000e+00,0.000000e+00,0.000000e+00,0.000000e+00,0.000000e+00,-2.865571e+06,1.510478e+04,-1.748766e+06,3.067708e-01,3.256104e-03,-1.705324e+01,-5.036579e-01,-4.832195e-03,-2.503246e-01,2.338999e-03,2.926445e-03,2.006490e+01,-3.396798e-01,2.061392e-03,-1.158217e-03,-3.845184e-03,4.719855e-04,-7.487273e+00,2.590417e+01,4.789357e-02,1.162742e+03,1.057940e+05,-1.521076e+04,3.355366e+06,4.957188e-02,1.418632e+01,-1.303321e-02,-2.163367e+01,1.195167e+04,-9.766882e+01
2.750344e-03,2.525998e+04,5.888195e+03,2.658051e-01,3.158354e-04,2.165694e+00,1.023883e-01,9.774000e-07,1.349355e+03,0.000000e+00,0.000000e+00,3.706766e+03,0.000000e+00,0.000000e+00,0.000000e+00,0.000000e+00,0.000000e+00,0.000000e+00,0.000000e+00,0.000000e+00,0.000000e+00,0.000000e+00,0.000000e+00,0.000000e+00,0.000000e+00,0.000000e+00,0.000000e+00,0.000000e+00,0.000000e+00,0.000000e+00,0.000000e+00,0.000000e+00,0.000000e+00,0.000000e+00,0.000000e+00,0.000000e+00,0.000000e+00,0.000000e+00,0.000000e+00,0.000000e+00,0.000000e+00,0.000000e+00,0.000000e+00,0.000000e+00,0.000000e+00,0.000000e+00,0.000000e+00,0.000000e+00,0.000000e+00,2.525998e+04,2.620497e+03,9.072436e-02,-2.211742e-04,-1.994694e+00,1.136610e-03,0.000000e+00,0.000000e+00,0.000000e+00,0.000000e+00,0.000000e+00,0.000000e+00,0.000000e+00,0.000000e+00,0.000000e+00,0.000000e+00,0.000000e+00,0.000000e+00,0.000000e+00,0.000000e+00,0.000000e+00,0.000000e+00,0.000000e+00,0.000000e+00,0.000000e+00,0.000000e+00,0.000000e+00,-2.839233e+06,3.635796e+03,-1.724750e+06,3.108459e-01,3.113440e-03,-1.716199e+01,-5.115036e-01,-4.690609e-03,-2.507672e-01,2.332061e-03,2.928003e-03,2.019987e+01,-3.459788e-01,2.052377e-03,-1.159353e-03,-3.586808e-03,4.727313e-04,-7.475733e+00,2.689737e+01,9.603156e-02,1.195236e+03,9.837670e+04,-3.742262e+03,3.320592e+06,4.909592e-02,1.430571e+01,-1.146239e-02,-4.301197e+01,1.200923e+04,-6.979202e+01
2.760118e-03,2.510656e+04,5.997159e+03,2.715393e-01,3.206966e-04,2.299162e+00,1.023883e-01,9.774000e-07,1.371807e+03,0.000000e+00,0.000000e+00,3.728556e+03,0.000000e+00,0.000000e+00,0.000000e+00,0.000000e+00,0.000000e+00,0.000000e+00,0.000000e+00,0.000000e+00,0.000000e+00,0.000000e+00,0.000000e+00,0.000000e+00,0.000000e+00,0.000000e+00,0.000000e+00,0.000000e+00,0.000000e+00,0.000000e+00,0.000000e+00,0.000000e+00,0.000000e+00,0.000000e+00,0.000000e+00,0.000000e+00,0.000000e+00,0.000000e+00,0.000000e+00,0.000000e+00,0.000000e+00,0.000000e+00,0.000000e+00,0.000000e+00,0.000000e+00,0.000000e+00,0.000000e+00,0.000000e+00,0.000000e+00,2.510656e+04,2.585178e+03,9.235243e-02,-1.117883e-04,-1.971656e+00,1.136610e-03,0.000000e+00,0.000000e+00,0.000000e+00,0.000000e+00,0.000000e+00,0.000000e+00,0.000000e+00,0.000000e+00,0.000000e+00,0.000000e+00,0.000000e+00,0.000000e+00,0.000000e+00,0.000000e+00,0.000000e+00,0.000000e+00,0.000000e+00,0.000000e+00,0.000000e+00,0.000000e+00,0.000000e+00,-2.782162e+06,7.437314e+03,-1.699636e+06,3.150526e-01,3.252411e-03,-1.726918e+01,-5.193814e-01,-4.652870e-03,-2.511597e-01,2.325246e-03,2.929540e-03,2.033329e+01,-3.522646e-01,2.038555e-03,-1.160480e-03,-3.318709e-03,4.731310e-04,-7.463878e+00,2.783371e+01,1.208900e-02,1.227268e+03,1.051662e+05,-7.543410e+03,3.258547e+06,4.858896e-02,1.442430e+01,-1.223717e-02,-1.161342e+01,1.196337e+04,-1.662069e+02
2.770870e-03,2.493516e+04,6.120075e+03,2.778304e-01,3.088045e-04,2.444191e+00,1.023883e-01,9.774000e-07,1.396086e+03,0.000000e+00,0.000000e+00,3.752296e+03,0.000000e+00,0.000000e+00,0.000000e+00,0.000000e+00,0.000000e+00,0.000000e+00,0.000000e+00,0.000000e+00,0.000000e+00,0.000000e+00,0.000000e+00,0.000000e+00,0.000000e+00,0.000000e+00,0.000000e+00,0.000000e+00,0.000000e+00,0.000000e+00,0.000000e+00,0.000000e+00,0.000000e+00,0.000000e+00,0.000000e+00,0.000000e+00,0.000000e+00,0.000000e+00,0.000000e+00,0.000000e+00,0.000000e+00,0.000000e+00,0.000000e+00,0.000000e+00,0.000000e+00,0.000000e+00,0.000000e+00,0.000000e+00,0.000000e+00,2.493516e+04,2.546943e+03,9.384950e-02,3.725756e-05,-1.946823e+00,1.136610e-03,0.000000e+00,0.000000e+00,0.000000e+00,0.000000e+00,0.000000e+00,0.000000e+00,0.000000e+00,0.000000e+00,0.000000e+00,0.000000e+00,0.000000e+00,0.000000e+00,0.000000e+00,0.000000e+00,0.000000e+00,0.000000e+00,0.000000e+00,0.000000e+00,0.000000e+00,0.000000e+00,0.000000e+00,-2.719706e+06,-7.407020e+03,-1.644881e+06,3.193061e-01,3.256471e-03,-1.738574e+01,-5.280523e-01,-4.504235e-03,-2.516237e-01,2.317875e-03,2.931217e-03,2.047826e+01,-3.591683e-01,2.032045e-03,-1.161705e-03,-3.012443e-03,4.731068e-04,-7.450479e+00,2.900761e+01,-2.299248e-02,1.262140e+03,8.886308e+04,7.301980e+03,3.177190e+06,4.876999e-02,1.455164e+01,-1.238114e-02,-8.255555e+01,1.154479e+04,1.039758e+01
2.780644e-03,2.477763e+04,6.233362e+03,2.835872e-01,3.012529e-04,2.574464e+00,1.023885e-01,9.774000e-07,1.418381e+03,0.000000e+00,0.000000e+00,3.773716e+03,0.000000e+00,0.000000e+00,0.000000e+00,0.000000e+00,0.000000e+00,0.000000e+00,0.000000e+00,0.000000e+00,0.000000e+00,0.000000e+00,0.000000e+00,0.000000e+00,0.000000e+00,0.000000e+00,0.000000e+00,0.000000e+00,0.000000e+00,0.000000e+00,0.000000e+00,0.000000e+00,0.000000e+00,0.000000e+00,0.000000e+00,0.000000e+00,0.000000e+00,0.000000e+00,0.000000e+00,0.000000e+00,0.000000e+00,0.000000e+00,0.000000e+00,0.000000e+00,0.000000e+00,0.000000e+00,0.000000e+00,0.000000e+00,0.000000e+00,2.477763e+04,2.512562e+03,9.518732e-02,1.412947e-04,-1.924186e+00,1.136609e-03,0.000000e+00,0.000000e+00,0.000000e+00,0.000000e+00,0.000000e+00,0.000000e+00,0.000000e+00,0.000000e+00,0.000000e+00,0.000000e+00,0.000000e+00,0.000000e+00,0.000000e+00,0.000000e+00,0.000000e+00,0.000000e+00,0.000000e+00,0.000000e+00,0.000000e+00,0.000000e+00,0.000000e+00,-2.732550e+06,-7.353079e+03,-1.672963e+06,3.231724e-01,3.322017e-03,-1.749006e+01,-5.359688e-01,-4.432136e-03,-2.520317e-01,2.311280e-03,2.932675e-03,2.060837e+01,-3.654170e-01,2.021463e-03,-1.162811e-03,-2.723439e-03,4.726836e-04,-7.437975e+00,3.004244e+01,-6.089619e-02,1.293242e+03,1.074088e+05,7.245563e+03,3.202202e+06,4.862255e-02,1.466760e+01,-1.216470e-02,-4.482240e+00,1.118182e+04,1.235217e+02
2.790418e-03,2.461793e+04,6.349341e+03,2.893046e-01,2.549571e-04,2.703046e+00,1.023886e-01,9.774000e-07,1.439644e+03,0.000000e+00,0.000000e+00,3.795697e+03,0.000000e+00,0.000000e+00,0.000000e+00,0.000000e+00,0.000000e+00,0.000000e+00,0.000000e+00,0.000000e+00,0.000000e+00,0.000000e+00,0.000000e+00,0.000000e+00,0.000000e+00,0.000000e+00,0.000000e+00,0.000000e+00,0.000000e+00,0.000000e+00,0.000000e+00,0.000000e+00,0.000000e+00,0.000000e+00,0.000000e+00,0.000000e+00,0.000000e+00,0.000000e+00,0.000000e+00,0.000000e+00,0.000000e+00,0.000000e+00,0.000000e+00,0.000000e+00,0.000000e+00,0.000000e+00,0.000000e+00,0.000000e+00,0.000000e+00,2.461793e+04,2.478803e+03,9.645213e-02,2.624069e-04,-1.901932e+00,1.136610e-03,0.000000e+00,0.000000e+00,0.000000e+00,0.000000e+00,0.000000e+00,0.000000e+00,0.000000e+00,0.000000e+00,0.000000e+00,0.000000e+00,0.000000e+00,0.000000e+00,0.000000e+00,0.000000e+00,0.000000e+00,0.000000e+00,0.000000e+00,0.000000e+00,0.000000e+00,0.000000e+00,0.000000e+00,-2.675963e+06,-1.827063e+04,-1.641615e+06,3.268800e-01,3.327587e-03,-1.759340e+01,-5.438712e-01,-4.369994e-03,-2.523954e-01,2.304850e-03,2.934109e-03,2.073686e+01,-3.716482e-01,2.006462e-03,-1.163888e-03,-2.423924e-03,4.719716e-04,-7.425168e+00,3.114443e+01,-1.000580e-01,1.324154e+03,1.085040e+05,1.816380e+04,3.137500e+06,4.760927e-02,1.477727e+01,-1.202443e-02,-1.180742e+02,1.099838e+04,-1.779880e+02
2.800192e-03,2.445697e+04,6.466295e+03,2.950123e-01,3.049920e-04,2.830000e+00,1.023887e-01,9.774000e-07,1.461254e+03,0.000000e+00,0.000000e+00,3.817638e+03,0.000000e+00,0.000000e+00,0.000000e+00,0.000000e+00,0.000000e+00,0.000000e+00,0.000000e+00,0.000000e+00,0.000000e+00,0.000000e+00,0.000000e+00,0.000000e+00,0.000000e+00,0.000000e+00,0.000000e+00,0.000000e+00,0.000000e+00,0.000000e+00,0.000000e+00,0.000000e+00,0.000000e+00,0.000000e+00,0.000000e+00,0.000000e+00,0.000000e+00,0.000000e+00,0.000000e+00,0.000000e+00,0.000000e+00,0.000000e+00,0.000000e+00,0.000000e+00,0.000000e+00,0.000000e+00,0.000000e+00,0.000000e+00,0.000000e+00,2.445697e+04,2.445310e+03,9.763227e-02,3.559389e-04,-1.879720e+00,1.136610e-03,0.000000e+00,0.000000e+00,0.000000e+00,0.000000e+00,0.000000e+00,0.000000e+00,0.000000e+00,0.000000e+00,0.000000e+00,0.000000e+00,0.000000e+00,0.000000e+00,0.000000e+00,0.000000e+00,0.000000e+00,0.000000e+00,0.000000e+00,0.000000e+00,0.000000e+00,0.000000e+00,0.000000e+00,-2.629227e+06,1.791138e+04,-1.633125e+06,3.306426e-01,3.441179e-03,-1.769498e+01,-5.518203e-01,-4.277661e-03,-2.527522e-01,2.298505e-03,2.935540e-03,2.086370e+01,-3.778586e-01,1.984544e-03,-1.164943e-03,-2.113700e-03,4.709556e-04,-7.412062e+00,3.220304e+01,-9.437134e-02,1.354493e+03,1.246144e+05,-1.801826e+04,3.092636e+06,4.730690e-02,1.488767e+01,-1.108091e-02,-1.410229e+01,1.126768e+04,-3.623144e+01
2.810943e-03,2.427815e+04,6.597360e+03,3.012761e-01,3.106284e-04,2.967746e+00,1.023888e-01,9.774000e-07,1.484238e+03,0.000000e+00,0.000000e+00,3.841889e+03,0.000000e+00,0.000000e+00,0.000000e+00,0.000000e+00,0.000000e+00,0.000000e+00,0.000000e+00,0.000000e+00,0.000000e+00,0.000000e+00,0.000000e+00,0.000000e+00,0.000000e+00,0.000000e+00,0.000000e+00,0.000000e+00,0.000000e+00,0.000000e+00,0.000000e+00,0.000000e+00,0.000000e+00,0.000000e+00,0.000000e+00,0.000000e+00,0.000000e+00,0.000000e+00,0.000000e+00,0.000000e+00,0.000000e+00,0.000000e+00,0.000000e+00,0.000000e+00,0.000000e+00,0.000000e+00,0.000000e+00,0.000000e+00,0.000000e+00,2.427815e+04,2.409278e+03,9.884626e-02,5.042958e-04,-1.855700e+00,1.136610e-03,0.000000e+00,0.000000e+00,0.000000e+00,0.000000e+00,0.000000e+00,0.000000e+00,0.000000e+00,0.000000e+00,0.000000e+00,0.000000e+00,0.000000e+00,0.000000e+00,0.000000e+00,0.000000e+00,0.000000e+00,0.000000e+00,0.000000e+00,0.000000e+00,0.000000e+00,0.000000e+00,0.000000e+00,-2.594068e+06,1.424073e+03,-1.598003e+06,3.346148e-01,3.507686e-03,-1.780545e+01,-5.605459e-01,-4.236929e-03,-2.531243e-01,2.291718e-03,2.937080e-03,2.100130e+01,-3.846487e-01,1.960606e-03,-1.166085e-03,-1.759929e-03,4.694522e-04,-7.397305e+00,3.345051e+01,-1.695313e-01,1.387503e+03,1.118808e+05,-1.530747e+03,3.044714e+06,4.619339e-02,1.500463e+01,-1.157412e-02,-1.240086e+02,1.069395e+04,-1.266433e+02
2.820717e-03,2.411424e+04,6.717593e+03,3.069579e-01,3.219871e-04,3.091168e+00,1.023890e-01,9.774000e-07,1.505510e+03,0.000000e+00,0.000000e+00,3.863811e+03,0.000000e+00,0.000000e+00,0.000000e+00,0.000000e+00,0.000000e+00,0.000000e+00,0.000000e+00,0.000000e+00,0.000000e+00,0.000000e+00,0.000000e+00,0.000000e+00,0.000000e+00,0.000000e+00,0.000000e+00,0.000000e+00,0.000000e+00,0.000000e+00,0.000000e+00,0.000000e+00,0.000000e+00,0.000000e+00,0.000000e+00,0.000000e+00,0.000000e+00,0.000000e+00,0.000000e+00,0.000000e+00,0.000000e+00,0.000000e+00,0.000000e+00,0.000000e+00,0.000000e+00,0.000000e+00,0.000000e+00,0.000000e+00,0.000000e+00,2.411424e+04,2.376999e+03,9.980620e-02,6.199192e-04,-1.834038e+00,1.136610e-03,0.000000e+00,0.000000e+00,0.000000e+00,0.000000e+00,0.000000e+00,0.000000e+00,0.000000e+00,0.000000e+00,0.000000e+00,0.000000e+00,0.000000e+00,0.000000e+00,0.000000e+00,0.000000e+00,0.000000e+00,0.000000e+00,0.000000e+00,0.000000e+00,0.000000e+00,0.000000e+00,0.000000e+00,-2.526226e+06,4.549288e+03,-1.553932e+06,3.381763e-01,3.551113e-03,-1.790393e+01,-5.684496e-01,-4.165282e-03,-2.534421e-01,2.285652e-03,2.938463e-03,2.112465e+01,-3.908033e-01,1.928962e-03,-1.167104e-03,-1.426643e-03,4.679025e-04,-7.383584e+00,3.459974e+01,-1.764312e-01,1.416956e+03,1.074080e+05,-4.654466e+03,2.963947e+06,4.561434e-02,1.511180e+01,-1.064228e-02,-4.285952e+01,1.069883e+04,-8.609541e+01
2.830491e-03,2.394948e+04,6.839452e+03,3.125378e-01,3.273801e-04,3.212901e+00,1.023890e-01,9.774000e-07,1.526072e+03,0.000000e+00,0.000000e+00,3.885879e+03,0.000000e+00,0.000000e+00,0.000000e+00,0.000000e+00,0.000000e+00,0.000000e+00,0.000000e+00,0.000000e+00,0.000000e+00,0.000000e+00,0.000000e+00,0.000000e+00,0.000000e+00,0.000000e+00,0.000000e+00,0.000000e+00,0.000000e+00,0.000000e+00,0.000000e+00,0.000000e+00,0.000000e+00,0.000000e+00,0.000000e+00,0.000000e+00,0.000000e+00,0.000000e+00,0.000000e+00,0.000000e+00,0.000000e+00,0.000000e+00,0.000000e+00,0.000000e+00,0.000000e+00,0.000000e+00,0.000000e+00,0.000000e+00,0.000000e+00,2.394948e+04,2.345153e+03,1.007017e-01,6.870101e-04,-1.812570e+00,1.136610e-03,0.000000e+00,0.000000e+00,0.000000e+00,0.000000e+00,0.000000e+00,0.000000e+00,0.000000e+00,0.000000e+00,0.000000e+00,0.000000e+00,0.000000e+00,0.000000e+00,0.000000e+00,0.000000e+00,0.000000e+00,0.000000e+00,0.000000e+00,0.000000e+00,0.000000e+00,0.000000e+00,0.000000e+00,-2.507008e+06,2.583290e+04,-1.545777e+06,3.416623e-01,3.668678e-03,-1.800144e+01,-5.763485e-01,-4.137256e-03,-2.537987e-01,2.279729e-03,2.939819e-03,2.124630e+01,-3.969159e-01,1.900986e-03,-1.168114e-03,-1.082327e-03,4.661164e-04,-7.369579e+00,3.576856e+01,-2.202063e-01,1.446086e+03,1.102173e+05,-2.593871e+04,2.943189e+06,4.471423e-02,1.521477e+01,-1.120860e-02,-4.301960e+01,1.051832e+04,4.003334e+01
2.840265e-03,2.378401e+04,6.961716e+03,3.181554e-01,3.388163e-04,3.333074e+00,1.023891e-01,9.774000e-07,1.546591e+03,0.000000e+00,0.000000e+00,3.908104e+03,0.000000e+00,0.000000e+00,0.000000e+00,0.000000e+00,0.000000e+00,0.000000e+00,0.000000e+00,0.000000e+00,0.000000e+00,0.000000e+00,0.000000e+00,0.000000e+00,0.000000e+00,0.000000e+00,0.000000e+00,0.000000e+00,0.000000e+00,0.000000e+00,0.000000e+00,0.000000e+00,0.000000e+00,0.000000e+00,0.000000e+00,0.000000e+00,0.000000e+00,0.000000e+00,0.000000e+00,0.000000e+00,0.000000e+00,0.000000e+00,0.000000e+00,0.000000e+00,0.000000e+00,0.000000e+00,0.000000e+00,0.000000e+00,0.000000e+00,2.378401e+04,2.314081e+03,1.016664e-01,7.742047e-04,-1.790979e+00,1.136610e-03,0.000000e+00,0.000000e+00,0.000000e+00,0.000000e+00,0.000000e+00,0.000000e+00,0.000000e+00,0.000000e+00,0.000000e+00,0.000000e+00,0.000000e+00,0.000000e+00,0.000000e+00,0.000000e+00,0.000000e+00,0.000000e+00,0.000000e+00,0.000000e+00,0.000000e+00,0.000000e+00,0.000000e+00,-2.479975e+06,1.692779e+04,-1.534542e+06,3.451859e-01,3.636997e-03,-1.809706e+01,-5.841948e-01,-4.063121e-03,-2.540049e-01,2.273914e-03,2.941171e-03,2.136629e+01,-4.029956e-01,1.869363e-03,-1.169110e-03,-7.266362e-04,4.639645e-04,-7.355291e+00,3.690498e+01,-2.293461e-01,1.474604e+03,1.141925e+05,-1.703382e+04,2.914113e+06,4.406352e-02,1.531691e+01,-1.093387e-02,2.268563e+01,1.020902e+04,1.674323e+02
2.850039e-03,2.361800e+04,7.085024e+03,3.236814e-01,3.326912e-04,3.451413e+00,1.023891e-01,9.774000e-07,1.566884e+03,0.000000e+00,0.000000e+00,3.930046e+03,0.000000e+00,0.000000e+00,0.000000e+00,0.000000e+00,0.000000e+00,0.000000e+00,0.000000e+00,0.000000e+00,0.000000e+00,0.000000e+00,0.000000e+00,0.000000e+00,0.000000e+00,0.000000e+00,0.000000e+00,0.000000e+00,0.000000e+00,0.000000e+00,0.000000e+00,0.000000e+00,0.000000e+00,0.000000e+00,0.000000e+00,0.000000e+00,0.000000e+00,0.000000e+00,0.000000e+00,0.000000e+00,0.000000e+00,0.000000e+00,0.000000e+00,0.000000e+00,0.000000e+00,0.000000e+00,0.000000e+00,0.000000e+00,0.000000e+00,2.361800e+04,2.283141e+03,1.024556e-01,8.306932e-04,-1.769754e+00,1.136609e-03,0.000000e+00,0.000000e+00,0.000000e+00,0.000000e+00,0.000000e+00,0.000000e+00,0.000000e+00,0.000000e+00,0.000000e+00,0.000000e+00,0.000000e+00,0.000000e+00,0.000000e+00,0.000000e+00,0.000000e+00,0.000000e+00,0.000000e+00,0.000000e+00,0.000000e+00,0.000000e+00,0.000000e+00,-2.398306e+06,9.600352e+01,-1.497642e+06,3.485200e-01,3.584296e-03,-1.819126e+01,-5.919611e-01,-3.990778e-03,-2.542282e-01,2.268241e-03,2.942489e-03,2.148456e+01,-4.090425e-01,1.839039e-03,-1.170084e-03,-3.594364e-04,4.615106e-04,-7.340726e+00,3.810035e+01,-2.575799e-01,1.502778e+03,1.227232e+05,-2.001202e+02,2.824844e+06,4.361275e-02,1.541705e+01,-1.097480e-02,-4.763142e+01,1.032025e+04,1.047371e+02
2.860790e-03,2.343504e+04,7.221414e+03,3.297296e-01,3.636073e-04,3.579644e+00,1.023891e-01,9.774000e-07,1.589088e+03,0.000000e+00,0.000000e+00,3.953796e+03,0.000000e+00,0.000000e+00,0.000000e+00,0.000000e+00,0.000000e+00,0.000000e+00,0.000000e+00,0.000000e+00,0.000000e+00,0.000000e+00,0.000000e+00,0.000000e+00,0.000000e+00,0.000000e+00,0.000000e+00,0.000000e+00,0.000000e+00,0.000000e+00,0.000000e+00,0.000000e+00,0.000000e+00,0.000000e+00,0.000000e+00,0.000000e+00,0.000000e+00,0.000000e+00,0.000000e+00,0.000000e+00,0.000000e+00,0.000000e+00,0.000000e+00,0.000000e+00,0.000000e+00,0.000000e+00,0.000000e+00,0.000000e+00,0.000000e+00,2.343504e+04,2.249596e+03,1.032940e-01,1.059250e-03,-1.746576e+00,1.136610e-03,0.000000e+00,0.000000e+00,0.000000e+00,0.000000e+00,0.000000e+00,0.000000e+00,0.000000e+00,0.000000e+00,0.000000e+00,0.000000e+00,0.000000e+00,0.000000e+00,0.000000e+00,0.000000e+00,0.000000e+00,0.000000e+00,0.000000e+00,0.000000e+00,0.000000e+00,0.000000e+00,0.000000e+00,-2.386137e+06,-1.679114e+03,-1.496491e+06,3.521701e-01,3.734109e-03,-1.829333e+01,-6.005118e-01,-3.911915e-03,-2.545576e-01,2.262133e-03,2.943957e-03,2.161270e+01,-4.156559e-01,1.805281e-03,-1.171128e-03,5.802096e-05,4.583318e-04,-7.324391e+00,3.940710e+01,-3.311473e-01,1.533223e+03,1.281805e+05,1.574017e+03,2.813664e+06,4.355273e-02,1.552608e+01,-1.110461e-02,1.181543e+01,1.002851e+04,-7.064864e+01
2.870564e-03,2.326852e+04,7.345564e+03,3.351998e-01,3.697023e-04,3.694381e+00,1.023891e-01,9.774000e-07,1.609053e+03,0.000000e+00,0.000000e+00,3.975804e+03,0.000000e+00,0.000000e+00,0.000000e+00,0.000000e+00,0.000000e+00,0.000000e+00,0.000000e+00,0.000000e+00,0.000000e+00,0.000000e+00,0.000000e+00,0.000000e+00,0.000000e+00,0.000000e+00,0.000000e+00,0.000000e+00,0.000000e+00,0.000000e+00,0.000000e+00,0.000000e+00,0.000000e+00,0.000000e+00,0.000000e+00,0.000000e+00,0.000000e+00,0.000000e+00,0.000000e+00,0.000000e+00,0.000000e+00,0.000000e+00,0.000000e+00,0.000000e+00,0.000000e+00,0.000000e+00,0.000000e+00,0.000000e+00,0.000000e+00,2.326852e+04,2.219781e+03,1.041386e-01,1.102405e-03,-1.725464e+00,1.136610e-03,0.000000e+00,0.000000e+00,0.000000e+00,0.000000e+00,0.000000e+00,0.000000e+00,0.000000e+00,0.000000e+00,0.000000e+00,0.000000e+00,0.000000e+00,0.000000e+00,0.000000e+00,0.000000e+00,0.000000e+00,0.000000e+00,0.000000e+00,0.000000e+00,0.000000e+00,0.000000e+00,0.000000e+00,-2.341992e+06,-1.315725e+04,-1.470659e+06,3.554665e-01,3.626912e-03,-1.838422e+01,-6.081579e-01,-3.821602e-03,-2.546999e-01,2.256720e-03,2.945213e-03,2.172736e+01,-4.216323e-01,1.776234e-03,-1.172056e-03,4.496739e-04,4.553807e-04,-7.309258e+00,4.060986e+01,-3.293851e-01,1.560329e+03,1.278441e+05,1.305288e+04,2.762503e+06,4.347051e-02,1.562348e+01,-1.076885e-02,-5.917243e+01,9.750428e+03,-1.285957e+02
2.880338e-03,2.310190e+04,7.470396e+03,3.406454e-01,3.722959e-04,3.807406e+00,1.023892e-01,9.774000e-07,1.628727e+03,0.000000e+00,0.000000e+00,3.997465e+03,0.000000e+00,0.000000e+00,0.000000e+00,0.000000e+00,0.000000e+00,0.000000e+00,0.000000e+00,0.000000e+00,0.000000e+00,0.000000e+00,0.000000e+00,0.000000e+00,0.000000e+00,0.000000e+00,0.000000e+00,0.000000e+00,0.000000e+00,0.000000e+00,0.000000e+00,0.000000e+00,0.000000e+00,0.000000e+00,0.000000e+00,0.000000e+00,0.000000e+00,0.000000e+00,0.000000e+00,0.000000e+00,0.000000e+00,0.000000e+00,0.000000e+00,0.000000e+00,0.000000e+00,0.000000e+00,0.000000e+00,0.000000e+00,0.000000e+00,2.310190e+04,2.190050e+03,1.047665e-01,1.049750e-03,-1.704899e+00,1.136610e-03,0.000000e+00,0.000000e+00,0.000000e+00,0.000000e+00,0.000000e+00,0.000000e+00,0.000000e+00,0.000000e+00,0.000000e+00,0.000000e+00,0.000000e+00,0.000000e+00,0.000000e+00,0.000000e+00,0.000000e+00,0.000000e+00,0.000000e+00,0.000000e+00,0.000000e+00,0.000000e+00,0.000000e+00,-2.280713e+06,5.458139e+03,-1.412007e+06,3.587084e-01,3.596219e-03,-1.847389e+01,-6.158412e-01,-3.768921e-03,-2.549290e-01,2.251425e-03,2.946455e-03,2.184030e+01,-4.275817e-01,1.750579e-03,-1.172969e-03,8.531851e-04,4.523583e-04,-7.293863e+00,4.183498e+01,-3.412814e-01,1.587127e+03,1.073491e+05,-5.560408e+03,2.680278e+06,4.310896e-02,1.571882e+01,-1.169604e-02,-5.632148e+01,9.564064e+03,1.357764e+02
2.890112e-03,2.293561e+04,7.595177e+03,3.460530e-01,3.747786e-04,3.918665e+00,1.023892e-01,9.774000e-07,1.648277e+03,0.000000e+00,0.000000e+00,4.018841e+03,0.000000e+00,0.000000e+00,0.000000e+00,0.000000e+00,0.000000e+00,0.000000e+00,0.000000e+00,0.000000e+00,0.000000e+00,0.000000e+00,0.000000e+00,0.000000e+00,0.000000e+00,0.000000e+00,0.000000e+00,0.000000e+00,0.000000e+00,0.000000e+00,0.000000e+00,0.000000e+00,0.000000e+00,0.000000e+00,0.000000e+00,0.000000e+00,0.000000e+00,0.000000e+00,0.000000e+00,0.000000e+00,0.000000e+00,0.000000e+00,0.000000e+00,0.000000e+00,0.000000e+00,0.000000e+00,0.000000e+00,0.000000e+00,0.000000e+00,2.293561e+04,2.160816e+03,1.055498e-01,9.282994e-04,-1.684313e+00,1.136610e-03,0.000000e+00,0.000000e+00,0.000000e+00,0.000000e+00,0.000000e+00,0.000000e+00,0.000000e+00,0.000000e+00,0.000000e+00,0.000000e+00,0.000000e+00,0.000000e+00,0.000000e+00,0.000000e+00,0.000000e+00,0.000000e+00,0.000000e+00,0.000000e+00,0.000000e+00,0.000000e+00,0.000000e+00,-2.266330e+06,-2.353876e+03,-1.414685e+06,3.619242e-01,3.340749e-03,-1.856205e+01,-6.235134e-01,-3.693713e-03,-2.551570e-01,2.246265e-03,2.947708e-03,2.195146e+01,-4.334894e-01,1.727176e-03,-1.173869e-03,1.268268e-03,4.493359e-04,-7.278210e+00,4.303698e+01,-2.868409e-01,1.613383e+03,1.171673e+05,2.250819e+03,2.669056e+06,4.268663e-02,1.581298e+01,-1.128611e-02,-1.358355e+02,9.415754e+03,1.075061e+02
2.900864e-03,2.275318e+04,7.732055e+03,3.520224e-01,3.891468e-04,4.039090e+00,1.023893e-01,9.774000e-07,1.669577e+03,0.000000e+00,0.000000e+00,4.042927e+03,0.000000e+00,0.000000e+00,0.000000e+00,0.000000e+00,0.000000e+00,0.000000e+00,0.000000e+00,0.000000e+00,0.000000e+00,0.000000e+00,0.000000e+00,0.000000e+00,0.000000e+00,0.000000e+00,0.000000e+00,0.000000e+00,0.000000e+00,0.000000e+00,0.000000e+00,0.000000e+00,0.000000e+00,0.000000e+00,0.000000e+00,0.000000e+00,0.000000e+00,0.000000e+00,0.000000e+00,0.000000e+00,0.000000e+00,0.000000e+00,0.000000e+00,0.000000e+00,0.000000e+00,0.000000e+00,0.000000e+00,0.000000e+00,0.000000e+00,2.275318e+04,2.129199e+03,1.064296e-01,1.230372e-03,-1.661718e+00,1.136610e-03,0.000000e+00,0.000000e+00,0.000000e+00,0.000000e+00,0.000000e+00,0.000000e+00,0.000000e+00,0.000000e+00,0.000000e+00,0.000000e+00,0.000000e+00,0.000000e+00,0.000000e+00,0.000000e+00,0.000000e+00,0.000000e+00,0.000000e+00,0.000000e+00,0.000000e+00,0.000000e+00,0.000000e+00,-2.198619e+06,-5.813713e+03,-1.382705e+06,3.655163e-01,3.590194e-03,-1.865695e+01,-6.318895e-01,-3.691595e-03,-2.552704e-01,2.240711e-03,2.949047e-03,2.207174e+01,-4.399359e-01,1.690127e-03,-1.174832e-03,1.738565e-03,4.457859e-04,-7.260697e+00,4.432703e+01,-3.902941e-01,1.641667e+03,1.230658e+05,5.712311e+03,2.594350e+06,4.169806e-02,1.591484e+01,-1.130624e-02,1.009266e+01,9.442099e+03,8.335213e+01
2.910638e-03,2.258798e+04,7.856323e+03,3.573233e-01,3.851442e-04,4.146647e+00,1.023893e-01,9.774000e-07,1.688811e+03,0.000000e+00,0.000000e+00,4.064284e+03,0.000000e+00,0.000000e+00,0.000000e+00,0.000000e+00,0.000000e+00,0.000000e+00,0.000000e+00,0.000000e+00,0.000000e+00,0.000000e+00,0.000000e+00,0.000000e+00,0.000000e+00,0.000000e+00,0.000000e+00,0.000000e+00,0.000000e+00,0.000000e+00,0.000000e+00,0.000000e+00,0.000000e+00,0.000000e+00,0.000000e+00,0.000000e+00,0.000000e+00,0.000000e+00,0.000000e+00,0.000000e+00,0.000000e+00,0.000000e+00,0.000000e+00,0.000000e+00,0.000000e+00,0.000000e+00,0.000000e+00,0.000000e+00,0.000000e+00,2.258798e+04,2.100654e+03,1.070971e-01,1.027333e-03,-1.641472e+00,1.136610e-03,0.000000e+00,0.000000e+00,0.000000e+00,0.000000e+00,0.000000e+00,0.000000e+00,0.000000e+00,0.000000e+00,0.000000e+00,0.000000e+00,0.000000e+00,0.000000e+00,0.000000e+00,0.000000e+00,0.000000e+00,0.000000e+00,0.000000e+00,0.000000e+00,0.000000e+00,0.000000e+00,0.000000e+00,-2.162144e+06,-4.829644e+03,-1.352661e+06,3.686928e-01,3.305919e-03,-1.874173e+01,-6.395130e-01,-3.597156e-03,-2.554339e-01,2.235772e-03,2.950216e-03,2.217922e+01,-4.457222e-01,1.651153e-03,-1.175698e-03,2.178372e-03,4.423366e-04,-7.244515e+00,4.552353e+01,-3.279051e-01,1.666914e+03,1.152345e+05,4.729028e+03,2.547799e+06,4.166305e-02,1.600638e+01,-1.133595e-02,-1.292837e+01,9.236220e+03,-4.832415e+01
2.920412e-03,2.242356e+04,7.980252e+03,3.625728e-01,4.008632e-04,4.252464e+00,1.023893e-01,9.774000e-07,1.707845e+03,0.000000e+00,0.000000e+00,4.085217e+03,0.000000e+00,0.000000e+00,0.000000e+00,0.000000e+00,0.000000e+00,0.000000e+00,0.000000e+00,0.000000e+00,0.000000e+00,0.000000e+00,0.000000e+00,0.000000e+00,0.000000e+00,0.000000e+00,0.000000e+00,0.000000e+00,0.000000e+00,0.000000e+00,0.000000e+00,0.000000e+00,0.000000e+00,0.000000e+00,0.000000e+00,0.000000e+00,0.000000e+00,0.000000e+00,0.000000e+00,0.000000e+00,0.000000e+00,0.000000e+00,0.000000e+00,0.000000e+00,0.000000e+00,0.000000e+00,0.000000e+00,0.000000e+00,0.000000e+00,2.242356e+04,2.072311e+03,1.076938e-01,1.134460e-03,-1.621320e+00,1.136609e-03,0.000000e+00,0.000000e+00,0.000000e+00,0.000000e+00,0.000000e+00,0.000000e+00,0.000000e+00,0.000000e+00,0.000000e+00,0.000000e+00,0.000000e+00,0.000000e+00,0.000000e+00,0.000000e+00,0.000000e+00,0.000000e+00,0.000000e+00,0.000000e+00,0.000000e+00,0.000000e+00,0.000000e+00,-2.115032e+06,2.129154e+04,-1.329905e+06,3.717604e-01,3.487650e-03,-1.882497e+01,-6.470783e-01,-3.555513e-03,-2.555828e-01,2.230984e-03,2.951336e-03,2.228496e+01,-4.514520e-01,1.611724e-03,-1.176540e-03,2.629799e-03,4.387992e-04,-7.228089e+00,4.673688e+01,-3.778353e-01,1.691702e+03,1.189659e+05,-2.139116e+04,2.495566e+06,4.151864e-02,1.609631e+01,-1.117046e-02,-8.377521e+00,9.327938e+03,-7.762833e+01
2.930186e-03,2.226008e+04,8.103521e+03,3.677869e-01,4.162618e-04,4.356513e+00,1.023893e-01,9.774000e-07,1.726984e+03,0.000000e+00,0.000000e+00,4.105731e+03,0.000000e+00,0.000000e+00,0.000000e+00,0.000000e+00,0.000000e+00,0.000000e+00,0.000000e+00,0.000000e+00,0.000000e+00,0.000000e+00,0.000000e+00,0.000000e+00,0.000000e+00,0.000000e+00,0.000000e+00,0.000000e+00,0.000000e+00,0.000000e+00,0.000000e+00,0.000000e+00,0.000000e+00,0.000000e+00,0.000000e+00,0.000000e+00,0.000000e+00,0.000000e+00,0.000000e+00,0.000000e+00,0.000000e+00,0.000000e+00,0.000000e+00,0.000000e+00,0.000000e+00,0.000000e+00,0.000000e+00,0.000000e+00,0.000000e+00,2.226008e+04,2.044351e+03,1.082409e-01,1.065559e-03,-1.601396e+00,1.136610e-03,0.000000e+00,0.000000e+00,0.000000e+00,0.000000e+00,0.000000e+00,0.000000e+00,0.000000e+00,0.000000e+00,0.000000e+00,0.000000e+00,0.000000e+00,0.000000e+00,0.000000e+00,0.000000e+00,0.000000e+00,0.000000e+00,0.000000e+00,0.000000e+00,0.000000e+00,0.000000e+00,0.000000e+00,-2.092939e+06,2.184138e+04,-1.312430e+06,3.748058e-01,3.343226e-03,-1.890654e+01,-6.546327e-01,-3.509087e-03,-2.557116e-01,2.226343e-03,2.952446e-03,2.238892e+01,-4.571405e-01,1.572946e-03,-1.177358e-03,3.093037e-03,4.350856e-04,-7.211424e+00,4.794801e+01,-3.511088e-01,1.715965e+03,1.149919e+05,-2.194088e+04,2.467720e+06,4.129912e-02,1.618644e+01,-1.147525e-02,7.005787e+01,8.992289e+03,1.780471e+02
2.940937e-03,2.208132e+04,8.238838e+03,3.734785e-01,4.260924e-04,4.468930e+00,1.023893e-01,9.774000e-07,1.747348e+03,0.000000e+00,0.000000e+00,4.128443e+03,0.000000e+00,0.000000e+00,0.000000e+00,0.000000e+00,0.000000e+00,0.000000e+00,0.000000e+00,0.000000e+00,0.000000e+00,0.000000e+00,0.000000e+00,0.000000e+00,0.000000e+00,0.000000e+00,0.000000e+00,0.000000e+00,0.000000e+00,0.000000e+00,0.000000e+00,0.000000e+00,0.000000e+00,0.000000e+00,0.000000e+00,0.000000e+00,0.000000e+00,0.000000e+00,0.000000e+00,0.000000e+00,0.000000e+00,0.000000e+00,0.000000e+00,0.000000e+00,0.000000e+00,0.000000e+00,0.000000e+00,0.000000e+00,0.000000e+00,2.208132e+04,2.013894e+03,1.089242e-01,1.208486e-03,-1.579787e+00,1.136610e-03,0.000000e+00,0.000000e+00,0.000000e+00,0.000000e+00,0.000000e+00,0.000000e+00,0.000000e+00,0.000000e+00,0.000000e+00,0.000000e+00,0.000000e+00,0.000000e+00,0.000000e+00,0.000000e+00,0.000000e+00,0.000000e+00,0.000000e+00,0.000000e+00,0.000000e+00,0.000000e+00,0.000000e+00,-2.024181e+06,8.567651e+03,-1.285335e+06,3.782232e-01,3.411462e-03,-1.899486e+01,-6.629091e-01,-3.522245e-03,-2.558363e-01,2.221333e-03,2.953627e-03,2.250125e+01,-4.633490e-01,1.536865e-03,-1.178240e-03,3.615835e-03,4.308401e-04,-7.192821e+00,4.922104e+01,-3.844679e-01,1.742262e+03,1.255865e+05,-8.665395e+03,2.394498e+06,4.138396e-02,1.628156e+01,-1.107371e-02,-6.705065e+01,9.113278e+03,1.153053e+02
2.950711e-03,2.191995e+04,8.360501e+03,3.786239e-01,4.847869e-04,4.569215e+00,1.023894e-01,9.774000e-07,1.766375e+03,0.000000e+00,0.000000e+00,4.148834e+03,0.000000e+00,0.000000e+00,0.000000e+00,0.000000e+00,0.000000e+00,0.000000e+00,0.000000e+00,0.000000e+00,0.000000e+00,0.000000e+00,0.000000e+00,0.000000e+00,0.000000e+00,0.000000e+00,0.000000e+00,0.000000e+00,0.000000e+00,0.000000e+00,0.000000e+00,0.000000e+00,0.000000e+00,0.000000e+00,0.000000e+00,0.000000e+00,0.000000e+00,0.000000e+00,0.000000e+00,0.000000e+00,0.000000e+00,0.000000e+00,0.000000e+00,0.000000e+00,0.000000e+00,0.000000e+00,0.000000e+00,0.000000e+00,0.000000e+00,2.191995e+04,1.986515e+03,1.093992e-01,1.198737e-03,-1.560174e+00,1.136610e-03,0.000000e+00,0.000000e+00,0.000000e+00,0.000000e+00,0.000000e+00,0.000000e+00,0.000000e+00,0.000000e+00,0.000000e+00,0.000000e+00,0.000000e+00,0.000000e+00,0.000000e+00,0.000000e+00,0.000000e+00,0.000000e+00,0.000000e+00,0.000000e+00,0.000000e+00,0.000000e+00,0.000000e+00,-1.979853e+06,7.561487e+03,-1.257243e+06,3.811118e-01,3.383172e-03,-1.907295e+01,-6.704215e-01,-3.579827e-03,-2.559064e-01,2.216916e-03,2.954655e-03,2.260150e+01,-4.689498e-01,1.508199e-03,-1.179019e-03,4.103528e-03,4.272801e-04,-7.175667e+00,5.045104e+01,-3.613190e-01,1.765468e+03,1.232596e+05,-7.658024e+03,2.342068e+06,4.025226e-02,1.637010e+01,-1.015826e-02,-1.168165e+02,8.896668e+03,-6.437503e+00
2.960485e-03,2.176003e+04,8.481482e+03,3.837232e-01,4.889738e-04,4.667794e+00,1.023894e-01,9.774000e-07,1.785056e+03,0.000000e+00,0.000000e+00,4.168536e+03,0.000000e+00,0.000000e+00,0.000000e+00,0.000000e+00,0.000000e+00,0.000000e+00,0.000000e+00,0.000000e+00,0.000000e+00,0.000000e+00,0.000000e+00,0.000000e+00,0.000000e+00,0.000000e+00,0.000000e+00,0.000000e+00,0.000000e+00,0.000000e+00,0.000000e+00,0.000000e+00,0.000000e+00,0.000000e+00,0.000000e+00,0.000000e+00,0.000000e+00,0.000000e+00,0.000000e+00,0.000000e+00,0.000000e+00,0.000000e+00,0.000000e+00,0.000000e+00,0.000000e+00,0.000000e+00,0.000000e+00,0.000000e+00,0.000000e+00,2.176003e+04,1.959618e+03,1.098374e-01,1.046494e-03,-1.540683e+00,1.136609e-03,0.000000e+00,0.000000e+00,0.000000e+00,0.000000e+00,0.000000e+00,0.000000e+00,0.000000e+00,0.000000e+00,0.000000e+00,0.000000e+00,0.000000e+00,0.000000e+00,0.000000e+00,0.000000e+00,0.000000e+00,0.000000e+00,0.000000e+00,0.000000e+00,0.000000e+00,0.000000e+00,0.000000e+00,-1.934755e+06,5.364958e+03,-1.231069e+06,3.839761e-01,3.199782e-03,-1.914968e+01,-6.778909e-01,-3.602384e-03,-2.560118e-01,2.212616e-03,2.955612e-03,2.269999e+01,-4.745096e-01,1.480114e-03,-1.179788e-03,4.603168e-03,4.241153e-04,-7.158288e+00,5.167799e+01,-2.959492e-01,1.788267e+03,1.229654e+05,-5.460268e+03,2.289910e+06,3.910171e-02,1.645657e+01,-9.763702e-03,-5.172490e+01,8.672251e+03,1.603354e+02
2.970259e-03,2.160170e+04,8.601340e+03,3.887795e-01,4.916797e-04,4.764610e+00,1.023894e-01,9.774000e-07,1.803534e+03,0.000000e+00,0.000000e+00,4.187954e+03,0.000000e+00,0.000000e+00,0.000000e+00,0.000000e+00,0.000000e+00,0.000000e+00,0.000000e+00,0.000000e+00,0.000000e+00,0.000000e+00,0.000000e+00,0.000000e+00,0.000000e+00,0.000000e+00,0.000000e+00,0.000000e+00,0.000000e+00,0.000000e+00,0.000000e+00,0.000000e+00,0.000000e+00,0.000000e+00,0.000000e+00,0.000000e+00,0.000000e+00,0.000000e+00,0.000000e+00,0.000000e+00,0.000000e+00,0.000000e+00,0.000000e+00,0.000000e+00,0.000000e+00,0.000000e+00,0.000000e+00,0.000000e+00,0.000000e+00,2.160170e+04,1.933012e+03,1.102678e-01,1.154187e-03,-1.521268e+00,1.136610e-03,0.000000e+00,0.000000e+00,0.000000e+00,0.000000e+00,0.000000e+00,0.000000e+00,0.000000e+00,0.000000e+00,0.000000e+00,0.000000e+00,0.000000e+00,0.000000e+00,0.000000e+00,0.000000e+00,0.000000e+00,0.000000e+00,0.000000e+00,0.000000e+00,0.000000e+00,0.000000e+00,0.000000e+00,-1.904110e+06,-2.237891e+03,-1.208747e+06,3.868499e-01,3.250985e-03,-1.922486e+01,-6.853329e-01,-3.613124e-03,-2.560679e-01,2.208426e-03,2.956549e-03,2.279672e+01,-4.800208e-01,1.452080e-03,-1.180535e-03,5.114763e-03,4.210417e-04,-7.140690e+00,5.289169e+01,-3.154712e-01,1.810580e+03,1.189219e+05,2.143271e+03,2.252234e+06,3.896237e-02,1.654149e+01,-9.063097e-03,-1.186040e+02,8.781532e+03,-1.415565e+01
2.980033e-03,2.144492e+04,8.720272e+03,3.937794e-01,4.972672e-04,4.859662e+00,1.023894e-01,9.774000e-07,1.821705e+03,0.000000e+00,0.000000e+00,4.207048e+03,0.000000e+00,0.000000e+00,0.000000e+00,0.000000e+00,0.000000e+00,0.000000e+00,0.000000e+00,0.000000e+00,0.000000e+00,0.000000e+00,0.000000e+00,0.000000e+00,0.000000e+00,0.000000e+00,0.000000e+00,0.000000e+00,0.000000e+00,0.000000e+00,0.000000e+00,0.000000e+00,0.000000e+00,0.000000e+00,0.000000e+00,0.000000e+00,0.000000e+00,0.000000e+00,0.000000e+00,0.000000e+00,0.000000e+00,0.000000e+00,0.000000e+00,0.000000e+00,0.000000e+00,0.000000e+00,0.000000e+00,0.000000e+00,0.000000e+00,2.144492e+04,1.906469e+03,1.106380e-01,1.243558e-03,-1.502161e+00,1.136610e-03,0.000000e+00,0.000000e+00,0.000000e+00,0.000000e+00,0.000000e+00,0.000000e+00,0.000000e+00,0.000000e+00,0.000000e+00,0.000000e+00,0.000000e+00,0.000000e+00,0.000000e+00,0.000000e+00,0.000000e+00,0.000000e+00,0.000000e+00,0.000000e+00,0.000000e+00,0.000000e+00,0.000000e+00,-1.871413e+06,6.579265e+03,-1.196158e+06,3.896933e-01,3.419349e-03,-1.929863e+01,-6.927648e-01,-3.627332e-03,-2.561183e-01,2.204357e-03,2.957402e-03,2.289168e+01,-4.854671e-01,1.422559e-03,-1.181265e-03,5.638180e-03,4.177885e-04,-7.122875e+00,5.410390e+01,-3.712434e-01,1.832468e+03,1.243562e+05,-6.673329e+03,2.217547e+06,3.932785e-02,1.662481e+01,-9.083759e-03,8.231543e+01,8.426368e+03,2.756616e+00
2.990785e-03,2.127450e+04,8.849684e+03,3.992278e-01,5.006866e-04,4.962123e+00,1.023895e-01,9.774000e-07,1.841419e+03,0.000000e+00,0.000000e+00,4.227854e+03,0.000000e+00,0.000000e+00,0.000000e+00,0.000000e+00,0.000000e+00,0.000000e+00,0.000000e+00,0.000000e+00,0.000000e+00,0.000000e+00,0.000000e+00,0.000000e+00,0.000000e+00,0.000000e+00,0.000000e+00,0.000000e+00,0.000000e+00,0.000000e+00,0.000000e+00,0.000000e+00,0.000000e+00,0.000000e+00,0.000000e+00,0.000000e+00,0.000000e+00,0.000000e+00,0.000000e+00,0.000000e+00,0.000000e+00,0.000000e+00,0.000000e+00,0.000000e+00,0.000000e+00,0.000000e+00,0.000000e+00,0.000000e+00,0.000000e+00,2.127450e+04,1.877698e+03,1.110485e-01,1.222618e-03,-1.481358e+00,1.136610e-03,0.000000e+00,0.000000e+00,0.000000e+00,0.000000e+00,0.000000e+00,0.000000e+00,0.000000e+00,0.000000e+00,0.000000e+00,0.000000e+00,0.000000e+00,0.000000e+00,0.000000e+00,0.000000e+00,0.000000e+00,0.000000e+00,0.000000e+00,0.000000e+00,0.000000e+00,0.000000e+00,0.000000e+00,-1.821377e+06,2.773448e+03,-1.163808e+06,3.928334e-01,3.356336e-03,-1.937792e+01,-7.009342e-01,-3.610570e-03,-2.561113e-01,2.200005e-03,2.958277e-03,2.299412e+01,-4.913914e-01,1.387960e-03,-1.182047e-03,6.227709e-03,4.141041e-04,-7.103035e+00,5.544471e+01,-3.602926e-01,1.855989e+03,1.210963e+05,-2.865894e+03,2.158054e+06,4.001813e-02,1.671465e+01,-8.943900e-03,7.370922e+01,8.213659e+03,5.045951e+01
3.000559e-03,2.112165e+04,8.965722e+03,4.041280e-01,5.044798e-04,5.053484e+00,1.023895e-01,9.774000e-07,1.859207e+03,0.000000e+00,0.000000e+00,4.246308e+03,0.000000e+00,0.000000e+00,0.000000e+00,0.000000e+00,0.000000e+00,0.000000e+00,0.000000e+00,0.000000e+00,0.000000e+00,0.000000e+00,0.000000e+00,0.000000e+00,0.000000e+00,0.000000e+00,0.000000e+00,0.000000e+00,0.000000e+00,0.000000e+00,0.000000e+00,0.000000e+00,0.000000e+00,0.000000e+00,0.000000e+00,0.000000e+00,0.000000e+00,0.000000e+00,0.000000e+00,0.000000e+00,0.000000e+00,0.000000e+00,0.000000e+00,0.000000e+00,0.000000e+00,0.000000e+00,0.000000e+00,0.000000e+00,0.000000e+00,2.112165e+04,1.851750e+03,1.113510e-01,1.160016e-03,-1.462618e+00,1.136610e-03,0.000000e+00,0.000000e+00,0.000000e+00,0.000000e+00,0.000000e+00,0.000000e+00,0.000000e+00,0.000000e+00,0.000000e+00,0.000000e+00,0.000000e+00,0.000000e+00,0.000000e+00,0.000000e+00,0.000000e+00,0.000000e+00,0.000000e+00,0.000000e+00,0.000000e+00,0.000000e+00,0.000000e+00,-1.778365e+06,6.043521e+03,-1.140142e+06,3.956720e-01,3.274035e-03,-1.944834e+01,-7.083607e-01,-3.530773e-03,-2.561145e-01,2.196165e-03,2.959005e-03,2.308540e+01,-4.967275e-01,1.359376e-03,-1.182739e-03,6.776128e-03,4.105958e-04,-7.084782e+00,5.666229e+01,-3.513128e-01,1.876864e+03,1.219098e+05,-6.134767e+03,2.108944e+06,4.042841e-02,1.679520e+01,-9.036308e-03,-3.988660e+01,8.221466e+03,7.298695e+01
3.010333e-03,2.097054e+04,9.080362e+03,4.089884e-01,5.042016e-04,5.143095e+00,1.023895e-01,9.774000e-07,1.876806e+03,0.000000e+00,0.000000e+00,4.264623e+03,0.000000e+00,0.000000e+00,0.000000e+00,0.000000e+00,0.000000e+00,0.000000e+00,0.000000e+00,0.000000e+00,0.000000e+00,0.000000e+00,0.000000e+00,0.000000e+00,0.000000e+00,0.000000e+00,0.000000e+00,0.000000e+00,0.000000e+00,0.000000e+00,0.000000e+00,0.000000e+00,0.000000e+00,0.000000e+00,0.000000e+00,0.000000e+00,0.000000e+00,0.000000e+00,0.000000e+00,0.000000e+00,0.000000e+00,0.000000e+00,0.000000e+00,0.000000e+00,0.000000e+00,0.000000e+00,0.000000e+00,0.000000e+00,0.000000e+00,2.097054e+04,1.825972e+03,1.116321e-01,1.305544e-03,-1.444030e+00,1.136610e-03,0.000000e+00,0.000000e+00,0.000000e+00,0.000000e+00,0.000000e+00,0.000000e+00,0.000000e+00,0.000000e+00,0.000000e+00,0.000000e+00,0.000000e+00,0.000000e+00,0.000000e+00,0.000000e+00,0.000000e+00,0.000000e+00,0.000000e+00,0.000000e+00,0.000000e+00,0.000000e+00,0.000000e+00,-1.731631e+06,7.195981e+03,-1.113562e+06,3.985025e-01,3.275362e-03,-1.951725e+01,-7.157575e-01,-3.451411e-03,-2.560831e-01,2.192432e-03,2.959679e-03,2.317492e+01,-5.020177e-01,1.332636e-03,-1.183414e-03,7.336444e-03,4.069172e-04,-7.066328e+00,5.787737e+01,-3.762498e-01,1.897283e+03,1.219919e+05,-7.285743e+03,2.055160e+06,4.051599e-02,1.687462e+01,-8.874555e-03,-1.002025e+01,8.018514e+03,8.287476e+01
3.020107e-03,2.082149e+04,9.193404e+03,4.137996e-01,4.945591e-04,5.230972e+00,1.023895e-01,9.774000e-07,1.894342e+03,0.000000e+00,0.000000e+00,4.282520e+03,0.000000e+00,0.000000e+00,0.000000e+00,0.000000e+00,0.000000e+00,0.000000e+00,0.000000e+00,0.000000e+00,0.000000e+00,0.000000e+00,0.000000e+00,0.000000e+00,0.000000e+00,0.000000e+00,0.000000e+00,0.000000e+00,0.000000e+00,0.000000e+00,0.000000e+00,0.000000e+00,0.000000e+00,0.000000e+00,0.000000e+00,0.000000e+00,0.000000e+00,0.000000e+00,0.000000e+00,0.000000e+00,0.000000e+00,0.000000e+00,0.000000e+00,0.000000e+00,0.000000e+00,0.000000e+00,0.000000e+00,0.000000e+00,0.000000e+00,2.082149e+04,1.800652e+03,1.118812e-01,1.388613e-03,-1.425549e+00,1.136610e-03,0.000000e+00,0.000000e+00,0.000000e+00,0.000000e+00,0.000000e+00,0.000000e+00,0.000000e+00,0.000000e+00,0.000000e+00,0.000000e+00,0.000000e+00,0.000000e+00,0.000000e+00,0.000000e+00,0.000000e+00,0.000000e+00,0.000000e+00,0.000000e+00,0.000000e+00,0.000000e+00,0.000000e+00,-1.691662e+06,8.119894e+03,-1.093514e+06,4.012940e-01,3.288423e-03,-1.958456e+01,-7.231254e-01,-3.369583e-03,-2.560296e-01,2.188832e-03,2.960265e-03,2.326272e+01,-5.072543e-01,1.316535e-03,-1.184070e-03,7.908652e-03,4.030100e-04,-7.047676e+00,5.909723e+01,-4.073293e-01,1.917200e+03,1.244373e+05,-8.208581e+03,2.010474e+06,4.025926e-02,1.695330e+01,-8.537972e-03,-1.974320e+01,8.006806e+03,3.020176e+01
3.030858e-03,2.065996e+04,9.315862e+03,4.190412e-01,4.627607e-04,5.325650e+00,1.023895e-01,9.774000e-07,1.913437e+03,0.000000e+00,0.000000e+00,4.301842e+03,0.000000e+00,0.000000e+00,0.000000e+00,0.000000e+00,0.000000e+00,0.000000e+00,0.000000e+00,0.000000e+00,0.000000e+00,0.000000e+00,0.000000e+00,0.000000e+00,0.000000e+00,0.000000e+00,0.000000e+00,0.000000e+00,0.000000e+00,0.000000e+00,0.000000e+00,0.000000e+00,0.000000e+00,0.000000e+00,0.000000e+00,0.000000e+00,0.000000e+00,0.000000e+00,0.000000e+00,0.000000e+00,0.000000e+00,0.000000e+00,0.000000e+00,0.000000e+00,0.000000e+00,0.000000e+00,0.000000e+00,0.000000e+00,0.000000e+00,2.065996e+04,1.773241e+03,1.121071e-01,1.453526e-03,-1.405315e+00,1.136610e-03,0.000000e+00,0.000000e+00,0.000000e+00,0.000000e+00,0.000000e+00,0.000000e+00,0.000000e+00,0.000000e+00,0.000000e+00,0.000000e+00,0.000000e+00,0.000000e+00,0.000000e+00,0.000000e+00,0.000000e+00,0.000000e+00,0.000000e+00,0.000000e+00,0.000000e+00,0.000000e+00,0.000000e+00,-1.648515e+06,6.003842e+03,-1.068522e+06,4.043530e-01,3.317651e-03,-1.965675e+01,-7.312179e-01,-3.270919e-03,-2.559635e-01,2.185011e-03,2.960847e-03,2.335730e+01,-5.129582e-01,1.319317e-03,-1.184780e-03,8.551885e-03,3.984938e-04,-7.026938e+00,6.044289e+01,-4.405644e-01,1.938541e+03,1.241495e+05,-6.091179e+03,1.960594e+06,3.942170e-02,1.703857e+01,-8.039266e-03,-5.433954e+01,7.959971e+03,3.279163e+01
3.040632e-03,2.051537e+04,9.425496e+03,4.237648e-01,4.087117e-04,5.409934e+00,1.023895e-01,9.774000e-07,1.930631e+03,0.000000e+00,0.000000e+00,4.319046e+03,0.000000e+00,0.000000e+00,0.000000e+00,0.000000e+00,0.000000e+00,0.000000e+00,0.000000e+00,0.000000e+00,0.000000e+00,0.000000e+00,0.000000e+00,0.000000e+00,0.000000e+00,0.000000e+00,0.000000e+00,0.000000e+00,0.000000e+00,0.000000e+00,0.000000e+00,0.000000e+00,0.000000e+00,0.000000e+00,0.000000e+00,0.000000e+00,0.000000e+00,0.000000e+00,0.000000e+00,0.000000e+00,0.000000e+00,0.000000e+00,0.000000e+00,0.000000e+00,0.000000e+00,0.000000e+00,0.000000e+00,0.000000e+00,0.000000e+00,2.051537e+04,1.748460e+03,1.122774e-01,1.456977e-03,-1.387079e+00,1.136610e-03,0.000000e+00,0.000000e+00,0.000000e+00,0.000000e+00,0.000000e+00,0.000000e+00,0.000000e+00,0.000000e+00,0.000000e+00,0.000000e+00,0.000000e+00,0.000000e+00,0.000000e+00,0.000000e+00,0.000000e+00,0.000000e+00,0.000000e+00,0.000000e+00,0.000000e+00,0.000000e+00,0.000000e+00,-1.603328e+06,1.074972e+04,-1.043387e+06,4.070982e-01,3.297782e-03,-1.972080e+01,-7.385329e-01,-3.213381e-03,-2.558765e-01,2.181624e-03,2.961301e-03,2.344150e+01,-5.180977e-01,1.343593e-03,-1.185409e-03,9.149215e-03,3.942570e-04,-7.007888e+00,6.166821e+01,-4.472659e-01,1.957474e+03,1.246861e+05,-1.083552e+04,1.908866e+06,3.894854e-02,1.711506e+01,-7.688145e-03,-2.477810e+01,7.784340e+03,3.970127e+01
3.050406e-03,2.037302e+04,9.533454e+03,4.284550e-01,3.667404e-04,5.492502e+00,1.023895e-01,9.774000e-07,1.947544e+03,0.000000e+00,0.000000e+00,4.335991e+03,0.000000e+00,0.000000e+00,0.000000e+00,0.000000e+00,0.000000e+00,0.000000e+00,0.000000e+00,0.000000e+00,0.000000e+00,0.000000e+00,0.000000e+00,0.000000e+00,0.000000e+00,0.000000e+00,0.000000e+00,0.000000e+00,0.000000e+00,0.000000e+00,0.000000e+00,0.000000e+00,0.000000e+00,0.000000e+00,0.000000e+00,0.000000e+00,0.000000e+00,0.000000e+00,0.000000e+00,0.000000e+00,0.000000e+00,0.000000e+00,0.000000e+00,0.000000e+00,0.000000e+00,0.000000e+00,0.000000e+00,0.000000e+00,0.000000e+00,2.037302e+04,1.724160e+03,1.123987e-01,1.523787e-03,-1.368944e+00,1.136610e-03,0.000000e+00,0.000000e+00,0.000000e+00,0.000000e+00,0.000000e+00,0.000000e+00,0.000000e+00,0.000000e+00,0.000000e+00,0.000000e+00,0.000000e+00,0.000000e+00,0.000000e+00,0.000000e+00,0.000000e+00,0.000000e+00,0.000000e+00,0.000000e+00,0.000000e+00,0.000000e+00,0.000000e+00,-1.561987e+06,-3.025434e+03,-1.021907e+06,4.098251e-01,3.363425e-03,-1.978333e+01,-7.458166e-01,-3.166651e-03,-2.557688e-01,2.178356e-03,2.961709e-03,2.352403e+01,-5.231918e-01,1.378091e-03,-1.186024e-03,9.758512e-03,3.896542e-04,-6.988657e+00,6.289169e+01,-4.932872e-01,1.975937e+03,1.265127e+05,2.940952e+03,1.862281e+06,3.851648e-02,1.718995e+01,-7.163776e-03,-6.252268e+01,7.647739e+03,-2.355225e+01
3.060180e-03,2.023296e+04,9.639703e+03,4.330837e-01,2.947277e-04,5.573450e+00,1.023895e-01,9.774000e-07,1.964232e+03,0.000000e+00,0.000000e+00,4.352555e+03,0.000000e+00,0.000000e+00,0.000000e+00,0.000000e+00,0.000000e+00,0.000000e+00,0.000000e+00,0.000000e+00,0.000000e+00,0.000000e+00,0.000000e+00,0.000000e+00,0.000000e+00,0.000000e+00,0.000000e+00,0.000000e+00,0.000000e+00,0.000000e+00,0.000000e+00,0.000000e+00,0.000000e+00,0.000000e+00,0.000000e+00,0.000000e+00,0.000000e+00,0.000000e+00,0.000000e+00,0.000000e+00,0.000000e+00,0.000000e+00,0.000000e+00,0.000000e+00,0.000000e+00,0.000000e+00,0.000000e+00,0.000000e+00,0.000000e+00,2.023296e+04,1.700231e+03,1.124397e-01,1.501298e-03,-1.350959e+00,1.136610e-03,0.000000e+00,0.000000e+00,0.000000e+00,0.000000e+00,0.000000e+00,0.000000e+00,0.000000e+00,0.000000e+00,0.000000e+00,0.000000e+00,0.000000e+00,0.000000e+00,0.000000e+00,0.000000e+00,0.000000e+00,0.000000e+00,0.000000e+00,0.000000e+00,0.000000e+00,0.000000e+00,0.000000e+00,-1.524847e+06,1.180830e+03,-9.997636e+05,4.125193e-01,3.346917e-03,-1.984435e+01,-7.530928e-01,-3.114150e-03,-2.556521e-01,2.175195e-03,2.962047e-03,2.360490e+01,-5.282232e-01,1.418026e-03,-1.186623e-03,1.037985e-02,3.847930e-04,-6.969246e+00,6.412927e+01,-4.951709e-01,1.993943e+03,1.256897e+05,-1.264033e+03,1.819035e+06,3.794898e-02,1.726356e+01,-6.875427e-03,-2.511732e+01,7.436982e+03,-3.506514e-01
3.070931e-03,2.008154e+04,9.754553e+03,4.381292e-01,1.606415e-04,5.660583e+00,1.023896e-01,9.774000e-07,1.982254e+03,0.000000e+00,0.000000e+00,4.370541e+03,0.000000e+00,0.000000e+00,0.000000e+00,0.000000e+00,0.000000e+00,0.000000e+00,0.000000e+00,0.000000e+00,0.000000e+00,0.000000e+00,0.000000e+00,0.000000e+00,0.000000e+00,0.000000e+00,0.000000e+00,0.000000e+00,0.000000e+00,0.000000e+00,0.000000e+00,0.000000e+00,0.000000e+00,0.000000e+00,0.000000e+00,0.000000e+00,0.000000e+00,0.000000e+00,0.000000e+00,0.000000e+00,0.000000e+00,0.000000e+00,0.000000e+00,0.000000e+00,0.000000e+00,0.000000e+00,0.000000e+00,0.000000e+00,0.000000e+00,2.008154e+04,1.674197e+03,1.124657e-01,1.510177e-03,-1.331287e+00,1.136610e-03,0.000000e+00,0.000000e+00,0.000000e+00,0.000000e+00,0.000000e+00,0.000000e+00,0.000000e+00,0.000000e+00,0.000000e+00,0.000000e+00,0.000000e+00,0.000000e+00,0.000000e+00,0.000000e+00,0.000000e+00,0.000000e+00,0.000000e+00,0.000000e+00,0.000000e+00,0.000000e+00,0.000000e+00,-1.483834e+06,-1.491388e+02,-9.758585e+05,4.154643e-01,3.438659e-03,-1.990977e+01,-7.610688e-01,-3.076932e-03,-2.555018e-01,2.171842e-03,2.962354e-03,2.369196e+01,-5.336871e-01,1.478037e-03,-1.187255e-03,1.107732e-02,3.791956e-04,-6.947695e+00,6.549082e+01,-5.334088e-01,2.013235e+03,1.252421e+05,6.734891e+01,1.771546e+06,3.782558e-02,1.734266e+01,-6.455889e-03,-1.315324e+01,7.304283e+03,-2.336501e+01
3.080705e-03,1.994646e+04,9.856993e+03,4.426588e-01,6.198186e-05,5.738122e+00,1.023896e-01,9.774000e-07,1.998474e+03,0.000000e+00,0.000000e+00,4.386436e+03,0.000000e+00,0.000000e+00,0.000000e+00,0.000000e+00,0.000000e+00,0.000000e+00,0.000000e+00,0.000000e+00,0.000000e+00,0.000000e+00,0.000000e+00,0.000000e+00,0.000000e+00,0.000000e+00,0.000000e+00,0.000000e+00,0.000000e+00,0.000000e+00,0.000000e+00,0.000000e+00,0.000000e+00,0.000000e+00,0.000000e+00,0.000000e+00,0.000000e+00,0.000000e+00,0.000000e+00,0.000000e+00,0.000000e+00,0.000000e+00,0.000000e+00,0.000000e+00,0.000000e+00,0.000000e+00,0.000000e+00,0.000000e+00,0.000000e+00,1.994646e+04,1.651006e+03,1.124571e-01,1.553831e-03,-1.313573e+00,1.136610e-03,0.000000e+00,0.000000e+00,0.000000e+00,0.000000e+00,0.000000e+00,0.000000e+00,0.000000e+00,0.000000e+00,0.000000e+00,0.000000e+00,0.000000e+00,0.000000e+00,0.000000e+00,0.000000e+00,0.000000e+00,0.000000e+00,0.000000e+00,0.000000e+00,0.000000e+00,0.000000e+00,0.000000e+00,-1.441903e+06,5.158609e+03,-9.505117e+05,4.181332e-01,3.511490e-03,-1.996767e+01,-7.682802e-01,-3.057838e-03,-2.553563e-01,2.168881e-03,2.962562e-03,2.376942e+01,-5.385981e-01,1.537211e-03,-1.187809e-03,1.172405e-02,3.738700e-04,-6.927926e+00,6.672308e+01,-5.532544e-01,2.030303e+03,1.239397e+05,-5.238786e+03,1.722555e+06,3.726478e-02,1.741355e+01,-6.111637e-03,-2.587960e+00,7.161827e+03,3.327044e+01
3.090479e-03,1.981372e+04,9.957541e+03,4.471472e-01,-4.183683e-05,5.814068e+00,1.023896e-01,9.774000e-07,2.014404e+03,0.000000e+00,0.000000e+00,4.402111e+03,0.000000e+00,0.000000e+00,0.000000e+00,0.000000e+00,0.000000e+00,0.000000e+00,0.000000e+00,0.000000e+00,0.000000e+00,0.000000e+00,0.000000e+00,0.000000e+00,0.000000e+00,0.000000e+00,0.000000e+00,0.000000e+00,0.000000e+00,0.000000e+00,0.000000e+00,0.000000e+00,0.000000e+00,0.000000e+00,0.000000e+00,0.000000e+00,0.000000e+00,0.000000e+00,0.000000e+00,0.000000e+00,0.000000e+00,0.000000e+00,0.000000e+00,0.000000e+00,0.000000e+00,0.000000e+00,0.000000e+00,0.000000e+00,0.000000e+00,1.981372e+04,1.628149e+03,1.124791e-01,1.568656e-03,-1.295941e+00,1.136610e-03,0.000000e+00,0.000000e+00,0.000000e+00,0.000000e+00,0.000000e+00,0.000000e+00,0.000000e+00,0.000000e+00,0.000000e+00,0.000000e+00,0.000000e+00,0.000000e+00,0.000000e+00,0.000000e+00,0.000000e+00,0.000000e+00,0.000000e+00,0.000000e+00,0.000000e+00,0.000000e+00,0.000000e+00,-1.402923e+06,-7.429367e+03,-9.270969e+05,4.208262e-01,3.565802e-03,-2.002410e+01,-7.754505e-01,-3.037648e-03,-2.551926e-01,2.166036e-03,2.962728e-03,2.384529e+01,-5.434759e-01,1.594733e-03,-1.188367e-03,1.238272e-02,3.682918e-04,-6.907992e+00,6.793688e+01,-5.868770e-01,2.046927e+03,1.228652e+05,7.350665e+03,1.677083e+06,3.706898e-02,1.748288e+01,-5.744814e-03,-3.913956e+01,7.060352e+03,-3.655446e+01
3.100253e-03,1.968346e+04,1.005611e+04,4.515780e-01,-1.571012e-04,5.888461e+00,1.023896e-01,9.774000e-07,2.030121e+03,0.000000e+00,0.000000e+00,4.417556e+03,0.000000e+00,0.000000e+00,0.000000e+00,0.000000e+00,0.000000e+00,0.000000e+00,0.000000e+00,0.000000e+00,0.000000e+00,0.000000e+00,0.000000e+00,0.000000e+00,0.000000e+00,0.000000e+00,0.000000e+00,0.000000e+00,0.000000e+00,0.000000e+00,0.000000e+00,0.000000e+00,0.000000e+00,0.000000e+00,0.000000e+00,0.000000e+00,0.000000e+00,0.000000e+00,0.000000e+00,0.000000e+00,0.000000e+00,0.000000e+00,0.000000e+00,0.000000e+00,0.000000e+00,0.000000e+00,0.000000e+00,0.000000e+00,0.000000e+00,1.968346e+04,1.605627e+03,1.124762e-01,1.525259e-03,-1.278347e+00,1.136610e-03,0.000000e+00,0.000000e+00,0.000000e+00,0.000000e+00,0.000000e+00,0.000000e+00,0.000000e+00,0.000000e+00,0.000000e+00,0.000000e+00,0.000000e+00,0.000000e+00,0.000000e+00,0.000000e+00,0.000000e+00,0.000000e+00,0.000000e+00,0.000000e+00,0.000000e+00,0.000000e+00,0.000000e+00,-1.363491e+06,-6.141278e+03,-9.031060e+05,4.235196e-01,3.636287e-03,-2.007902e+01,-7.825752e-01,-3.032316e-03,-2.550054e-01,2.163265e-03,2.962864e-03,2.391961e+01,-5.482957e-01,1.660966e-03,-1.188918e-03,1.305319e-02,3.625292e-04,-6.887898e+00,6.913974e+01,-6.068712e-01,2.063095e+03,1.214944e+05,6.064131e+03,1.630934e+06,3.659659e-02,1.755104e+01,-5.356280e-03,-6.622739e+01,6.896430e+03,-1.203935e+00
3.110027e-03,1.955571e+04,1.015265e+04,4.559837e-01,-2.949174e-04,5.961243e+00,1.023897e-01,9.774000e-07,2.045641e+03,0.000000e+00,0.000000e+00,4.432794e+03,0.000000e+00,0.000000e+00,0.000000e+00,0.000000e+00,0.000000e+00,0.000000e+00,0.000000e+00,0.000000e+00,0.000000e+00,0.000000e+00,0.000000e+00,0.000000e+00,0.000000e+00,0.000000e+00,0.000000e+00,0.000000e+00,0.000000e+00,0.000000e+00,0.000000e+00,0.000000e+00,0.000000e+00,0.000000e+00,0.000000e+00,0.000000e+00,0.000000e+00,0.000000e+00,0.000000e+00,0.000000e+00,0.000000e+00,0.000000e+00,0.000000e+00,0.000000e+00,0.000000e+00,0.000000e+00,0.000000e+00,0.000000e+00,0.000000e+00,1.955571e+04,1.583510e+03,1.124684e-01,1.474004e-03,-1.260827e+00,1.136609e-03,0.000000e+00,0.000000e+00,0.000000e+00,0.000000e+00,0.000000e+00,0.000000e+00,0.000000e+00,0.000000e+00,0.000000e+00,0.000000e+00,0.000000e+00,0.000000e+00,0.000000e+00,0.000000e+00,0.000000e+00,0.000000e+00,0.000000e+00,0.000000e+00,0.000000e+00,0.000000e+00,0.000000e+00,-1.326696e+06,-1.310597e+04,-8.780376e+05,4.262080e-01,3.634384e-03,-2.013251e+01,-7.896054e-01,-2.997819e-03,-2.547861e-01,2.160582e-03,2.962968e-03,2.399238e+01,-5.530618e-01,1.737384e-03,-1.189452e-03,1.373531e-02,3.566243e-04,-6.867648e+00,7.031709e+01,-6.225951e-01,2.078823e+03,1.178802e+05,1.303036e+04,1.586562e+06,3.617361e-02,1.761806e+01,-5.041277e-03,-1.044370e+02,6.810566e+03,-4.724933e+01
3.120779e-03,1.941784e+04,1.025653e+04,4.607460e-01,-4.034355e-04,6.039563e+00,1.023897e-01,9.774000e-07,2.062527e+03,0.000000e+00,0.000000e+00,4.449390e+03,0.000000e+00,0.000000e+00,0.000000e+00,0.000000e+00,0.000000e+00,0.000000e+00,0.000000e+00,0.000000e+00,0.000000e+00,0.000000e+00,0.000000e+00,0.000000e+00,0.000000e+00,0.000000e+00,0.000000e+00,0.000000e+00,0.000000e+00,0.000000e+00,0.000000e+00,0.000000e+00,0.000000e+00,0.000000e+00,0.000000e+00,0.000000e+00,0.000000e+00,0.000000e+00,0.000000e+00,0.000000e+00,0.000000e+00,0.000000e+00,0.000000e+00,0.000000e+00,0.000000e+00,0.000000e+00,0.000000e+00,0.000000e+00,0.000000e+00,1.941784e+04,1.559512e+03,1.124978e-01,1.365608e-03,-1.241732e+00,1.136610e-03,0.000000e+00,0.000000e+00,0.000000e+00,0.000000e+00,0.000000e+00,0.000000e+00,0.000000e+00,0.000000e+00,0.000000e+00,0.000000e+00,0.000000e+00,0.000000e+00,0.000000e+00,0.000000e+00,0.000000e+00,0.000000e+00,0.000000e+00,0.000000e+00,0.000000e+00,0.000000e+00,0.000000e+00,-1.276633e+06,1.023556e+04,-8.505056e+05,4.291416e-01,3.615857e-03,-2.018975e+01,-7.973036e-01,-2.945043e-03,-2.545672e-01,2.157744e-03,2.963019e-03,2.407065e+01,-5.582351e-01,1.819754e-03,-1.190020e-03,1.449881e-02,3.499950e-04,-6.845199e+00,7.159462e+01,-6.071725e-01,2.095654e+03,1.186089e+05,-1.030912e+04,1.529406e+06,3.517056e-02,1.769077e+01,-4.794682e-03,-6.492007e+01,6.554926e+03,1.060235e+02
3.130553e-03,1.929512e+04,1.034884e+04,4.650322e-01,-5.186567e-04,6.109179e+00,1.023897e-01,9.774000e-07,2.077642e+03,0.000000e+00,0.000000e+00,4.464068e+03,0.000000e+00,0.000000e+00,0.000000e+00,0.000000e+00,0.000000e+00,0.000000e+00,0.000000e+00,0.000000e+00,0.000000e+00,0.000000e+00,0.000000e+00,0.000000e+00,0.000000e+00,0.000000e+00,0.000000e+00,0.000000e+00,0.000000e+00,0.000000e+00,0.000000e+00,0.000000e+00,0.000000e+00,0.000000e+00,0.000000e+00,0.000000e+00,0.000000e+00,0.000000e+00,0.000000e+00,0.000000e+00,0.000000e+00,0.000000e+00,0.000000e+00,0.000000e+00,0.000000e+00,0.000000e+00,0.000000e+00,0.000000e+00,0.000000e+00,1.929512e+04,1.537931e+03,1.125103e-01,1.369833e-03,-1.224468e+00,1.136610e-03,0.000000e+00,0.000000e+00,0.000000e+00,0.000000e+00,0.000000e+00,0.000000e+00,0.000000e+00,0.000000e+00,0.000000e+00,0.000000e+00,0.000000e+00,0.000000e+00,0.000000e+00,0.000000e+00,0.000000e+00,0.000000e+00,0.000000e+00,0.000000e+00,0.000000e+00,0.000000e+00,0.000000e+00,-1.249881e+06,-3.265792e+03,-8.329163e+05,4.318085e-01,3.645010e-03,-2.024040e+01,-8.042243e-01,-2.881320e-03,-2.543762e-01,2.155242e-03,2.963036e-03,2.414019e+01,-5.628881e-01,1.899523e-03,-1.190520e-03,1.520474e-02,3.436808e-04,-6.824636e+00,7.273895e+01,-6.459496e-01,2.110527e+03,1.165862e+05,3.193274e+03,1.497452e+06,3.437686e-02,1.775548e+01,-4.273038e-03,-8.361893e+01,6.570537e+03,-3.070106e+01
3.140327e-03,1.917488e+04,1.043896e+04,4.692693e-01,-6.357511e-04,6.177308e+00,1.023897e-01,9.774000e-07,2.092589e+03,0.000000e+00,0.000000e+00,4.478736e+03,0.000000e+00,0.000000e+00,0.000000e+00,0.000000e+00,0.000000e+00,0.000000e+00,0.000000e+00,0.000000e+00,0.000000e+00,0.000000e+00,0.000000e+00,0.000000e+00,0.000000e+00,0.000000e+00,0.000000e+00,0.000000e+00,0.000000e+00,0.000000e+00,0.000000e+00,0.000000e+00,0.000000e+00,0.000000e+00,0.000000e+00,0.000000e+00,0.000000e+00,0.000000e+00,0.000000e+00,0.000000e+00,0.000000e+00,0.000000e+00,0.000000e+00,0.000000e+00,0.000000e+00,0.000000e+00,0.000000e+00,0.000000e+00,0.000000e+00,1.917488e+04,1.516716e+03,1.125997e-01,1.411711e-03,-1.207291e+00,1.136610e-03,0.000000e+00,0.000000e+00,0.000000e+00,0.000000e+00,0.000000e+00,0.000000e+00,0.000000e+00,0.000000e+00,0.000000e+00,0.000000e+00,0.000000e+00,0.000000e+00,0.000000e+00,0.000000e+00,0.000000e+00,0.000000e+00,0.000000e+00,0.000000e+00,0.000000e+00,0.000000e+00,0.000000e+00,-1.215680e+06,-1.274722e+03,-8.092895e+05,4.344760e-01,3.721613e-03,-2.028958e+01,-8.110635e-01,-2.823932e-03,-2.541619e-01,2.152858e-03,2.963043e-03,2.420825e+01,-5.674844e-01,1.986678e-03,-1.190997e-03,1.592176e-02,3.371901e-04,-6.803929e+00,7.386276e+01,-6.820756e-01,2.124964e+03,1.129202e+05,1.203719e+03,1.456048e+06,3.342701e-02,1.781930e+01,-3.853847e-03,-9.492744e+01,6.459305e+03,5.690701e+00
3.150101e-03,1.905699e+04,1.052697e+04,4.734616e-01,-7.419940e-04,6.243944e+00,1.023897e-01,9.774000e-07,2.107328e+03,0.000000e+00,0.000000e+00,4.493344e+03,0.000000e+00,0.000000e+00,0.000000e+00,0.000000e+00,0.000000e+00,0.000000e+00,0.000000e+00,0.000000e+00,0.000000e+00,0.000000e+00,0.000000e+00,0.000000e+00,0.000000e+00,0.000000e+00,0.000000e+00,0.000000e+00,0.000000e+00,0.000000e+00,0.000000e+00,0.000000e+00,0.000000e+00,0.000000e+00,0.000000e+00,0.000000e+00,0.000000e+00,0.000000e+00,0.000000e+00,0.000000e+00,0.000000e+00,0.000000e+00,0.000000e+00,0.000000e+00,0.000000e+00,0.000000e+00,0.000000e+00,0.000000e+00,0.000000e+00,1.905699e+04,1.495803e+03,1.127302e-01,1.360542e-03,-1.190223e+00,1.136610e-03,0.000000e+00,0.000000e+00,0.000000e+00,0.000000e+00,0.000000e+00,0.000000e+00,0.000000e+00,0.000000e+00,0.000000e+00,0.000000e+00,0.000000e+00,0.000000e+00,0.000000e+00,0.000000e+00,0.000000e+00,0.000000e+00,0.000000e+00,0.000000e+00,0.000000e+00,0.000000e+00,0.000000e+00,-1.178430e+06,-5.625142e+03,-7.866736e+05,4.371395e-01,3.772313e-03,-2.033740e+01,-8.178076e-01,-2.798389e-03,-2.539576e-01,2.150550e-03,2.963025e-03,2.427481e+01,-5.720283e-01,2.070626e-03,-1.191457e-03,1.664960e-02,3.304823e-04,-6.783084e+00,7.495899e+01,-7.059559e-01,2.138994e+03,1.116109e+05,5.555769e+03,1.412479e+06,3.295285e-02,1.788199e+01,-3.543447e-03,-7.188354e+01,6.383198e+03,-2.506396e+01
3.160852e-03,1.893003e+04,1.062136e+04,4.780222e-01,-8.550472e-04,6.315499e+00,1.023897e-01,9.774000e-07,2.123349e+03,0.000000e+00,0.000000e+00,4.509307e+03,0.000000e+00,0.000000e+00,0.000000e+00,0.000000e+00,0.000000e+00,0.000000e+00,0.000000e+00,0.000000e+00,0.000000e+00,0.000000e+00,0.000000e+00,0.000000e+00,0.000000e+00,0.000000e+00,0.000000e+00,0.000000e+00,0.000000e+00,0.000000e+00,0.000000e+00,0.000000e+00,0.000000e+00,0.000000e+00,0.000000e+00,0.000000e+00,0.000000e+00,0.000000e+00,0.000000e+00,0.000000e+00,0.000000e+00,0.000000e+00,0.000000e+00,0.000000e+00,0.000000e+00,0.000000e+00,0.000000e+00,0.000000e+00,0.000000e+00,1.893003e+04,1.473162e+03,1.128773e-01,1.281653e-03,-1.171609e+00,1.136610e-03,0.000000e+00,0.000000e+00,0.000000e+00,0.000000e+00,0.000000e+00,0.000000e+00,0.000000e+00,0.000000e+00,0.000000e+00,0.000000e+00,0.000000e+00,0.000000e+00,0.000000e+00,0.000000e+00,0.000000e+00,0.000000e+00,0.000000e+00,0.000000e+00,0.000000e+00,0.000000e+00,0.000000e+00,-1.143637e+06,-1.559013e+03,-7.625591e+05,4.400755e-01,3.761856e-03,-2.038844e+01,-8.251265e-01,-2.787815e-03,-2.537270e-01,2.148097e-03,2.962971e-03,2.434630e+01,-5.769669e-01,2.160476e-03,-1.191945e-03,1.746246e-02,3.229952e-04,-6.759999e+00,7.613929e+01,-7.014744e-01,2.153952e+03,1.078046e+05,1.491252e+03,1.370322e+06,3.259511e-02,1.794990e+01,-3.453258e-03,-1.608804e+01,6.289528e+03,-1.897925e+01
3.170626e-03,1.881709e+04,1.070495e+04,4.821004e-01,-9.592336e-04,6.379082e+00,1.023897e-01,9.774000e-07,2.137701e+03,0.000000e+00,0.000000e+00,4.523797e+03,0.000000e+00,0.000000e+00,0.000000e+00,0.000000e+00,0.000000e+00,0.000000e+00,0.000000e+00,0.000000e+00,0.000000e+00,0.000000e+00,0.000000e+00,0.000000e+00,0.000000e+00,0.000000e+00,0.000000e+00,0.000000e+00,0.000000e+00,0.000000e+00,0.000000e+00,0.000000e+00,0.000000e+00,0.000000e+00,0.000000e+00,0.000000e+00,0.000000e+00,0.000000e+00,0.000000e+00,0.000000e+00,0.000000e+00,0.000000e+00,0.000000e+00,0.000000e+00,0.000000e+00,0.000000e+00,0.000000e+00,0.000000e+00,0.000000e+00,1.881709e+04,1.452996e+03,1.130749e-01,1.287824e-03,-1.154744e+00,1.136610e-03,0.000000e+00,0.000000e+00,0.000000e+00,0.000000e+00,0.000000e+00,0.000000e+00,0.000000e+00,0.000000e+00,0.000000e+00,0.000000e+00,0.000000e+00,0.000000e+00,0.000000e+00,0.000000e+00,0.000000e+00,0.000000e+00,0.000000e+00,0.000000e+00,0.000000e+00,0.000000e+00,0.000000e+00,-1.104452e+06,-4.645155e+03,-7.383279e+05,4.427476e-01,3.822171e-03,-2.043340e+01,-8.316954e-01,-2.786365e-03,-2.535159e-01,2.145947e-03,2.962904e-03,2.440980e+01,-5.813829e-01,2.242366e-03,-1.192375e-03,1.821229e-02,3.160021e-04,-6.738875e+00,7.718718e+01,-7.210689e-01,2.167129e+03,1.059995e+05,4.579233e+03,1.324276e+06,3.235058e-02,1.801053e+01,-3.188611e-03,-2.756425e+01,6.149024e+03,-2.920031e+01
3.180400e-03,1.870662e+04,1.078630e+04,4.861315e-01,-1.033203e-03,6.441128e+00,1.023897e-01,9.774000e-07,2.151875e+03,0.000000e+00,0.000000e+00,4.538213e+03,0.000000e+00,0.000000e+00,0.000000e+00,0.000000e+00,0.000000e+00,0.000000e+00,0.000000e+00,0.000000e+00,0.000000e+00,0.000000e+00,0.000000e+00,0.000000e+00,0.000000e+00,0.000000e+00,0.000000e+00,0.000000e+00,0.000000e+00,0.000000e+00,0.000000e+00,0.000000e+00,0.000000e+00,0.000000e+00,0.000000e+00,0.000000e+00,0.000000e+00,0.000000e+00,0.000000e+00,0.000000e+00,0.000000e+00,0.000000e+00,0.000000e+00,0.000000e+00,0.000000e+00,0.000000e+00,0.000000e+00,0.000000e+00,0.000000e+00,1.870662e+04,1.433112e+03,1.133169e-01,1.191317e-03,-1.138038e+00,1.136610e-03,0.000000e+00,0.000000e+00,0.000000e+00,0.000000e+00,0.000000e+00,0.000000e+00,0.000000e+00,0.000000e+00,0.000000e+00,0.000000e+00,0.000000e+00,0.000000e+00,0.000000e+00,0.000000e+00,0.000000e+00,0.000000e+00,0.000000e+00,0.000000e+00,0.000000e+00,0.000000e+00,0.000000e+00,-1.071724e+06,-8.722224e+03,-7.165593e+05,4.454570e-01,3.767171e-03,-2.047706e+01,-8.381583e-01,-2.767282e-03,-2.532944e-01,2.143874e-03,2.962829e-03,2.447179e+01,-5.857429e-01,2.298079e-03,-1.192789e-03,1.897217e-02,3.089824e-04,-6.717625e+00,7.819523e+01,-7.093602e-01,2.179906e+03,1.031811e+05,8.657832e+03,1.285070e+06,3.212588e-02,1.807021e+01,-2.703710e-03,-4.050024e+01,6.029985e+03,-5.851163e+01
3.190174e-03,1.859871e+04,1.086520e+04,4.900901e-01,-1.101603e-03,6.501890e+00,1.023897e-01,9.774000e-07,2.165880e+03,0.000000e+00,0.000000e+00,4.552696e+03,0.000000e+00,0.000000e+00,0.000000e+00,0.000000e+00,0.000000e+00,0.000000e+00,0.000000e+00,0.000000e+00,0.000000e+00,0.000000e+00,0.000000e+00,0.000000e+00,0.000000e+00,0.000000e+00,0.000000e+00,0.000000e+00,0.000000e+00,0.000000e+00,0.000000e+00,0.000000e+00,0.000000e+00,0.000000e+00,0.000000e+00,0.000000e+00,0.000000e+00,0.000000e+00,0.000000e+00,0.000000e+00,0.000000e+00,0.000000e+00,0.000000e+00,0.000000e+00,0.000000e+00,0.000000e+00,0.000000e+00,0.000000e+00,0.000000e+00,1.859871e+04,1.413538e+03,1.136193e-01,1.140780e-03,-1.121249e+00,1.136610e-03,0.000000e+00,0.000000e+00,0.000000e+00,0.000000e+00,0.000000e+00,0.000000e+00,0.000000e+00,0.000000e+00,0.000000e+00,0.000000e+00,0.000000e+00,0.000000e+00,0.000000e+00,0.000000e+00,0.000000e+00,0.000000e+00,0.000000e+00,0.000000e+00,0.000000e+00,0.000000e+00,0.000000e+00,-1.039443e+06,-8.867141e+02,-6.952271e+05,4.482167e-01,3.782214e-03,-2.051936e+01,-8.445294e-01,-2.752156e-03,-2.530442e-01,2.141879e-03,2.962738e-03,2.453248e+01,-5.900254e-01,2.352557e-03,-1.193189e-03,1.974172e-02,3.019272e-04,-6.696251e+00,7.916209e+01,-7.058368e-01,2.192260e+03,1.005127e+05,8.238589e+02,1.246467e+06,3.181415e-02,1.812898e+01,-2.328344e-03,-3.355963e+01,5.932413e+03,1.652231e+01
3.200926e-03,1.848294e+04,1.094940e+04,4.943915e-01,-1.168947e-03,6.566864e+00,1.023897e-01,9.774000e-07,2.180995e+03,0.000000e+00,0.000000e+00,4.568674e+03,0.000000e+00,0.000000e+00,0.000000e+00,0.000000e+00,0.000000e+00,0.000000e+00,0.000000e+00,0.000000e+00,0.000000e+00,0.000000e+00,0.000000e+00,0.000000e+00,0.000000e+00,0.000000e+00,0.000000e+00,0.000000e+00,0.000000e+00,0.000000e+00,0.000000e+00,0.000000e+00,0.000000e+00,0.000000e+00,0.000000e+00,0.000000e+00,0.000000e+00,0.000000e+00,0.000000e+00,0.000000e+00,0.000000e+00,0.000000e+00,0.000000e+00,0.000000e+00,0.000000e+00,0.000000e+00,0.000000e+00,0.000000e+00,0.000000e+00,1.848294e+04,1.392300e+03,1.140185e-01,1.197664e-03,-1.103062e+00,1.136610e-03,0.000000e+00,0.000000e+00,0.000000e+00,0.000000e+00,0.000000e+00,0.000000e+00,0.000000e+00,0.000000e+00,0.000000e+00,0.000000e+00,0.000000e+00,0.000000e+00,0.000000e+00,0.000000e+00,0.000000e+00,0.000000e+00,0.000000e+00,0.000000e+00,0.000000e+00,0.000000e+00,0.000000e+00,-1.002157e+06,1.457045e+03,-6.714685e+05,4.512394e-01,3.844256e-03,-2.056441e+01,-8.514319e-01,-2.735025e-03,-2.527516e-01,2.139758e-03,2.962619e-03,2.459739e+01,-5.946683e-01,2.398520e-03,-1.193613e-03,2.059901e-02,2.940329e-04,-6.672604e+00,8.020136e+01,-7.240204e-01,2.205409e+03,9.817260e+04,-1.518082e+03,1.202310e+06,3.154521e-02,1.819221e+01,-1.973408e-03,-2.599394e+01,5.788005e+03,5.928594e+01
3.210700e-03,1.838005e+04,1.102357e+04,4.980974e-01,-1.222859e-03,6.624545e+00,1.023897e-01,9.774000e-07,2.194538e+03,0.000000e+00,0.000000e+00,4.583327e+03,0.000000e+00,0.000000e+00,0.000000e+00,0.000000e+00,0.000000e+00,0.000000e+00,0.000000e+00,0.000000e+00,0.000000e+00,0.000000e+00,0.000000e+00,0.000000e+00,0.000000e+00,0.000000e+00,0.000000e+00,0.000000e+00,0.000000e+00,0.000000e+00,0.000000e+00,0.000000e+00,0.000000e+00,0.000000e+00,0.000000e+00,0.000000e+00,0.000000e+00,0.000000e+00,0.000000e+00,0.000000e+00,0.000000e+00,0.000000e+00,0.000000e+00,0.000000e+00,0.000000e+00,0.000000e+00,0.000000e+00,0.000000e+00,0.000000e+00,1.838005e+04,1.373328e+03,1.143326e-01,1.213500e-03,-1.086638e+00,1.136610e-03,0.000000e+00,0.000000e+00,0.000000e+00,0.000000e+00,0.000000e+00,0.000000e+00,0.000000e+00,0.000000e+00,0.000000e+00,0.000000e+00,0.000000e+00,0.000000e+00,0.000000e+00,0.000000e+00,0.000000e+00,0.000000e+00,0.000000e+00,0.000000e+00,0.000000e+00,0.000000e+00,0.000000e+00,-9.679779e+05,2.118566e+03,-6.475591e+05,4.539766e-01,3.926552e-03,-2.060404e+01,-8.575873e-01,-2.728210e-03,-2.524792e-01,2.137911e-03,2.962495e-03,2.465499e+01,-5.986791e-01,2.431331e-03,-1.193985e-03,2.138790e-02,2.866829e-04,-6.650986e+00,8.111783e+01,-7.459375e-01,2.216963e+03,9.415025e+04,-2.177865e+03,1.160797e+06,3.136506e-02,1.824864e+01,-1.532193e-03,-1.029086e+00,5.721656e+03,9.290477e+01
3.220474e-03,1.827905e+04,1.109552e+04,5.017079e-01,-1.319569e-03,6.680655e+00,1.023897e-01,9.774000e-07,2.207889e+03,0.000000e+00,0.000000e+00,4.598533e+03,0.000000e+00,0.000000e+00,0.000000e+00,0.000000e+00,0.000000e+00,0.000000e+00,0.000000e+00,0.000000e+00,0.000000e+00,0.000000e+00,0.000000e+00,0.000000e+00,0.000000e+00,0.000000e+00,0.000000e+00,0.000000e+00,0.000000e+00,0.000000e+00,0.000000e+00,0.000000e+00,0.000000e+00,0.000000e+00,0.000000e+00,0.000000e+00,0.000000e+00,0.000000e+00,0.000000e+00,0.000000e+00,0.000000e+00,0.000000e+00,0.000000e+00,0.000000e+00,0.000000e+00,0.000000e+00,0.000000e+00,0.000000e+00,0.000000e+00,1.827905e+04,1.354607e+03,1.145971e-01,1.183755e-03,-1.070424e+00,1.136609e-03,0.000000e+00,0.000000e+00,0.000000e+00,0.000000e+00,0.000000e+00,0.000000e+00,0.000000e+00,0.000000e+00,0.000000e+00,0.000000e+00,0.000000e+00,0.000000e+00,0.000000e+00,0.000000e+00,0.000000e+00,0.000000e+00,0.000000e+00,0.000000e+00,0.000000e+00,0.000000e+00,0.000000e+00,-9.359779e+05,4.981030e+03,-6.270065e+05,4.566886e-01,3.999246e-03,-2.064241e+01,-8.636444e-01,-2.721934e-03,-2.522042e-01,2.136130e-03,2.962342e-03,2.471104e+01,-6.025876e-01,2.502855e-03,-1.194342e-03,2.218560e-02,2.791849e-04,-6.629257e+00,8.201172e+01,-7.649052e-01,2.228141e+03,9.198497e+04,-5.038736e+03,1.122822e+06,3.122087e-02,1.830414e+01,-1.262748e-03,1.845875e+01,5.596763e+03,7.607362e+01
3.230248e-03,1.818001e+04,1.116520e+04,5.052202e-01,-1.410598e-03,6.735467e+00,1.023897e-01,9.774000e-07,2.221081e+03,0.000000e+00,0.000000e+00,4.614177e+03,0.000000e+00,0.000000e+00,0.000000e+00,0.000000e+00,0.000000e+00,0.000000e+00,0.000000e+00,0.000000e+00,0.000000e+00,0.000000e+00,0.000000e+00,0.000000e+00,0.000000e+00,0.000000e+00,0.000000e+00,0.000000e+00,0.000000e+00,0.000000e+00,0.000000e+00,0.000000e+00,0.000000e+00,0.000000e+00,0.000000e+00,0.000000e+00,0.000000e+00,0.000000e+00,0.000000e+00,0.000000e+00,0.000000e+00,0.000000e+00,0.000000e+00,0.000000e+00,0.000000e+00,0.000000e+00,0.000000e+00,0.000000e+00,0.000000e+00,1.818001e+04,1.336155e+03,1.148119e-01,1.214657e-03,-1.054303e+00,1.136610e-03,0.000000e+00,0.000000e+00,0.000000e+00,0.000000e+00,0.000000e+00,0.000000e+00,0.000000e+00,0.000000e+00,0.000000e+00,0.000000e+00,0.000000e+00,0.000000e+00,0.000000e+00,0.000000e+00,0.000000e+00,0.000000e+00,0.000000e+00,0.000000e+00,0.000000e+00,0.000000e+00,0.000000e+00,-9.081776e+05,1.076892e+03,-6.072766e+05,4.593615e-01,4.087492e-03,-2.067957e+01,-8.695654e-01,-2.734852e-03,-2.519394e-01,2.133845e-03,2.962166e-03,2.476578e+01,-6.063930e-01,2.560649e-03,-1.194790e-03,2.299189e-02,2.714960e-04,-6.607420e+00,8.287813e+01,-7.895773e-01,2.238949e+03,8.848133e+04,-1.133183e+03,1.088918e+06,3.132593e-02,1.835877e+01,-1.009491e-03,2.223969e+01,5.559686e+03,1.417387e+01
3.240022e-03,1.808304e+04,1.123271e+04,5.086351e-01,-1.485711e-03,6.788803e+00,1.023897e-01,9.774000e-07,2.234135e+03,0.000000e+00,0.000000e+00,4.630101e+03,0.000000e+00,0.000000e+00,0.000000e+00,0.000000e+00,0.000000e+00,0.000000e+00,0.000000e+00,0.000000e+00,0.000000e+00,0.000000e+00,0.000000e+00,0.000000e+00,0.000000e+00,0.000000e+00,0.000000e+00,0.000000e+00,0.000000e+00,0.000000e+00,0.000000e+00,0.000000e+00,0.000000e+00,0.000000e+00,0.000000e+00,0.000000e+00,0.000000e+00,0.000000e+00,0.000000e+00,0.000000e+00,0.000000e+00,0.000000e+00,0.000000e+00,0.000000e+00,0.000000e+00,0.000000e+00,0.000000e+00,0.000000e+00,0.000000e+00,1.808304e+04,1.318068e+03,1.150258e-01,1.187630e-03,-1.038438e+00,1.136609e-03,0.000000e+00,0.000000e+00,0.000000e+00,0.000000e+00,0.000000e+00,0.000000e+00,0.000000e+00,0.000000e+00,0.000000e+00,0.000000e+00,0.000000e+00,0.000000e+00,0.000000e+00,0.000000e+00,0.000000e+00,0.000000e+00,0.000000e+00,0.000000e+00,0.000000e+00,0.000000e+00,0.000000e+00,-8.781982e+05,-8.751581e+02,-5.889292e+05,4.619715e-01,4.144332e-03,-2.071551e+01,-8.753583e-01,-2.750674e-03,-2.516889e-01,2.105264e-03,2.961981e-03,2.481905e+01,-6.101165e-01,2.603689e-03,-1.200052e-03,2.380651e-02,2.636358e-04,-6.585480e+00,8.372333e+01,-8.027459e-01,2.249399e+03,8.723424e+04,8.203459e+02,1.053784e+06,3.149813e-02,1.841269e+01,-8.905614e-04,1.835584e+01,5.477725e+03,-1.289448e+01
3.250773e-03,1.797868e+04,1.130459e+04,5.122313e-01,-1.551049e-03,6.845845e+00,1.023899e-01,9.774000e-07,2.248312e+03,0.000000e+00,0.000000e+00,4.647937e+03,0.000000e+00,0.000000e+00,0.000000e+00,0.000000e+00,0.000000e+00,0.000000e+00,0.000000e+00,0.000000e+00,0.000000e+00,0.000000e+00,0.000000e+00,0.000000e+00,0.000000e+00,0.000000e+00,0.000000e+00,0.000000e+00,0.000000e+00,0.000000e+00,0.000000e+00,0.000000e+00,0.000000e+00,0.000000e+00,0.000000e+00,0.000000e+00,0.000000e+00,0.000000e+00,0.000000e+00,0.000000e+00,0.000000e+00,0.000000e+00,0.000000e+00,0.000000e+00,0.000000e+00,0.000000e+00,0.000000e+00,0.000000e+00,0.000000e+00,1.797868e+04,1.298491e+03,1.151547e-01,1.164894e-03,-1.021119e+00,1.136610e-03,0.000000e+00,0.000000e+00,0.000000e+00,0.000000e+00,0.000000e+00,0.000000e+00,0.000000e+00,0.000000e+00,0.000000e+00,0.000000e+00,0.000000e+00,0.000000e+00,0.000000e+00,0.000000e+00,0.000000e+00,0.000000e+00,0.000000e+00,0.000000e+00,0.000000e+00,0.000000e+00,0.000000e+00,-8.411364e+05,7.526639e+03,-5.623151e+05,4.647951e-01,4.204032e-03,-2.075365e+01,-8.815871e-01,-2.774111e-03,-2.514393e-01,2.023241e-03,2.961847e-03,2.487612e+01,-6.140922e-01,2.637302e-03,-1.215288e-03,2.471198e-02,2.549486e-04,-6.561231e+00,8.462757e+01,-8.048893e-01,2.260479e+03,8.221494e+04,-7.579416e+03,1.008439e+06,3.175166e-02,1.847107e+01,-7.652230e-04,5.438909e+00,5.389909e+03,4.571690e+00
3.260547e-03,1.788593e+04,1.136778e+04,5.153211e-01,-1.598357e-03,6.896274e+00,1.023899e-01,9.774000e-07,2.261011e+03,0.000000e+00,0.000000e+00,4.664435e+03,0.000000e+00,0.000000e+00,0.000000e+00,0.000000e+00,0.000000e+00,0.000000e+00,0.000000e+00,0.000000e+00,0.000000e+00,0.000000e+00,0.000000e+00,0.000000e+00,0.000000e+00,0.000000e+00,0.000000e+00,0.000000e+00,0.000000e+00,0.000000e+00,0.000000e+00,0.000000e+00,0.000000e+00,0.000000e+00,0.000000e+00,0.000000e+00,0.000000e+00,0.000000e+00,0.000000e+00,0.000000e+00,0.000000e+00,0.000000e+00,0.000000e+00,0.000000e+00,0.000000e+00,0.000000e+00,0.000000e+00,0.000000e+00,0.000000e+00,1.788593e+04,1.281103e+03,1.151702e-01,1.164933e-03,-1.005613e+00,1.136610e-03,0.000000e+00,0.000000e+00,0.000000e+00,0.000000e+00,0.000000e+00,0.000000e+00,0.000000e+00,0.000000e+00,0.000000e+00,0.000000e+00,0.000000e+00,0.000000e+00,0.000000e+00,0.000000e+00,0.000000e+00,0.000000e+00,0.000000e+00,0.000000e+00,0.000000e+00,0.000000e+00,0.000000e+00,-8.103736e+05,5.384110e+03,-5.453401e+05,4.672871e-01,4.314429e-03,-2.078707e+01,-8.871180e-01,-2.796232e-03,-2.512191e-01,1.872492e-03,2.961953e-03,2.492645e+01,-6.175969e-01,2.653255e-03,-1.243475e-03,2.554343e-02,2.468884e-04,-6.539084e+00,8.542939e+01,-8.318278e-01,2.270183e+03,8.252123e+04,-5.435374e+03,9.732886e+05,3.202433e-02,1.852322e+01,-6.748268e-04,1.240239e+01,5.272822e+03,1.157948e+01
3.270321e-03,1.779495e+04,1.142915e+04,5.182564e-01,-1.641266e-03,6.945304e+00,1.023899e-01,9.774000e-07,2.273548e+03,0.000000e+00,0.000000e+00,4.681164e+03,0.000000e+00,0.000000e+00,0.000000e+00,0.000000e+00,0.000000e+00,0.000000e+00,0.000000e+00,0.000000e+00,0.000000e+00,0.000000e+00,0.000000e+00,0.000000e+00,0.000000e+00,0.000000e+00,0.000000e+00,0.000000e+00,0.000000e+00,0.000000e+00,0.000000e+00,0.000000e+00,0.000000e+00,0.000000e+00,0.000000e+00,0.000000e+00,0.000000e+00,0.000000e+00,0.000000e+00,0.000000e+00,0.000000e+00,0.000000e+00,0.000000e+00,0.000000e+00,0.000000e+00,0.000000e+00,0.000000e+00,0.000000e+00,0.000000e+00,1.779495e+04,1.264255e+03,1.151412e-01,1.180473e-03,-9.903760e-01,1.136610e-03,0.000000e+00,0.000000e+00,0.000000e+00,0.000000e+00,0.000000e+00,0.000000e+00,0.000000e+00,0.000000e+00,0.000000e+00,0.000000e+00,0.000000e+00,0.000000e+00,0.000000e+00,0.000000e+00,0.000000e+00,0.000000e+00,0.000000e+00,0.000000e+00,0.000000e+00,0.000000e+00,0.000000e+00,-7.827132e+05,4.164150e+03,-5.258651e+05,4.697104e-01,4.373163e-03,-2.081936e+01,-8.925163e-01,-2.799662e-03,-2.510144e-01,1.675497e-03,2.962510e-03,2.497538e+01,-6.209943e-01,2.662910e-03,-1.280734e-03,2.638267e-02,2.386538e-04,-6.516845e+00,8.621667e+01,-8.486487e-01,2.279550e+03,7.912270e+04,-4.213948e+03,9.396346e+05,3.215062e-02,1.857454e+01,-5.656745e-04,2.709926e+00,5.225987e+03,6.239666e+00
3.280095e-03,1.770594e+04,1.148845e+04,5.211370e-01,-1.654502e-03,6.992955e+00,1.023899e-01,9.774000e-07,2.285936e+03,0.000000e+00,0.000000e+00,4.697987e+03,0.000000e+00,0.000000e+00,0.000000e+00,0.000000e+00,0.000000e+00,0.000000e+00,0.000000e+00,0.000000e+00,0.000000e+00,0.000000e+00,0.000000e+00,0.000000e+00,0.000000e+00,0.000000e+00,0.000000e+00,0.000000e+00,0.000000e+00,0.000000e+00,0.000000e+00,0.000000e+00,0.000000e+00,0.000000e+00,0.000000e+00,0.000000e+00,0.000000e+00,0.000000e+00,0.000000e+00,0.000000e+00,0.000000e+00,0.000000e+00,0.000000e+00,0.000000e+00,0.000000e+00,0.000000e+00,0.000000e+00,0.000000e+00,0.000000e+00,1.770594e+04,1.247769e+03,1.151154e-01,1.172667e-03,-9.753075e-01,1.136610e-03,0.000000e+00,0.000000e+00,0.000000e+00,0.000000e+00,0.000000e+00,0.000000e+00,0.000000e+00,0.000000e+00,0.000000e+00,0.000000e+00,0.000000e+00,0.000000e+00,0.000000e+00,0.000000e+00,0.000000e+00,0.000000e+00,0.000000e+00,0.000000e+00,0.000000e+00,0.000000e+00,0.000000e+00,-7.526520e+05,2.657142e+03,-5.056233e+05,4.721259e-01,4.394169e-03,-2.085048e+01,-8.978131e-01,-2.795961e-03,-2.507935e-01,1.501332e-03,2.963879e-03,2.502293e+01,-6.243036e-01,2.644027e-03,-1.314211e-03,2.722946e-02,2.302516e-04,-6.494516e+00,8.697569e+01,-8.567131e-01,2.288562e+03,7.620862e+04,-2.705301e+03,9.035109e+05,3.220600e-02,1.862512e+01,-4.949309e-04,-1.394983e+00,5.147929e+03,1.548211e+01
3.290846e-03,1.761004e+04,1.155187e+04,5.241591e-01,-1.658746e-03,7.043496e+00,1.023899e-01,9.774000e-07,2.299493e+03,0.000000e+00,0.000000e+00,4.716379e+03,0.000000e+00,0.000000e+00,0.000000e+00,0.000000e+00,0.000000e+00,0.000000e+00,0.000000e+00,0.000000e+00,0.000000e+00,0.000000e+00,0.000000e+00,0.000000e+00,0.000000e+00,0.000000e+00,0.000000e+00,0.000000e+00,0.000000e+00,0.000000e+00,0.000000e+00,0.000000e+00,0.000000e+00,0.000000e+00,0.000000e+00,0.000000e+00,0.000000e+00,0.000000e+00,0.000000e+00,0.000000e+00,0.000000e+00,0.000000e+00,0.000000e+00,0.000000e+00,0.000000e+00,0.000000e+00,0.000000e+00,0.000000e+00,0.000000e+00,1.761004e+04,1.230405e+03,1.150723e-01,1.223313e-03,-9.591182e-01,1.136610e-03,0.000000e+00,0.000000e+00,0.000000e+00,0.000000e+00,0.000000e+00,0.000000e+00,0.000000e+00,0.000000e+00,0.000000e+00,0.000000e+00,0.000000e+00,0.000000e+00,0.000000e+00,0.000000e+00,0.000000e+00,0.000000e+00,0.000000e+00,0.000000e+00,0.000000e+00,0.000000e+00,0.000000e+00,-7.185848e+05,3.610615e+03,-4.791715e+05,4.747776e-01,4.452500e-03,-2.088339e+01,-9.034617e-01,-2.785676e-03,-2.505420e-01,1.333624e-03,2.967091e-03,2.507335e+01,-6.277711e-01,2.617524e-03,-1.346646e-03,2.816922e-02,2.208591e-04,-6.469855e+00,8.776062e+01,-8.752170e-01,2.298067e+03,6.981532e+04,-3.656763e+03,8.608687e+05,3.216693e-02,1.868030e+01,-3.133836e-04,-2.309726e+00,5.097191e+03,5.159427e+01
3.300620e-03,1.752418e+04,1.160801e+04,5.268919e-01,-1.631671e-03,7.087821e+00,1.023899e-01,9.774000e-07,2.311706e+03,0.000000e+00,0.000000e+00,4.733361e+03,0.000000e+00,0.000000e+00,0.000000e+00,0.000000e+00,0.000000e+00,0.000000e+00,0.000000e+00,0.000000e+00,0.000000e+00,0.000000e+00,0.000000e+00,0.000000e+00,0.000000e+00,0.000000e+00,0.000000e+00,0.000000e+00,0.000000e+00,0.000000e+00,0.000000e+00,0.000000e+00,0.000000e+00,0.000000e+00,0.000000e+00,0.000000e+00,0.000000e+00,0.000000e+00,0.000000e+00,0.000000e+00,0.000000e+00,0.000000e+00,0.000000e+00,0.000000e+00,0.000000e+00,0.000000e+00,0.000000e+00,0.000000e+00,0.000000e+00,1.752418e+04,1.215565e+03,1.151662e-01,1.301516e-03,-9.447648e-01,1.136610e-03,0.000000e+00,0.000000e+00,0.000000e+00,0.000000e+00,0.000000e+00,0.000000e+00,0.000000e+00,0.000000e+00,0.000000e+00,0.000000e+00,0.000000e+00,0.000000e+00,0.000000e+00,0.000000e+00,0.000000e+00,0.000000e+00,0.000000e+00,0.000000e+00,0.000000e+00,0.000000e+00,0.000000e+00,-6.895058e+05,4.472817e+03,-4.578363e+05,4.772012e-01,4.502157e-03,-2.091205e+01,-9.084564e-01,-2.769629e-03,-2.503039e-01,1.280033e-03,2.972621e-03,2.511759e+01,-6.308089e-01,2.563793e-03,-1.357117e-03,2.903059e-02,2.121545e-04,-6.447349e+00,8.842625e+01,-8.932710e-01,2.306326e+03,6.544117e+04,-4.517294e+03,8.250754e+05,3.213390e-02,1.872986e+01,-1.902388e-04,-1.148002e+01,5.060114e+03,8.973711e+00
3.310394e-03,1.744242e+04,1.165226e+04,5.299286e-01,-1.734638e-03,7.132410e+00,1.023899e-01,9.774000e-07,2.323934e+03,0.000000e+00,0.000000e+00,4.777103e+03,0.000000e+00,0.000000e+00,0.000000e+00,0.000000e+00,0.000000e+00,0.000000e+00,0.000000e+00,0.000000e+00,0.000000e+00,0.000000e+00,0.000000e+00,0.000000e+00,0.000000e+00,0.000000e+00,0.000000e+00,0.000000e+00,0.000000e+00,0.000000e+00,0.000000e+00,0.000000e+00,0.000000e+00,0.000000e+00,0.000000e+00,0.000000e+00,0.000000e+00,0.000000e+00,0.000000e+00,0.000000e+00,0.000000e+00,0.000000e+00,0.000000e+00,0.000000e+00,0.000000e+00,0.000000e+00,0.000000e+00,0.000000e+00,0.000000e+00,1.744242e+04,1.195475e+03,1.155792e-01,1.341147e-03,-9.295086e-01,1.136610e-03,0.000000e+00,0.000000e+00,0.000000e+00,0.000000e+00,0.000000e+00,0.000000e+00,0.000000e+00,0.000000e+00,0.000000e+00,0.000000e+00,0.000000e+00,0.000000e+00,0.000000e+00,0.000000e+00,0.000000e+00,0.000000e+00,0.000000e+00,0.000000e+00,0.000000e+00,0.000000e+00,0.000000e+00,-6.502916e+05,4.117736e+03,-4.099408e+05,4.797249e-01,4.564359e-03,-2.093950e+01,-9.132861e-01,-2.751037e-03,-2.499482e-01,1.278799e-03,2.981247e-03,2.516231e+01,-6.341102e-01,2.613446e-03,-1.357137e-03,2.989822e-02,2.033456e-04,-6.424764e+00,8.902792e+01,-9.253845e-01,2.314192e+03,4.275261e+04,-4.159157e+03,7.675301e+05,3.206072e-02,1.877921e+01,-7.363156e-04,-3.190166e+00,5.317706e+03,-2.793134e+01
3.320168e-03,1.737007e+04,1.170833e+04,5.329061e-01,-1.864338e-03,7.176216e+00,1.023899e-01,9.774000e-07,2.336090e+03,0.000000e+00,0.000000e+00,4.780716e+03,0.000000e+00,0.000000e+00,0.000000e+00,0.000000e+00,0.000000e+00,0.000000e+00,0.000000e+00,0.000000e+00,0.000000e+00,0.000000e+00,0.000000e+00,0.000000e+00,0.000000e+00,0.000000e+00,0.000000e+00,0.000000e+00,0.000000e+00,0.000000e+00,0.000000e+00,0.000000e+00,0.000000e+00,0.000000e+00,0.000000e+00,0.000000e+00,0.000000e+00,0.000000e+00,0.000000e+00,0.000000e+00,0.000000e+00,0.000000e+00,0.000000e+00,0.000000e+00,0.000000e+00,0.000000e+00,0.000000e+00,0.000000e+00,0.000000e+00,1.737007e+04,1.184182e+03,1.161524e-01,1.173205e-03,-9.136754e-01,1.136609e-03,0.000000e+00,0.000000e+00,0.000000e+00,0.000000e+00,0.000000e+00,0.000000e+00,0.000000e+00,0.000000e+00,0.000000e+00,0.000000e+00,0.000000e+00,0.000000e+00,0.000000e+00,0.000000e+00,0.000000e+00,0.000000e+00,0.000000e+00,0.000000e+00,0.000000e+00,0.000000e+00,0.000000e+00,-6.296564e+05,2.278406e+03,-4.152196e+05,4.822152e-01,4.452145e-03,-2.096578e+01,-9.179940e-01,-2.730025e-03,-2.496045e-01,1.277595e-03,2.988496e-03,2.520604e+01,-6.373190e-01,2.697978e-03,-1.357078e-03,3.077114e-02,1.944366e-04,-6.402105e+00,8.956718e+01,-8.943321e-01,2.321675e+03,5.752251e+04,-2.319400e+03,7.520408e+05,3.209218e-02,1.882845e+01,-3.223392e-04,4.600395e+00,4.943027e+03,-9.345593e+00
3.330920e-03,1.729772e+04,1.175414e+04,5.357451e-01,-1.948860e-03,7.221765e+00,1.023900e-01,9.774000e-07,2.349223e+03,0.000000e+00,0.000000e+00,4.793613e+03,0.000000e+00,0.000000e+00,0.000000e+00,0.000000e+00,0.000000e+00,0.000000e+00,0.000000e+00,0.000000e+00,0.000000e+00,0.000000e+00,0.000000e+00,0.000000e+00,0.000000e+00,0.000000e+00,0.000000e+00,0.000000e+00,0.000000e+00,0.000000e+00,0.000000e+00,0.000000e+00,0.000000e+00,0.000000e+00,0.000000e+00,0.000000e+00,0.000000e+00,0.000000e+00,0.000000e+00,0.000000e+00,0.000000e+00,0.000000e+00,0.000000e+00,0.000000e+00,0.000000e+00,0.000000e+00,0.000000e+00,0.000000e+00,0.000000e+00,1.729772e+04,1.164633e+03,1.164768e-01,1.171233e-03,-8.970323e-01,1.136610e-03,0.000000e+00,0.000000e+00,0.000000e+00,0.000000e+00,0.000000e+00,0.000000e+00,0.000000e+00,0.000000e+00,0.000000e+00,0.000000e+00,0.000000e+00,0.000000e+00,0.000000e+00,0.000000e+00,0.000000e+00,0.000000e+00,0.000000e+00,0.000000e+00,0.000000e+00,0.000000e+00,0.000000e+00,-5.936711e+05,-4.364059e+02,-3.895084e+05,4.848894e-01,4.526978e-03,-2.099338e+01,-9.230349e-01,-2.713603e-03,-2.493119e-01,1.276326e-03,2.989593e-03,2.525152e+01,-6.404026e-01,2.736399e-03,-1.357267e-03,3.173763e-02,1.845724e-04,-6.377097e+00,9.015948e+01,-9.248176e-01,2.329558e+03,5.264639e+04,3.975931e+02,7.080894e+05,3.206212e-02,1.888135e+01,-2.239366e-04,-9.520949e+00,4.868872e+03,-8.603107e+01
3.340694e-03,1.722982e+04,1.179309e+04,5.381119e-01,-2.016445e-03,7.261196e+00,1.023900e-01,9.774000e-07,2.361073e+03,0.000000e+00,0.000000e+00,4.810270e+03,0.000000e+00,0.000000e+00,0.000000e+00,0.000000e+00,0.000000e+00,0.000000e+00,0.000000e+00,0.000000e+00,0.000000e+00,0.000000e+00,0.000000e+00,0.000000e+00,0.000000e+00,0.000000e+00,0.000000e+00,0.000000e+00,0.000000e+00,0.000000e+00,0.000000e+00,0.000000e+00,0.000000e+00,0.000000e+00,0.000000e+00,0.000000e+00,0.000000e+00,0.000000e+00,0.000000e+00,0.000000e+00,0.000000e+00,0.000000e+00,0.000000e+00,0.000000e+00,0.000000e+00,0.000000e+00,0.000000e+00,0.000000e+00,0.000000e+00,1.722982e+04,1.146728e+03,1.167010e-01,1.139050e-03,-8.825729e-01,1.136610e-03,0.000000e+00,0.000000e+00,0.000000e+00,0.000000e+00,0.000000e+00,0.000000e+00,0.000000e+00,0.000000e+00,0.000000e+00,0.000000e+00,0.000000e+00,0.000000e+00,0.000000e+00,0.000000e+00,0.000000e+00,0.000000e+00,0.000000e+00,0.000000e+00,0.000000e+00,0.000000e+00,0.000000e+00,-5.701298e+05,5.807146e+03,-3.605505e+05,4.873433e-01,4.596979e-03,-2.101740e+01,-9.274856e-01,-2.695857e-03,-2.490299e-01,1.275235e-03,2.985843e-03,2.529087e+01,-6.429893e-01,2.728959e-03,-1.357697e-03,3.262157e-02,1.754308e-04,-6.354291e+00,9.065988e+01,-9.447943e-01,2.336388e+03,3.886686e+04,-5.844161e+03,6.734491e+05,3.198437e-02,1.892884e+01,-2.333045e-04,-1.492556e+01,5.011328e+03,-5.112332e+00
3.350468e-03,1.716019e+04,1.183337e+04,5.404080e-01,-2.070146e-03,7.299257e+00,1.023900e-01,9.774000e-07,2.373098e+03,0.000000e+00,0.000000e+00,4.827147e+03,0.000000e+00,0.000000e+00,0.000000e+00,0.000000e+00,0.000000e+00,0.000000e+00,0.000000e+00,0.000000e+00,0.000000e+00,0.000000e+00,0.000000e+00,0.000000e+00,0.000000e+00,0.000000e+00,0.000000e+00,0.000000e+00,0.000000e+00,0.000000e+00,0.000000e+00,0.000000e+00,0.000000e+00,0.000000e+00,0.000000e+00,0.000000e+00,0.000000e+00,0.000000e+00,0.000000e+00,0.000000e+00,0.000000e+00,0.000000e+00,0.000000e+00,0.000000e+00,0.000000e+00,0.000000e+00,0.000000e+00,0.000000e+00,0.000000e+00,1.716019e+04,1.131027e+03,1.172348e-01,1.120415e-03,-8.684258e-01,1.136610e-03,0.000000e+00,0.000000e+00,0.000000e+00,0.000000e+00,0.000000e+00,0.000000e+00,0.000000e+00,0.000000e+00,0.000000e+00,0.000000e+00,0.000000e+00,0.000000e+00,0.000000e+00,0.000000e+00,0.000000e+00,0.000000e+00,0.000000e+00,0.000000e+00,0.000000e+00,0.000000e+00,0.000000e+00,-5.542103e+05,3.005907e+03,-3.593127e+05,4.899447e-01,4.594793e-03,-2.104050e+01,-9.317978e-01,-2.678463e-03,-2.486739e-01,1.274209e-03,2.980452e-03,2.532888e+01,-6.454943e-01,2.719217e-03,-1.358150e-03,3.350966e-02,1.661825e-04,-6.331420e+00,9.104512e+01,-9.543370e-01,2.342865e+03,4.562588e+04,-3.042414e+03,6.589179e+05,3.194015e-02,1.897710e+01,-3.956910e-04,-6.616641e+00,4.788862e+03,9.416998e+00
3.360242e-03,1.709092e+04,1.187431e+04,5.426208e-01,-2.106252e-03,7.336014e+00,1.023900e-01,9.774000e-07,2.384679e+03,0.000000e+00,0.000000e+00,4.843437e+03,0.000000e+00,0.000000e+00,0.000000e+00,0.000000e+00,0.000000e+00,0.000000e+00,0.000000e+00,0.000000e+00,0.000000e+00,0.000000e+00,0.000000e+00,0.000000e+00,0.000000e+00,0.000000e+00,0.000000e+00,0.000000e+00,0.000000e+00,0.000000e+00,0.000000e+00,0.000000e+00,0.000000e+00,0.000000e+00,0.000000e+00,0.000000e+00,0.000000e+00,0.000000e+00,0.000000e+00,0.000000e+00,0.000000e+00,0.000000e+00,0.000000e+00,0.000000e+00,0.000000e+00,0.000000e+00,0.000000e+00,0.000000e+00,0.000000e+00,1.709092e+04,1.116323e+03,1.175355e-01,1.112264e-03,-8.550727e-01,1.136610e-03,0.000000e+00,0.000000e+00,0.000000e+00,0.000000e+00,0.000000e+00,0.000000e+00,0.000000e+00,0.000000e+00,0.000000e+00,0.000000e+00,0.000000e+00,0.000000e+00,0.000000e+00,0.000000e+00,0.000000e+00,0.000000e+00,0.000000e+00,0.000000e+00,0.000000e+00,0.000000e+00,0.000000e+00,-5.318593e+05,3.947950e+03,-3.441824e+05,4.923612e-01,4.597384e-03,-2.106282e+01,-9.360563e-01,-2.654900e-03,-2.484195e-01,1.273246e-03,2.974976e-03,2.536557e+01,-6.479077e-01,2.708817e-03,-1.358494e-03,3.440194e-02,1.567881e-04,-6.308487e+00,9.148910e+01,-9.624649e-01,2.349192e+03,4.334397e+04,-3.983153e+03,6.320261e+05,3.194836e-02,1.902339e+01,-5.324931e-04,-2.938612e+00,4.714707e+03,7.984527e+00
3.370016e-03,1.702378e+04,1.190981e+04,5.448088e-01,-2.155077e-03,7.371794e+00,1.023900e-01,9.774000e-07,2.396500e+03,0.000000e+00,0.000000e+00,4.862946e+03,0.000000e+00,0.000000e+00,0.000000e+00,0.000000e+00,0.000000e+00,0.000000e+00,0.000000e+00,0.000000e+00,0.000000e+00,0.000000e+00,0.000000e+00,0.000000e+00,0.000000e+00,0.000000e+00,0.000000e+00,0.000000e+00,0.000000e+00,0.000000e+00,0.000000e+00,0.000000e+00,0.000000e+00,0.000000e+00,0.000000e+00,0.000000e+00,0.000000e+00,0.000000e+00,0.000000e+00,0.000000e+00,0.000000e+00,0.000000e+00,0.000000e+00,0.000000e+00,0.000000e+00,0.000000e+00,0.000000e+00,0.000000e+00,0.000000e+00,1.702378e+04,1.100694e+03,1.181238e-01,1.128990e-03,-8.417794e-01,1.136610e-03,0.000000e+00,0.000000e+00,0.000000e+00,0.000000e+00,0.000000e+00,0.000000e+00,0.000000e+00,0.000000e+00,0.000000e+00,0.000000e+00,0.000000e+00,0.000000e+00,0.000000e+00,0.000000e+00,0.000000e+00,0.000000e+00,0.000000e+00,0.000000e+00,0.000000e+00,0.000000e+00,0.000000e+00,-5.054784e+05,-6.483153e+03,-3.213266e+05,4.949517e-01,4.601959e-03,-2.108412e+01,-9.401081e-01,-2.631502e-03,-2.479974e-01,1.272350e-03,2.971129e-03,2.540141e+01,-6.503094e-01,2.728642e-03,-1.358726e-03,3.529803e-02,1.472908e-04,-6.285493e+00,9.181812e+01,-9.845689e-01,2.355147e+03,3.624603e+04,6.449717e+03,5.978678e+05,3.196811e-02,1.907048e+01,-9.712605e-04,-3.994377e+00,4.730318e+03,1.617876e+02
3.380767e-03,1.695804e+04,1.194579e+04,5.474155e-01,-2.349862e-03,7.411489e+00,1.023901e-01,9.774000e-07,2.409369e+03,0.000000e+00,0.000000e+00,4.879378e+03,0.000000e+00,0.000000e+00,0.000000e+00,0.000000e+00,0.000000e+00,0.000000e+00,0.000000e+00,0.000000e+00,0.000000e+00,0.000000e+00,0.000000e+00,0.000000e+00,0.000000e+00,0.000000e+00,0.000000e+00,0.000000e+00,0.000000e+00,0.000000e+00,0.000000e+00,0.000000e+00,0.000000e+00,0.000000e+00,0.000000e+00,0.000000e+00,0.000000e+00,0.000000e+00,0.000000e+00,0.000000e+00,0.000000e+00,0.000000e+00,0.000000e+00,0.000000e+00,0.000000e+00,0.000000e+00,0.000000e+00,0.000000e+00,0.000000e+00,1.695804e+04,1.082309e+03,1.188947e-01,9.440649e-04,-8.261034e-01,1.136610e-03,0.000000e+00,0.000000e+00,0.000000e+00,0.000000e+00,0.000000e+00,0.000000e+00,0.000000e+00,0.000000e+00,0.000000e+00,0.000000e+00,0.000000e+00,0.000000e+00,0.000000e+00,0.000000e+00,0.000000e+00,0.000000e+00,0.000000e+00,0.000000e+00,0.000000e+00,0.000000e+00,0.000000e+00,-4.761680e+05,9.660266e+03,-2.958864e+05,4.977243e-01,4.555615e-03,-2.110637e+01,-9.444759e-01,-2.601883e-03,-2.477464e-01,1.271406e-03,2.967214e-03,2.544095e+01,-6.531137e-01,2.857051e-03,-1.358926e-03,3.628730e-02,1.371975e-04,-6.260136e+00,9.216676e+01,-9.640983e-01,2.361359e+03,2.830319e+04,-9.691706e+03,5.598956e+05,3.191913e-02,1.912162e+01,-7.792477e-04,-5.400795e+00,4.745930e+03,-1.011560e+02
3.390541e-03,1.690133e+04,1.197483e+04,5.493841e-01,-2.445179e-03,7.444941e+00,1.023901e-01,9.774000e-07,2.421022e+03,0.000000e+00,0.000000e+00,4.895045e+03,0.000000e+00,0.000000e+00,0.000000e+00,0.000000e+00,0.000000e+00,0.000000e+00,0.000000e+00,0.000000e+00,0.000000e+00,0.000000e+00,0.000000e+00,0.000000e+00,0.000000e+00,0.000000e+00,0.000000e+00,0.000000e+00,0.000000e+00,0.000000e+00,0.000000e+00,0.000000e+00,0.000000e+00,0.000000e+00,0.000000e+00,0.000000e+00,0.000000e+00,0.000000e+00,0.000000e+00,0.000000e+00,0.000000e+00,0.000000e+00,0.000000e+00,0.000000e+00,0.000000e+00,0.000000e+00,0.000000e+00,0.000000e+00,0.000000e+00,1.690133e+04,1.065481e+03,1.194577e-01,8.263319e-04,-8.127342e-01,1.136610e-03,0.000000e+00,0.000000e+00,0.000000e+00,0.000000e+00,0.000000e+00,0.000000e+00,0.000000e+00,0.000000e+00,0.000000e+00,0.000000e+00,0.000000e+00,0.000000e+00,0.000000e+00,0.000000e+00,0.000000e+00,0.000000e+00,0.000000e+00,0.000000e+00,0.000000e+00,0.000000e+00,0.000000e+00,-4.414344e+05,-1.565786e+04,-2.628684e+05,5.002244e-01,4.414217e-03,-2.112553e+01,-9.482389e-01,-2.577429e-03,-2.473539e-01,1.270547e-03,2.960992e-03,2.547437e+01,-6.552640e-01,2.858399e-03,-1.359249e-03,3.718970e-02,1.277972e-04,-6.237027e+00,9.244109e+01,-9.511889e-01,2.366691e+03,1.633027e+04,1.562897e+04,5.135157e+05,3.193767e-02,1.916776e+01,-8.505704e-04,4.161318e+01,4.851309e+03,1.103157e+02
3.400315e-03,1.684544e+04,1.200388e+04,5.513060e-01,-2.486074e-03,7.477010e+00,1.023901e-01,9.774000e-07,2.432640e+03,0.000000e+00,0.000000e+00,4.909867e+03,0.000000e+00,0.000000e+00,0.000000e+00,0.000000e+00,0.000000e+00,0.000000e+00,0.000000e+00,0.000000e+00,0.000000e+00,0.000000e+00,0.000000e+00,0.000000e+00,0.000000e+00,0.000000e+00,0.000000e+00,0.000000e+00,0.000000e+00,0.000000e+00,0.000000e+00,0.000000e+00,0.000000e+00,0.000000e+00,0.000000e+00,0.000000e+00,0.000000e+00,0.000000e+00,0.000000e+00,0.000000e+00,0.000000e+00,0.000000e+00,0.000000e+00,0.000000e+00,0.000000e+00,0.000000e+00,0.000000e+00,0.000000e+00,0.000000e+00,1.684544e+04,1.050344e+03,1.201027e-01,7.558656e-04,-7.996551e-01,1.136610e-03,0.000000e+00,0.000000e+00,0.000000e+00,0.000000e+00,0.000000e+00,0.000000e+00,0.000000e+00,0.000000e+00,0.000000e+00,0.000000e+00,0.000000e+00,0.000000e+00,0.000000e+00,0.000000e+00,0.000000e+00,0.000000e+00,0.000000e+00,0.000000e+00,0.000000e+00,0.000000e+00,0.000000e+00,-4.256217e+05,-5.035671e+03,-2.680956e+05,5.026953e-01,4.389687e-03,-2.114369e+01,-9.518975e-01,-2.555287e-03,-2.470798e-01,1.269767e-03,2.953613e-03,2.550637e+01,-6.573588e-01,2.873428e-03,-1.359492e-03,3.809432e-02,1.186719e-04,-6.213868e+00,9.266708e+01,-9.444999e-01,2.371693e+03,2.865280e+04,5.007127e+03,5.022036e+05,3.188862e-02,1.921385e+01,-1.056412e-03,3.148240e+00,4.552736e+03,-7.894922e+01
3.410089e-03,1.679063e+04,1.203155e+04,5.530947e-01,-2.529371e-03,7.508040e+00,1.023902e-01,9.774000e-07,2.444378e+03,0.000000e+00,0.000000e+00,4.924926e+03,0.000000e+00,0.000000e+00,0.000000e+00,0.000000e+00,0.000000e+00,0.000000e+00,0.000000e+00,0.000000e+00,0.000000e+00,0.000000e+00,0.000000e+00,0.000000e+00,0.000000e+00,0.000000e+00,0.000000e+00,0.000000e+00,0.000000e+00,0.000000e+00,0.000000e+00,0.000000e+00,0.000000e+00,0.000000e+00,0.000000e+00,0.000000e+00,0.000000e+00,0.000000e+00,0.000000e+00,0.000000e+00,0.000000e+00,0.000000e+00,0.000000e+00,0.000000e+00,0.000000e+00,0.000000e+00,0.000000e+00,0.000000e+00,0.000000e+00,1.679063e+04,1.036041e+03,1.208795e-01,6.161452e-04,-7.866544e-01,1.136609e-03,0.000000e+00,0.000000e+00,0.000000e+00,0.000000e+00,0.000000e+00,0.000000e+00,0.000000e+00,0.000000e+00,0.000000e+00,0.000000e+00,0.000000e+00,0.000000e+00,0.000000e+00,0.000000e+00,0.000000e+00,0.000000e+00,0.000000e+00,0.000000e+00,0.000000e+00,0.000000e+00,0.000000e+00,-3.994914e+05,2.391162e+04,-2.419378e+05,5.052969e-01,4.324797e-03,-2.116092e+01,-9.554102e-01,-2.533657e-03,-2.467633e-01,1.269006e-03,2.946001e-03,2.553736e+01,-6.593437e-01,2.915085e-03,-1.359698e-03,3.900081e-02,1.097642e-04,-6.190661e+00,9.280532e+01,-9.052646e-01,2.376384e+03,1.849375e+04,-2.393820e+04,4.666733e+05,3.195405e-02,1.926012e+01,-9.248978e-04,-8.592867e+01,4.622989e+03,-4.123428e+02
3.420840e-03,1.673321e+04,1.205783e+04,5.552108e-01,-2.605269e-03,7.542033e+00,1.023902e-01,9.774000e-07,2.456940e+03,0.000000e+00,0.000000e+00,4.943101e+03,0.000000e+00,0.000000e+00,0.000000e+00,0.000000e+00,0.000000e+00,0.000000e+00,0.000000e+00,0.000000e+00,0.000000e+00,0.000000e+00,0.000000e+00,0.000000e+00,0.000000e+00,0.000000e+00,0.000000e+00,0.000000e+00,0.000000e+00,0.000000e+00,0.000000e+00,0.000000e+00,0.000000e+00,0.000000e+00,0.000000e+00,0.000000e+00,0.000000e+00,0.000000e+00,0.000000e+00,0.000000e+00,0.000000e+00,0.000000e+00,0.000000e+00,0.000000e+00,0.000000e+00,0.000000e+00,0.000000e+00,0.000000e+00,0.000000e+00,1.673321e+04,1.019142e+03,1.217456e-01,4.972565e-04,-7.720739e-01,1.136610e-03,0.000000e+00,0.000000e+00,0.000000e+00,0.000000e+00,0.000000e+00,0.000000e+00,0.000000e+00,0.000000e+00,0.000000e+00,0.000000e+00,0.000000e+00,0.000000e+00,0.000000e+00,0.000000e+00,0.000000e+00,0.000000e+00,0.000000e+00,0.000000e+00,0.000000e+00,0.000000e+00,0.000000e+00,-3.828891e+05,-6.728910e+03,-2.327241e+05,5.079975e-01,4.177096e-03,-2.117892e+01,-9.591193e-01,-2.502843e-03,-2.464718e-01,1.268226e-03,2.938257e-03,2.557138e+01,-6.616575e-01,2.991411e-03,-1.359939e-03,3.999965e-02,9.987400e-05,-6.165083e+00,9.297655e+01,-8.944328e-01,2.381297e+03,1.855441e+04,6.703246e+03,4.476836e+05,3.174746e-02,1.930961e+01,-9.944164e-04,-4.501297e+00,4.496145e+03,1.190148e+02
3.430615e-03,1.668560e+04,1.208061e+04,5.570176e-01,-2.680597e-03,7.571665e+00,1.023902e-01,9.774000e-07,2.468522e+03,0.000000e+00,0.000000e+00,4.956015e+03,0.000000e+00,0.000000e+00,0.000000e+00,0.000000e+00,0.000000e+00,0.000000e+00,0.000000e+00,0.000000e+00,0.000000e+00,0.000000e+00,0.000000e+00,0.000000e+00,0.000000e+00,0.000000e+00,0.000000e+00,0.000000e+00,0.000000e+00,0.000000e+00,0.000000e+00,0.000000e+00,0.000000e+00,0.000000e+00,0.000000e+00,0.000000e+00,0.000000e+00,0.000000e+00,0.000000e+00,0.000000e+00,0.000000e+00,0.000000e+00,0.000000e+00,0.000000e+00,0.000000e+00,0.000000e+00,0.000000e+00,0.000000e+00,0.000000e+00,1.668560e+04,1.004922e+03,1.227908e-01,3.779582e-04,-7.587288e-01,1.136610e-03,0.000000e+00,0.000000e+00,0.000000e+00,0.000000e+00,0.000000e+00,0.000000e+00,0.000000e+00,0.000000e+00,0.000000e+00,0.000000e+00,0.000000e+00,0.000000e+00,0.000000e+00,0.000000e+00,0.000000e+00,0.000000e+00,0.000000e+00,0.000000e+00,0.000000e+00,0.000000e+00,0.000000e+00,-3.593375e+05,-6.501582e+03,-2.152804e+05,5.106099e-01,4.059421e-03,-2.119436e+01,-9.623404e-01,-2.473863e-03,-2.460280e-01,1.267541e-03,2.930182e-03,2.560089e+01,-6.636114e-01,3.016477e-03,-1.360164e-03,4.090869e-02,9.108607e-05,-6.141786e+00,9.302697e+01,-8.655170e-01,2.385430e+03,1.475354e+04,6.477489e+03,4.186308e+05,3.175205e-02,1.935511e+01,-7.970409e-04,-7.295075e+00,4.425892e+03,2.480222e+01
3.440389e-03,1.663935e+04,1.210147e+04,5.586329e-01,-2.741683e-03,7.599965e+00,1.023902e-01,9.774000e-07,2.479792e+03,0.000000e+00,0.000000e+00,4.969755e+03,0.000000e+00,0.000000e+00,0.000000e+00,0.000000e+00,0.000000e+00,0.000000e+00,0.000000e+00,0.000000e+00,0.000000e+00,0.000000e+00,0.000000e+00,0.000000e+00,0.000000e+00,0.000000e+00,0.000000e+00,0.000000e+00,0.000000e+00,0.000000e+00,0.000000e+00,0.000000e+00,0.000000e+00,0.000000e+00,0.000000e+00,0.000000e+00,0.000000e+00,0.000000e+00,0.000000e+00,0.000000e+00,0.000000e+00,0.000000e+00,0.000000e+00,0.000000e+00,0.000000e+00,0.000000e+00,0.000000e+00,0.000000e+00,0.000000e+00,1.663935e+04,9.904178e+02,1.236196e-01,3.605182e-04,-7.459100e-01,1.136610e-03,0.000000e+00,0.000000e+00,0.000000e+00,0.000000e+00,0.000000e+00,0.000000e+00,0.000000e+00,0.000000e+00,0.000000e+00,0.000000e+00,0.000000e+00,0.000000e+00,0.000000e+00,0.000000e+00,0.000000e+00,0.000000e+00,0.000000e+00,0.000000e+00,0.000000e+00,0.000000e+00,0.000000e+00,-3.392345e+05,2.404476e+04,-1.873878e+05,5.131137e-01,4.176040e-03,-2.120907e+01,-9.654334e-01,-2.452398e-03,-2.457246e-01,1.266895e-03,2.920863e-03,2.562913e+01,-6.653841e-01,3.047791e-03,-1.360395e-03,4.181844e-02,8.243227e-05,-6.118449e+00,9.309239e+01,-8.843244e-01,2.389385e+03,1.271289e+02,-2.406704e+04,3.875476e+05,3.153067e-02,1.939920e+01,-9.734631e-04,-5.013554e+01,4.523465e+03,-2.825605e+02
3.450163e-03,1.659440e+04,1.212122e+04,5.601180e-01,-2.787584e-03,7.627055e+00,1.023902e-01,9.774000e-07,2.491108e+03,0.000000e+00,0.000000e+00,4.983224e+03,0.000000e+00,0.000000e+00,0.000000e+00,0.000000e+00,0.000000e+00,0.000000e+00,0.000000e+00,0.000000e+00,0.000000e+00,0.000000e+00,0.000000e+00,0.000000e+00,0.000000e+00,0.000000e+00,0.000000e+00,0.000000e+00,0.000000e+00,0.000000e+00,0.000000e+00,0.000000e+00,0.000000e+00,0.000000e+00,0.000000e+00,0.000000e+00,0.000000e+00,0.000000e+00,0.000000e+00,0.000000e+00,0.000000e+00,0.000000e+00,0.000000e+00,0.000000e+00,0.000000e+00,0.000000e+00,0.000000e+00,0.000000e+00,0.000000e+00,1.659440e+04,9.766677e+02,1.245114e-01,4.253990e-04,-7.334094e-01,1.136610e-03,0.000000e+00,0.000000e+00,0.000000e+00,0.000000e+00,0.000000e+00,0.000000e+00,0.000000e+00,0.000000e+00,0.000000e+00,0.000000e+00,0.000000e+00,0.000000e+00,0.000000e+00,0.000000e+00,0.000000e+00,0.000000e+00,0.000000e+00,0.000000e+00,0.000000e+00,0.000000e+00,0.000000e+00,-3.220932e+05,-1.740911e+04,-1.830594e+05,5.156659e-01,4.158043e-03,-2.122301e+01,-9.684521e-01,-2.430201e-03,-2.453761e-01,1.266293e-03,2.911007e-03,2.565617e+01,-6.670165e-01,3.083793e-03,-1.360617e-03,4.272835e-02,7.358213e-05,-6.095075e+00,9.309101e+01,-9.227559e-01,2.393066e+03,4.691669e+03,1.738764e+04,3.704504e+05,3.132657e-02,1.944348e+01,-1.119386e-03,-8.815835e+00,4.402475e+03,2.491433e+02
3.460914e-03,1.654768e+04,1.214038e+04,5.618284e-01,-2.853017e-03,7.656895e+00,1.023902e-01,9.774000e-07,2.503295e+03,0.000000e+00,0.000000e+00,4.998380e+03,0.000000e+00,0.000000e+00,0.000000e+00,0.000000e+00,0.000000e+00,0.000000e+00,0.000000e+00,0.000000e+00,0.000000e+00,0.000000e+00,0.000000e+00,0.000000e+00,0.000000e+00,0.000000e+00,0.000000e+00,0.000000e+00,0.000000e+00,0.000000e+00,0.000000e+00,0.000000e+00,0.000000e+00,0.000000e+00,0.000000e+00,0.000000e+00,0.000000e+00,0.000000e+00,0.000000e+00,0.000000e+00,0.000000e+00,0.000000e+00,0.000000e+00,0.000000e+00,0.000000e+00,0.000000e+00,0.000000e+00,0.000000e+00,0.000000e+00,1.654768e+04,9.610365e+02,1.255439e-01,5.682395e-04,-7.194376e-01,1.136610e-03,0.000000e+00,0.000000e+00,0.000000e+00,0.000000e+00,0.000000e+00,0.000000e+00,0.000000e+00,0.000000e+00,0.000000e+00,0.000000e+00,0.000000e+00,0.000000e+00,0.000000e+00,0.000000e+00,0.000000e+00,0.000000e+00,0.000000e+00,0.000000e+00,0.000000e+00,0.000000e+00,0.000000e+00,-2.998447e+05,7.629321e+01,-1.610569e+05,5.183647e-01,4.414168e-03,-2.123767e+01,-9.716521e-01,-2.403407e-03,-2.450499e-01,1.265674e-03,2.899891e-03,2.568599e+01,-6.689008e-01,3.135749e-03,-1.360873e-03,4.372939e-02,6.362827e-05,-6.069323e+00,9.310078e+01,-1.000865e+00,2.396944e+03,-3.754780e+03,-9.602594e+01,3.403411e+05,3.085476e-02,1.949097e+01,-1.684737e-03,-3.970556e+01,4.431747e+03,8.547903e+01
3.470688e-03,1.650789e+04,1.215594e+04,5.631626e-01,-2.937919e-03,7.682499e+00,1.023902e-01,9.774000e-07,2.514408e+03,0.000000e+00,0.000000e+00,5.011215e+03,0.000000e+00,0.000000e+00,0.000000e+00,0.000000e+00,0.000000e+00,0.000000e+00,0.000000e+00,0.000000e+00,0.000000e+00,0.000000e+00,0.000000e+00,0.000000e+00,0.000000e+00,0.000000e+00,0.000000e+00,0.000000e+00,0.000000e+00,0.000000e+00,0.000000e+00,0.000000e+00,0.000000e+00,0.000000e+00,0.000000e+00,0.000000e+00,0.000000e+00,0.000000e+00,0.000000e+00,0.000000e+00,0.000000e+00,0.000000e+00,0.000000e+00,0.000000e+00,0.000000e+00,0.000000e+00,0.000000e+00,0.000000e+00,0.000000e+00,1.650789e+04,9.471783e+02,1.265574e-01,4.628496e-04,-7.069474e-01,1.136609e-03,0.000000e+00,0.000000e+00,0.000000e+00,0.000000e+00,0.000000e+00,0.000000e+00,0.000000e+00,0.000000e+00,0.000000e+00,0.000000e+00,0.000000e+00,0.000000e+00,0.000000e+00,0.000000e+00,0.000000e+00,0.000000e+00,0.000000e+00,0.000000e+00,0.000000e+00,0.000000e+00,0.000000e+00,-2.893068e+05,1.016242e+04,-1.556258e+05,5.208851e-01,4.375031e-03,-2.125012e+01,-9.743935e-01,-2.372324e-03,-2.445755e-01,1.265131e-03,2.888519e-03,2.571153e+01,-6.703470e-01,3.121247e-03,-1.361139e-03,4.463904e-02,5.457479e-05,-6.045878e+00,9.304149e+01,-9.816614e-01,2.400160e+03,-3.359669e+03,-1.018157e+04,3.284907e+05,3.080584e-02,1.953423e+01,-9.153062e-04,-8.148835e+01,4.345883e+03,-4.114253e+01
3.480462e-03,1.646944e+04,1.217064e+04,5.643960e-01,-2.999415e-03,7.707308e+00,1.023903e-01,9.774000e-07,2.525391e+03,0.000000e+00,0.000000e+00,5.023816e+03,0.000000e+00,0.000000e+00,0.000000e+00,0.000000e+00,0.000000e+00,0.000000e+00,0.000000e+00,0.000000e+00,0.000000e+00,0.000000e+00,0.000000e+00,0.000000e+00,0.000000e+00,0.000000e+00,0.000000e+00,0.000000e+00,0.000000e+00,0.000000e+00,0.000000e+00,0.000000e+00,0.000000e+00,0.000000e+00,0.000000e+00,0.000000e+00,0.000000e+00,0.000000e+00,0.000000e+00,0.000000e+00,0.000000e+00,0.000000e+00,0.000000e+00,0.000000e+00,0.000000e+00,0.000000e+00,0.000000e+00,0.000000e+00,0.000000e+00,1.646944e+04,9.337480e+02,1.274284e-01,3.595415e-04,-6.947761e-01,1.136610e-03,0.000000e+00,0.000000e+00,0.000000e+00,0.000000e+00,0.000000e+00,0.000000e+00,0.000000e+00,0.000000e+00,0.000000e+00,0.000000e+00,0.000000e+00,0.000000e+00,0.000000e+00,0.000000e+00,0.000000e+00,0.000000e+00,0.000000e+00,0.000000e+00,0.000000e+00,0.000000e+00,0.000000e+00,-2.640056e+05,-9.437521e+02,-1.268258e+05,5.233742e-01,4.239019e-03,-2.126197e+01,-9.770856e-01,-2.339734e-03,-2.442175e-01,1.264633e-03,2.876071e-03,2.573630e+01,-6.717035e-01,3.097549e-03,-1.361447e-03,4.554823e-02,4.507229e-05,-6.022402e+00,9.297773e+01,-9.524828e-01,2.403228e+03,-1.631268e+04,9.267697e+02,2.924340e+05,3.100521e-02,1.957681e+01,-2.181673e-04,1.017080e+01,4.443455e+03,4.708955e+01
3.490236e-03,1.643312e+04,1.218366e+04,5.656319e-01,-3.069346e-03,7.731843e+00,1.023903e-01,9.774000e-07,2.536233e+03,0.000000e+00,0.000000e+00,5.036329e+03,0.000000e+00,0.000000e+00,0.000000e+00,0.000000e+00,0.000000e+00,0.000000e+00,0.000000e+00,0.000000e+00,0.000000e+00,0.000000e+00,0.000000e+00,0.000000e+00,0.000000e+00,0.000000e+00,0.000000e+00,0.000000e+00,0.000000e+00,0.000000e+00,0.000000e+00,0.000000e+00,0.000000e+00,0.000000e+00,0.000000e+00,0.000000e+00,0.000000e+00,0.000000e+00,0.000000e+00,0.000000e+00,0.000000e+00,0.000000e+00,0.000000e+00,0.000000e+00,0.000000e+00,0.000000e+00,0.000000e+00,0.000000e+00,0.000000e+00,1.643312e+04,9.202492e+02,1.283111e-01,2.766142e-04,-6.824328e-01,1.136610e-03,0.000000e+00,0.000000e+00,0.000000e+00,0.000000e+00,0.000000e+00,0.000000e+00,0.000000e+00,0.000000e+00,0.000000e+00,0.000000e+00,0.000000e+00,0.000000e+00,0.000000e+00,0.000000e+00,0.000000e+00,0.000000e+00,0.000000e+00,0.000000e+00,0.000000e+00,0.000000e+00,0.000000e+00,-2.503498e+05,6.125860e+03,-1.172929e+05,5.258056e-01,4.192899e-03,-2.127328e+01,-9.796996e-01,-2.306391e-03,-2.438097e-01,1.264152e-03,2.862492e-03,2.576079e+01,-6.730275e-01,3.065584e-03,-1.361743e-03,4.645653e-02,3.545663e-05,-5.998897e+00,9.290208e+01,-9.353287e-01,2.406120e+03,-1.801992e+04,-6.141935e+03,2.758763e+05,3.096132e-02,1.961882e+01,6.160600e-04,2.593677e+01,4.377106e+03,-1.186307e+02
3.500010e-03,1.639876e+04,1.219512e+04,5.667081e-01,-3.155006e-03,7.755299e+00,1.023903e-01,9.774000e-07,2.547120e+03,0.000000e+00,0.000000e+00,5.048042e+03,0.000000e+00,0.000000e+00,0.000000e+00,0.000000e+00,0.000000e+00,0.000000e+00,0.000000e+00,0.000000e+00,0.000000e+00,0.000000e+00,0.000000e+00,0.000000e+00,0.000000e+00,0.000000e+00,0.000000e+00,0.000000e+00,0.000000e+00,0.000000e+00,0.000000e+00,0.000000e+00,0.000000e+00,0.000000e+00,0.000000e+00,0.000000e+00,0.000000e+00,0.000000e+00,0.000000e+00,0.000000e+00,0.000000e+00,0.000000e+00,0.000000e+00,0.000000e+00,0.000000e+00,0.000000e+00,0.000000e+00,0.000000e+00,0.000000e+00,1.639876e+04,9.072704e+02,1.293132e-01,2.705860e-04,-6.701610e-01,1.136610e-03,0.000000e+00,0.000000e+00,0.000000e+00,0.000000e+00,0.000000e+00,0.000000e+00,0.000000e+00,0.000000e+00,0.000000e+00,0.000000e+00,0.000000e+00,0.000000e+00,0.000000e+00,0.000000e+00,0.000000e+00,0.000000e+00,0.000000e+00,0.000000e+00,0.000000e+00,0.000000e+00,0.000000e+00,-2.387538e+05,-2.270058e+04,-1.172428e+05,5.282979e-01,4.183173e-03,-2.128373e+01,-9.821779e-01,-2.275545e-03,-2.434130e-01,1.263698e-03,2.847404e-03,2.578420e+01,-6.741337e-01,3.020703e-03,-1.362065e-03,4.736378e-02,2.579528e-05,-5.975366e+00,9.275655e+01,-9.665204e-01,2.408735e+03,-1.241878e+04,2.268497e+04,2.656986e+05,3.063358e-02,1.966094e+01,5.744278e-04,4.309583e+01,4.269776e+03,2.990982e+02
3.510761e-03,1.636301e+04,1.220606e+04,5.678259e-01,-3.225000e-03,7.780611e+00,1.023903e-01,9.774000e-07,2.558982e+03,0.000000e+00,0.000000e+00,5.060646e+03,0.000000e+00,0.000000e+00,0.000000e+00,0.000000e+00,0.000000e+00,0.000000e+00,0.000000e+00,0.000000e+00,0.000000e+00,0.000000e+00,0.000000e+00,0.000000e+00,0.000000e+00,0.000000e+00,0.000000e+00,0.000000e+00,0.000000e+00,0.000000e+00,0.000000e+00,0.000000e+00,0.000000e+00,0.000000e+00,0.000000e+00,0.000000e+00,0.000000e+00,0.000000e+00,0.000000e+00,0.000000e+00,0.000000e+00,0.000000e+00,0.000000e+00,0.000000e+00,0.000000e+00,0.000000e+00,0.000000e+00,0.000000e+00,0.000000e+00,1.636301e+04,8.930555e+02,1.303235e-01,3.155514e-04,-6.565929e-01,1.136610e-03,0.000000e+00,0.000000e+00,0.000000e+00,0.000000e+00,0.000000e+00,0.000000e+00,0.000000e+00,0.000000e+00,0.000000e+00,0.000000e+00,0.000000e+00,0.000000e+00,0.000000e+00,0.000000e+00,0.000000e+00,0.000000e+00,0.000000e+00,0.000000e+00,0.000000e+00,0.000000e+00,0.000000e+00,-2.210474e+05,-3.744139e+03,-1.096222e+05,5.309992e-01,4.336845e-03,-2.129457e+01,-9.848281e-01,-2.243749e-03,-2.429689e-01,1.263230e-03,2.829110e-03,2.580948e+01,-6.752979e-01,2.984018e-03,-1.362447e-03,4.836013e-02,1.506962e-05,-5.949452e+00,9.258561e+01,-1.011677e+00,2.411426e+03,-1.050465e+04,3.729555e+03,2.465132e+05,3.043378e-02,1.970673e+01,7.145711e-05,-6.978726e+00,4.164397e+03,8.539707e+01
3.520535e-03,1.633237e+04,1.221461e+04,5.687438e-01,-3.298566e-03,7.802852e+00,1.023904e-01,9.774000e-07,2.569805e+03,0.000000e+00,0.000000e+00,5.071729e+03,0.000000e+00,0.000000e+00,0.000000e+00,0.000000e+00,0.000000e+00,0.000000e+00,0.000000e+00,0.000000e+00,0.000000e+00,0.000000e+00,0.000000e+00,0.000000e+00,0.000000e+00,0.000000e+00,0.000000e+00,0.000000e+00,0.000000e+00,0.000000e+00,0.000000e+00,0.000000e+00,0.000000e+00,0.000000e+00,0.000000e+00,0.000000e+00,0.000000e+00,0.000000e+00,0.000000e+00,0.000000e+00,0.000000e+00,0.000000e+00,0.000000e+00,0.000000e+00,0.000000e+00,0.000000e+00,0.000000e+00,0.000000e+00,0.000000e+00,1.633237e+04,8.804873e+02,1.312910e-01,2.524967e-04,-6.442552e-01,1.136610e-03,0.000000e+00,0.000000e+00,0.000000e+00,0.000000e+00,0.000000e+00,0.000000e+00,0.000000e+00,0.000000e+00,0.000000e+00,0.000000e+00,0.000000e+00,0.000000e+00,0.000000e+00,0.000000e+00,0.000000e+00,0.000000e+00,0.000000e+00,0.000000e+00,0.000000e+00,0.000000e+00,0.000000e+00,-2.004884e+05,-6.293762e+03,-8.353408e+04,5.335284e-01,4.289126e-03,-2.130373e+01,-9.871387e-01,-2.220798e-03,-2.426046e-01,1.262828e-03,2.810755e-03,2.583169e+01,-6.761878e-01,2.941528e-03,-1.362803e-03,4.926413e-02,5.269162e-06,-5.925871e+00,9.239111e+01,-1.005260e+00,2.413658e+03,-2.341022e+04,6.281085e+03,2.159298e+05,3.021285e-02,1.974833e+01,3.156781e-04,-5.845016e+01,4.234650e+03,1.406962e+02
3.530309e-03,1.630352e+04,1.222199e+04,5.695831e-01,-3.360880e-03,7.824586e+00,1.023904e-01,9.774000e-07,2.580514e+03,0.000000e+00,0.000000e+00,5.082383e+03,0.000000e+00,0.000000e+00,0.000000e+00,0.000000e+00,0.000000e+00,0.000000e+00,0.000000e+00,0.000000e+00,0.000000e+00,0.000000e+00,0.000000e+00,0.000000e+00,0.000000e+00,0.000000e+00,0.000000e+00,0.000000e+00,0.000000e+00,0.000000e+00,0.000000e+00,0.000000e+00,0.000000e+00,0.000000e+00,0.000000e+00,0.000000e+00,0.000000e+00,0.000000e+00,0.000000e+00,0.000000e+00,0.000000e+00,0.000000e+00,0.000000e+00,0.000000e+00,0.000000e+00,0.000000e+00,0.000000e+00,0.000000e+00,0.000000e+00,1.630352e+04,8.682231e+02,1.322713e-01,2.765260e-04,-6.319305e-01,1.136609e-03,0.000000e+00,0.000000e+00,0.000000e+00,0.000000e+00,0.000000e+00,0.000000e+00,0.000000e+00,0.000000e+00,0.000000e+00,0.000000e+00,0.000000e+00,0.000000e+00,0.000000e+00,0.000000e+00,0.000000e+00,0.000000e+00,0.000000e+00,0.000000e+00,0.000000e+00,0.000000e+00,0.000000e+00,-1.852806e+05,-3.119986e+03,-8.134371e+04,5.359957e-01,4.385794e-03,-2.131228e+01,-9.893537e-01,-2.195431e-03,-2.421881e-01,1.262453e-03,2.790750e-03,2.585340e+01,-6.770138e-01,2.901839e-03,-1.363223e-03,5.016605e-02,-4.809018e-06,-5.902268e+00,9.218129e+01,-1.042542e+00,2.415719e+03,-1.796263e+04,3.108051e+03,2.015518e+05,2.998719e-02,1.978948e+01,7.199755e-05,-3.281450e+01,4.140980e+03,7.799246e+01
3.540084e-03,1.627643e+04,1.222788e+04,5.703416e-01,-3.423983e-03,7.845690e+00,1.023904e-01,9.774000e-07,2.591254e+03,0.000000e+00,0.000000e+00,5.092593e+03,0.000000e+00,0.000000e+00,0.000000e+00,0.000000e+00,0.000000e+00,0.000000e+00,0.000000e+00,0.000000e+00,0.000000e+00,0.000000e+00,0.000000e+00,0.000000e+00,0.000000e+00,0.000000e+00,0.000000e+00,0.000000e+00,0.000000e+00,0.000000e+00,0.000000e+00,0.000000e+00,0.000000e+00,0.000000e+00,0.000000e+00,0.000000e+00,0.000000e+00,0.000000e+00,0.000000e+00,0.000000e+00,0.000000e+00,0.000000e+00,0.000000e+00,0.000000e+00,0.000000e+00,0.000000e+00,0.000000e+00,0.000000e+00,0.000000e+00,1.627643e+04,8.562274e+02,1.332273e-01,1.877719e-04,-6.195458e-01,1.136610e-03,0.000000e+00,0.000000e+00,0.000000e+00,0.000000e+00,0.000000e+00,0.000000e+00,0.000000e+00,0.000000e+00,0.000000e+00,0.000000e+00,0.000000e+00,0.000000e+00,0.000000e+00,0.000000e+00,0.000000e+00,0.000000e+00,0.000000e+00,0.000000e+00,0.000000e+00,0.000000e+00,0.000000e+00,-1.693689e+05,8.534068e+03,-6.844875e+04,5.385010e-01,4.360486e-03,-2.132016e+01,-9.915054e-01,-2.176241e-03,-2.418409e-01,1.262101e-03,2.768847e-03,2.587447e+01,-6.776951e-01,2.860379e-03,-1.363658e-03,5.106572e-02,-1.495676e-05,-5.878647e+00,9.193932e+01,-1.030010e+00,2.417568e+03,-2.156353e+04,-8.544803e+03,1.813998e+05,2.960653e-02,1.983063e+01,3.153376e-04,-4.256794e+01,4.133174e+03,-7.560728e+01
3.550835e-03,1.624857e+04,1.223282e+04,5.710366e-01,-3.492935e-03,7.868284e+00,1.023904e-01,9.774000e-07,2.603020e+03,0.000000e+00,0.000000e+00,5.103414e+03,0.000000e+00,0.000000e+00,0.000000e+00,0.000000e+00,0.000000e+00,0.000000e+00,0.000000e+00,0.000000e+00,0.000000e+00,0.000000e+00,0.000000e+00,0.000000e+00,0.000000e+00,0.000000e+00,0.000000e+00,0.000000e+00,0.000000e+00,0.000000e+00,0.000000e+00,0.000000e+00,0.000000e+00,0.000000e+00,0.000000e+00,0.000000e+00,0.000000e+00,0.000000e+00,0.000000e+00,0.000000e+00,0.000000e+00,0.000000e+00,0.000000e+00,0.000000e+00,0.000000e+00,0.000000e+00,0.000000e+00,0.000000e+00,0.000000e+00,1.624857e+04,8.433113e+02,1.342480e-01,1.263488e-04,-6.059119e-01,1.136610e-03,0.000000e+00,0.000000e+00,0.000000e+00,0.000000e+00,0.000000e+00,0.000000e+00,0.000000e+00,0.000000e+00,0.000000e+00,0.000000e+00,0.000000e+00,0.000000e+00,0.000000e+00,0.000000e+00,0.000000e+00,0.000000e+00,0.000000e+00,0.000000e+00,0.000000e+00,0.000000e+00,0.000000e+00,-1.464158e+05,1.632742e+04,-3.832835e+04,5.412560e-01,4.405310e-03,-2.132808e+01,-9.937626e-01,-2.153101e-03,-2.414286e-01,1.261742e-03,2.742655e-03,2.589703e+01,-6.783140e-01,2.809372e-03,-1.364235e-03,5.205255e-02,-2.649506e-05,-5.852644e+00,9.165319e+01,-1.045444e+00,2.419388e+03,-3.687852e+04,-1.633593e+04,1.467867e+05,2.934087e-02,1.987552e+01,2.694573e-04,-5.889610e+01,4.295145e+03,-1.609731e+02
3.560609e-03,1.622508e+04,1.223596e+04,5.715793e-01,-3.547149e-03,7.888223e+00,1.023904e-01,9.774000e-07,2.613674e+03,0.000000e+00,0.000000e+00,5.112787e+03,0.000000e+00,0.000000e+00,0.000000e+00,0.000000e+00,0.000000e+00,0.000000e+00,0.000000e+00,0.000000e+00,0.000000e+00,0.000000e+00,0.000000e+00,0.000000e+00,0.000000e+00,0.000000e+00,0.000000e+00,0.000000e+00,0.000000e+00,0.000000e+00,0.000000e+00,0.000000e+00,0.000000e+00,0.000000e+00,0.000000e+00,0.000000e+00,0.000000e+00,0.000000e+00,0.000000e+00,0.000000e+00,0.000000e+00,0.000000e+00,0.000000e+00,0.000000e+00,0.000000e+00,0.000000e+00,0.000000e+00,0.000000e+00,0.000000e+00,1.622508e+04,8.317845e+02,1.351723e-01,2.377573e-04,-5.935016e-01,1.136609e-03,0.000000e+00,0.000000e+00,0.000000e+00,0.000000e+00,0.000000e+00,0.000000e+00,0.000000e+00,0.000000e+00,0.000000e+00,0.000000e+00,0.000000e+00,0.000000e+00,0.000000e+00,0.000000e+00,0.000000e+00,0.000000e+00,0.000000e+00,0.000000e+00,0.000000e+00,0.000000e+00,0.000000e+00,-1.326382e+05,-2.720558e+03,-3.705577e+04,5.437169e-01,4.498051e-03,-2.133466e+01,-9.957325e-01,-2.130664e-03,-2.410639e-01,1.261433e-03,2.716558e-03,2.591693e+01,-6.787681e-01,2.776399e-03,-1.364823e-03,5.294679e-02,-3.718635e-05,-5.828989e+00,9.137012e+01,-1.103563e+00,2.420848e+03,-3.133608e+04,2.712720e+03,1.341048e+05,2.904727e-02,1.991623e+01,-3.255825e-04,-1.821672e+01,4.166349e+03,4.849031e+01
3.570383e-03,1.620321e+04,1.223777e+04,5.720152e-01,-3.591415e-03,7.907566e+00,1.023905e-01,9.774000e-07,2.624350e+03,0.000000e+00,0.000000e+00,5.121869e+03,0.000000e+00,0.000000e+00,0.000000e+00,0.000000e+00,0.000000e+00,0.000000e+00,0.000000e+00,0.000000e+00,0.000000e+00,0.000000e+00,0.000000e+00,0.000000e+00,0.000000e+00,0.000000e+00,0.000000e+00,0.000000e+00,0.000000e+00,0.000000e+00,0.000000e+00,0.000000e+00,0.000000e+00,0.000000e+00,0.000000e+00,0.000000e+00,0.000000e+00,0.000000e+00,0.000000e+00,0.000000e+00,0.000000e+00,0.000000e+00,0.000000e+00,0.000000e+00,0.000000e+00,0.000000e+00,0.000000e+00,0.000000e+00,0.000000e+00,1.620321e+04,8.205770e+02,1.360328e-01,2.128994e-04,-5.810423e-01,1.136611e-03,0.000000e+00,0.000000e+00,0.000000e+00,0.000000e+00,0.000000e+00,0.000000e+00,0.000000e+00,0.000000e+00,0.000000e+00,0.000000e+00,0.000000e+00,0.000000e+00,0.000000e+00,0.000000e+00,0.000000e+00,0.000000e+00,0.000000e+00,0.000000e+00,0.000000e+00,0.000000e+00,0.000000e+00,-1.214338e+05,5.045338e+02,-3.239361e+04,5.461754e-01,4.517193e-03,-2.134061e+01,-9.976429e-01,-2.111161e-03,-2.407520e-01,1.261149e-03,2.688551e-03,2.593624e+01,-6.791169e-01,2.739251e-03,-1.365495e-03,5.383819e-02,-4.805997e-05,-5.805321e+00,9.106686e+01,-1.112845e+00,2.422114e+03,-3.000820e+04,-5.116837e+02,1.220451e+05,2.871559e-02,1.995688e+01,-1.778334e-04,-8.832986e+00,4.123417e+03,-1.641655e+01
3.580157e-03,1.618299e+04,1.223833e+04,5.723780e-01,-3.627645e-03,7.926346e+00,1.023905e-01,9.774000e-07,2.635003e+03,0.000000e+00,0.000000e+00,5.130580e+03,0.000000e+00,0.000000e+00,0.000000e+00,0.000000e+00,0.000000e+00,0.000000e+00,0.000000e+00,0.000000e+00,0.000000e+00,0.000000e+00,0.000000e+00,0.000000e+00,0.000000e+00,0.000000e+00,0.000000e+00,0.000000e+00,0.000000e+00,0.000000e+00,0.000000e+00,0.000000e+00,0.000000e+00,0.000000e+00,0.000000e+00,0.000000e+00,0.000000e+00,0.000000e+00,0.000000e+00,0.000000e+00,0.000000e+00,0.000000e+00,0.000000e+00,0.000000e+00,0.000000e+00,0.000000e+00,0.000000e+00,0.000000e+00,0.000000e+00,1.618299e+04,8.095632e+02,1.368753e-01,2.696965e-04,-5.685806e-01,1.136609e-03,0.000000e+00,0.000000e+00,0.000000e+00,0.000000e+00,0.000000e+00,0.000000e+00,0.000000e+00,0.000000e+00,0.000000e+00,0.000000e+00,0.000000e+00,0.000000e+00,0.000000e+00,0.000000e+00,0.000000e+00,0.000000e+00,0.000000e+00,0.000000e+00,0.000000e+00,0.000000e+00,0.000000e+00,-1.026060e+05,-7.005787e+03,-1.663052e+04,5.486081e-01,4.574880e-03,-2.134594e+01,-9.994574e-01,-2.088273e-03,-2.404024e-01,1.260889e-03,2.658382e-03,2.595499e+01,-6.793876e-01,2.703334e-03,-1.366262e-03,5.472659e-02,-5.913235e-05,-5.781641e+00,9.075538e+01,-1.146519e+00,2.423211e+03,-3.475291e+04,7.000143e+03,9.796364e+04,2.834717e-02,1.999733e+01,-3.875939e-04,3.035612e+01,4.166349e+03,7.182111e+01
3.590908e-03,1.616261e+04,1.223748e+04,5.726692e-01,-3.666031e-03,7.946306e+00,1.023905e-01,9.774000e-07,2.646736e+03,0.000000e+00,0.000000e+00,5.139762e+03,0.000000e+00,0.000000e+00,0.000000e+00,0.000000e+00,0.000000e+00,0.000000e+00,0.000000e+00,0.000000e+00,0.000000e+00,0.000000e+00,0.000000e+00,0.000000e+00,0.000000e+00,0.000000e+00,0.000000e+00,0.000000e+00,0.000000e+00,0.000000e+00,0.000000e+00,0.000000e+00,0.000000e+00,0.000000e+00,0.000000e+00,0.000000e+00,0.000000e+00,0.000000e+00,0.000000e+00,0.000000e+00,0.000000e+00,0.000000e+00,0.000000e+00,0.000000e+00,0.000000e+00,0.000000e+00,0.000000e+00,0.000000e+00,0.000000e+00,1.616261e+04,7.977750e+02,1.377752e-01,2.854220e-04,-5.548767e-01,1.136610e-03,0.000000e+00,0.000000e+00,0.000000e+00,0.000000e+00,0.000000e+00,0.000000e+00,0.000000e+00,0.000000e+00,0.000000e+00,0.000000e+00,0.000000e+00,0.000000e+00,0.000000e+00,0.000000e+00,0.000000e+00,0.000000e+00,0.000000e+00,0.000000e+00,0.000000e+00,0.000000e+00,0.000000e+00,-8.647329e+04,3.314291e+02,-6.294516e+03,5.512543e-01,4.631505e-03,-2.135109e+01,-1.001368e+00,-2.065472e-03,-2.400536e-01,1.260627e-03,2.622839e-03,2.597491e+01,-6.795875e-01,2.665607e-03,-1.367235e-03,5.570016e-02,-7.143711e-05,-5.755582e+00,9.039015e+01,-1.165810e+00,2.424199e+03,-3.604192e+04,-3.359035e+02,7.885575e+04,2.805025e-02,2.004181e+01,-3.909729e-04,-2.852473e+01,4.162446e+03,1.008275e+01
3.600682e-03,1.614571e+04,1.223538e+04,5.728398e-01,-3.690169e-03,7.963833e+00,1.023905e-01,9.774000e-07,2.657387e+03,0.000000e+00,0.000000e+00,5.147801e+03,0.000000e+00,0.000000e+00,0.000000e+00,0.000000e+00,0.000000e+00,0.000000e+00,0.000000e+00,0.000000e+00,0.000000e+00,0.000000e+00,0.000000e+00,0.000000e+00,0.000000e+00,0.000000e+00,0.000000e+00,0.000000e+00,0.000000e+00,0.000000e+00,0.000000e+00,0.000000e+00,0.000000e+00,0.000000e+00,0.000000e+00,0.000000e+00,0.000000e+00,0.000000e+00,0.000000e+00,0.000000e+00,0.000000e+00,0.000000e+00,0.000000e+00,0.000000e+00,0.000000e+00,0.000000e+00,0.000000e+00,0.000000e+00,0.000000e+00,1.614571e+04,7.872072e+02,1.385106e-01,2.438623e-04,-5.424488e-01,1.136610e-03,0.000000e+00,0.000000e+00,0.000000e+00,0.000000e+00,0.000000e+00,0.000000e+00,0.000000e+00,0.000000e+00,0.000000e+00,0.000000e+00,0.000000e+00,0.000000e+00,0.000000e+00,0.000000e+00,0.000000e+00,0.000000e+00,0.000000e+00,0.000000e+00,0.000000e+00,0.000000e+00,0.000000e+00,-7.198573e+04,4.518481e+03,2.231430e+03,5.536279e-01,4.609940e-03,-2.135519e+01,-1.003041e+00,-2.040828e-03,-2.397286e-01,1.260403e-03,2.588381e-03,2.599240e+01,-6.796823e-01,2.625274e-03,-1.368257e-03,5.658178e-02,-8.270884e-05,-5.731884e+00,9.004916e+01,-1.161419e+00,2.424925e+03,-3.654323e+04,-4.521926e+03,6.206035e+04,2.787134e-02,2.008212e+01,-1.967740e-04,-4.767526e+01,4.129271e+03,-3.205627e+01
3.610456e-03,1.613036e+04,1.223200e+04,5.729476e-01,-3.709192e-03,7.980725e+00,1.023905e-01,9.774000e-07,2.668048e+03,0.000000e+00,0.000000e+00,5.155564e+03,0.000000e+00,0.000000e+00,0.000000e+00,0.000000e+00,0.000000e+00,0.000000e+00,0.000000e+00,0.000000e+00,0.000000e+00,0.000000e+00,0.000000e+00,0.000000e+00,0.000000e+00,0.000000e+00,0.000000e+00,0.000000e+00,0.000000e+00,0.000000e+00,0.000000e+00,0.000000e+00,0.000000e+00,0.000000e+00,0.000000e+00,0.000000e+00,0.000000e+00,0.000000e+00,0.000000e+00,0.000000e+00,0.000000e+00,0.000000e+00,0.000000e+00,0.000000e+00,0.000000e+00,0.000000e+00,0.000000e+00,0.000000e+00,0.000000e+00,1.613036e+04,7.768766e+02,1.392449e-01,1.934865e-04,-5.300738e-01,1.136609e-03,0.000000e+00,0.000000e+00,0.000000e+00,0.000000e+00,0.000000e+00,0.000000e+00,0.000000e+00,0.000000e+00,0.000000e+00,0.000000e+00,0.000000e+00,0.000000e+00,0.000000e+00,0.000000e+00,0.000000e+00,0.000000e+00,0.000000e+00,0.000000e+00,0.000000e+00,0.000000e+00,0.000000e+00,-5.943394e+04,4.554934e+03,8.621473e+03,5.559839e-01,4.545333e-03,-2.135872e+01,-1.004647e+00,-2.010357e-03,-2.394194e-01,1.260190e-03,2.551839e-03,2.600925e+01,-6.797097e-01,2.583131e-03,-1.369423e-03,5.745998e-02,-9.401413e-05,-5.708180e+00,8.969221e+01,-1.147439e+00,2.425475e+03,-3.610736e+04,-4.557520e+03,4.798914e+04,2.773384e-02,2.012239e+01,8.879504e-05,-5.134948e+01,4.092194e+03,-2.045822e+01
3.620230e-03,1.611653e+04,1.222741e+04,5.729936e-01,-3.724982e-03,7.997021e+00,1.023905e-01,9.774000e-07,2.678697e+03,0.000000e+00,0.000000e+00,5.163040e+03,0.000000e+00,0.000000e+00,0.000000e+00,0.000000e+00,0.000000e+00,0.000000e+00,0.000000e+00,0.000000e+00,0.000000e+00,0.000000e+00,0.000000e+00,0.000000e+00,0.000000e+00,0.000000e+00,0.000000e+00,0.000000e+00,0.000000e+00,0.000000e+00,0.000000e+00,0.000000e+00,0.000000e+00,0.000000e+00,0.000000e+00,0.000000e+00,0.000000e+00,0.000000e+00,0.000000e+00,0.000000e+00,0.000000e+00,0.000000e+00,0.000000e+00,0.000000e+00,0.000000e+00,0.000000e+00,0.000000e+00,0.000000e+00,0.000000e+00,1.611653e+04,7.668021e+02,1.399758e-01,1.609668e-04,-5.177926e-01,1.136610e-03,0.000000e+00,0.000000e+00,0.000000e+00,0.000000e+00,0.000000e+00,0.000000e+00,0.000000e+00,0.000000e+00,0.000000e+00,0.000000e+00,0.000000e+00,0.000000e+00,0.000000e+00,0.000000e+00,0.000000e+00,0.000000e+00,0.000000e+00,0.000000e+00,0.000000e+00,0.000000e+00,0.000000e+00,-4.338322e+04,-3.568620e+03,1.956609e+04,5.583121e-01,4.476230e-03,-2.136168e+01,-1.006186e+00,-1.982675e-03,-2.391233e-01,1.259996e-03,2.513505e-03,2.602552e+01,-6.796817e-01,2.540142e-03,-1.370740e-03,5.833467e-02,-1.053629e-04,-5.684471e+00,8.932565e+01,-1.139549e+00,2.425861e+03,-3.799234e+04,3.567256e+03,2.866231e+04,2.752688e-02,2.016249e+01,3.277457e-04,5.684746e+00,4.113660e+03,5.569617e+01
3.630004e-03,1.610418e+04,1.222163e+04,5.729626e-01,-3.737423e-03,8.012704e+00,1.023905e-01,9.774000e-07,2.689343e+03,0.000000e+00,0.000000e+00,5.170211e+03,0.000000e+00,0.000000e+00,0.000000e+00,0.000000e+00,0.000000e+00,0.000000e+00,0.000000e+00,0.000000e+00,0.000000e+00,0.000000e+00,0.000000e+00,0.000000e+00,0.000000e+00,0.000000e+00,0.000000e+00,0.000000e+00,0.000000e+00,0.000000e+00,0.000000e+00,0.000000e+00,0.000000e+00,0.000000e+00,0.000000e+00,0.000000e+00,0.000000e+00,0.000000e+00,0.000000e+00,0.000000e+00,0.000000e+00,0.000000e+00,0.000000e+00,0.000000e+00,0.000000e+00,0.000000e+00,0.000000e+00,0.000000e+00,0.000000e+00,1.610418e+04,7.568947e+02,1.406600e-01,2.043042e-04,-5.055494e-01,1.136610e-03,0.000000e+00,0.000000e+00,0.000000e+00,0.000000e+00,0.000000e+00,0.000000e+00,0.000000e+00,0.000000e+00,0.000000e+00,0.000000e+00,0.000000e+00,0.000000e+00,0.000000e+00,0.000000e+00,0.000000e+00,0.000000e+00,0.000000e+00,0.000000e+00,0.000000e+00,0.000000e+00,0.000000e+00,-2.941575e+04,-9.418216e+03,2.964589e+04,5.606073e-01,4.484118e-03,-2.136410e+01,-1.007665e+00,-1.954291e-03,-2.388474e-01,1.259814e-03,2.473238e-03,2.604117e+01,-6.795790e-01,2.494505e-03,-1.372217e-03,5.920574e-02,-1.167108e-04,-5.660759e+00,8.895042e+01,-1.156255e+00,2.426082e+03,-4.012608e+04,9.417946e+03,1.157879e+04,2.721948e-02,2.020253e+01,3.066781e-04,1.903237e+01,4.098048e+03,1.158971e+02
3.640756e-03,1.609230e+04,1.221397e+04,5.728680e-01,-3.752004e-03,8.029274e+00,1.023905e-01,9.774000e-07,2.701013e+03,0.000000e+00,0.000000e+00,5.177749e+03,0.000000e+00,0.000000e+00,0.000000e+00,0.000000e+00,0.000000e+00,0.000000e+00,0.000000e+00,0.000000e+00,0.000000e+00,0.000000e+00,0.000000e+00,0.000000e+00,0.000000e+00,0.000000e+00,0.000000e+00,0.000000e+00,0.000000e+00,0.000000e+00,0.000000e+00,0.000000e+00,0.000000e+00,0.000000e+00,0.000000e+00,0.000000e+00,0.000000e+00,0.000000e+00,0.000000e+00,0.000000e+00,0.000000e+00,0.000000e+00,0.000000e+00,0.000000e+00,0.000000e+00,0.000000e+00,0.000000e+00,0.000000e+00,0.000000e+00,1.609230e+04,7.461945e+02,1.413707e-01,2.355669e-04,-4.921602e-01,1.136610e-03,0.000000e+00,0.000000e+00,0.000000e+00,0.000000e+00,0.000000e+00,0.000000e+00,0.000000e+00,0.000000e+00,0.000000e+00,0.000000e+00,0.000000e+00,0.000000e+00,0.000000e+00,0.000000e+00,0.000000e+00,0.000000e+00,0.000000e+00,0.000000e+00,0.000000e+00,0.000000e+00,0.000000e+00,-1.424249e+04,-1.183973e+04,3.868857e+04,5.630863e-01,4.491198e-03,-2.136617e+01,-1.009230e+00,-1.922845e-03,-2.385457e-01,1.259628e-03,2.427250e-03,2.605771e+01,-6.794103e-01,2.445427e-03,-1.374021e-03,6.015961e-02,-1.291492e-04,-5.634675e+00,8.853190e+01,-1.170177e+00,2.426149e+03,-4.077825e+04,1.184058e+04,-6.063645e+03,2.694061e-02,2.024633e+01,3.134455e-04,-1.369446e+01,4.094145e+03,1.556983e+02
3.650530e-03,1.608300e+04,1.220580e+04,5.727161e-01,-3.766611e-03,8.043757e+00,1.023905e-01,9.774000e-07,2.711627e+03,0.000000e+00,0.000000e+00,5.184309e+03,0.000000e+00,0.000000e+00,0.000000e+00,0.000000e+00,0.000000e+00,0.000000e+00,0.000000e+00,0.000000e+00,0.000000e+00,0.000000e+00,0.000000e+00,0.000000e+00,0.000000e+00,0.000000e+00,0.000000e+00,0.000000e+00,0.000000e+00,0.000000e+00,0.000000e+00,0.000000e+00,0.000000e+00,0.000000e+00,0.000000e+00,0.000000e+00,0.000000e+00,0.000000e+00,0.000000e+00,0.000000e+00,0.000000e+00,0.000000e+00,0.000000e+00,0.000000e+00,0.000000e+00,0.000000e+00,0.000000e+00,0.000000e+00,0.000000e+00,1.608300e+04,7.366794e+02,1.419999e-01,2.032445e-04,-4.800436e-01,1.136610e-03,0.000000e+00,0.000000e+00,0.000000e+00,0.000000e+00,0.000000e+00,0.000000e+00,0.000000e+00,0.000000e+00,0.000000e+00,0.000000e+00,0.000000e+00,0.000000e+00,0.000000e+00,0.000000e+00,0.000000e+00,0.000000e+00,0.000000e+00,0.000000e+00,0.000000e+00,0.000000e+00,0.000000e+00,-3.068559e+03,-5.057442e+03,4.341855e+04,5.653159e-01,4.472009e-03,-2.136749e+01,-1.010594e+00,-1.893687e-03,-2.382818e-01,1.259469e-03,2.383965e-03,2.607216e+01,-6.791965e-01,2.402580e-03,-1.375822e-03,6.102277e-02,-1.403996e-04,-5.610962e+00,8.813844e+01,-1.165322e+00,2.426039e+03,-3.957134e+04,5.059048e+03,-1.812951e+04,2.669859e-02,2.028609e+01,5.169039e-04,-1.264441e+01,4.041456e+03,8.251875e+01
3.660304e-03,1.607508e+04,1.219654e+04,5.725049e-01,-3.782347e-03,8.057705e+00,1.023905e-01,9.774000e-07,2.722213e+03,0.000000e+00,0.000000e+00,5.190590e+03,0.000000e+00,0.000000e+00,0.000000e+00,0.000000e+00,0.000000e+00,0.000000e+00,0.000000e+00,0.000000e+00,0.000000e+00,0.000000e+00,0.000000e+00,0.000000e+00,0.000000e+00,0.000000e+00,0.000000e+00,0.000000e+00,0.000000e+00,0.000000e+00,0.000000e+00,0.000000e+00,0.000000e+00,0.000000e+00,0.000000e+00,0.000000e+00,0.000000e+00,0.000000e+00,0.000000e+00,0.000000e+00,0.000000e+00,0.000000e+00,0.000000e+00,0.000000e+00,0.000000e+00,0.000000e+00,0.000000e+00,0.000000e+00,0.000000e+00,1.607508e+04,7.273406e+02,1.425747e-01,1.490056e-04,-4.679509e-01,1.136610e-03,0.000000e+00,0.000000e+00,0.000000e+00,0.000000e+00,0.000000e+00,0.000000e+00,0.000000e+00,0.000000e+00,0.000000e+00,0.000000e+00,0.000000e+00,0.000000e+00,0.000000e+00,0.000000e+00,0.000000e+00,0.000000e+00,0.000000e+00,0.000000e+00,0.000000e+00,0.000000e+00,0.000000e+00,9.597268e+03,6.175280e+03,5.159715e+04,5.675184e-01,4.428283e-03,-2.136832e+01,-1.011905e+00,-1.865066e-03,-2.380157e-01,1.259318e-03,2.339738e-03,2.608608e+01,-6.789265e-01,2.361014e-03,-1.377754e-03,6.188209e-02,-1.516271e-04,-5.587252e+00,8.774010e+01,-1.147761e+00,2.425784e+03,-4.068055e+04,-6.172696e+03,-3.315868e+04,2.648485e-02,2.032566e+01,8.455985e-04,-5.187545e+01,4.031699e+03,-4.670513e+01
3.670078e-03,1.606851e+04,1.218627e+04,5.722696e-01,-3.802028e-03,8.071127e+00,1.023906e-01,9.774000e-07,2.732757e+03,0.000000e+00,0.000000e+00,5.196595e+03,0.000000e+00,0.000000e+00,0.000000e+00,0.000000e+00,0.000000e+00,0.000000e+00,0.000000e+00,0.000000e+00,0.000000e+00,0.000000e+00,0.000000e+00,0.000000e+00,0.000000e+00,0.000000e+00,0.000000e+00,0.000000e+00,0.000000e+00,0.000000e+00,0.000000e+00,0.000000e+00,0.000000e+00,0.000000e+00,0.000000e+00,0.000000e+00,0.000000e+00,0.000000e+00,0.000000e+00,0.000000e+00,0.000000e+00,0.000000e+00,0.000000e+00,0.000000e+00,0.000000e+00,0.000000e+00,0.000000e+00,0.000000e+00,0.000000e+00,1.606851e+04,7.181484e+02,1.431303e-01,1.091771e-04,-4.559506e-01,1.136610e-03,0.000000e+00,0.000000e+00,0.000000e+00,0.000000e+00,0.000000e+00,0.000000e+00,0.000000e+00,0.000000e+00,0.000000e+00,0.000000e+00,0.000000e+00,0.000000e+00,0.000000e+00,0.000000e+00,0.000000e+00,0.000000e+00,0.000000e+00,0.000000e+00,0.000000e+00,0.000000e+00,0.000000e+00,1.843101e+04,9.135299e+03,5.644012e+04,5.696859e-01,4.385339e-03,-2.136871e+01,-1.013170e+00,-1.836667e-03,-2.377627e-01,1.259175e-03,2.294886e-03,2.609947e+01,-6.786364e-01,2.324479e-03,-1.379790e-03,6.273751e-02,-1.628515e-04,-5.563544e+00,8.733906e+01,-1.138516e+00,2.425397e+03,-4.070444e+04,-9.132061e+03,-4.322496e+04,2.623079e-02,2.036501e+01,1.105547e-03,-6.148787e+01,3.994621e+03,-1.011757e+02
3.680829e-03,1.606279e+04,1.217385e+04,5.719575e-01,-3.829440e-03,8.085298e+00,1.023906e-01,9.774000e-07,2.744288e+03,0.000000e+00,0.000000e+00,5.202881e+03,0.000000e+00,0.000000e+00,0.000000e+00,0.000000e+00,0.000000e+00,0.000000e+00,0.000000e+00,0.000000e+00,0.000000e+00,0.000000e+00,0.000000e+00,0.000000e+00,0.000000e+00,0.000000e+00,0.000000e+00,0.000000e+00,0.000000e+00,0.000000e+00,0.000000e+00,0.000000e+00,0.000000e+00,0.000000e+00,0.000000e+00,0.000000e+00,0.000000e+00,0.000000e+00,0.000000e+00,0.000000e+00,0.000000e+00,0.000000e+00,0.000000e+00,0.000000e+00,0.000000e+00,0.000000e+00,0.000000e+00,0.000000e+00,0.000000e+00,1.606279e+04,7.081861e+02,1.437238e-01,1.217459e-04,-4.428465e-01,1.136610e-03,0.000000e+00,0.000000e+00,0.000000e+00,0.000000e+00,0.000000e+00,0.000000e+00,0.000000e+00,0.000000e+00,0.000000e+00,0.000000e+00,0.000000e+00,0.000000e+00,0.000000e+00,0.000000e+00,0.000000e+00,0.000000e+00,0.000000e+00,0.000000e+00,0.000000e+00,0.000000e+00,0.000000e+00,3.288526e+04,-4.052034e+03,6.500312e+04,5.720315e-01,4.361134e-03,-2.136863e+01,-1.014490e+00,-1.805630e-03,-2.374918e-01,1.259024e-03,2.245312e-03,2.611361e+01,-6.782686e-01,2.290934e-03,-1.382102e-03,6.367393e-02,-1.752228e-04,-5.537471e+00,8.689587e+01,-1.151904e+00,2.424828e+03,-4.130623e+04,4.056373e+03,-6.000504e+04,2.586916e-02,2.040795e+01,1.121742e-03,-8.246026e+00,3.971204e+03,5.771504e+01
3.690603e-03,1.605886e+04,1.216155e+04,5.716367e-01,-3.857112e-03,8.097658e+00,1.023906e-01,9.774000e-07,2.754774e+03,0.000000e+00,0.000000e+00,5.208337e+03,0.000000e+00,0.000000e+00,0.000000e+00,0.000000e+00,0.000000e+00,0.000000e+00,0.000000e+00,0.000000e+00,0.000000e+00,0.000000e+00,0.000000e+00,0.000000e+00,0.000000e+00,0.000000e+00,0.000000e+00,0.000000e+00,0.000000e+00,0.000000e+00,0.000000e+00,0.000000e+00,0.000000e+00,0.000000e+00,0.000000e+00,0.000000e+00,0.000000e+00,0.000000e+00,0.000000e+00,0.000000e+00,0.000000e+00,0.000000e+00,0.000000e+00,0.000000e+00,0.000000e+00,0.000000e+00,0.000000e+00,0.000000e+00,0.000000e+00,1.605886e+04,6.993145e+02,1.442432e-01,1.088018e-04,-4.309736e-01,1.136610e-03,0.000000e+00,0.000000e+00,0.000000e+00,0.000000e+00,0.000000e+00,0.000000e+00,0.000000e+00,0.000000e+00,0.000000e+00,0.000000e+00,0.000000e+00,0.000000e+00,0.000000e+00,0.000000e+00,0.000000e+00,0.000000e+00,0.000000e+00,0.000000e+00,0.000000e+00,0.000000e+00,0.000000e+00,4.462713e+04,-1.102829e+03,7.413582e+04,5.741314e-01,4.335811e-03,-2.136807e+01,-1.015566e+00,-1.765147e-03,-2.372421e-01,1.258896e-03,2.200631e-03,2.612595e+01,-6.779000e-01,2.264754e-03,-1.384214e-03,6.452101e-02,-1.864490e-04,-5.513774e+00,8.647758e+01,-1.151551e+00,2.424168e+03,-4.371306e+04,1.108158e+03,-7.467836e+04,2.568889e-02,2.044690e+01,1.298142e-03,-6.969198e+00,3.975107e+03,3.726505e+01
3.700377e-03,1.605607e+04,1.214828e+04,5.713004e-01,-3.887153e-03,8.109530e+00,1.023906e-01,9.774000e-07,2.765262e+03,0.000000e+00,0.000000e+00,5.213608e+03,0.000000e+00,0.000000e+00,0.000000e+00,0.000000e+00,0.000000e+00,0.000000e+00,0.000000e+00,0.000000e+00,0.000000e+00,0.000000e+00,0.000000e+00,0.000000e+00,0.000000e+00,0.000000e+00,0.000000e+00,0.000000e+00,0.000000e+00,0.000000e+00,0.000000e+00,0.000000e+00,0.000000e+00,0.000000e+00,0.000000e+00,0.000000e+00,0.000000e+00,0.000000e+00,0.000000e+00,0.000000e+00,0.000000e+00,0.000000e+00,0.000000e+00,0.000000e+00,0.000000e+00,0.000000e+00,0.000000e+00,0.000000e+00,0.000000e+00,1.605607e+04,6.905869e+02,1.447549e-01,9.397592e-05,-4.191913e-01,1.136610e-03,0.000000e+00,0.000000e+00,0.000000e+00,0.000000e+00,0.000000e+00,0.000000e+00,0.000000e+00,0.000000e+00,0.000000e+00,0.000000e+00,0.000000e+00,0.000000e+00,0.000000e+00,0.000000e+00,0.000000e+00,0.000000e+00,0.000000e+00,0.000000e+00,0.000000e+00,0.000000e+00,0.000000e+00,5.446034e+04,9.603461e+02,8.075444e+04,5.761970e-01,4.324694e-03,-2.136712e+01,-1.016546e+00,-1.725097e-03,-2.370112e-01,1.258776e-03,2.156670e-03,2.613779e+01,-6.775201e-01,2.242940e-03,-1.386290e-03,6.536391e-02,-1.977204e-04,-5.490084e+00,8.604711e+01,-1.157321e+00,2.423386e+03,-4.483209e+04,-9.542207e+02,-8.647140e+04,2.554652e-02,2.048579e+01,1.413540e-03,-1.444722e+01,3.973155e+03,7.456108e+00
3.710151e-03,1.605438e+04,1.213415e+04,5.709286e-01,-3.919605e-03,8.120930e+00,1.023906e-01,9.774000e-07,2.775703e+03,0.000000e+00,0.000000e+00,5.218692e+03,0.000000e+00,0.000000e+00,0.000000e+00,0.000000e+00,0.000000e+00,0.000000e+00,0.000000e+00,0.000000e+00,0.000000e+00,0.000000e+00,0.000000e+00,0.000000e+00,0.000000e+00,0.000000e+00,0.000000e+00,0.000000e+00,0.000000e+00,0.000000e+00,0.000000e+00,0.000000e+00,0.000000e+00,0.000000e+00,0.000000e+00,0.000000e+00,0.000000e+00,0.000000e+00,0.000000e+00,0.000000e+00,0.000000e+00,0.000000e+00,0.000000e+00,0.000000e+00,0.000000e+00,0.000000e+00,0.000000e+00,0.000000e+00,0.000000e+00,1.605438e+04,6.820032e+02,1.452662e-01,8.474803e-05,-4.075100e-01,1.136610e-03,0.000000e+00,0.000000e+00,0.000000e+00,0.000000e+00,0.000000e+00,0.000000e+00,0.000000e+00,0.000000e+00,0.000000e+00,0.000000e+00,0.000000e+00,0.000000e+00,0.000000e+00,0.000000e+00,0.000000e+00,0.000000e+00,0.000000e+00,0.000000e+00,0.000000e+00,0.000000e+00,0.000000e+00,6.119344e+04,-4.138969e+02,8.472318e+04,5.782233e-01,4.308869e-03,-2.136582e+01,-1.017451e+00,-1.691390e-03,-2.367693e-01,1.258675e-03,2.113725e-03,2.614916e+01,-6.771131e-01,2.226480e-03,-1.388300e-03,6.620260e-02,-2.090410e-04,-5.466403e+00,8.561139e+01,-1.162357e+00,2.422501e+03,-4.511245e+04,4.205546e+02,-9.427362e+04,2.540740e-02,2.052445e+01,1.535089e-03,-1.179447e+01,3.949738e+03,9.346933e+00
3.720902e-03,1.605372e+04,1.211787e+04,5.704721e-01,-3.955018e-03,8.133056e+00,1.023906e-01,9.774000e-07,2.787135e+03,0.000000e+00,0.000000e+00,5.224053e+03,0.000000e+00,0.000000e+00,0.000000e+00,0.000000e+00,0.000000e+00,0.000000e+00,0.000000e+00,0.000000e+00,0.000000e+00,0.000000e+00,0.000000e+00,0.000000e+00,0.000000e+00,0.000000e+00,0.000000e+00,0.000000e+00,0.000000e+00,0.000000e+00,0.000000e+00,0.000000e+00,0.000000e+00,0.000000e+00,0.000000e+00,0.000000e+00,0.000000e+00,0.000000e+00,0.000000e+00,0.000000e+00,0.000000e+00,0.000000e+00,0.000000e+00,0.000000e+00,0.000000e+00,0.000000e+00,0.000000e+00,0.000000e+00,0.000000e+00,1.605372e+04,6.726089e+02,1.458237e-01,4.737638e-05,-3.948268e-01,1.136610e-03,0.000000e+00,0.000000e+00,0.000000e+00,0.000000e+00,0.000000e+00,0.000000e+00,0.000000e+00,0.000000e+00,0.000000e+00,0.000000e+00,0.000000e+00,0.000000e+00,0.000000e+00,0.000000e+00,0.000000e+00,0.000000e+00,0.000000e+00,0.000000e+00,0.000000e+00,0.000000e+00,0.000000e+00,7.130768e+04,2.590545e+03,9.128133e+04,5.804024e-01,4.285569e-03,-2.136404e+01,-1.018378e+00,-1.671715e-03,-2.365139e-01,1.258577e-03,2.068046e-03,2.616114e+01,-6.766410e-01,2.212709e-03,-1.390393e-03,6.712020e-02,-2.214934e-04,-5.440364e+00,8.512733e+01,-1.156572e+00,2.421426e+03,-4.605482e+04,-2.583064e+03,-1.062829e+05,2.528984e-02,2.056669e+01,1.721797e-03,-2.776054e+01,3.924369e+03,-1.744193e+01
3.730676e-03,1.605406e+04,1.210221e+04,5.700521e-01,-3.989557e-03,8.143521e+00,1.023906e-01,9.774000e-07,2.797451e+03,0.000000e+00,0.000000e+00,5.228790e+03,0.000000e+00,0.000000e+00,0.000000e+00,0.000000e+00,0.000000e+00,0.000000e+00,0.000000e+00,0.000000e+00,0.000000e+00,0.000000e+00,0.000000e+00,0.000000e+00,0.000000e+00,0.000000e+00,0.000000e+00,0.000000e+00,0.000000e+00,0.000000e+00,0.000000e+00,0.000000e+00,0.000000e+00,0.000000e+00,0.000000e+00,0.000000e+00,0.000000e+00,0.000000e+00,0.000000e+00,0.000000e+00,0.000000e+00,0.000000e+00,0.000000e+00,0.000000e+00,0.000000e+00,0.000000e+00,0.000000e+00,0.000000e+00,0.000000e+00,1.605406e+04,6.640400e+02,1.463007e-01,3.217207e-05,-3.834380e-01,1.136610e-03,0.000000e+00,0.000000e+00,0.000000e+00,0.000000e+00,0.000000e+00,0.000000e+00,0.000000e+00,0.000000e+00,0.000000e+00,0.000000e+00,0.000000e+00,0.000000e+00,0.000000e+00,0.000000e+00,0.000000e+00,0.000000e+00,0.000000e+00,0.000000e+00,0.000000e+00,0.000000e+00,0.000000e+00,7.805130e+04,1.759451e+02,9.357413e+04,5.823282e-01,4.275313e-03,-2.136218e+01,-1.019153e+00,-1.654679e-03,-2.362876e-01,1.258494e-03,2.028490e-03,2.617159e+01,-6.761935e-01,2.203906e-03,-1.392140e-03,6.794989e-02,-2.328266e-04,-5.416702e+00,8.469115e+01,-1.159501e+00,2.420377e+03,-4.486554e+04,-1.679946e+02,-1.132926e+05,2.511972e-02,2.060474e+01,1.808308e-03,-1.784702e+01,3.879486e+03,5.898901e+00
3.740450e-03,1.605517e+04,1.208603e+04,5.696042e-01,-4.025456e-03,8.153576e+00,1.023906e-01,9.774000e-07,2.807699e+03,0.000000e+00,0.000000e+00,5.233352e+03,0.000000e+00,0.000000e+00,0.000000e+00,0.000000e+00,0.000000e+00,0.000000e+00,0.000000e+00,0.000000e+00,0.000000e+00,0.000000e+00,0.000000e+00,0.000000e+00,0.000000e+00,0.000000e+00,0.000000e+00,0.000000e+00,0.000000e+00,0.000000e+00,0.000000e+00,0.000000e+00,0.000000e+00,0.000000e+00,0.000000e+00,0.000000e+00,0.000000e+00,0.000000e+00,0.000000e+00,0.000000e+00,0.000000e+00,0.000000e+00,0.000000e+00,0.000000e+00,0.000000e+00,0.000000e+00,0.000000e+00,0.000000e+00,0.000000e+00,1.605517e+04,6.555611e+02,1.467423e-01,-5.726644e-06,-3.721963e-01,1.136610e-03,0.000000e+00,0.000000e+00,0.000000e+00,0.000000e+00,0.000000e+00,0.000000e+00,0.000000e+00,0.000000e+00,0.000000e+00,0.000000e+00,0.000000e+00,0.000000e+00,0.000000e+00,0.000000e+00,0.000000e+00,0.000000e+00,0.000000e+00,0.000000e+00,0.000000e+00,0.000000e+00,0.000000e+00,8.373677e+04,-5.027607e+02,9.576525e+04,5.841942e-01,4.257767e-03,-2.136006e+01,-1.019852e+00,-1.637649e-03,-2.360659e-01,1.258423e-03,1.990680e-03,2.618162e+01,-6.757219e-01,2.199101e-03,-1.393730e-03,6.877535e-02,-2.441302e-04,-5.393052e+00,8.426059e+01,-1.157983e+00,2.419253e+03,-4.409557e+04,5.111298e+02,-1.193248e+05,2.497295e-02,2.064247e+01,1.923420e-03,-2.321541e+01,3.852165e+03,2.553264e+01
3.750224e-03,1.605697e+04,1.206938e+04,5.691385e-01,-4.061206e-03,8.163225e+00,1.023906e-01,9.774000e-07,2.817922e+03,0.000000e+00,0.000000e+00,5.237720e+03,0.000000e+00,0.000000e+00,0.000000e+00,0.000000e+00,0.000000e+00,0.000000e+00,0.000000e+00,0.000000e+00,0.000000e+00,0.000000e+00,0.000000e+00,0.000000e+00,0.000000e+00,0.000000e+00,0.000000e+00,0.000000e+00,0.000000e+00,0.000000e+00,0.000000e+00,0.000000e+00,0.000000e+00,0.000000e+00,0.000000e+00,0.000000e+00,0.000000e+00,0.000000e+00,0.000000e+00,0.000000e+00,0.000000e+00,0.000000e+00,0.000000e+00,0.000000e+00,0.000000e+00,0.000000e+00,0.000000e+00,0.000000e+00,0.000000e+00,1.605697e+04,6.471851e+02,1.471599e-01,-3.595790e-05,-3.611228e-01,1.136610e-03,0.000000e+00,0.000000e+00,0.000000e+00,0.000000e+00,0.000000e+00,0.000000e+00,0.000000e+00,0.000000e+00,0.000000e+00,0.000000e+00,0.000000e+00,0.000000e+00,0.000000e+00,0.000000e+00,0.000000e+00,0.000000e+00,0.000000e+00,0.000000e+00,0.000000e+00,0.000000e+00,0.000000e+00,9.102197e+04,-2.463388e+03,9.928683e+04,5.860027e-01,4.237581e-03,-2.135768e+01,-1.020484e+00,-1.623854e-03,-2.358498e-01,1.258356e-03,1.955066e-03,2.619124e+01,-6.752342e-01,2.196762e-03,-1.395132e-03,6.959661e-02,-2.554322e-04,-5.369412e+00,8.383213e+01,-1.155443e+00,2.418060e+03,-4.373254e+04,2.472313e+03,-1.273982e+05,2.477405e-02,2.068002e+01,2.066324e-03,-2.405393e+01,3.834602e+03,4.710116e+01
3.760976e-03,1.605968e+04,1.205060e+04,5.686042e-01,-4.100771e-03,8.173406e+00,1.023906e-01,9.774000e-07,2.829127e+03,0.000000e+00,0.000000e+00,5.242328e+03,0.000000e+00,0.000000e+00,0.000000e+00,0.000000e+00,0.000000e+00,0.000000e+00,0.000000e+00,0.000000e+00,0.000000e+00,0.000000e+00,0.000000e+00,0.000000e+00,0.000000e+00,0.000000e+00,0.000000e+00,0.000000e+00,0.000000e+00,0.000000e+00,0.000000e+00,0.000000e+00,0.000000e+00,0.000000e+00,0.000000e+00,0.000000e+00,0.000000e+00,0.000000e+00,0.000000e+00,0.000000e+00,0.000000e+00,0.000000e+00,0.000000e+00,0.000000e+00,0.000000e+00,0.000000e+00,0.000000e+00,0.000000e+00,0.000000e+00,1.605968e+04,6.381761e+02,1.475693e-01,-8.784130e-05,-3.490491e-01,1.136610e-03,0.000000e+00,0.000000e+00,0.000000e+00,0.000000e+00,0.000000e+00,0.000000e+00,0.000000e+00,0.000000e+00,0.000000e+00,0.000000e+00,0.000000e+00,0.000000e+00,0.000000e+00,0.000000e+00,0.000000e+00,0.000000e+00,0.000000e+00,0.000000e+00,0.000000e+00,0.000000e+00,0.000000e+00,9.696732e+04,-1.134144e+03,1.022791e+05,5.879293e-01,4.219808e-03,-2.135478e+01,-1.021132e+00,-1.611753e-03,-2.356135e-01,1.258287e-03,1.918744e-03,2.620140e+01,-6.746771e-01,2.197213e-03,-1.396423e-03,7.049516e-02,-2.678091e-04,-5.343422e+00,8.336094e+01,-1.149378e+00,2.416661e+03,-4.355048e+04,1.143541e+03,-1.340411e+05,2.452196e-02,2.072112e+01,2.275097e-03,-2.689916e+01,3.803379e+03,2.637580e+01
3.770750e-03,1.606280e+04,1.203310e+04,5.680866e-01,-4.122436e-03,8.182356e+00,1.023906e-01,9.774000e-07,2.839280e+03,0.000000e+00,0.000000e+00,5.246313e+03,0.000000e+00,0.000000e+00,0.000000e+00,0.000000e+00,0.000000e+00,0.000000e+00,0.000000e+00,0.000000e+00,0.000000e+00,0.000000e+00,0.000000e+00,0.000000e+00,0.000000e+00,0.000000e+00,0.000000e+00,0.000000e+00,0.000000e+00,0.000000e+00,0.000000e+00,0.000000e+00,0.000000e+00,0.000000e+00,0.000000e+00,0.000000e+00,0.000000e+00,0.000000e+00,0.000000e+00,0.000000e+00,0.000000e+00,0.000000e+00,0.000000e+00,0.000000e+00,0.000000e+00,0.000000e+00,0.000000e+00,0.000000e+00,0.000000e+00,1.606280e+04,6.301887e+02,1.479169e-01,-1.217793e-04,-3.381509e-01,1.136609e-03,0.000000e+00,0.000000e+00,0.000000e+00,0.000000e+00,0.000000e+00,0.000000e+00,0.000000e+00,0.000000e+00,0.000000e+00,0.000000e+00,0.000000e+00,0.000000e+00,0.000000e+00,0.000000e+00,0.000000e+00,0.000000e+00,0.000000e+00,0.000000e+00,0.000000e+00,0.000000e+00,0.000000e+00,1.030566e+05,-5.080292e+02,1.055717e+05,5.896263e-01,4.205052e-03,-2.135186e+01,-1.021685e+00,-1.602527e-03,-2.353987e-01,1.258229e-03,1.888258e-03,2.621033e+01,-6.741405e-01,2.186326e-03,-1.397348e-03,7.130762e-02,-2.790251e-04,-5.319809e+00,8.293126e+01,-1.144069e+00,2.415308e+03,-4.356368e+04,5.179217e+02,-1.409547e+05,2.431423e-02,2.075827e+01,2.445191e-03,-2.062936e+01,3.785816e+03,1.885037e+01
3.780524e-03,1.606652e+04,1.201526e+04,5.675551e-01,-4.154344e-03,8.190932e+00,1.023906e-01,9.774000e-07,2.849394e+03,0.000000e+00,0.000000e+00,5.250099e+03,0.000000e+00,0.000000e+00,0.000000e+00,0.000000e+00,0.000000e+00,0.000000e+00,0.000000e+00,0.000000e+00,0.000000e+00,0.000000e+00,0.000000e+00,0.000000e+00,0.000000e+00,0.000000e+00,0.000000e+00,0.000000e+00,0.000000e+00,0.000000e+00,0.000000e+00,0.000000e+00,0.000000e+00,0.000000e+00,0.000000e+00,0.000000e+00,0.000000e+00,0.000000e+00,0.000000e+00,0.000000e+00,0.000000e+00,0.000000e+00,0.000000e+00,0.000000e+00,0.000000e+00,0.000000e+00,0.000000e+00,0.000000e+00,0.000000e+00,1.606652e+04,6.223970e+02,1.482485e-01,-1.502431e-04,-3.273703e-01,1.136609e-03,0.000000e+00,0.000000e+00,0.000000e+00,0.000000e+00,0.000000e+00,0.000000e+00,0.000000e+00,0.000000e+00,0.000000e+00,0.000000e+00,0.000000e+00,0.000000e+00,0.000000e+00,0.000000e+00,0.000000e+00,0.000000e+00,0.000000e+00,0.000000e+00,0.000000e+00,0.000000e+00,0.000000e+00,1.099298e+05,-2.415504e+01,1.099096e+05,5.912693e-01,4.196915e-03,-2.134871e+01,-1.022207e+00,-1.595598e-03,-2.351895e-01,1.258176e-03,1.860434e-03,2.621889e+01,-6.735910e-01,2.188447e-03,-1.398006e-03,7.211589e-02,-2.902021e-04,-5.296210e+00,8.250240e+01,-1.140705e+00,2.413886e+03,-4.412424e+04,3.462351e+01,-1.490561e+05,2.412774e-02,2.079523e+01,2.587817e-03,-2.020424e+01,3.770178e+03,1.135869e+01
3.790298e-03,1.607082e+04,1.199706e+04,5.669938e-01,-4.177324e-03,8.199262e+00,1.023906e-01,9.774000e-07,2.859476e+03,0.000000e+00,0.000000e+00,5.253672e+03,0.000000e+00,0.000000e+00,0.000000e+00,0.000000e+00,0.000000e+00,0.000000e+00,0.000000e+00,0.000000e+00,0.000000e+00,0.000000e+00,0.000000e+00,0.000000e+00,0.000000e+00,0.000000e+00,0.000000e+00,0.000000e+00,0.000000e+00,0.000000e+00,0.000000e+00,0.000000e+00,0.000000e+00,0.000000e+00,0.000000e+00,0.000000e+00,0.000000e+00,0.000000e+00,0.000000e+00,0.000000e+00,0.000000e+00,0.000000e+00,0.000000e+00,0.000000e+00,0.000000e+00,0.000000e+00,0.000000e+00,0.000000e+00,0.000000e+00,1.607082e+04,6.147961e+02,1.485269e-01,-1.770249e-04,-3.166074e-01,1.136610e-03,0.000000e+00,0.000000e+00,0.000000e+00,0.000000e+00,0.000000e+00,0.000000e+00,0.000000e+00,0.000000e+00,0.000000e+00,0.000000e+00,0.000000e+00,0.000000e+00,0.000000e+00,0.000000e+00,0.000000e+00,0.000000e+00,0.000000e+00,0.000000e+00,0.000000e+00,0.000000e+00,0.000000e+00,1.213331e+05,1.824940e+02,1.183067e+05,5.928648e-01,4.182617e-03,-2.134532e+01,-1.022770e+00,-1.591254e-03,-2.349813e-01,1.258126e-03,1.835355e-03,2.622720e+01,-6.730139e-01,2.184690e-03,-1.398364e-03,7.291995e-02,-3.013349e-04,-5.272624e+00,8.207269e+01,-1.136373e+00,2.412401e+03,-4.609463e+04,-1.710299e+02,-1.630751e+05,2.405100e-02,2.083199e+01,2.699038e-03,-9.951640e+00,3.770204e+03,4.856951e+00
3.800072e-03,1.607565e+04,1.197850e+04,5.664183e-01,-4.209395e-03,8.207288e+00,1.023906e-01,9.774326e-07,2.869546e+03,0.000000e+00,0.000000e+00,5.257103e+03,0.000000e+00,0.000000e+00,0.000000e+00,0.000000e+00,0.000000e+00,0.000000e+00,0.000000e+00,0.000000e+00,0.000000e+00,0.000000e+00,0.000000e+00,0.000000e+00,0.000000e+00,0.000000e+00,0.000000e+00,0.000000e+00,0.000000e+00,0.000000e+00,0.000000e+00,0.000000e+00,0.000000e+00,0.000000e+00,0.000000e+00,0.000000e+00,0.000000e+00,0.000000e+00,0.000000e+00,0.000000e+00,0.000000e+00,0.000000e+00,0.000000e+00,0.000000e+00,0.000000e+00,0.000000e+00,0.000000e+00,0.000000e+00,0.000000e+00,1.607565e+04,6.074261e+02,1.487884e-01,-2.109543e-04,-3.059024e-01,1.136610e-03,0.000000e+00,0.000000e+00,0.000000e+00,0.000000e+00,0.000000e+00,0.000000e+00,0.000000e+00,0.000000e+00,0.000000e+00,0.000000e+00,0.000000e+00,0.000000e+00,0.000000e+00,0.000000e+00,0.000000e+00,0.000000e+00,0.000000e+00,0.000000e+00,0.000000e+00,0.000000e+00,0.000000e+00,1.242000e+05,-2.809705e+02,1.192108e+05,5.944176e-01,4.168971e-03,-2.134171e+01,-1.023295e+00,-1.586847e-03,-2.347826e-01,1.258078e-03,1.813065e-03,2.623522e+01,-6.724231e-01,2.192620e-03,-1.398382e-03,7.371978e-02,-3.124298e-04,-5.249053e+00,8.163830e+01,-1.132801e+00,2.410842e+03,-4.555540e+04,2.926654e+02,-1.660168e+05,2.395804e-02,2.086864e+01,2.815524e-03,-9.057710e+00,3.754530e+03,9.480057e+00
3.810824e-03,1.608160e+04,1.195773e+04,5.657620e-01,-4.239490e-03,8.215924e+00,1.023906e-01,9.774000e-07,2.880604e+03,0.000000e+00,0.000000e+00,5.260617e+03,0.000000e+00,0.000000e+00,0.000000e+00,0.000000e+00,0.000000e+00,0.000000e+00,0.000000e+00,0.000000e+00,0.000000e+00,0.000000e+00,0.000000e+00,0.000000e+00,0.000000e+00,0.000000e+00,0.000000e+00,0.000000e+00,0.000000e+00,0.000000e+00,0.000000e+00,0.000000e+00,0.000000e+00,0.000000e+00,0.000000e+00,0.000000e+00,0.000000e+00,0.000000e+00,0.000000e+00,0.000000e+00,0.000000e+00,0.000000e+00,0.000000e+00,0.000000e+00,0.000000e+00,0.000000e+00,0.000000e+00,0.000000e+00,0.000000e+00,1.608160e+04,5.996843e+02,1.490808e-01,-2.478436e-04,-2.940595e-01,1.136610e-03,0.000000e+00,0.000000e+00,0.000000e+00,0.000000e+00,0.000000e+00,0.000000e+00,0.000000e+00,0.000000e+00,0.000000e+00,0.000000e+00,0.000000e+00,0.000000e+00,0.000000e+00,0.000000e+00,0.000000e+00,0.000000e+00,0.000000e+00,0.000000e+00,0.000000e+00,0.000000e+00,0.000000e+00,1.290557e+05,3.384985e+02,1.213870e+05,5.960778e-01,4.148023e-03,-2.133742e+01,-1.023803e+00,-1.581287e-03,-2.345701e-01,1.258032e-03,1.791805e-03,2.624384e+01,-6.717514e-01,2.199801e-03,-1.397951e-03,7.459466e-02,-3.245680e-04,-5.223144e+00,8.115289e+01,-1.125682e+00,2.409034e+03,-4.519113e+04,-3.264041e+02,-1.713124e+05,2.389448e-02,2.090883e+01,2.992727e-03,-8.074512e+00,3.727272e+03,2.764239e+00
3.820606e-03,1.608748e+04,1.193852e+04,5.651505e-01,-4.276085e-03,8.223557e+00,1.023906e-01,9.836957e-07,2.890609e+03,0.000000e+00,0.000000e+00,5.263726e+03,0.000000e+00,0.000000e+00,0.000000e+00,0.000000e+00,0.000000e+00,0.000000e+00,0.000000e+00,0.000000e+00,0.000000e+00,0.000000e+00,0.000000e+00,0.000000e+00,0.000000e+00,0.000000e+00,0.000000e+00,0.000000e+00,0.000000e+00,0.000000e+00,0.000000e+00,0.000000e+00,0.000000e+00,0.000000e+00,0.000000e+00,0.000000e+00,0.000000e+00,0.000000e+00,0.000000e+00,0.000000e+00,0.000000e+00,0.000000e+00,0.000000e+00,0.000000e+00,0.000000e+00,0.000000e+00,0.000000e+00,0.000000e+00,0.000000e+00,1.608748e+04,5.928087e+02,1.493272e-01,-3.073644e-04,-2.832920e-01,1.136610e-03,0.000000e+00,0.000000e+00,0.000000e+00,0.000000e+00,0.000000e+00,0.000000e+00,0.000000e+00,0.000000e+00,0.000000e+00,0.000000e+00,0.000000e+00,0.000000e+00,0.000000e+00,0.000000e+00,0.000000e+00,0.000000e+00,0.000000e+00,0.000000e+00,0.000000e+00,0.000000e+00,0.000000e+00,1.336865e+05,-2.806974e+03,1.253633e+05,5.975630e-01,4.086094e-03,-2.133335e+01,-1.024219e+00,-1.570200e-03,-2.343750e-01,1.257991e-03,1.775107e-03,2.625147e+01,-6.711262e-01,2.217851e-03,-1.397113e-03,7.538611e-02,-3.355438e-04,-5.199587e+00,8.070676e+01,-1.111890e+00,2.407340e+03,-4.651552e+04,2.819522e+03,-1.772689e+05,2.381759e-02,2.094512e+01,3.107360e-03,-3.063863e+00,3.695844e+03,5.822144e+00
3.830445e-03,1.609382e+04,1.191896e+04,5.644977e-01,-4.310979e-03,8.231119e+00,1.023906e-01,9.841705e-07,2.900684e+03,0.000000e+00,0.000000e+00,5.266658e+03,0.000000e+00,0.000000e+00,0.000000e+00,0.000000e+00,0.000000e+00,0.000000e+00,0.000000e+00,0.000000e+00,0.000000e+00,0.000000e+00,0.000000e+00,0.000000e+00,0.000000e+00,0.000000e+00,0.000000e+00,0.000000e+00,0.000000e+00,0.000000e+00,0.000000e+00,0.000000e+00,0.000000e+00,0.000000e+00,0.000000e+00,0.000000e+00,0.000000e+00,0.000000e+00,0.000000e+00,0.000000e+00,0.000000e+00,0.000000e+00,0.000000e+00,0.000000e+00,0.000000e+00,0.000000e+00,0.000000e+00,0.000000e+00,0.000000e+00,1.609382e+04,5.861735e+02,1.495530e-01,-3.333106e-04,-2.723858e-01,1.136610e-03,0.000000e+00,0.000000e+00,0.000000e+00,0.000000e+00,0.000000e+00,0.000000e+00,0.000000e+00,0.000000e+00,0.000000e+00,0.000000e+00,0.000000e+00,0.000000e+00,0.000000e+00,0.000000e+00,0.000000e+00,0.000000e+00,0.000000e+00,0.000000e+00,0.000000e+00,0.000000e+00,0.000000e+00,1.362028e+05,1.860818e+03,1.253539e+05,5.990014e-01,4.108644e-03,-2.132901e+01,-1.024589e+00,-1.558752e-03,-2.342029e-01,1.257952e-03,1.760865e-03,2.625903e+01,-6.704587e-01,2.237368e-03,-1.395898e-03,7.617777e-02,-3.464781e-04,-5.175911e+00,8.025744e+01,-1.120503e+00,2.405569e+03,-4.534529e+04,-1.848091e+03,-1.794677e+05,2.398861e-02,2.098159e+01,2.873929e-03,4.220606e+01,3.692027e+03,-6.008496e+01
3.840289e-03,1.610052e+04,1.189908e+04,5.637919e-01,-4.351574e-03,8.238513e+00,1.023906e-01,9.846447e-07,2.910706e+03,0.000000e+00,0.000000e+00,5.269614e+03,0.000000e+00,0.000000e+00,0.000000e+00,0.000000e+00,0.000000e+00,0.000000e+00,0.000000e+00,0.000000e+00,0.000000e+00,0.000000e+00,0.000000e+00,0.000000e+00,0.000000e+00,0.000000e+00,0.000000e+00,0.000000e+00,0.000000e+00,0.000000e+00,0.000000e+00,0.000000e+00,0.000000e+00,0.000000e+00,0.000000e+00,0.000000e+00,0.000000e+00,0.000000e+00,0.000000e+00,0.000000e+00,0.000000e+00,0.000000e+00,0.000000e+00,0.000000e+00,0.000000e+00,0.000000e+00,0.000000e+00,0.000000e+00,0.000000e+00,1.610052e+04,5.794376e+02,1.497499e-01,-3.369949e-04,-2.615370e-01,1.136610e-03,0.000000e+00,0.000000e+00,0.000000e+00,0.000000e+00,0.000000e+00,0.000000e+00,0.000000e+00,0.000000e+00,0.000000e+00,0.000000e+00,0.000000e+00,0.000000e+00,0.000000e+00,0.000000e+00,0.000000e+00,0.000000e+00,0.000000e+00,0.000000e+00,0.000000e+00,0.000000e+00,0.000000e+00,1.412847e+05,6.211028e+03,1.305764e+05,6.004270e-01,4.117034e-03,-2.132467e+01,-1.024889e+00,-1.539895e-03,-2.340318e-01,1.257919e-03,1.748938e-03,2.626641e+01,-6.697408e-01,2.263820e-03,-1.394474e-03,7.696538e-02,-3.574716e-04,-5.152240e+00,7.981331e+01,-1.127090e+00,2.403804e+03,-4.755534e+04,-6.197762e+03,-1.864141e+05,2.437814e-02,2.101782e+01,2.441187e-03,7.192576e+01,3.674753e+03,-9.604848e+01
3.850107e-03,1.610751e+04,1.187908e+04,5.630436e-01,-4.389320e-03,8.245801e+00,1.023906e-01,9.850380e-07,2.920706e+03,0.000000e+00,0.000000e+00,5.272437e+03,0.000000e+00,0.000000e+00,0.000000e+00,0.000000e+00,0.000000e+00,0.000000e+00,0.000000e+00,0.000000e+00,0.000000e+00,0.000000e+00,0.000000e+00,0.000000e+00,0.000000e+00,0.000000e+00,0.000000e+00,0.000000e+00,0.000000e+00,0.000000e+00,0.000000e+00,0.000000e+00,0.000000e+00,0.000000e+00,0.000000e+00,0.000000e+00,0.000000e+00,0.000000e+00,0.000000e+00,0.000000e+00,0.000000e+00,0.000000e+00,0.000000e+00,0.000000e+00,0.000000e+00,0.000000e+00,0.000000e+00,0.000000e+00,0.000000e+00,1.610751e+04,5.731317e+02,1.499780e-01,-3.441954e-04,-2.505779e-01,1.136610e-03,0.000000e+00,0.000000e+00,0.000000e+00,0.000000e+00,0.000000e+00,0.000000e+00,0.000000e+00,0.000000e+00,0.000000e+00,0.000000e+00,0.000000e+00,0.000000e+00,0.000000e+00,0.000000e+00,0.000000e+00,0.000000e+00,0.000000e+00,0.000000e+00,0.000000e+00,0.000000e+00,0.000000e+00,1.418352e+05,5.446654e+03,1.302762e+05,6.018646e-01,4.087143e-03,-2.132000e+01,-1.025176e+00,-1.519458e-03,-2.338717e-01,1.257890e-03,1.739226e-03,2.627370e+01,-6.689777e-01,2.291165e-03,-1.393063e-03,7.774644e-02,-3.686103e-04,-5.128649e+00,7.934012e+01,-1.128442e+00,2.401933e+03,-4.706779e+04,-5.433326e+03,-1.867455e+05,2.462016e-02,2.105392e+01,2.097796e-03,9.043107e+01,3.652506e+03,-1.227961e+02
3.860898e-03,1.611543e+04,1.185694e+04,5.621371e-01,-4.430431e-03,8.253712e+00,1.023906e-01,9.774000e-07,2.931701e+03,0.000000e+00,0.000000e+00,5.275439e+03,0.000000e+00,0.000000e+00,0.000000e+00,0.000000e+00,0.000000e+00,0.000000e+00,0.000000e+00,0.000000e+00,0.000000e+00,0.000000e+00,0.000000e+00,0.000000e+00,0.000000e+00,0.000000e+00,0.000000e+00,0.000000e+00,0.000000e+00,0.000000e+00,0.000000e+00,0.000000e+00,0.000000e+00,0.000000e+00,0.000000e+00,0.000000e+00,0.000000e+00,0.000000e+00,0.000000e+00,0.000000e+00,0.000000e+00,0.000000e+00,0.000000e+00,0.000000e+00,0.000000e+00,0.000000e+00,0.000000e+00,0.000000e+00,0.000000e+00,1.611543e+04,5.663570e+02,1.502030e-01,-4.135302e-04,-2.384910e-01,1.136610e-03,0.000000e+00,0.000000e+00,0.000000e+00,0.000000e+00,0.000000e+00,0.000000e+00,0.000000e+00,0.000000e+00,0.000000e+00,0.000000e+00,0.000000e+00,0.000000e+00,0.000000e+00,0.000000e+00,0.000000e+00,0.000000e+00,0.000000e+00,0.000000e+00,0.000000e+00,0.000000e+00,0.000000e+00,1.460265e+05,8.272621e+02,1.347588e+05,6.034367e-01,4.054198e-03,-2.131473e+01,-1.025454e+00,-1.504954e-03,-2.337173e-01,1.257862e-03,1.731064e-03,2.628161e+01,-6.680591e-01,2.323454e-03,-1.391720e-03,7.859947e-02,-3.808272e-04,-5.102743e+00,7.881268e+01,-1.128710e+00,2.399850e+03,-4.905900e+04,-8.134600e+02,-1.925536e+05,2.483473e-02,2.109352e+01,1.922998e-03,6.092569e+01,3.643360e+03,-1.138748e+02
3.870672e-03,1.612281e+04,1.183682e+04,5.612491e-01,-4.464523e-03,8.260871e+00,1.023906e-01,9.774000e-07,2.941581e+03,0.000000e+00,0.000000e+00,5.278132e+03,0.000000e+00,0.000000e+00,0.000000e+00,0.000000e+00,0.000000e+00,0.000000e+00,0.000000e+00,0.000000e+00,0.000000e+00,0.000000e+00,0.000000e+00,0.000000e+00,0.000000e+00,0.000000e+00,0.000000e+00,0.000000e+00,0.000000e+00,0.000000e+00,0.000000e+00,0.000000e+00,0.000000e+00,0.000000e+00,0.000000e+00,0.000000e+00,0.000000e+00,0.000000e+00,0.000000e+00,0.000000e+00,0.000000e+00,0.000000e+00,0.000000e+00,0.000000e+00,0.000000e+00,0.000000e+00,0.000000e+00,0.000000e+00,0.000000e+00,1.612281e+04,5.602748e+02,1.503603e-01,-4.740232e-04,-2.275194e-01,1.136610e-03,0.000000e+00,0.000000e+00,0.000000e+00,0.000000e+00,0.000000e+00,0.000000e+00,0.000000e+00,0.000000e+00,0.000000e+00,0.000000e+00,0.000000e+00,0.000000e+00,0.000000e+00,0.000000e+00,0.000000e+00,0.000000e+00,0.000000e+00,0.000000e+00,0.000000e+00,0.000000e+00,0.000000e+00,1.508002e+05,1.600824e+03,1.429613e+05,6.048623e-01,4.002080e-03,-2.130985e+01,-1.025664e+00,-1.493445e-03,-2.335844e-01,1.257844e-03,1.725641e-03,2.628876e+01,-6.671616e-01,2.349524e-03,-1.390751e-03,7.936722e-02,-3.918123e-04,-5.079295e+00,7.832535e+01,-1.115898e+00,2.397943e+03,-5.404410e+04,-1.586368e+03,-2.006438e+05,2.487669e-02,2.112905e+01,1.853419e-03,4.618118e+01,3.602380e+03,-8.789643e+01
3.880447e-03,1.613032e+04,1.181663e+04,5.603192e-01,-4.505418e-03,8.267977e+00,1.023906e-01,9.774000e-07,2.951448e+03,0.000000e+00,0.000000e+00,5.280759e+03,0.000000e+00,0.000000e+00,0.000000e+00,0.000000e+00,0.000000e+00,0.000000e+00,0.000000e+00,0.000000e+00,0.000000e+00,0.000000e+00,0.000000e+00,0.000000e+00,0.000000e+00,0.000000e+00,0.000000e+00,0.000000e+00,0.000000e+00,0.000000e+00,0.000000e+00,0.000000e+00,0.000000e+00,0.000000e+00,0.000000e+00,0.000000e+00,0.000000e+00,0.000000e+00,0.000000e+00,0.000000e+00,0.000000e+00,0.000000e+00,0.000000e+00,0.000000e+00,0.000000e+00,0.000000e+00,0.000000e+00,0.000000e+00,0.000000e+00,1.613032e+04,5.544359e+02,1.505060e-01,-4.710888e-04,-2.164905e-01,1.136610e-03,0.000000e+00,0.000000e+00,0.000000e+00,0.000000e+00,0.000000e+00,0.000000e+00,0.000000e+00,0.000000e+00,0.000000e+00,0.000000e+00,0.000000e+00,0.000000e+00,0.000000e+00,0.000000e+00,0.000000e+00,0.000000e+00,0.000000e+00,0.000000e+00,0.000000e+00,0.000000e+00,0.000000e+00,1.543190e+05,-7.941804e+02,1.430149e+05,6.062769e-01,4.061840e-03,-2.130482e+01,-1.025834e+00,-1.490428e-03,-2.334719e-01,1.257831e-03,1.722074e-03,2.629586e+01,-6.662197e-01,2.383005e-03,-1.390058e-03,8.013006e-02,-4.028343e-04,-5.055868e+00,7.782236e+01,-1.139690e+00,2.395987e+03,-5.245989e+04,8.088902e+02,-2.037536e+05,2.523423e-02,2.116444e+01,1.573085e-03,2.240654e+01,3.643222e+03,-6.396396e+01
3.890221e-03,1.613794e+04,1.179646e+04,5.593351e-01,-4.534035e-03,8.275054e+00,1.023906e-01,9.774000e-07,2.961249e+03,0.000000e+00,0.000000e+00,5.283328e+03,0.000000e+00,0.000000e+00,0.000000e+00,0.000000e+00,0.000000e+00,0.000000e+00,0.000000e+00,0.000000e+00,0.000000e+00,0.000000e+00,0.000000e+00,0.000000e+00,0.000000e+00,0.000000e+00,0.000000e+00,0.000000e+00,0.000000e+00,0.000000e+00,0.000000e+00,0.000000e+00,0.000000e+00,0.000000e+00,0.000000e+00,0.000000e+00,0.000000e+00,0.000000e+00,0.000000e+00,0.000000e+00,0.000000e+00,0.000000e+00,0.000000e+00,0.000000e+00,0.000000e+00,0.000000e+00,0.000000e+00,0.000000e+00,0.000000e+00,1.613794e+04,5.487910e+02,1.506120e-01,-4.649058e-04,-2.054386e-01,1.136610e-03,0.000000e+00,0.000000e+00,0.000000e+00,0.000000e+00,0.000000e+00,0.000000e+00,0.000000e+00,0.000000e+00,0.000000e+00,0.000000e+00,0.000000e+00,0.000000e+00,0.000000e+00,0.000000e+00,0.000000e+00,0.000000e+00,0.000000e+00,0.000000e+00,0.000000e+00,0.000000e+00,0.000000e+00,1.555192e+05,-2.767581e+03,1.442559e+05,6.076718e-01,4.072309e-03,-2.129973e+01,-1.025971e+00,-1.477586e-03,-2.333699e-01,1.257820e-03,1.720065e-03,2.630295e+01,-6.652303e-01,2.407908e-03,-1.389609e-03,8.088800e-02,-4.140128e-04,-5.032460e+00,7.731786e+01,-1.151953e+00,2.394017e+03,-5.302366e+04,2.782460e+03,-2.053884e+05,2.560679e-02,2.119958e+01,1.115556e-03,-3.312132e+01,3.592622e+03,4.892612e+01
3.900972e-03,1.614647e+04,1.177432e+04,5.582389e-01,-4.559918e-03,8.282794e+00,1.023906e-01,9.774000e-07,2.971978e+03,0.000000e+00,0.000000e+00,5.286051e+03,0.000000e+00,0.000000e+00,0.000000e+00,0.000000e+00,0.000000e+00,0.000000e+00,0.000000e+00,0.000000e+00,0.000000e+00,0.000000e+00,0.000000e+00,0.000000e+00,0.000000e+00,0.000000e+00,0.000000e+00,0.000000e+00,0.000000e+00,0.000000e+00,0.000000e+00,0.000000e+00,0.000000e+00,0.000000e+00,0.000000e+00,0.000000e+00,0.000000e+00,0.000000e+00,0.000000e+00,0.000000e+00,0.000000e+00,0.000000e+00,0.000000e+00,0.000000e+00,0.000000e+00,0.000000e+00,0.000000e+00,0.000000e+00,0.000000e+00,1.614647e+04,5.427124e+02,1.507009e-01,-4.801492e-04,-1.932815e-01,1.136610e-03,0.000000e+00,0.000000e+00,0.000000e+00,0.000000e+00,0.000000e+00,0.000000e+00,0.000000e+00,0.000000e+00,0.000000e+00,0.000000e+00,0.000000e+00,0.000000e+00,0.000000e+00,0.000000e+00,0.000000e+00,0.000000e+00,0.000000e+00,0.000000e+00,0.000000e+00,0.000000e+00,0.000000e+00,1.537142e+05,5.409921e+03,1.410975e+05,6.091506e-01,4.107277e-03,-2.129403e+01,-1.026084e+00,-1.480872e-03,-2.332845e-01,1.257816e-03,1.719335e-03,2.631069e+01,-6.641247e-01,2.436439e-03,-1.389350e-03,8.171607e-02,-4.262717e-04,-5.006732e+00,7.676669e+01,-1.153194e+00,2.391828e+03,-5.114866e+04,-5.395226e+03,-2.022882e+05,2.561112e-02,2.123801e+01,1.231632e-03,5.845779e+01,3.481390e+03,-2.636496e+01
3.910746e-03,1.615429e+04,1.175430e+04,5.572102e-01,-4.580212e-03,8.289785e+00,1.023906e-01,9.774650e-07,2.981573e+03,0.000000e+00,0.000000e+00,5.288486e+03,0.000000e+00,0.000000e+00,0.000000e+00,0.000000e+00,0.000000e+00,0.000000e+00,0.000000e+00,0.000000e+00,0.000000e+00,0.000000e+00,0.000000e+00,0.000000e+00,0.000000e+00,0.000000e+00,0.000000e+00,0.000000e+00,0.000000e+00,0.000000e+00,0.000000e+00,0.000000e+00,0.000000e+00,0.000000e+00,0.000000e+00,0.000000e+00,0.000000e+00,0.000000e+00,0.000000e+00,0.000000e+00,0.000000e+00,0.000000e+00,0.000000e+00,0.000000e+00,0.000000e+00,0.000000e+00,0.000000e+00,0.000000e+00,0.000000e+00,1.615429e+04,5.373657e+02,1.507890e-01,-4.913784e-04,-1.822191e-01,1.136609e-03,0.000000e+00,0.000000e+00,0.000000e+00,0.000000e+00,0.000000e+00,0.000000e+00,0.000000e+00,0.000000e+00,0.000000e+00,0.000000e+00,0.000000e+00,0.000000e+00,0.000000e+00,0.000000e+00,0.000000e+00,0.000000e+00,0.000000e+00,0.000000e+00,0.000000e+00,0.000000e+00,0.000000e+00,1.529772e+05,3.500572e+03,1.392616e+05,6.104745e-01,4.091404e-03,-2.128884e+01,-1.026156e+00,-1.474865e-03,-2.332111e-01,1.257815e-03,1.719594e-03,2.631768e+01,-6.630958e-01,2.456266e-03,-1.389258e-03,8.246366e-02,-4.375097e-04,-4.983366e+00,7.626358e+01,-1.152551e+00,2.389842e+03,-4.992488e+04,-3.485948e+03,-2.007572e+05,2.573301e-02,2.127227e+01,1.186010e-03,4.268658e+01,3.485177e+03,-3.700190e+01
3.920521e-03,1.616217e+04,1.173436e+04,5.561639e-01,-4.597943e-03,8.296739e+00,1.023906e-01,9.774000e-07,2.991056e+03,0.000000e+00,0.000000e+00,5.290922e+03,0.000000e+00,0.000000e+00,0.000000e+00,0.000000e+00,0.000000e+00,0.000000e+00,0.000000e+00,0.000000e+00,0.000000e+00,0.000000e+00,0.000000e+00,0.000000e+00,0.000000e+00,0.000000e+00,0.000000e+00,0.000000e+00,0.000000e+00,0.000000e+00,0.000000e+00,0.000000e+00,0.000000e+00,0.000000e+00,0.000000e+00,0.000000e+00,0.000000e+00,0.000000e+00,0.000000e+00,0.000000e+00,0.000000e+00,0.000000e+00,0.000000e+00,0.000000e+00,0.000000e+00,0.000000e+00,0.000000e+00,0.000000e+00,0.000000e+00,1.616217e+04,5.321892e+02,1.508622e-01,-5.209305e-04,-1.711862e-01,1.136609e-03,0.000000e+00,0.000000e+00,0.000000e+00,0.000000e+00,0.000000e+00,0.000000e+00,0.000000e+00,0.000000e+00,0.000000e+00,0.000000e+00,0.000000e+00,0.000000e+00,0.000000e+00,0.000000e+00,0.000000e+00,0.000000e+00,0.000000e+00,0.000000e+00,0.000000e+00,0.000000e+00,0.000000e+00,1.516370e+05,6.004413e+02,1.403995e+05,6.117907e-01,4.075462e-03,-2.128362e+01,-1.026199e+00,-1.479105e-03,-2.331429e-01,1.257817e-03,1.720512e-03,2.632464e+01,-6.620476e-01,2.475141e-03,-1.389248e-03,8.320636e-02,-4.487377e-04,-4.960017e+00,7.575748e+01,-1.147464e+00,2.387856e+03,-5.160425e+04,-5.857952e+02,-2.001070e+05,2.566364e-02,2.130609e+01,1.319374e-03,-2.915743e-01,3.442361e+03,2.935229e+01
3.930295e-03,1.617009e+04,1.171453e+04,5.551078e-01,-4.612633e-03,8.303665e+00,1.023906e-01,9.774000e-07,3.000484e+03,0.000000e+00,0.000000e+00,5.293264e+03,0.000000e+00,0.000000e+00,0.000000e+00,0.000000e+00,0.000000e+00,0.000000e+00,0.000000e+00,0.000000e+00,0.000000e+00,0.000000e+00,0.000000e+00,0.000000e+00,0.000000e+00,0.000000e+00,0.000000e+00,0.000000e+00,0.000000e+00,0.000000e+00,0.000000e+00,0.000000e+00,0.000000e+00,0.000000e+00,0.000000e+00,0.000000e+00,0.000000e+00,0.000000e+00,0.000000e+00,0.000000e+00,0.000000e+00,0.000000e+00,0.000000e+00,0.000000e+00,0.000000e+00,0.000000e+00,0.000000e+00,0.000000e+00,0.000000e+00,1.617009e+04,5.270752e+02,1.509358e-01,-5.737597e-04,-1.602076e-01,1.136610e-03,0.000000e+00,0.000000e+00,0.000000e+00,0.000000e+00,0.000000e+00,0.000000e+00,0.000000e+00,0.000000e+00,0.000000e+00,0.000000e+00,0.000000e+00,0.000000e+00,0.000000e+00,0.000000e+00,0.000000e+00,0.000000e+00,0.000000e+00,0.000000e+00,0.000000e+00,0.000000e+00,0.000000e+00,1.524869e+05,2.030757e+03,1.418381e+05,6.130643e-01,4.058163e-03,-2.127842e+01,-1.026164e+00,-1.482700e-03,-2.330999e-01,1.257816e-03,1.721550e-03,2.633157e+01,-6.609910e-01,2.490462e-03,-1.389254e-03,8.394413e-02,-4.598924e-04,-4.936689e+00,7.525940e+01,-1.137654e+00,2.385891e+03,-5.250915e+04,-2.015952e+03,-2.015270e+05,2.553812e-02,2.133965e+01,1.558857e-03,6.561375e+00,3.432603e+03,-5.713570e-01
3.940069e-03,1.617801e+04,1.169484e+04,5.540348e-01,-4.624895e-03,8.310545e+00,1.023906e-01,9.774000e-07,3.009753e+03,0.000000e+00,0.000000e+00,5.295623e+03,0.000000e+00,0.000000e+00,0.000000e+00,0.000000e+00,0.000000e+00,0.000000e+00,0.000000e+00,0.000000e+00,0.000000e+00,0.000000e+00,0.000000e+00,0.000000e+00,0.000000e+00,0.000000e+00,0.000000e+00,0.000000e+00,0.000000e+00,0.000000e+00,0.000000e+00,0.000000e+00,0.000000e+00,0.000000e+00,0.000000e+00,0.000000e+00,0.000000e+00,0.000000e+00,0.000000e+00,0.000000e+00,0.000000e+00,0.000000e+00,0.000000e+00,0.000000e+00,0.000000e+00,0.000000e+00,0.000000e+00,0.000000e+00,0.000000e+00,1.617801e+04,5.220839e+02,1.510193e-01,-5.986947e-04,-1.492416e-01,1.136610e-03,0.000000e+00,0.000000e+00,0.000000e+00,0.000000e+00,0.000000e+00,0.000000e+00,0.000000e+00,0.000000e+00,0.000000e+00,0.000000e+00,0.000000e+00,0.000000e+00,0.000000e+00,0.000000e+00,0.000000e+00,0.000000e+00,0.000000e+00,0.000000e+00,0.000000e+00,0.000000e+00,0.000000e+00,1.515981e+05,3.638915e+03,1.403650e+05,6.143414e-01,4.061047e-03,-2.127322e+01,-1.026044e+00,-1.485704e-03,-2.330569e-01,1.257816e-03,1.722555e-03,2.633844e+01,-6.599175e-01,2.503939e-03,-1.389259e-03,8.467700e-02,-4.709835e-04,-4.913380e+00,7.475097e+01,-1.134755e+00,2.383926e+03,-5.167587e+04,-3.624173e+03,-2.000351e+05,2.543186e-02,2.137264e+01,1.721050e-03,4.022010e+01,3.331128e+03,-4.996867e+01
3.950820e-03,1.618666e+04,1.167350e+04,5.528445e-01,-4.637161e-03,8.318076e+00,1.023906e-01,9.774000e-07,3.019743e+03,0.000000e+00,0.000000e+00,5.298185e+03,0.000000e+00,0.000000e+00,0.000000e+00,0.000000e+00,0.000000e+00,0.000000e+00,0.000000e+00,0.000000e+00,0.000000e+00,0.000000e+00,0.000000e+00,0.000000e+00,0.000000e+00,0.000000e+00,0.000000e+00,0.000000e+00,0.000000e+00,0.000000e+00,0.000000e+00,0.000000e+00,0.000000e+00,0.000000e+00,0.000000e+00,0.000000e+00,0.000000e+00,0.000000e+00,0.000000e+00,0.000000e+00,0.000000e+00,0.000000e+00,0.000000e+00,0.000000e+00,0.000000e+00,0.000000e+00,0.000000e+00,0.000000e+00,0.000000e+00,1.618666e+04,5.167135e+02,1.510779e-01,-5.986467e-04,-1.372755e-01,1.136610e-03,0.000000e+00,0.000000e+00,0.000000e+00,0.000000e+00,0.000000e+00,0.000000e+00,0.000000e+00,0.000000e+00,0.000000e+00,0.000000e+00,0.000000e+00,0.000000e+00,0.000000e+00,0.000000e+00,0.000000e+00,0.000000e+00,0.000000e+00,0.000000e+00,0.000000e+00,0.000000e+00,0.000000e+00,1.506010e+05,-1.408595e+03,1.384135e+05,6.157023e-01,4.067784e-03,-2.126758e+01,-1.025910e+00,-1.490756e-03,-2.330194e-01,1.257817e-03,1.723623e-03,2.634597e+01,-6.587263e-01,2.516909e-03,-1.389265e-03,8.547749e-02,-4.831749e-04,-4.887762e+00,7.420116e+01,-1.138865e+00,2.381800e+03,-5.047620e+04,1.423250e+03,-1.982197e+05,2.535299e-02,2.140813e+01,1.744978e-03,-5.245670e+01,3.241361e+03,6.221371e+01
3.960594e-03,1.619442e+04,1.165436e+04,5.517564e-01,-4.645431e-03,8.324874e+00,1.023906e-01,9.774000e-07,3.028724e+03,0.000000e+00,0.000000e+00,5.300464e+03,0.000000e+00,0.000000e+00,0.000000e+00,0.000000e+00,0.000000e+00,0.000000e+00,0.000000e+00,0.000000e+00,0.000000e+00,0.000000e+00,0.000000e+00,0.000000e+00,0.000000e+00,0.000000e+00,0.000000e+00,0.000000e+00,0.000000e+00,0.000000e+00,0.000000e+00,0.000000e+00,0.000000e+00,0.000000e+00,0.000000e+00,0.000000e+00,0.000000e+00,0.000000e+00,0.000000e+00,0.000000e+00,0.000000e+00,0.000000e+00,0.000000e+00,0.000000e+00,0.000000e+00,0.000000e+00,0.000000e+00,0.000000e+00,0.000000e+00,1.619442e+04,5.119387e+02,1.511201e-01,-6.185391e-04,-1.264815e-01,1.136610e-03,0.000000e+00,0.000000e+00,0.000000e+00,0.000000e+00,0.000000e+00,0.000000e+00,0.000000e+00,0.000000e+00,0.000000e+00,0.000000e+00,0.000000e+00,0.000000e+00,0.000000e+00,0.000000e+00,0.000000e+00,0.000000e+00,0.000000e+00,0.000000e+00,0.000000e+00,0.000000e+00,0.000000e+00,1.508372e+05,-3.041019e+03,1.375338e+05,6.169058e-01,4.039947e-03,-2.126247e+01,-1.025771e+00,-1.487586e-03,-2.330030e-01,1.257816e-03,1.724557e-03,2.635277e+01,-6.576378e-01,2.526246e-03,-1.389271e-03,8.620009e-02,-4.942800e-04,-4.864492e+00,7.370807e+01,-1.132157e+00,2.379887e+03,-4.963115e+04,3.055694e+03,-1.980002e+05,2.522706e-02,2.143994e+01,1.828370e-03,-4.865479e+01,3.249167e+03,4.300780e+01
3.970368e-03,1.620207e+04,1.163542e+04,5.506540e-01,-4.652779e-03,8.331636e+00,1.023906e-01,9.774000e-07,3.037625e+03,0.000000e+00,0.000000e+00,5.302743e+03,0.000000e+00,0.000000e+00,0.000000e+00,0.000000e+00,0.000000e+00,0.000000e+00,0.000000e+00,0.000000e+00,0.000000e+00,0.000000e+00,0.000000e+00,0.000000e+00,0.000000e+00,0.000000e+00,0.000000e+00,0.000000e+00,0.000000e+00,0.000000e+00,0.000000e+00,0.000000e+00,0.000000e+00,0.000000e+00,0.000000e+00,0.000000e+00,0.000000e+00,0.000000e+00,0.000000e+00,0.000000e+00,0.000000e+00,0.000000e+00,0.000000e+00,0.000000e+00,0.000000e+00,0.000000e+00,0.000000e+00,0.000000e+00,0.000000e+00,1.620207e+04,5.072531e+02,1.511495e-01,-6.201018e-04,-1.157356e-01,1.136610e-03,0.000000e+00,0.000000e+00,0.000000e+00,0.000000e+00,0.000000e+00,0.000000e+00,0.000000e+00,0.000000e+00,0.000000e+00,0.000000e+00,0.000000e+00,0.000000e+00,0.000000e+00,0.000000e+00,0.000000e+00,0.000000e+00,0.000000e+00,0.000000e+00,0.000000e+00,0.000000e+00,0.000000e+00,1.502971e+05,-5.892800e+02,1.388524e+05,6.181027e-01,4.052482e-03,-2.125735e+01,-1.025619e+00,-1.485775e-03,-2.329923e-01,1.257816e-03,1.725453e-03,2.635954e+01,-6.565351e-01,2.534223e-03,-1.389277e-03,8.691785e-02,-5.054035e-04,-4.841242e+00,7.321375e+01,-1.133990e+00,2.377975e+03,-5.108983e+04,6.040331e+02,-1.981389e+05,2.518918e-02,2.147144e+01,1.899675e-03,2.662855e+01,3.221846e+03,-4.066806e+01
3.980142e-03,1.620963e+04,1.161673e+04,5.495449e-01,-4.654796e-03,8.338367e+00,1.023906e-01,9.774000e-07,3.046431e+03,0.000000e+00,0.000000e+00,5.304974e+03,0.000000e+00,0.000000e+00,0.000000e+00,0.000000e+00,0.000000e+00,0.000000e+00,0.000000e+00,0.000000e+00,0.000000e+00,0.000000e+00,0.000000e+00,0.000000e+00,0.000000e+00,0.000000e+00,0.000000e+00,0.000000e+00,0.000000e+00,0.000000e+00,0.000000e+00,0.000000e+00,0.000000e+00,0.000000e+00,0.000000e+00,0.000000e+00,0.000000e+00,0.000000e+00,0.000000e+00,0.000000e+00,0.000000e+00,0.000000e+00,0.000000e+00,0.000000e+00,0.000000e+00,0.000000e+00,0.000000e+00,0.000000e+00,0.000000e+00,1.620963e+04,5.026929e+02,1.511548e-01,-6.034069e-04,-1.050574e-01,1.136609e-03,0.000000e+00,0.000000e+00,0.000000e+00,0.000000e+00,0.000000e+00,0.000000e+00,0.000000e+00,0.000000e+00,0.000000e+00,0.000000e+00,0.000000e+00,0.000000e+00,0.000000e+00,0.000000e+00,0.000000e+00,0.000000e+00,0.000000e+00,0.000000e+00,0.000000e+00,0.000000e+00,0.000000e+00,1.477101e+05,-1.843218e+03,1.377899e+05,6.192704e-01,4.083899e-03,-2.125225e+01,-1.025457e+00,-1.485375e-03,-2.329907e-01,1.257816e-03,1.726314e-03,2.636627e+01,-6.554249e-01,2.537046e-03,-1.389283e-03,8.763080e-02,-5.165493e-04,-4.818009e+00,7.272301e+01,-1.145115e+00,2.376073e+03,-5.142058e+04,1.857819e+03,-1.953463e+05,2.529056e-02,2.150257e+01,1.827591e-03,-7.260772e-01,3.167206e+03,-1.168036e+01
3.990893e-03,1.621784e+04,1.159641e+04,5.483088e-01,-4.662044e-03,8.345769e+00,1.023906e-01,9.774000e-07,3.056000e+03,0.000000e+00,0.000000e+00,5.307408e+03,0.000000e+00,0.000000e+00,0.000000e+00,0.000000e+00,0.000000e+00,0.000000e+00,0.000000e+00,0.000000e+00,0.000000e+00,0.000000e+00,0.000000e+00,0.000000e+00,0.000000e+00,0.000000e+00,0.000000e+00,0.000000e+00,0.000000e+00,0.000000e+00,0.000000e+00,0.000000e+00,0.000000e+00,0.000000e+00,0.000000e+00,0.000000e+00,0.000000e+00,0.000000e+00,0.000000e+00,0.000000e+00,0.000000e+00,0.000000e+00,0.000000e+00,0.000000e+00,0.000000e+00,0.000000e+00,0.000000e+00,0.000000e+00,0.000000e+00,1.621784e+04,4.978234e+02,1.511308e-01,-5.687848e-04,-9.336458e-02,1.136610e-03,0.000000e+00,0.000000e+00,0.000000e+00,0.000000e+00,0.000000e+00,0.000000e+00,0.000000e+00,0.000000e+00,0.000000e+00,0.000000e+00,0.000000e+00,0.000000e+00,0.000000e+00,0.000000e+00,0.000000e+00,0.000000e+00,0.000000e+00,0.000000e+00,0.000000e+00,0.000000e+00,0.000000e+00,1.467717e+05,1.986516e+03,1.353084e+05,6.205236e-01,4.140543e-03,-2.124663e+01,-1.025267e+00,-1.483153e-03,-2.330055e-01,1.257814e-03,1.727218e-03,2.637368e+01,-6.541868e-01,2.544717e-03,-1.389289e-03,8.840951e-02,-5.288655e-04,-4.792476e+00,7.218612e+01,-1.161901e+00,2.373989e+03,-4.972398e+04,-1.972027e+03,-1.933336e+05,2.544494e-02,2.153633e+01,1.586835e-03,3.798089e+00,3.118420e+03,-4.628980e+01
4.000667e-03,1.622526e+04,1.157808e+04,5.471813e-01,-4.660551e-03,8.352488e+00,1.023907e-01,9.774000e-07,3.064649e+03,0.000000e+00,0.000000e+00,5.309583e+03,0.000000e+00,0.000000e+00,0.000000e+00,0.000000e+00,0.000000e+00,0.000000e+00,0.000000e+00,0.000000e+00,0.000000e+00,0.000000e+00,0.000000e+00,0.000000e+00,0.000000e+00,0.000000e+00,0.000000e+00,0.000000e+00,0.000000e+00,0.000000e+00,0.000000e+00,0.000000e+00,0.000000e+00,0.000000e+00,0.000000e+00,0.000000e+00,0.000000e+00,0.000000e+00,0.000000e+00,0.000000e+00,0.000000e+00,0.000000e+00,0.000000e+00,0.000000e+00,0.000000e+00,0.000000e+00,0.000000e+00,0.000000e+00,0.000000e+00,1.622526e+04,4.934795e+02,1.510943e-01,-5.881488e-04,-8.273000e-02,1.136610e-03,0.000000e+00,0.000000e+00,0.000000e+00,0.000000e+00,0.000000e+00,0.000000e+00,0.000000e+00,0.000000e+00,0.000000e+00,0.000000e+00,0.000000e+00,0.000000e+00,0.000000e+00,0.000000e+00,0.000000e+00,0.000000e+00,0.000000e+00,0.000000e+00,0.000000e+00,0.000000e+00,0.000000e+00,1.470513e+05,5.813894e+03,1.350391e+05,6.216394e-01,4.121228e-03,-2.124147e+01,-1.025082e+00,-1.486517e-03,-2.330471e-01,1.257814e-03,1.728007e-03,2.638037e+01,-6.530467e-01,2.548020e-03,-1.389295e-03,8.911245e-02,-5.400970e-04,-4.769282e+00,7.170040e+01,-1.147853e+00,2.372096e+03,-4.939518e+04,-5.799353e+03,-1.934423e+05,2.520162e-02,2.156680e+01,1.960937e-03,4.680816e+01,3.102808e+03,-8.777458e+01
4.010441e-03,1.623264e+04,1.155982e+04,5.460369e-01,-4.669256e-03,8.359182e+00,1.023907e-01,9.774000e-07,3.073298e+03,0.000000e+00,0.000000e+00,5.311741e+03,0.000000e+00,0.000000e+00,0.000000e+00,0.000000e+00,0.000000e+00,0.000000e+00,0.000000e+00,0.000000e+00,0.000000e+00,0.000000e+00,0.000000e+00,0.000000e+00,0.000000e+00,0.000000e+00,0.000000e+00,0.000000e+00,0.000000e+00,0.000000e+00,0.000000e+00,0.000000e+00,0.000000e+00,0.000000e+00,0.000000e+00,0.000000e+00,0.000000e+00,0.000000e+00,0.000000e+00,0.000000e+00,0.000000e+00,0.000000e+00,0.000000e+00,0.000000e+00,0.000000e+00,0.000000e+00,0.000000e+00,0.000000e+00,0.000000e+00,1.623264e+04,4.892011e+02,1.510510e-01,-5.810703e-04,-7.210377e-02,1.136610e-03,0.000000e+00,0.000000e+00,0.000000e+00,0.000000e+00,0.000000e+00,0.000000e+00,0.000000e+00,0.000000e+00,0.000000e+00,0.000000e+00,0.000000e+00,0.000000e+00,0.000000e+00,0.000000e+00,0.000000e+00,0.000000e+00,0.000000e+00,0.000000e+00,0.000000e+00,0.000000e+00,0.000000e+00,1.496780e+05,3.315760e+02,1.380289e+05,6.227249e-01,4.110720e-03,-2.123628e+01,-1.024893e+00,-1.479815e-03,-2.331142e-01,1.257812e-03,1.728767e-03,2.638706e+01,-6.518956e-01,2.555290e-03,-1.389301e-03,8.981067e-02,-5.514012e-04,-4.746108e+00,7.122265e+01,-1.151495e+00,2.370205e+03,-5.082799e+04,-3.167021e+02,-1.971598e+05,2.526326e-02,2.159722e+01,1.886145e-03,5.814525e+01,3.091099e+03,1.334048e+01
4.020215e-03,1.623998e+04,1.154169e+04,5.448814e-01,-4.671593e-03,8.365812e+00,1.023907e-01,9.774000e-07,3.081860e+03,0.000000e+00,0.000000e+00,5.313888e+03,0.000000e+00,0.000000e+00,0.000000e+00,0.000000e+00,0.000000e+00,0.000000e+00,0.000000e+00,0.000000e+00,0.000000e+00,0.000000e+00,0.000000e+00,0.000000e+00,0.000000e+00,0.000000e+00,0.000000e+00,0.000000e+00,0.000000e+00,0.000000e+00,0.000000e+00,0.000000e+00,0.000000e+00,0.000000e+00,0.000000e+00,0.000000e+00,0.000000e+00,0.000000e+00,0.000000e+00,0.000000e+00,0.000000e+00,0.000000e+00,0.000000e+00,0.000000e+00,0.000000e+00,0.000000e+00,0.000000e+00,0.000000e+00,0.000000e+00,1.623998e+04,4.850254e+02,1.510132e-01,-5.772167e-04,-6.152796e-02,1.136610e-03,0.000000e+00,0.000000e+00,0.000000e+00,0.000000e+00,0.000000e+00,0.000000e+00,0.000000e+00,0.000000e+00,0.000000e+00,0.000000e+00,0.000000e+00,0.000000e+00,0.000000e+00,0.000000e+00,0.000000e+00,0.000000e+00,0.000000e+00,0.000000e+00,0.000000e+00,0.000000e+00,0.000000e+00,1.483490e+05,-2.847419e+02,1.364336e+05,6.238027e-01,4.124082e-03,-2.123113e+01,-1.024693e+00,-1.478639e-03,-2.331943e-01,1.257811e-03,1.729504e-03,2.639369e+01,-6.507407e-01,2.557608e-03,-1.389307e-03,9.050420e-02,-5.627135e-04,-4.722951e+00,7.074132e+01,-1.156738e+00,2.368325e+03,-5.009216e+04,2.995165e+02,-1.952237e+05,2.525647e-02,2.162730e+01,1.869051e-03,5.265870e+01,3.057925e+03,4.241882e+00
4.030967e-03,1.624798e+04,1.152202e+04,5.435969e-01,-4.678283e-03,8.373078e+00,1.023907e-01,9.774000e-07,3.091114e+03,0.000000e+00,0.000000e+00,5.316235e+03,0.000000e+00,0.000000e+00,0.000000e+00,0.000000e+00,0.000000e+00,0.000000e+00,0.000000e+00,0.000000e+00,0.000000e+00,0.000000e+00,0.000000e+00,0.000000e+00,0.000000e+00,0.000000e+00,0.000000e+00,0.000000e+00,0.000000e+00,0.000000e+00,0.000000e+00,0.000000e+00,0.000000e+00,0.000000e+00,0.000000e+00,0.000000e+00,0.000000e+00,0.000000e+00,0.000000e+00,0.000000e+00,0.000000e+00,0.000000e+00,0.000000e+00,0.000000e+00,0.000000e+00,0.000000e+00,0.000000e+00,0.000000e+00,0.000000e+00,1.624798e+04,4.805298e+02,1.509793e-01,-5.951080e-04,-4.998415e-02,1.136610e-03,0.000000e+00,0.000000e+00,0.000000e+00,0.000000e+00,0.000000e+00,0.000000e+00,0.000000e+00,0.000000e+00,0.000000e+00,0.000000e+00,0.000000e+00,0.000000e+00,0.000000e+00,0.000000e+00,0.000000e+00,0.000000e+00,0.000000e+00,0.000000e+00,0.000000e+00,0.000000e+00,0.000000e+00,1.445777e+05,-2.828586e+03,1.332870e+05,6.249683e-01,4.114597e-03,-2.122551e+01,-1.024469e+00,-1.479319e-03,-2.332799e-01,1.257809e-03,1.730290e-03,2.640096e+01,-6.494554e-01,2.564158e-03,-1.389313e-03,9.126167e-02,-5.751443e-04,-4.697501e+00,7.021432e+01,-1.154649e+00,2.366280e+03,-4.914659e+04,2.843051e+03,-1.904013e+05,2.520455e-02,2.165979e+01,1.940199e-03,-1.476929e+00,2.981818e+03,7.805508e+01
4.040741e-03,1.625517e+04,1.150437e+04,5.424313e-01,-4.681474e-03,8.379610e+00,1.023907e-01,9.774000e-07,3.099417e+03,0.000000e+00,0.000000e+00,5.318322e+03,0.000000e+00,0.000000e+00,0.000000e+00,0.000000e+00,0.000000e+00,0.000000e+00,0.000000e+00,0.000000e+00,0.000000e+00,0.000000e+00,0.000000e+00,0.000000e+00,0.000000e+00,0.000000e+00,0.000000e+00,0.000000e+00,0.000000e+00,0.000000e+00,0.000000e+00,0.000000e+00,0.000000e+00,0.000000e+00,0.000000e+00,0.000000e+00,0.000000e+00,0.000000e+00,0.000000e+00,0.000000e+00,0.000000e+00,0.000000e+00,0.000000e+00,0.000000e+00,0.000000e+00,0.000000e+00,0.000000e+00,0.000000e+00,0.000000e+00,1.625517e+04,4.765407e+02,1.509456e-01,-6.178916e-04,-3.958692e-02,1.136610e-03,0.000000e+00,0.000000e+00,0.000000e+00,0.000000e+00,0.000000e+00,0.000000e+00,0.000000e+00,0.000000e+00,0.000000e+00,0.000000e+00,0.000000e+00,0.000000e+00,0.000000e+00,0.000000e+00,0.000000e+00,0.000000e+00,0.000000e+00,0.000000e+00,0.000000e+00,0.000000e+00,0.000000e+00,1.434396e+05,-1.292301e+03,1.320305e+05,6.260023e-01,4.105877e-03,-2.122042e+01,-1.024262e+00,-1.480295e-03,-2.333762e-01,1.257808e-03,1.730983e-03,2.640748e+01,-6.482903e-01,2.566652e-03,-1.389319e-03,9.194539e-02,-5.864254e-04,-4.674383e+00,6.973975e+01,-1.149340e+00,2.364439e+03,-4.861707e+04,1.306689e+03,-1.887944e+05,2.512648e-02,2.168886e+01,2.057269e-03,-1.301793e+01,2.979866e+03,4.509492e+01
4.050515e-03,1.626227e+04,1.148692e+04,5.412580e-01,-4.686063e-03,8.386112e+00,1.023907e-01,9.774000e-07,3.107610e+03,0.000000e+00,0.000000e+00,5.320403e+03,0.000000e+00,0.000000e+00,0.000000e+00,0.000000e+00,0.000000e+00,0.000000e+00,0.000000e+00,0.000000e+00,0.000000e+00,0.000000e+00,0.000000e+00,0.000000e+00,0.000000e+00,0.000000e+00,0.000000e+00,0.000000e+00,0.000000e+00,0.000000e+00,0.000000e+00,0.000000e+00,0.000000e+00,0.000000e+00,0.000000e+00,0.000000e+00,0.000000e+00,0.000000e+00,0.000000e+00,0.000000e+00,0.000000e+00,0.000000e+00,0.000000e+00,0.000000e+00,0.000000e+00,0.000000e+00,0.000000e+00,0.000000e+00,0.000000e+00,1.626227e+04,4.726418e+02,1.509090e-01,-6.273787e-04,-2.929103e-02,1.136610e-03,0.000000e+00,0.000000e+00,0.000000e+00,0.000000e+00,0.000000e+00,0.000000e+00,0.000000e+00,0.000000e+00,0.000000e+00,0.000000e+00,0.000000e+00,0.000000e+00,0.000000e+00,0.000000e+00,0.000000e+00,0.000000e+00,0.000000e+00,0.000000e+00,0.000000e+00,0.000000e+00,0.000000e+00,1.402902e+05,2.173450e+03,1.304570e+05,6.270223e-01,4.108884e-03,-2.121538e+01,-1.024050e+00,-1.476903e-03,-2.334781e-01,1.257807e-03,1.731662e-03,2.641398e+01,-6.471167e-01,2.571026e-03,-1.389325e-03,9.262448e-02,-5.977016e-04,-4.651283e+00,6.926731e+01,-1.148684e+00,2.362617e+03,-4.875711e+04,-2.159278e+03,-1.852652e+05,2.517875e-02,2.171754e+01,2.049286e-03,2.350318e+01,2.915469e+03,-4.587174e+01
4.060289e-03,1.626931e+04,1.146970e+04,5.400844e-01,-4.688425e-03,8.392550e+00,1.023907e-01,9.774000e-07,3.115684e+03,0.000000e+00,0.000000e+00,5.322456e+03,0.000000e+00,0.000000e+00,0.000000e+00,0.000000e+00,0.000000e+00,0.000000e+00,0.000000e+00,0.000000e+00,0.000000e+00,0.000000e+00,0.000000e+00,0.000000e+00,0.000000e+00,0.000000e+00,0.000000e+00,0.000000e+00,0.000000e+00,0.000000e+00,0.000000e+00,0.000000e+00,0.000000e+00,0.000000e+00,0.000000e+00,0.000000e+00,0.000000e+00,0.000000e+00,0.000000e+00,0.000000e+00,0.000000e+00,0.000000e+00,0.000000e+00,0.000000e+00,0.000000e+00,0.000000e+00,0.000000e+00,0.000000e+00,0.000000e+00,1.626931e+04,4.688101e+02,1.508797e-01,-6.348114e-04,-1.907521e-02,1.136610e-03,0.000000e+00,0.000000e+00,0.000000e+00,0.000000e+00,0.000000e+00,0.000000e+00,0.000000e+00,0.000000e+00,0.000000e+00,0.000000e+00,0.000000e+00,0.000000e+00,0.000000e+00,0.000000e+00,0.000000e+00,0.000000e+00,0.000000e+00,0.000000e+00,0.000000e+00,0.000000e+00,0.000000e+00,1.387347e+05,1.906034e+03,1.294984e+05,6.280243e-01,4.103668e-03,-2.121038e+01,-1.023831e+00,-1.470330e-03,-2.335839e-01,1.257805e-03,1.732327e-03,2.642041e+01,-6.459434e-01,2.572885e-03,-1.389331e-03,9.329897e-02,-6.089709e-04,-4.628200e+00,6.879745e+01,-1.150337e+00,2.360815e+03,-4.868559e+04,-1.891953e+03,-1.834310e+05,2.532552e-02,2.174576e+01,1.928235e-03,2.544510e+01,2.866682e+03,-5.423365e+01
4.070063e-03,1.627625e+04,1.145268e+04,5.389107e-01,-4.690606e-03,8.398943e+00,1.023907e-01,9.774000e-07,3.123660e+03,0.000000e+00,0.000000e+00,5.324509e+03,0.000000e+00,0.000000e+00,0.000000e+00,0.000000e+00,0.000000e+00,0.000000e+00,0.000000e+00,0.000000e+00,0.000000e+00,0.000000e+00,0.000000e+00,0.000000e+00,0.000000e+00,0.000000e+00,0.000000e+00,0.000000e+00,0.000000e+00,0.000000e+00,0.000000e+00,0.000000e+00,0.000000e+00,0.000000e+00,0.000000e+00,0.000000e+00,0.000000e+00,0.000000e+00,0.000000e+00,0.000000e+00,0.000000e+00,0.000000e+00,0.000000e+00,0.000000e+00,0.000000e+00,0.000000e+00,0.000000e+00,0.000000e+00,0.000000e+00,1.627625e+04,4.650713e+02,1.508498e-01,-6.457246e-04,-8.923657e-03,1.136610e-03,0.000000e+00,0.000000e+00,0.000000e+00,0.000000e+00,0.000000e+00,0.000000e+00,0.000000e+00,0.000000e+00,0.000000e+00,0.000000e+00,0.000000e+00,0.000000e+00,0.000000e+00,0.000000e+00,0.000000e+00,0.000000e+00,0.000000e+00,0.000000e+00,0.000000e+00,0.000000e+00,0.000000e+00,1.372157e+05,-4.367923e+02,1.275137e+05,6.290032e-01,4.091870e-03,-2.120540e+01,-1.023606e+00,-1.463018e-03,-2.337006e-01,1.257803e-03,1.732978e-03,2.642681e+01,-6.447696e-01,2.575341e-03,-1.389337e-03,9.396888e-02,-6.202197e-04,-4.605135e+00,6.832994e+01,-1.152032e+00,2.359026e+03,-4.769124e+04,4.507378e+02,-1.811448e+05,2.551762e-02,2.177360e+01,1.790890e-03,-3.355963e+00,2.827653e+03,-3.168667e+01
4.080814e-03,1.628381e+04,1.143421e+04,5.376168e-01,-4.691624e-03,8.405920e+00,1.023907e-01,9.774000e-07,3.132306e+03,0.000000e+00,0.000000e+00,5.326721e+03,0.000000e+00,0.000000e+00,0.000000e+00,0.000000e+00,0.000000e+00,0.000000e+00,0.000000e+00,0.000000e+00,0.000000e+00,0.000000e+00,0.000000e+00,0.000000e+00,0.000000e+00,0.000000e+00,0.000000e+00,0.000000e+00,0.000000e+00,0.000000e+00,0.000000e+00,0.000000e+00,0.000000e+00,0.000000e+00,0.000000e+00,0.000000e+00,0.000000e+00,0.000000e+00,0.000000e+00,0.000000e+00,0.000000e+00,0.000000e+00,0.000000e+00,0.000000e+00,0.000000e+00,0.000000e+00,0.000000e+00,0.000000e+00,0.000000e+00,1.628381e+04,4.610467e+02,1.508206e-01,-6.562606e-04,2.137900e-03,1.136610e-03,0.000000e+00,0.000000e+00,0.000000e+00,0.000000e+00,0.000000e+00,0.000000e+00,0.000000e+00,0.000000e+00,0.000000e+00,0.000000e+00,0.000000e+00,0.000000e+00,0.000000e+00,0.000000e+00,0.000000e+00,0.000000e+00,0.000000e+00,0.000000e+00,0.000000e+00,0.000000e+00,0.000000e+00,1.357885e+05,-5.442145e+02,1.263646e+05,6.300623e-01,4.069408e-03,-2.119996e+01,-1.023352e+00,-1.458043e-03,-2.338281e-01,1.257801e-03,1.733680e-03,2.643379e+01,-6.434764e-01,2.577100e-03,-1.389345e-03,9.470052e-02,-6.325685e-04,-4.579783e+00,6.781779e+01,-1.146435e+00,2.357078e+03,-4.739354e+04,5.580745e+02,-1.793331e+05,2.557911e-02,2.180375e+01,1.757636e-03,-1.447390e+01,2.749595e+03,8.986634e+00
4.090588e-03,1.629059e+04,1.141762e+04,5.364373e-01,-4.693103e-03,8.412228e+00,1.023907e-01,9.774000e-07,3.140053e+03,0.000000e+00,0.000000e+00,5.328728e+03,0.000000e+00,0.000000e+00,0.000000e+00,0.000000e+00,0.000000e+00,0.000000e+00,0.000000e+00,0.000000e+00,0.000000e+00,0.000000e+00,0.000000e+00,0.000000e+00,0.000000e+00,0.000000e+00,0.000000e+00,0.000000e+00,0.000000e+00,0.000000e+00,0.000000e+00,0.000000e+00,0.000000e+00,0.000000e+00,0.000000e+00,0.000000e+00,0.000000e+00,0.000000e+00,0.000000e+00,0.000000e+00,0.000000e+00,0.000000e+00,0.000000e+00,0.000000e+00,0.000000e+00,0.000000e+00,0.000000e+00,0.000000e+00,0.000000e+00,1.629059e+04,4.574707e+02,1.507860e-01,-6.587261e-04,1.211075e-02,1.136609e-03,0.000000e+00,0.000000e+00,0.000000e+00,0.000000e+00,0.000000e+00,0.000000e+00,0.000000e+00,0.000000e+00,0.000000e+00,0.000000e+00,0.000000e+00,0.000000e+00,0.000000e+00,0.000000e+00,0.000000e+00,0.000000e+00,0.000000e+00,0.000000e+00,0.000000e+00,0.000000e+00,0.000000e+00,1.361728e+05,2.035048e+03,1.258917e+05,6.310035e-01,4.072674e-03,-2.119506e+01,-1.023116e+00,-1.453186e-03,-2.339489e-01,1.257800e-03,1.734309e-03,2.644010e+01,-6.422966e-01,2.579389e-03,-1.389352e-03,9.536089e-02,-6.437959e-04,-4.556755e+00,6.735602e+01,-1.147015e+00,2.355325e+03,-4.683358e+04,-2.021143e+03,-1.794392e+05,2.568095e-02,2.183070e+01,1.696373e-03,2.639986e+01,2.739838e+03,-2.514078e+01
4.100362e-03,1.629734e+04,1.140122e+04,5.352585e-01,-4.695296e-03,8.418494e+00,1.023907e-01,9.774000e-07,3.147703e+03,0.000000e+00,0.000000e+00,5.330692e+03,0.000000e+00,0.000000e+00,0.000000e+00,0.000000e+00,0.000000e+00,0.000000e+00,0.000000e+00,0.000000e+00,0.000000e+00,0.000000e+00,0.000000e+00,0.000000e+00,0.000000e+00,0.000000e+00,0.000000e+00,0.000000e+00,0.000000e+00,0.000000e+00,0.000000e+00,0.000000e+00,0.000000e+00,0.000000e+00,0.000000e+00,0.000000e+00,0.000000e+00,0.000000e+00,0.000000e+00,0.000000e+00,0.000000e+00,0.000000e+00,0.000000e+00,0.000000e+00,0.000000e+00,0.000000e+00,0.000000e+00,0.000000e+00,0.000000e+00,1.629734e+04,4.539653e+02,1.507346e-01,-6.545108e-04,2.201193e-02,1.136610e-03,0.000000e+00,0.000000e+00,0.000000e+00,0.000000e+00,0.000000e+00,0.000000e+00,0.000000e+00,0.000000e+00,0.000000e+00,0.000000e+00,0.000000e+00,0.000000e+00,0.000000e+00,0.000000e+00,0.000000e+00,0.000000e+00,0.000000e+00,0.000000e+00,0.000000e+00,0.000000e+00,0.000000e+00,1.345442e+05,6.636280e+02,1.237364e+05,6.319200e-01,4.080959e-03,-2.119018e+01,-1.022879e+00,-1.449114e-03,-2.340773e-01,1.257797e-03,1.734926e-03,2.644635e+01,-6.411181e-01,2.581812e-03,-1.389358e-03,9.601676e-02,-6.550411e-04,-4.533743e+00,6.689883e+01,-1.153274e+00,2.353587e+03,-4.573826e+04,-6.498730e+02,-1.769771e+05,2.581612e-02,2.185729e+01,1.542619e-03,1.756878e+01,2.710566e+03,-8.194334e+00
4.110136e-03,1.630403e+04,1.138502e+04,5.340695e-01,-4.678718e-03,8.424736e+00,1.023907e-01,9.774000e-07,3.155240e+03,0.000000e+00,0.000000e+00,5.332642e+03,0.000000e+00,0.000000e+00,0.000000e+00,0.000000e+00,0.000000e+00,0.000000e+00,0.000000e+00,0.000000e+00,0.000000e+00,0.000000e+00,0.000000e+00,0.000000e+00,0.000000e+00,0.000000e+00,0.000000e+00,0.000000e+00,0.000000e+00,0.000000e+00,0.000000e+00,0.000000e+00,0.000000e+00,0.000000e+00,0.000000e+00,0.000000e+00,0.000000e+00,0.000000e+00,0.000000e+00,0.000000e+00,0.000000e+00,0.000000e+00,0.000000e+00,0.000000e+00,0.000000e+00,0.000000e+00,0.000000e+00,0.000000e+00,0.000000e+00,1.630403e+04,4.505039e+02,1.506584e-01,-6.542781e-04,3.185271e-02,1.136610e-03,0.000000e+00,0.000000e+00,0.000000e+00,0.000000e+00,0.000000e+00,0.000000e+00,0.000000e+00,0.000000e+00,0.000000e+00,0.000000e+00,0.000000e+00,0.000000e+00,0.000000e+00,0.000000e+00,0.000000e+00,0.000000e+00,0.000000e+00,0.000000e+00,0.000000e+00,0.000000e+00,0.000000e+00,1.332779e+05,2.730097e+02,1.239077e+05,6.328195e-01,4.086323e-03,-2.118535e+01,-1.022637e+00,-1.448579e-03,-2.342055e-01,1.257795e-03,1.735541e-03,2.645260e+01,-6.399336e-01,2.584812e-03,-1.389366e-03,9.666821e-02,-6.663098e-04,-4.510749e+00,6.644604e+01,-1.155537e+00,2.351867e+03,-4.652369e+04,-2.592809e+02,-1.759309e+05,2.588998e-02,2.188348e+01,1.477181e-03,5.522760e+00,2.648120e+03,3.334524e+01
4.120888e-03,1.631132e+04,1.136741e+04,5.327539e-01,-4.713368e-03,8.431584e+00,1.023907e-01,9.774000e-07,3.163403e+03,0.000000e+00,0.000000e+00,5.334771e+03,0.000000e+00,0.000000e+00,0.000000e+00,0.000000e+00,0.000000e+00,0.000000e+00,0.000000e+00,0.000000e+00,0.000000e+00,0.000000e+00,0.000000e+00,0.000000e+00,0.000000e+00,0.000000e+00,0.000000e+00,0.000000e+00,0.000000e+00,0.000000e+00,0.000000e+00,0.000000e+00,0.000000e+00,0.000000e+00,0.000000e+00,0.000000e+00,0.000000e+00,0.000000e+00,0.000000e+00,0.000000e+00,0.000000e+00,0.000000e+00,0.000000e+00,0.000000e+00,0.000000e+00,0.000000e+00,0.000000e+00,0.000000e+00,0.000000e+00,1.631132e+04,4.468033e+02,1.505631e-01,-6.540797e-04,4.263298e-02,1.136610e-03,0.000000e+00,0.000000e+00,0.000000e+00,0.000000e+00,0.000000e+00,0.000000e+00,0.000000e+00,0.000000e+00,0.000000e+00,0.000000e+00,0.000000e+00,0.000000e+00,0.000000e+00,0.000000e+00,0.000000e+00,0.000000e+00,0.000000e+00,0.000000e+00,0.000000e+00,0.000000e+00,0.000000e+00,1.323026e+05,-8.437311e+02,1.224716e+05,6.337865e-01,4.068024e-03,-2.118007e+01,-1.022365e+00,-1.442808e-03,-2.343486e-01,1.257794e-03,1.736213e-03,2.645944e+01,-6.386254e-01,2.587779e-03,-1.389375e-03,9.737967e-02,-6.787317e-04,-4.485474e+00,6.595071e+01,-1.153813e+00,2.349991e+03,-4.575730e+04,8.573828e+02,-1.743832e+05,2.595741e-02,2.191179e+01,1.418165e-03,2.223397e+01,2.618848e+03,-2.851568e+01
4.130661e-03,1.631791e+04,1.135154e+04,5.315572e-01,-4.714129e-03,8.437807e+00,1.023907e-01,9.774000e-07,3.170708e+03,0.000000e+00,0.000000e+00,5.336700e+03,0.000000e+00,0.000000e+00,0.000000e+00,0.000000e+00,0.000000e+00,0.000000e+00,0.000000e+00,0.000000e+00,0.000000e+00,0.000000e+00,0.000000e+00,0.000000e+00,0.000000e+00,0.000000e+00,0.000000e+00,0.000000e+00,0.000000e+00,0.000000e+00,0.000000e+00,0.000000e+00,0.000000e+00,0.000000e+00,0.000000e+00,0.000000e+00,0.000000e+00,0.000000e+00,0.000000e+00,0.000000e+00,0.000000e+00,0.000000e+00,0.000000e+00,0.000000e+00,0.000000e+00,0.000000e+00,0.000000e+00,0.000000e+00,0.000000e+00,1.631791e+04,4.434846e+02,1.504746e-01,-6.533291e-04,5.238558e-02,1.136610e-03,0.000000e+00,0.000000e+00,0.000000e+00,0.000000e+00,0.000000e+00,0.000000e+00,0.000000e+00,0.000000e+00,0.000000e+00,0.000000e+00,0.000000e+00,0.000000e+00,0.000000e+00,0.000000e+00,0.000000e+00,0.000000e+00,0.000000e+00,0.000000e+00,0.000000e+00,0.000000e+00,0.000000e+00,1.304156e+05,-2.090516e+02,1.212887e+05,6.346468e-01,4.088402e-03,-2.117531e+01,-1.022109e+00,-1.442213e-03,-2.344826e-01,1.257793e-03,1.736830e-03,2.646566e+01,-6.374288e-01,2.591154e-03,-1.389383e-03,9.802187e-02,-6.900260e-04,-4.462514e+00,6.550494e+01,-1.160510e+00,2.348306e+03,-4.563896e+04,2.225780e+02,-1.721518e+05,2.610410e-02,2.193709e+01,1.292130e-03,1.422616e+01,2.572013e+03,-1.482836e+01
4.140436e-03,1.632447e+04,1.133585e+04,5.303500e-01,-4.720842e-03,8.444036e+00,1.023907e-01,9.774000e-07,3.177912e+03,0.000000e+00,0.000000e+00,5.338608e+03,0.000000e+00,0.000000e+00,0.000000e+00,0.000000e+00,0.000000e+00,0.000000e+00,0.000000e+00,0.000000e+00,0.000000e+00,0.000000e+00,0.000000e+00,0.000000e+00,0.000000e+00,0.000000e+00,0.000000e+00,0.000000e+00,0.000000e+00,0.000000e+00,0.000000e+00,0.000000e+00,0.000000e+00,0.000000e+00,0.000000e+00,0.000000e+00,0.000000e+00,0.000000e+00,0.000000e+00,0.000000e+00,0.000000e+00,0.000000e+00,0.000000e+00,0.000000e+00,0.000000e+00,0.000000e+00,0.000000e+00,0.000000e+00,0.000000e+00,1.632447e+04,4.401883e+02,1.503788e-01,-6.591137e-04,6.210136e-02,1.136610e-03,0.000000e+00,0.000000e+00,0.000000e+00,0.000000e+00,0.000000e+00,0.000000e+00,0.000000e+00,0.000000e+00,0.000000e+00,0.000000e+00,0.000000e+00,0.000000e+00,0.000000e+00,0.000000e+00,0.000000e+00,0.000000e+00,0.000000e+00,0.000000e+00,0.000000e+00,0.000000e+00,0.000000e+00,1.276712e+05,-2.153772e+03,1.191840e+05,6.354836e-01,4.059601e-03,-2.117062e+01,-1.021850e+00,-1.436134e-03,-2.346198e-01,1.257792e-03,1.737450e-03,2.647190e+01,-6.362221e-01,2.594793e-03,-1.389392e-03,9.865974e-02,-7.013436e-04,-4.439571e+00,6.506534e+01,-1.156532e+00,2.346644e+03,-4.510975e+04,2.167077e+03,-1.687300e+05,2.617417e-02,2.196203e+01,1.158866e-03,-7.539006e+00,2.527130e+03,-3.206365e-01
4.150209e-03,1.633096e+04,1.132033e+04,5.291338e-01,-4.723199e-03,8.450285e+00,1.023907e-01,9.774000e-07,3.185000e+03,0.000000e+00,0.000000e+00,5.340524e+03,0.000000e+00,0.000000e+00,0.000000e+00,0.000000e+00,0.000000e+00,0.000000e+00,0.000000e+00,0.000000e+00,0.000000e+00,0.000000e+00,0.000000e+00,0.000000e+00,0.000000e+00,0.000000e+00,0.000000e+00,0.000000e+00,0.000000e+00,0.000000e+00,0.000000e+00,0.000000e+00,0.000000e+00,0.000000e+00,0.000000e+00,0.000000e+00,0.000000e+00,0.000000e+00,0.000000e+00,0.000000e+00,0.000000e+00,0.000000e+00,0.000000e+00,0.000000e+00,0.000000e+00,0.000000e+00,0.000000e+00,0.000000e+00,0.000000e+00,1.633096e+04,4.369771e+02,1.502725e-01,-6.631492e-04,7.179065e-02,1.136609e-03,0.000000e+00,0.000000e+00,0.000000e+00,0.000000e+00,0.000000e+00,0.000000e+00,0.000000e+00,0.000000e+00,0.000000e+00,0.000000e+00,0.000000e+00,0.000000e+00,0.000000e+00,0.000000e+00,0.000000e+00,0.000000e+00,0.000000e+00,0.000000e+00,0.000000e+00,0.000000e+00,0.000000e+00,1.263311e+05,1.266892e+03,1.187360e+05,6.363120e-01,4.061699e-03,-2.116596e+01,-1.021581e+00,-1.434423e-03,-2.347528e-01,1.257791e-03,1.738082e-03,2.647813e+01,-6.350067e-01,2.598885e-03,-1.389401e-03,9.929334e-02,-7.126788e-04,-4.416644e+00,6.462709e+01,-1.155147e+00,2.345000e+03,-4.538081e+04,-1.253652e+03,-1.673272e+05,2.624065e-02,2.198652e+01,1.064373e-03,1.050049e+01,2.484198e+03,-1.076848e+00
4.160961e-03,1.633803e+04,1.130347e+04,5.277885e-01,-4.724978e-03,8.457179e+00,1.023907e-01,9.774000e-07,3.192693e+03,0.000000e+00,0.000000e+00,5.342600e+03,0.000000e+00,0.000000e+00,0.000000e+00,0.000000e+00,0.000000e+00,0.000000e+00,0.000000e+00,0.000000e+00,0.000000e+00,0.000000e+00,0.000000e+00,0.000000e+00,0.000000e+00,0.000000e+00,0.000000e+00,0.000000e+00,0.000000e+00,0.000000e+00,0.000000e+00,0.000000e+00,0.000000e+00,0.000000e+00,0.000000e+00,0.000000e+00,0.000000e+00,0.000000e+00,0.000000e+00,0.000000e+00,0.000000e+00,0.000000e+00,0.000000e+00,0.000000e+00,0.000000e+00,0.000000e+00,0.000000e+00,0.000000e+00,0.000000e+00,1.633803e+04,4.334719e+02,1.501393e-01,-6.528944e-04,8.241685e-02,1.136609e-03,0.000000e+00,0.000000e+00,0.000000e+00,0.000000e+00,0.000000e+00,0.000000e+00,0.000000e+00,0.000000e+00,0.000000e+00,0.000000e+00,0.000000e+00,0.000000e+00,0.000000e+00,0.000000e+00,0.000000e+00,0.000000e+00,0.000000e+00,0.000000e+00,0.000000e+00,0.000000e+00,0.000000e+00,1.235469e+05,-3.187267e+02,1.135969e+05,6.371882e-01,4.088801e-03,-2.116092e+01,-1.021283e+00,-1.434726e-03,-2.349048e-01,1.257790e-03,1.738792e-03,2.648503e+01,-6.336623e-01,2.603215e-03,-1.389411e-03,9.998540e-02,-7.251661e-04,-4.391442e+00,6.415179e+01,-1.166131e+00,2.343217e+03,-4.219313e+04,3.316085e+02,-1.624433e+05,2.639153e-02,2.201307e+01,9.501622e-04,1.285595e+01,2.466635e+03,-3.410889e+01
4.170735e-03,1.634436e+04,1.128836e+04,5.265566e-01,-4.727482e-03,8.463480e+00,1.023907e-01,9.774000e-07,3.199583e+03,0.000000e+00,0.000000e+00,5.344473e+03,0.000000e+00,0.000000e+00,0.000000e+00,0.000000e+00,0.000000e+00,0.000000e+00,0.000000e+00,0.000000e+00,0.000000e+00,0.000000e+00,0.000000e+00,0.000000e+00,0.000000e+00,0.000000e+00,0.000000e+00,0.000000e+00,0.000000e+00,0.000000e+00,0.000000e+00,0.000000e+00,0.000000e+00,0.000000e+00,0.000000e+00,0.000000e+00,0.000000e+00,0.000000e+00,0.000000e+00,0.000000e+00,0.000000e+00,0.000000e+00,0.000000e+00,0.000000e+00,0.000000e+00,0.000000e+00,0.000000e+00,0.000000e+00,0.000000e+00,1.634436e+04,4.303040e+02,1.499929e-01,-6.552688e-04,9.204981e-02,1.136610e-03,0.000000e+00,0.000000e+00,0.000000e+00,0.000000e+00,0.000000e+00,0.000000e+00,0.000000e+00,0.000000e+00,0.000000e+00,0.000000e+00,0.000000e+00,0.000000e+00,0.000000e+00,0.000000e+00,0.000000e+00,0.000000e+00,0.000000e+00,0.000000e+00,0.000000e+00,0.000000e+00,0.000000e+00,1.233719e+05,-4.445312e+02,1.166461e+05,6.379630e-01,4.083423e-03,-2.115641e+01,-1.021005e+00,-1.431091e-03,-2.350422e-01,1.257789e-03,1.739473e-03,2.649134e+01,-6.324309e-01,2.607011e-03,-1.389419e-03,1.006102e-01,-7.365454e-04,-4.368548e+00,6.373081e+01,-1.167337e+00,2.341624e+03,-4.500202e+04,4.575853e+02,-1.637124e+05,2.650205e-02,2.203685e+01,7.570587e-04,7.874412e+00,2.394431e+03,-1.796374e+01
4.180509e-03,1.635060e+04,1.127343e+04,5.253186e-01,-4.729932e-03,8.469800e+00,1.023907e-01,9.774000e-07,3.206394e+03,0.000000e+00,0.000000e+00,5.346340e+03,0.000000e+00,0.000000e+00,0.000000e+00,0.000000e+00,0.000000e+00,0.000000e+00,0.000000e+00,0.000000e+00,0.000000e+00,0.000000e+00,0.000000e+00,0.000000e+00,0.000000e+00,0.000000e+00,0.000000e+00,0.000000e+00,0.000000e+00,0.000000e+00,0.000000e+00,0.000000e+00,0.000000e+00,0.000000e+00,0.000000e+00,0.000000e+00,0.000000e+00,0.000000e+00,0.000000e+00,0.000000e+00,0.000000e+00,0.000000e+00,0.000000e+00,0.000000e+00,0.000000e+00,0.000000e+00,0.000000e+00,0.000000e+00,0.000000e+00,1.635060e+04,4.272074e+02,1.498354e-01,-6.503910e-04,1.016548e-01,1.136609e-03,0.000000e+00,0.000000e+00,0.000000e+00,0.000000e+00,0.000000e+00,0.000000e+00,0.000000e+00,0.000000e+00,0.000000e+00,0.000000e+00,0.000000e+00,0.000000e+00,0.000000e+00,0.000000e+00,0.000000e+00,0.000000e+00,0.000000e+00,0.000000e+00,0.000000e+00,0.000000e+00,0.000000e+00,1.220517e+05,-1.153225e+03,1.160725e+05,6.387123e-01,4.077450e-03,-2.115191e+01,-1.020720e+00,-1.427797e-03,-2.351905e-01,1.257787e-03,1.740202e-03,2.649766e+01,-6.311932e-01,2.610646e-03,-1.389427e-03,1.012308e-01,-7.479584e-04,-4.345669e+00,6.331310e+01,-1.169070e+00,2.340045e+03,-4.515096e+04,1.166212e+03,-1.622677e+05,2.660375e-02,2.206031e+01,5.638399e-04,2.041020e+00,2.359305e+03,-2.341527e+01
4.190283e-03,1.635674e+04,1.125866e+04,5.240695e-01,-4.731731e-03,8.476163e+00,1.023907e-01,9.774000e-07,3.213126e+03,0.000000e+00,0.000000e+00,5.348218e+03,0.000000e+00,0.000000e+00,0.000000e+00,0.000000e+00,0.000000e+00,0.000000e+00,0.000000e+00,0.000000e+00,0.000000e+00,0.000000e+00,0.000000e+00,0.000000e+00,0.000000e+00,0.000000e+00,0.000000e+00,0.000000e+00,0.000000e+00,0.000000e+00,0.000000e+00,0.000000e+00,0.000000e+00,0.000000e+00,0.000000e+00,0.000000e+00,0.000000e+00,0.000000e+00,0.000000e+00,0.000000e+00,0.000000e+00,0.000000e+00,0.000000e+00,0.000000e+00,0.000000e+00,0.000000e+00,0.000000e+00,0.000000e+00,0.000000e+00,1.635674e+04,4.241757e+02,1.496672e-01,-6.443057e-04,1.112641e-01,1.136609e-03,0.000000e+00,0.000000e+00,0.000000e+00,0.000000e+00,0.000000e+00,0.000000e+00,0.000000e+00,0.000000e+00,0.000000e+00,0.000000e+00,0.000000e+00,0.000000e+00,0.000000e+00,0.000000e+00,0.000000e+00,0.000000e+00,0.000000e+00,0.000000e+00,0.000000e+00,0.000000e+00,0.000000e+00,1.196292e+05,8.654208e+02,1.120518e+05,6.394426e-01,4.089585e-03,-2.114745e+01,-1.020423e+00,-1.426656e-03,-2.353423e-01,1.257787e-03,1.740991e-03,2.650403e+01,-6.299441e-01,2.612972e-03,-1.389434e-03,1.018473e-01,-7.593975e-04,-4.322806e+00,6.289601e+01,-1.173126e+00,2.338476e+03,-4.277317e+04,-8.527321e+02,-1.582316e+05,2.670965e-02,2.208346e+01,3.683619e-04,1.812334e+01,2.339790e+03,-3.917595e+01
4.200057e-03,1.636280e+04,1.124405e+04,5.228084e-01,-4.732736e-03,8.482575e+00,1.023907e-01,9.774000e-07,3.219815e+03,0.000000e+00,0.000000e+00,5.350090e+03,0.000000e+00,0.000000e+00,0.000000e+00,0.000000e+00,0.000000e+00,0.000000e+00,0.000000e+00,0.000000e+00,0.000000e+00,0.000000e+00,0.000000e+00,0.000000e+00,0.000000e+00,0.000000e+00,0.000000e+00,0.000000e+00,0.000000e+00,0.000000e+00,0.000000e+00,0.000000e+00,0.000000e+00,0.000000e+00,0.000000e+00,0.000000e+00,0.000000e+00,0.000000e+00,0.000000e+00,0.000000e+00,0.000000e+00,0.000000e+00,0.000000e+00,0.000000e+00,0.000000e+00,0.000000e+00,0.000000e+00,0.000000e+00,0.000000e+00,1.636280e+04,4.212050e+02,1.494522e-01,-6.947562e-04,1.208885e-01,1.136610e-03,0.000000e+00,0.000000e+00,0.000000e+00,0.000000e+00,0.000000e+00,0.000000e+00,0.000000e+00,0.000000e+00,0.000000e+00,0.000000e+00,0.000000e+00,0.000000e+00,0.000000e+00,0.000000e+00,0.000000e+00,0.000000e+00,0.000000e+00,0.000000e+00,0.000000e+00,0.000000e+00,0.000000e+00,1.183113e+05,2.370152e+03,1.094488e+05,6.401287e-01,4.048835e-03,-2.114300e+01,-1.020121e+00,-1.434442e-03,-2.355105e-01,1.257786e-03,1.741853e-03,2.651044e+01,-6.286839e-01,2.616264e-03,-1.389441e-03,1.024599e-01,-7.707799e-04,-4.299958e+00,6.249137e+01,-1.156226e+00,2.336920e+03,-4.112719e+04,-2.357624e+03,-1.558371e+05,2.656341e-02,2.210645e+01,4.314577e-04,3.296124e+01,2.322227e+03,-3.670040e+01
4.210808e-03,1.636930e+04,1.122829e+04,5.214079e-01,-4.732715e-03,8.489677e+00,1.023907e-01,9.774000e-07,3.226997e+03,0.000000e+00,0.000000e+00,5.352164e+03,0.000000e+00,0.000000e+00,0.000000e+00,0.000000e+00,0.000000e+00,0.000000e+00,0.000000e+00,0.000000e+00,0.000000e+00,0.000000e+00,0.000000e+00,0.000000e+00,0.000000e+00,0.000000e+00,0.000000e+00,0.000000e+00,0.000000e+00,0.000000e+00,0.000000e+00,0.000000e+00,0.000000e+00,0.000000e+00,0.000000e+00,0.000000e+00,0.000000e+00,0.000000e+00,0.000000e+00,0.000000e+00,0.000000e+00,0.000000e+00,0.000000e+00,0.000000e+00,0.000000e+00,0.000000e+00,0.000000e+00,0.000000e+00,0.000000e+00,1.636930e+04,4.179359e+02,1.491832e-01,-7.074716e-04,1.314108e-01,1.136610e-03,0.000000e+00,0.000000e+00,0.000000e+00,0.000000e+00,0.000000e+00,0.000000e+00,0.000000e+00,0.000000e+00,0.000000e+00,0.000000e+00,0.000000e+00,0.000000e+00,0.000000e+00,0.000000e+00,0.000000e+00,0.000000e+00,0.000000e+00,0.000000e+00,0.000000e+00,0.000000e+00,0.000000e+00,1.286385e+05,1.585910e+02,1.149308e+05,6.408524e-01,4.013187e-03,-2.113818e+01,-1.019774e+00,-1.420807e-03,-2.357121e-01,1.257785e-03,1.742902e-03,2.651753e+01,-6.272839e-01,2.619754e-03,-1.389448e-03,1.031292e-01,-7.833025e-04,-4.274843e+00,6.205450e+01,-1.151316e+00,2.335258e+03,-4.116158e+04,-1.451121e+02,-1.675193e+05,2.717939e-02,2.213104e+01,3.738267e-04,-1.828228e+02,2.417848e+03,-3.627250e+01
4.220583e-03,1.637518e+04,1.121393e+04,5.201206e-01,-4.735361e-03,8.496195e+00,1.023907e-01,9.774000e-07,3.233622e+03,0.000000e+00,0.000000e+00,5.354032e+03,0.000000e+00,0.000000e+00,0.000000e+00,0.000000e+00,0.000000e+00,0.000000e+00,0.000000e+00,0.000000e+00,0.000000e+00,0.000000e+00,0.000000e+00,0.000000e+00,0.000000e+00,0.000000e+00,0.000000e+00,0.000000e+00,0.000000e+00,0.000000e+00,0.000000e+00,0.000000e+00,0.000000e+00,0.000000e+00,0.000000e+00,0.000000e+00,0.000000e+00,0.000000e+00,0.000000e+00,0.000000e+00,0.000000e+00,0.000000e+00,0.000000e+00,0.000000e+00,0.000000e+00,0.000000e+00,0.000000e+00,0.000000e+00,0.000000e+00,1.637518e+04,4.151146e+02,1.489132e-01,-6.914603e-04,1.411251e-01,1.136610e-03,0.000000e+00,0.000000e+00,0.000000e+00,0.000000e+00,0.000000e+00,0.000000e+00,0.000000e+00,0.000000e+00,0.000000e+00,0.000000e+00,0.000000e+00,0.000000e+00,0.000000e+00,0.000000e+00,0.000000e+00,0.000000e+00,0.000000e+00,0.000000e+00,0.000000e+00,0.000000e+00,0.000000e+00,1.127105e+05,-6.388352e+03,1.063418e+05,6.414684e-01,4.019463e-03,-2.113373e+01,-1.019452e+00,-1.426678e-03,-2.358993e-01,1.257785e-03,1.743955e-03,2.652405e+01,-6.259972e-01,2.623870e-03,-1.389456e-03,1.037336e-01,-7.947143e-04,-4.252027e+00,6.166732e+01,-1.158807e+00,2.333698e+03,-4.107975e+04,6.400462e+03,-1.494140e+05,2.683610e-02,2.215385e+01,1.740276e-04,9.682935e+00,2.209043e+03,1.002711e+02
4.230356e-03,1.638092e+04,1.119984e+04,5.188243e-01,-4.736292e-03,8.502748e+00,1.023907e-01,9.774000e-07,3.240132e+03,0.000000e+00,0.000000e+00,5.355894e+03,0.000000e+00,0.000000e+00,0.000000e+00,0.000000e+00,0.000000e+00,0.000000e+00,0.000000e+00,0.000000e+00,0.000000e+00,0.000000e+00,0.000000e+00,0.000000e+00,0.000000e+00,0.000000e+00,0.000000e+00,0.000000e+00,0.000000e+00,0.000000e+00,0.000000e+00,0.000000e+00,0.000000e+00,0.000000e+00,0.000000e+00,0.000000e+00,0.000000e+00,0.000000e+00,0.000000e+00,0.000000e+00,0.000000e+00,0.000000e+00,0.000000e+00,0.000000e+00,0.000000e+00,0.000000e+00,0.000000e+00,0.000000e+00,0.000000e+00,1.638092e+04,4.123121e+02,1.486247e-01,-6.821200e-04,1.507657e-01,1.136610e-03,0.000000e+00,0.000000e+00,0.000000e+00,0.000000e+00,0.000000e+00,0.000000e+00,0.000000e+00,0.000000e+00,0.000000e+00,0.000000e+00,0.000000e+00,0.000000e+00,0.000000e+00,0.000000e+00,0.000000e+00,0.000000e+00,0.000000e+00,0.000000e+00,0.000000e+00,0.000000e+00,0.000000e+00,1.114485e+05,3.175925e+03,1.031932e+05,6.420560e-01,4.066676e-03,-2.112935e+01,-1.019127e+00,-1.426500e-03,-2.360941e-01,1.257784e-03,1.745104e-03,2.653061e+01,-6.247011e-01,2.626633e-03,-1.389462e-03,1.043343e-01,-8.061172e-04,-4.229226e+00,6.128658e+01,-1.167802e+00,2.332176e+03,-3.892237e+04,-3.164002e+03,-1.468154e+05,2.684305e-02,2.217615e+01,-2.411634e-05,1.177274e+02,2.189529e+03,-8.449066e+01
4.240131e-03,1.638653e+04,1.118600e+04,5.175166e-01,-4.737452e-03,8.509348e+00,1.023907e-01,9.774000e-07,3.246524e+03,0.000000e+00,0.000000e+00,5.357719e+03,0.000000e+00,0.000000e+00,0.000000e+00,0.000000e+00,0.000000e+00,0.000000e+00,0.000000e+00,0.000000e+00,0.000000e+00,0.000000e+00,0.000000e+00,0.000000e+00,0.000000e+00,0.000000e+00,0.000000e+00,0.000000e+00,0.000000e+00,0.000000e+00,0.000000e+00,0.000000e+00,0.000000e+00,0.000000e+00,0.000000e+00,0.000000e+00,0.000000e+00,0.000000e+00,0.000000e+00,0.000000e+00,0.000000e+00,0.000000e+00,0.000000e+00,0.000000e+00,0.000000e+00,0.000000e+00,0.000000e+00,0.000000e+00,0.000000e+00,1.638653e+04,4.095774e+02,1.483025e-01,-6.377476e-04,1.603663e-01,1.136610e-03,0.000000e+00,0.000000e+00,0.000000e+00,0.000000e+00,0.000000e+00,0.000000e+00,0.000000e+00,0.000000e+00,0.000000e+00,0.000000e+00,0.000000e+00,0.000000e+00,0.000000e+00,0.000000e+00,0.000000e+00,0.000000e+00,0.000000e+00,0.000000e+00,0.000000e+00,0.000000e+00,0.000000e+00,1.085454e+05,-1.424594e+03,1.019289e+05,6.426225e-01,4.100101e-03,-2.112504e+01,-1.018797e+00,-1.426571e-03,-2.362773e-01,1.257782e-03,1.746348e-03,2.653722e+01,-6.233944e-01,2.629509e-03,-1.389468e-03,1.049313e-01,-8.175730e-04,-4.206439e+00,6.091390e+01,-1.185659e+00,2.330681e+03,-3.919727e+04,1.436312e+03,-1.436494e+05,2.697119e-02,2.219805e+01,-4.146509e-04,6.175468e+01,2.117325e+03,-1.424849e+00
4.250882e-03,1.639258e+04,1.117109e+04,5.160726e-01,-4.737576e-03,8.516623e+00,1.023908e-01,9.774000e-07,3.253397e+03,0.000000e+00,0.000000e+00,5.359734e+03,0.000000e+00,0.000000e+00,0.000000e+00,0.000000e+00,0.000000e+00,0.000000e+00,0.000000e+00,0.000000e+00,0.000000e+00,0.000000e+00,0.000000e+00,0.000000e+00,0.000000e+00,0.000000e+00,0.000000e+00,0.000000e+00,0.000000e+00,0.000000e+00,0.000000e+00,0.000000e+00,0.000000e+00,0.000000e+00,0.000000e+00,0.000000e+00,0.000000e+00,0.000000e+00,0.000000e+00,0.000000e+00,0.000000e+00,0.000000e+00,0.000000e+00,0.000000e+00,0.000000e+00,0.000000e+00,0.000000e+00,0.000000e+00,0.000000e+00,1.639258e+04,4.066230e+02,1.479109e-01,-6.459693e-04,1.708504e-01,1.136610e-03,0.000000e+00,0.000000e+00,0.000000e+00,0.000000e+00,0.000000e+00,0.000000e+00,0.000000e+00,0.000000e+00,0.000000e+00,0.000000e+00,0.000000e+00,0.000000e+00,0.000000e+00,0.000000e+00,0.000000e+00,0.000000e+00,0.000000e+00,0.000000e+00,0.000000e+00,0.000000e+00,0.000000e+00,1.098159e+05,-6.497830e+03,1.012029e+05,6.432174e-01,4.054934e-03,-2.112038e+01,-1.018420e+00,-1.427622e-03,-2.364884e-01,1.257780e-03,1.747819e-03,2.654450e+01,-6.219511e-01,2.632020e-03,-1.389473e-03,1.055838e-01,-8.302082e-04,-4.181390e+00,6.050782e+01,-1.175166e+00,2.329070e+03,-3.799509e+04,6.509637e+03,-1.444222e+05,2.695064e-02,2.222154e+01,-3.595486e-04,3.139855e+01,2.111470e+03,6.276548e+01
4.260656e-03,1.639797e+04,1.115777e+04,5.147521e-01,-4.738101e-03,8.523270e+00,1.023908e-01,9.774000e-07,3.259546e+03,0.000000e+00,0.000000e+00,5.361518e+03,0.000000e+00,0.000000e+00,0.000000e+00,0.000000e+00,0.000000e+00,0.000000e+00,0.000000e+00,0.000000e+00,0.000000e+00,0.000000e+00,0.000000e+00,0.000000e+00,0.000000e+00,0.000000e+00,0.000000e+00,0.000000e+00,0.000000e+00,0.000000e+00,0.000000e+00,0.000000e+00,0.000000e+00,0.000000e+00,0.000000e+00,0.000000e+00,0.000000e+00,0.000000e+00,0.000000e+00,0.000000e+00,0.000000e+00,0.000000e+00,0.000000e+00,0.000000e+00,0.000000e+00,0.000000e+00,0.000000e+00,0.000000e+00,0.000000e+00,1.639797e+04,4.040148e+02,1.475084e-01,-6.586993e-04,1.803294e-01,1.136610e-03,0.000000e+00,0.000000e+00,0.000000e+00,0.000000e+00,0.000000e+00,0.000000e+00,0.000000e+00,0.000000e+00,0.000000e+00,0.000000e+00,0.000000e+00,0.000000e+00,0.000000e+00,0.000000e+00,0.000000e+00,0.000000e+00,0.000000e+00,0.000000e+00,0.000000e+00,0.000000e+00,0.000000e+00,1.113242e+05,-2.838195e+03,9.981328e+04,6.437208e-01,4.055958e-03,-2.111621e+01,-1.018075e+00,-1.431620e-03,-2.366719e-01,1.257778e-03,1.749241e-03,2.655115e+01,-6.206317e-01,2.634462e-03,-1.389477e-03,1.061733e-01,-8.416903e-04,-4.158634e+00,6.014944e+01,-1.172148e+00,2.327629e+03,-3.609248e+04,2.850071e+03,-1.450967e+05,2.697066e-02,2.224253e+01,-4.436281e-04,-4.305390e+01,2.119276e+03,1.231368e+01
4.270430e-03,1.640323e+04,1.114471e+04,5.134282e-01,-4.737576e-03,8.529925e+00,1.023908e-01,9.774000e-07,3.265581e+03,0.000000e+00,0.000000e+00,5.363298e+03,0.000000e+00,0.000000e+00,0.000000e+00,0.000000e+00,0.000000e+00,0.000000e+00,0.000000e+00,0.000000e+00,0.000000e+00,0.000000e+00,0.000000e+00,0.000000e+00,0.000000e+00,0.000000e+00,0.000000e+00,0.000000e+00,0.000000e+00,0.000000e+00,0.000000e+00,0.000000e+00,0.000000e+00,0.000000e+00,0.000000e+00,0.000000e+00,0.000000e+00,0.000000e+00,0.000000e+00,0.000000e+00,0.000000e+00,0.000000e+00,0.000000e+00,0.000000e+00,0.000000e+00,0.000000e+00,0.000000e+00,0.000000e+00,0.000000e+00,1.640323e+04,4.014648e+02,1.470776e-01,-6.586834e-04,1.897629e-01,1.136610e-03,0.000000e+00,0.000000e+00,0.000000e+00,0.000000e+00,0.000000e+00,0.000000e+00,0.000000e+00,0.000000e+00,0.000000e+00,0.000000e+00,0.000000e+00,0.000000e+00,0.000000e+00,0.000000e+00,0.000000e+00,0.000000e+00,0.000000e+00,0.000000e+00,0.000000e+00,0.000000e+00,0.000000e+00,1.147425e+05,3.379278e+03,1.008561e+05,6.441924e-01,4.068476e-03,-2.111210e+01,-1.017727e+00,-1.436165e-03,-2.368518e-01,1.257777e-03,1.750762e-03,2.655781e+01,-6.193087e-01,2.636225e-03,-1.389479e-03,1.067593e-01,-8.531800e-04,-4.135891e+00,5.980156e+01,-1.169798e+00,2.326212e+03,-3.544638e+04,-3.367094e+03,-1.485982e+05,2.685785e-02,2.226311e+01,-4.982505e-04,-3.958169e+01,2.134888e+03,-3.772070e+01
4.280204e-03,1.640839e+04,1.113192e+04,5.120955e-01,-4.737588e-03,8.536613e+00,1.023908e-01,9.774000e-07,3.271479e+03,0.000000e+00,0.000000e+00,5.365040e+03,0.000000e+00,0.000000e+00,0.000000e+00,0.000000e+00,0.000000e+00,0.000000e+00,0.000000e+00,0.000000e+00,0.000000e+00,0.000000e+00,0.000000e+00,0.000000e+00,0.000000e+00,0.000000e+00,0.000000e+00,0.000000e+00,0.000000e+00,0.000000e+00,0.000000e+00,0.000000e+00,0.000000e+00,0.000000e+00,0.000000e+00,0.000000e+00,0.000000e+00,0.000000e+00,0.000000e+00,0.000000e+00,0.000000e+00,0.000000e+00,0.000000e+00,0.000000e+00,0.000000e+00,0.000000e+00,0.000000e+00,0.000000e+00,0.000000e+00,1.640839e+04,3.989720e+02,1.466173e-01,-6.413285e-04,1.991596e-01,1.136609e-03,0.000000e+00,0.000000e+00,0.000000e+00,0.000000e+00,0.000000e+00,0.000000e+00,0.000000e+00,0.000000e+00,0.000000e+00,0.000000e+00,0.000000e+00,0.000000e+00,0.000000e+00,0.000000e+00,0.000000e+00,0.000000e+00,0.000000e+00,0.000000e+00,0.000000e+00,0.000000e+00,0.000000e+00,1.087985e+05,5.836685e+03,9.666719e+04,6.446337e-01,4.099617e-03,-2.110807e+01,-1.017372e+00,-1.435070e-03,-2.370331e-01,1.257776e-03,1.752412e-03,2.656450e+01,-6.179771e-01,2.637682e-03,-1.389480e-03,1.073420e-01,-8.646874e-04,-4.113163e+00,5.946189e+01,-1.179282e+00,2.324817e+03,-3.455627e+04,-5.825044e+03,-1.413777e+05,2.685981e-02,2.228325e+01,-6.681128e-04,6.628075e+01,2.033412e+03,-7.886775e+01
4.290955e-03,1.641390e+04,1.111824e+04,5.106226e-01,-4.737990e-03,8.543999e+00,1.023908e-01,9.774000e-07,3.277756e+03,0.000000e+00,0.000000e+00,5.366922e+03,0.000000e+00,0.000000e+00,0.000000e+00,0.000000e+00,0.000000e+00,0.000000e+00,0.000000e+00,0.000000e+00,0.000000e+00,0.000000e+00,0.000000e+00,0.000000e+00,0.000000e+00,0.000000e+00,0.000000e+00,0.000000e+00,0.000000e+00,0.000000e+00,0.000000e+00,0.000000e+00,0.000000e+00,0.000000e+00,0.000000e+00,0.000000e+00,0.000000e+00,0.000000e+00,0.000000e+00,0.000000e+00,0.000000e+00,0.000000e+00,0.000000e+00,0.000000e+00,0.000000e+00,0.000000e+00,0.000000e+00,0.000000e+00,0.000000e+00,1.641390e+04,3.962888e+02,1.460791e-01,-6.253868e-04,2.094049e-01,1.136610e-03,0.000000e+00,0.000000e+00,0.000000e+00,0.000000e+00,0.000000e+00,0.000000e+00,0.000000e+00,0.000000e+00,0.000000e+00,0.000000e+00,0.000000e+00,0.000000e+00,0.000000e+00,0.000000e+00,0.000000e+00,0.000000e+00,0.000000e+00,0.000000e+00,0.000000e+00,0.000000e+00,0.000000e+00,1.021417e+05,-5.439299e+03,9.179206e+04,6.450862e-01,4.079167e-03,-2.110378e+01,-1.016980e+00,-1.431829e-03,-2.372282e-01,1.257776e-03,1.754353e-03,2.657189e+01,-6.165053e-01,2.639490e-03,-1.389481e-03,1.079791e-01,-8.773792e-04,-4.088176e+00,5.909892e+01,-1.184363e+00,2.323332e+03,-3.339251e+04,5.450312e+03,-1.332048e+05,2.703936e-02,2.230467e+01,-7.821773e-04,8.232686e+00,1.928034e+03,6.796814e+01
4.300729e-03,1.641884e+04,1.110605e+04,5.092691e-01,-4.735514e-03,8.550779e+00,1.023908e-01,9.774000e-07,3.283338e+03,0.000000e+00,0.000000e+00,5.368624e+03,0.000000e+00,0.000000e+00,0.000000e+00,0.000000e+00,0.000000e+00,0.000000e+00,0.000000e+00,0.000000e+00,0.000000e+00,0.000000e+00,0.000000e+00,0.000000e+00,0.000000e+00,0.000000e+00,0.000000e+00,0.000000e+00,0.000000e+00,0.000000e+00,0.000000e+00,0.000000e+00,0.000000e+00,0.000000e+00,0.000000e+00,0.000000e+00,0.000000e+00,0.000000e+00,0.000000e+00,0.000000e+00,0.000000e+00,0.000000e+00,0.000000e+00,0.000000e+00,0.000000e+00,0.000000e+00,0.000000e+00,0.000000e+00,0.000000e+00,1.641884e+04,3.938982e+02,1.455411e-01,-6.382135e-04,2.186983e-01,1.136610e-03,0.000000e+00,0.000000e+00,0.000000e+00,0.000000e+00,0.000000e+00,0.000000e+00,0.000000e+00,0.000000e+00,0.000000e+00,0.000000e+00,0.000000e+00,0.000000e+00,0.000000e+00,0.000000e+00,0.000000e+00,0.000000e+00,0.000000e+00,0.000000e+00,0.000000e+00,0.000000e+00,0.000000e+00,1.052890e+05,-1.172499e+03,9.218368e+04,6.454645e-01,4.066288e-03,-2.109994e+01,-1.016620e+00,-1.434349e-03,-2.373980e-01,1.257775e-03,1.756217e-03,2.657866e+01,-6.151528e-01,2.639152e-03,-1.389478e-03,1.085550e-01,-8.888986e-04,-4.065475e+00,5.877875e+01,-1.175375e+00,2.322010e+03,-3.229707e+04,1.183775e+03,-1.361634e+05,2.703263e-02,2.232365e+01,-7.108171e-04,-3.825912e+01,1.935840e+03,6.864145e+00
4.310503e-03,1.642364e+04,1.109409e+04,5.079008e-01,-4.733596e-03,8.557629e+00,1.023908e-01,9.774000e-07,3.288801e+03,0.000000e+00,0.000000e+00,5.370314e+03,0.000000e+00,0.000000e+00,0.000000e+00,0.000000e+00,0.000000e+00,0.000000e+00,0.000000e+00,0.000000e+00,0.000000e+00,0.000000e+00,0.000000e+00,0.000000e+00,0.000000e+00,0.000000e+00,0.000000e+00,0.000000e+00,0.000000e+00,0.000000e+00,0.000000e+00,0.000000e+00,0.000000e+00,0.000000e+00,0.000000e+00,0.000000e+00,0.000000e+00,0.000000e+00,0.000000e+00,0.000000e+00,0.000000e+00,0.000000e+00,0.000000e+00,0.000000e+00,0.000000e+00,0.000000e+00,0.000000e+00,0.000000e+00,0.000000e+00,1.642364e+04,3.915974e+02,1.449580e-01,-6.298295e-04,2.279796e-01,1.136610e-03,0.000000e+00,0.000000e+00,0.000000e+00,0.000000e+00,0.000000e+00,0.000000e+00,0.000000e+00,0.000000e+00,0.000000e+00,0.000000e+00,0.000000e+00,0.000000e+00,0.000000e+00,0.000000e+00,0.000000e+00,0.000000e+00,0.000000e+00,0.000000e+00,0.000000e+00,0.000000e+00,0.000000e+00,1.045878e+05,2.478088e+03,9.053601e+04,6.458102e-01,4.082205e-03,-2.109616e+01,-1.016259e+00,-1.438219e-03,-2.375599e-01,1.257773e-03,1.758110e-03,2.658552e+01,-6.137839e-01,2.639342e-03,-1.389474e-03,1.091279e-01,-9.004225e-04,-4.042787e+00,5.846894e+01,-1.176671e+00,2.320706e+03,-3.119753e+04,-2.466900e+03,-1.347670e+05,2.696997e-02,2.234223e+01,-7.719133e-04,-2.849043e+01,1.900714e+03,-3.661961e+01
4.320277e-03,1.642836e+04,1.108237e+04,5.065088e-01,-4.730971e-03,8.564594e+00,1.023908e-01,9.774000e-07,3.294137e+03,0.000000e+00,0.000000e+00,5.371984e+03,0.000000e+00,0.000000e+00,0.000000e+00,0.000000e+00,0.000000e+00,0.000000e+00,0.000000e+00,0.000000e+00,0.000000e+00,0.000000e+00,0.000000e+00,0.000000e+00,0.000000e+00,0.000000e+00,0.000000e+00,0.000000e+00,0.000000e+00,0.000000e+00,0.000000e+00,0.000000e+00,0.000000e+00,0.000000e+00,0.000000e+00,0.000000e+00,0.000000e+00,0.000000e+00,0.000000e+00,0.000000e+00,0.000000e+00,0.000000e+00,0.000000e+00,0.000000e+00,0.000000e+00,0.000000e+00,0.000000e+00,0.000000e+00,0.000000e+00,1.642836e+04,3.893434e+02,1.443287e-01,-6.678791e-04,2.373014e-01,1.136610e-03,0.000000e+00,0.000000e+00,0.000000e+00,0.000000e+00,0.000000e+00,0.000000e+00,0.000000e+00,0.000000e+00,0.000000e+00,0.000000e+00,0.000000e+00,0.000000e+00,0.000000e+00,0.000000e+00,0.000000e+00,0.000000e+00,0.000000e+00,0.000000e+00,0.000000e+00,0.000000e+00,0.000000e+00,9.999921e+04,1.831216e+03,8.643989e+04,6.461110e-01,4.044751e-03,-2.109245e+01,-1.015892e+00,-1.445355e-03,-2.377273e-01,1.257772e-03,1.760077e-03,2.659249e+01,-6.123927e-01,2.639538e-03,-1.389475e-03,1.096977e-01,-9.118815e-04,-4.020111e+00,5.817163e+01,-1.161896e+00,2.319426e+03,-2.974724e+04,-1.820492e+03,-1.287899e+05,2.672530e-02,2.236039e+01,-5.916666e-04,1.237190e+01,1.822656e+03,-2.499833e+01
4.330051e-03,1.643302e+04,1.107073e+04,5.050938e-01,-4.728034e-03,8.571673e+00,1.023908e-01,9.774000e-07,3.299429e+03,0.000000e+00,0.000000e+00,5.373724e+03,0.000000e+00,0.000000e+00,0.000000e+00,0.000000e+00,0.000000e+00,0.000000e+00,0.000000e+00,0.000000e+00,0.000000e+00,0.000000e+00,0.000000e+00,0.000000e+00,0.000000e+00,0.000000e+00,0.000000e+00,0.000000e+00,0.000000e+00,0.000000e+00,0.000000e+00,0.000000e+00,0.000000e+00,0.000000e+00,0.000000e+00,0.000000e+00,0.000000e+00,0.000000e+00,0.000000e+00,0.000000e+00,0.000000e+00,0.000000e+00,0.000000e+00,0.000000e+00,0.000000e+00,0.000000e+00,0.000000e+00,0.000000e+00,0.000000e+00,1.643302e+04,3.871293e+02,1.436083e-01,-7.186191e-04,2.467224e-01,1.136610e-03,0.000000e+00,0.000000e+00,0.000000e+00,0.000000e+00,0.000000e+00,0.000000e+00,0.000000e+00,0.000000e+00,0.000000e+00,0.000000e+00,0.000000e+00,0.000000e+00,0.000000e+00,0.000000e+00,0.000000e+00,0.000000e+00,0.000000e+00,0.000000e+00,0.000000e+00,0.000000e+00,0.000000e+00,9.875630e+04,8.368852e+03,8.560769e+04,6.463392e-01,4.017571e-03,-2.108871e+01,-1.015507e+00,-1.450263e-03,-2.379366e-01,1.257771e-03,1.762128e-03,2.659958e+01,-6.109766e-01,2.638993e-03,-1.389474e-03,1.102648e-01,-9.230982e-04,-3.997448e+00,5.789238e+01,-1.144370e+00,2.318156e+03,-2.961956e+04,-8.358217e+03,-1.272963e+05,2.650861e-02,2.237835e+01,-3.578318e-04,9.069104e+01,1.808996e+03,-1.216522e+02
4.340803e-03,1.643810e+04,1.105805e+04,5.035096e-01,-4.724696e-03,8.579596e+00,1.023908e-01,9.774000e-07,3.305218e+03,0.000000e+00,0.000000e+00,5.375576e+03,0.000000e+00,0.000000e+00,0.000000e+00,0.000000e+00,0.000000e+00,0.000000e+00,0.000000e+00,0.000000e+00,0.000000e+00,0.000000e+00,0.000000e+00,0.000000e+00,0.000000e+00,0.000000e+00,0.000000e+00,0.000000e+00,0.000000e+00,0.000000e+00,0.000000e+00,0.000000e+00,0.000000e+00,0.000000e+00,0.000000e+00,0.000000e+00,0.000000e+00,0.000000e+00,0.000000e+00,0.000000e+00,0.000000e+00,0.000000e+00,0.000000e+00,0.000000e+00,0.000000e+00,0.000000e+00,0.000000e+00,0.000000e+00,0.000000e+00,1.643810e+04,3.848066e+02,1.427707e-01,-7.515952e-04,2.571929e-01,1.136610e-03,0.000000e+00,0.000000e+00,0.000000e+00,0.000000e+00,0.000000e+00,0.000000e+00,0.000000e+00,0.000000e+00,0.000000e+00,0.000000e+00,0.000000e+00,0.000000e+00,0.000000e+00,0.000000e+00,0.000000e+00,0.000000e+00,0.000000e+00,0.000000e+00,0.000000e+00,0.000000e+00,0.000000e+00,1.010132e+05,1.190542e+04,8.534715e+04,6.465731e-01,3.981134e-03,-2.108460e+01,-1.015069e+00,-1.466668e-03,-2.381643e-01,1.257772e-03,1.764373e-03,2.660750e+01,-6.093933e-01,2.636922e-03,-1.389473e-03,1.108854e-01,-9.352904e-04,-3.972533e+00,5.758551e+01,-1.121000e+00,2.316765e+03,-2.836695e+04,-1.189461e+04,-1.291641e+05,2.596901e-02,2.239798e+01,1.448294e-04,8.913979e+01,1.808996e+03,-1.844153e+02
4.350577e-03,1.644260e+04,1.104668e+04,5.020550e-01,-4.719967e-03,8.586867e+00,1.023908e-01,9.774000e-07,3.310421e+03,0.000000e+00,0.000000e+00,5.377269e+03,0.000000e+00,0.000000e+00,0.000000e+00,0.000000e+00,0.000000e+00,0.000000e+00,0.000000e+00,0.000000e+00,0.000000e+00,0.000000e+00,0.000000e+00,0.000000e+00,0.000000e+00,0.000000e+00,0.000000e+00,0.000000e+00,0.000000e+00,0.000000e+00,0.000000e+00,0.000000e+00,0.000000e+00,0.000000e+00,0.000000e+00,0.000000e+00,0.000000e+00,0.000000e+00,0.000000e+00,0.000000e+00,0.000000e+00,0.000000e+00,0.000000e+00,0.000000e+00,0.000000e+00,0.000000e+00,0.000000e+00,0.000000e+00,0.000000e+00,1.644260e+04,3.827283e+02,1.419589e-01,-7.644398e-04,2.667296e-01,1.136610e-03,0.000000e+00,0.000000e+00,0.000000e+00,0.000000e+00,0.000000e+00,0.000000e+00,0.000000e+00,0.000000e+00,0.000000e+00,0.000000e+00,0.000000e+00,0.000000e+00,0.000000e+00,0.000000e+00,0.000000e+00,0.000000e+00,0.000000e+00,0.000000e+00,0.000000e+00,0.000000e+00,0.000000e+00,1.037194e+05,2.080970e+04,8.390759e+04,6.467195e-01,4.011863e-03,-2.108086e+01,-1.014658e+00,-1.476333e-03,-2.383832e-01,1.257770e-03,1.766406e-03,2.661477e+01,-6.079391e-01,2.634631e-03,-1.389471e-03,1.114468e-01,-9.462763e-04,-3.949895e+00,5.732193e+01,-1.118888e+00,2.315507e+03,-2.585989e+04,-2.079875e+04,-1.308813e+05,2.564537e-02,2.241559e+01,2.888624e-04,1.621591e+02,1.824607e+03,-2.969900e+02
4.360351e-03,1.644702e+04,1.103549e+04,5.005980e-01,-4.713784e-03,8.594155e+00,1.023908e-01,9.774000e-07,3.315580e+03,0.000000e+00,0.000000e+00,5.378929e+03,0.000000e+00,0.000000e+00,0.000000e+00,0.000000e+00,0.000000e+00,0.000000e+00,0.000000e+00,0.000000e+00,0.000000e+00,0.000000e+00,0.000000e+00,0.000000e+00,0.000000e+00,0.000000e+00,0.000000e+00,0.000000e+00,0.000000e+00,0.000000e+00,0.000000e+00,0.000000e+00,0.000000e+00,0.000000e+00,0.000000e+00,0.000000e+00,0.000000e+00,0.000000e+00,0.000000e+00,0.000000e+00,0.000000e+00,0.000000e+00,0.000000e+00,0.000000e+00,0.000000e+00,0.000000e+00,0.000000e+00,0.000000e+00,0.000000e+00,1.644702e+04,3.807404e+02,1.410919e-01,-6.964554e-04,2.762275e-01,1.136610e-03,0.000000e+00,0.000000e+00,0.000000e+00,0.000000e+00,0.000000e+00,0.000000e+00,0.000000e+00,0.000000e+00,0.000000e+00,0.000000e+00,0.000000e+00,0.000000e+00,0.000000e+00,0.000000e+00,0.000000e+00,0.000000e+00,0.000000e+00,0.000000e+00,0.000000e+00,0.000000e+00,0.000000e+00,1.027011e+05,1.174545e+04,8.228789e+04,6.468242e-01,4.056779e-03,-2.107715e+01,-1.014240e+00,-1.485064e-03,-2.385988e-01,1.257770e-03,1.768382e-03,2.662205e+01,-6.064836e-01,2.631427e-03,-1.389472e-03,1.120058e-01,-9.572431e-04,-3.927270e+00,5.707065e+01,-1.140164e+00,2.314253e+03,-2.493020e+04,-1.173461e+04,-1.292190e+05,2.554928e-02,2.243307e+01,9.501397e-05,8.810880e+01,1.793384e+03,-1.925339e+02
4.370125e-03,1.645130e+04,1.102450e+04,4.991456e-01,-4.708881e-03,8.601416e+00,1.023908e-01,9.774000e-07,3.320661e+03,0.000000e+00,0.000000e+00,5.380549e+03,0.000000e+00,0.000000e+00,0.000000e+00,0.000000e+00,0.000000e+00,0.000000e+00,0.000000e+00,0.000000e+00,0.000000e+00,0.000000e+00,0.000000e+00,0.000000e+00,0.000000e+00,0.000000e+00,0.000000e+00,0.000000e+00,0.000000e+00,0.000000e+00,0.000000e+00,0.000000e+00,0.000000e+00,0.000000e+00,0.000000e+00,0.000000e+00,0.000000e+00,0.000000e+00,0.000000e+00,0.000000e+00,0.000000e+00,0.000000e+00,0.000000e+00,0.000000e+00,0.000000e+00,0.000000e+00,0.000000e+00,0.000000e+00,0.000000e+00,1.645130e+04,3.788638e+02,1.402069e-01,-7.015874e-04,2.856894e-01,1.136610e-03,0.000000e+00,0.000000e+00,0.000000e+00,0.000000e+00,0.000000e+00,0.000000e+00,0.000000e+00,0.000000e+00,0.000000e+00,0.000000e+00,0.000000e+00,0.000000e+00,0.000000e+00,0.000000e+00,0.000000e+00,0.000000e+00,0.000000e+00,0.000000e+00,0.000000e+00,0.000000e+00,0.000000e+00,1.005371e+05,-1.195255e+04,8.045434e+04,6.468930e-01,4.001125e-03,-2.107350e+01,-1.013818e+00,-1.502188e-03,-2.388027e-01,1.257769e-03,1.770362e-03,2.662931e+01,-6.050342e-01,2.627212e-03,-1.389471e-03,1.125623e-01,-9.682002e-04,-3.904657e+00,5.682979e+01,-1.136926e+00,2.313012e+03,-2.434414e+04,1.196319e+04,-1.264426e+05,2.523313e-02,2.245027e+01,2.102353e-04,-1.408799e+02,1.752403e+03,1.754962e+02
4.380876e-03,1.645595e+04,1.101258e+04,4.975709e-01,-4.701342e-03,8.609293e+00,1.023908e-01,9.774000e-07,3.326252e+03,0.000000e+00,0.000000e+00,5.382356e+03,0.000000e+00,0.000000e+00,0.000000e+00,0.000000e+00,0.000000e+00,0.000000e+00,0.000000e+00,0.000000e+00,0.000000e+00,0.000000e+00,0.000000e+00,0.000000e+00,0.000000e+00,0.000000e+00,0.000000e+00,0.000000e+00,0.000000e+00,0.000000e+00,0.000000e+00,0.000000e+00,0.000000e+00,0.000000e+00,0.000000e+00,0.000000e+00,0.000000e+00,0.000000e+00,0.000000e+00,0.000000e+00,0.000000e+00,0.000000e+00,0.000000e+00,0.000000e+00,0.000000e+00,0.000000e+00,0.000000e+00,0.000000e+00,0.000000e+00,1.645595e+04,3.769744e+02,1.392686e-01,-7.727109e-04,2.960390e-01,1.136610e-03,0.000000e+00,0.000000e+00,0.000000e+00,0.000000e+00,0.000000e+00,0.000000e+00,0.000000e+00,0.000000e+00,0.000000e+00,0.000000e+00,0.000000e+00,0.000000e+00,0.000000e+00,0.000000e+00,0.000000e+00,0.000000e+00,0.000000e+00,0.000000e+00,0.000000e+00,0.000000e+00,0.000000e+00,1.000865e+05,3.938402e+03,8.080985e+04,6.469635e-01,3.949841e-03,-2.106946e+01,-1.013336e+00,-1.505392e-03,-2.390096e-01,1.257768e-03,1.772429e-03,2.663718e+01,-6.034623e-01,2.621194e-03,-1.389469e-03,1.131717e-01,-9.801876e-04,-3.879797e+00,5.656245e+01,-1.101738e+00,2.311644e+03,-2.489930e+04,-3.927747e+03,-1.262048e+05,2.489719e-02,2.246917e+01,7.202636e-04,5.978226e+01,1.732889e+03,-4.822237e+01
4.390650e-03,1.646009e+04,1.100197e+04,4.961654e-01,-4.693042e-03,8.616325e+00,1.023908e-01,9.774000e-07,3.331252e+03,0.000000e+00,0.000000e+00,5.383858e+03,0.000000e+00,0.000000e+00,0.000000e+00,0.000000e+00,0.000000e+00,0.000000e+00,0.000000e+00,0.000000e+00,0.000000e+00,0.000000e+00,0.000000e+00,0.000000e+00,0.000000e+00,0.000000e+00,0.000000e+00,0.000000e+00,0.000000e+00,0.000000e+00,0.000000e+00,0.000000e+00,0.000000e+00,0.000000e+00,0.000000e+00,0.000000e+00,0.000000e+00,0.000000e+00,0.000000e+00,0.000000e+00,0.000000e+00,0.000000e+00,0.000000e+00,0.000000e+00,0.000000e+00,0.000000e+00,0.000000e+00,0.000000e+00,0.000000e+00,1.646009e+04,3.754150e+02,1.384158e-01,-7.180813e-04,3.053405e-01,1.136610e-03,0.000000e+00,0.000000e+00,0.000000e+00,0.000000e+00,0.000000e+00,0.000000e+00,0.000000e+00,0.000000e+00,0.000000e+00,0.000000e+00,0.000000e+00,0.000000e+00,0.000000e+00,0.000000e+00,0.000000e+00,0.000000e+00,0.000000e+00,0.000000e+00,0.000000e+00,0.000000e+00,0.000000e+00,9.955279e+04,5.108438e+03,7.835778e+04,6.469849e-01,3.994039e-03,-2.106584e+01,-1.012888e+00,-1.499482e-03,-2.391879e-01,1.257768e-03,1.774268e-03,2.664420e+01,-6.020595e-01,2.615235e-03,-1.389467e-03,1.137233e-01,-9.910809e-04,-3.857210e+00,5.632758e+01,-1.118726e+00,2.310412e+03,-2.300535e+04,-5.097907e+03,-1.245856e+05,2.521029e-02,2.248607e+01,4.257792e-04,4.833273e+01,1.699714e+03,-7.273499e+01
4.400424e-03,1.646409e+04,1.099167e+04,4.947854e-01,-4.685701e-03,8.623229e+00,1.023908e-01,9.774000e-07,3.336093e+03,0.000000e+00,0.000000e+00,5.385357e+03,0.000000e+00,0.000000e+00,0.000000e+00,0.000000e+00,0.000000e+00,0.000000e+00,0.000000e+00,0.000000e+00,0.000000e+00,0.000000e+00,0.000000e+00,0.000000e+00,0.000000e+00,0.000000e+00,0.000000e+00,0.000000e+00,0.000000e+00,0.000000e+00,0.000000e+00,0.000000e+00,0.000000e+00,0.000000e+00,0.000000e+00,0.000000e+00,0.000000e+00,0.000000e+00,0.000000e+00,0.000000e+00,0.000000e+00,0.000000e+00,0.000000e+00,0.000000e+00,0.000000e+00,0.000000e+00,0.000000e+00,0.000000e+00,0.000000e+00,1.646409e+04,3.738806e+02,1.375497e-01,-7.011190e-04,3.144083e-01,1.136610e-03,0.000000e+00,0.000000e+00,0.000000e+00,0.000000e+00,0.000000e+00,0.000000e+00,0.000000e+00,0.000000e+00,0.000000e+00,0.000000e+00,0.000000e+00,0.000000e+00,0.000000e+00,0.000000e+00,0.000000e+00,0.000000e+00,0.000000e+00,0.000000e+00,0.000000e+00,0.000000e+00,0.000000e+00,9.792552e+04,-6.054353e+03,7.571023e+04,6.469573e-01,3.973629e-03,-2.106231e+01,-1.012439e+00,-1.501950e-03,-2.393625e-01,1.257767e-03,1.776027e-03,2.665110e+01,-6.006815e-01,2.609410e-03,-1.389466e-03,1.142726e-01,-1.002003e-03,-3.834634e+00,5.610867e+01,-1.122618e+00,2.309215e+03,-2.144638e+04,6.064675e+03,-1.219072e+05,2.527113e-02,2.250242e+01,2.967521e-04,-6.860572e+01,1.668491e+03,6.209252e+01
4.410198e-03,1.646799e+04,1.098167e+04,4.934308e-01,-4.676926e-03,8.630008e+00,1.023908e-01,9.774000e-07,3.340821e+03,0.000000e+00,0.000000e+00,5.386812e+03,0.000000e+00,0.000000e+00,0.000000e+00,0.000000e+00,0.000000e+00,0.000000e+00,0.000000e+00,0.000000e+00,0.000000e+00,0.000000e+00,0.000000e+00,0.000000e+00,0.000000e+00,0.000000e+00,0.000000e+00,0.000000e+00,0.000000e+00,0.000000e+00,0.000000e+00,0.000000e+00,0.000000e+00,0.000000e+00,0.000000e+00,0.000000e+00,0.000000e+00,0.000000e+00,0.000000e+00,0.000000e+00,0.000000e+00,0.000000e+00,0.000000e+00,0.000000e+00,0.000000e+00,0.000000e+00,0.000000e+00,0.000000e+00,0.000000e+00,1.646799e+04,3.724106e+02,1.366836e-01,-7.194873e-04,3.233023e-01,1.136610e-03,0.000000e+00,0.000000e+00,0.000000e+00,0.000000e+00,0.000000e+00,0.000000e+00,0.000000e+00,0.000000e+00,0.000000e+00,0.000000e+00,0.000000e+00,0.000000e+00,0.000000e+00,0.000000e+00,0.000000e+00,0.000000e+00,0.000000e+00,0.000000e+00,0.000000e+00,0.000000e+00,0.000000e+00,9.431173e+04,-1.260164e+03,7.213527e+04,6.468859e-01,3.956078e-03,-2.105888e+01,-1.011991e+00,-1.504408e-03,-2.395206e-01,1.257767e-03,1.777768e-03,2.665787e+01,-5.993294e-01,2.603107e-03,-1.389466e-03,1.148199e-01,-1.012935e-03,-3.812070e+00,5.590466e+01,-1.111229e+00,2.308045e+03,-1.998946e+04,1.270097e+03,-1.170410e+05,2.514592e-02,2.251839e+01,3.965510e-04,-8.737700e+00,1.598239e+03,1.987886e+01
4.420950e-03,1.647216e+04,1.097102e+04,4.919707e-01,-4.669587e-03,8.637309e+00,1.023908e-01,9.774000e-07,3.345896e+03,0.000000e+00,0.000000e+00,5.388426e+03,0.000000e+00,0.000000e+00,0.000000e+00,0.000000e+00,0.000000e+00,0.000000e+00,0.000000e+00,0.000000e+00,0.000000e+00,0.000000e+00,0.000000e+00,0.000000e+00,0.000000e+00,0.000000e+00,0.000000e+00,0.000000e+00,0.000000e+00,0.000000e+00,0.000000e+00,0.000000e+00,0.000000e+00,0.000000e+00,0.000000e+00,0.000000e+00,0.000000e+00,0.000000e+00,0.000000e+00,0.000000e+00,0.000000e+00,0.000000e+00,0.000000e+00,0.000000e+00,0.000000e+00,0.000000e+00,0.000000e+00,0.000000e+00,0.000000e+00,1.647216e+04,3.708940e+02,1.357108e-01,-6.612894e-04,3.328913e-01,1.136610e-03,0.000000e+00,0.000000e+00,0.000000e+00,0.000000e+00,0.000000e+00,0.000000e+00,0.000000e+00,0.000000e+00,0.000000e+00,0.000000e+00,0.000000e+00,0.000000e+00,0.000000e+00,0.000000e+00,0.000000e+00,0.000000e+00,0.000000e+00,0.000000e+00,0.000000e+00,0.000000e+00,0.000000e+00,9.436564e+04,2.653995e+03,7.052677e+04,6.467527e-01,4.018608e-03,-2.105520e+01,-1.011497e+00,-1.500290e-03,-2.396839e-01,1.257767e-03,1.779595e-03,2.666516e+01,-5.978716e-01,2.596845e-03,-1.389465e-03,1.154197e-01,-1.025022e-03,-3.787263e+00,5.569733e+01,-1.130747e+00,2.306791e+03,-1.856868e+04,-2.644107e+03,-1.163364e+05,2.533455e-02,2.253550e+01,1.290815e-04,2.189666e+01,1.588482e+03,-2.783979e+01
4.430723e-03,1.647583e+04,1.096157e+04,4.906647e-01,-4.662369e-03,8.643843e+00,1.023908e-01,9.774000e-07,3.350411e+03,0.000000e+00,0.000000e+00,5.389825e+03,0.000000e+00,0.000000e+00,0.000000e+00,0.000000e+00,0.000000e+00,0.000000e+00,0.000000e+00,0.000000e+00,0.000000e+00,0.000000e+00,0.000000e+00,0.000000e+00,0.000000e+00,0.000000e+00,0.000000e+00,0.000000e+00,0.000000e+00,0.000000e+00,0.000000e+00,0.000000e+00,0.000000e+00,0.000000e+00,0.000000e+00,0.000000e+00,0.000000e+00,0.000000e+00,0.000000e+00,0.000000e+00,0.000000e+00,0.000000e+00,0.000000e+00,0.000000e+00,0.000000e+00,0.000000e+00,0.000000e+00,0.000000e+00,0.000000e+00,1.647583e+04,3.696281e+02,1.348270e-01,-6.354881e-04,3.414865e-01,1.136610e-03,0.000000e+00,0.000000e+00,0.000000e+00,0.000000e+00,0.000000e+00,0.000000e+00,0.000000e+00,0.000000e+00,0.000000e+00,0.000000e+00,0.000000e+00,0.000000e+00,0.000000e+00,0.000000e+00,0.000000e+00,0.000000e+00,0.000000e+00,0.000000e+00,0.000000e+00,0.000000e+00,0.000000e+00,9.140634e+04,-3.031726e+03,6.799792e+04,6.466041e-01,4.037451e-03,-2.105193e+01,-1.011045e+00,-1.501225e-03,-2.398271e-01,1.257766e-03,1.781230e-03,2.667169e+01,-5.965676e-01,2.591265e-03,-1.389464e-03,1.159632e-01,-1.036078e-03,-3.764723e+00,5.551778e+01,-1.143057e+00,2.305670e+03,-1.773034e+04,3.041317e+03,-1.125363e+05,2.545773e-02,2.255073e+01,-6.472215e-05,-3.501750e+01,1.526035e+03,3.229375e+01
4.440498e-03,1.647938e+04,1.095236e+04,4.893793e-01,-4.656509e-03,8.650273e+00,1.023908e-01,9.774000e-07,3.354834e+03,0.000000e+00,0.000000e+00,5.391159e+03,0.000000e+00,0.000000e+00,0.000000e+00,0.000000e+00,0.000000e+00,0.000000e+00,0.000000e+00,0.000000e+00,0.000000e+00,0.000000e+00,0.000000e+00,0.000000e+00,0.000000e+00,0.000000e+00,0.000000e+00,0.000000e+00,0.000000e+00,0.000000e+00,0.000000e+00,0.000000e+00,0.000000e+00,0.000000e+00,0.000000e+00,0.000000e+00,0.000000e+00,0.000000e+00,0.000000e+00,0.000000e+00,0.000000e+00,0.000000e+00,0.000000e+00,0.000000e+00,0.000000e+00,0.000000e+00,0.000000e+00,0.000000e+00,0.000000e+00,1.647938e+04,3.684243e+02,1.339402e-01,-6.549670e-04,3.499371e-01,1.136610e-03,0.000000e+00,0.000000e+00,0.000000e+00,0.000000e+00,0.000000e+00,0.000000e+00,0.000000e+00,0.000000e+00,0.000000e+00,0.000000e+00,0.000000e+00,0.000000e+00,0.000000e+00,0.000000e+00,0.000000e+00,0.000000e+00,0.000000e+00,0.000000e+00,0.000000e+00,0.000000e+00,0.000000e+00,8.937981e+04,-1.215751e+03,6.494617e+04,6.464198e-01,4.003114e-03,-2.104873e+01,-1.010598e+00,-1.504814e-03,-2.399704e-01,1.257765e-03,1.782791e-03,2.667811e+01,-5.952835e-01,2.585988e-03,-1.389463e-03,1.165049e-01,-1.047137e-03,-3.742193e+00,5.535044e+01,-1.128206e+00,2.304580e+03,-1.599404e+04,1.225082e+03,-1.093203e+05,2.529065e-02,2.256562e+01,1.079039e-04,-1.727911e+01,1.500666e+03,1.463585e+01
4.450271e-03,1.648281e+04,1.094345e+04,4.881075e-01,-4.649563e-03,8.656636e+00,1.023908e-01,9.774000e-07,3.359198e+03,0.000000e+00,0.000000e+00,5.392524e+03,0.000000e+00,0.000000e+00,0.000000e+00,0.000000e+00,0.000000e+00,0.000000e+00,0.000000e+00,0.000000e+00,0.000000e+00,0.000000e+00,0.000000e+00,0.000000e+00,0.000000e+00,0.000000e+00,0.000000e+00,0.000000e+00,0.000000e+00,0.000000e+00,0.000000e+00,0.000000e+00,0.000000e+00,0.000000e+00,0.000000e+00,0.000000e+00,0.000000e+00,0.000000e+00,0.000000e+00,0.000000e+00,0.000000e+00,0.000000e+00,0.000000e+00,0.000000e+00,0.000000e+00,0.000000e+00,0.000000e+00,0.000000e+00,0.000000e+00,1.648281e+04,3.672586e+02,1.330442e-01,-6.497535e-04,3.582571e-01,1.136609e-03,0.000000e+00,0.000000e+00,0.000000e+00,0.000000e+00,0.000000e+00,0.000000e+00,0.000000e+00,0.000000e+00,0.000000e+00,0.000000e+00,0.000000e+00,0.000000e+00,0.000000e+00,0.000000e+00,0.000000e+00,0.000000e+00,0.000000e+00,0.000000e+00,0.000000e+00,0.000000e+00,0.000000e+00,8.774291e+04,4.378924e+03,6.265536e+04,6.461834e-01,4.016592e-03,-2.104562e+01,-1.010150e+00,-1.504141e-03,-2.401087e-01,1.257765e-03,1.784314e-03,2.668447e+01,-5.940133e-01,2.580867e-03,-1.389462e-03,1.170450e-01,-1.058173e-03,-3.719674e+00,5.519946e+01,-1.127682e+00,2.303515e+03,-1.474943e+04,-4.369792e+03,-1.068038e+05,2.528621e-02,2.258030e+01,1.100784e-04,4.957525e+01,1.477249e+03,-6.209346e+01
4.460046e-03,1.648614e+04,1.093484e+04,4.868526e-01,-4.643511e-03,8.662914e+00,1.023908e-01,9.774000e-07,3.363462e+03,0.000000e+00,0.000000e+00,5.393878e+03,0.000000e+00,0.000000e+00,0.000000e+00,0.000000e+00,0.000000e+00,0.000000e+00,0.000000e+00,0.000000e+00,0.000000e+00,0.000000e+00,0.000000e+00,0.000000e+00,0.000000e+00,0.000000e+00,0.000000e+00,0.000000e+00,0.000000e+00,0.000000e+00,0.000000e+00,0.000000e+00,0.000000e+00,0.000000e+00,0.000000e+00,0.000000e+00,0.000000e+00,0.000000e+00,0.000000e+00,0.000000e+00,0.000000e+00,0.000000e+00,0.000000e+00,0.000000e+00,0.000000e+00,0.000000e+00,0.000000e+00,0.000000e+00,0.000000e+00,1.648614e+04,3.661678e+02,1.321050e-01,-6.289687e-04,3.664230e-01,1.136610e-03,0.000000e+00,0.000000e+00,0.000000e+00,0.000000e+00,0.000000e+00,0.000000e+00,0.000000e+00,0.000000e+00,0.000000e+00,0.000000e+00,0.000000e+00,0.000000e+00,0.000000e+00,0.000000e+00,0.000000e+00,0.000000e+00,0.000000e+00,0.000000e+00,0.000000e+00,0.000000e+00,0.000000e+00,8.655890e+04,2.924268e+03,6.100670e+04,6.459154e-01,4.033321e-03,-2.104259e+01,-1.009706e+00,-1.506464e-03,-2.402319e-01,1.257763e-03,1.785779e-03,2.669075e+01,-5.927591e-01,2.575879e-03,-1.389461e-03,1.175838e-01,-1.069236e-03,-3.697165e+00,5.506055e+01,-1.133472e+00,2.302478e+03,-1.386221e+04,-2.915274e+03,-1.049864e+05,2.533922e-02,2.259465e+01,7.554782e-05,2.906405e+01,1.447977e+03,-3.292326e+01
4.470797e-03,1.648966e+04,1.092555e+04,4.854794e-01,-4.635728e-03,8.669787e+00,1.023908e-01,9.871727e-07,3.368018e+03,0.000000e+00,0.000000e+00,5.395194e+03,0.000000e+00,0.000000e+00,0.000000e+00,0.000000e+00,0.000000e+00,0.000000e+00,0.000000e+00,0.000000e+00,0.000000e+00,0.000000e+00,0.000000e+00,0.000000e+00,0.000000e+00,0.000000e+00,0.000000e+00,0.000000e+00,0.000000e+00,0.000000e+00,0.000000e+00,0.000000e+00,0.000000e+00,0.000000e+00,0.000000e+00,0.000000e+00,0.000000e+00,0.000000e+00,0.000000e+00,0.000000e+00,0.000000e+00,0.000000e+00,0.000000e+00,0.000000e+00,0.000000e+00,0.000000e+00,0.000000e+00,0.000000e+00,0.000000e+00,1.648966e+04,3.650698e+02,1.310278e-01,-5.949792e-04,3.753045e-01,1.136610e-03,0.000000e+00,0.000000e+00,0.000000e+00,0.000000e+00,0.000000e+00,0.000000e+00,0.000000e+00,0.000000e+00,0.000000e+00,0.000000e+00,0.000000e+00,0.000000e+00,0.000000e+00,0.000000e+00,0.000000e+00,0.000000e+00,0.000000e+00,0.000000e+00,0.000000e+00,0.000000e+00,0.000000e+00,8.374979e+04,-8.351002e+02,5.961504e+04,6.456314e-01,4.070243e-03,-2.103934e+01,-1.009230e+00,-1.510180e-03,-2.403623e-01,1.257762e-03,1.787368e-03,2.669762e+01,-5.913864e-01,2.569696e-03,-1.389459e-03,1.181749e-01,-1.081490e-03,-3.672416e+00,5.491005e+01,-1.147936e+00,2.301363e+03,-1.395804e+04,8.438580e+02,-1.018486e+05,2.548735e-02,2.260997e+01,-4.727753e-05,-1.471668e+01,1.394172e+03,1.056646e+01
4.480674e-03,1.649281e+04,1.091719e+04,4.842273e-01,-4.628576e-03,8.676054e+00,1.023908e-01,9.881429e-07,3.372070e+03,0.000000e+00,0.000000e+00,5.396392e+03,0.000000e+00,0.000000e+00,0.000000e+00,0.000000e+00,0.000000e+00,0.000000e+00,0.000000e+00,0.000000e+00,0.000000e+00,0.000000e+00,0.000000e+00,0.000000e+00,0.000000e+00,0.000000e+00,0.000000e+00,0.000000e+00,0.000000e+00,0.000000e+00,0.000000e+00,0.000000e+00,0.000000e+00,0.000000e+00,0.000000e+00,0.000000e+00,0.000000e+00,0.000000e+00,0.000000e+00,0.000000e+00,0.000000e+00,0.000000e+00,0.000000e+00,0.000000e+00,0.000000e+00,0.000000e+00,0.000000e+00,0.000000e+00,0.000000e+00,1.649281e+04,3.640486e+02,1.300557e-01,-5.746575e-04,3.833660e-01,1.136610e-03,0.000000e+00,0.000000e+00,0.000000e+00,0.000000e+00,0.000000e+00,0.000000e+00,0.000000e+00,0.000000e+00,0.000000e+00,0.000000e+00,0.000000e+00,0.000000e+00,0.000000e+00,0.000000e+00,0.000000e+00,0.000000e+00,0.000000e+00,0.000000e+00,0.000000e+00,0.000000e+00,0.000000e+00,8.132720e+04,1.774620e+03,5.765846e+04,6.453776e-01,4.088399e-03,-2.103643e+01,-1.008801e+00,-1.513121e-03,-2.404737e-01,1.257762e-03,1.788766e-03,2.670389e+01,-5.901354e-01,2.563957e-03,-1.389457e-03,1.187165e-01,-1.092826e-03,-3.649692e+00,5.477267e+01,-1.150382e+00,2.300363e+03,-1.337076e+04,-1.766101e+03,-9.879203e+04,2.545759e-02,2.262358e+01,-5.077545e-05,1.522375e+01,1.343491e+03,-2.355534e+01
4.490559e-03,1.649585e+04,1.090903e+04,4.829770e-01,-4.621515e-03,8.682313e+00,1.023908e-01,9.889305e-07,3.376010e+03,0.000000e+00,0.000000e+00,5.397574e+03,0.000000e+00,0.000000e+00,0.000000e+00,0.000000e+00,0.000000e+00,0.000000e+00,0.000000e+00,0.000000e+00,0.000000e+00,0.000000e+00,0.000000e+00,0.000000e+00,0.000000e+00,0.000000e+00,0.000000e+00,0.000000e+00,0.000000e+00,0.000000e+00,0.000000e+00,0.000000e+00,0.000000e+00,0.000000e+00,0.000000e+00,0.000000e+00,0.000000e+00,0.000000e+00,0.000000e+00,0.000000e+00,0.000000e+00,0.000000e+00,0.000000e+00,0.000000e+00,0.000000e+00,0.000000e+00,0.000000e+00,0.000000e+00,0.000000e+00,1.649585e+04,3.630613e+02,1.290748e-01,-5.617470e-04,3.913700e-01,1.136610e-03,0.000000e+00,0.000000e+00,0.000000e+00,0.000000e+00,0.000000e+00,0.000000e+00,0.000000e+00,0.000000e+00,0.000000e+00,0.000000e+00,0.000000e+00,0.000000e+00,0.000000e+00,0.000000e+00,0.000000e+00,0.000000e+00,0.000000e+00,0.000000e+00,0.000000e+00,0.000000e+00,0.000000e+00,8.087712e+04,7.165974e+02,5.689796e+04,6.451090e-01,4.096229e-03,-2.103358e+01,-1.008375e+00,-1.517069e-03,-2.405725e-01,1.257760e-03,1.790145e-03,2.671014e+01,-5.888852e-01,2.558278e-03,-1.389455e-03,1.192572e-01,-1.104195e-03,-3.626957e+00,5.464132e+01,-1.152621e+00,2.299385e+03,-1.292760e+04,-7.081220e+02,-9.803762e+04,2.540780e-02,2.263681e+01,-5.360178e-05,1.143322e+00,1.319277e+03,-1.347330e+01
4.500428e-03,1.649878e+04,1.090118e+04,4.817071e-01,-4.535796e-03,8.688560e+00,1.023909e-01,9.898436e-07,3.379823e+03,0.000000e+00,0.000000e+00,5.398748e+03,0.000000e+00,0.000000e+00,0.000000e+00,0.000000e+00,0.000000e+00,0.000000e+00,0.000000e+00,0.000000e+00,0.000000e+00,0.000000e+00,0.000000e+00,0.000000e+00,0.000000e+00,0.000000e+00,0.000000e+00,0.000000e+00,0.000000e+00,0.000000e+00,0.000000e+00,0.000000e+00,0.000000e+00,0.000000e+00,0.000000e+00,0.000000e+00,0.000000e+00,0.000000e+00,0.000000e+00,0.000000e+00,0.000000e+00,0.000000e+00,0.000000e+00,0.000000e+00,0.000000e+00,0.000000e+00,0.000000e+00,0.000000e+00,0.000000e+00,1.649878e+04,3.621447e+02,1.280777e-01,-5.512938e-04,3.992712e-01,1.136610e-03,0.000000e+00,0.000000e+00,0.000000e+00,0.000000e+00,0.000000e+00,0.000000e+00,0.000000e+00,0.000000e+00,0.000000e+00,0.000000e+00,0.000000e+00,0.000000e+00,0.000000e+00,0.000000e+00,0.000000e+00,0.000000e+00,0.000000e+00,0.000000e+00,0.000000e+00,0.000000e+00,0.000000e+00,7.860295e+04,-1.096496e+03,5.401475e+04,6.448337e-01,4.102947e-03,-2.103079e+01,-1.007964e+00,-1.512150e-03,-2.406663e-01,1.257759e-03,1.791465e-03,2.671636e+01,-5.876443e-01,2.552703e-03,-1.389454e-03,1.197957e-01,-1.115570e-03,-3.604270e+00,5.451322e+01,-1.154311e+00,2.298426e+03,-1.144812e+04,1.104693e+03,-9.468337e+04,2.533050e-02,2.264961e+01,-3.789142e-06,-6.227067e+00,1.281470e+03,-1.722040e+01
4.510330e-03,1.650163e+04,1.089354e+04,4.804404e-01,-4.602722e-03,8.694818e+00,1.023909e-01,9.774000e-07,3.383530e+03,0.000000e+00,0.000000e+00,5.399911e+03,0.000000e+00,0.000000e+00,0.000000e+00,0.000000e+00,0.000000e+00,0.000000e+00,0.000000e+00,0.000000e+00,0.000000e+00,0.000000e+00,0.000000e+00,0.000000e+00,0.000000e+00,0.000000e+00,0.000000e+00,0.000000e+00,0.000000e+00,0.000000e+00,0.000000e+00,0.000000e+00,0.000000e+00,0.000000e+00,0.000000e+00,0.000000e+00,0.000000e+00,0.000000e+00,0.000000e+00,0.000000e+00,0.000000e+00,0.000000e+00,0.000000e+00,0.000000e+00,0.000000e+00,0.000000e+00,0.000000e+00,0.000000e+00,0.000000e+00,1.650163e+04,3.612717e+02,1.270519e-01,-5.431101e-04,4.071230e-01,1.136610e-03,0.000000e+00,0.000000e+00,0.000000e+00,0.000000e+00,0.000000e+00,0.000000e+00,0.000000e+00,0.000000e+00,0.000000e+00,0.000000e+00,0.000000e+00,0.000000e+00,0.000000e+00,0.000000e+00,0.000000e+00,0.000000e+00,0.000000e+00,0.000000e+00,0.000000e+00,0.000000e+00,0.000000e+00,7.710051e+04,-1.383018e+03,5.389859e+04,6.445445e-01,4.095973e-03,-2.102808e+01,-1.007565e+00,-1.502108e-03,-2.407522e-01,1.257760e-03,1.792773e-03,2.672260e+01,-5.864025e-01,2.546652e-03,-1.389453e-03,1.203349e-01,-1.126974e-03,-3.581516e+00,5.439402e+01,-1.152444e+00,2.297491e+03,-1.206223e+04,1.391126e+03,-9.329537e+04,2.529164e-02,2.266205e+01,-2.888864e-05,-4.107578e-01,1.232773e+03,-3.675745e+01
4.520201e-03,1.650436e+04,1.088608e+04,4.792061e-01,-4.596367e-03,8.701006e+00,1.023909e-01,9.915716e-07,3.387119e+03,0.000000e+00,0.000000e+00,5.401043e+03,0.000000e+00,0.000000e+00,0.000000e+00,0.000000e+00,0.000000e+00,0.000000e+00,0.000000e+00,0.000000e+00,0.000000e+00,0.000000e+00,0.000000e+00,0.000000e+00,0.000000e+00,0.000000e+00,0.000000e+00,0.000000e+00,0.000000e+00,0.000000e+00,0.000000e+00,0.000000e+00,0.000000e+00,0.000000e+00,0.000000e+00,0.000000e+00,0.000000e+00,0.000000e+00,0.000000e+00,0.000000e+00,0.000000e+00,0.000000e+00,0.000000e+00,0.000000e+00,0.000000e+00,0.000000e+00,0.000000e+00,0.000000e+00,0.000000e+00,1.650436e+04,3.604825e+02,1.260109e-01,-5.494473e-04,4.148876e-01,1.136609e-03,0.000000e+00,0.000000e+00,0.000000e+00,0.000000e+00,0.000000e+00,0.000000e+00,0.000000e+00,0.000000e+00,0.000000e+00,0.000000e+00,0.000000e+00,0.000000e+00,0.000000e+00,0.000000e+00,0.000000e+00,0.000000e+00,0.000000e+00,0.000000e+00,0.000000e+00,0.000000e+00,0.000000e+00,7.580958e+04,-8.184928e+02,5.165995e+04,6.442424e-01,4.091753e-03,-2.102545e+01,-1.007185e+00,-1.504604e-03,-2.408420e-01,1.257758e-03,1.794036e-03,2.672879e+01,-5.851688e-01,2.540374e-03,-1.389452e-03,1.208712e-01,-1.138286e-03,-3.558843e+00,5.427967e+01,-1.150071e+00,2.296580e+03,-1.069641e+04,8.264201e+02,-9.111211e+04,2.524010e-02,2.267408e+01,-7.058971e-05,-6.257433e+00,1.209963e+03,-1.701478e+01
4.530119e-03,1.650700e+04,1.087882e+04,4.779689e-01,-4.588415e-03,8.707210e+00,1.023909e-01,9.921472e-07,3.390635e+03,0.000000e+00,0.000000e+00,5.402162e+03,0.000000e+00,0.000000e+00,0.000000e+00,0.000000e+00,0.000000e+00,0.000000e+00,0.000000e+00,0.000000e+00,0.000000e+00,0.000000e+00,0.000000e+00,0.000000e+00,0.000000e+00,0.000000e+00,0.000000e+00,0.000000e+00,0.000000e+00,0.000000e+00,0.000000e+00,0.000000e+00,0.000000e+00,0.000000e+00,0.000000e+00,0.000000e+00,0.000000e+00,0.000000e+00,0.000000e+00,0.000000e+00,0.000000e+00,0.000000e+00,0.000000e+00,0.000000e+00,0.000000e+00,0.000000e+00,0.000000e+00,0.000000e+00,0.000000e+00,1.650700e+04,3.597482e+02,1.249658e-01,-5.551643e-04,4.226181e-01,1.136610e-03,0.000000e+00,0.000000e+00,0.000000e+00,0.000000e+00,0.000000e+00,0.000000e+00,0.000000e+00,0.000000e+00,0.000000e+00,0.000000e+00,0.000000e+00,0.000000e+00,0.000000e+00,0.000000e+00,0.000000e+00,0.000000e+00,0.000000e+00,0.000000e+00,0.000000e+00,0.000000e+00,0.000000e+00,7.407828e+04,-1.073917e+03,5.051554e+04,6.439225e-01,4.082637e-03,-2.102287e+01,-1.006810e+00,-1.508191e-03,-2.409228e-01,1.257759e-03,1.795296e-03,2.673500e+01,-5.839319e-01,2.533644e-03,-1.389451e-03,1.214090e-01,-1.149622e-03,-3.536069e+00,5.417350e+01,-1.145838e+00,2.295686e+03,-1.050351e+04,1.081687e+03,-8.904534e+04,2.516437e-02,2.268586e+01,-6.012658e-05,-1.828429e+01,1.168873e+03,2.722158e+01
4.540044e-03,1.650954e+04,1.087176e+04,4.767309e-01,-4.579769e-03,8.713422e+00,1.023909e-01,9.929447e-07,3.394060e+03,0.000000e+00,0.000000e+00,5.403272e+03,0.000000e+00,0.000000e+00,0.000000e+00,0.000000e+00,0.000000e+00,0.000000e+00,0.000000e+00,0.000000e+00,0.000000e+00,0.000000e+00,0.000000e+00,0.000000e+00,0.000000e+00,0.000000e+00,0.000000e+00,0.000000e+00,0.000000e+00,0.000000e+00,0.000000e+00,0.000000e+00,0.000000e+00,0.000000e+00,0.000000e+00,0.000000e+00,0.000000e+00,0.000000e+00,0.000000e+00,0.000000e+00,0.000000e+00,0.000000e+00,0.000000e+00,0.000000e+00,0.000000e+00,0.000000e+00,0.000000e+00,0.000000e+00,0.000000e+00,1.650954e+04,3.591038e+02,1.239109e-01,-5.590868e-04,4.303443e-01,1.136610e-03,0.000000e+00,0.000000e+00,0.000000e+00,0.000000e+00,0.000000e+00,0.000000e+00,0.000000e+00,0.000000e+00,0.000000e+00,0.000000e+00,0.000000e+00,0.000000e+00,0.000000e+00,0.000000e+00,0.000000e+00,0.000000e+00,0.000000e+00,0.000000e+00,0.000000e+00,0.000000e+00,0.000000e+00,7.248627e+04,-1.092895e+03,4.865022e+04,6.435933e-01,4.065481e-03,-2.102034e+01,-1.006441e+00,-1.512901e-03,-2.409966e-01,1.257757e-03,1.796510e-03,2.674123e+01,-5.826938e-01,2.526183e-03,-1.389449e-03,1.219461e-01,-1.160978e-03,-3.513289e+00,5.407057e+01,-1.140132e+00,2.294809e+03,-9.606125e+03,1.100482e+03,-8.676871e+04,2.508313e-02,2.269733e+01,-3.799649e-05,-1.193690e+01,1.139159e+03,8.554728e+00
4.550972e-03,1.651222e+04,1.086424e+04,4.753715e-01,-4.569342e-03,8.720249e+00,1.023909e-01,9.936225e-07,3.397746e+03,0.000000e+00,0.000000e+00,5.404449e+03,0.000000e+00,0.000000e+00,0.000000e+00,0.000000e+00,0.000000e+00,0.000000e+00,0.000000e+00,0.000000e+00,0.000000e+00,0.000000e+00,0.000000e+00,0.000000e+00,0.000000e+00,0.000000e+00,0.000000e+00,0.000000e+00,0.000000e+00,0.000000e+00,0.000000e+00,0.000000e+00,0.000000e+00,0.000000e+00,0.000000e+00,0.000000e+00,0.000000e+00,0.000000e+00,0.000000e+00,0.000000e+00,0.000000e+00,0.000000e+00,0.000000e+00,0.000000e+00,0.000000e+00,0.000000e+00,0.000000e+00,0.000000e+00,0.000000e+00,1.651222e+04,3.584900e+02,1.227182e-01,-5.567028e-04,4.387985e-01,1.136610e-03,0.000000e+00,0.000000e+00,0.000000e+00,0.000000e+00,0.000000e+00,0.000000e+00,0.000000e+00,0.000000e+00,0.000000e+00,0.000000e+00,0.000000e+00,0.000000e+00,0.000000e+00,0.000000e+00,0.000000e+00,0.000000e+00,0.000000e+00,0.000000e+00,0.000000e+00,0.000000e+00,0.000000e+00,7.086155e+04,-5.340218e+02,4.585755e+04,6.431910e-01,4.056163e-03,-2.101765e+01,-1.006034e+00,-1.517894e-03,-2.410625e-01,1.257756e-03,1.797819e-03,2.674804e+01,-5.813346e-01,2.517016e-03,-1.389448e-03,1.225363e-01,-1.173435e-03,-3.488219e+00,5.397295e+01,-1.137298e+00,2.293872e+03,-7.902482e+03,5.413760e+02,-8.403461e+04,2.501912e-02,2.270967e+01,-9.376192e-05,-2.770496e+00,1.115216e+03,-1.984283e+01
4.560912e-03,1.651451e+04,1.085764e+04,4.741346e-01,-4.558505e-03,8.726464e+00,1.023909e-01,9.942891e-07,3.401029e+03,0.000000e+00,0.000000e+00,5.405495e+03,0.000000e+00,0.000000e+00,0.000000e+00,0.000000e+00,0.000000e+00,0.000000e+00,0.000000e+00,0.000000e+00,0.000000e+00,0.000000e+00,0.000000e+00,0.000000e+00,0.000000e+00,0.000000e+00,0.000000e+00,0.000000e+00,0.000000e+00,0.000000e+00,0.000000e+00,0.000000e+00,0.000000e+00,0.000000e+00,0.000000e+00,0.000000e+00,0.000000e+00,0.000000e+00,0.000000e+00,0.000000e+00,0.000000e+00,0.000000e+00,0.000000e+00,0.000000e+00,0.000000e+00,0.000000e+00,0.000000e+00,0.000000e+00,0.000000e+00,1.651451e+04,3.579813e+02,1.215880e-01,-5.585055e-04,4.464353e-01,1.136609e-03,0.000000e+00,0.000000e+00,0.000000e+00,0.000000e+00,0.000000e+00,0.000000e+00,0.000000e+00,0.000000e+00,0.000000e+00,0.000000e+00,0.000000e+00,0.000000e+00,0.000000e+00,0.000000e+00,0.000000e+00,0.000000e+00,0.000000e+00,0.000000e+00,0.000000e+00,0.000000e+00,0.000000e+00,7.006546e+04,-2.093224e+03,4.482944e+04,6.427958e-01,4.009461e-03,-2.101527e+01,-1.005662e+00,-1.525955e-03,-2.411103e-01,1.257754e-03,1.798961e-03,2.675424e+01,-5.800980e-01,2.507230e-03,-1.389446e-03,1.230724e-01,-1.184675e-03,-3.465421e+00,5.389706e+01,-1.125713e+00,2.293043e+03,-7.377567e+03,2.100490e+03,-8.285160e+04,2.492140e-02,2.272065e+01,-1.626431e-04,-1.886714e+01,1.095392e+03,6.425468e+00
4.570857e-03,1.651668e+04,1.085113e+04,4.728985e-01,-4.546367e-03,8.732673e+00,1.023909e-01,9.946849e-07,3.404178e+03,0.000000e+00,0.000000e+00,5.406702e+03,0.000000e+00,0.000000e+00,0.000000e+00,0.000000e+00,0.000000e+00,0.000000e+00,0.000000e+00,0.000000e+00,0.000000e+00,0.000000e+00,0.000000e+00,0.000000e+00,0.000000e+00,0.000000e+00,0.000000e+00,0.000000e+00,0.000000e+00,0.000000e+00,0.000000e+00,0.000000e+00,0.000000e+00,0.000000e+00,0.000000e+00,0.000000e+00,0.000000e+00,0.000000e+00,0.000000e+00,0.000000e+00,0.000000e+00,0.000000e+00,0.000000e+00,0.000000e+00,0.000000e+00,0.000000e+00,0.000000e+00,0.000000e+00,0.000000e+00,1.651668e+04,3.576012e+02,1.204563e-01,-5.519857e-04,4.540730e-01,1.136610e-03,0.000000e+00,0.000000e+00,0.000000e+00,0.000000e+00,0.000000e+00,0.000000e+00,0.000000e+00,0.000000e+00,0.000000e+00,0.000000e+00,0.000000e+00,0.000000e+00,0.000000e+00,0.000000e+00,0.000000e+00,0.000000e+00,0.000000e+00,0.000000e+00,0.000000e+00,0.000000e+00,0.000000e+00,7.202377e+04,-2.873565e+03,4.929919e+04,6.424546e-01,4.054266e-03,-2.101282e+01,-1.005329e+00,-1.524576e-03,-2.411790e-01,1.257753e-03,1.800092e-03,2.676046e+01,-5.788625e-01,2.496189e-03,-1.389444e-03,1.236079e-01,-1.195930e-03,-3.442623e+00,5.379808e+01,-1.137796e+00,2.292189e+03,-1.045605e+04,2.881218e+03,-8.665138e+04,2.496022e-02,2.273119e+01,-1.234224e-04,-2.178182e+01,1.043130e+03,-1.688714e+01
4.580808e-03,1.651879e+04,1.084481e+04,4.716616e-01,-4.533520e-03,8.738887e+00,1.023909e-01,9.955869e-07,3.407304e+03,0.000000e+00,0.000000e+00,5.407773e+03,0.000000e+00,0.000000e+00,0.000000e+00,0.000000e+00,0.000000e+00,0.000000e+00,0.000000e+00,0.000000e+00,0.000000e+00,0.000000e+00,0.000000e+00,0.000000e+00,0.000000e+00,0.000000e+00,0.000000e+00,0.000000e+00,0.000000e+00,0.000000e+00,0.000000e+00,0.000000e+00,0.000000e+00,0.000000e+00,0.000000e+00,0.000000e+00,0.000000e+00,0.000000e+00,0.000000e+00,0.000000e+00,0.000000e+00,0.000000e+00,0.000000e+00,0.000000e+00,0.000000e+00,0.000000e+00,0.000000e+00,0.000000e+00,0.000000e+00,1.651879e+04,3.573469e+02,1.193172e-01,-5.459171e-04,4.616867e-01,1.136610e-03,0.000000e+00,0.000000e+00,0.000000e+00,0.000000e+00,0.000000e+00,0.000000e+00,0.000000e+00,0.000000e+00,0.000000e+00,0.000000e+00,0.000000e+00,0.000000e+00,0.000000e+00,0.000000e+00,0.000000e+00,0.000000e+00,0.000000e+00,0.000000e+00,0.000000e+00,0.000000e+00,0.000000e+00,6.769734e+04,1.589902e+03,4.132867e+04,6.420508e-01,4.045373e-03,-2.101048e+01,-1.004975e+00,-1.528471e-03,-2.412189e-01,1.257751e-03,1.801381e-03,2.676667e+01,-5.776324e-01,2.484606e-03,-1.389442e-03,1.241428e-01,-1.207218e-03,-3.419816e+00,5.371835e+01,-1.130946e+00,2.291363e+03,-5.403185e+03,-1.582943e+03,-7.913164e+04,2.487822e-02,2.274162e+01,-1.643673e-04,1.275245e+01,1.051808e+03,-3.284345e+01
4.590764e-03,1.652075e+04,1.083871e+04,4.704237e-01,-4.520489e-03,8.745108e+00,1.023909e-01,9.966143e-07,3.410397e+03,0.000000e+00,0.000000e+00,5.408829e+03,0.000000e+00,0.000000e+00,0.000000e+00,0.000000e+00,0.000000e+00,0.000000e+00,0.000000e+00,0.000000e+00,0.000000e+00,0.000000e+00,0.000000e+00,0.000000e+00,0.000000e+00,0.000000e+00,0.000000e+00,0.000000e+00,0.000000e+00,0.000000e+00,0.000000e+00,0.000000e+00,0.000000e+00,0.000000e+00,0.000000e+00,0.000000e+00,0.000000e+00,0.000000e+00,0.000000e+00,0.000000e+00,0.000000e+00,0.000000e+00,0.000000e+00,0.000000e+00,0.000000e+00,0.000000e+00,0.000000e+00,0.000000e+00,0.000000e+00,1.652075e+04,3.571305e+02,1.181399e-01,-5.240267e-04,4.692668e-01,1.136610e-03,0.000000e+00,0.000000e+00,0.000000e+00,0.000000e+00,0.000000e+00,0.000000e+00,0.000000e+00,0.000000e+00,0.000000e+00,0.000000e+00,0.000000e+00,0.000000e+00,0.000000e+00,0.000000e+00,0.000000e+00,0.000000e+00,0.000000e+00,0.000000e+00,0.000000e+00,0.000000e+00,0.000000e+00,6.752773e+04,2.660558e+03,4.244309e+04,6.416221e-01,4.132891e-03,-2.100821e+01,-1.004616e+00,-1.522946e-03,-2.412467e-01,1.257748e-03,1.802804e-03,2.677290e+01,-5.764052e-01,2.473032e-03,-1.389441e-03,1.246773e-01,-1.218532e-03,-3.397007e+00,5.365519e+01,-1.153226e+00,2.290568e+03,-6.488029e+03,-2.653534e+03,-7.949436e+04,2.496760e-02,2.275195e+01,-2.083135e-04,9.113317e+00,1.022427e+03,-9.034407e-01
4.600729e-03,1.652263e+04,1.083271e+04,4.691893e-01,-4.507776e-03,8.751310e+00,1.023909e-01,9.967711e-07,3.413365e+03,0.000000e+00,0.000000e+00,5.410015e+03,0.000000e+00,0.000000e+00,0.000000e+00,0.000000e+00,0.000000e+00,0.000000e+00,0.000000e+00,0.000000e+00,0.000000e+00,0.000000e+00,0.000000e+00,0.000000e+00,0.000000e+00,0.000000e+00,0.000000e+00,0.000000e+00,0.000000e+00,0.000000e+00,0.000000e+00,0.000000e+00,0.000000e+00,0.000000e+00,0.000000e+00,0.000000e+00,0.000000e+00,0.000000e+00,0.000000e+00,0.000000e+00,0.000000e+00,0.000000e+00,0.000000e+00,0.000000e+00,0.000000e+00,0.000000e+00,0.000000e+00,0.000000e+00,0.000000e+00,1.652263e+04,3.569954e+02,1.170078e-01,-5.155792e-04,4.768616e-01,1.136610e-03,0.000000e+00,0.000000e+00,0.000000e+00,0.000000e+00,0.000000e+00,0.000000e+00,0.000000e+00,0.000000e+00,0.000000e+00,0.000000e+00,0.000000e+00,0.000000e+00,0.000000e+00,0.000000e+00,0.000000e+00,0.000000e+00,0.000000e+00,0.000000e+00,0.000000e+00,0.000000e+00,0.000000e+00,6.810810e+04,4.447624e+03,4.375948e+04,6.412461e-01,4.056979e-03,-2.100587e+01,-1.004293e+00,-1.530960e-03,-2.412940e-01,1.257745e-03,1.804254e-03,2.677910e+01,-5.751846e-01,2.461824e-03,-1.389440e-03,1.252116e-01,-1.229933e-03,-3.374186e+00,5.356579e+01,-1.128550e+00,2.289744e+03,-7.406305e+03,-4.440471e+03,-8.061523e+04,2.473951e-02,2.276186e+01,-1.947638e-04,1.927149e+01,9.951204e+02,1.496441e+01
4.610702e-03,1.652445e+04,1.082684e+04,4.679560e-01,-4.495059e-03,8.757505e+00,1.023909e-01,9.975194e-07,3.416321e+03,0.000000e+00,0.000000e+00,5.411098e+03,0.000000e+00,0.000000e+00,0.000000e+00,0.000000e+00,0.000000e+00,0.000000e+00,0.000000e+00,0.000000e+00,0.000000e+00,0.000000e+00,0.000000e+00,0.000000e+00,0.000000e+00,0.000000e+00,0.000000e+00,0.000000e+00,0.000000e+00,0.000000e+00,0.000000e+00,0.000000e+00,0.000000e+00,0.000000e+00,0.000000e+00,0.000000e+00,0.000000e+00,0.000000e+00,0.000000e+00,0.000000e+00,0.000000e+00,0.000000e+00,0.000000e+00,0.000000e+00,0.000000e+00,0.000000e+00,0.000000e+00,0.000000e+00,0.000000e+00,1.652445e+04,3.569943e+02,1.158499e-01,-5.078118e-04,4.844056e-01,1.136610e-03,0.000000e+00,0.000000e+00,0.000000e+00,0.000000e+00,0.000000e+00,0.000000e+00,0.000000e+00,0.000000e+00,0.000000e+00,0.000000e+00,0.000000e+00,0.000000e+00,0.000000e+00,0.000000e+00,0.000000e+00,0.000000e+00,0.000000e+00,0.000000e+00,0.000000e+00,0.000000e+00,0.000000e+00,6.538771e+04,3.164212e+02,3.880823e+04,6.408175e-01,4.091180e-03,-2.100362e+01,-1.003947e+00,-1.532424e-03,-2.413168e-01,1.257738e-03,1.805808e-03,2.678531e+01,-5.739686e-01,2.450693e-03,-1.389439e-03,1.257454e-01,-1.241226e-03,-3.351356e+00,5.349532e+01,-1.141629e+00,2.288949e+03,-4.285484e+03,-3.096996e+02,-7.591620e+04,2.473344e-02,2.277172e+01,-1.765061e-04,-4.515162e+00,9.962186e+02,-8.226386e+00
4.620678e-03,1.652612e+04,1.082119e+04,4.667280e-01,-4.483274e-03,8.763674e+00,1.023909e-01,9.977872e-07,3.419246e+03,0.000000e+00,0.000000e+00,5.412157e+03,0.000000e+00,0.000000e+00,0.000000e+00,0.000000e+00,0.000000e+00,0.000000e+00,0.000000e+00,0.000000e+00,0.000000e+00,0.000000e+00,0.000000e+00,0.000000e+00,0.000000e+00,0.000000e+00,0.000000e+00,0.000000e+00,0.000000e+00,0.000000e+00,0.000000e+00,0.000000e+00,0.000000e+00,0.000000e+00,0.000000e+00,0.000000e+00,0.000000e+00,0.000000e+00,0.000000e+00,0.000000e+00,0.000000e+00,0.000000e+00,0.000000e+00,0.000000e+00,0.000000e+00,0.000000e+00,0.000000e+00,0.000000e+00,0.000000e+00,1.652612e+04,3.570026e+02,1.146566e-01,-5.012632e-04,4.918571e-01,1.136610e-03,0.000000e+00,0.000000e+00,0.000000e+00,0.000000e+00,0.000000e+00,0.000000e+00,0.000000e+00,0.000000e+00,0.000000e+00,0.000000e+00,0.000000e+00,0.000000e+00,0.000000e+00,0.000000e+00,0.000000e+00,0.000000e+00,0.000000e+00,0.000000e+00,0.000000e+00,0.000000e+00,0.000000e+00,6.651430e+04,4.260056e+03,4.182339e+04,6.403624e-01,4.086557e-03,-2.100144e+01,-1.003594e+00,-1.535890e-03,-2.413252e-01,1.257732e-03,1.807330e-03,2.679147e+01,-5.727586e-01,2.440418e-03,-1.389438e-03,1.262788e-01,-1.252558e-03,-3.328526e+00,5.344130e+01,-1.135444e+00,2.288180e+03,-6.459334e+03,-4.253079e+03,-7.830508e+04,2.461929e-02,2.278148e+01,-1.987767e-04,1.635326e+01,9.615417e+02,2.133656e+01
4.630663e-03,1.652775e+04,1.081559e+04,4.655064e-01,-4.471688e-03,8.769808e+00,1.023909e-01,9.994318e-07,3.422075e+03,0.000000e+00,0.000000e+00,5.413313e+03,0.000000e+00,0.000000e+00,0.000000e+00,0.000000e+00,0.000000e+00,0.000000e+00,0.000000e+00,0.000000e+00,0.000000e+00,0.000000e+00,0.000000e+00,0.000000e+00,0.000000e+00,0.000000e+00,0.000000e+00,0.000000e+00,0.000000e+00,0.000000e+00,0.000000e+00,0.000000e+00,0.000000e+00,0.000000e+00,0.000000e+00,0.000000e+00,0.000000e+00,0.000000e+00,0.000000e+00,0.000000e+00,0.000000e+00,0.000000e+00,0.000000e+00,0.000000e+00,0.000000e+00,0.000000e+00,0.000000e+00,0.000000e+00,0.000000e+00,1.652775e+04,3.570655e+02,1.135207e-01,-4.796770e-04,4.993063e-01,1.136610e-03,0.000000e+00,0.000000e+00,0.000000e+00,0.000000e+00,0.000000e+00,0.000000e+00,0.000000e+00,0.000000e+00,0.000000e+00,0.000000e+00,0.000000e+00,0.000000e+00,0.000000e+00,0.000000e+00,0.000000e+00,0.000000e+00,0.000000e+00,0.000000e+00,0.000000e+00,0.000000e+00,0.000000e+00,6.591831e+04,-3.607704e+03,4.066245e+04,6.399562e-01,4.058589e-03,-2.099920e+01,-1.003270e+00,-1.540959e-03,-2.413514e-01,1.257727e-03,1.808893e-03,2.679760e+01,-5.715575e-01,2.430405e-03,-1.389437e-03,1.268119e-01,-1.264011e-03,-3.305684e+00,5.335995e+01,-1.133821e+00,2.287384e+03,-5.721228e+03,3.614597e+03,-7.723909e+04,2.451619e-02,2.279091e+01,-1.013434e-04,-3.001047e+01,9.450026e+02,-1.722302e+01
4.640656e-03,1.652930e+04,1.081017e+04,4.642916e-01,-4.460565e-03,8.775906e+00,1.023909e-01,9.994660e-07,3.424896e+03,0.000000e+00,0.000000e+00,5.414391e+03,0.000000e+00,0.000000e+00,0.000000e+00,0.000000e+00,0.000000e+00,0.000000e+00,0.000000e+00,0.000000e+00,0.000000e+00,0.000000e+00,0.000000e+00,0.000000e+00,0.000000e+00,0.000000e+00,0.000000e+00,0.000000e+00,0.000000e+00,0.000000e+00,0.000000e+00,0.000000e+00,0.000000e+00,0.000000e+00,0.000000e+00,0.000000e+00,0.000000e+00,0.000000e+00,0.000000e+00,0.000000e+00,0.000000e+00,0.000000e+00,0.000000e+00,0.000000e+00,0.000000e+00,0.000000e+00,0.000000e+00,0.000000e+00,0.000000e+00,1.652930e+04,3.572751e+02,1.123657e-01,-4.997234e-04,5.066887e-01,1.136609e-03,0.000000e+00,0.000000e+00,0.000000e+00,0.000000e+00,0.000000e+00,0.000000e+00,0.000000e+00,0.000000e+00,0.000000e+00,0.000000e+00,0.000000e+00,0.000000e+00,0.000000e+00,0.000000e+00,0.000000e+00,0.000000e+00,0.000000e+00,0.000000e+00,0.000000e+00,0.000000e+00,0.000000e+00,6.467367e+04,5.018280e+03,4.064781e+04,6.395031e-01,4.099341e-03,-2.099704e+01,-1.002926e+00,-1.539355e-03,-2.413559e-01,1.257721e-03,1.810454e-03,2.680371e+01,-5.703639e-01,2.420918e-03,-1.389437e-03,1.273448e-01,-1.275215e-03,-3.282830e+00,5.330026e+01,-1.133900e+00,2.286616e+03,-6.299100e+03,-5.011460e+03,-7.612698e+04,2.442153e-02,2.280031e+01,-2.533561e-05,1.862741e+01,9.332081e+02,1.683319e+01
4.650648e-03,1.653076e+04,1.080488e+04,4.630899e-01,-4.449912e-03,8.781939e+00,1.023909e-01,9.991343e-07,3.427667e+03,0.000000e+00,0.000000e+00,5.415471e+03,0.000000e+00,0.000000e+00,0.000000e+00,0.000000e+00,0.000000e+00,0.000000e+00,0.000000e+00,0.000000e+00,0.000000e+00,0.000000e+00,0.000000e+00,0.000000e+00,0.000000e+00,0.000000e+00,0.000000e+00,0.000000e+00,0.000000e+00,0.000000e+00,0.000000e+00,0.000000e+00,0.000000e+00,0.000000e+00,0.000000e+00,0.000000e+00,0.000000e+00,0.000000e+00,0.000000e+00,0.000000e+00,0.000000e+00,0.000000e+00,0.000000e+00,0.000000e+00,0.000000e+00,0.000000e+00,0.000000e+00,0.000000e+00,0.000000e+00,1.653076e+04,3.574845e+02,1.111918e-01,-4.879580e-04,5.139768e-01,1.136610e-03,0.000000e+00,0.000000e+00,0.000000e+00,0.000000e+00,0.000000e+00,0.000000e+00,0.000000e+00,0.000000e+00,0.000000e+00,0.000000e+00,0.000000e+00,0.000000e+00,0.000000e+00,0.000000e+00,0.000000e+00,0.000000e+00,0.000000e+00,0.000000e+00,0.000000e+00,0.000000e+00,0.000000e+00,6.419534e+04,-5.967157e+03,3.989396e+04,6.390521e-01,4.036924e-03,-2.099489e+01,-1.002588e+00,-1.547205e-03,-2.413580e-01,1.257714e-03,1.811963e-03,2.680974e+01,-5.691829e-01,2.411810e-03,-1.389437e-03,1.278771e-01,-1.286666e-03,-3.259985e+00,5.323726e+01,-1.126271e+00,2.285852e+03,-5.867246e+03,5.973921e+03,-7.535294e+04,2.429507e-02,2.280954e+01,1.692524e-05,-4.619242e+01,9.239902e+02,1.115425e+01
4.660641e-03,1.653214e+04,1.079970e+04,4.618961e-01,-4.438843e-03,8.787927e+00,1.023909e-01,9.994063e-07,3.430399e+03,0.000000e+00,0.000000e+00,5.416562e+03,0.000000e+00,0.000000e+00,0.000000e+00,0.000000e+00,0.000000e+00,0.000000e+00,0.000000e+00,0.000000e+00,0.000000e+00,0.000000e+00,0.000000e+00,0.000000e+00,0.000000e+00,0.000000e+00,0.000000e+00,0.000000e+00,0.000000e+00,0.000000e+00,0.000000e+00,0.000000e+00,0.000000e+00,0.000000e+00,0.000000e+00,0.000000e+00,0.000000e+00,0.000000e+00,0.000000e+00,0.000000e+00,0.000000e+00,0.000000e+00,0.000000e+00,0.000000e+00,0.000000e+00,0.000000e+00,0.000000e+00,0.000000e+00,0.000000e+00,1.653214e+04,3.577719e+02,1.100595e-01,-4.839716e-04,5.212477e-01,1.136610e-03,0.000000e+00,0.000000e+00,0.000000e+00,0.000000e+00,0.000000e+00,0.000000e+00,0.000000e+00,0.000000e+00,0.000000e+00,0.000000e+00,0.000000e+00,0.000000e+00,0.000000e+00,0.000000e+00,0.000000e+00,0.000000e+00,0.000000e+00,0.000000e+00,0.000000e+00,0.000000e+00,0.000000e+00,6.388257e+04,-3.698585e+03,3.891936e+04,6.385922e-01,4.074587e-03,-2.099276e+01,-1.002248e+00,-1.546540e-03,-2.413539e-01,1.257710e-03,1.813479e-03,2.681572e+01,-5.680106e-01,2.402246e-03,-1.389437e-03,1.284087e-01,-1.297889e-03,-3.237147e+00,5.317683e+01,-1.133210e+00,2.285094e+03,-5.163037e+03,3.705293e+03,-7.462568e+04,2.425303e-02,2.281863e+01,9.196978e-05,-2.550061e+01,9.084644e+02,-2.091644e+01
4.670641e-03,1.653344e+04,1.079465e+04,4.607164e-01,-4.427155e-03,8.793848e+00,1.023909e-01,1.000728e-06,3.433135e+03,0.000000e+00,0.000000e+00,5.417594e+03,0.000000e+00,0.000000e+00,0.000000e+00,0.000000e+00,0.000000e+00,0.000000e+00,0.000000e+00,0.000000e+00,0.000000e+00,0.000000e+00,0.000000e+00,0.000000e+00,0.000000e+00,0.000000e+00,0.000000e+00,0.000000e+00,0.000000e+00,0.000000e+00,0.000000e+00,0.000000e+00,0.000000e+00,0.000000e+00,0.000000e+00,0.000000e+00,0.000000e+00,0.000000e+00,0.000000e+00,0.000000e+00,0.000000e+00,0.000000e+00,0.000000e+00,0.000000e+00,0.000000e+00,0.000000e+00,0.000000e+00,0.000000e+00,0.000000e+00,1.653344e+04,3.580919e+02,1.089177e-01,-4.744091e-04,5.284321e-01,1.136609e-03,0.000000e+00,0.000000e+00,0.000000e+00,0.000000e+00,0.000000e+00,0.000000e+00,0.000000e+00,0.000000e+00,0.000000e+00,0.000000e+00,0.000000e+00,0.000000e+00,0.000000e+00,0.000000e+00,0.000000e+00,0.000000e+00,0.000000e+00,0.000000e+00,0.000000e+00,0.000000e+00,0.000000e+00,6.583377e+04,3.381161e+03,4.573143e+04,6.381090e-01,4.129815e-03,-2.099066e+01,-1.001893e+00,-1.543265e-03,-2.413415e-01,1.257705e-03,1.814920e-03,2.682163e+01,-5.668514e-01,2.391962e-03,-1.389437e-03,1.289403e-01,-1.309221e-03,-3.214299e+00,5.313041e+01,-1.142566e+00,2.284355e+03,-1.033175e+04,-3.373937e+03,-7.949059e+04,2.430514e-02,2.282775e+01,-7.814966e-05,2.281823e+01,8.615198e+02,4.414151e-01
4.680652e-03,1.653470e+04,1.078970e+04,4.595511e-01,-4.414221e-03,8.799697e+00,1.023909e-01,1.002174e-06,3.435794e+03,0.000000e+00,0.000000e+00,5.418625e+03,0.000000e+00,0.000000e+00,0.000000e+00,0.000000e+00,0.000000e+00,0.000000e+00,0.000000e+00,0.000000e+00,0.000000e+00,0.000000e+00,0.000000e+00,0.000000e+00,0.000000e+00,0.000000e+00,0.000000e+00,0.000000e+00,0.000000e+00,0.000000e+00,0.000000e+00,0.000000e+00,0.000000e+00,0.000000e+00,0.000000e+00,0.000000e+00,0.000000e+00,0.000000e+00,0.000000e+00,0.000000e+00,0.000000e+00,0.000000e+00,0.000000e+00,0.000000e+00,0.000000e+00,0.000000e+00,0.000000e+00,0.000000e+00,0.000000e+00,1.653470e+04,3.584849e+02,1.078123e-01,-4.484500e-04,5.355213e-01,1.136609e-03,0.000000e+00,0.000000e+00,0.000000e+00,0.000000e+00,0.000000e+00,0.000000e+00,0.000000e+00,0.000000e+00,0.000000e+00,0.000000e+00,0.000000e+00,0.000000e+00,0.000000e+00,0.000000e+00,0.000000e+00,0.000000e+00,0.000000e+00,0.000000e+00,0.000000e+00,0.000000e+00,0.000000e+00,6.132307e+04,1.565295e+02,3.459921e+04,6.376346e-01,4.056555e-03,-2.098859e+01,-1.001550e+00,-1.553983e-03,-2.413266e-01,1.257702e-03,1.816327e-03,2.682748e+01,-5.657065e-01,2.380433e-03,-1.389437e-03,1.294717e-01,-1.320579e-03,-3.191435e+00,5.306701e+01,-1.125060e+00,2.283603e+03,-2.537124e+03,-1.501984e+02,-7.036469e+04,2.411804e-02,2.283657e+01,-6.015574e-05,-4.926803e+00,9.023969e+02,-5.151341e+00
4.690676e-03,1.653588e+04,1.078486e+04,4.584021e-01,-4.400880e-03,8.805468e+00,1.023909e-01,1.003126e-06,3.438426e+03,0.000000e+00,0.000000e+00,5.419677e+03,0.000000e+00,0.000000e+00,0.000000e+00,0.000000e+00,0.000000e+00,0.000000e+00,0.000000e+00,0.000000e+00,0.000000e+00,0.000000e+00,0.000000e+00,0.000000e+00,0.000000e+00,0.000000e+00,0.000000e+00,0.000000e+00,0.000000e+00,0.000000e+00,0.000000e+00,0.000000e+00,0.000000e+00,0.000000e+00,0.000000e+00,0.000000e+00,0.000000e+00,0.000000e+00,0.000000e+00,0.000000e+00,0.000000e+00,0.000000e+00,0.000000e+00,0.000000e+00,0.000000e+00,0.000000e+00,0.000000e+00,0.000000e+00,0.000000e+00,1.653588e+04,3.589885e+02,1.066942e-01,-4.292685e-04,5.425430e-01,1.136610e-03,0.000000e+00,0.000000e+00,0.000000e+00,0.000000e+00,0.000000e+00,0.000000e+00,0.000000e+00,0.000000e+00,0.000000e+00,0.000000e+00,0.000000e+00,0.000000e+00,0.000000e+00,0.000000e+00,0.000000e+00,0.000000e+00,0.000000e+00,0.000000e+00,0.000000e+00,0.000000e+00,0.000000e+00,6.185166e+04,-5.528292e+03,3.785001e+04,6.371629e-01,4.156038e-03,-2.098651e+01,-1.001210e+00,-1.546008e-03,-2.413110e-01,1.257698e-03,1.817641e-03,2.683324e+01,-5.645766e-01,2.368551e-03,-1.389437e-03,1.300034e-01,-1.332012e-03,-3.168548e+00,5.301079e+01,-1.157890e+00,2.282863e+03,-5.197599e+03,5.534849e+03,-7.232678e+04,2.428771e-02,2.284533e+01,-1.103627e-04,-3.928643e+01,8.708712e+02,-7.292851e+00
4.700705e-03,1.653699e+04,1.078015e+04,4.572714e-01,-4.388514e-03,8.811148e+00,1.023909e-01,1.002900e-06,3.441040e+03,0.000000e+00,0.000000e+00,5.420667e+03,0.000000e+00,0.000000e+00,0.000000e+00,0.000000e+00,0.000000e+00,0.000000e+00,0.000000e+00,0.000000e+00,0.000000e+00,0.000000e+00,0.000000e+00,0.000000e+00,0.000000e+00,0.000000e+00,0.000000e+00,0.000000e+00,0.000000e+00,0.000000e+00,0.000000e+00,0.000000e+00,0.000000e+00,0.000000e+00,0.000000e+00,0.000000e+00,0.000000e+00,0.000000e+00,0.000000e+00,0.000000e+00,0.000000e+00,0.000000e+00,0.000000e+00,0.000000e+00,0.000000e+00,0.000000e+00,0.000000e+00,0.000000e+00,0.000000e+00,1.653699e+04,3.594899e+02,1.055651e-01,-4.251762e-04,5.494598e-01,1.136610e-03,0.000000e+00,0.000000e+00,0.000000e+00,0.000000e+00,0.000000e+00,0.000000e+00,0.000000e+00,0.000000e+00,0.000000e+00,0.000000e+00,0.000000e+00,0.000000e+00,0.000000e+00,0.000000e+00,0.000000e+00,0.000000e+00,0.000000e+00,0.000000e+00,0.000000e+00,0.000000e+00,0.000000e+00,6.142811e+04,5.326659e+03,3.646722e+04,6.366680e-01,4.074364e-03,-2.098449e+01,-1.000860e+00,-1.558330e-03,-2.412820e-01,1.257694e-03,1.818869e-03,2.683892e+01,-5.634638e-01,2.357541e-03,-1.389437e-03,1.305348e-01,-1.343361e-03,-3.145657e+00,5.296097e+01,-1.126037e+00,2.282136e+03,-4.180518e+03,-5.320188e+03,-7.131523e+04,2.402399e-02,2.285401e+01,-2.013080e-04,3.671648e+01,8.729050e+02,-3.532652e+01
4.710736e-03,1.653804e+04,1.077555e+04,4.561605e-01,-4.377303e-03,8.816732e+00,1.023909e-01,1.003148e-06,3.443626e+03,0.000000e+00,0.000000e+00,5.421646e+03,0.000000e+00,0.000000e+00,0.000000e+00,0.000000e+00,0.000000e+00,0.000000e+00,0.000000e+00,0.000000e+00,0.000000e+00,0.000000e+00,0.000000e+00,0.000000e+00,0.000000e+00,0.000000e+00,0.000000e+00,0.000000e+00,0.000000e+00,0.000000e+00,0.000000e+00,0.000000e+00,0.000000e+00,0.000000e+00,0.000000e+00,0.000000e+00,0.000000e+00,0.000000e+00,0.000000e+00,0.000000e+00,0.000000e+00,0.000000e+00,0.000000e+00,0.000000e+00,0.000000e+00,0.000000e+00,0.000000e+00,0.000000e+00,0.000000e+00,1.653804e+04,3.600869e+02,1.044817e-01,-3.959564e-04,5.562834e-01,1.136610e-03,0.000000e+00,0.000000e+00,0.000000e+00,0.000000e+00,0.000000e+00,0.000000e+00,0.000000e+00,0.000000e+00,0.000000e+00,0.000000e+00,0.000000e+00,0.000000e+00,0.000000e+00,0.000000e+00,0.000000e+00,0.000000e+00,0.000000e+00,0.000000e+00,0.000000e+00,0.000000e+00,0.000000e+00,6.153019e+04,-2.848193e+03,3.818002e+04,6.361688e-01,4.128641e-03,-2.098249e+01,-1.000509e+00,-1.554683e-03,-2.412475e-01,1.257692e-03,1.820025e-03,2.684450e+01,-5.623698e-01,2.347564e-03,-1.389437e-03,1.310657e-01,-1.354904e-03,-3.122769e+00,5.291476e+01,-1.149316e+00,2.281416e+03,-5.671543e+03,2.854780e+03,-7.219054e+04,2.415303e-02,2.286261e+01,-2.852521e-04,-1.673957e+01,8.461329e+02,-2.387098e+01
4.720771e-03,1.653904e+04,1.077102e+04,4.550687e-01,-4.366766e-03,8.822222e+00,1.023909e-01,1.007834e-06,3.446167e+03,0.000000e+00,0.000000e+00,5.422661e+03,0.000000e+00,0.000000e+00,0.000000e+00,0.000000e+00,0.000000e+00,0.000000e+00,0.000000e+00,0.000000e+00,0.000000e+00,0.000000e+00,0.000000e+00,0.000000e+00,0.000000e+00,0.000000e+00,0.000000e+00,0.000000e+00,0.000000e+00,0.000000e+00,0.000000e+00,0.000000e+00,0.000000e+00,0.000000e+00,0.000000e+00,0.000000e+00,0.000000e+00,0.000000e+00,0.000000e+00,0.000000e+00,0.000000e+00,0.000000e+00,0.000000e+00,0.000000e+00,0.000000e+00,0.000000e+00,0.000000e+00,0.000000e+00,0.000000e+00,1.653904e+04,3.607730e+02,1.034068e-01,-3.836489e-04,5.630199e-01,1.136610e-03,0.000000e+00,0.000000e+00,0.000000e+00,0.000000e+00,0.000000e+00,0.000000e+00,0.000000e+00,0.000000e+00,0.000000e+00,0.000000e+00,0.000000e+00,0.000000e+00,0.000000e+00,0.000000e+00,0.000000e+00,0.000000e+00,0.000000e+00,0.000000e+00,0.000000e+00,0.000000e+00,0.000000e+00,6.127395e+04,4.383775e+03,3.660386e+04,6.356915e-01,4.142801e-03,-2.098046e+01,-1.000169e+00,-1.556197e-03,-2.412181e-01,1.257690e-03,1.821140e-03,2.684998e+01,-5.612944e-01,2.338215e-03,-1.389438e-03,1.315964e-01,-1.366333e-03,-3.099880e+00,5.285502e+01,-1.147176e+00,2.280683e+03,-4.405368e+03,-4.377274e+03,-7.123896e+04,2.412716e-02,2.287105e+01,-4.327141e-04,2.581798e+01,8.379651e+02,3.073117e+00
4.730850e-03,1.653996e+04,1.076658e+04,4.539901e-01,-4.356662e-03,8.827650e+00,1.023909e-01,1.005432e-06,3.448756e+03,0.000000e+00,0.000000e+00,5.423616e+03,0.000000e+00,0.000000e+00,0.000000e+00,0.000000e+00,0.000000e+00,0.000000e+00,0.000000e+00,0.000000e+00,0.000000e+00,0.000000e+00,0.000000e+00,0.000000e+00,0.000000e+00,0.000000e+00,0.000000e+00,0.000000e+00,0.000000e+00,0.000000e+00,0.000000e+00,0.000000e+00,0.000000e+00,0.000000e+00,0.000000e+00,0.000000e+00,0.000000e+00,0.000000e+00,0.000000e+00,0.000000e+00,0.000000e+00,0.000000e+00,0.000000e+00,0.000000e+00,0.000000e+00,0.000000e+00,0.000000e+00,0.000000e+00,0.000000e+00,1.653996e+04,3.614871e+02,1.023567e-01,-3.634207e-04,5.697137e-01,1.136610e-03,0.000000e+00,0.000000e+00,0.000000e+00,0.000000e+00,0.000000e+00,0.000000e+00,0.000000e+00,0.000000e+00,0.000000e+00,0.000000e+00,0.000000e+00,0.000000e+00,0.000000e+00,0.000000e+00,0.000000e+00,0.000000e+00,0.000000e+00,0.000000e+00,0.000000e+00,0.000000e+00,0.000000e+00,6.376586e+04,-5.213876e+03,4.390273e+04,6.352034e-01,4.132737e-03,-2.097848e+01,-9.998081e-01,-1.560665e-03,-2.411758e-01,1.257687e-03,1.822220e-03,2.685541e+01,-5.602319e-01,2.329254e-03,-1.389438e-03,1.321288e-01,-1.377989e-03,-3.076896e+00,5.280685e+01,-1.154565e+00,2.279969e+03,-9.764519e+03,5.220965e+03,-7.679919e+04,2.409647e-02,2.287964e+01,-4.543906e-04,-2.721204e+01,8.328425e+02,-3.779592e+01
4.740948e-03,1.654083e+04,1.076223e+04,4.529260e-01,-4.347150e-03,8.833010e+00,1.023909e-01,1.010772e-06,3.451281e+03,0.000000e+00,0.000000e+00,5.424571e+03,0.000000e+00,0.000000e+00,0.000000e+00,0.000000e+00,0.000000e+00,0.000000e+00,0.000000e+00,0.000000e+00,0.000000e+00,0.000000e+00,0.000000e+00,0.000000e+00,0.000000e+00,0.000000e+00,0.000000e+00,0.000000e+00,0.000000e+00,0.000000e+00,0.000000e+00,0.000000e+00,0.000000e+00,0.000000e+00,0.000000e+00,0.000000e+00,0.000000e+00,0.000000e+00,0.000000e+00,0.000000e+00,0.000000e+00,0.000000e+00,0.000000e+00,0.000000e+00,0.000000e+00,0.000000e+00,0.000000e+00,0.000000e+00,0.000000e+00,1.654083e+04,3.623221e+02,1.013591e-01,-3.527660e-04,5.763450e-01,1.136610e-03,0.000000e+00,0.000000e+00,0.000000e+00,0.000000e+00,0.000000e+00,0.000000e+00,0.000000e+00,0.000000e+00,0.000000e+00,0.000000e+00,0.000000e+00,0.000000e+00,0.000000e+00,0.000000e+00,0.000000e+00,0.000000e+00,0.000000e+00,0.000000e+00,0.000000e+00,0.000000e+00,0.000000e+00,5.677786e+04,-1.357040e+03,3.266437e+04,6.347239e-01,4.160811e-03,-2.097648e+01,-9.994601e-01,-1.557866e-03,-2.411344e-01,1.257683e-03,1.823278e-03,2.686076e+01,-5.591837e-01,2.320832e-03,-1.389437e-03,1.326617e-01,-1.389559e-03,-3.053878e+00,5.274194e+01,-1.157947e+00,2.279235e+03,-2.998418e+03,1.363029e+03,-6.543454e+04,2.410359e-02,2.288803e+01,-4.903394e-04,4.601505e+01,7.963632e+02,-5.376393e+00
4.750032e-03,1.654150e+04,1.075842e+04,4.519787e-01,-4.338698e-03,8.837788e+00,1.023909e-01,1.011670e-06,3.453525e+03,0.000000e+00,0.000000e+00,5.425470e+03,0.000000e+00,0.000000e+00,0.000000e+00,0.000000e+00,0.000000e+00,0.000000e+00,0.000000e+00,0.000000e+00,0.000000e+00,0.000000e+00,0.000000e+00,0.000000e+00,0.000000e+00,0.000000e+00,0.000000e+00,0.000000e+00,0.000000e+00,0.000000e+00,0.000000e+00,0.000000e+00,0.000000e+00,0.000000e+00,0.000000e+00,0.000000e+00,0.000000e+00,0.000000e+00,0.000000e+00,0.000000e+00,0.000000e+00,0.000000e+00,0.000000e+00,0.000000e+00,0.000000e+00,0.000000e+00,0.000000e+00,0.000000e+00,0.000000e+00,1.654150e+04,3.630855e+02,1.004382e-01,-3.463428e-04,5.822270e-01,1.136610e-03,0.000000e+00,0.000000e+00,0.000000e+00,0.000000e+00,0.000000e+00,0.000000e+00,0.000000e+00,0.000000e+00,0.000000e+00,0.000000e+00,0.000000e+00,0.000000e+00,0.000000e+00,0.000000e+00,0.000000e+00,0.000000e+00,0.000000e+00,0.000000e+00,0.000000e+00,0.000000e+00,0.000000e+00,6.352184e+04,-5.670728e+03,4.255648e+04,6.342985e-01,4.120129e-03,-2.097470e+01,-9.991471e-01,-1.562794e-03,-2.410960e-01,1.257681e-03,1.824231e-03,2.686553e+01,-5.582507e-01,2.313359e-03,-1.389437e-03,1.331406e-01,-1.400082e-03,-3.033176e+00,5.269278e+01,-1.152887e+00,2.278600e+03,-8.713495e+03,5.677764e+03,-7.596100e+04,2.419863e-02,2.289546e+01,-6.023294e-04,-6.133761e+01,8.239379e+02,-1.187089e+01
4.760141e-03,1.654228e+04,1.075424e+04,4.509321e-01,-4.328572e-03,8.843068e+00,1.023909e-01,1.008554e-06,3.456040e+03,0.000000e+00,0.000000e+00,5.426391e+03,0.000000e+00,0.000000e+00,0.000000e+00,0.000000e+00,0.000000e+00,0.000000e+00,0.000000e+00,0.000000e+00,0.000000e+00,0.000000e+00,0.000000e+00,0.000000e+00,0.000000e+00,0.000000e+00,0.000000e+00,0.000000e+00,0.000000e+00,0.000000e+00,0.000000e+00,0.000000e+00,0.000000e+00,0.000000e+00,0.000000e+00,0.000000e+00,0.000000e+00,0.000000e+00,0.000000e+00,0.000000e+00,0.000000e+00,0.000000e+00,0.000000e+00,0.000000e+00,0.000000e+00,0.000000e+00,0.000000e+00,0.000000e+00,0.000000e+00,1.654228e+04,3.640403e+02,9.947057e-02,-3.228083e-04,5.888070e-01,1.136610e-03,0.000000e+00,0.000000e+00,0.000000e+00,0.000000e+00,0.000000e+00,0.000000e+00,0.000000e+00,0.000000e+00,0.000000e+00,0.000000e+00,0.000000e+00,0.000000e+00,0.000000e+00,0.000000e+00,0.000000e+00,0.000000e+00,0.000000e+00,0.000000e+00,0.000000e+00,0.000000e+00,0.000000e+00,5.955130e+04,1.177517e+03,3.640625e+04,6.338066e-01,4.186844e-03,-2.097274e+01,-9.987858e-01,-1.554899e-03,-2.410407e-01,1.257678e-03,1.825305e-03,2.687081e+01,-5.572205e-01,2.304398e-03,-1.389437e-03,1.336729e-01,-1.411727e-03,-3.010146e+00,5.263560e+01,-1.165132e+00,2.277882e+03,-5.082958e+03,-1.171088e+03,-6.961287e+04,2.431544e-02,2.290379e+01,-6.685394e-04,1.637867e+01,8.283749e+02,-1.240497e+01
4.770265e-03,1.654295e+04,1.075009e+04,4.498931e-01,-4.317904e-03,8.848317e+00,1.023909e-01,1.013152e-06,3.458554e+03,0.000000e+00,0.000000e+00,5.427364e+03,0.000000e+00,0.000000e+00,0.000000e+00,0.000000e+00,0.000000e+00,0.000000e+00,0.000000e+00,0.000000e+00,0.000000e+00,0.000000e+00,0.000000e+00,0.000000e+00,0.000000e+00,0.000000e+00,0.000000e+00,0.000000e+00,0.000000e+00,0.000000e+00,0.000000e+00,0.000000e+00,0.000000e+00,0.000000e+00,0.000000e+00,0.000000e+00,0.000000e+00,0.000000e+00,0.000000e+00,0.000000e+00,0.000000e+00,0.000000e+00,0.000000e+00,0.000000e+00,0.000000e+00,0.000000e+00,0.000000e+00,0.000000e+00,0.000000e+00,1.654295e+04,3.650738e+02,9.850098e-02,-3.283622e-04,5.953487e-01,1.136610e-03,0.000000e+00,0.000000e+00,0.000000e+00,0.000000e+00,0.000000e+00,0.000000e+00,0.000000e+00,0.000000e+00,0.000000e+00,0.000000e+00,0.000000e+00,0.000000e+00,0.000000e+00,0.000000e+00,0.000000e+00,0.000000e+00,0.000000e+00,0.000000e+00,0.000000e+00,0.000000e+00,0.000000e+00,6.141600e+04,5.149792e+03,3.940840e+04,6.333364e-01,4.149398e-03,-2.097073e+01,-9.984331e-01,-1.560610e-03,-2.409892e-01,1.257675e-03,1.826404e-03,2.687606e+01,-5.561998e-01,2.294994e-03,-1.389438e-03,1.342055e-01,-1.423436e-03,-2.987088e+00,5.257173e+01,-1.151360e+00,2.277154e+03,-6.914344e+03,-5.143045e+03,-7.264440e+04,2.417740e-02,2.291212e+01,-7.290348e-04,3.803157e+01,8.170666e+02,-6.674508e+00
4.780386e-03,1.654356e+04,1.074604e+04,4.488620e-01,-4.307723e-03,8.853531e+00,1.023909e-01,1.013814e-06,3.461086e+03,0.000000e+00,0.000000e+00,5.428289e+03,0.000000e+00,0.000000e+00,0.000000e+00,0.000000e+00,0.000000e+00,0.000000e+00,0.000000e+00,0.000000e+00,0.000000e+00,0.000000e+00,0.000000e+00,0.000000e+00,0.000000e+00,0.000000e+00,0.000000e+00,0.000000e+00,0.000000e+00,0.000000e+00,0.000000e+00,0.000000e+00,0.000000e+00,0.000000e+00,0.000000e+00,0.000000e+00,0.000000e+00,0.000000e+00,0.000000e+00,0.000000e+00,0.000000e+00,0.000000e+00,0.000000e+00,0.000000e+00,0.000000e+00,0.000000e+00,0.000000e+00,0.000000e+00,0.000000e+00,1.654356e+04,3.661741e+02,9.753533e-02,-2.945196e-04,6.018591e-01,1.136609e-03,0.000000e+00,0.000000e+00,0.000000e+00,0.000000e+00,0.000000e+00,0.000000e+00,0.000000e+00,0.000000e+00,0.000000e+00,0.000000e+00,0.000000e+00,0.000000e+00,0.000000e+00,0.000000e+00,0.000000e+00,0.000000e+00,0.000000e+00,0.000000e+00,0.000000e+00,0.000000e+00,0.000000e+00,6.153070e+04,-2.333715e+03,3.951464e+04,6.328453e-01,4.159796e-03,-2.096877e+01,-9.980640e-01,-1.558716e-03,-2.409258e-01,1.257672e-03,1.827530e-03,2.688126e+01,-5.551879e-01,2.286115e-03,-1.389438e-03,1.347373e-01,-1.435215e-03,-2.964045e+00,5.251486e+01,-1.163038e+00,2.276438e+03,-6.973068e+03,2.340493e+03,-7.279271e+04,2.428605e-02,2.292050e+01,-8.035143e-04,-2.530547e+01,8.372319e+02,-1.646874e+01
4.790513e-03,1.654412e+04,1.074202e+04,4.478370e-01,-4.298463e-03,8.858719e+00,1.023909e-01,1.014119e-06,3.463616e+03,0.000000e+00,0.000000e+00,5.429206e+03,0.000000e+00,0.000000e+00,0.000000e+00,0.000000e+00,0.000000e+00,0.000000e+00,0.000000e+00,0.000000e+00,0.000000e+00,0.000000e+00,0.000000e+00,0.000000e+00,0.000000e+00,0.000000e+00,0.000000e+00,0.000000e+00,0.000000e+00,0.000000e+00,0.000000e+00,0.000000e+00,0.000000e+00,0.000000e+00,0.000000e+00,0.000000e+00,0.000000e+00,0.000000e+00,0.000000e+00,0.000000e+00,0.000000e+00,0.000000e+00,0.000000e+00,0.000000e+00,0.000000e+00,0.000000e+00,0.000000e+00,0.000000e+00,0.000000e+00,1.654412e+04,3.673535e+02,9.661213e-02,-2.803248e-04,6.083707e-01,1.136610e-03,0.000000e+00,0.000000e+00,0.000000e+00,0.000000e+00,0.000000e+00,0.000000e+00,0.000000e+00,0.000000e+00,0.000000e+00,0.000000e+00,0.000000e+00,0.000000e+00,0.000000e+00,0.000000e+00,0.000000e+00,0.000000e+00,0.000000e+00,0.000000e+00,0.000000e+00,0.000000e+00,0.000000e+00,5.949496e+04,1.385291e+03,3.600640e+04,6.323662e-01,4.186424e-03,-2.096677e+01,-9.976947e-01,-1.554699e-03,-2.408634e-01,1.257669e-03,1.828687e-03,2.688644e+01,-5.541841e-01,2.278122e-03,-1.389438e-03,1.352687e-01,-1.446971e-03,-2.940996e+00,5.244949e+01,-1.167168e+00,2.275708e+03,-4.801628e+03,-1.378837e+03,-6.937632e+04,2.429400e-02,2.292888e+01,-8.336938e-04,1.502186e+01,8.342798e+02,-6.239760e+00
4.800659e-03,1.654463e+04,1.073804e+04,4.468192e-01,-4.289703e-03,8.863873e+00,1.023909e-01,1.015104e-06,3.466149e+03,0.000000e+00,0.000000e+00,5.430153e+03,0.000000e+00,0.000000e+00,0.000000e+00,0.000000e+00,0.000000e+00,0.000000e+00,0.000000e+00,0.000000e+00,0.000000e+00,0.000000e+00,0.000000e+00,0.000000e+00,0.000000e+00,0.000000e+00,0.000000e+00,0.000000e+00,0.000000e+00,0.000000e+00,0.000000e+00,0.000000e+00,0.000000e+00,0.000000e+00,0.000000e+00,0.000000e+00,0.000000e+00,0.000000e+00,0.000000e+00,0.000000e+00,0.000000e+00,0.000000e+00,0.000000e+00,0.000000e+00,0.000000e+00,0.000000e+00,0.000000e+00,0.000000e+00,0.000000e+00,1.654463e+04,3.686046e+02,9.568378e-02,-2.814191e-04,6.148384e-01,1.136610e-03,0.000000e+00,0.000000e+00,0.000000e+00,0.000000e+00,0.000000e+00,0.000000e+00,0.000000e+00,0.000000e+00,0.000000e+00,0.000000e+00,0.000000e+00,0.000000e+00,0.000000e+00,0.000000e+00,0.000000e+00,0.000000e+00,0.000000e+00,0.000000e+00,0.000000e+00,0.000000e+00,0.000000e+00,6.158591e+04,2.314046e+03,3.956457e+04,6.319122e-01,4.159011e-03,-2.096474e+01,-9.973319e-01,-1.557418e-03,-2.408036e-01,1.257665e-03,1.829869e-03,2.689159e+01,-5.531889e-01,2.270663e-03,-1.389439e-03,1.358004e-01,-1.458778e-03,-2.917912e+00,5.237808e+01,-1.159582e+00,2.274973e+03,-7.026118e+03,-2.307226e+03,-7.286182e+04,2.422620e-02,2.293726e+01,-9.106788e-04,8.822594e+00,8.286485e+02,1.169996e+01
4.810802e-03,1.654509e+04,1.073414e+04,4.458101e-01,-4.281493e-03,8.868989e+00,1.023909e-01,1.015443e-06,3.468704e+03,0.000000e+00,0.000000e+00,5.431044e+03,0.000000e+00,0.000000e+00,0.000000e+00,0.000000e+00,0.000000e+00,0.000000e+00,0.000000e+00,0.000000e+00,0.000000e+00,0.000000e+00,0.000000e+00,0.000000e+00,0.000000e+00,0.000000e+00,0.000000e+00,0.000000e+00,0.000000e+00,0.000000e+00,0.000000e+00,0.000000e+00,0.000000e+00,0.000000e+00,0.000000e+00,0.000000e+00,0.000000e+00,0.000000e+00,0.000000e+00,0.000000e+00,0.000000e+00,0.000000e+00,0.000000e+00,0.000000e+00,0.000000e+00,0.000000e+00,0.000000e+00,0.000000e+00,0.000000e+00,1.654509e+04,3.699185e+02,9.479657e-02,-2.704128e-04,6.212905e-01,1.136610e-03,0.000000e+00,0.000000e+00,0.000000e+00,0.000000e+00,0.000000e+00,0.000000e+00,0.000000e+00,0.000000e+00,0.000000e+00,0.000000e+00,0.000000e+00,0.000000e+00,0.000000e+00,0.000000e+00,0.000000e+00,0.000000e+00,0.000000e+00,0.000000e+00,0.000000e+00,0.000000e+00,0.000000e+00,6.087117e+04,-1.537498e+03,3.965301e+04,6.314521e-01,4.144024e-03,-2.096275e+01,-9.969561e-01,-1.556855e-03,-2.407356e-01,1.257661e-03,1.831067e-03,2.689670e+01,-5.522036e-01,2.263789e-03,-1.389439e-03,1.363314e-01,-1.470629e-03,-2.894839e+00,5.230866e+01,-1.160742e+00,2.274245e+03,-7.448352e+03,1.544287e+03,-7.226452e+04,2.424262e-02,2.294571e+01,-9.688500e-04,-1.348819e+01,8.358901e+02,-3.962317e+00
4.820949e-03,1.654545e+04,1.073041e+04,4.448093e-01,-4.273878e-03,8.874066e+00,1.023909e-01,1.012916e-06,3.471141e+03,0.000000e+00,0.000000e+00,5.431940e+03,0.000000e+00,0.000000e+00,0.000000e+00,0.000000e+00,0.000000e+00,0.000000e+00,0.000000e+00,0.000000e+00,0.000000e+00,0.000000e+00,0.000000e+00,0.000000e+00,0.000000e+00,0.000000e+00,0.000000e+00,0.000000e+00,0.000000e+00,0.000000e+00,0.000000e+00,0.000000e+00,0.000000e+00,0.000000e+00,0.000000e+00,0.000000e+00,0.000000e+00,0.000000e+00,0.000000e+00,0.000000e+00,0.000000e+00,0.000000e+00,0.000000e+00,0.000000e+00,0.000000e+00,0.000000e+00,0.000000e+00,0.000000e+00,0.000000e+00,1.654545e+04,3.712454e+02,9.391547e-02,-2.420953e-04,6.276547e-01,1.136609e-03,0.000000e+00,0.000000e+00,0.000000e+00,0.000000e+00,0.000000e+00,0.000000e+00,0.000000e+00,0.000000e+00,0.000000e+00,0.000000e+00,0.000000e+00,0.000000e+00,0.000000e+00,0.000000e+00,0.000000e+00,0.000000e+00,0.000000e+00,0.000000e+00,0.000000e+00,0.000000e+00,0.000000e+00,6.011197e+04,2.618286e+03,3.825570e+04,6.310115e-01,4.235423e-03,-2.096082e+01,-9.965934e-01,-1.561990e-03,-2.406739e-01,1.257658e-03,1.832274e-03,2.690177e+01,-5.512273e-01,2.257400e-03,-1.389439e-03,1.368617e-01,-1.482516e-03,-2.871767e+00,5.223528e+01,-1.183068e+00,2.273540e+03,-6.569077e+03,-2.611613e+03,-7.094949e+04,2.381547e-02,2.295377e+01,-1.112530e-03,1.735789e+01,8.360917e+02,-2.901974e+01
4.830111e-03,1.654578e+04,1.072691e+04,4.439114e-01,-4.267146e-03,8.878622e+00,1.023909e-01,1.018663e-06,3.473475e+03,0.000000e+00,0.000000e+00,5.432768e+03,0.000000e+00,0.000000e+00,0.000000e+00,0.000000e+00,0.000000e+00,0.000000e+00,0.000000e+00,0.000000e+00,0.000000e+00,0.000000e+00,0.000000e+00,0.000000e+00,0.000000e+00,0.000000e+00,0.000000e+00,0.000000e+00,0.000000e+00,0.000000e+00,0.000000e+00,0.000000e+00,0.000000e+00,0.000000e+00,0.000000e+00,0.000000e+00,0.000000e+00,0.000000e+00,0.000000e+00,0.000000e+00,0.000000e+00,0.000000e+00,0.000000e+00,0.000000e+00,0.000000e+00,0.000000e+00,0.000000e+00,0.000000e+00,0.000000e+00,1.654578e+04,3.725826e+02,9.314024e-02,-2.376570e-04,6.334506e-01,1.136610e-03,0.000000e+00,0.000000e+00,0.000000e+00,0.000000e+00,0.000000e+00,0.000000e+00,0.000000e+00,0.000000e+00,0.000000e+00,0.000000e+00,0.000000e+00,0.000000e+00,0.000000e+00,0.000000e+00,0.000000e+00,0.000000e+00,0.000000e+00,0.000000e+00,0.000000e+00,0.000000e+00,0.000000e+00,6.036443e+04,1.204517e+03,3.837895e+04,6.306289e-01,4.204495e-03,-2.095893e+01,-9.962590e-01,-1.561865e-03,-2.406170e-01,1.257655e-03,1.833390e-03,2.690632e+01,-5.503535e-01,2.251757e-03,-1.389439e-03,1.373398e-01,-1.493338e-03,-2.850940e+00,5.215471e+01,-1.176165e+00,2.272851e+03,-6.578346e+03,-1.197803e+03,-7.122886e+04,2.387019e-02,2.296148e+01,-1.137397e-03,-3.613271e+00,8.426090e+02,2.716582e-01
4.840286e-03,1.654610e+04,1.072312e+04,4.429258e-01,-4.259866e-03,8.883630e+00,1.023909e-01,1.015579e-06,3.476078e+03,0.000000e+00,0.000000e+00,5.433674e+03,0.000000e+00,0.000000e+00,0.000000e+00,0.000000e+00,0.000000e+00,0.000000e+00,0.000000e+00,0.000000e+00,0.000000e+00,0.000000e+00,0.000000e+00,0.000000e+00,0.000000e+00,0.000000e+00,0.000000e+00,0.000000e+00,0.000000e+00,0.000000e+00,0.000000e+00,0.000000e+00,0.000000e+00,0.000000e+00,0.000000e+00,0.000000e+00,0.000000e+00,0.000000e+00,0.000000e+00,0.000000e+00,0.000000e+00,0.000000e+00,0.000000e+00,0.000000e+00,0.000000e+00,0.000000e+00,0.000000e+00,0.000000e+00,0.000000e+00,1.654610e+04,3.741088e+02,9.229179e-02,-2.123362e-04,6.398515e-01,1.136610e-03,0.000000e+00,0.000000e+00,0.000000e+00,0.000000e+00,0.000000e+00,0.000000e+00,0.000000e+00,0.000000e+00,0.000000e+00,0.000000e+00,0.000000e+00,0.000000e+00,0.000000e+00,0.000000e+00,0.000000e+00,0.000000e+00,0.000000e+00,0.000000e+00,0.000000e+00,0.000000e+00,0.000000e+00,6.575616e+04,9.568816e+01,4.549871e+04,6.301988e-01,4.222085e-03,-2.095687e+01,-9.958778e-01,-1.558866e-03,-2.405480e-01,1.257652e-03,1.834625e-03,2.691132e+01,-5.493944e-01,2.245712e-03,-1.389440e-03,1.378701e-01,-1.505363e-03,-2.827819e+00,5.207360e+01,-1.183399e+00,2.272105e+03,-1.046880e+04,-8.815483e+01,-7.927428e+04,2.391000e-02,2.297008e+01,-1.218598e-03,3.590338e+01,8.569682e+02,-1.360875e+01
4.850459e-03,1.654641e+04,1.071935e+04,4.419510e-01,-4.253534e-03,8.888583e+00,1.023909e-01,1.020341e-06,3.478712e+03,0.000000e+00,0.000000e+00,5.434506e+03,0.000000e+00,0.000000e+00,0.000000e+00,0.000000e+00,0.000000e+00,0.000000e+00,0.000000e+00,0.000000e+00,0.000000e+00,0.000000e+00,0.000000e+00,0.000000e+00,0.000000e+00,0.000000e+00,0.000000e+00,0.000000e+00,0.000000e+00,0.000000e+00,0.000000e+00,0.000000e+00,0.000000e+00,0.000000e+00,0.000000e+00,0.000000e+00,0.000000e+00,0.000000e+00,0.000000e+00,0.000000e+00,0.000000e+00,0.000000e+00,0.000000e+00,0.000000e+00,0.000000e+00,0.000000e+00,0.000000e+00,0.000000e+00,0.000000e+00,1.654641e+04,3.757079e+02,9.145259e-02,-2.148198e-04,6.462119e-01,1.136610e-03,0.000000e+00,0.000000e+00,0.000000e+00,0.000000e+00,0.000000e+00,0.000000e+00,0.000000e+00,0.000000e+00,0.000000e+00,0.000000e+00,0.000000e+00,0.000000e+00,0.000000e+00,0.000000e+00,0.000000e+00,0.000000e+00,0.000000e+00,0.000000e+00,0.000000e+00,0.000000e+00,0.000000e+00,6.433623e+04,-2.121399e+03,4.354819e+04,6.297653e-01,4.210328e-03,-2.095481e+01,-9.954876e-01,-1.559783e-03,-2.404702e-01,1.257647e-03,1.835880e-03,2.691628e+01,-5.484481e-01,2.240677e-03,-1.389440e-03,1.383994e-01,-1.517380e-03,-2.804708e+00,5.198939e+01,-1.183060e+00,2.271349e+03,-9.399437e+03,2.128737e+03,-7.711818e+04,2.395776e-02,2.297877e+01,-1.245715e-03,3.728432e+01,8.800922e+02,-3.539247e+01
4.860644e-03,1.654665e+04,1.071558e+04,4.409885e-01,-4.248023e-03,8.893478e+00,1.023909e-01,1.020410e-06,3.481369e+03,0.000000e+00,0.000000e+00,5.435349e+03,0.000000e+00,0.000000e+00,0.000000e+00,0.000000e+00,0.000000e+00,0.000000e+00,0.000000e+00,0.000000e+00,0.000000e+00,0.000000e+00,0.000000e+00,0.000000e+00,0.000000e+00,0.000000e+00,0.000000e+00,0.000000e+00,0.000000e+00,0.000000e+00,0.000000e+00,0.000000e+00,0.000000e+00,0.000000e+00,0.000000e+00,0.000000e+00,0.000000e+00,0.000000e+00,0.000000e+00,0.000000e+00,0.000000e+00,0.000000e+00,0.000000e+00,0.000000e+00,0.000000e+00,0.000000e+00,0.000000e+00,0.000000e+00,0.000000e+00,1.654665e+04,3.774101e+02,9.066672e-02,-2.136859e-04,6.525662e-01,1.136610e-03,0.000000e+00,0.000000e+00,0.000000e+00,0.000000e+00,0.000000e+00,0.000000e+00,0.000000e+00,0.000000e+00,0.000000e+00,0.000000e+00,0.000000e+00,0.000000e+00,0.000000e+00,0.000000e+00,0.000000e+00,0.000000e+00,0.000000e+00,0.000000e+00,0.000000e+00,0.000000e+00,0.000000e+00,6.115488e+04,1.272089e+03,4.081379e+04,6.293523e-01,4.217095e-03,-2.095271e+01,-9.951015e-01,-1.555553e-03,-2.403942e-01,1.257641e-03,1.837124e-03,2.692116e+01,-5.475138e-01,2.236325e-03,-1.389440e-03,1.389283e-01,-1.529391e-03,-2.781580e+00,5.189583e+01,-1.181938e+00,2.270573e+03,-8.434776e+03,-1.265128e+03,-7.303805e+04,2.411960e-02,2.298755e+01,-1.254092e-03,7.825409e+00,8.504816e+02,-4.257759e+01
4.870837e-03,1.654682e+04,1.071190e+04,4.400410e-01,-4.243384e-03,8.898301e+00,1.023909e-01,1.020470e-06,3.483992e+03,0.000000e+00,0.000000e+00,5.436210e+03,0.000000e+00,0.000000e+00,0.000000e+00,0.000000e+00,0.000000e+00,0.000000e+00,0.000000e+00,0.000000e+00,0.000000e+00,0.000000e+00,0.000000e+00,0.000000e+00,0.000000e+00,0.000000e+00,0.000000e+00,0.000000e+00,0.000000e+00,0.000000e+00,0.000000e+00,0.000000e+00,0.000000e+00,0.000000e+00,0.000000e+00,0.000000e+00,0.000000e+00,0.000000e+00,0.000000e+00,0.000000e+00,0.000000e+00,0.000000e+00,0.000000e+00,0.000000e+00,0.000000e+00,0.000000e+00,0.000000e+00,0.000000e+00,0.000000e+00,1.654682e+04,3.791503e+02,8.990323e-02,-2.049370e-04,6.588233e-01,1.136609e-03,0.000000e+00,0.000000e+00,0.000000e+00,0.000000e+00,0.000000e+00,0.000000e+00,0.000000e+00,0.000000e+00,0.000000e+00,0.000000e+00,0.000000e+00,0.000000e+00,0.000000e+00,0.000000e+00,0.000000e+00,0.000000e+00,0.000000e+00,0.000000e+00,0.000000e+00,0.000000e+00,0.000000e+00,6.053404e+04,2.909208e+03,4.018676e+04,6.289604e-01,4.213932e-03,-2.095059e+01,-9.947200e-01,-1.554672e-03,-2.403231e-01,1.257636e-03,1.838378e-03,2.692598e+01,-5.465958e-01,2.232797e-03,-1.389440e-03,1.394567e-01,-1.541415e-03,-2.758440e+00,5.179596e+01,-1.180782e+00,2.269803e+03,-8.176806e+03,-2.902312e+03,-7.219782e+04,2.412582e-02,2.299621e+01,-1.343860e-03,1.936615e+00,8.485624e+02,-3.557059e+01
4.880021e-03,1.654693e+04,1.070863e+04,4.392025e-01,-4.239146e-03,8.902569e+00,1.023909e-01,1.020967e-06,3.486372e+03,0.000000e+00,0.000000e+00,5.436959e+03,0.000000e+00,0.000000e+00,0.000000e+00,0.000000e+00,0.000000e+00,0.000000e+00,0.000000e+00,0.000000e+00,0.000000e+00,0.000000e+00,0.000000e+00,0.000000e+00,0.000000e+00,0.000000e+00,0.000000e+00,0.000000e+00,0.000000e+00,0.000000e+00,0.000000e+00,0.000000e+00,0.000000e+00,0.000000e+00,0.000000e+00,0.000000e+00,0.000000e+00,0.000000e+00,0.000000e+00,0.000000e+00,0.000000e+00,0.000000e+00,0.000000e+00,0.000000e+00,0.000000e+00,0.000000e+00,0.000000e+00,0.000000e+00,0.000000e+00,1.654693e+04,3.807602e+02,8.921866e-02,-2.037667e-04,6.644055e-01,1.136610e-03,0.000000e+00,0.000000e+00,0.000000e+00,0.000000e+00,0.000000e+00,0.000000e+00,0.000000e+00,0.000000e+00,0.000000e+00,0.000000e+00,0.000000e+00,0.000000e+00,0.000000e+00,0.000000e+00,0.000000e+00,0.000000e+00,0.000000e+00,0.000000e+00,0.000000e+00,0.000000e+00,0.000000e+00,6.158039e+04,1.651590e+03,4.307470e+04,6.286108e-01,4.227652e-03,-2.094870e+01,-9.943717e-01,-1.553068e-03,-2.402536e-01,1.257631e-03,1.839506e-03,2.693023e+01,-5.457838e-01,2.229433e-03,-1.389440e-03,1.399320e-01,-1.552256e-03,-2.737598e+00,5.170771e+01,-1.186046e+00,2.269114e+03,-1.028605e+04,-1.644439e+03,-7.444323e+04,2.418006e-02,2.300408e+01,-1.392265e-03,-1.417257e+01,8.257750e+02,-2.953779e+01
4.890218e-03,1.654703e+04,1.070509e+04,4.382882e-01,-4.233879e-03,8.907228e+00,1.023909e-01,1.021588e-06,3.488984e+03,0.000000e+00,0.000000e+00,5.437783e+03,0.000000e+00,0.000000e+00,0.000000e+00,0.000000e+00,0.000000e+00,0.000000e+00,0.000000e+00,0.000000e+00,0.000000e+00,0.000000e+00,0.000000e+00,0.000000e+00,0.000000e+00,0.000000e+00,0.000000e+00,0.000000e+00,0.000000e+00,0.000000e+00,0.000000e+00,0.000000e+00,0.000000e+00,0.000000e+00,0.000000e+00,0.000000e+00,0.000000e+00,0.000000e+00,0.000000e+00,0.000000e+00,0.000000e+00,0.000000e+00,0.000000e+00,0.000000e+00,0.000000e+00,0.000000e+00,0.000000e+00,0.000000e+00,0.000000e+00,1.654703e+04,3.825869e+02,8.848859e-02,-1.856014e-04,6.705299e-01,1.136610e-03,0.000000e+00,0.000000e+00,0.000000e+00,0.000000e+00,0.000000e+00,0.000000e+00,0.000000e+00,0.000000e+00,0.000000e+00,0.000000e+00,0.000000e+00,0.000000e+00,0.000000e+00,0.000000e+00,0.000000e+00,0.000000e+00,0.000000e+00,0.000000e+00,0.000000e+00,0.000000e+00,0.000000e+00,6.140182e+04,4.318614e+03,4.338759e+04,6.282354e-01,4.224560e-03,-2.094663e+01,-9.939883e-01,-1.556802e-03,-2.401761e-01,1.257624e-03,1.840753e-03,2.693489e+01,-5.448995e-01,2.225142e-03,-1.389439e-03,1.404587e-01,-1.564310e-03,-2.714463e+00,5.160487e+01,-1.182529e+00,2.268352e+03,-1.066344e+04,-4.311440e+03,-7.442459e+04,2.403808e-02,2.301270e+01,-1.480724e-03,-9.367172e+00,8.208345e+02,1.808773e+01
4.900431e-03,1.654707e+04,1.070158e+04,4.373898e-01,-4.228465e-03,8.911805e+00,1.023909e-01,1.022216e-06,3.491610e+03,0.000000e+00,0.000000e+00,5.438595e+03,0.000000e+00,0.000000e+00,0.000000e+00,0.000000e+00,0.000000e+00,0.000000e+00,0.000000e+00,0.000000e+00,0.000000e+00,0.000000e+00,0.000000e+00,0.000000e+00,0.000000e+00,0.000000e+00,0.000000e+00,0.000000e+00,0.000000e+00,0.000000e+00,0.000000e+00,0.000000e+00,0.000000e+00,0.000000e+00,0.000000e+00,0.000000e+00,0.000000e+00,0.000000e+00,0.000000e+00,0.000000e+00,0.000000e+00,0.000000e+00,0.000000e+00,0.000000e+00,0.000000e+00,0.000000e+00,0.000000e+00,0.000000e+00,0.000000e+00,1.654707e+04,3.845001e+02,8.777175e-02,-2.005461e-04,6.765772e-01,1.136610e-03,0.000000e+00,0.000000e+00,0.000000e+00,0.000000e+00,0.000000e+00,0.000000e+00,0.000000e+00,0.000000e+00,0.000000e+00,0.000000e+00,0.000000e+00,0.000000e+00,0.000000e+00,0.000000e+00,0.000000e+00,0.000000e+00,0.000000e+00,0.000000e+00,0.000000e+00,0.000000e+00,0.000000e+00,6.040710e+04,7.117838e+02,4.146722e+04,6.278691e-01,4.205990e-03,-2.094454e+01,-9.936036e-01,-1.560504e-03,-2.400964e-01,1.257617e-03,1.841992e-03,2.693947e+01,-5.440314e-01,2.220749e-03,-1.389439e-03,1.409851e-01,-1.576418e-03,-2.691301e+00,5.149698e+01,-1.181534e+00,2.267582e+03,-9.423815e+03,-7.047765e+02,-7.266188e+04,2.393834e-02,2.302134e+01,-1.513266e-03,-2.443457e+01,8.396934e+02,9.373661e+00
4.910659e-03,1.654707e+04,1.069811e+04,4.365097e-01,-4.224168e-03,8.916291e+00,1.023909e-01,1.023256e-06,3.494241e+03,0.000000e+00,0.000000e+00,5.439416e+03,0.000000e+00,0.000000e+00,0.000000e+00,0.000000e+00,0.000000e+00,0.000000e+00,0.000000e+00,0.000000e+00,0.000000e+00,0.000000e+00,0.000000e+00,0.000000e+00,0.000000e+00,0.000000e+00,0.000000e+00,0.000000e+00,0.000000e+00,0.000000e+00,0.000000e+00,0.000000e+00,0.000000e+00,0.000000e+00,0.000000e+00,0.000000e+00,0.000000e+00,0.000000e+00,0.000000e+00,0.000000e+00,0.000000e+00,0.000000e+00,0.000000e+00,0.000000e+00,0.000000e+00,0.000000e+00,0.000000e+00,0.000000e+00,0.000000e+00,1.654707e+04,3.864600e+02,8.708674e-02,-1.859576e-04,6.825705e-01,1.136610e-03,0.000000e+00,0.000000e+00,0.000000e+00,0.000000e+00,0.000000e+00,0.000000e+00,0.000000e+00,0.000000e+00,0.000000e+00,0.000000e+00,0.000000e+00,0.000000e+00,0.000000e+00,0.000000e+00,0.000000e+00,0.000000e+00,0.000000e+00,0.000000e+00,0.000000e+00,0.000000e+00,0.000000e+00,6.121588e+04,9.564738e+02,4.264755e+04,6.275181e-01,4.213105e-03,-2.094242e+01,-9.932197e-01,-1.561846e-03,-2.400171e-01,1.257610e-03,1.843210e-03,2.694395e+01,-5.431815e-01,2.217493e-03,-1.389439e-03,1.415112e-01,-1.588557e-03,-2.668114e+00,5.138462e+01,-1.183740e+00,2.266808e+03,-1.012401e+04,-9.493192e+02,-7.391695e+04,2.387368e-02,2.303001e+01,-1.554863e-03,-6.970249e+00,8.537454e+02,-1.192886e+01
4.920894e-03,1.654700e+04,1.069467e+04,4.356463e-01,-4.220252e-03,8.920694e+00,1.023909e-01,1.023793e-06,3.496881e+03,0.000000e+00,0.000000e+00,5.440227e+03,0.000000e+00,0.000000e+00,0.000000e+00,0.000000e+00,0.000000e+00,0.000000e+00,0.000000e+00,0.000000e+00,0.000000e+00,0.000000e+00,0.000000e+00,0.000000e+00,0.000000e+00,0.000000e+00,0.000000e+00,0.000000e+00,0.000000e+00,0.000000e+00,0.000000e+00,0.000000e+00,0.000000e+00,0.000000e+00,0.000000e+00,0.000000e+00,0.000000e+00,0.000000e+00,0.000000e+00,0.000000e+00,0.000000e+00,0.000000e+00,0.000000e+00,0.000000e+00,0.000000e+00,0.000000e+00,0.000000e+00,0.000000e+00,0.000000e+00,1.654700e+04,3.884933e+02,8.643746e-02,-1.848415e-04,6.884983e-01,1.136610e-03,0.000000e+00,0.000000e+00,0.000000e+00,0.000000e+00,0.000000e+00,0.000000e+00,0.000000e+00,0.000000e+00,0.000000e+00,0.000000e+00,0.000000e+00,0.000000e+00,0.000000e+00,0.000000e+00,0.000000e+00,0.000000e+00,0.000000e+00,0.000000e+00,0.000000e+00,0.000000e+00,0.000000e+00,6.246922e+04,2.019469e+03,4.404384e+04,6.271771e-01,4.212458e-03,-2.094030e+01,-9.928342e-01,-1.563003e-03,-2.399367e-01,1.257603e-03,1.844410e-03,2.694835e+01,-5.423478e-01,2.214524e-03,-1.389439e-03,1.420365e-01,-1.600711e-03,-2.644917e+00,5.126846e+01,-1.182741e+00,2.266031e+03,-1.081498e+04,-2.012121e+03,-7.566591e+04,2.380762e-02,2.303870e+01,-1.568161e-03,2.306675e+01,8.700665e+02,-4.028925e+01
4.930108e-03,1.654690e+04,1.069163e+04,4.348829e-01,-4.215597e-03,8.924588e+00,1.023909e-01,1.024046e-06,3.499257e+03,0.000000e+00,0.000000e+00,5.440954e+03,0.000000e+00,0.000000e+00,0.000000e+00,0.000000e+00,0.000000e+00,0.000000e+00,0.000000e+00,0.000000e+00,0.000000e+00,0.000000e+00,0.000000e+00,0.000000e+00,0.000000e+00,0.000000e+00,0.000000e+00,0.000000e+00,0.000000e+00,0.000000e+00,0.000000e+00,0.000000e+00,0.000000e+00,0.000000e+00,0.000000e+00,0.000000e+00,0.000000e+00,0.000000e+00,0.000000e+00,0.000000e+00,0.000000e+00,0.000000e+00,0.000000e+00,0.000000e+00,0.000000e+00,0.000000e+00,0.000000e+00,0.000000e+00,0.000000e+00,1.654690e+04,3.903735e+02,8.586305e-02,-1.835320e-04,6.937705e-01,1.136610e-03,0.000000e+00,0.000000e+00,0.000000e+00,0.000000e+00,0.000000e+00,0.000000e+00,0.000000e+00,0.000000e+00,0.000000e+00,0.000000e+00,0.000000e+00,0.000000e+00,0.000000e+00,0.000000e+00,0.000000e+00,0.000000e+00,0.000000e+00,0.000000e+00,0.000000e+00,0.000000e+00,0.000000e+00,6.247698e+04,1.620854e+03,4.468050e+04,6.268810e-01,4.217697e-03,-2.093838e+01,-9.924879e-01,-1.564363e-03,-2.398635e-01,1.257595e-03,1.845457e-03,2.695224e+01,-5.416111e-01,2.210746e-03,-1.389439e-03,1.425083e-01,-1.611648e-03,-2.624041e+00,5.116027e+01,-1.184523e+00,2.265328e+03,-1.139459e+04,-1.613453e+03,-7.595991e+04,2.378034e-02,2.304653e+01,-1.597821e-03,2.331933e+01,8.642631e+02,-4.311223e+01
4.940348e-03,1.654675e+04,1.068830e+04,4.340504e-01,-4.208685e-03,8.928837e+00,1.023909e-01,1.024106e-06,3.501903e+03,0.000000e+00,0.000000e+00,5.441741e+03,0.000000e+00,0.000000e+00,0.000000e+00,0.000000e+00,0.000000e+00,0.000000e+00,0.000000e+00,0.000000e+00,0.000000e+00,0.000000e+00,0.000000e+00,0.000000e+00,0.000000e+00,0.000000e+00,0.000000e+00,0.000000e+00,0.000000e+00,0.000000e+00,0.000000e+00,0.000000e+00,0.000000e+00,0.000000e+00,0.000000e+00,0.000000e+00,0.000000e+00,0.000000e+00,0.000000e+00,0.000000e+00,0.000000e+00,0.000000e+00,0.000000e+00,0.000000e+00,0.000000e+00,0.000000e+00,0.000000e+00,0.000000e+00,0.000000e+00,1.654675e+04,3.925027e+02,8.523000e-02,-1.617945e-04,6.995801e-01,1.136610e-03,0.000000e+00,0.000000e+00,0.000000e+00,0.000000e+00,0.000000e+00,0.000000e+00,0.000000e+00,0.000000e+00,0.000000e+00,0.000000e+00,0.000000e+00,0.000000e+00,0.000000e+00,0.000000e+00,0.000000e+00,0.000000e+00,0.000000e+00,0.000000e+00,0.000000e+00,0.000000e+00,0.000000e+00,6.209276e+04,-1.836715e+03,4.464447e+04,6.265566e-01,4.219300e-03,-2.093626e+01,-9.921002e-01,-1.565649e-03,-2.397793e-01,1.257589e-03,1.846609e-03,2.695648e+01,-5.408079e-01,2.204905e-03,-1.389441e-03,1.430315e-01,-1.623787e-03,-2.600848e+00,5.103866e+01,-1.187811e+00,2.264548e+03,-1.155496e+04,1.844102e+03,-7.559825e+04,2.376628e-02,2.305524e+01,-1.651523e-03,-1.198365e+01,8.566971e+02,2.077950e+01
4.950591e-03,1.654654e+04,1.068502e+04,4.332337e-01,-4.199223e-03,8.933004e+00,1.023909e-01,1.024518e-06,3.504545e+03,0.000000e+00,0.000000e+00,5.442523e+03,0.000000e+00,0.000000e+00,0.000000e+00,0.000000e+00,0.000000e+00,0.000000e+00,0.000000e+00,0.000000e+00,0.000000e+00,0.000000e+00,0.000000e+00,0.000000e+00,0.000000e+00,0.000000e+00,0.000000e+00,0.000000e+00,0.000000e+00,0.000000e+00,0.000000e+00,0.000000e+00,0.000000e+00,0.000000e+00,0.000000e+00,0.000000e+00,0.000000e+00,0.000000e+00,0.000000e+00,0.000000e+00,0.000000e+00,0.000000e+00,0.000000e+00,0.000000e+00,0.000000e+00,0.000000e+00,0.000000e+00,0.000000e+00,0.000000e+00,1.654654e+04,3.946968e+02,8.462339e-02,-1.802425e-04,7.053174e-01,1.136610e-03,0.000000e+00,0.000000e+00,0.000000e+00,0.000000e+00,0.000000e+00,0.000000e+00,0.000000e+00,0.000000e+00,0.000000e+00,0.000000e+00,0.000000e+00,0.000000e+00,0.000000e+00,0.000000e+00,0.000000e+00,0.000000e+00,0.000000e+00,0.000000e+00,0.000000e+00,0.000000e+00,0.000000e+00,6.198880e+04,-1.650705e+03,4.476861e+04,6.262334e-01,4.206272e-03,-2.093414e+01,-9.917094e-01,-1.568718e-03,-2.396928e-01,1.257581e-03,1.847737e-03,2.696065e+01,-5.400206e-01,2.196645e-03,-1.389443e-03,1.435537e-01,-1.635916e-03,-2.577656e+00,5.091595e+01,-1.182433e+00,2.263768e+03,-1.173063e+04,1.658109e+03,-7.555930e+04,2.365772e-02,2.306394e+01,-1.588987e-03,-1.706469e+01,8.545363e+02,2.222593e+01
4.960838e-03,1.654628e+04,1.068180e+04,4.324328e-01,-4.187645e-03,8.937096e+00,1.023909e-01,1.024871e-06,3.507189e+03,0.000000e+00,0.000000e+00,5.443306e+03,0.000000e+00,0.000000e+00,0.000000e+00,0.000000e+00,0.000000e+00,0.000000e+00,0.000000e+00,0.000000e+00,0.000000e+00,0.000000e+00,0.000000e+00,0.000000e+00,0.000000e+00,0.000000e+00,0.000000e+00,0.000000e+00,0.000000e+00,0.000000e+00,0.000000e+00,0.000000e+00,0.000000e+00,0.000000e+00,0.000000e+00,0.000000e+00,0.000000e+00,0.000000e+00,0.000000e+00,0.000000e+00,0.000000e+00,0.000000e+00,0.000000e+00,0.000000e+00,0.000000e+00,0.000000e+00,0.000000e+00,0.000000e+00,0.000000e+00,1.654628e+04,3.969383e+02,8.403505e-02,-1.680086e-04,7.109814e-01,1.136609e-03,0.000000e+00,0.000000e+00,0.000000e+00,0.000000e+00,0.000000e+00,0.000000e+00,0.000000e+00,0.000000e+00,0.000000e+00,0.000000e+00,0.000000e+00,0.000000e+00,0.000000e+00,0.000000e+00,0.000000e+00,0.000000e+00,0.000000e+00,0.000000e+00,0.000000e+00,0.000000e+00,0.000000e+00,6.190597e+04,3.006691e+02,4.487947e+04,6.259095e-01,4.208554e-03,-2.093202e+01,-9.913110e-01,-1.571440e-03,-2.396051e-01,1.257574e-03,1.848831e-03,2.696473e+01,-5.392486e-01,2.186251e-03,-1.389445e-03,1.440747e-01,-1.648033e-03,-2.554464e+00,5.079141e+01,-1.180859e+00,2.262988e+03,-1.188490e+04,-2.932473e+02,-7.553323e+04,2.358055e-02,2.307264e+01,-1.583314e-03,-2.226407e+00,8.561035e+02,-7.687124e+00
4.970063e-03,1.654604e+04,1.067892e+04,4.317261e-01,-4.176444e-03,8.940708e+00,1.023909e-01,1.025181e-06,3.509602e+03,0.000000e+00,0.000000e+00,5.444088e+03,0.000000e+00,0.000000e+00,0.000000e+00,0.000000e+00,0.000000e+00,0.000000e+00,0.000000e+00,0.000000e+00,0.000000e+00,0.000000e+00,0.000000e+00,0.000000e+00,0.000000e+00,0.000000e+00,0.000000e+00,0.000000e+00,0.000000e+00,0.000000e+00,0.000000e+00,0.000000e+00,0.000000e+00,0.000000e+00,0.000000e+00,0.000000e+00,0.000000e+00,0.000000e+00,0.000000e+00,0.000000e+00,0.000000e+00,0.000000e+00,0.000000e+00,0.000000e+00,0.000000e+00,0.000000e+00,0.000000e+00,0.000000e+00,0.000000e+00,1.654604e+04,3.990450e+02,8.352119e-02,-1.550750e-04,7.160620e-01,1.136610e-03,0.000000e+00,0.000000e+00,0.000000e+00,0.000000e+00,0.000000e+00,0.000000e+00,0.000000e+00,0.000000e+00,0.000000e+00,0.000000e+00,0.000000e+00,0.000000e+00,0.000000e+00,0.000000e+00,0.000000e+00,0.000000e+00,0.000000e+00,0.000000e+00,0.000000e+00,0.000000e+00,0.000000e+00,6.202021e+04,-1.855004e+02,4.497192e+04,6.256249e-01,4.220733e-03,-2.093008e+01,-9.909481e-01,-1.580541e-03,-2.395239e-01,1.257568e-03,1.849797e-03,2.696833e+01,-5.385678e-01,2.176042e-03,-1.389446e-03,1.445427e-01,-1.658942e-03,-2.533591e+00,5.067502e+01,-1.182315e+00,2.262274e+03,-1.193152e+04,1.929539e+02,-7.567441e+04,2.334299e-02,2.308057e+01,-1.557528e-03,-2.449214e+01,8.577045e+02,7.155615e+00
4.980124e-03,1.654575e+04,1.067585e+04,4.309550e-01,-4.159722e-03,8.944624e+00,1.023910e-01,1.025516e-06,3.512223e+03,0.000000e+00,0.000000e+00,5.444847e+03,0.000000e+00,0.000000e+00,0.000000e+00,0.000000e+00,0.000000e+00,0.000000e+00,0.000000e+00,0.000000e+00,0.000000e+00,0.000000e+00,0.000000e+00,0.000000e+00,0.000000e+00,0.000000e+00,0.000000e+00,0.000000e+00,0.000000e+00,0.000000e+00,0.000000e+00,0.000000e+00,0.000000e+00,0.000000e+00,0.000000e+00,0.000000e+00,0.000000e+00,0.000000e+00,0.000000e+00,0.000000e+00,0.000000e+00,0.000000e+00,0.000000e+00,0.000000e+00,0.000000e+00,0.000000e+00,0.000000e+00,0.000000e+00,0.000000e+00,1.654575e+04,4.013844e+02,8.298347e-02,-1.789896e-04,7.215310e-01,1.136610e-03,0.000000e+00,0.000000e+00,0.000000e+00,0.000000e+00,0.000000e+00,0.000000e+00,0.000000e+00,0.000000e+00,0.000000e+00,0.000000e+00,0.000000e+00,0.000000e+00,0.000000e+00,0.000000e+00,0.000000e+00,0.000000e+00,0.000000e+00,0.000000e+00,0.000000e+00,0.000000e+00,0.000000e+00,6.286852e+04,8.992065e+02,4.593117e+04,6.253254e-01,4.200594e-03,-2.092798e+01,-9.905561e-01,-1.595531e-03,-2.394338e-01,1.257560e-03,1.850820e-03,2.697221e+01,-5.378378e-01,2.164945e-03,-1.389447e-03,1.450518e-01,-1.670777e-03,-2.510835e+00,5.054675e+01,-1.168606e+00,2.261499e+03,-1.241924e+04,-8.916154e+02,-7.686285e+04,2.298911e-02,2.308919e+01,-1.312434e-03,-3.004539e+01,8.576218e+02,7.651465e+00
4.990139e-03,1.654542e+04,1.067282e+04,4.302006e-01,-4.151946e-03,8.948454e+00,1.023910e-01,9.774000e-07,3.514845e+03,0.000000e+00,0.000000e+00,5.445611e+03,0.000000e+00,0.000000e+00,0.000000e+00,0.000000e+00,0.000000e+00,0.000000e+00,0.000000e+00,0.000000e+00,0.000000e+00,0.000000e+00,0.000000e+00,0.000000e+00,0.000000e+00,0.000000e+00,0.000000e+00,0.000000e+00,0.000000e+00,0.000000e+00,0.000000e+00,0.000000e+00,0.000000e+00,0.000000e+00,0.000000e+00,0.000000e+00,0.000000e+00,0.000000e+00,0.000000e+00,0.000000e+00,0.000000e+00,0.000000e+00,0.000000e+00,0.000000e+00,0.000000e+00,0.000000e+00,0.000000e+00,0.000000e+00,0.000000e+00,1.654542e+04,4.037845e+02,8.246206e-02,-1.805942e-04,7.269523e-01,1.136610e-03,0.000000e+00,0.000000e+00,0.000000e+00,0.000000e+00,0.000000e+00,0.000000e+00,0.000000e+00,0.000000e+00,0.000000e+00,0.000000e+00,0.000000e+00,0.000000e+00,0.000000e+00,0.000000e+00,0.000000e+00,0.000000e+00,0.000000e+00,0.000000e+00,0.000000e+00,0.000000e+00,0.000000e+00,6.549858e+04,-4.103570e+03,4.902646e+04,6.250303e-01,4.201049e-03,-2.092586e+01,-9.901573e-01,-1.611943e-03,-2.393415e-01,1.257554e-03,1.851797e-03,2.697600e+01,-5.371218e-01,2.153792e-03,-1.389448e-03,1.455573e-01,-1.682501e-03,-2.488191e+00,5.041495e+01,-1.167351e+00,2.260718e+03,-1.400347e+04,4.111564e+03,-8.060705e+04,2.273039e-02,2.309781e+01,-1.223557e-03,-7.182638e+01,8.840076e+02,7.627348e+01
5.000058e-03,1.654506e+04,1.066981e+04,4.294763e-01,-4.140028e-03,8.952157e+00,1.023910e-01,9.774000e-07,3.517467e+03,0.000000e+00,0.000000e+00,5.446361e+03,0.000000e+00,0.000000e+00,0.000000e+00,0.000000e+00,0.000000e+00,0.000000e+00,0.000000e+00,0.000000e+00,0.000000e+00,0.000000e+00,0.000000e+00,0.000000e+00,0.000000e+00,0.000000e+00,0.000000e+00,0.000000e+00,0.000000e+00,0.000000e+00,0.000000e+00,0.000000e+00,0.000000e+00,0.000000e+00,0.000000e+00,0.000000e+00,0.000000e+00,0.000000e+00,0.000000e+00,0.000000e+00,0.000000e+00,0.000000e+00,0.000000e+00,0.000000e+00,0.000000e+00,0.000000e+00,0.000000e+00,0.000000e+00,0.000000e+00,1.654506e+04,4.062260e+02,8.196535e-02,-1.858645e-04,7.322934e-01,1.136610e-03,0.000000e+00,0.000000e+00,0.000000e+00,0.000000e+00,0.000000e+00,0.000000e+00,0.000000e+00,0.000000e+00,0.000000e+00,0.000000e+00,0.000000e+00,0.000000e+00,0.000000e+00,0.000000e+00,0.000000e+00,0.000000e+00,0.000000e+00,0.000000e+00,0.000000e+00,0.000000e+00,0.000000e+00,6.342565e+04,-3.678465e+03,4.781743e+04,6.247423e-01,4.210054e-03,-2.092374e+01,-9.897560e-01,-1.632315e-03,-2.392476e-01,1.257547e-03,1.852716e-03,2.697970e+01,-5.364233e-01,2.143027e-03,-1.389450e-03,1.460567e-01,-1.693992e-03,-2.465770e+00,5.027988e+01,-1.163493e+00,2.259935e+03,-1.388356e+04,3.686242e+03,-7.820812e+04,2.243348e-02,2.310644e+01,-1.125675e-03,-6.012529e+01,8.586387e+02,5.221371e+01
5.010908e-03,1.654458e+04,1.066658e+04,4.286959e-01,-4.128294e-03,8.956148e+00,1.023910e-01,9.774000e-07,3.520331e+03,0.000000e+00,0.000000e+00,5.447186e+03,0.000000e+00,0.000000e+00,0.000000e+00,0.000000e+00,0.000000e+00,0.000000e+00,0.000000e+00,0.000000e+00,0.000000e+00,0.000000e+00,0.000000e+00,0.000000e+00,0.000000e+00,0.000000e+00,0.000000e+00,0.000000e+00,0.000000e+00,0.000000e+00,0.000000e+00,0.000000e+00,0.000000e+00,0.000000e+00,0.000000e+00,0.000000e+00,0.000000e+00,0.000000e+00,0.000000e+00,0.000000e+00,0.000000e+00,0.000000e+00,0.000000e+00,0.000000e+00,0.000000e+00,0.000000e+00,0.000000e+00,0.000000e+00,0.000000e+00,1.654458e+04,4.089453e+02,8.143694e-02,-2.123412e-04,7.380721e-01,1.136610e-03,0.000000e+00,0.000000e+00,0.000000e+00,0.000000e+00,0.000000e+00,0.000000e+00,0.000000e+00,0.000000e+00,0.000000e+00,0.000000e+00,0.000000e+00,0.000000e+00,0.000000e+00,0.000000e+00,0.000000e+00,0.000000e+00,0.000000e+00,0.000000e+00,0.000000e+00,0.000000e+00,0.000000e+00,6.229081e+04,-2.888307e+03,4.724091e+04,6.244344e-01,4.183317e-03,-2.092144e+01,-9.893097e-01,-1.654534e-03,-2.391412e-01,1.257538e-03,1.853659e-03,2.698369e+01,-5.356705e-01,2.132713e-03,-1.389453e-03,1.466013e-01,-1.706464e-03,-2.441256e+00,5.012873e+01,-1.145480e+00,2.259081e+03,-1.390320e+04,2.895979e+03,-7.693182e+04,2.202768e-02,2.311585e+01,-8.209310e-04,-5.080635e+01,8.508329e+02,5.858964e+01
5.020682e-03,1.654412e+04,1.066372e+04,4.280019e-01,-4.119214e-03,8.959701e+00,1.023910e-01,9.774000e-07,3.522900e+03,0.000000e+00,0.000000e+00,5.447929e+03,0.000000e+00,0.000000e+00,0.000000e+00,0.000000e+00,0.000000e+00,0.000000e+00,0.000000e+00,0.000000e+00,0.000000e+00,0.000000e+00,0.000000e+00,0.000000e+00,0.000000e+00,0.000000e+00,0.000000e+00,0.000000e+00,0.000000e+00,0.000000e+00,0.000000e+00,0.000000e+00,0.000000e+00,0.000000e+00,0.000000e+00,0.000000e+00,0.000000e+00,0.000000e+00,0.000000e+00,0.000000e+00,0.000000e+00,0.000000e+00,0.000000e+00,0.000000e+00,0.000000e+00,0.000000e+00,0.000000e+00,0.000000e+00,0.000000e+00,1.654412e+04,4.114441e+02,8.098081e-02,-2.111292e-04,7.432473e-01,1.136610e-03,0.000000e+00,0.000000e+00,0.000000e+00,0.000000e+00,0.000000e+00,0.000000e+00,0.000000e+00,0.000000e+00,0.000000e+00,0.000000e+00,0.000000e+00,0.000000e+00,0.000000e+00,0.000000e+00,0.000000e+00,0.000000e+00,0.000000e+00,0.000000e+00,0.000000e+00,0.000000e+00,0.000000e+00,6.243632e+04,1.250103e+03,4.805845e+04,6.241683e-01,4.196863e-03,-2.091937e+01,-9.889100e-01,-1.674442e-03,-2.390455e-01,1.257529e-03,1.854443e-03,2.698724e+01,-5.350008e-01,2.124852e-03,-1.389456e-03,1.470905e-01,-1.717629e-03,-2.419180e+00,4.999054e+01,-1.138494e+00,2.258315e+03,-1.458372e+04,-1.242357e+03,-7.742896e+04,2.176852e-02,2.312428e+01,-6.362111e-04,1.348102e+01,8.488814e+02,-6.405404e+00
5.030456e-03,1.654361e+04,1.066089e+04,4.273176e-01,-4.111101e-03,8.963202e+00,1.023910e-01,9.774000e-07,3.525487e+03,0.000000e+00,0.000000e+00,5.448662e+03,0.000000e+00,0.000000e+00,0.000000e+00,0.000000e+00,0.000000e+00,0.000000e+00,0.000000e+00,0.000000e+00,0.000000e+00,0.000000e+00,0.000000e+00,0.000000e+00,0.000000e+00,0.000000e+00,0.000000e+00,0.000000e+00,0.000000e+00,0.000000e+00,0.000000e+00,0.000000e+00,0.000000e+00,0.000000e+00,0.000000e+00,0.000000e+00,0.000000e+00,0.000000e+00,0.000000e+00,0.000000e+00,0.000000e+00,0.000000e+00,0.000000e+00,0.000000e+00,0.000000e+00,0.000000e+00,0.000000e+00,0.000000e+00,0.000000e+00,1.654361e+04,4.140123e+02,8.053143e-02,-1.948091e-04,7.483912e-01,1.136610e-03,0.000000e+00,0.000000e+00,0.000000e+00,0.000000e+00,0.000000e+00,0.000000e+00,0.000000e+00,0.000000e+00,0.000000e+00,0.000000e+00,0.000000e+00,0.000000e+00,0.000000e+00,0.000000e+00,0.000000e+00,0.000000e+00,0.000000e+00,0.000000e+00,0.000000e+00,0.000000e+00,0.000000e+00,6.445882e+04,-6.982565e+02,4.966584e+04,6.239071e-01,4.234964e-03,-2.091728e+01,-9.885029e-01,-1.695289e-03,-2.389475e-01,1.257522e-03,1.855169e-03,2.699074e+01,-5.343401e-01,2.117703e-03,-1.389458e-03,1.475784e-01,-1.728813e-03,-2.397111e+00,4.984803e+01,-1.145784e+00,2.257543e+03,-1.511931e+04,7.062738e+02,-7.995643e+04,2.171765e-02,2.313276e+01,-6.602158e-04,-1.313228e+01,8.722988e+02,1.790943e+01
5.040230e-03,1.654319e+04,1.065801e+04,4.266438e-01,-4.103072e-03,8.966653e+00,1.023910e-01,9.774000e-07,3.528152e+03,0.000000e+00,0.000000e+00,5.449769e+03,0.000000e+00,0.000000e+00,0.000000e+00,0.000000e+00,0.000000e+00,0.000000e+00,0.000000e+00,0.000000e+00,0.000000e+00,0.000000e+00,0.000000e+00,0.000000e+00,0.000000e+00,0.000000e+00,0.000000e+00,0.000000e+00,0.000000e+00,0.000000e+00,0.000000e+00,0.000000e+00,0.000000e+00,0.000000e+00,0.000000e+00,0.000000e+00,0.000000e+00,0.000000e+00,0.000000e+00,0.000000e+00,0.000000e+00,0.000000e+00,0.000000e+00,0.000000e+00,0.000000e+00,0.000000e+00,0.000000e+00,0.000000e+00,0.000000e+00,1.654319e+04,4.166953e+02,8.012493e-02,-1.755490e-04,7.535604e-01,1.136610e-03,0.000000e+00,0.000000e+00,0.000000e+00,0.000000e+00,0.000000e+00,0.000000e+00,0.000000e+00,0.000000e+00,0.000000e+00,0.000000e+00,0.000000e+00,0.000000e+00,0.000000e+00,0.000000e+00,0.000000e+00,0.000000e+00,0.000000e+00,0.000000e+00,0.000000e+00,0.000000e+00,0.000000e+00,6.637016e+04,-4.168846e+02,5.157905e+04,6.236930e-01,4.242544e-03,-2.091511e+01,-9.880992e-01,-1.692406e-03,-2.388469e-01,1.257514e-03,1.855853e-03,2.699419e+01,-5.336902e-01,2.110431e-03,-1.389461e-03,1.480647e-01,-1.740015e-03,-2.375050e+00,4.969160e+01,-1.149737e+00,2.256742e+03,-1.597913e+04,4.251839e+02,-8.252306e+04,2.211156e-02,2.314149e+01,-8.253422e-04,3.385692e+01,8.976677e+02,-9.547629e-01
5.050004e-03,1.654283e+04,1.065524e+04,4.259818e-01,-4.093505e-03,8.970047e+00,1.023910e-01,9.774000e-07,3.530731e+03,0.000000e+00,0.000000e+00,5.450344e+03,0.000000e+00,0.000000e+00,0.000000e+00,0.000000e+00,0.000000e+00,0.000000e+00,0.000000e+00,0.000000e+00,0.000000e+00,0.000000e+00,0.000000e+00,0.000000e+00,0.000000e+00,0.000000e+00,0.000000e+00,0.000000e+00,0.000000e+00,0.000000e+00,0.000000e+00,0.000000e+00,0.000000e+00,0.000000e+00,0.000000e+00,0.000000e+00,0.000000e+00,0.000000e+00,0.000000e+00,0.000000e+00,0.000000e+00,0.000000e+00,0.000000e+00,0.000000e+00,0.000000e+00,0.000000e+00,0.000000e+00,0.000000e+00,0.000000e+00,1.654283e+04,4.193642e+02,7.973506e-02,-1.353766e-04,7.586413e-01,1.136610e-03,0.000000e+00,0.000000e+00,0.000000e+00,0.000000e+00,0.000000e+00,0.000000e+00,0.000000e+00,0.000000e+00,0.000000e+00,0.000000e+00,0.000000e+00,0.000000e+00,0.000000e+00,0.000000e+00,0.000000e+00,0.000000e+00,0.000000e+00,0.000000e+00,0.000000e+00,0.000000e+00,0.000000e+00,6.270450e+04,2.635086e+03,4.920935e+04,6.235198e-01,4.255339e-03,-2.091301e+01,-9.877501e-01,-1.683166e-03,-2.387539e-01,1.257505e-03,1.856479e-03,2.699758e+01,-5.330515e-01,2.101603e-03,-1.389463e-03,1.485496e-01,-1.751275e-03,-2.352997e+00,4.953699e+01,-1.157076e+00,2.255960e+03,-1.554155e+04,-2.627203e+03,-7.817874e+04,2.221811e-02,2.314997e+01,-9.969239e-04,1.054051e+01,8.508329e+02,-2.919388e+01
5.060755e-03,1.654231e+04,1.065221e+04,4.252672e-01,-4.082055e-03,8.973707e+00,1.023910e-01,9.774000e-07,3.533609e+03,0.000000e+00,0.000000e+00,5.451100e+03,0.000000e+00,0.000000e+00,0.000000e+00,0.000000e+00,0.000000e+00,0.000000e+00,0.000000e+00,0.000000e+00,0.000000e+00,0.000000e+00,0.000000e+00,0.000000e+00,0.000000e+00,0.000000e+00,0.000000e+00,0.000000e+00,0.000000e+00,0.000000e+00,0.000000e+00,0.000000e+00,0.000000e+00,0.000000e+00,0.000000e+00,0.000000e+00,0.000000e+00,0.000000e+00,0.000000e+00,0.000000e+00,0.000000e+00,0.000000e+00,0.000000e+00,0.000000e+00,0.000000e+00,0.000000e+00,0.000000e+00,0.000000e+00,0.000000e+00,1.654231e+04,4.223571e+02,7.931528e-02,-1.065426e-04,7.641546e-01,1.136609e-03,0.000000e+00,0.000000e+00,0.000000e+00,0.000000e+00,0.000000e+00,0.000000e+00,0.000000e+00,0.000000e+00,0.000000e+00,0.000000e+00,0.000000e+00,0.000000e+00,0.000000e+00,0.000000e+00,0.000000e+00,0.000000e+00,0.000000e+00,0.000000e+00,0.000000e+00,0.000000e+00,0.000000e+00,6.481704e+04,7.926357e+02,5.079992e+04,6.233262e-01,4.269867e-03,-2.091065e+01,-9.873479e-01,-1.666670e-03,-2.386439e-01,1.257495e-03,1.857103e-03,2.700124e+01,-5.323618e-01,2.091103e-03,-1.389467e-03,1.490812e-01,-1.763799e-03,-2.328747e+00,4.936522e+01,-1.169740e+00,2.255095e+03,-1.602521e+04,-7.844696e+02,-8.077800e+04,2.252720e-02,2.315939e+01,-1.191796e-03,1.103028e+01,8.820561e+02,-3.444460e+00
5.070529e-03,1.654179e+04,1.064951e+04,4.246294e-01,-4.071346e-03,8.976975e+00,1.023910e-01,9.774000e-07,3.536182e+03,0.000000e+00,0.000000e+00,5.451782e+03,0.000000e+00,0.000000e+00,0.000000e+00,0.000000e+00,0.000000e+00,0.000000e+00,0.000000e+00,0.000000e+00,0.000000e+00,0.000000e+00,0.000000e+00,0.000000e+00,0.000000e+00,0.000000e+00,0.000000e+00,0.000000e+00,0.000000e+00,0.000000e+00,0.000000e+00,0.000000e+00,0.000000e+00,0.000000e+00,0.000000e+00,0.000000e+00,0.000000e+00,0.000000e+00,0.000000e+00,0.000000e+00,0.000000e+00,0.000000e+00,0.000000e+00,0.000000e+00,0.000000e+00,0.000000e+00,0.000000e+00,0.000000e+00,0.000000e+00,1.654179e+04,4.250980e+02,7.898138e-02,-7.511600e-05,7.691282e-01,1.136609e-03,0.000000e+00,0.000000e+00,0.000000e+00,0.000000e+00,0.000000e+00,0.000000e+00,0.000000e+00,0.000000e+00,0.000000e+00,0.000000e+00,0.000000e+00,0.000000e+00,0.000000e+00,0.000000e+00,0.000000e+00,0.000000e+00,0.000000e+00,0.000000e+00,0.000000e+00,0.000000e+00,0.000000e+00,6.427004e+04,6.122574e+02,5.099314e+04,6.231726e-01,4.263332e-03,-2.090854e+01,-9.869878e-01,-1.660572e-03,-2.385515e-01,1.257485e-03,1.857646e-03,2.700451e+01,-5.317461e-01,2.081175e-03,-1.389470e-03,1.495628e-01,-1.775255e-03,-2.306710e+00,4.920160e+01,-1.173377e+00,2.254312e+03,-1.646297e+04,-6.041076e+02,-8.037362e+04,2.255137e-02,2.316782e+01,-1.341219e-03,1.284451e+01,8.722988e+02,-8.183375e+00
5.080304e-03,1.654124e+04,1.064685e+04,4.240024e-01,-4.061108e-03,8.980184e+00,1.023910e-01,9.774000e-07,3.538761e+03,0.000000e+00,0.000000e+00,5.452440e+03,0.000000e+00,0.000000e+00,0.000000e+00,0.000000e+00,0.000000e+00,0.000000e+00,0.000000e+00,0.000000e+00,0.000000e+00,0.000000e+00,0.000000e+00,0.000000e+00,0.000000e+00,0.000000e+00,0.000000e+00,0.000000e+00,0.000000e+00,0.000000e+00,0.000000e+00,0.000000e+00,0.000000e+00,0.000000e+00,0.000000e+00,0.000000e+00,0.000000e+00,0.000000e+00,0.000000e+00,0.000000e+00,0.000000e+00,0.000000e+00,0.000000e+00,0.000000e+00,0.000000e+00,0.000000e+00,0.000000e+00,0.000000e+00,0.000000e+00,1.654124e+04,4.278868e+02,7.867470e-02,-6.586488e-05,7.740446e-01,1.136610e-03,0.000000e+00,0.000000e+00,0.000000e+00,0.000000e+00,0.000000e+00,0.000000e+00,0.000000e+00,0.000000e+00,0.000000e+00,0.000000e+00,0.000000e+00,0.000000e+00,0.000000e+00,0.000000e+00,0.000000e+00,0.000000e+00,0.000000e+00,0.000000e+00,0.000000e+00,0.000000e+00,0.000000e+00,6.395945e+04,-2.232260e+03,5.278577e+04,6.230286e-01,4.249700e-03,-2.090641e+01,-9.866223e-01,-1.656236e-03,-2.384601e-01,1.257476e-03,1.858177e-03,2.700771e+01,-5.311412e-01,2.071697e-03,-1.389472e-03,1.500428e-01,-1.786758e-03,-2.284680e+00,4.903498e+01,-1.176376e+00,2.253527e+03,-1.822086e+04,2.240502e+03,-8.090186e+04,2.260432e-02,2.317628e+01,-1.451004e-03,-1.521522e+01,8.488814e+02,-1.543510e+01
5.090080e-03,1.654065e+04,1.064420e+04,4.233848e-01,-4.052057e-03,8.983340e+00,1.023910e-01,9.777922e-07,3.541334e+03,0.000000e+00,0.000000e+00,5.453130e+03,0.000000e+00,0.000000e+00,0.000000e+00,0.000000e+00,0.000000e+00,0.000000e+00,0.000000e+00,0.000000e+00,0.000000e+00,0.000000e+00,0.000000e+00,0.000000e+00,0.000000e+00,0.000000e+00,0.000000e+00,0.000000e+00,0.000000e+00,0.000000e+00,0.000000e+00,0.000000e+00,0.000000e+00,0.000000e+00,0.000000e+00,0.000000e+00,0.000000e+00,0.000000e+00,0.000000e+00,0.000000e+00,0.000000e+00,0.000000e+00,0.000000e+00,0.000000e+00,0.000000e+00,0.000000e+00,0.000000e+00,0.000000e+00,0.000000e+00,1.654065e+04,4.307113e+02,7.838114e-02,-5.732456e-05,7.789180e-01,1.136609e-03,0.000000e+00,0.000000e+00,0.000000e+00,0.000000e+00,0.000000e+00,0.000000e+00,0.000000e+00,0.000000e+00,0.000000e+00,0.000000e+00,0.000000e+00,0.000000e+00,0.000000e+00,0.000000e+00,0.000000e+00,0.000000e+00,0.000000e+00,0.000000e+00,0.000000e+00,0.000000e+00,0.000000e+00,6.379939e+04,-2.320860e+02,5.174632e+04,6.228935e-01,4.283095e-03,-2.090428e+01,-9.862533e-01,-1.649116e-03,-2.383700e-01,1.257468e-03,1.858681e-03,2.701086e+01,-5.305446e-01,2.063429e-03,-1.389475e-03,1.505213e-01,-1.798294e-03,-2.262652e+00,4.886148e+01,-1.185819e+00,2.252738e+03,-1.738388e+04,2.402753e+02,-8.028599e+04,2.263152e-02,2.318470e+01,-1.521577e-03,-6.240456e+00,8.680253e+02,7.753780e+00
5.100844e-03,1.653999e+04,1.064129e+04,4.227161e-01,-4.043088e-03,8.986753e+00,1.023910e-01,9.785248e-07,3.544176e+03,0.000000e+00,0.000000e+00,5.453881e+03,0.000000e+00,0.000000e+00,0.000000e+00,0.000000e+00,0.000000e+00,0.000000e+00,0.000000e+00,0.000000e+00,0.000000e+00,0.000000e+00,0.000000e+00,0.000000e+00,0.000000e+00,0.000000e+00,0.000000e+00,0.000000e+00,0.000000e+00,0.000000e+00,0.000000e+00,0.000000e+00,0.000000e+00,0.000000e+00,0.000000e+00,0.000000e+00,0.000000e+00,0.000000e+00,0.000000e+00,0.000000e+00,0.000000e+00,0.000000e+00,0.000000e+00,0.000000e+00,0.000000e+00,0.000000e+00,0.000000e+00,0.000000e+00,0.000000e+00,1.653999e+04,4.338460e+02,7.808513e-02,-4.606624e-05,7.842512e-01,1.136610e-03,0.000000e+00,0.000000e+00,0.000000e+00,0.000000e+00,0.000000e+00,0.000000e+00,0.000000e+00,0.000000e+00,0.000000e+00,0.000000e+00,0.000000e+00,0.000000e+00,0.000000e+00,0.000000e+00,0.000000e+00,0.000000e+00,0.000000e+00,0.000000e+00,0.000000e+00,0.000000e+00,0.000000e+00,6.429488e+04,-6.856619e+01,5.236805e+04,6.227522e-01,4.253980e-03,-2.090192e+01,-9.858404e-01,-1.649595e-03,-2.382708e-01,1.257457e-03,1.859199e-03,2.701428e+01,-5.298982e-01,2.055260e-03,-1.389478e-03,1.510461e-01,-1.810999e-03,-2.238410e+00,4.866769e+01,-1.179102e+00,2.251869e+03,-1.773530e+04,7.685104e+01,-8.100433e+04,2.252360e-02,2.319399e+01,-1.540416e-03,-6.808714e+00,8.732209e+02,5.273684e+00
5.110635e-03,1.653935e+04,1.063865e+04,4.221159e-01,-4.036006e-03,8.989819e+00,1.023910e-01,9.794754e-07,3.546761e+03,0.000000e+00,0.000000e+00,5.454582e+03,0.000000e+00,0.000000e+00,0.000000e+00,0.000000e+00,0.000000e+00,0.000000e+00,0.000000e+00,0.000000e+00,0.000000e+00,0.000000e+00,0.000000e+00,0.000000e+00,0.000000e+00,0.000000e+00,0.000000e+00,0.000000e+00,0.000000e+00,0.000000e+00,0.000000e+00,0.000000e+00,0.000000e+00,0.000000e+00,0.000000e+00,0.000000e+00,0.000000e+00,0.000000e+00,0.000000e+00,0.000000e+00,0.000000e+00,0.000000e+00,0.000000e+00,0.000000e+00,0.000000e+00,0.000000e+00,0.000000e+00,0.000000e+00,0.000000e+00,1.653935e+04,4.367410e+02,7.784068e-02,-4.209980e-05,7.890713e-01,1.136610e-03,0.000000e+00,0.000000e+00,0.000000e+00,0.000000e+00,0.000000e+00,0.000000e+00,0.000000e+00,0.000000e+00,0.000000e+00,0.000000e+00,0.000000e+00,0.000000e+00,0.000000e+00,0.000000e+00,0.000000e+00,0.000000e+00,0.000000e+00,0.000000e+00,0.000000e+00,0.000000e+00,0.000000e+00,6.371443e+04,-3.004520e+02,5.262081e+04,6.226450e-01,4.261279e-03,-2.089976e+01,-9.854655e-01,-1.646859e-03,-2.381872e-01,1.257449e-03,1.859645e-03,2.701734e+01,-5.293173e-01,2.048857e-03,-1.389480e-03,1.515216e-01,-1.822556e-03,-2.216366e+00,4.848250e+01,-1.182172e+00,2.251069e+03,-1.824102e+04,3.087226e+02,-8.059614e+04,2.250756e-02,2.320245e+01,-1.553525e-03,-1.565035e+01,8.704259e+02,1.141568e+01
5.120437e-03,1.653871e+04,1.063601e+04,4.215227e-01,-4.029952e-03,8.992846e+00,1.023910e-01,9.819368e-07,3.549354e+03,0.000000e+00,0.000000e+00,5.455297e+03,0.000000e+00,0.000000e+00,0.000000e+00,0.000000e+00,0.000000e+00,0.000000e+00,0.000000e+00,0.000000e+00,0.000000e+00,0.000000e+00,0.000000e+00,0.000000e+00,0.000000e+00,0.000000e+00,0.000000e+00,0.000000e+00,0.000000e+00,0.000000e+00,0.000000e+00,0.000000e+00,0.000000e+00,0.000000e+00,0.000000e+00,0.000000e+00,0.000000e+00,0.000000e+00,0.000000e+00,0.000000e+00,0.000000e+00,0.000000e+00,0.000000e+00,0.000000e+00,0.000000e+00,0.000000e+00,0.000000e+00,0.000000e+00,0.000000e+00,1.653871e+04,4.396552e+02,7.762660e-02,-3.137626e-05,7.938802e-01,1.136610e-03,0.000000e+00,0.000000e+00,0.000000e+00,0.000000e+00,0.000000e+00,0.000000e+00,0.000000e+00,0.000000e+00,0.000000e+00,0.000000e+00,0.000000e+00,0.000000e+00,0.000000e+00,0.000000e+00,0.000000e+00,0.000000e+00,0.000000e+00,0.000000e+00,0.000000e+00,0.000000e+00,0.000000e+00,6.480624e+04,2.976218e+03,5.591838e+04,6.225498e-01,4.267104e-03,-2.089758e+01,-9.850872e-01,-1.645428e-03,-2.381063e-01,1.257440e-03,1.860053e-03,2.702036e+01,-5.287421e-01,2.043390e-03,-1.389482e-03,1.519958e-01,-1.834095e-03,-2.194306e+00,4.829428e+01,-1.181164e+00,2.250269e+03,-2.071105e+04,-2.967650e+03,-8.305310e+04,2.246844e-02,2.321094e+01,-1.563810e-03,1.126709e+01,8.567159e+02,7.716005e+00
5.130264e-03,1.653806e+04,1.063336e+04,4.209340e-01,-4.024102e-03,8.995845e+00,1.023910e-01,9.832233e-07,3.551963e+03,0.000000e+00,0.000000e+00,5.456001e+03,0.000000e+00,0.000000e+00,0.000000e+00,0.000000e+00,0.000000e+00,0.000000e+00,0.000000e+00,0.000000e+00,0.000000e+00,0.000000e+00,0.000000e+00,0.000000e+00,0.000000e+00,0.000000e+00,0.000000e+00,0.000000e+00,0.000000e+00,0.000000e+00,0.000000e+00,0.000000e+00,0.000000e+00,0.000000e+00,0.000000e+00,0.000000e+00,0.000000e+00,0.000000e+00,0.000000e+00,0.000000e+00,0.000000e+00,0.000000e+00,0.000000e+00,0.000000e+00,0.000000e+00,0.000000e+00,0.000000e+00,0.000000e+00,0.000000e+00,1.653806e+04,4.425853e+02,7.742940e-02,-2.647052e-05,7.986711e-01,1.136609e-03,0.000000e+00,0.000000e+00,0.000000e+00,0.000000e+00,0.000000e+00,0.000000e+00,0.000000e+00,0.000000e+00,0.000000e+00,0.000000e+00,0.000000e+00,0.000000e+00,0.000000e+00,0.000000e+00,0.000000e+00,0.000000e+00,0.000000e+00,0.000000e+00,0.000000e+00,0.000000e+00,0.000000e+00,6.419288e+04,-1.482005e+03,5.470534e+04,6.224552e-01,4.242906e-03,-2.089541e+01,-9.846987e-01,-1.648142e-03,-2.380218e-01,1.257431e-03,1.860438e-03,2.702335e+01,-5.281706e-01,2.038046e-03,-1.389485e-03,1.524693e-01,-1.845697e-03,-2.172197e+00,4.810158e+01,-1.179575e+00,2.249465e+03,-1.992324e+04,1.490471e+03,-8.195388e+04,2.242156e-02,2.321946e+01,-1.584401e-03,-1.170566e+01,8.690717e+02,-1.842448e+00
5.140097e-03,1.653740e+04,1.063071e+04,4.203530e-01,-4.018051e-03,8.998804e+00,1.023910e-01,9.837931e-07,3.554569e+03,0.000000e+00,0.000000e+00,5.456719e+03,0.000000e+00,0.000000e+00,0.000000e+00,0.000000e+00,0.000000e+00,0.000000e+00,0.000000e+00,0.000000e+00,0.000000e+00,0.000000e+00,0.000000e+00,0.000000e+00,0.000000e+00,0.000000e+00,0.000000e+00,0.000000e+00,0.000000e+00,0.000000e+00,0.000000e+00,0.000000e+00,0.000000e+00,0.000000e+00,0.000000e+00,0.000000e+00,0.000000e+00,0.000000e+00,0.000000e+00,0.000000e+00,0.000000e+00,0.000000e+00,0.000000e+00,0.000000e+00,0.000000e+00,0.000000e+00,0.000000e+00,0.000000e+00,0.000000e+00,1.653740e+04,4.455232e+02,7.725896e-02,-3.103155e-05,8.034222e-01,1.136610e-03,0.000000e+00,0.000000e+00,0.000000e+00,0.000000e+00,0.000000e+00,0.000000e+00,0.000000e+00,0.000000e+00,0.000000e+00,0.000000e+00,0.000000e+00,0.000000e+00,0.000000e+00,0.000000e+00,0.000000e+00,0.000000e+00,0.000000e+00,0.000000e+00,0.000000e+00,0.000000e+00,0.000000e+00,6.348019e+04,9.071648e+02,5.467080e+04,6.223837e-01,4.249106e-03,-2.089322e+01,-9.843135e-01,-1.648404e-03,-2.379448e-01,1.257422e-03,1.860786e-03,2.702630e+01,-5.276054e-01,2.032491e-03,-1.389487e-03,1.529412e-01,-1.857301e-03,-2.150081e+00,4.790158e+01,-1.179356e+00,2.248656e+03,-2.023205e+04,-8.987428e+02,-8.129766e+04,2.238727e-02,2.322799e+01,-1.575535e-03,1.511195e+01,8.570090e+02,-4.097597e+01
5.150923e-03,1.653670e+04,1.062777e+04,4.197209e-01,-4.011224e-03,9.002019e+00,1.023910e-01,9.846242e-07,3.557446e+03,0.000000e+00,0.000000e+00,5.457521e+03,0.000000e+00,0.000000e+00,0.000000e+00,0.000000e+00,0.000000e+00,0.000000e+00,0.000000e+00,0.000000e+00,0.000000e+00,0.000000e+00,0.000000e+00,0.000000e+00,0.000000e+00,0.000000e+00,0.000000e+00,0.000000e+00,0.000000e+00,0.000000e+00,0.000000e+00,0.000000e+00,0.000000e+00,0.000000e+00,0.000000e+00,0.000000e+00,0.000000e+00,0.000000e+00,0.000000e+00,0.000000e+00,0.000000e+00,0.000000e+00,0.000000e+00,0.000000e+00,0.000000e+00,0.000000e+00,0.000000e+00,0.000000e+00,0.000000e+00,1.653670e+04,4.487599e+02,7.709108e-02,-1.259823e-05,8.086331e-01,1.136610e-03,0.000000e+00,0.000000e+00,0.000000e+00,0.000000e+00,0.000000e+00,0.000000e+00,0.000000e+00,0.000000e+00,0.000000e+00,0.000000e+00,0.000000e+00,0.000000e+00,0.000000e+00,0.000000e+00,0.000000e+00,0.000000e+00,0.000000e+00,0.000000e+00,0.000000e+00,0.000000e+00,0.000000e+00,6.400748e+04,-1.351566e+03,5.521232e+04,6.223153e-01,4.249979e-03,-2.089080e+01,-9.838823e-01,-1.648971e-03,-2.378609e-01,1.257412e-03,1.861142e-03,2.702952e+01,-5.269897e-01,2.026159e-03,-1.389489e-03,1.534585e-01,-1.870123e-03,-2.125743e+00,4.767625e+01,-1.181532e+00,2.247765e+03,-2.049874e+04,1.360083e+03,-8.200694e+04,2.239635e-02,2.323737e+01,-1.616921e-03,-1.153245e+01,8.717445e+02,4.734601e+00
5.160772e-03,1.653603e+04,1.062510e+04,4.191551e-01,-4.004936e-03,9.004895e+00,1.023910e-01,9.853705e-07,3.560060e+03,0.000000e+00,0.000000e+00,5.458243e+03,0.000000e+00,0.000000e+00,0.000000e+00,0.000000e+00,0.000000e+00,0.000000e+00,0.000000e+00,0.000000e+00,0.000000e+00,0.000000e+00,0.000000e+00,0.000000e+00,0.000000e+00,0.000000e+00,0.000000e+00,0.000000e+00,0.000000e+00,0.000000e+00,0.000000e+00,0.000000e+00,0.000000e+00,0.000000e+00,0.000000e+00,0.000000e+00,0.000000e+00,0.000000e+00,0.000000e+00,0.000000e+00,0.000000e+00,0.000000e+00,0.000000e+00,0.000000e+00,0.000000e+00,0.000000e+00,0.000000e+00,0.000000e+00,0.000000e+00,1.653603e+04,4.517041e+02,7.694004e-02,5.475158e-06,8.133314e-01,1.136610e-03,0.000000e+00,0.000000e+00,0.000000e+00,0.000000e+00,0.000000e+00,0.000000e+00,0.000000e+00,0.000000e+00,0.000000e+00,0.000000e+00,0.000000e+00,0.000000e+00,0.000000e+00,0.000000e+00,0.000000e+00,0.000000e+00,0.000000e+00,0.000000e+00,0.000000e+00,0.000000e+00,0.000000e+00,6.398784e+04,-1.304863e+03,5.536609e+04,6.222610e-01,4.274447e-03,-2.088860e+01,-9.834890e-01,-1.651147e-03,-2.377870e-01,1.257403e-03,1.861429e-03,2.703239e+01,-5.264376e-01,2.020232e-03,-1.389491e-03,1.539270e-01,-1.881787e-03,-2.103608e+00,4.746889e+01,-1.188807e+00,2.246955e+03,-2.066368e+04,1.313406e+03,-8.205387e+04,2.243130e-02,2.324590e+01,-1.707935e-03,-1.334039e+01,8.788286e+02,9.802548e+00
5.170630e-03,1.653538e+04,1.062240e+04,4.185983e-01,-3.998292e-03,9.007722e+00,1.023910e-01,9.861252e-07,3.562691e+03,0.000000e+00,0.000000e+00,5.458964e+03,0.000000e+00,0.000000e+00,0.000000e+00,0.000000e+00,0.000000e+00,0.000000e+00,0.000000e+00,0.000000e+00,0.000000e+00,0.000000e+00,0.000000e+00,0.000000e+00,0.000000e+00,0.000000e+00,0.000000e+00,0.000000e+00,0.000000e+00,0.000000e+00,0.000000e+00,0.000000e+00,0.000000e+00,0.000000e+00,0.000000e+00,0.000000e+00,0.000000e+00,0.000000e+00,0.000000e+00,0.000000e+00,0.000000e+00,0.000000e+00,0.000000e+00,0.000000e+00,0.000000e+00,0.000000e+00,0.000000e+00,0.000000e+00,0.000000e+00,1.653538e+04,4.546488e+02,7.681616e-02,1.762644e-06,8.180006e-01,1.136609e-03,0.000000e+00,0.000000e+00,0.000000e+00,0.000000e+00,0.000000e+00,0.000000e+00,0.000000e+00,0.000000e+00,0.000000e+00,0.000000e+00,0.000000e+00,0.000000e+00,0.000000e+00,0.000000e+00,0.000000e+00,0.000000e+00,0.000000e+00,0.000000e+00,0.000000e+00,0.000000e+00,0.000000e+00,6.355407e+04,-1.983270e+02,5.527895e+04,6.222063e-01,4.260222e-03,-2.088638e+01,-9.830848e-01,-1.654447e-03,-2.377118e-01,1.257396e-03,1.861684e-03,2.703523e+01,-5.258932e-01,2.013974e-03,-1.389494e-03,1.543937e-01,-1.893445e-03,-2.081464e+00,4.725817e+01,-1.181518e+00,2.246140e+03,-2.079971e+04,2.068468e+02,-8.162261e+04,2.233928e-02,2.325450e+01,-1.603354e-03,-5.026411e+00,8.762162e+02,-6.657020e+00
5.180494e-03,1.653483e+04,1.061942e+04,4.180514e-01,-3.992022e-03,9.010500e+00,1.023910e-01,9.869110e-07,3.565473e+03,0.000000e+00,0.000000e+00,5.459765e+03,0.000000e+00,0.000000e+00,0.000000e+00,0.000000e+00,0.000000e+00,0.000000e+00,0.000000e+00,0.000000e+00,0.000000e+00,0.000000e+00,0.000000e+00,0.000000e+00,0.000000e+00,0.000000e+00,0.000000e+00,0.000000e+00,0.000000e+00,0.000000e+00,0.000000e+00,0.000000e+00,0.000000e+00,0.000000e+00,0.000000e+00,0.000000e+00,0.000000e+00,0.000000e+00,0.000000e+00,0.000000e+00,0.000000e+00,0.000000e+00,0.000000e+00,0.000000e+00,0.000000e+00,0.000000e+00,0.000000e+00,0.000000e+00,0.000000e+00,1.653483e+04,4.576976e+02,7.689917e-02,-2.805382e-05,8.227206e-01,1.136609e-03,0.000000e+00,0.000000e+00,0.000000e+00,0.000000e+00,0.000000e+00,0.000000e+00,0.000000e+00,0.000000e+00,0.000000e+00,0.000000e+00,0.000000e+00,0.000000e+00,0.000000e+00,0.000000e+00,0.000000e+00,0.000000e+00,0.000000e+00,0.000000e+00,0.000000e+00,0.000000e+00,0.000000e+00,6.401630e+04,-1.119461e+04,8.482264e+04,6.229264e-01,4.189505e-03,-2.088381e+01,-9.826905e-01,-1.668461e-03,-2.376154e-01,1.257390e-03,1.861909e-03,2.703799e+01,-5.253577e-01,2.008082e-03,-1.389495e-03,1.548579e-01,-1.905174e-03,-2.059311e+00,4.683660e+01,-1.163681e+00,2.245217e+03,-4.700238e+04,1.120489e+04,-9.530746e+04,2.245082e-02,2.326355e+01,-1.749758e-03,-3.302932e+02,9.277056e+02,4.386406e+02
5.190349e-03,1.653444e+04,1.061656e+04,4.175150e-01,-3.986364e-03,9.013223e+00,1.023910e-01,9.877216e-07,3.568069e+03,0.000000e+00,0.000000e+00,5.460425e+03,0.000000e+00,0.000000e+00,0.000000e+00,0.000000e+00,0.000000e+00,0.000000e+00,0.000000e+00,0.000000e+00,0.000000e+00,0.000000e+00,0.000000e+00,0.000000e+00,0.000000e+00,0.000000e+00,0.000000e+00,0.000000e+00,0.000000e+00,0.000000e+00,0.000000e+00,0.000000e+00,0.000000e+00,0.000000e+00,0.000000e+00,0.000000e+00,0.000000e+00,0.000000e+00,0.000000e+00,0.000000e+00,0.000000e+00,0.000000e+00,0.000000e+00,0.000000e+00,0.000000e+00,0.000000e+00,0.000000e+00,0.000000e+00,0.000000e+00,1.653444e+04,4.606188e+02,7.695518e-02,-5.097757e-05,8.273429e-01,1.136610e-03,0.000000e+00,0.000000e+00,0.000000e+00,0.000000e+00,0.000000e+00,0.000000e+00,0.000000e+00,0.000000e+00,0.000000e+00,0.000000e+00,0.000000e+00,0.000000e+00,0.000000e+00,0.000000e+00,0.000000e+00,0.000000e+00,0.000000e+00,0.000000e+00,0.000000e+00,0.000000e+00,0.000000e+00,6.195125e+04,-4.727013e+02,5.548040e+04,6.229231e-01,4.210195e-03,-2.088160e+01,-9.822928e-01,-1.668772e-03,-2.375517e-01,1.257384e-03,1.862104e-03,2.704071e+01,-5.248313e-01,2.002708e-03,-1.389496e-03,1.553179e-01,-1.916565e-03,-2.037189e+00,4.658728e+01,-1.158886e+00,2.244398e+03,-2.173716e+04,4.811365e+02,-8.027154e+04,2.203535e-02,2.327206e+01,-1.289292e-03,-1.123419e+01,8.419780e+02,1.414541e+01
5.200215e-03,1.653400e+04,1.061376e+04,4.169877e-01,-3.981103e-03,9.015896e+00,1.023910e-01,1.029690e-06,3.570615e+03,0.000000e+00,0.000000e+00,5.461132e+03,0.000000e+00,0.000000e+00,0.000000e+00,0.000000e+00,0.000000e+00,0.000000e+00,0.000000e+00,0.000000e+00,0.000000e+00,0.000000e+00,0.000000e+00,0.000000e+00,0.000000e+00,0.000000e+00,0.000000e+00,0.000000e+00,0.000000e+00,0.000000e+00,0.000000e+00,0.000000e+00,0.000000e+00,0.000000e+00,0.000000e+00,0.000000e+00,0.000000e+00,0.000000e+00,0.000000e+00,0.000000e+00,0.000000e+00,0.000000e+00,0.000000e+00,0.000000e+00,0.000000e+00,0.000000e+00,0.000000e+00,0.000000e+00,0.000000e+00,1.653400e+04,4.634804e+02,7.696697e-02,-6.847101e-05,8.318884e-01,1.136610e-03,0.000000e+00,0.000000e+00,0.000000e+00,0.000000e+00,0.000000e+00,0.000000e+00,0.000000e+00,0.000000e+00,0.000000e+00,0.000000e+00,0.000000e+00,0.000000e+00,0.000000e+00,0.000000e+00,0.000000e+00,0.000000e+00,0.000000e+00,0.000000e+00,0.000000e+00,0.000000e+00,0.000000e+00,6.217875e+04,1.591674e+03,5.608160e+04,6.229016e-01,4.175899e-03,-2.087943e+01,-9.819061e-01,-1.670844e-03,-2.374948e-01,1.257378e-03,1.862271e-03,2.704338e+01,-5.243128e-01,1.997648e-03,-1.389498e-03,1.557764e-01,-1.927938e-03,-2.015052e+00,4.637214e+01,-1.143258e+00,2.243607e+03,-2.219065e+04,-1.583169e+03,-8.073998e+04,2.185133e-02,2.328036e+01,-1.037816e-03,1.132985e+01,8.382943e+02,-8.871598e+00
5.210276e-03,1.653353e+04,1.061092e+04,4.164612e-01,-3.975976e-03,9.018565e+00,1.023910e-01,9.829753e-07,3.573219e+03,0.000000e+00,0.000000e+00,5.461865e+03,0.000000e+00,0.000000e+00,0.000000e+00,0.000000e+00,0.000000e+00,0.000000e+00,0.000000e+00,0.000000e+00,0.000000e+00,0.000000e+00,0.000000e+00,0.000000e+00,0.000000e+00,0.000000e+00,0.000000e+00,0.000000e+00,0.000000e+00,0.000000e+00,0.000000e+00,0.000000e+00,0.000000e+00,0.000000e+00,0.000000e+00,0.000000e+00,0.000000e+00,0.000000e+00,0.000000e+00,0.000000e+00,0.000000e+00,0.000000e+00,0.000000e+00,0.000000e+00,0.000000e+00,0.000000e+00,0.000000e+00,0.000000e+00,0.000000e+00,1.653353e+04,4.663883e+02,7.697951e-02,-5.732127e-05,8.364572e-01,1.136610e-03,0.000000e+00,0.000000e+00,0.000000e+00,0.000000e+00,0.000000e+00,0.000000e+00,0.000000e+00,0.000000e+00,0.000000e+00,0.000000e+00,0.000000e+00,0.000000e+00,0.000000e+00,0.000000e+00,0.000000e+00,0.000000e+00,0.000000e+00,0.000000e+00,0.000000e+00,0.000000e+00,0.000000e+00,6.458264e+04,3.081904e+03,5.722231e+04,6.228740e-01,4.207768e-03,-2.087721e+01,-9.814987e-01,-1.672299e-03,-2.374338e-01,1.257374e-03,1.862410e-03,2.704604e+01,-5.237949e-01,1.992712e-03,-1.389499e-03,1.562417e-01,-1.939525e-03,-1.992482e+00,4.615007e+01,-1.151756e+00,2.242801e+03,-2.215006e+04,-3.073111e+03,-8.339509e+04,2.186273e-02,2.328881e+01,-1.126452e-03,4.218431e+01,8.716660e+02,-3.400608e+01
5.220104e-03,1.653305e+04,1.060811e+04,4.159555e-01,-3.971306e-03,9.021128e+00,1.023910e-01,9.833002e-07,3.575806e+03,0.000000e+00,0.000000e+00,5.462585e+03,0.000000e+00,0.000000e+00,0.000000e+00,0.000000e+00,0.000000e+00,0.000000e+00,0.000000e+00,0.000000e+00,0.000000e+00,0.000000e+00,0.000000e+00,0.000000e+00,0.000000e+00,0.000000e+00,0.000000e+00,0.000000e+00,0.000000e+00,0.000000e+00,0.000000e+00,0.000000e+00,0.000000e+00,0.000000e+00,0.000000e+00,0.000000e+00,0.000000e+00,0.000000e+00,0.000000e+00,0.000000e+00,0.000000e+00,0.000000e+00,0.000000e+00,0.000000e+00,0.000000e+00,0.000000e+00,0.000000e+00,0.000000e+00,0.000000e+00,1.653305e+04,4.692657e+02,7.697207e-02,-2.176483e-05,8.409301e-01,1.136610e-03,0.000000e+00,0.000000e+00,0.000000e+00,0.000000e+00,0.000000e+00,0.000000e+00,0.000000e+00,0.000000e+00,0.000000e+00,0.000000e+00,0.000000e+00,0.000000e+00,0.000000e+00,0.000000e+00,0.000000e+00,0.000000e+00,0.000000e+00,0.000000e+00,0.000000e+00,0.000000e+00,0.000000e+00,6.345521e+04,-7.118408e+02,5.677966e+04,6.228340e-01,4.239823e-03,-2.087502e+01,-9.810823e-01,-1.674867e-03,-2.373673e-01,1.257370e-03,1.862528e-03,2.704860e+01,-5.232942e-01,1.988207e-03,-1.389500e-03,1.566941e-01,-1.950836e-03,-1.970443e+00,4.593124e+01,-1.165745e+00,2.241996e+03,-2.227927e+04,7.205313e+02,-8.218342e+04,2.197397e-02,2.329727e+01,-1.300349e-03,-1.470205e+01,8.612776e+02,1.235910e+01
5.230926e-03,1.653254e+04,1.060493e+04,4.154072e-01,-3.966696e-03,9.023901e+00,1.023910e-01,9.842149e-07,3.578702e+03,0.000000e+00,0.000000e+00,5.463393e+03,0.000000e+00,0.000000e+00,0.000000e+00,0.000000e+00,0.000000e+00,0.000000e+00,0.000000e+00,0.000000e+00,0.000000e+00,0.000000e+00,0.000000e+00,0.000000e+00,0.000000e+00,0.000000e+00,0.000000e+00,0.000000e+00,0.000000e+00,0.000000e+00,0.000000e+00,0.000000e+00,0.000000e+00,0.000000e+00,0.000000e+00,0.000000e+00,0.000000e+00,0.000000e+00,0.000000e+00,0.000000e+00,0.000000e+00,0.000000e+00,0.000000e+00,0.000000e+00,0.000000e+00,0.000000e+00,0.000000e+00,0.000000e+00,0.000000e+00,1.653254e+04,4.724301e+02,7.707843e-02,-3.544131e-05,8.458256e-01,1.136609e-03,0.000000e+00,0.000000e+00,0.000000e+00,0.000000e+00,0.000000e+00,0.000000e+00,0.000000e+00,0.000000e+00,0.000000e+00,0.000000e+00,0.000000e+00,0.000000e+00,0.000000e+00,0.000000e+00,0.000000e+00,0.000000e+00,0.000000e+00,0.000000e+00,0.000000e+00,0.000000e+00,0.000000e+00,6.180801e+04,4.721741e+03,5.608433e+04,6.231582e-01,4.174361e-03,-2.087249e+01,-9.806554e-01,-1.608261e-03,-2.372705e-01,1.257365e-03,1.862634e-03,2.705138e+01,-5.227519e-01,1.983772e-03,-1.389501e-03,1.571894e-01,-1.963409e-03,-1.946188e+00,4.558680e+01,-1.172265e+00,2.241063e+03,-2.241712e+04,-4.713210e+03,-8.039425e+04,2.294183e-02,2.330671e+01,-2.527104e-03,4.217567e+01,8.468972e+02,-7.018648e+01
5.240772e-03,1.653223e+04,1.060180e+04,4.149149e-01,-3.963287e-03,9.026395e+00,1.023910e-01,9.848918e-07,3.581382e+03,0.000000e+00,0.000000e+00,5.464151e+03,0.000000e+00,0.000000e+00,0.000000e+00,0.000000e+00,0.000000e+00,0.000000e+00,0.000000e+00,0.000000e+00,0.000000e+00,0.000000e+00,0.000000e+00,0.000000e+00,0.000000e+00,0.000000e+00,0.000000e+00,0.000000e+00,0.000000e+00,0.000000e+00,0.000000e+00,0.000000e+00,0.000000e+00,0.000000e+00,0.000000e+00,0.000000e+00,0.000000e+00,0.000000e+00,0.000000e+00,0.000000e+00,0.000000e+00,0.000000e+00,0.000000e+00,0.000000e+00,0.000000e+00,0.000000e+00,0.000000e+00,0.000000e+00,0.000000e+00,1.653223e+04,4.752941e+02,7.725371e-02,-3.053597e-05,8.502937e-01,1.136610e-03,0.000000e+00,0.000000e+00,0.000000e+00,0.000000e+00,0.000000e+00,0.000000e+00,0.000000e+00,0.000000e+00,0.000000e+00,0.000000e+00,0.000000e+00,0.000000e+00,0.000000e+00,0.000000e+00,0.000000e+00,0.000000e+00,0.000000e+00,0.000000e+00,0.000000e+00,0.000000e+00,0.000000e+00,6.128904e+04,-3.560547e+03,5.569588e+04,6.234810e-01,4.195501e-03,-2.087014e+01,-9.802533e-01,-1.680977e-03,-2.371736e-01,1.257363e-03,1.862711e-03,2.705387e+01,-5.222638e-01,1.980486e-03,-1.389502e-03,1.576363e-01,-1.974849e-03,-1.924127e+00,4.525974e+01,-1.150370e+00,2.240199e+03,-2.232079e+04,3.569029e+03,-7.975023e+04,2.167871e-02,2.331544e+01,-1.030192e-03,-4.585563e+01,8.385720e+02,5.176477e+01
5.250625e-03,1.653195e+04,1.059883e+04,4.144291e-01,-3.960341e-03,9.028856e+00,1.023910e-01,9.862470e-07,3.583931e+03,0.000000e+00,0.000000e+00,5.464882e+03,0.000000e+00,0.000000e+00,0.000000e+00,0.000000e+00,0.000000e+00,0.000000e+00,0.000000e+00,0.000000e+00,0.000000e+00,0.000000e+00,0.000000e+00,0.000000e+00,0.000000e+00,0.000000e+00,0.000000e+00,0.000000e+00,0.000000e+00,0.000000e+00,0.000000e+00,0.000000e+00,0.000000e+00,0.000000e+00,0.000000e+00,0.000000e+00,0.000000e+00,0.000000e+00,0.000000e+00,0.000000e+00,0.000000e+00,0.000000e+00,0.000000e+00,0.000000e+00,0.000000e+00,0.000000e+00,0.000000e+00,0.000000e+00,0.000000e+00,1.653195e+04,4.780596e+02,7.736854e-02,-3.694108e-05,8.546870e-01,1.136609e-03,0.000000e+00,0.000000e+00,0.000000e+00,0.000000e+00,0.000000e+00,0.000000e+00,0.000000e+00,0.000000e+00,0.000000e+00,0.000000e+00,0.000000e+00,0.000000e+00,0.000000e+00,0.000000e+00,0.000000e+00,0.000000e+00,0.000000e+00,0.000000e+00,0.000000e+00,0.000000e+00,0.000000e+00,6.035518e+04,-2.673065e+03,5.543760e+04,6.234590e-01,4.200042e-03,-2.086798e+01,-9.798414e-01,-1.683697e-03,-2.371131e-01,1.257360e-03,1.862760e-03,2.705632e+01,-5.217810e-01,1.977607e-03,-1.389502e-03,1.580811e-01,-1.986158e-03,-1.902057e+00,4.503680e+01,-1.150272e+00,2.239407e+03,-2.252656e+04,2.681468e+03,-7.879457e+04,2.158575e-02,2.332374e+01,-1.019283e-03,-3.484272e+01,8.258299e+02,3.929120e+01
5.260490e-03,1.653159e+04,1.059592e+04,4.139499e-01,-3.957455e-03,9.031284e+00,1.023910e-01,9.865687e-07,3.586469e+03,0.000000e+00,0.000000e+00,5.465626e+03,0.000000e+00,0.000000e+00,0.000000e+00,0.000000e+00,0.000000e+00,0.000000e+00,0.000000e+00,0.000000e+00,0.000000e+00,0.000000e+00,0.000000e+00,0.000000e+00,0.000000e+00,0.000000e+00,0.000000e+00,0.000000e+00,0.000000e+00,0.000000e+00,0.000000e+00,0.000000e+00,0.000000e+00,0.000000e+00,0.000000e+00,0.000000e+00,0.000000e+00,0.000000e+00,0.000000e+00,0.000000e+00,0.000000e+00,0.000000e+00,0.000000e+00,0.000000e+00,0.000000e+00,0.000000e+00,0.000000e+00,0.000000e+00,0.000000e+00,1.653159e+04,4.807975e+02,7.746470e-02,-4.641805e-05,8.590358e-01,1.136610e-03,0.000000e+00,0.000000e+00,0.000000e+00,0.000000e+00,0.000000e+00,0.000000e+00,0.000000e+00,0.000000e+00,0.000000e+00,0.000000e+00,0.000000e+00,0.000000e+00,0.000000e+00,0.000000e+00,0.000000e+00,0.000000e+00,0.000000e+00,0.000000e+00,0.000000e+00,0.000000e+00,0.000000e+00,6.454134e+04,1.129740e+04,5.837634e+04,6.234378e-01,4.217726e-03,-2.086581e+01,-9.794278e-01,-1.685514e-03,-2.370541e-01,1.257359e-03,1.862775e-03,2.705875e+01,-5.213029e-01,1.974730e-03,-1.389502e-03,1.585241e-01,-1.997453e-03,-1.879969e+00,4.481343e+01,-1.141921e+00,2.238621e+03,-2.329816e+04,-1.128845e+04,-8.384975e+04,2.144812e-02,2.333197e+01,-8.768328e-04,1.159469e+02,8.797076e+02,-1.594434e+02
5.270341e-03,1.653125e+04,1.059290e+04,4.134841e-01,-3.970258e-03,9.033684e+00,1.023910e-01,9.877026e-07,3.589087e+03,0.000000e+00,0.000000e+00,5.466396e+03,0.000000e+00,0.000000e+00,0.000000e+00,0.000000e+00,0.000000e+00,0.000000e+00,0.000000e+00,0.000000e+00,0.000000e+00,0.000000e+00,0.000000e+00,0.000000e+00,0.000000e+00,0.000000e+00,0.000000e+00,0.000000e+00,0.000000e+00,0.000000e+00,0.000000e+00,0.000000e+00,0.000000e+00,0.000000e+00,0.000000e+00,0.000000e+00,0.000000e+00,0.000000e+00,0.000000e+00,0.000000e+00,0.000000e+00,0.000000e+00,0.000000e+00,0.000000e+00,0.000000e+00,0.000000e+00,0.000000e+00,0.000000e+00,0.000000e+00,1.653125e+04,4.835954e+02,7.762526e-02,-4.481490e-05,8.633766e-01,1.136610e-03,0.000000e+00,0.000000e+00,0.000000e+00,0.000000e+00,0.000000e+00,0.000000e+00,0.000000e+00,0.000000e+00,0.000000e+00,0.000000e+00,0.000000e+00,0.000000e+00,0.000000e+00,0.000000e+00,0.000000e+00,0.000000e+00,0.000000e+00,0.000000e+00,0.000000e+00,0.000000e+00,0.000000e+00,6.151194e+04,9.324715e+01,6.759809e+04,6.237568e-01,4.138620e-03,-2.086348e+01,-9.790235e-01,-1.618096e-03,-2.369565e-01,1.257357e-03,1.862775e-03,2.706113e+01,-5.208328e-01,1.971517e-03,-1.389502e-03,1.589642e-01,-2.008819e-03,-1.857921e+00,4.449711e+01,-1.160284e+00,2.237768e+03,-3.291970e+04,-8.399438e+01,-8.526146e+04,2.244415e-02,2.334049e+01,-2.249497e-03,7.939320e+01,8.632355e+02,-9.882070e+01
5.280223e-03,1.653107e+04,1.058970e+04,4.130214e-01,-3.967611e-03,9.036033e+00,1.023910e-01,9.774000e-07,3.591726e+03,0.000000e+00,0.000000e+00,5.467154e+03,0.000000e+00,0.000000e+00,0.000000e+00,0.000000e+00,0.000000e+00,0.000000e+00,0.000000e+00,0.000000e+00,0.000000e+00,0.000000e+00,0.000000e+00,0.000000e+00,0.000000e+00,0.000000e+00,0.000000e+00,0.000000e+00,0.000000e+00,0.000000e+00,0.000000e+00,0.000000e+00,0.000000e+00,0.000000e+00,0.000000e+00,0.000000e+00,0.000000e+00,0.000000e+00,0.000000e+00,0.000000e+00,0.000000e+00,0.000000e+00,0.000000e+00,0.000000e+00,0.000000e+00,0.000000e+00,0.000000e+00,0.000000e+00,0.000000e+00,1.653107e+04,4.863457e+02,7.785560e-02,-5.868904e-05,8.677098e-01,1.136610e-03,0.000000e+00,0.000000e+00,0.000000e+00,0.000000e+00,0.000000e+00,0.000000e+00,0.000000e+00,0.000000e+00,0.000000e+00,0.000000e+00,0.000000e+00,0.000000e+00,0.000000e+00,0.000000e+00,0.000000e+00,0.000000e+00,0.000000e+00,0.000000e+00,0.000000e+00,0.000000e+00,0.000000e+00,6.237243e+04,-9.118880e+03,6.051593e+04,6.240636e-01,4.140676e-03,-2.086116e+01,-9.786130e-01,-1.675099e-03,-2.368578e-01,1.257358e-03,1.862776e-03,2.706349e+01,-5.203704e-01,1.967827e-03,-1.389502e-03,1.594020e-01,-2.020199e-03,-1.835814e+00,4.416722e+01,-1.138063e+00,2.236917e+03,-2.622030e+04,9.127807e+03,-8.285427e+04,2.133495e-02,2.334911e+01,-9.188468e-04,-8.249089e+01,7.857646e+02,3.086013e+01
5.290055e-03,1.653089e+04,1.058669e+04,4.125744e-01,-3.946454e-03,9.038342e+00,1.023910e-01,9.897508e-07,3.594197e+03,0.000000e+00,0.000000e+00,5.467896e+03,0.000000e+00,0.000000e+00,0.000000e+00,0.000000e+00,0.000000e+00,0.000000e+00,0.000000e+00,0.000000e+00,0.000000e+00,0.000000e+00,0.000000e+00,0.000000e+00,0.000000e+00,0.000000e+00,0.000000e+00,0.000000e+00,0.000000e+00,0.000000e+00,0.000000e+00,0.000000e+00,0.000000e+00,0.000000e+00,0.000000e+00,0.000000e+00,0.000000e+00,0.000000e+00,0.000000e+00,0.000000e+00,0.000000e+00,0.000000e+00,0.000000e+00,0.000000e+00,0.000000e+00,0.000000e+00,0.000000e+00,0.000000e+00,0.000000e+00,1.653089e+04,4.890202e+02,7.804479e-02,-6.203959e-05,8.719403e-01,1.136609e-03,0.000000e+00,0.000000e+00,0.000000e+00,0.000000e+00,0.000000e+00,0.000000e+00,0.000000e+00,0.000000e+00,0.000000e+00,0.000000e+00,0.000000e+00,0.000000e+00,0.000000e+00,0.000000e+00,0.000000e+00,0.000000e+00,0.000000e+00,0.000000e+00,0.000000e+00,0.000000e+00,0.000000e+00,5.887699e+04,-1.135559e+03,5.432978e+04,6.240733e-01,4.176501e-03,-2.085902e+01,-9.781919e-01,-1.678552e-03,-2.367880e-01,1.257357e-03,1.862777e-03,2.706577e+01,-5.199189e-01,1.963559e-03,-1.389502e-03,1.598349e-01,-2.031326e-03,-1.813825e+00,4.393063e+01,-1.138834e+00,2.236130e+03,-2.226915e+04,1.143837e+03,-7.695642e+04,2.123904e-02,2.335712e+01,-8.585884e-04,-1.718277e+01,8.229059e+02,1.873884e+01
5.300904e-03,1.653064e+04,1.058332e+04,4.120854e-01,-3.940308e-03,9.040823e+00,1.023910e-01,9.774000e-07,3.596952e+03,0.000000e+00,0.000000e+00,5.468792e+03,0.000000e+00,0.000000e+00,0.000000e+00,0.000000e+00,0.000000e+00,0.000000e+00,0.000000e+00,0.000000e+00,0.000000e+00,0.000000e+00,0.000000e+00,0.000000e+00,0.000000e+00,0.000000e+00,0.000000e+00,0.000000e+00,0.000000e+00,0.000000e+00,0.000000e+00,0.000000e+00,0.000000e+00,0.000000e+00,0.000000e+00,0.000000e+00,0.000000e+00,0.000000e+00,0.000000e+00,0.000000e+00,0.000000e+00,0.000000e+00,0.000000e+00,0.000000e+00,0.000000e+00,0.000000e+00,0.000000e+00,0.000000e+00,0.000000e+00,1.653064e+04,4.919667e+02,7.825998e-02,-5.426421e-05,8.765533e-01,1.136610e-03,0.000000e+00,0.000000e+00,0.000000e+00,0.000000e+00,0.000000e+00,0.000000e+00,0.000000e+00,0.000000e+00,0.000000e+00,0.000000e+00,0.000000e+00,0.000000e+00,0.000000e+00,0.000000e+00,0.000000e+00,0.000000e+00,0.000000e+00,0.000000e+00,0.000000e+00,0.000000e+00,0.000000e+00,6.359933e+04,7.152969e+03,8.138300e+04,6.242047e-01,4.193263e-03,-2.085657e+01,-9.777148e-01,-1.659885e-03,-2.366872e-01,1.257357e-03,1.862778e-03,2.706824e+01,-5.194297e-01,1.958075e-03,-1.389502e-03,1.603100e-01,-2.043573e-03,-1.789570e+00,4.365596e+01,-1.146783e+00,2.235251e+03,-4.437937e+04,-7.142662e+03,-9.326674e+04,2.139576e-02,2.336604e+01,-1.135017e-03,2.620262e+02,8.996191e+02,-2.879302e+02
5.310797e-03,1.653054e+04,1.058002e+04,4.116475e-01,-3.934877e-03,9.043040e+00,1.023910e-01,9.774000e-07,3.599616e+03,0.000000e+00,0.000000e+00,5.469546e+03,0.000000e+00,0.000000e+00,0.000000e+00,0.000000e+00,0.000000e+00,0.000000e+00,0.000000e+00,0.000000e+00,0.000000e+00,0.000000e+00,0.000000e+00,0.000000e+00,0.000000e+00,0.000000e+00,0.000000e+00,0.000000e+00,0.000000e+00,0.000000e+00,0.000000e+00,0.000000e+00,0.000000e+00,0.000000e+00,0.000000e+00,0.000000e+00,0.000000e+00,0.000000e+00,0.000000e+00,0.000000e+00,0.000000e+00,0.000000e+00,0.000000e+00,0.000000e+00,0.000000e+00,0.000000e+00,0.000000e+00,0.000000e+00,0.000000e+00,1.653054e+04,4.946920e+02,7.856189e-02,-7.129385e-05,8.807930e-01,1.136610e-03,0.000000e+00,0.000000e+00,0.000000e+00,0.000000e+00,0.000000e+00,0.000000e+00,0.000000e+00,0.000000e+00,0.000000e+00,0.000000e+00,0.000000e+00,0.000000e+00,0.000000e+00,0.000000e+00,0.000000e+00,0.000000e+00,0.000000e+00,0.000000e+00,0.000000e+00,0.000000e+00,0.000000e+00,5.962571e+04,1.300787e+02,5.699757e+04,6.246744e-01,4.159684e-03,-2.085417e+01,-9.773027e-01,-1.671169e-03,-2.365623e-01,1.257356e-03,1.862779e-03,2.707045e+01,-5.189924e-01,1.953075e-03,-1.389502e-03,1.607397e-01,-2.054883e-03,-1.767461e+00,4.326276e+01,-1.133622e+00,2.234358e+03,-2.435880e+04,-1.215421e+02,-7.880736e+04,2.113704e-02,2.337473e+01,-9.701846e-04,-2.228447e+01,8.044520e+02,5.430526e+01
5.320697e-03,1.653047e+04,1.057685e+04,4.112172e-01,-3.930439e-03,9.045216e+00,1.023910e-01,9.913276e-07,3.602078e+03,0.000000e+00,0.000000e+00,5.470326e+03,0.000000e+00,0.000000e+00,0.000000e+00,0.000000e+00,0.000000e+00,0.000000e+00,0.000000e+00,0.000000e+00,0.000000e+00,0.000000e+00,0.000000e+00,0.000000e+00,0.000000e+00,0.000000e+00,0.000000e+00,0.000000e+00,0.000000e+00,0.000000e+00,0.000000e+00,0.000000e+00,0.000000e+00,0.000000e+00,0.000000e+00,0.000000e+00,0.000000e+00,0.000000e+00,0.000000e+00,0.000000e+00,0.000000e+00,0.000000e+00,0.000000e+00,0.000000e+00,0.000000e+00,0.000000e+00,0.000000e+00,0.000000e+00,0.000000e+00,1.653047e+04,4.973029e+02,7.878050e-02,-7.483736e-05,8.849360e-01,1.136610e-03,0.000000e+00,0.000000e+00,0.000000e+00,0.000000e+00,0.000000e+00,0.000000e+00,0.000000e+00,0.000000e+00,0.000000e+00,0.000000e+00,0.000000e+00,0.000000e+00,0.000000e+00,0.000000e+00,0.000000e+00,0.000000e+00,0.000000e+00,0.000000e+00,0.000000e+00,0.000000e+00,0.000000e+00,6.070614e+04,2.094046e+03,5.961316e+04,6.247081e-01,4.161804e-03,-2.085198e+01,-9.768572e-01,-1.671797e-03,-2.364802e-01,1.257357e-03,1.862780e-03,2.707263e+01,-5.185625e-01,1.948679e-03,-1.389502e-03,1.611666e-01,-2.066042e-03,-1.745345e+00,4.301868e+01,-1.131671e+00,2.233568e+03,-2.623504e+04,-2.085244e+03,-8.093654e+04,2.106040e-02,2.338273e+01,-9.060068e-04,1.965451e+00,7.869621e+02,6.515900e+00
5.330622e-03,1.653036e+04,1.057365e+04,4.107924e-01,-3.926579e-03,9.047360e+00,1.023910e-01,9.921635e-07,3.604580e+03,0.000000e+00,0.000000e+00,5.471169e+03,0.000000e+00,0.000000e+00,0.000000e+00,0.000000e+00,0.000000e+00,0.000000e+00,0.000000e+00,0.000000e+00,0.000000e+00,0.000000e+00,0.000000e+00,0.000000e+00,0.000000e+00,0.000000e+00,0.000000e+00,0.000000e+00,0.000000e+00,0.000000e+00,0.000000e+00,0.000000e+00,0.000000e+00,0.000000e+00,0.000000e+00,0.000000e+00,0.000000e+00,0.000000e+00,0.000000e+00,0.000000e+00,0.000000e+00,0.000000e+00,0.000000e+00,0.000000e+00,0.000000e+00,0.000000e+00,0.000000e+00,0.000000e+00,0.000000e+00,1.653036e+04,4.999075e+02,7.902430e-02,-6.597152e-05,8.890440e-01,1.136610e-03,0.000000e+00,0.000000e+00,0.000000e+00,0.000000e+00,0.000000e+00,0.000000e+00,0.000000e+00,0.000000e+00,0.000000e+00,0.000000e+00,0.000000e+00,0.000000e+00,0.000000e+00,0.000000e+00,0.000000e+00,0.000000e+00,0.000000e+00,0.000000e+00,0.000000e+00,0.000000e+00,0.000000e+00,6.541988e+04,8.009919e+03,8.724108e+04,6.249250e-01,4.160671e-03,-2.084971e+01,-9.764195e-01,-1.642357e-03,-2.363756e-01,1.257356e-03,1.862781e-03,2.707478e+01,-5.181379e-01,1.944834e-03,-1.389502e-03,1.615922e-01,-2.077231e-03,-1.723182e+00,4.274068e+01,-1.140660e+00,2.232758e+03,-4.887396e+04,-7.999046e+03,-9.747962e+04,2.138826e-02,2.339082e+01,-1.306647e-03,2.773261e+02,8.535837e+02,-3.379446e+02
5.340520e-03,1.653039e+04,1.057022e+04,4.103668e-01,-3.922910e-03,9.049516e+00,1.023911e-01,9.926083e-07,3.607228e+03,0.000000e+00,0.000000e+00,5.471958e+03,0.000000e+00,0.000000e+00,0.000000e+00,0.000000e+00,0.000000e+00,0.000000e+00,0.000000e+00,0.000000e+00,0.000000e+00,0.000000e+00,0.000000e+00,0.000000e+00,0.000000e+00,0.000000e+00,0.000000e+00,0.000000e+00,0.000000e+00,0.000000e+00,0.000000e+00,0.000000e+00,0.000000e+00,0.000000e+00,0.000000e+00,0.000000e+00,0.000000e+00,0.000000e+00,0.000000e+00,0.000000e+00,0.000000e+00,0.000000e+00,0.000000e+00,0.000000e+00,0.000000e+00,0.000000e+00,0.000000e+00,0.000000e+00,0.000000e+00,1.653039e+04,5.025951e+02,7.940169e-02,-5.842792e-05,8.932080e-01,1.136610e-03,0.000000e+00,0.000000e+00,0.000000e+00,0.000000e+00,0.000000e+00,0.000000e+00,0.000000e+00,0.000000e+00,0.000000e+00,0.000000e+00,0.000000e+00,0.000000e+00,0.000000e+00,0.000000e+00,0.000000e+00,0.000000e+00,0.000000e+00,0.000000e+00,0.000000e+00,0.000000e+00,0.000000e+00,6.284772e+04,-8.282883e+03,7.671622e+04,6.254860e-01,4.151506e-03,-2.084724e+01,-9.760048e-01,-1.672529e-03,-2.362342e-01,1.257355e-03,1.862782e-03,2.707689e+01,-5.177200e-01,1.941106e-03,-1.389502e-03,1.620129e-01,-2.088586e-03,-1.701086e+00,4.232396e+01,-1.138109e+00,2.231856e+03,-4.062409e+04,8.292926e+03,-9.046951e+04,2.121413e-02,2.339942e+01,-1.139087e-03,-1.918100e+02,8.365190e+02,2.379765e+02
5.350461e-03,1.653051e+04,1.056690e+04,4.099528e-01,-3.919681e-03,9.051606e+00,1.023911e-01,9.936623e-07,3.609691e+03,0.000000e+00,0.000000e+00,5.472705e+03,0.000000e+00,0.000000e+00,0.000000e+00,0.000000e+00,0.000000e+00,0.000000e+00,0.000000e+00,0.000000e+00,0.000000e+00,0.000000e+00,0.000000e+00,0.000000e+00,0.000000e+00,0.000000e+00,0.000000e+00,0.000000e+00,0.000000e+00,0.000000e+00,0.000000e+00,0.000000e+00,0.000000e+00,0.000000e+00,0.000000e+00,0.000000e+00,0.000000e+00,0.000000e+00,0.000000e+00,0.000000e+00,0.000000e+00,0.000000e+00,0.000000e+00,0.000000e+00,0.000000e+00,0.000000e+00,0.000000e+00,0.000000e+00,0.000000e+00,1.653051e+04,5.051446e+02,7.973011e-02,-7.775601e-05,8.972983e-01,1.136610e-03,0.000000e+00,0.000000e+00,0.000000e+00,0.000000e+00,0.000000e+00,0.000000e+00,0.000000e+00,0.000000e+00,0.000000e+00,0.000000e+00,0.000000e+00,0.000000e+00,0.000000e+00,0.000000e+00,0.000000e+00,0.000000e+00,0.000000e+00,0.000000e+00,0.000000e+00,0.000000e+00,0.000000e+00,5.881673e+04,-2.166821e+03,5.714744e+04,6.255572e-01,4.127079e-03,-2.084507e+01,-9.755603e-01,-1.672226e-03,-2.361609e-01,1.257355e-03,1.862783e-03,2.707897e+01,-5.173067e-01,1.937915e-03,-1.389502e-03,1.624321e-01,-2.099734e-03,-1.678905e+00,4.205267e+01,-1.123046e+00,2.231056e+03,-2.492674e+04,2.175363e+03,-7.812720e+04,2.083740e-02,2.340742e+01,-7.370076e-04,-1.831859e+01,7.966298e+02,7.191549e+00
5.360409e-03,1.653052e+04,1.056365e+04,4.095429e-01,-3.916735e-03,9.053673e+00,1.023911e-01,9.946881e-07,3.612182e+03,0.000000e+00,0.000000e+00,5.473461e+03,0.000000e+00,0.000000e+00,0.000000e+00,0.000000e+00,0.000000e+00,0.000000e+00,0.000000e+00,0.000000e+00,0.000000e+00,0.000000e+00,0.000000e+00,0.000000e+00,0.000000e+00,0.000000e+00,0.000000e+00,0.000000e+00,0.000000e+00,0.000000e+00,0.000000e+00,0.000000e+00,0.000000e+00,0.000000e+00,0.000000e+00,0.000000e+00,0.000000e+00,0.000000e+00,0.000000e+00,0.000000e+00,0.000000e+00,0.000000e+00,0.000000e+00,0.000000e+00,0.000000e+00,0.000000e+00,0.000000e+00,0.000000e+00,0.000000e+00,1.653052e+04,5.076705e+02,8.005688e-02,-7.331267e-05,9.013548e-01,1.136610e-03,0.000000e+00,0.000000e+00,0.000000e+00,0.000000e+00,0.000000e+00,0.000000e+00,0.000000e+00,0.000000e+00,0.000000e+00,0.000000e+00,0.000000e+00,0.000000e+00,0.000000e+00,0.000000e+00,0.000000e+00,0.000000e+00,0.000000e+00,0.000000e+00,0.000000e+00,0.000000e+00,0.000000e+00,5.723514e+04,-1.112279e+03,5.475529e+04,6.257048e-01,4.161602e-03,-2.084286e+01,-9.751182e-01,-1.679388e-03,-2.360902e-01,1.257355e-03,1.862783e-03,2.708104e+01,-5.168970e-01,1.934964e-03,-1.389502e-03,1.628490e-01,-2.110941e-03,-1.656713e+00,4.177324e+01,-1.139173e+00,2.230253e+03,-2.350839e+04,1.120555e+03,-7.563954e+04,2.126492e-02,2.341549e+01,-1.284827e-03,-1.236143e+01,8.034764e+02,1.077096e+01
5.370364e-03,1.653068e+04,1.056002e+04,4.091384e-01,-3.913541e-03,9.055712e+00,1.023911e-01,9.968537e-07,3.614849e+03,0.000000e+00,0.000000e+00,5.474294e+03,0.000000e+00,0.000000e+00,0.000000e+00,0.000000e+00,0.000000e+00,0.000000e+00,0.000000e+00,0.000000e+00,0.000000e+00,0.000000e+00,0.000000e+00,0.000000e+00,0.000000e+00,0.000000e+00,0.000000e+00,0.000000e+00,0.000000e+00,0.000000e+00,0.000000e+00,0.000000e+00,0.000000e+00,0.000000e+00,0.000000e+00,0.000000e+00,0.000000e+00,0.000000e+00,0.000000e+00,0.000000e+00,0.000000e+00,0.000000e+00,0.000000e+00,0.000000e+00,0.000000e+00,0.000000e+00,0.000000e+00,0.000000e+00,0.000000e+00,1.653068e+04,5.102412e+02,8.048330e-02,-7.844984e-05,9.054552e-01,1.136610e-03,0.000000e+00,0.000000e+00,0.000000e+00,0.000000e+00,0.000000e+00,0.000000e+00,0.000000e+00,0.000000e+00,0.000000e+00,0.000000e+00,0.000000e+00,0.000000e+00,0.000000e+00,0.000000e+00,0.000000e+00,0.000000e+00,0.000000e+00,0.000000e+00,0.000000e+00,0.000000e+00,0.000000e+00,6.059369e+04,-5.966445e+03,7.795462e+04,6.263726e-01,4.126473e-03,-2.084039e+01,-9.747083e-01,-1.667140e-03,-2.359481e-01,1.257355e-03,1.862784e-03,2.708307e+01,-5.164928e-01,1.931757e-03,-1.389502e-03,1.632626e-01,-2.122248e-03,-1.634517e+00,4.136291e+01,-1.128675e+00,2.229362e+03,-4.280017e+04,5.976424e+03,-8.897497e+04,2.115657e-02,2.342411e+01,-1.157881e-03,-2.575337e+02,8.598971e+02,3.127809e+02
5.380324e-03,1.653084e+04,1.055668e+04,4.087397e-01,-3.910245e-03,9.057721e+00,1.023911e-01,9.958687e-07,3.617278e+03,0.000000e+00,0.000000e+00,5.475022e+03,0.000000e+00,0.000000e+00,0.000000e+00,0.000000e+00,0.000000e+00,0.000000e+00,0.000000e+00,0.000000e+00,0.000000e+00,0.000000e+00,0.000000e+00,0.000000e+00,0.000000e+00,0.000000e+00,0.000000e+00,0.000000e+00,0.000000e+00,0.000000e+00,0.000000e+00,0.000000e+00,0.000000e+00,0.000000e+00,0.000000e+00,0.000000e+00,0.000000e+00,0.000000e+00,0.000000e+00,0.000000e+00,0.000000e+00,0.000000e+00,0.000000e+00,0.000000e+00,0.000000e+00,0.000000e+00,0.000000e+00,0.000000e+00,0.000000e+00,1.653084e+04,5.126913e+02,8.084515e-02,-8.236058e-05,9.094653e-01,1.136610e-03,0.000000e+00,0.000000e+00,0.000000e+00,0.000000e+00,0.000000e+00,0.000000e+00,0.000000e+00,0.000000e+00,0.000000e+00,0.000000e+00,0.000000e+00,0.000000e+00,0.000000e+00,0.000000e+00,0.000000e+00,0.000000e+00,0.000000e+00,0.000000e+00,0.000000e+00,0.000000e+00,0.000000e+00,5.885283e+04,8.312499e+02,5.831174e+04,6.264793e-01,4.134407e-03,-2.083822e+01,-9.742677e-01,-1.675845e-03,-2.358682e-01,1.257355e-03,1.862785e-03,2.708508e+01,-5.160944e-01,1.928466e-03,-1.389502e-03,1.636729e-01,-2.133389e-03,-1.612317e+00,4.108022e+01,-1.118771e+00,2.228569e+03,-2.600786e+04,-8.225848e+02,-7.866079e+04,2.069037e-02,2.343202e+01,-5.949053e-04,4.260839e+00,7.737892e+02,1.351742e+01
5.390229e-03,1.653096e+04,1.055323e+04,4.083497e-01,-3.907140e-03,9.059686e+00,1.023911e-01,9.969987e-07,3.619836e+03,0.000000e+00,0.000000e+00,5.475820e+03,0.000000e+00,0.000000e+00,0.000000e+00,0.000000e+00,0.000000e+00,0.000000e+00,0.000000e+00,0.000000e+00,0.000000e+00,0.000000e+00,0.000000e+00,0.000000e+00,0.000000e+00,0.000000e+00,0.000000e+00,0.000000e+00,0.000000e+00,0.000000e+00,0.000000e+00,0.000000e+00,0.000000e+00,0.000000e+00,0.000000e+00,0.000000e+00,0.000000e+00,0.000000e+00,0.000000e+00,0.000000e+00,0.000000e+00,0.000000e+00,0.000000e+00,0.000000e+00,0.000000e+00,0.000000e+00,0.000000e+00,0.000000e+00,0.000000e+00,1.653096e+04,5.151660e+02,8.125652e-02,-3.654929e-05,9.134462e-01,1.136610e-03,0.000000e+00,0.000000e+00,0.000000e+00,0.000000e+00,0.000000e+00,0.000000e+00,0.000000e+00,0.000000e+00,0.000000e+00,0.000000e+00,0.000000e+00,0.000000e+00,0.000000e+00,0.000000e+00,0.000000e+00,0.000000e+00,0.000000e+00,0.000000e+00,0.000000e+00,0.000000e+00,0.000000e+00,6.119603e+04,-3.038806e+03,7.099788e+04,6.269178e-01,4.187842e-03,-2.083587e+01,-9.738297e-01,-1.664403e-03,-2.357570e-01,1.257355e-03,1.862786e-03,2.708704e+01,-5.157048e-01,1.925341e-03,-1.389502e-03,1.640780e-01,-2.144651e-03,-1.590246e+00,4.072862e+01,-1.170722e+00,2.227724e+03,-3.634375e+04,3.048457e+03,-8.639865e+04,2.217327e-02,2.344028e+01,-2.329992e-03,-1.299933e+02,8.267063e+02,1.560180e+02
5.400143e-03,1.653127e+04,1.054963e+04,4.079650e-01,-3.904161e-03,9.061624e+00,1.023911e-01,9.977327e-07,3.622389e+03,0.000000e+00,0.000000e+00,5.476578e+03,0.000000e+00,0.000000e+00,0.000000e+00,0.000000e+00,0.000000e+00,0.000000e+00,0.000000e+00,0.000000e+00,0.000000e+00,0.000000e+00,0.000000e+00,0.000000e+00,0.000000e+00,0.000000e+00,0.000000e+00,0.000000e+00,0.000000e+00,0.000000e+00,0.000000e+00,0.000000e+00,0.000000e+00,0.000000e+00,0.000000e+00,0.000000e+00,0.000000e+00,0.000000e+00,0.000000e+00,0.000000e+00,0.000000e+00,0.000000e+00,0.000000e+00,0.000000e+00,0.000000e+00,0.000000e+00,0.000000e+00,0.000000e+00,0.000000e+00,1.653127e+04,5.175884e+02,8.168726e-02,-4.747905e-05,9.174203e-01,1.136610e-03,0.000000e+00,0.000000e+00,0.000000e+00,0.000000e+00,0.000000e+00,0.000000e+00,0.000000e+00,0.000000e+00,0.000000e+00,0.000000e+00,0.000000e+00,0.000000e+00,0.000000e+00,0.000000e+00,0.000000e+00,0.000000e+00,0.000000e+00,0.000000e+00,0.000000e+00,0.000000e+00,0.000000e+00,5.779818e+04,-2.687663e+03,5.692805e+04,6.272799e-01,4.148182e-03,-2.083356e+01,-9.733858e-01,-1.676039e-03,-2.356559e-01,1.257356e-03,1.862786e-03,2.708897e+01,-5.153204e-01,1.922400e-03,-1.389502e-03,1.644797e-01,-2.155897e-03,-1.568166e+00,4.037804e+01,-1.125200e+00,2.226880e+03,-2.527427e+04,2.696186e+03,-7.708825e+04,2.073922e-02,2.344857e+01,-5.902975e-04,-2.677571e+01,7.819061e+02,2.244825e+01
5.410089e-03,1.653154e+04,1.054594e+04,4.075852e-01,-3.901317e-03,9.063537e+00,1.023911e-01,9.984151e-07,3.625064e+03,0.000000e+00,0.000000e+00,5.477356e+03,0.000000e+00,0.000000e+00,0.000000e+00,0.000000e+00,0.000000e+00,0.000000e+00,0.000000e+00,0.000000e+00,0.000000e+00,0.000000e+00,0.000000e+00,0.000000e+00,0.000000e+00,0.000000e+00,0.000000e+00,0.000000e+00,0.000000e+00,0.000000e+00,0.000000e+00,0.000000e+00,0.000000e+00,0.000000e+00,0.000000e+00,0.000000e+00,0.000000e+00,0.000000e+00,0.000000e+00,0.000000e+00,0.000000e+00,0.000000e+00,0.000000e+00,0.000000e+00,0.000000e+00,0.000000e+00,0.000000e+00,0.000000e+00,0.000000e+00,1.653154e+04,5.200242e+02,8.218947e-02,-3.428245e-05,9.214002e-01,1.136610e-03,0.000000e+00,0.000000e+00,0.000000e+00,0.000000e+00,0.000000e+00,0.000000e+00,0.000000e+00,0.000000e+00,0.000000e+00,0.000000e+00,0.000000e+00,0.000000e+00,0.000000e+00,0.000000e+00,0.000000e+00,0.000000e+00,0.000000e+00,0.000000e+00,0.000000e+00,0.000000e+00,0.000000e+00,6.028582e+04,3.341044e+03,7.395811e+04,6.277732e-01,4.183346e-03,-2.083113e+01,-9.729448e-01,-1.672075e-03,-2.355657e-01,1.257355e-03,1.862787e-03,2.709088e+01,-5.149408e-01,1.919572e-03,-1.389502e-03,1.648794e-01,-2.167224e-03,-1.546021e+00,4.000578e+01,-1.150210e+00,2.226017e+03,-3.944030e+04,-3.331259e+03,-8.688331e+04,2.148931e-02,2.345719e+01,-1.468863e-03,1.818974e+02,8.502712e+02,-2.179382e+02
5.420035e-03,1.653198e+04,1.054216e+04,4.072118e-01,-3.898954e-03,9.065418e+00,1.023911e-01,9.992092e-07,3.627682e+03,0.000000e+00,0.000000e+00,5.478099e+03,0.000000e+00,0.000000e+00,0.000000e+00,0.000000e+00,0.000000e+00,0.000000e+00,0.000000e+00,0.000000e+00,0.000000e+00,0.000000e+00,0.000000e+00,0.000000e+00,0.000000e+00,0.000000e+00,0.000000e+00,0.000000e+00,0.000000e+00,0.000000e+00,0.000000e+00,0.000000e+00,0.000000e+00,0.000000e+00,0.000000e+00,0.000000e+00,0.000000e+00,0.000000e+00,0.000000e+00,0.000000e+00,0.000000e+00,0.000000e+00,0.000000e+00,0.000000e+00,0.000000e+00,0.000000e+00,0.000000e+00,0.000000e+00,0.000000e+00,1.653198e+04,5.223840e+02,8.272210e-02,-4.294771e-05,9.253703e-01,1.136610e-03,0.000000e+00,0.000000e+00,0.000000e+00,0.000000e+00,0.000000e+00,0.000000e+00,0.000000e+00,0.000000e+00,0.000000e+00,0.000000e+00,0.000000e+00,0.000000e+00,0.000000e+00,0.000000e+00,0.000000e+00,0.000000e+00,0.000000e+00,0.000000e+00,0.000000e+00,0.000000e+00,0.000000e+00,5.751120e+04,4.928155e+02,5.643439e+04,6.282247e-01,4.152257e-03,-2.082878e+01,-9.724988e-01,-1.675391e-03,-2.354605e-01,1.257355e-03,1.862788e-03,2.709276e+01,-5.145679e-01,1.917232e-03,-1.389502e-03,1.652751e-01,-2.178581e-03,-1.523886e+00,3.962451e+01,-1.121094e+00,2.225151e+03,-2.499559e+04,-4.843150e+02,-7.660031e+04,2.065084e-02,2.346568e+01,-4.761555e-04,6.021314e-01,7.883858e+02,3.463945e+00
5.430022e-03,1.653230e+04,1.053851e+04,4.068424e-01,-3.896776e-03,9.067277e+00,1.023911e-01,9.952124e-07,3.630253e+03,0.000000e+00,0.000000e+00,5.478869e+03,0.000000e+00,0.000000e+00,0.000000e+00,0.000000e+00,0.000000e+00,0.000000e+00,0.000000e+00,0.000000e+00,0.000000e+00,0.000000e+00,0.000000e+00,0.000000e+00,0.000000e+00,0.000000e+00,0.000000e+00,0.000000e+00,0.000000e+00,0.000000e+00,0.000000e+00,0.000000e+00,0.000000e+00,0.000000e+00,0.000000e+00,0.000000e+00,0.000000e+00,0.000000e+00,0.000000e+00,0.000000e+00,0.000000e+00,0.000000e+00,0.000000e+00,0.000000e+00,0.000000e+00,0.000000e+00,0.000000e+00,0.000000e+00,0.000000e+00,1.653230e+04,5.246998e+02,8.324277e-02,-3.917527e-05,9.292898e-01,1.136610e-03,0.000000e+00,0.000000e+00,0.000000e+00,0.000000e+00,0.000000e+00,0.000000e+00,0.000000e+00,0.000000e+00,0.000000e+00,0.000000e+00,0.000000e+00,0.000000e+00,0.000000e+00,0.000000e+00,0.000000e+00,0.000000e+00,0.000000e+00,0.000000e+00,0.000000e+00,0.000000e+00,0.000000e+00,6.017370e+04,2.232641e+02,7.353529e+04,6.286296e-01,4.198353e-03,-2.082645e+01,-9.720627e-01,-1.644746e-03,-2.353545e-01,1.257355e-03,1.862789e-03,2.709462e+01,-5.141986e-01,1.915054e-03,-1.389502e-03,1.656692e-01,-2.189880e-03,-1.501670e+00,3.928171e+01,-1.156868e+00,2.224321e+03,-3.915188e+04,-2.134756e+02,-8.657626e+04,2.182231e-02,2.347396e+01,-1.899910e-03,-2.457410e+00,8.586000e+02,1.911921e+01
5.440006e-03,1.653278e+04,1.053465e+04,4.064785e-01,-3.894469e-03,9.069107e+00,1.023911e-01,1.000922e-06,3.632905e+03,0.000000e+00,0.000000e+00,5.479608e+03,0.000000e+00,0.000000e+00,0.000000e+00,0.000000e+00,0.000000e+00,0.000000e+00,0.000000e+00,0.000000e+00,0.000000e+00,0.000000e+00,0.000000e+00,0.000000e+00,0.000000e+00,0.000000e+00,0.000000e+00,0.000000e+00,0.000000e+00,0.000000e+00,0.000000e+00,0.000000e+00,0.000000e+00,0.000000e+00,0.000000e+00,0.000000e+00,0.000000e+00,0.000000e+00,0.000000e+00,0.000000e+00,0.000000e+00,0.000000e+00,0.000000e+00,0.000000e+00,0.000000e+00,0.000000e+00,0.000000e+00,0.000000e+00,0.000000e+00,1.653278e+04,5.270291e+02,8.381480e-02,-3.193802e-05,9.332194e-01,1.136610e-03,0.000000e+00,0.000000e+00,0.000000e+00,0.000000e+00,0.000000e+00,0.000000e+00,0.000000e+00,0.000000e+00,0.000000e+00,0.000000e+00,0.000000e+00,0.000000e+00,0.000000e+00,0.000000e+00,0.000000e+00,0.000000e+00,0.000000e+00,0.000000e+00,0.000000e+00,0.000000e+00,0.000000e+00,5.674307e+04,6.168685e+02,5.612457e+04,6.291188e-01,4.197333e-03,-2.082406e+01,-9.716085e-01,-1.703650e-03,-2.352637e-01,1.257354e-03,1.862790e-03,2.709645e+01,-5.138349e-01,1.912740e-03,-1.389502e-03,1.660590e-01,-2.201301e-03,-1.479466e+00,3.889002e+01,-1.144361e+00,2.223449e+03,-2.509494e+04,-6.084228e+02,-7.576277e+04,2.119073e-02,2.348258e+01,-1.024382e-03,9.695925e-01,7.698973e+02,2.336048e+00
5.450018e-03,1.653320e+04,1.053088e+04,4.061181e-01,-3.891798e-03,9.070920e+00,1.023911e-01,9.952947e-07,3.635490e+03,0.000000e+00,0.000000e+00,5.480394e+03,0.000000e+00,0.000000e+00,0.000000e+00,0.000000e+00,0.000000e+00,0.000000e+00,0.000000e+00,0.000000e+00,0.000000e+00,0.000000e+00,0.000000e+00,0.000000e+00,0.000000e+00,0.000000e+00,0.000000e+00,0.000000e+00,0.000000e+00,0.000000e+00,0.000000e+00,0.000000e+00,0.000000e+00,0.000000e+00,0.000000e+00,0.000000e+00,0.000000e+00,0.000000e+00,0.000000e+00,0.000000e+00,0.000000e+00,0.000000e+00,0.000000e+00,0.000000e+00,0.000000e+00,0.000000e+00,0.000000e+00,0.000000e+00,0.000000e+00,1.653320e+04,5.292755e+02,8.435360e-02,-5.150517e-05,9.370895e-01,1.136610e-03,0.000000e+00,0.000000e+00,0.000000e+00,0.000000e+00,0.000000e+00,0.000000e+00,0.000000e+00,0.000000e+00,0.000000e+00,0.000000e+00,0.000000e+00,0.000000e+00,0.000000e+00,0.000000e+00,0.000000e+00,0.000000e+00,0.000000e+00,0.000000e+00,0.000000e+00,0.000000e+00,0.000000e+00,6.215729e+04,7.458419e+03,8.409612e+04,6.296117e-01,4.154867e-03,-2.082171e+01,-9.711552e-01,-1.641455e-03,-2.351713e-01,1.257355e-03,1.862791e-03,2.709826e+01,-5.134749e-01,1.910047e-03,-1.389502e-03,1.664466e-01,-2.212585e-03,-1.457209e+00,3.853754e+01,-1.132440e+00,2.222612e+03,-4.777621e+04,-7.447773e+03,-9.302300e+04,2.131520e-02,2.349086e+01,-1.204874e-03,1.544290e+02,9.093835e+02,-2.039142e+02
5.461000e-03,1.653380e+04,1.052665e+04,4.057291e-01,-3.888292e-03,9.072876e+00,1.023911e-01,1.002452e-06,3.638363e+03,0.000000e+00,0.000000e+00,5.481168e+03,0.000000e+00,0.000000e+00,0.000000e+00,0.000000e+00,0.000000e+00,0.000000e+00,0.000000e+00,0.000000e+00,0.000000e+00,0.000000e+00,0.000000e+00,0.000000e+00,0.000000e+00,0.000000e+00,0.000000e+00,0.000000e+00,0.000000e+00,0.000000e+00,0.000000e+00,0.000000e+00,0.000000e+00,0.000000e+00,0.000000e+00,0.000000e+00,0.000000e+00,0.000000e+00,0.000000e+00,0.000000e+00,0.000000e+00,0.000000e+00,0.000000e+00,0.000000e+00,0.000000e+00,0.000000e+00,0.000000e+00,0.000000e+00,0.000000e+00,1.653380e+04,5.317476e+02,8.500851e-02,-5.908590e-05,9.413257e-01,1.136610e-03,0.000000e+00,0.000000e+00,0.000000e+00,0.000000e+00,0.000000e+00,0.000000e+00,0.000000e+00,0.000000e+00,0.000000e+00,0.000000e+00,0.000000e+00,0.000000e+00,0.000000e+00,0.000000e+00,0.000000e+00,0.000000e+00,0.000000e+00,0.000000e+00,0.000000e+00,0.000000e+00,0.000000e+00,5.523012e+04,-9.755806e+02,5.489991e+04,6.301466e-01,4.158361e-03,-2.081913e+01,-9.706681e-01,-1.694319e-03,-2.350742e-01,1.257355e-03,1.862792e-03,2.710022e+01,-5.130861e-01,1.906512e-03,-1.389502e-03,1.668670e-01,-2.225018e-03,-1.432806e+00,3.810100e+01,-1.132248e+00,2.221665e+03,-2.470577e+04,9.838516e+02,-7.385102e+04,2.105529e-02,2.350023e+01,-8.821462e-04,-1.110622e+01,7.496855e+02,6.308044e+00
5.470918e-03,1.653424e+04,1.052279e+04,4.053828e-01,-3.884457e-03,9.074618e+00,1.023911e-01,9.949616e-07,3.640990e+03,0.000000e+00,0.000000e+00,5.481958e+03,0.000000e+00,0.000000e+00,0.000000e+00,0.000000e+00,0.000000e+00,0.000000e+00,0.000000e+00,0.000000e+00,0.000000e+00,0.000000e+00,0.000000e+00,0.000000e+00,0.000000e+00,0.000000e+00,0.000000e+00,0.000000e+00,0.000000e+00,0.000000e+00,0.000000e+00,0.000000e+00,0.000000e+00,0.000000e+00,0.000000e+00,0.000000e+00,0.000000e+00,0.000000e+00,0.000000e+00,0.000000e+00,0.000000e+00,0.000000e+00,0.000000e+00,0.000000e+00,0.000000e+00,0.000000e+00,0.000000e+00,0.000000e+00,0.000000e+00,1.653424e+04,5.339576e+02,8.560812e-02,-6.476109e-05,9.451119e-01,1.136610e-03,0.000000e+00,0.000000e+00,0.000000e+00,0.000000e+00,0.000000e+00,0.000000e+00,0.000000e+00,0.000000e+00,0.000000e+00,0.000000e+00,0.000000e+00,0.000000e+00,0.000000e+00,0.000000e+00,0.000000e+00,0.000000e+00,0.000000e+00,0.000000e+00,0.000000e+00,0.000000e+00,0.000000e+00,5.945199e+04,8.469123e+03,7.393722e+04,6.308580e-01,4.171501e-03,-2.081670e+01,-9.702377e-01,-1.657006e-03,-2.349716e-01,1.257355e-03,1.862793e-03,2.710196e+01,-5.127396e-01,1.902639e-03,-1.389502e-03,1.672429e-01,-2.236155e-03,-1.410777e+00,3.768029e+01,-1.128623e+00,2.220799e+03,-3.991540e+04,-8.459301e+03,-8.607078e+04,2.123427e-02,2.350866e+01,-1.158332e-03,2.133581e+02,8.638341e+02,-2.749312e+02
5.480861e-03,1.653489e+04,1.051893e+04,4.050406e-01,-3.880111e-03,9.076337e+00,1.023911e-01,1.004164e-06,3.643541e+03,0.000000e+00,0.000000e+00,5.482651e+03,0.000000e+00,0.000000e+00,0.000000e+00,0.000000e+00,0.000000e+00,0.000000e+00,0.000000e+00,0.000000e+00,0.000000e+00,0.000000e+00,0.000000e+00,0.000000e+00,0.000000e+00,0.000000e+00,0.000000e+00,0.000000e+00,0.000000e+00,0.000000e+00,0.000000e+00,0.000000e+00,0.000000e+00,0.000000e+00,0.000000e+00,0.000000e+00,0.000000e+00,0.000000e+00,0.000000e+00,0.000000e+00,0.000000e+00,0.000000e+00,0.000000e+00,0.000000e+00,0.000000e+00,0.000000e+00,0.000000e+00,0.000000e+00,0.000000e+00,1.653489e+04,5.361100e+02,8.622527e-02,-7.293501e-05,9.488732e-01,1.136610e-03,0.000000e+00,0.000000e+00,0.000000e+00,0.000000e+00,0.000000e+00,0.000000e+00,0.000000e+00,0.000000e+00,0.000000e+00,0.000000e+00,0.000000e+00,0.000000e+00,0.000000e+00,0.000000e+00,0.000000e+00,0.000000e+00,0.000000e+00,0.000000e+00,0.000000e+00,0.000000e+00,0.000000e+00,5.628007e+04,-5.591911e+03,7.099934e+04,6.313388e-01,4.123446e-03,-2.081440e+01,-9.698037e-01,-1.701729e-03,-2.348961e-01,1.257355e-03,1.862793e-03,2.710367e+01,-5.123979e-01,1.898290e-03,-1.389502e-03,1.676154e-01,-2.247389e-03,-1.388701e+00,3.730814e+01,-1.119043e+00,2.219970e+03,-3.870726e+04,5.601290e+03,-8.191457e+04,2.089382e-02,2.351692e+01,-6.910670e-04,-2.015512e+02,7.863936e+02,2.399091e+02
5.490787e-03,1.653546e+04,1.051511e+04,4.047034e-01,-3.875850e-03,9.078029e+00,1.023911e-01,9.951309e-07,3.646074e+03,0.000000e+00,0.000000e+00,5.483369e+03,0.000000e+00,0.000000e+00,0.000000e+00,0.000000e+00,0.000000e+00,0.000000e+00,0.000000e+00,0.000000e+00,0.000000e+00,0.000000e+00,0.000000e+00,0.000000e+00,0.000000e+00,0.000000e+00,0.000000e+00,0.000000e+00,0.000000e+00,0.000000e+00,0.000000e+00,0.000000e+00,0.000000e+00,0.000000e+00,0.000000e+00,0.000000e+00,0.000000e+00,0.000000e+00,0.000000e+00,0.000000e+00,0.000000e+00,0.000000e+00,0.000000e+00,0.000000e+00,0.000000e+00,0.000000e+00,0.000000e+00,0.000000e+00,0.000000e+00,1.653546e+04,5.382568e+02,8.687557e-02,-7.042947e-05,9.526134e-01,1.136610e-03,0.000000e+00,0.000000e+00,0.000000e+00,0.000000e+00,0.000000e+00,0.000000e+00,0.000000e+00,0.000000e+00,0.000000e+00,0.000000e+00,0.000000e+00,0.000000e+00,0.000000e+00,0.000000e+00,0.000000e+00,0.000000e+00,0.000000e+00,0.000000e+00,0.000000e+00,0.000000e+00,0.000000e+00,5.355661e+04,3.540468e+03,6.305018e+04,6.319507e-01,4.145555e-03,-2.081207e+01,-9.693732e-01,-1.677352e-03,-2.348056e-01,1.257356e-03,1.862794e-03,2.710536e+01,-5.120608e-01,1.894034e-03,-1.389502e-03,1.679835e-01,-2.258400e-03,-1.366668e+00,3.690171e+01,-1.129356e+00,2.219122e+03,-3.280598e+04,-3.531802e+03,-7.594382e+04,2.139794e-02,2.352511e+01,-1.212238e-03,8.846492e+01,7.532555e+02,-1.347884e+02
5.500698e-03,1.653610e+04,1.051123e+04,4.043705e-01,-3.871756e-03,9.079700e+00,1.023911e-01,1.005005e-06,3.648645e+03,0.000000e+00,0.000000e+00,5.484075e+03,0.000000e+00,0.000000e+00,0.000000e+00,0.000000e+00,0.000000e+00,0.000000e+00,0.000000e+00,0.000000e+00,0.000000e+00,0.000000e+00,0.000000e+00,0.000000e+00,0.000000e+00,0.000000e+00,0.000000e+00,0.000000e+00,0.000000e+00,0.000000e+00,0.000000e+00,0.000000e+00,0.000000e+00,0.000000e+00,0.000000e+00,0.000000e+00,0.000000e+00,0.000000e+00,0.000000e+00,0.000000e+00,0.000000e+00,0.000000e+00,0.000000e+00,0.000000e+00,0.000000e+00,0.000000e+00,0.000000e+00,0.000000e+00,0.000000e+00,1.653610e+04,5.403932e+02,8.753650e-02,-9.038427e-05,9.563201e-01,1.136610e-03,0.000000e+00,0.000000e+00,0.000000e+00,0.000000e+00,0.000000e+00,0.000000e+00,0.000000e+00,0.000000e+00,0.000000e+00,0.000000e+00,0.000000e+00,0.000000e+00,0.000000e+00,0.000000e+00,0.000000e+00,0.000000e+00,0.000000e+00,0.000000e+00,0.000000e+00,0.000000e+00,0.000000e+00,5.500846e+04,-5.839763e+03,6.945925e+04,6.325794e-01,4.082650e-03,-2.080972e+01,-9.689378e-01,-1.695385e-03,-2.347351e-01,1.257355e-03,1.862795e-03,2.710703e+01,-5.117279e-01,1.889955e-03,-1.389502e-03,1.683472e-01,-2.269528e-03,-1.344680e+00,3.649847e+01,-1.100224e+00,2.218283e+03,-3.792751e+04,5.848968e+03,-8.007443e+04,2.064312e-02,2.353341e+01,-3.230145e-04,-2.012512e+02,7.635551e+02,2.433315e+02
5.510656e-03,1.653675e+04,1.050751e+04,4.040394e-01,-3.868259e-03,9.081358e+00,1.023911e-01,1.005979e-06,3.651055e+03,0.000000e+00,0.000000e+00,5.484754e+03,0.000000e+00,0.000000e+00,0.000000e+00,0.000000e+00,0.000000e+00,0.000000e+00,0.000000e+00,0.000000e+00,0.000000e+00,0.000000e+00,0.000000e+00,0.000000e+00,0.000000e+00,0.000000e+00,0.000000e+00,0.000000e+00,0.000000e+00,0.000000e+00,0.000000e+00,0.000000e+00,0.000000e+00,0.000000e+00,0.000000e+00,0.000000e+00,0.000000e+00,0.000000e+00,0.000000e+00,0.000000e+00,0.000000e+00,0.000000e+00,0.000000e+00,0.000000e+00,0.000000e+00,0.000000e+00,0.000000e+00,0.000000e+00,0.000000e+00,1.653675e+04,5.424671e+02,8.817124e-02,-7.936766e-05,9.599761e-01,1.136610e-03,0.000000e+00,0.000000e+00,0.000000e+00,0.000000e+00,0.000000e+00,0.000000e+00,0.000000e+00,0.000000e+00,0.000000e+00,0.000000e+00,0.000000e+00,0.000000e+00,0.000000e+00,0.000000e+00,0.000000e+00,0.000000e+00,0.000000e+00,0.000000e+00,0.000000e+00,0.000000e+00,0.000000e+00,5.151089e+04,-5.887360e+00,5.161686e+04,6.331137e-01,4.128411e-03,-2.080750e+01,-9.685334e-01,-1.685461e-03,-2.346349e-01,1.257355e-03,1.862795e-03,2.710868e+01,-5.113973e-01,1.886503e-03,-1.389502e-03,1.687084e-01,-2.280549e-03,-1.322594e+00,3.610841e+01,-1.130836e+00,2.217470e+03,-2.349372e+04,1.369875e+01,-6.903417e+04,2.163045e-02,2.354121e+01,-1.444346e-03,1.012544e+01,6.921147e+02,-6.742035e+00
5.520538e-03,1.653742e+04,1.050366e+04,4.037150e-01,-3.865417e-03,9.082986e+00,1.023911e-01,9.806694e-07,3.653548e+03,0.000000e+00,0.000000e+00,5.485465e+03,0.000000e+00,0.000000e+00,0.000000e+00,0.000000e+00,0.000000e+00,0.000000e+00,0.000000e+00,0.000000e+00,0.000000e+00,0.000000e+00,0.000000e+00,0.000000e+00,0.000000e+00,0.000000e+00,0.000000e+00,0.000000e+00,0.000000e+00,0.000000e+00,0.000000e+00,0.000000e+00,0.000000e+00,0.000000e+00,0.000000e+00,0.000000e+00,0.000000e+00,0.000000e+00,0.000000e+00,0.000000e+00,0.000000e+00,0.000000e+00,0.000000e+00,0.000000e+00,0.000000e+00,0.000000e+00,0.000000e+00,0.000000e+00,0.000000e+00,1.653742e+04,5.445095e+02,8.883065e-02,-1.044567e-04,9.635779e-01,1.136609e-03,0.000000e+00,0.000000e+00,0.000000e+00,0.000000e+00,0.000000e+00,0.000000e+00,0.000000e+00,0.000000e+00,0.000000e+00,0.000000e+00,0.000000e+00,0.000000e+00,0.000000e+00,0.000000e+00,0.000000e+00,0.000000e+00,0.000000e+00,0.000000e+00,0.000000e+00,0.000000e+00,0.000000e+00,5.719215e+04,-2.190799e+03,8.508064e+04,6.338142e-01,4.065720e-03,-2.080517e+01,-9.681128e-01,-1.708949e-03,-2.345576e-01,1.257355e-03,1.862796e-03,2.711031e+01,-5.110728e-01,1.883682e-03,-1.389502e-03,1.690630e-01,-2.291437e-03,-1.300686e+00,3.571228e+01,-1.095213e+00,2.216653e+03,-5.100938e+04,2.201195e+03,-8.892499e+04,2.062658e-02,2.354917e+01,-2.725189e-04,-2.458277e+01,8.583164e+02,7.600925e+01
5.530455e-03,1.653811e+04,1.049986e+04,4.033932e-01,-3.863115e-03,9.084598e+00,1.023911e-01,9.806170e-07,3.655999e+03,0.000000e+00,0.000000e+00,5.486143e+03,0.000000e+00,0.000000e+00,0.000000e+00,0.000000e+00,0.000000e+00,0.000000e+00,0.000000e+00,0.000000e+00,0.000000e+00,0.000000e+00,0.000000e+00,0.000000e+00,0.000000e+00,0.000000e+00,0.000000e+00,0.000000e+00,0.000000e+00,0.000000e+00,0.000000e+00,0.000000e+00,0.000000e+00,0.000000e+00,0.000000e+00,0.000000e+00,0.000000e+00,0.000000e+00,0.000000e+00,0.000000e+00,0.000000e+00,0.000000e+00,0.000000e+00,0.000000e+00,0.000000e+00,0.000000e+00,0.000000e+00,0.000000e+00,0.000000e+00,1.653811e+04,5.465704e+02,8.950660e-02,-1.129629e-04,9.671638e-01,1.136610e-03,0.000000e+00,0.000000e+00,0.000000e+00,0.000000e+00,0.000000e+00,0.000000e+00,0.000000e+00,0.000000e+00,0.000000e+00,0.000000e+00,0.000000e+00,0.000000e+00,0.000000e+00,0.000000e+00,0.000000e+00,0.000000e+00,0.000000e+00,0.000000e+00,0.000000e+00,0.000000e+00,0.000000e+00,5.875461e+04,-9.235204e+03,8.604989e+04,6.345333e-01,4.031790e-03,-2.080287e+01,-9.677086e-01,-1.695818e-03,-2.344640e-01,1.257355e-03,1.862797e-03,2.711193e+01,-5.107511e-01,1.881415e-03,-1.389502e-03,1.694148e-01,-2.302415e-03,-1.278708e+00,3.528856e+01,-1.086905e+00,2.215824e+03,-5.120867e+04,9.245820e+03,-9.074229e+04,2.068269e-02,2.355707e+01,-2.026907e-04,-2.380281e+02,8.576602e+02,3.102060e+02
5.540392e-03,1.653877e+04,1.049618e+04,4.030747e-01,-3.861501e-03,9.086191e+00,1.023911e-01,9.835577e-07,3.658350e+03,0.000000e+00,0.000000e+00,5.486828e+03,0.000000e+00,0.000000e+00,0.000000e+00,0.000000e+00,0.000000e+00,0.000000e+00,0.000000e+00,0.000000e+00,0.000000e+00,0.000000e+00,0.000000e+00,0.000000e+00,0.000000e+00,0.000000e+00,0.000000e+00,0.000000e+00,0.000000e+00,0.000000e+00,0.000000e+00,0.000000e+00,0.000000e+00,0.000000e+00,0.000000e+00,0.000000e+00,0.000000e+00,0.000000e+00,0.000000e+00,0.000000e+00,0.000000e+00,0.000000e+00,0.000000e+00,0.000000e+00,0.000000e+00,0.000000e+00,0.000000e+00,0.000000e+00,0.000000e+00,1.653877e+04,5.485785e+02,9.015623e-02,-1.022444e-04,9.706857e-01,1.136610e-03,0.000000e+00,0.000000e+00,0.000000e+00,0.000000e+00,0.000000e+00,0.000000e+00,0.000000e+00,0.000000e+00,0.000000e+00,0.000000e+00,0.000000e+00,0.000000e+00,0.000000e+00,0.000000e+00,0.000000e+00,0.000000e+00,0.000000e+00,0.000000e+00,0.000000e+00,0.000000e+00,0.000000e+00,6.011527e+04,1.434629e+03,1.046154e+05,6.351761e-01,4.089585e-03,-2.080065e+01,-9.673194e-01,-1.712018e-03,-2.343636e-01,1.257355e-03,1.862797e-03,2.711352e+01,-5.104333e-01,1.879832e-03,-1.389502e-03,1.697634e-01,-2.313274e-03,-1.256693e+00,3.490332e+01,-1.114429e+00,2.215037e+03,-6.728339e+04,-1.422726e+03,-1.001559e+05,2.147526e-02,2.356459e+01,-1.149211e-03,3.019596e+00,9.407283e+02,3.616090e+01
5.550333e-03,1.653953e+04,1.049252e+04,4.027611e-01,-3.860234e-03,9.087763e+00,1.023911e-01,1.009225e-06,3.660683e+03,0.000000e+00,0.000000e+00,5.487390e+03,0.000000e+00,0.000000e+00,0.000000e+00,0.000000e+00,0.000000e+00,0.000000e+00,0.000000e+00,0.000000e+00,0.000000e+00,0.000000e+00,0.000000e+00,0.000000e+00,0.000000e+00,0.000000e+00,0.000000e+00,0.000000e+00,0.000000e+00,0.000000e+00,0.000000e+00,0.000000e+00,0.000000e+00,0.000000e+00,0.000000e+00,0.000000e+00,0.000000e+00,0.000000e+00,0.000000e+00,0.000000e+00,0.000000e+00,0.000000e+00,0.000000e+00,0.000000e+00,0.000000e+00,0.000000e+00,0.000000e+00,0.000000e+00,0.000000e+00,1.653953e+04,5.505891e+02,9.082745e-02,-1.252191e-04,9.741930e-01,1.136610e-03,0.000000e+00,0.000000e+00,0.000000e+00,0.000000e+00,0.000000e+00,0.000000e+00,0.000000e+00,0.000000e+00,0.000000e+00,0.000000e+00,0.000000e+00,0.000000e+00,0.000000e+00,0.000000e+00,0.000000e+00,0.000000e+00,0.000000e+00,0.000000e+00,0.000000e+00,0.000000e+00,0.000000e+00,5.149295e+04,-1.079025e+03,6.330276e+04,6.357191e-01,4.017811e-03,-2.079848e+01,-9.669250e-01,-1.699843e-03,-2.342785e-01,1.257355e-03,1.862798e-03,2.711510e+01,-5.101203e-01,1.878574e-03,-1.389502e-03,1.701078e-01,-2.324117e-03,-1.234679e+00,3.450017e+01,-1.082153e+00,2.214240e+03,-3.405044e+04,1.087614e+03,-7.415734e+04,2.080077e-02,2.357222e+01,-1.383657e-04,4.172716e+01,6.992917e+02,-3.575012e+01
5.560303e-03,1.654020e+04,1.048883e+04,4.024513e-01,-3.858965e-03,9.089314e+00,1.023911e-01,9.813848e-07,3.663062e+03,0.000000e+00,0.000000e+00,5.488067e+03,0.000000e+00,0.000000e+00,0.000000e+00,0.000000e+00,0.000000e+00,0.000000e+00,0.000000e+00,0.000000e+00,0.000000e+00,0.000000e+00,0.000000e+00,0.000000e+00,0.000000e+00,0.000000e+00,0.000000e+00,0.000000e+00,0.000000e+00,0.000000e+00,0.000000e+00,0.000000e+00,0.000000e+00,0.000000e+00,0.000000e+00,0.000000e+00,0.000000e+00,0.000000e+00,0.000000e+00,0.000000e+00,0.000000e+00,0.000000e+00,0.000000e+00,0.000000e+00,0.000000e+00,0.000000e+00,0.000000e+00,0.000000e+00,0.000000e+00,1.654020e+04,5.526042e+02,9.152035e-02,-1.121915e-04,9.776622e-01,1.136610e-03,0.000000e+00,0.000000e+00,0.000000e+00,0.000000e+00,0.000000e+00,0.000000e+00,0.000000e+00,0.000000e+00,0.000000e+00,0.000000e+00,0.000000e+00,0.000000e+00,0.000000e+00,0.000000e+00,0.000000e+00,0.000000e+00,0.000000e+00,0.000000e+00,0.000000e+00,0.000000e+00,0.000000e+00,5.673155e+04,-1.784982e+04,8.411645e+04,6.365086e-01,4.045201e-03,-2.079620e+01,-9.665403e-01,-1.720931e-03,-2.341823e-01,1.257355e-03,1.862799e-03,2.711665e+01,-5.098105e-01,1.877297e-03,-1.389502e-03,1.704495e-01,-2.335031e-03,-1.212608e+00,3.407600e+01,-1.102111e+00,2.213436e+03,-5.043063e+04,1.786019e+04,-8.803652e+04,2.132304e-02,2.357981e+01,-7.697232e-04,-4.052016e+02,8.568156e+02,5.358691e+02
5.570150e-03,1.654091e+04,1.048531e+04,4.021499e-01,-3.857503e-03,9.090823e+00,1.023911e-01,9.814264e-07,3.665300e+03,0.000000e+00,0.000000e+00,5.488647e+03,0.000000e+00,0.000000e+00,0.000000e+00,0.000000e+00,0.000000e+00,0.000000e+00,0.000000e+00,0.000000e+00,0.000000e+00,0.000000e+00,0.000000e+00,0.000000e+00,0.000000e+00,0.000000e+00,0.000000e+00,0.000000e+00,0.000000e+00,0.000000e+00,0.000000e+00,0.000000e+00,0.000000e+00,0.000000e+00,0.000000e+00,0.000000e+00,0.000000e+00,0.000000e+00,0.000000e+00,0.000000e+00,0.000000e+00,0.000000e+00,0.000000e+00,0.000000e+00,0.000000e+00,0.000000e+00,0.000000e+00,0.000000e+00,0.000000e+00,1.654091e+04,5.545524e+02,9.219059e-02,-1.306394e-04,9.810409e-01,1.136610e-03,0.000000e+00,0.000000e+00,0.000000e+00,0.000000e+00,0.000000e+00,0.000000e+00,0.000000e+00,0.000000e+00,0.000000e+00,0.000000e+00,0.000000e+00,0.000000e+00,0.000000e+00,0.000000e+00,0.000000e+00,0.000000e+00,0.000000e+00,0.000000e+00,0.000000e+00,0.000000e+00,0.000000e+00,5.165939e+04,-5.582854e+03,7.668498e+04,6.371259e-01,4.022399e-03,-2.079408e+01,-9.661718e-01,-1.707724e-03,-2.340856e-01,1.257355e-03,1.862800e-03,2.711815e+01,-5.095091e-01,1.875822e-03,-1.389502e-03,1.707829e-01,-2.345630e-03,-1.190814e+00,3.368650e+01,-1.087205e+00,2.212668e+03,-4.602052e+04,5.592319e+03,-8.019528e+04,2.126314e-02,2.358707e+01,-4.645284e-04,-1.399193e+02,7.385132e+02,1.672603e+02
5.580058e-03,1.654161e+04,1.048176e+04,4.018510e-01,-3.855772e-03,9.092319e+00,1.023911e-01,9.814744e-07,3.667560e+03,0.000000e+00,0.000000e+00,5.489260e+03,0.000000e+00,0.000000e+00,0.000000e+00,0.000000e+00,0.000000e+00,0.000000e+00,0.000000e+00,0.000000e+00,0.000000e+00,0.000000e+00,0.000000e+00,0.000000e+00,0.000000e+00,0.000000e+00,0.000000e+00,0.000000e+00,0.000000e+00,0.000000e+00,0.000000e+00,0.000000e+00,0.000000e+00,0.000000e+00,0.000000e+00,0.000000e+00,0.000000e+00,0.000000e+00,0.000000e+00,0.000000e+00,0.000000e+00,0.000000e+00,0.000000e+00,0.000000e+00,0.000000e+00,0.000000e+00,0.000000e+00,0.000000e+00,0.000000e+00,1.654161e+04,5.565133e+02,9.287794e-02,-1.440168e-04,9.844012e-01,1.136610e-03,0.000000e+00,0.000000e+00,0.000000e+00,0.000000e+00,0.000000e+00,0.000000e+00,0.000000e+00,0.000000e+00,0.000000e+00,0.000000e+00,0.000000e+00,0.000000e+00,0.000000e+00,0.000000e+00,0.000000e+00,0.000000e+00,0.000000e+00,0.000000e+00,0.000000e+00,0.000000e+00,0.000000e+00,5.335699e+04,-1.254054e+04,8.428214e+04,6.378399e-01,3.969502e-03,-2.079190e+01,-9.658068e-01,-1.692544e-03,-2.339904e-01,1.257356e-03,1.862801e-03,2.711965e+01,-5.092104e-01,1.874080e-03,-1.389502e-03,1.711143e-01,-2.356357e-03,-1.168898e+00,3.327874e+01,-1.073168e+00,2.211898e+03,-5.210879e+04,1.255065e+04,-8.505804e+04,2.108734e-02,2.359431e+01,-1.813267e-04,-2.542561e+02,7.985138e+02,3.632775e+02
5.590931e-03,1.654238e+04,1.047792e+04,4.015280e-01,-3.853600e-03,9.093940e+00,1.023911e-01,9.816675e-07,3.670015e+03,0.000000e+00,0.000000e+00,5.489886e+03,0.000000e+00,0.000000e+00,0.000000e+00,0.000000e+00,0.000000e+00,0.000000e+00,0.000000e+00,0.000000e+00,0.000000e+00,0.000000e+00,0.000000e+00,0.000000e+00,0.000000e+00,0.000000e+00,0.000000e+00,0.000000e+00,0.000000e+00,0.000000e+00,0.000000e+00,0.000000e+00,0.000000e+00,0.000000e+00,0.000000e+00,0.000000e+00,0.000000e+00,0.000000e+00,0.000000e+00,0.000000e+00,0.000000e+00,0.000000e+00,0.000000e+00,0.000000e+00,0.000000e+00,0.000000e+00,0.000000e+00,0.000000e+00,0.000000e+00,1.654238e+04,5.586820e+02,9.365690e-02,-1.448151e-04,9.880608e-01,1.136610e-03,0.000000e+00,0.000000e+00,0.000000e+00,0.000000e+00,0.000000e+00,0.000000e+00,0.000000e+00,0.000000e+00,0.000000e+00,0.000000e+00,0.000000e+00,0.000000e+00,0.000000e+00,0.000000e+00,0.000000e+00,0.000000e+00,0.000000e+00,0.000000e+00,0.000000e+00,0.000000e+00,0.000000e+00,5.215293e+04,2.075958e+03,7.937899e+04,6.386361e-01,4.010471e-03,-2.078954e+01,-9.654118e-01,-1.718199e-03,-2.338837e-01,1.257356e-03,1.862802e-03,2.712127e+01,-5.088876e-01,1.871899e-03,-1.389502e-03,1.714735e-01,-2.367990e-03,-1.144851e+00,3.282109e+01,-1.076949e+00,2.211052e+03,-4.826055e+04,-2.066245e+03,-8.180411e+04,2.126725e-02,2.360223e+01,-2.405031e-04,7.796898e+01,7.499107e+02,-1.032617e+02
5.600750e-03,1.654306e+04,1.047450e+04,4.012400e-01,-3.851541e-03,9.095380e+00,1.023911e-01,9.948759e-07,3.672191e+03,0.000000e+00,0.000000e+00,5.490460e+03,0.000000e+00,0.000000e+00,0.000000e+00,0.000000e+00,0.000000e+00,0.000000e+00,0.000000e+00,0.000000e+00,0.000000e+00,0.000000e+00,0.000000e+00,0.000000e+00,0.000000e+00,0.000000e+00,0.000000e+00,0.000000e+00,0.000000e+00,0.000000e+00,0.000000e+00,0.000000e+00,0.000000e+00,0.000000e+00,0.000000e+00,0.000000e+00,0.000000e+00,0.000000e+00,0.000000e+00,0.000000e+00,0.000000e+00,0.000000e+00,0.000000e+00,0.000000e+00,0.000000e+00,0.000000e+00,0.000000e+00,0.000000e+00,0.000000e+00,1.654306e+04,5.606271e+02,9.435475e-02,-1.627390e-04,9.913256e-01,1.136610e-03,0.000000e+00,0.000000e+00,0.000000e+00,0.000000e+00,0.000000e+00,0.000000e+00,0.000000e+00,0.000000e+00,0.000000e+00,0.000000e+00,0.000000e+00,0.000000e+00,0.000000e+00,0.000000e+00,0.000000e+00,0.000000e+00,0.000000e+00,0.000000e+00,0.000000e+00,0.000000e+00,0.000000e+00,4.904166e+04,-4.761209e+03,7.298541e+04,6.393320e-01,3.952894e-03,-2.078745e+01,-9.650611e-01,-1.730557e-03,-2.337885e-01,1.257356e-03,1.862802e-03,2.712270e+01,-5.086001e-01,1.869840e-03,-1.389502e-03,1.717936e-01,-2.378554e-03,-1.123146e+00,3.241422e+01,-1.054309e+00,2.210299e+03,-4.391073e+04,4.770254e+03,-7.618212e+04,2.091334e-02,2.360926e+01,4.125033e-04,-1.409126e+02,6.927492e+02,1.917430e+02
5.610583e-03,1.654376e+04,1.047121e+04,4.009402e-01,-3.850194e-03,9.096849e+00,1.023911e-01,9.774000e-07,3.674282e+03,0.000000e+00,0.000000e+00,5.491021e+03,0.000000e+00,0.000000e+00,0.000000e+00,0.000000e+00,0.000000e+00,0.000000e+00,0.000000e+00,0.000000e+00,0.000000e+00,0.000000e+00,0.000000e+00,0.000000e+00,0.000000e+00,0.000000e+00,0.000000e+00,0.000000e+00,0.000000e+00,0.000000e+00,0.000000e+00,0.000000e+00,0.000000e+00,0.000000e+00,0.000000e+00,0.000000e+00,0.000000e+00,0.000000e+00,0.000000e+00,0.000000e+00,0.000000e+00,0.000000e+00,0.000000e+00,0.000000e+00,0.000000e+00,0.000000e+00,0.000000e+00,0.000000e+00,0.000000e+00,1.654376e+04,5.625392e+02,9.503293e-02,-1.532158e-04,9.945412e-01,1.136610e-03,0.000000e+00,0.000000e+00,0.000000e+00,0.000000e+00,0.000000e+00,0.000000e+00,0.000000e+00,0.000000e+00,0.000000e+00,0.000000e+00,0.000000e+00,0.000000e+00,0.000000e+00,0.000000e+00,0.000000e+00,0.000000e+00,0.000000e+00,0.000000e+00,0.000000e+00,0.000000e+00,0.000000e+00,4.965439e+04,-1.716578e+03,7.504620e+04,6.399604e-01,4.013301e-03,-2.078543e+01,-9.647126e-01,-1.721637e-03,-2.336991e-01,1.257357e-03,1.862803e-03,2.712412e+01,-5.083157e-01,1.867843e-03,-1.389502e-03,1.721101e-01,-2.389018e-03,-1.101416e+00,3.203523e+01,-1.078626e+00,2.209578e+03,-4.550880e+04,1.725826e+03,-7.762994e+04,2.164998e-02,2.361596e+01,-4.260014e-04,-2.048397e+01,7.183952e+02,2.891374e+01
5.620376e-03,1.654448e+04,1.046776e+04,4.006440e-01,-3.847056e-03,9.098297e+00,1.023912e-01,9.821358e-07,3.676500e+03,0.000000e+00,0.000000e+00,5.491574e+03,0.000000e+00,0.000000e+00,0.000000e+00,0.000000e+00,0.000000e+00,0.000000e+00,0.000000e+00,0.000000e+00,0.000000e+00,0.000000e+00,0.000000e+00,0.000000e+00,0.000000e+00,0.000000e+00,0.000000e+00,0.000000e+00,0.000000e+00,0.000000e+00,0.000000e+00,0.000000e+00,0.000000e+00,0.000000e+00,0.000000e+00,0.000000e+00,0.000000e+00,0.000000e+00,0.000000e+00,0.000000e+00,0.000000e+00,0.000000e+00,0.000000e+00,0.000000e+00,0.000000e+00,0.000000e+00,0.000000e+00,0.000000e+00,0.000000e+00,1.654448e+04,5.645216e+02,9.582602e-02,-1.783792e-04,9.977927e-01,1.136610e-03,0.000000e+00,0.000000e+00,0.000000e+00,0.000000e+00,0.000000e+00,0.000000e+00,0.000000e+00,0.000000e+00,0.000000e+00,0.000000e+00,0.000000e+00,0.000000e+00,0.000000e+00,0.000000e+00,0.000000e+00,0.000000e+00,0.000000e+00,0.000000e+00,0.000000e+00,0.000000e+00,0.000000e+00,4.600838e+04,-1.159061e+03,5.538433e+04,6.408057e-01,3.944971e-03,-2.078329e+01,-9.643779e-01,-1.725263e-03,-2.336064e-01,1.257357e-03,1.862804e-03,2.712552e+01,-5.080360e-01,1.865921e-03,-1.389502e-03,1.724211e-01,-2.399387e-03,-1.079783e+00,3.157366e+01,-1.051556e+00,2.208803e+03,-2.947724e+04,1.166760e+03,-6.569070e+04,2.121381e-02,2.362314e+01,3.760219e-04,-1.249440e+01,6.117476e+02,3.407108e+01
5.630199e-03,1.654516e+04,1.046441e+04,4.003655e-01,-3.845200e-03,9.099690e+00,1.023912e-01,9.822846e-07,3.678620e+03,0.000000e+00,0.000000e+00,5.492150e+03,0.000000e+00,0.000000e+00,0.000000e+00,0.000000e+00,0.000000e+00,0.000000e+00,0.000000e+00,0.000000e+00,0.000000e+00,0.000000e+00,0.000000e+00,0.000000e+00,0.000000e+00,0.000000e+00,0.000000e+00,0.000000e+00,0.000000e+00,0.000000e+00,0.000000e+00,0.000000e+00,0.000000e+00,0.000000e+00,0.000000e+00,0.000000e+00,0.000000e+00,0.000000e+00,0.000000e+00,0.000000e+00,0.000000e+00,0.000000e+00,0.000000e+00,0.000000e+00,0.000000e+00,0.000000e+00,0.000000e+00,0.000000e+00,0.000000e+00,1.654516e+04,5.664833e+02,9.659672e-02,-1.776116e-04,1.001013e+00,1.136609e-03,0.000000e+00,0.000000e+00,0.000000e+00,0.000000e+00,0.000000e+00,0.000000e+00,0.000000e+00,0.000000e+00,0.000000e+00,0.000000e+00,0.000000e+00,0.000000e+00,0.000000e+00,0.000000e+00,0.000000e+00,0.000000e+00,0.000000e+00,0.000000e+00,0.000000e+00,0.000000e+00,0.000000e+00,4.964087e+04,-2.896733e+03,6.506844e+04,6.415826e-01,3.957261e-03,-2.078121e+01,-9.640366e-01,-1.732012e-03,-2.335225e-01,1.257356e-03,1.862805e-03,2.712690e+01,-5.077577e-01,1.864072e-03,-1.389502e-03,1.727290e-01,-2.409780e-03,-1.058089e+00,3.116034e+01,-1.059668e+00,2.208067e+03,-3.659061e+04,2.905387e+03,-7.320652e+04,2.159066e-02,2.362991e+01,5.020501e-05,-1.029303e+02,6.990334e+02,1.142046e+02
5.640975e-03,1.654591e+04,1.046066e+04,4.000631e-01,-3.843295e-03,9.101206e+00,1.023912e-01,9.823455e-07,3.681048e+03,0.000000e+00,0.000000e+00,5.492755e+03,0.000000e+00,0.000000e+00,0.000000e+00,0.000000e+00,0.000000e+00,0.000000e+00,0.000000e+00,0.000000e+00,0.000000e+00,0.000000e+00,0.000000e+00,0.000000e+00,0.000000e+00,0.000000e+00,0.000000e+00,0.000000e+00,0.000000e+00,0.000000e+00,0.000000e+00,0.000000e+00,0.000000e+00,0.000000e+00,0.000000e+00,0.000000e+00,0.000000e+00,0.000000e+00,0.000000e+00,0.000000e+00,0.000000e+00,0.000000e+00,0.000000e+00,0.000000e+00,0.000000e+00,0.000000e+00,0.000000e+00,0.000000e+00,0.000000e+00,1.654591e+04,5.686725e+02,9.750874e-02,-1.860937e-04,1.004554e+00,1.136610e-03,0.000000e+00,0.000000e+00,0.000000e+00,0.000000e+00,0.000000e+00,0.000000e+00,0.000000e+00,0.000000e+00,0.000000e+00,0.000000e+00,0.000000e+00,0.000000e+00,0.000000e+00,0.000000e+00,0.000000e+00,0.000000e+00,0.000000e+00,0.000000e+00,0.000000e+00,0.000000e+00,0.000000e+00,4.838426e+04,5.260516e+03,7.164062e+04,6.425948e-01,3.963550e-03,-2.077886e+01,-9.636776e-01,-1.741382e-03,-2.334248e-01,1.257357e-03,1.862806e-03,2.712841e+01,-5.074552e-01,1.862173e-03,-1.389502e-03,1.730618e-01,-2.421070e-03,-1.034299e+00,3.065288e+01,-1.055071e+00,2.207231e+03,-4.306457e+04,-5.251549e+03,-7.495966e+04,2.166999e-02,2.363772e+01,1.596301e-04,1.218189e+02,6.795736e+02,-1.456491e+02
5.650794e-03,1.654657e+04,1.045738e+04,3.997901e-01,-3.841628e-03,9.102574e+00,1.023912e-01,9.774000e-07,3.683135e+03,0.000000e+00,0.000000e+00,5.493302e+03,0.000000e+00,0.000000e+00,0.000000e+00,0.000000e+00,0.000000e+00,0.000000e+00,0.000000e+00,0.000000e+00,0.000000e+00,0.000000e+00,0.000000e+00,0.000000e+00,0.000000e+00,0.000000e+00,0.000000e+00,0.000000e+00,0.000000e+00,0.000000e+00,0.000000e+00,0.000000e+00,0.000000e+00,0.000000e+00,0.000000e+00,0.000000e+00,0.000000e+00,0.000000e+00,0.000000e+00,0.000000e+00,0.000000e+00,0.000000e+00,0.000000e+00,0.000000e+00,0.000000e+00,0.000000e+00,0.000000e+00,0.000000e+00,0.000000e+00,1.654657e+04,5.706423e+02,9.831730e-02,-1.954878e-04,1.007736e+00,1.136610e-03,0.000000e+00,0.000000e+00,0.000000e+00,0.000000e+00,0.000000e+00,0.000000e+00,0.000000e+00,0.000000e+00,0.000000e+00,0.000000e+00,0.000000e+00,0.000000e+00,0.000000e+00,0.000000e+00,0.000000e+00,0.000000e+00,0.000000e+00,0.000000e+00,0.000000e+00,0.000000e+00,0.000000e+00,4.768304e+04,-1.970300e+03,8.457722e+04,6.434004e-01,3.934742e-03,-2.077681e+01,-9.633475e-01,-1.732486e-03,-2.333409e-01,1.257356e-03,1.862806e-03,2.712978e+01,-5.071823e-01,1.860509e-03,-1.389502e-03,1.733607e-01,-2.431341e-03,-1.012630e+00,3.023606e+01,-1.043715e+00,2.206506e+03,-5.501000e+04,1.980029e+03,-8.000525e+04,2.156234e-02,2.364439e+01,4.938259e-04,3.179577e+01,7.376237e+02,-3.705983e+01
5.660594e-03,1.654726e+04,1.045410e+04,3.995211e-01,-3.840097e-03,9.103921e+00,1.023912e-01,9.827374e-07,3.685226e+03,0.000000e+00,0.000000e+00,5.493838e+03,0.000000e+00,0.000000e+00,0.000000e+00,0.000000e+00,0.000000e+00,0.000000e+00,0.000000e+00,0.000000e+00,0.000000e+00,0.000000e+00,0.000000e+00,0.000000e+00,0.000000e+00,0.000000e+00,0.000000e+00,0.000000e+00,0.000000e+00,0.000000e+00,0.000000e+00,0.000000e+00,0.000000e+00,0.000000e+00,0.000000e+00,0.000000e+00,0.000000e+00,0.000000e+00,0.000000e+00,0.000000e+00,0.000000e+00,0.000000e+00,0.000000e+00,0.000000e+00,0.000000e+00,0.000000e+00,0.000000e+00,0.000000e+00,0.000000e+00,1.654726e+04,5.725906e+02,9.915951e-02,-2.041915e-04,1.010873e+00,1.136610e-03,0.000000e+00,0.000000e+00,0.000000e+00,0.000000e+00,0.000000e+00,0.000000e+00,0.000000e+00,0.000000e+00,0.000000e+00,0.000000e+00,0.000000e+00,0.000000e+00,0.000000e+00,0.000000e+00,0.000000e+00,0.000000e+00,0.000000e+00,0.000000e+00,0.000000e+00,0.000000e+00,0.000000e+00,5.067372e+04,-1.328967e+04,8.520541e+04,6.442427e-01,3.901077e-03,-2.077477e+01,-9.630238e-01,-1.738990e-03,-2.332578e-01,1.257357e-03,1.862808e-03,2.713113e+01,-5.069134e-01,1.858990e-03,-1.389502e-03,1.736544e-01,-2.441558e-03,-9.910093e-01,2.979633e+01,-1.043815e+00,2.205782e+03,-5.427875e+04,1.329973e+04,-8.295382e+04,2.184883e-02,2.365109e+01,3.536898e-04,-2.808909e+02,7.647059e+02,3.880716e+02
5.670406e-03,1.654792e+04,1.045084e+04,3.992556e-01,-3.838773e-03,9.105249e+00,1.023912e-01,9.828607e-07,3.687335e+03,0.000000e+00,0.000000e+00,5.494338e+03,0.000000e+00,0.000000e+00,0.000000e+00,0.000000e+00,0.000000e+00,0.000000e+00,0.000000e+00,0.000000e+00,0.000000e+00,0.000000e+00,0.000000e+00,0.000000e+00,0.000000e+00,0.000000e+00,0.000000e+00,0.000000e+00,0.000000e+00,0.000000e+00,0.000000e+00,0.000000e+00,0.000000e+00,0.000000e+00,0.000000e+00,0.000000e+00,0.000000e+00,0.000000e+00,0.000000e+00,0.000000e+00,0.000000e+00,0.000000e+00,0.000000e+00,0.000000e+00,0.000000e+00,0.000000e+00,0.000000e+00,0.000000e+00,0.000000e+00,1.654792e+04,5.745805e+02,1.000440e-01,-2.188041e-04,1.014012e+00,1.136610e-03,0.000000e+00,0.000000e+00,0.000000e+00,0.000000e+00,0.000000e+00,0.000000e+00,0.000000e+00,0.000000e+00,0.000000e+00,0.000000e+00,0.000000e+00,0.000000e+00,0.000000e+00,0.000000e+00,0.000000e+00,0.000000e+00,0.000000e+00,0.000000e+00,0.000000e+00,0.000000e+00,0.000000e+00,4.546795e+04,1.542632e+03,6.859516e+04,6.451502e-01,3.917148e-03,-2.077270e+01,-9.627122e-01,-1.728975e-03,-2.331649e-01,1.257357e-03,1.862808e-03,2.713247e+01,-5.066480e-01,1.857673e-03,-1.389502e-03,1.739442e-01,-2.451642e-03,-9.693709e-01,2.932505e+01,-1.035065e+00,2.205040e+03,-4.166121e+04,-1.534082e+03,-7.097184e+04,2.193703e-02,2.365791e+01,4.076746e-04,1.612643e+01,6.443143e+02,-9.926514e+00
5.680220e-03,1.654859e+04,1.044763e+04,3.989939e-01,-3.837462e-03,9.106561e+00,1.023912e-01,9.831253e-07,3.689393e+03,0.000000e+00,0.000000e+00,5.494867e+03,0.000000e+00,0.000000e+00,0.000000e+00,0.000000e+00,0.000000e+00,0.000000e+00,0.000000e+00,0.000000e+00,0.000000e+00,0.000000e+00,0.000000e+00,0.000000e+00,0.000000e+00,0.000000e+00,0.000000e+00,0.000000e+00,0.000000e+00,0.000000e+00,0.000000e+00,0.000000e+00,0.000000e+00,0.000000e+00,0.000000e+00,0.000000e+00,0.000000e+00,0.000000e+00,0.000000e+00,0.000000e+00,0.000000e+00,0.000000e+00,0.000000e+00,0.000000e+00,0.000000e+00,0.000000e+00,0.000000e+00,0.000000e+00,0.000000e+00,1.654859e+04,5.765500e+02,1.009316e-01,-2.396370e-04,1.017110e+00,1.136610e-03,0.000000e+00,0.000000e+00,0.000000e+00,0.000000e+00,0.000000e+00,0.000000e+00,0.000000e+00,0.000000e+00,0.000000e+00,0.000000e+00,0.000000e+00,0.000000e+00,0.000000e+00,0.000000e+00,0.000000e+00,0.000000e+00,0.000000e+00,0.000000e+00,0.000000e+00,0.000000e+00,0.000000e+00,4.512901e+04,6.114704e+03,7.117169e+04,6.460665e-01,3.867044e-03,-2.077066e+01,-9.624088e-01,-1.742515e-03,-2.330716e-01,1.257357e-03,1.862809e-03,2.713378e+01,-5.063864e-01,1.856361e-03,-1.389502e-03,1.742295e-01,-2.461679e-03,-9.477359e-01,2.886814e+01,-1.014842e+00,2.204317e+03,-4.414160e+04,-6.106008e+03,-7.178901e+04,2.171310e-02,2.366450e+01,1.089719e-03,1.831365e+02,6.654534e+02,-2.220863e+02
5.690023e-03,1.654921e+04,1.044449e+04,3.987368e-01,-3.836151e-03,9.107848e+00,1.023912e-01,9.774475e-07,3.691418e+03,0.000000e+00,0.000000e+00,5.495391e+03,0.000000e+00,0.000000e+00,0.000000e+00,0.000000e+00,0.000000e+00,0.000000e+00,0.000000e+00,0.000000e+00,0.000000e+00,0.000000e+00,0.000000e+00,0.000000e+00,0.000000e+00,0.000000e+00,0.000000e+00,0.000000e+00,0.000000e+00,0.000000e+00,0.000000e+00,0.000000e+00,0.000000e+00,0.000000e+00,0.000000e+00,0.000000e+00,0.000000e+00,0.000000e+00,0.000000e+00,0.000000e+00,0.000000e+00,0.000000e+00,0.000000e+00,0.000000e+00,0.000000e+00,0.000000e+00,0.000000e+00,0.000000e+00,0.000000e+00,1.654921e+04,5.785054e+02,1.018352e-01,-2.525392e-04,1.020157e+00,1.136609e-03,0.000000e+00,0.000000e+00,0.000000e+00,0.000000e+00,0.000000e+00,0.000000e+00,0.000000e+00,0.000000e+00,0.000000e+00,0.000000e+00,0.000000e+00,0.000000e+00,0.000000e+00,0.000000e+00,0.000000e+00,0.000000e+00,0.000000e+00,0.000000e+00,0.000000e+00,0.000000e+00,0.000000e+00,4.682111e+04,-1.114544e+04,8.925745e+04,6.470180e-01,3.817063e-03,-2.076862e+01,-9.621175e-01,-1.741752e-03,-2.329677e-01,1.257358e-03,1.862810e-03,2.713506e+01,-5.061296e-01,1.855050e-03,-1.389502e-03,1.745101e-01,-2.471691e-03,-9.261304e-01,2.841327e+01,-1.009409e+00,2.203611e+03,-5.966801e+04,1.115545e+04,-8.123186e+04,2.186398e-02,2.367095e+01,1.132906e-03,-1.939423e+02,7.551733e+02,3.348657e+02
5.700815e-03,1.654993e+04,1.044110e+04,3.984587e-01,-3.834662e-03,9.109243e+00,1.023912e-01,9.833941e-07,3.693601e+03,0.000000e+00,0.000000e+00,5.495914e+03,0.000000e+00,0.000000e+00,0.000000e+00,0.000000e+00,0.000000e+00,0.000000e+00,0.000000e+00,0.000000e+00,0.000000e+00,0.000000e+00,0.000000e+00,0.000000e+00,0.000000e+00,0.000000e+00,0.000000e+00,0.000000e+00,0.000000e+00,0.000000e+00,0.000000e+00,0.000000e+00,0.000000e+00,0.000000e+00,0.000000e+00,0.000000e+00,0.000000e+00,0.000000e+00,0.000000e+00,0.000000e+00,0.000000e+00,0.000000e+00,0.000000e+00,0.000000e+00,0.000000e+00,0.000000e+00,0.000000e+00,0.000000e+00,0.000000e+00,1.654993e+04,5.806688e+02,1.028378e-01,-2.599157e-04,1.023477e+00,1.136610e-03,0.000000e+00,0.000000e+00,0.000000e+00,0.000000e+00,0.000000e+00,0.000000e+00,0.000000e+00,0.000000e+00,0.000000e+00,0.000000e+00,0.000000e+00,0.000000e+00,0.000000e+00,0.000000e+00,0.000000e+00,0.000000e+00,0.000000e+00,0.000000e+00,0.000000e+00,0.000000e+00,0.000000e+00,4.252565e+04,-3.383420e+01,6.394067e+04,6.479804e-01,3.854051e-03,-2.076646e+01,-9.617963e-01,-1.735968e-03,-2.328634e-01,1.257358e-03,1.862811e-03,2.713646e+01,-5.058519e-01,1.853559e-03,-1.389502e-03,1.748137e-01,-2.482556e-03,-9.023529e-01,2.790590e+01,-1.012623e+00,2.202832e+03,-3.881923e+04,4.186078e+01,-6.625638e+04,2.225084e-02,2.367803e+01,8.584681e-04,3.307690e+01,5.877240e+02,-1.323629e+01
5.710632e-03,1.655056e+04,1.043800e+04,3.982103e-01,-3.833190e-03,9.110488e+00,1.023912e-01,9.775014e-07,3.695609e+03,0.000000e+00,0.000000e+00,5.496417e+03,0.000000e+00,0.000000e+00,0.000000e+00,0.000000e+00,0.000000e+00,0.000000e+00,0.000000e+00,0.000000e+00,0.000000e+00,0.000000e+00,0.000000e+00,0.000000e+00,0.000000e+00,0.000000e+00,0.000000e+00,0.000000e+00,0.000000e+00,0.000000e+00,0.000000e+00,0.000000e+00,0.000000e+00,0.000000e+00,0.000000e+00,0.000000e+00,0.000000e+00,0.000000e+00,0.000000e+00,0.000000e+00,0.000000e+00,0.000000e+00,0.000000e+00,0.000000e+00,0.000000e+00,0.000000e+00,0.000000e+00,0.000000e+00,0.000000e+00,1.655056e+04,5.826421e+02,1.037737e-01,-2.801441e-04,1.026470e+00,1.136610e-03,0.000000e+00,0.000000e+00,0.000000e+00,0.000000e+00,0.000000e+00,0.000000e+00,0.000000e+00,0.000000e+00,0.000000e+00,0.000000e+00,0.000000e+00,0.000000e+00,0.000000e+00,0.000000e+00,0.000000e+00,0.000000e+00,0.000000e+00,0.000000e+00,0.000000e+00,0.000000e+00,0.000000e+00,4.316007e+04,9.866584e+02,7.721052e+04,6.489705e-01,3.807425e-03,-2.076444e+01,-9.615127e-01,-1.742750e-03,-2.327632e-01,1.257358e-03,1.862812e-03,2.713771e+01,-5.056035e-01,1.852084e-03,-1.389502e-03,1.750851e-01,-2.492356e-03,-8.807326e-01,2.743956e+01,-9.948937e-01,2.202127e+03,-5.048407e+04,-9.777200e+02,-7.263354e+04,2.213642e-02,2.368443e+01,1.372887e-03,5.136399e+01,6.574348e+02,-6.468497e+01
5.720436e-03,1.655117e+04,1.043493e+04,3.979664e-01,-3.831722e-03,9.111710e+00,1.023912e-01,9.774316e-07,3.697618e+03,0.000000e+00,0.000000e+00,5.496896e+03,0.000000e+00,0.000000e+00,0.000000e+00,0.000000e+00,0.000000e+00,0.000000e+00,0.000000e+00,0.000000e+00,0.000000e+00,0.000000e+00,0.000000e+00,0.000000e+00,0.000000e+00,0.000000e+00,0.000000e+00,0.000000e+00,0.000000e+00,0.000000e+00,0.000000e+00,0.000000e+00,0.000000e+00,0.000000e+00,0.000000e+00,0.000000e+00,0.000000e+00,0.000000e+00,0.000000e+00,0.000000e+00,0.000000e+00,0.000000e+00,0.000000e+00,0.000000e+00,0.000000e+00,0.000000e+00,0.000000e+00,0.000000e+00,0.000000e+00,1.655117e+04,5.846448e+02,1.047528e-01,-2.885140e-04,1.029452e+00,1.136610e-03,0.000000e+00,0.000000e+00,0.000000e+00,0.000000e+00,0.000000e+00,0.000000e+00,0.000000e+00,0.000000e+00,0.000000e+00,0.000000e+00,0.000000e+00,0.000000e+00,0.000000e+00,0.000000e+00,0.000000e+00,0.000000e+00,0.000000e+00,0.000000e+00,0.000000e+00,0.000000e+00,0.000000e+00,4.164504e+04,-2.808498e+03,7.002506e+04,6.499872e-01,3.775732e-03,-2.076241e+01,-9.612407e-01,-1.748719e-03,-2.326615e-01,1.257358e-03,1.862812e-03,2.713893e+01,-5.053597e-01,1.850618e-03,-1.389502e-03,1.753515e-01,-2.502107e-03,-8.591473e-01,2.694851e+01,-9.897001e-01,2.201415e+03,-4.470525e+04,2.816853e+03,-6.811175e+04,2.226428e-02,2.369090e+01,1.458709e-03,-3.049611e+01,6.146864e+02,9.295689e+01
5.730247e-03,1.655178e+04,1.043189e+04,3.977266e-01,-3.830314e-03,9.112910e+00,1.023912e-01,9.831905e-07,3.699624e+03,0.000000e+00,0.000000e+00,5.497269e+03,0.000000e+00,0.000000e+00,0.000000e+00,0.000000e+00,0.000000e+00,0.000000e+00,0.000000e+00,0.000000e+00,0.000000e+00,0.000000e+00,0.000000e+00,0.000000e+00,0.000000e+00,0.000000e+00,0.000000e+00,0.000000e+00,0.000000e+00,0.000000e+00,0.000000e+00,0.000000e+00,0.000000e+00,0.000000e+00,0.000000e+00,0.000000e+00,0.000000e+00,0.000000e+00,0.000000e+00,0.000000e+00,0.000000e+00,0.000000e+00,0.000000e+00,0.000000e+00,0.000000e+00,0.000000e+00,0.000000e+00,0.000000e+00,0.000000e+00,1.655178e+04,5.866205e+02,1.057011e-01,-3.015102e-04,1.032388e+00,1.136610e-03,0.000000e+00,0.000000e+00,0.000000e+00,0.000000e+00,0.000000e+00,0.000000e+00,0.000000e+00,0.000000e+00,0.000000e+00,0.000000e+00,0.000000e+00,0.000000e+00,0.000000e+00,0.000000e+00,0.000000e+00,0.000000e+00,0.000000e+00,0.000000e+00,0.000000e+00,0.000000e+00,0.000000e+00,4.244709e+04,-3.076761e+03,6.222888e+04,6.509312e-01,3.743641e-03,-2.076042e+01,-9.609777e-01,-1.728593e-03,-2.325664e-01,1.257359e-03,1.862813e-03,2.714013e+01,-5.051203e-01,1.849214e-03,-1.389502e-03,1.756134e-01,-2.511754e-03,-8.375530e-01,2.648379e+01,-9.813974e-01,2.200715e+03,-3.736079e+04,3.084713e+03,-6.540880e+04,2.233142e-02,2.369732e+01,1.189789e-03,-3.724186e+01,6.033265e+02,1.855877e+01
5.740052e-03,1.655234e+04,1.042883e+04,3.974913e-01,-3.828919e-03,9.114090e+00,1.023912e-01,9.774093e-07,3.701681e+03,0.000000e+00,0.000000e+00,5.497708e+03,0.000000e+00,0.000000e+00,0.000000e+00,0.000000e+00,0.000000e+00,0.000000e+00,0.000000e+00,0.000000e+00,0.000000e+00,0.000000e+00,0.000000e+00,0.000000e+00,0.000000e+00,0.000000e+00,0.000000e+00,0.000000e+00,0.000000e+00,0.000000e+00,0.000000e+00,0.000000e+00,0.000000e+00,0.000000e+00,0.000000e+00,0.000000e+00,0.000000e+00,0.000000e+00,0.000000e+00,0.000000e+00,0.000000e+00,0.000000e+00,0.000000e+00,0.000000e+00,0.000000e+00,0.000000e+00,0.000000e+00,0.000000e+00,0.000000e+00,1.655234e+04,5.886049e+02,1.066623e-01,-3.406765e-04,1.035306e+00,1.136610e-03,0.000000e+00,0.000000e+00,0.000000e+00,0.000000e+00,0.000000e+00,0.000000e+00,0.000000e+00,0.000000e+00,0.000000e+00,0.000000e+00,0.000000e+00,0.000000e+00,0.000000e+00,0.000000e+00,0.000000e+00,0.000000e+00,0.000000e+00,0.000000e+00,0.000000e+00,0.000000e+00,0.000000e+00,4.215509e+04,5.047412e+02,7.014615e+04,6.519536e-01,3.665547e-03,-2.075838e+01,-9.607350e-01,-1.722467e-03,-2.324659e-01,1.257359e-03,1.862814e-03,2.714131e+01,-5.048850e-01,1.847820e-03,-1.389502e-03,1.758708e-01,-2.521205e-03,-8.159774e-01,2.600760e+01,-9.554613e-01,2.200009e+03,-4.462262e+04,-4.962996e+02,-6.860295e+04,2.196298e-02,2.370390e+01,1.387116e-03,4.707440e+01,6.381171e+02,-1.112741e+02
5.750849e-03,1.655296e+04,1.042556e+04,3.972369e-01,-3.827505e-03,9.115363e+00,1.023912e-01,9.774213e-07,3.703866e+03,0.000000e+00,0.000000e+00,5.498180e+03,0.000000e+00,0.000000e+00,0.000000e+00,0.000000e+00,0.000000e+00,0.000000e+00,0.000000e+00,0.000000e+00,0.000000e+00,0.000000e+00,0.000000e+00,0.000000e+00,0.000000e+00,0.000000e+00,0.000000e+00,0.000000e+00,0.000000e+00,0.000000e+00,0.000000e+00,0.000000e+00,0.000000e+00,0.000000e+00,0.000000e+00,0.000000e+00,0.000000e+00,0.000000e+00,0.000000e+00,0.000000e+00,0.000000e+00,0.000000e+00,0.000000e+00,0.000000e+00,0.000000e+00,0.000000e+00,0.000000e+00,0.000000e+00,0.000000e+00,1.655296e+04,5.907697e+02,1.077059e-01,-3.926576e-04,1.038472e+00,1.136609e-03,0.000000e+00,0.000000e+00,0.000000e+00,0.000000e+00,0.000000e+00,0.000000e+00,0.000000e+00,0.000000e+00,0.000000e+00,0.000000e+00,0.000000e+00,0.000000e+00,0.000000e+00,0.000000e+00,0.000000e+00,0.000000e+00,0.000000e+00,0.000000e+00,0.000000e+00,0.000000e+00,0.000000e+00,4.210904e+04,1.097421e+03,7.256512e+04,6.529858e-01,3.567129e-03,-2.075621e+01,-9.604644e-01,-1.724218e-03,-2.323671e-01,1.257359e-03,1.862815e-03,2.714259e+01,-5.046309e-01,1.846418e-03,-1.389502e-03,1.761489e-01,-2.531432e-03,-7.922279e-01,2.551108e+01,-9.268621e-01,2.199252e+03,-4.683561e+04,-1.088816e+03,-6.960828e+04,2.154090e-02,2.371089e+01,1.691908e-03,3.864342e+01,6.420167e+02,-1.101412e+02
5.760664e-03,1.655353e+04,1.042264e+04,3.970106e-01,-3.826375e-03,9.116496e+00,1.023912e-01,9.843970e-07,3.705806e+03,0.000000e+00,0.000000e+00,5.498595e+03,0.000000e+00,0.000000e+00,0.000000e+00,0.000000e+00,0.000000e+00,0.000000e+00,0.000000e+00,0.000000e+00,0.000000e+00,0.000000e+00,0.000000e+00,0.000000e+00,0.000000e+00,0.000000e+00,0.000000e+00,0.000000e+00,0.000000e+00,0.000000e+00,0.000000e+00,0.000000e+00,0.000000e+00,0.000000e+00,0.000000e+00,0.000000e+00,0.000000e+00,0.000000e+00,0.000000e+00,0.000000e+00,0.000000e+00,0.000000e+00,0.000000e+00,0.000000e+00,0.000000e+00,0.000000e+00,0.000000e+00,0.000000e+00,0.000000e+00,1.655353e+04,5.927302e+02,1.086549e-01,-4.218528e-04,1.041317e+00,1.136610e-03,0.000000e+00,0.000000e+00,0.000000e+00,0.000000e+00,0.000000e+00,0.000000e+00,0.000000e+00,0.000000e+00,0.000000e+00,0.000000e+00,0.000000e+00,0.000000e+00,0.000000e+00,0.000000e+00,0.000000e+00,0.000000e+00,0.000000e+00,0.000000e+00,0.000000e+00,0.000000e+00,0.000000e+00,4.174866e+04,-1.069464e+03,6.513148e+04,6.538818e-01,3.527410e-03,-2.075427e+01,-9.602172e-01,-1.711104e-03,-2.322825e-01,1.257359e-03,1.862815e-03,2.714371e+01,-5.044048e-01,1.845292e-03,-1.389502e-03,1.763969e-01,-2.540554e-03,-7.706468e-01,2.506744e+01,-9.195258e-01,2.198572e+03,-4.032382e+04,1.077576e+03,-6.602297e+04,2.148370e-02,2.371712e+01,1.353462e-03,-2.116535e+01,5.932584e+02,-7.706023e+00
5.770474e-03,1.655407e+04,1.041968e+04,3.967884e-01,-3.825222e-03,9.117608e+00,1.023912e-01,9.831577e-07,3.707796e+03,0.000000e+00,0.000000e+00,5.499016e+03,0.000000e+00,0.000000e+00,0.000000e+00,0.000000e+00,0.000000e+00,0.000000e+00,0.000000e+00,0.000000e+00,0.000000e+00,0.000000e+00,0.000000e+00,0.000000e+00,0.000000e+00,0.000000e+00,0.000000e+00,0.000000e+00,0.000000e+00,0.000000e+00,0.000000e+00,0.000000e+00,0.000000e+00,0.000000e+00,0.000000e+00,0.000000e+00,0.000000e+00,0.000000e+00,0.000000e+00,0.000000e+00,0.000000e+00,0.000000e+00,0.000000e+00,0.000000e+00,0.000000e+00,0.000000e+00,0.000000e+00,0.000000e+00,0.000000e+00,1.655407e+04,5.947271e+02,1.096499e-01,-4.544931e-04,1.044163e+00,1.136610e-03,0.000000e+00,0.000000e+00,0.000000e+00,0.000000e+00,0.000000e+00,0.000000e+00,0.000000e+00,0.000000e+00,0.000000e+00,0.000000e+00,0.000000e+00,0.000000e+00,0.000000e+00,0.000000e+00,0.000000e+00,0.000000e+00,0.000000e+00,0.000000e+00,0.000000e+00,0.000000e+00,0.000000e+00,4.209863e+04,1.741721e+03,6.991517e+04,6.549151e-01,3.489969e-03,-2.075227e+01,-9.599903e-01,-1.704920e-03,-2.321816e-01,1.257360e-03,1.862817e-03,2.714484e+01,-5.041829e-01,1.844136e-03,-1.389502e-03,1.766401e-01,-2.549530e-03,-7.490827e-01,2.458816e+01,-9.113300e-01,2.197880e+03,-4.448903e+04,-1.733257e+03,-6.841916e+04,2.138102e-02,2.372347e+01,1.157449e-03,3.255410e+01,6.208071e+02,-8.862566e+01
5.780282e-03,1.655465e+04,1.041673e+04,3.965704e-01,-3.824051e-03,9.118699e+00,1.023912e-01,9.831959e-07,3.709697e+03,0.000000e+00,0.000000e+00,5.499497e+03,0.000000e+00,0.000000e+00,0.000000e+00,0.000000e+00,0.000000e+00,0.000000e+00,0.000000e+00,0.000000e+00,0.000000e+00,0.000000e+00,0.000000e+00,0.000000e+00,0.000000e+00,0.000000e+00,0.000000e+00,0.000000e+00,0.000000e+00,0.000000e+00,0.000000e+00,0.000000e+00,0.000000e+00,0.000000e+00,0.000000e+00,0.000000e+00,0.000000e+00,0.000000e+00,0.000000e+00,0.000000e+00,0.000000e+00,0.000000e+00,0.000000e+00,0.000000e+00,0.000000e+00,0.000000e+00,0.000000e+00,0.000000e+00,0.000000e+00,1.655465e+04,5.967941e+02,1.106755e-01,-4.543224e-04,1.047012e+00,1.136610e-03,0.000000e+00,0.000000e+00,0.000000e+00,0.000000e+00,0.000000e+00,0.000000e+00,0.000000e+00,0.000000e+00,0.000000e+00,0.000000e+00,0.000000e+00,0.000000e+00,0.000000e+00,0.000000e+00,0.000000e+00,0.000000e+00,0.000000e+00,0.000000e+00,0.000000e+00,0.000000e+00,0.000000e+00,4.082271e+04,-3.811944e+03,6.980009e+04,6.559982e-01,3.608943e-03,-2.075017e+01,-9.597989e-01,-1.672246e-03,-2.321045e-01,1.257359e-03,1.862817e-03,2.714592e+01,-5.039653e-01,1.842970e-03,-1.389502e-03,1.768785e-01,-2.558611e-03,-7.275283e-01,2.408331e+01,-9.460243e-01,2.197154e+03,-4.495865e+04,3.820292e+03,-6.721013e+04,2.152907e-02,2.372956e+01,1.187393e-03,-5.924383e+01,6.052601e+02,7.555722e+01
5.790074e-03,1.655534e+04,1.041375e+04,3.963569e-01,-3.822960e-03,9.119766e+00,1.023912e-01,9.831493e-07,3.711594e+03,0.000000e+00,0.000000e+00,5.499918e+03,0.000000e+00,0.000000e+00,0.000000e+00,0.000000e+00,0.000000e+00,0.000000e+00,0.000000e+00,0.000000e+00,0.000000e+00,0.000000e+00,0.000000e+00,0.000000e+00,0.000000e+00,0.000000e+00,0.000000e+00,0.000000e+00,0.000000e+00,0.000000e+00,0.000000e+00,0.000000e+00,0.000000e+00,0.000000e+00,0.000000e+00,0.000000e+00,0.000000e+00,0.000000e+00,0.000000e+00,0.000000e+00,0.000000e+00,0.000000e+00,0.000000e+00,0.000000e+00,0.000000e+00,0.000000e+00,0.000000e+00,0.000000e+00,0.000000e+00,1.655534e+04,5.989011e+02,1.119865e-01,-3.707334e-04,1.049836e+00,1.136610e-03,0.000000e+00,0.000000e+00,0.000000e+00,0.000000e+00,0.000000e+00,0.000000e+00,0.000000e+00,0.000000e+00,0.000000e+00,0.000000e+00,0.000000e+00,0.000000e+00,0.000000e+00,0.000000e+00,0.000000e+00,0.000000e+00,0.000000e+00,0.000000e+00,0.000000e+00,0.000000e+00,0.000000e+00,4.283902e+04,-9.909265e+02,7.662362e+04,6.574249e-01,3.620540e-03,-2.074820e+01,-9.595888e-01,-1.634015e-03,-2.319357e-01,1.257359e-03,1.862818e-03,2.714698e+01,-5.037519e-01,1.841880e-03,-1.389502e-03,1.771112e-01,-2.568063e-03,-7.060180e-01,2.348703e+01,-9.777952e-01,2.196458e+03,-5.023293e+04,9.999178e+02,-7.199302e+04,2.182253e-02,2.373561e+01,-5.852830e-04,-3.620115e+01,6.518183e+02,1.137645e+01
5.800861e-03,1.655621e+04,1.041048e+04,3.961263e-01,-3.821748e-03,9.120919e+00,1.023912e-01,9.774337e-07,3.713575e+03,0.000000e+00,0.000000e+00,5.500345e+03,0.000000e+00,0.000000e+00,0.000000e+00,0.000000e+00,0.000000e+00,0.000000e+00,0.000000e+00,0.000000e+00,0.000000e+00,0.000000e+00,0.000000e+00,0.000000e+00,0.000000e+00,0.000000e+00,0.000000e+00,0.000000e+00,0.000000e+00,0.000000e+00,0.000000e+00,0.000000e+00,0.000000e+00,0.000000e+00,0.000000e+00,0.000000e+00,0.000000e+00,0.000000e+00,0.000000e+00,0.000000e+00,0.000000e+00,0.000000e+00,0.000000e+00,0.000000e+00,0.000000e+00,0.000000e+00,0.000000e+00,0.000000e+00,0.000000e+00,1.655621e+04,6.010870e+02,1.134559e-01,-4.067139e-04,1.052901e+00,1.136610e-03,0.000000e+00,0.000000e+00,0.000000e+00,0.000000e+00,0.000000e+00,0.000000e+00,0.000000e+00,0.000000e+00,0.000000e+00,0.000000e+00,0.000000e+00,0.000000e+00,0.000000e+00,0.000000e+00,0.000000e+00,0.000000e+00,0.000000e+00,0.000000e+00,0.000000e+00,0.000000e+00,0.000000e+00,3.240775e+04,4.699863e+03,9.544481e+04,6.590501e-01,3.568306e-03,-2.074613e+01,-9.593694e-01,-1.632470e-03,-2.317308e-01,1.257360e-03,1.862818e-03,2.714814e+01,-5.035216e-01,1.840669e-03,-1.389502e-03,1.773608e-01,-2.578327e-03,-6.823297e-01,2.283711e+01,-9.485595e-01,2.195711e+03,-7.173801e+04,-4.690649e+03,-7.080762e+04,2.127862e-02,2.374197e+01,4.625121e-04,3.636365e+01,5.951420e+02,-2.337001e+02
5.810658e-03,1.655698e+04,1.040757e+04,3.959214e-01,-3.820674e-03,9.121946e+00,1.023912e-01,9.774825e-07,3.715385e+03,0.000000e+00,0.000000e+00,5.500701e+03,0.000000e+00,0.000000e+00,0.000000e+00,0.000000e+00,0.000000e+00,0.000000e+00,0.000000e+00,0.000000e+00,0.000000e+00,0.000000e+00,0.000000e+00,0.000000e+00,0.000000e+00,0.000000e+00,0.000000e+00,0.000000e+00,0.000000e+00,0.000000e+00,0.000000e+00,0.000000e+00,0.000000e+00,0.000000e+00,0.000000e+00,0.000000e+00,0.000000e+00,0.000000e+00,0.000000e+00,0.000000e+00,0.000000e+00,0.000000e+00,0.000000e+00,0.000000e+00,0.000000e+00,0.000000e+00,0.000000e+00,0.000000e+00,0.000000e+00,1.655698e+04,6.030394e+02,1.147569e-01,-3.976484e-04,1.055644e+00,1.136610e-03,0.000000e+00,0.000000e+00,0.000000e+00,0.000000e+00,0.000000e+00,0.000000e+00,0.000000e+00,0.000000e+00,0.000000e+00,0.000000e+00,0.000000e+00,0.000000e+00,0.000000e+00,0.000000e+00,0.000000e+00,0.000000e+00,0.000000e+00,0.000000e+00,0.000000e+00,0.000000e+00,0.000000e+00,3.369011e+04,-8.402488e+03,9.831697e+04,6.604542e-01,3.547978e-03,-2.074423e+01,-9.591910e-01,-1.610042e-03,-2.315510e-01,1.257360e-03,1.862820e-03,2.714917e+01,-5.033169e-01,1.839597e-03,-1.389502e-03,1.775813e-01,-2.587796e-03,-6.608214e-01,2.225629e+01,-9.537528e-01,2.195039e+03,-7.377958e+04,8.412024e+03,-7.319605e+04,2.137300e-02,2.374775e+01,-8.798394e-05,-1.144977e+02,6.126974e+02,3.340718e+02
5.820450e-03,1.655779e+04,1.040466e+04,3.957206e-01,-3.819551e-03,9.122952e+00,1.023912e-01,9.774657e-07,3.717191e+03,0.000000e+00,0.000000e+00,5.500996e+03,0.000000e+00,0.000000e+00,0.000000e+00,0.000000e+00,0.000000e+00,0.000000e+00,0.000000e+00,0.000000e+00,0.000000e+00,0.000000e+00,0.000000e+00,0.000000e+00,0.000000e+00,0.000000e+00,0.000000e+00,0.000000e+00,0.000000e+00,0.000000e+00,0.000000e+00,0.000000e+00,0.000000e+00,0.000000e+00,0.000000e+00,0.000000e+00,0.000000e+00,0.000000e+00,0.000000e+00,0.000000e+00,0.000000e+00,0.000000e+00,0.000000e+00,0.000000e+00,0.000000e+00,0.000000e+00,0.000000e+00,0.000000e+00,0.000000e+00,1.655779e+04,6.050915e+02,1.162466e-01,-3.879566e-04,1.058399e+00,1.136610e-03,0.000000e+00,0.000000e+00,0.000000e+00,0.000000e+00,0.000000e+00,0.000000e+00,0.000000e+00,0.000000e+00,0.000000e+00,0.000000e+00,0.000000e+00,0.000000e+00,0.000000e+00,0.000000e+00,0.000000e+00,0.000000e+00,0.000000e+00,0.000000e+00,0.000000e+00,0.000000e+00,0.000000e+00,3.984019e+04,8.948802e+02,6.943880e+04,6.619882e-01,3.558231e-03,-2.074235e+01,-9.590248e-01,-1.580714e-03,-2.313427e-01,1.257360e-03,1.862820e-03,2.715018e+01,-5.031161e-01,1.838472e-03,-1.389502e-03,1.777955e-01,-2.597047e-03,-6.393312e-01,2.160564e+01,-9.664232e-01,2.194352e+03,-4.512596e+04,-8.865911e+02,-6.612602e+04,2.150493e-02,2.375353e+01,-8.422026e-04,1.963134e+01,5.892985e+02,-5.673024e+01
5.830237e-03,1.655899e+04,1.040241e+04,3.955236e-01,-3.818484e-03,9.123938e+00,1.023912e-01,9.833641e-07,3.717791e+03,0.000000e+00,0.000000e+00,5.501506e+03,0.000000e+00,0.000000e+00,0.000000e+00,0.000000e+00,0.000000e+00,0.000000e+00,0.000000e+00,0.000000e+00,0.000000e+00,0.000000e+00,0.000000e+00,0.000000e+00,0.000000e+00,0.000000e+00,0.000000e+00,0.000000e+00,0.000000e+00,0.000000e+00,0.000000e+00,0.000000e+00,0.000000e+00,0.000000e+00,0.000000e+00,0.000000e+00,0.000000e+00,0.000000e+00,0.000000e+00,0.000000e+00,0.000000e+00,0.000000e+00,0.000000e+00,0.000000e+00,0.000000e+00,0.000000e+00,0.000000e+00,0.000000e+00,0.000000e+00,1.655899e+04,6.068146e+02,1.178679e-01,-4.349613e-04,1.060735e+00,1.136610e-03,0.000000e+00,0.000000e+00,0.000000e+00,0.000000e+00,0.000000e+00,0.000000e+00,0.000000e+00,0.000000e+00,0.000000e+00,0.000000e+00,0.000000e+00,0.000000e+00,0.000000e+00,0.000000e+00,0.000000e+00,0.000000e+00,0.000000e+00,0.000000e+00,0.000000e+00,0.000000e+00,0.000000e+00,3.325441e+04,5.782812e+03,9.018374e+04,6.638377e-01,3.500775e-03,-2.074083e+01,-9.589317e-01,-1.584825e-03,-2.311701e-01,1.257360e-03,1.862821e-03,2.715115e+01,-5.029194e-01,1.837413e-03,-1.389502e-03,1.780036e-01,-2.606318e-03,-6.178589e-01,2.094033e+01,-9.337411e-01,2.193840e+03,-6.668311e+04,-5.773810e+03,-6.922738e+04,2.100547e-02,2.375546e+01,2.501867e-04,5.296589e+01,5.644644e+02,-2.447427e+02
5.840024e-03,1.656006e+04,1.039970e+04,3.953306e-01,-3.817627e-03,9.124903e+00,1.023912e-01,9.775932e-07,3.718835e+03,0.000000e+00,0.000000e+00,5.502147e+03,0.000000e+00,0.000000e+00,0.000000e+00,0.000000e+00,0.000000e+00,0.000000e+00,0.000000e+00,0.000000e+00,0.000000e+00,0.000000e+00,0.000000e+00,0.000000e+00,0.000000e+00,0.000000e+00,0.000000e+00,0.000000e+00,0.000000e+00,0.000000e+00,0.000000e+00,0.000000e+00,0.000000e+00,0.000000e+00,0.000000e+00,0.000000e+00,0.000000e+00,0.000000e+00,0.000000e+00,0.000000e+00,0.000000e+00,0.000000e+00,0.000000e+00,0.000000e+00,0.000000e+00,0.000000e+00,0.000000e+00,0.000000e+00,0.000000e+00,1.656006e+04,6.084680e+02,1.192267e-01,-4.124003e-04,1.063313e+00,1.136610e-03,0.000000e+00,0.000000e+00,0.000000e+00,0.000000e+00,0.000000e+00,0.000000e+00,0.000000e+00,0.000000e+00,0.000000e+00,0.000000e+00,0.000000e+00,0.000000e+00,0.000000e+00,0.000000e+00,0.000000e+00,0.000000e+00,0.000000e+00,0.000000e+00,0.000000e+00,0.000000e+00,0.000000e+00,-2.036921e+04,-1.753780e+03,8.541855e+04,6.654488e-01,3.615708e-03,-2.073913e+01,-9.588532e-01,-1.556769e-03,-2.310356e-01,1.257360e-03,1.862821e-03,2.715211e+01,-5.027265e-01,1.836569e-03,-1.389502e-03,1.782053e-01,-2.615691e-03,-5.963922e-01,2.033160e+01,-9.747744e-01,2.193221e+03,-8.576332e+04,1.757312e+03,-1.886465e+04,2.121837e-02,2.375936e+01,-2.088086e-04,-2.408345e+01,-5.950745e+02,8.542424e+01
5.850776e-03,1.656159e+04,1.039649e+04,3.951226e-01,-3.817029e-03,9.125943e+00,1.023912e-01,9.774317e-07,3.720276e+03,0.000000e+00,0.000000e+00,5.502376e+03,0.000000e+00,0.000000e+00,0.000000e+00,0.000000e+00,0.000000e+00,0.000000e+00,0.000000e+00,0.000000e+00,0.000000e+00,0.000000e+00,0.000000e+00,0.000000e+00,0.000000e+00,0.000000e+00,0.000000e+00,0.000000e+00,0.000000e+00,0.000000e+00,0.000000e+00,0.000000e+00,0.000000e+00,0.000000e+00,0.000000e+00,0.000000e+00,0.000000e+00,0.000000e+00,0.000000e+00,0.000000e+00,0.000000e+00,0.000000e+00,0.000000e+00,0.000000e+00,0.000000e+00,0.000000e+00,0.000000e+00,0.000000e+00,0.000000e+00,1.656159e+04,6.104149e+02,1.209482e-01,-3.644451e-04,1.066135e+00,1.136610e-03,0.000000e+00,0.000000e+00,0.000000e+00,0.000000e+00,0.000000e+00,0.000000e+00,0.000000e+00,0.000000e+00,0.000000e+00,0.000000e+00,0.000000e+00,0.000000e+00,0.000000e+00,0.000000e+00,0.000000e+00,0.000000e+00,0.000000e+00,0.000000e+00,0.000000e+00,0.000000e+00,0.000000e+00,3.521207e+04,-5.667506e+03,8.693859e+04,6.672187e-01,3.605894e-03,-2.073717e+01,-9.587121e-01,-1.541189e-03,-2.308090e-01,1.257360e-03,1.862822e-03,2.715316e+01,-5.025188e-01,1.835988e-03,-1.389502e-03,1.784192e-01,-2.626189e-03,-5.728121e-01,1.961024e+01,-9.836175e-01,2.192578e+03,-6.294297e+04,5.676521e+03,-6.954342e+04,2.115714e-02,2.376337e+01,-6.570312e-04,-1.003872e+02,6.068894e+02,2.055370e+02
5.860552e-03,1.656336e+04,1.039564e+04,3.949371e-01,-3.816635e-03,9.126872e+00,1.023912e-01,9.774000e-07,3.718695e+03,0.000000e+00,0.000000e+00,5.503119e+03,0.000000e+00,0.000000e+00,0.000000e+00,0.000000e+00,0.000000e+00,0.000000e+00,0.000000e+00,0.000000e+00,0.000000e+00,0.000000e+00,0.000000e+00,0.000000e+00,0.000000e+00,0.000000e+00,0.000000e+00,0.000000e+00,0.000000e+00,0.000000e+00,0.000000e+00,0.000000e+00,0.000000e+00,0.000000e+00,0.000000e+00,0.000000e+00,0.000000e+00,0.000000e+00,0.000000e+00,0.000000e+00,0.000000e+00,0.000000e+00,0.000000e+00,0.000000e+00,0.000000e+00,0.000000e+00,0.000000e+00,0.000000e+00,0.000000e+00,1.656336e+04,6.117502e+02,1.230731e-01,-3.521777e-04,1.067637e+00,1.136610e-03,0.000000e+00,0.000000e+00,0.000000e+00,0.000000e+00,0.000000e+00,0.000000e+00,0.000000e+00,0.000000e+00,0.000000e+00,0.000000e+00,0.000000e+00,0.000000e+00,0.000000e+00,0.000000e+00,0.000000e+00,0.000000e+00,0.000000e+00,0.000000e+00,0.000000e+00,0.000000e+00,0.000000e+00,3.539291e+04,9.485282e+02,8.116932e+04,6.696306e-01,3.601681e-03,-2.073632e+01,-9.587729e-01,-1.525357e-03,-2.307037e-01,1.257360e-03,1.862822e-03,2.715409e+01,-5.023334e-01,1.835591e-03,-1.389502e-03,1.786067e-01,-2.635705e-03,-5.513787e-01,1.880251e+01,-9.798650e-01,2.192372e+03,-5.768595e+04,-9.398564e+02,-6.718233e+04,2.097593e-02,2.375833e+01,-5.947712e-04,-2.721359e+00,5.912894e+02,-6.339611e+01
5.870328e-03,1.656528e+04,1.039265e+04,3.947541e-01,-3.816108e-03,9.127787e+00,1.023912e-01,9.776693e-07,3.719359e+03,0.000000e+00,0.000000e+00,5.503557e+03,0.000000e+00,0.000000e+00,0.000000e+00,0.000000e+00,0.000000e+00,0.000000e+00,0.000000e+00,0.000000e+00,0.000000e+00,0.000000e+00,0.000000e+00,0.000000e+00,0.000000e+00,0.000000e+00,0.000000e+00,0.000000e+00,0.000000e+00,0.000000e+00,0.000000e+00,0.000000e+00,0.000000e+00,0.000000e+00,0.000000e+00,0.000000e+00,0.000000e+00,0.000000e+00,0.000000e+00,0.000000e+00,0.000000e+00,0.000000e+00,0.000000e+00,0.000000e+00,0.000000e+00,0.000000e+00,0.000000e+00,0.000000e+00,0.000000e+00,1.656528e+04,6.127029e+02,1.246781e-01,-3.694715e-04,1.069949e+00,1.136609e-03,0.000000e+00,0.000000e+00,0.000000e+00,0.000000e+00,0.000000e+00,0.000000e+00,0.000000e+00,0.000000e+00,0.000000e+00,0.000000e+00,0.000000e+00,0.000000e+00,0.000000e+00,0.000000e+00,0.000000e+00,0.000000e+00,0.000000e+00,0.000000e+00,0.000000e+00,0.000000e+00,0.000000e+00,2.925604e+04,2.123969e+03,8.984520e+04,6.714574e-01,3.583579e-03,-2.073480e+01,-9.587026e-01,-1.518659e-03,-2.305076e-01,1.257360e-03,1.862823e-03,2.715500e+01,-5.021505e-01,1.835056e-03,-1.389502e-03,1.787872e-01,-2.645243e-03,-5.299501e-01,1.813283e+01,-9.693378e-01,2.191862e+03,-6.818287e+04,-2.115318e+03,-6.541567e+04,2.070670e-02,2.376049e+01,-2.533905e-04,2.204782e+01,5.190107e+02,-1.065847e+02
5.880104e-03,1.656736e+04,1.039116e+04,3.945735e-01,-3.815482e-03,9.128691e+00,1.023912e-01,9.776493e-07,3.718108e+03,0.000000e+00,0.000000e+00,5.504268e+03,0.000000e+00,0.000000e+00,0.000000e+00,0.000000e+00,0.000000e+00,0.000000e+00,0.000000e+00,0.000000e+00,0.000000e+00,0.000000e+00,0.000000e+00,0.000000e+00,0.000000e+00,0.000000e+00,0.000000e+00,0.000000e+00,0.000000e+00,0.000000e+00,0.000000e+00,0.000000e+00,0.000000e+00,0.000000e+00,0.000000e+00,0.000000e+00,0.000000e+00,0.000000e+00,0.000000e+00,0.000000e+00,0.000000e+00,0.000000e+00,0.000000e+00,0.000000e+00,0.000000e+00,0.000000e+00,0.000000e+00,0.000000e+00,0.000000e+00,1.656736e+04,6.138721e+02,1.265057e-01,-3.453181e-04,1.071773e+00,1.136609e-03,0.000000e+00,0.000000e+00,0.000000e+00,0.000000e+00,0.000000e+00,0.000000e+00,0.000000e+00,0.000000e+00,0.000000e+00,0.000000e+00,0.000000e+00,0.000000e+00,0.000000e+00,0.000000e+00,0.000000e+00,0.000000e+00,0.000000e+00,0.000000e+00,0.000000e+00,0.000000e+00,0.000000e+00,2.902665e+04,1.095041e+03,9.837135e+04,6.736171e-01,3.680811e-03,-2.073379e+01,-9.587719e-01,-1.494809e-03,-2.304237e-01,1.257361e-03,1.862824e-03,2.715590e+01,-5.019700e-01,1.834430e-03,-1.389502e-03,1.789605e-01,-2.654840e-03,-5.085237e-01,1.740180e+01,-9.962832e-01,2.191608e+03,-7.597638e+04,-1.085844e+03,-6.889906e+04,2.075902e-02,2.375650e+01,-4.266289e-04,-9.639741e+00,5.073106e+02,7.632132e+01
5.890858e-03,1.656953e+04,1.038954e+04,3.943774e-01,-3.814729e-03,9.129673e+00,1.023912e-01,9.776528e-07,3.716893e+03,0.000000e+00,0.000000e+00,5.504934e+03,0.000000e+00,0.000000e+00,0.000000e+00,0.000000e+00,0.000000e+00,0.000000e+00,0.000000e+00,0.000000e+00,0.000000e+00,0.000000e+00,0.000000e+00,0.000000e+00,0.000000e+00,0.000000e+00,0.000000e+00,0.000000e+00,0.000000e+00,0.000000e+00,0.000000e+00,0.000000e+00,0.000000e+00,0.000000e+00,0.000000e+00,0.000000e+00,0.000000e+00,0.000000e+00,0.000000e+00,0.000000e+00,0.000000e+00,0.000000e+00,0.000000e+00,0.000000e+00,0.000000e+00,0.000000e+00,0.000000e+00,0.000000e+00,0.000000e+00,1.656953e+04,6.150310e+02,1.287327e-01,-3.189669e-04,1.073614e+00,1.136610e-03,0.000000e+00,0.000000e+00,0.000000e+00,0.000000e+00,0.000000e+00,0.000000e+00,0.000000e+00,0.000000e+00,0.000000e+00,0.000000e+00,0.000000e+00,0.000000e+00,0.000000e+00,0.000000e+00,0.000000e+00,0.000000e+00,0.000000e+00,0.000000e+00,0.000000e+00,0.000000e+00,0.000000e+00,2.994371e+04,-2.149242e+03,8.409349e+04,6.760178e-01,3.669178e-03,-2.073273e+01,-9.588284e-01,-1.479708e-03,-2.302889e-01,1.257361e-03,1.862825e-03,2.715688e+01,-5.017739e-01,1.833673e-03,-1.389502e-03,1.791427e-01,-2.665595e-03,-4.849570e-01,1.657038e+01,-1.000708e+00,2.191327e+03,-6.273534e+04,2.157615e+03,-6.350261e+04,2.067676e-02,2.375261e+01,-6.850169e-04,-4.525853e+01,5.209027e+02,8.107616e+01
5.900634e-03,1.657146e+04,1.038777e+04,3.942017e-01,-3.814009e-03,9.130553e+00,1.023912e-01,9.776631e-07,3.716115e+03,0.000000e+00,0.000000e+00,5.505630e+03,0.000000e+00,0.000000e+00,0.000000e+00,0.000000e+00,0.000000e+00,0.000000e+00,0.000000e+00,0.000000e+00,0.000000e+00,0.000000e+00,0.000000e+00,0.000000e+00,0.000000e+00,0.000000e+00,0.000000e+00,0.000000e+00,0.000000e+00,0.000000e+00,0.000000e+00,0.000000e+00,0.000000e+00,0.000000e+00,0.000000e+00,0.000000e+00,0.000000e+00,0.000000e+00,0.000000e+00,0.000000e+00,0.000000e+00,0.000000e+00,0.000000e+00,0.000000e+00,0.000000e+00,0.000000e+00,0.000000e+00,0.000000e+00,0.000000e+00,1.657146e+04,6.158583e+02,1.306364e-01,-3.123613e-04,1.075400e+00,1.136610e-03,0.000000e+00,0.000000e+00,0.000000e+00,0.000000e+00,0.000000e+00,0.000000e+00,0.000000e+00,0.000000e+00,0.000000e+00,0.000000e+00,0.000000e+00,0.000000e+00,0.000000e+00,0.000000e+00,0.000000e+00,0.000000e+00,0.000000e+00,0.000000e+00,0.000000e+00,0.000000e+00,0.000000e+00,-2.867037e+04,4.157159e+02,7.182538e+04,6.782603e-01,3.663270e-03,-2.073172e+01,-9.588779e-01,-1.462298e-03,-2.301362e-01,1.257361e-03,1.862825e-03,2.715776e+01,-5.015984e-01,1.832957e-03,-1.389502e-03,1.793009e-01,-2.675331e-03,-4.635358e-01,1.581829e+01,-1.000447e+00,2.191002e+03,-7.715007e+04,-4.138520e+02,-5.361257e+03,2.056107e-02,2.375076e+01,-8.081475e-04,-1.067100e+01,-7.881714e+02,-3.620501e+01
5.910411e-03,1.657346e+04,1.038547e+04,3.940286e-01,-3.813375e-03,9.131419e+00,1.023912e-01,9.776410e-07,3.715673e+03,0.000000e+00,0.000000e+00,5.506452e+03,0.000000e+00,0.000000e+00,0.000000e+00,0.000000e+00,0.000000e+00,0.000000e+00,0.000000e+00,0.000000e+00,0.000000e+00,0.000000e+00,0.000000e+00,0.000000e+00,0.000000e+00,0.000000e+00,0.000000e+00,0.000000e+00,0.000000e+00,0.000000e+00,0.000000e+00,0.000000e+00,0.000000e+00,0.000000e+00,0.000000e+00,0.000000e+00,0.000000e+00,0.000000e+00,0.000000e+00,0.000000e+00,0.000000e+00,0.000000e+00,0.000000e+00,0.000000e+00,0.000000e+00,0.000000e+00,0.000000e+00,0.000000e+00,0.000000e+00,1.657346e+04,6.168219e+02,1.324496e-01,-3.200542e-04,1.077426e+00,1.136610e-03,0.000000e+00,0.000000e+00,0.000000e+00,0.000000e+00,0.000000e+00,0.000000e+00,0.000000e+00,0.000000e+00,0.000000e+00,0.000000e+00,0.000000e+00,0.000000e+00,0.000000e+00,0.000000e+00,0.000000e+00,0.000000e+00,0.000000e+00,0.000000e+00,0.000000e+00,0.000000e+00,0.000000e+00,-1.268092e+05,1.448016e+03,6.483039e+04,6.804565e-01,3.641633e-03,-2.073065e+01,-9.589218e-01,-1.452934e-03,-2.299700e-01,1.257362e-03,1.862826e-03,2.715863e+01,-5.014253e-01,1.832327e-03,-1.389502e-03,1.794518e-01,-2.685052e-03,-4.421177e-01,1.509558e+01,-9.903770e-01,2.190619e+03,-1.134424e+05,-1.456209e+03,8.610661e+04,2.032578e-02,2.375037e+01,-5.725516e-04,8.156351e+00,-2.871828e+03,-7.674181e+01
5.920188e-03,1.657660e+04,1.038523e+04,3.938582e-01,-3.812806e-03,9.132275e+00,1.023912e-01,9.776859e-07,3.712133e+03,0.000000e+00,0.000000e+00,5.507137e+03,0.000000e+00,0.000000e+00,0.000000e+00,0.000000e+00,0.000000e+00,0.000000e+00,0.000000e+00,0.000000e+00,0.000000e+00,0.000000e+00,0.000000e+00,0.000000e+00,0.000000e+00,0.000000e+00,0.000000e+00,0.000000e+00,0.000000e+00,0.000000e+00,0.000000e+00,0.000000e+00,0.000000e+00,0.000000e+00,0.000000e+00,0.000000e+00,0.000000e+00,0.000000e+00,0.000000e+00,0.000000e+00,0.000000e+00,0.000000e+00,0.000000e+00,0.000000e+00,0.000000e+00,0.000000e+00,0.000000e+00,0.000000e+00,0.000000e+00,1.657660e+04,6.168795e+02,1.348241e-01,-2.967338e-04,1.078136e+00,1.136610e-03,0.000000e+00,0.000000e+00,0.000000e+00,0.000000e+00,0.000000e+00,0.000000e+00,0.000000e+00,0.000000e+00,0.000000e+00,0.000000e+00,0.000000e+00,0.000000e+00,0.000000e+00,0.000000e+00,0.000000e+00,0.000000e+00,0.000000e+00,0.000000e+00,0.000000e+00,0.000000e+00,0.000000e+00,-2.860959e+04,-8.389287e+02,8.356795e+04,6.831316e-01,3.713737e-03,-2.073027e+01,-9.591346e-01,-1.431355e-03,-2.299355e-01,1.257362e-03,1.862826e-03,2.715949e+01,-5.012549e-01,1.831761e-03,-1.389502e-03,1.795942e-01,-2.694927e-03,-4.206977e-01,1.422495e+01,-1.009258e+00,2.190750e+03,-8.770634e+04,8.415680e+02,-1.047395e+04,2.031424e-02,2.373799e+01,-5.117626e-04,-2.053523e+01,-6.964489e+02,2.412572e+01
5.930945e-03,1.657925e+04,1.038543e+04,3.936735e-01,-3.812217e-03,9.133198e+00,1.023912e-01,9.780078e-07,3.708281e+03,0.000000e+00,0.000000e+00,5.508208e+03,0.000000e+00,0.000000e+00,0.000000e+00,0.000000e+00,0.000000e+00,0.000000e+00,0.000000e+00,0.000000e+00,0.000000e+00,0.000000e+00,0.000000e+00,0.000000e+00,0.000000e+00,0.000000e+00,0.000000e+00,0.000000e+00,0.000000e+00,0.000000e+00,0.000000e+00,0.000000e+00,0.000000e+00,0.000000e+00,0.000000e+00,0.000000e+00,0.000000e+00,0.000000e+00,0.000000e+00,0.000000e+00,0.000000e+00,0.000000e+00,0.000000e+00,0.000000e+00,0.000000e+00,0.000000e+00,0.000000e+00,0.000000e+00,0.000000e+00,1.657925e+04,6.175238e+02,1.373668e-01,-2.733802e-04,1.079111e+00,1.136610e-03,0.000000e+00,0.000000e+00,0.000000e+00,0.000000e+00,0.000000e+00,0.000000e+00,0.000000e+00,0.000000e+00,0.000000e+00,0.000000e+00,0.000000e+00,0.000000e+00,0.000000e+00,0.000000e+00,0.000000e+00,0.000000e+00,0.000000e+00,0.000000e+00,0.000000e+00,0.000000e+00,0.000000e+00,-6.752031e+04,-3.351417e+03,7.185430e+04,6.861945e-01,3.703628e-03,-2.073006e+01,-9.593899e-01,-1.415273e-03,-2.298945e-01,1.257363e-03,1.862827e-03,2.716043e+01,-5.010705e-01,1.831174e-03,-1.389502e-03,1.797419e-01,-2.705823e-03,-3.971324e-01,1.328258e+01,-1.011051e+00,2.190844e+03,-9.402399e+04,3.349472e+03,2.969066e+04,2.023477e-02,2.372610e+01,-7.489517e-04,-4.332996e+01,-1.575793e+03,9.473971e+01
5.940726e-03,1.658197e+04,1.038386e+04,3.935083e-01,-3.811656e-03,9.134027e+00,1.023912e-01,9.781414e-07,3.706534e+03,0.000000e+00,0.000000e+00,5.508844e+03,0.000000e+00,0.000000e+00,0.000000e+00,0.000000e+00,0.000000e+00,0.000000e+00,0.000000e+00,0.000000e+00,0.000000e+00,0.000000e+00,0.000000e+00,0.000000e+00,0.000000e+00,0.000000e+00,0.000000e+00,0.000000e+00,0.000000e+00,0.000000e+00,0.000000e+00,0.000000e+00,0.000000e+00,0.000000e+00,0.000000e+00,0.000000e+00,0.000000e+00,0.000000e+00,0.000000e+00,0.000000e+00,0.000000e+00,0.000000e+00,0.000000e+00,0.000000e+00,0.000000e+00,0.000000e+00,0.000000e+00,0.000000e+00,0.000000e+00,1.658197e+04,6.179530e+02,1.394781e-01,-2.836726e-04,1.080630e+00,1.136610e-03,0.000000e+00,0.000000e+00,0.000000e+00,0.000000e+00,0.000000e+00,0.000000e+00,0.000000e+00,0.000000e+00,0.000000e+00,0.000000e+00,0.000000e+00,0.000000e+00,0.000000e+00,0.000000e+00,0.000000e+00,0.000000e+00,0.000000e+00,0.000000e+00,0.000000e+00,0.000000e+00,0.000000e+00,-5.125545e+04,1.069131e+04,7.515193e+04,6.885934e-01,3.743990e-03,-2.072929e+01,-9.595165e-01,-1.396237e-03,-2.297558e-01,1.257363e-03,1.862827e-03,2.716126e+01,-5.009054e-01,1.830609e-03,-1.389502e-03,1.798674e-01,-2.715666e-03,-3.757041e-01,1.248173e+01,-1.010533e+00,2.190701e+03,-8.994070e+04,-1.069144e+04,1.362353e+04,2.014580e-02,2.372040e+01,-7.815331e-04,7.433318e+01,-1.341581e+03,-8.696647e+01
5.950509e-03,1.658471e+04,1.038392e+04,3.933451e-01,-3.810976e-03,9.134842e+00,1.023912e-01,9.782188e-07,3.702910e+03,0.000000e+00,0.000000e+00,5.509698e+03,0.000000e+00,0.000000e+00,0.000000e+00,0.000000e+00,0.000000e+00,0.000000e+00,0.000000e+00,0.000000e+00,0.000000e+00,0.000000e+00,0.000000e+00,0.000000e+00,0.000000e+00,0.000000e+00,0.000000e+00,0.000000e+00,0.000000e+00,0.000000e+00,0.000000e+00,0.000000e+00,0.000000e+00,0.000000e+00,0.000000e+00,0.000000e+00,0.000000e+00,0.000000e+00,0.000000e+00,0.000000e+00,0.000000e+00,0.000000e+00,0.000000e+00,0.000000e+00,0.000000e+00,0.000000e+00,0.000000e+00,0.000000e+00,0.000000e+00,1.658471e+04,6.182689e+02,1.419250e-01,-2.774753e-04,1.081363e+00,1.136610e-03,0.000000e+00,0.000000e+00,0.000000e+00,0.000000e+00,0.000000e+00,0.000000e+00,0.000000e+00,0.000000e+00,0.000000e+00,0.000000e+00,0.000000e+00,0.000000e+00,0.000000e+00,0.000000e+00,0.000000e+00,0.000000e+00,0.000000e+00,0.000000e+00,0.000000e+00,0.000000e+00,0.000000e+00,-2.783461e+04,1.344307e+03,7.858683e+04,6.914217e-01,3.750664e-03,-2.072907e+01,-9.597573e-01,-1.381056e-03,-2.296954e-01,1.257363e-03,1.862828e-03,2.716207e+01,-5.007424e-01,1.829923e-03,-1.389502e-03,1.799846e-01,-2.725663e-03,-3.542725e-01,1.159449e+01,-1.017580e+00,2.190826e+03,-8.288861e+04,-1.341910e+03,-8.952049e+03,2.008150e-02,2.370848e+01,-5.998092e-04,1.286994e+01,-6.941351e+02,-6.711102e+01
5.960291e-03,1.658726e+04,1.038402e+04,3.931838e-01,-3.810179e-03,9.135649e+00,1.023912e-01,9.783100e-07,3.699419e+03,0.000000e+00,0.000000e+00,5.510571e+03,0.000000e+00,0.000000e+00,0.000000e+00,0.000000e+00,0.000000e+00,0.000000e+00,0.000000e+00,0.000000e+00,0.000000e+00,0.000000e+00,0.000000e+00,0.000000e+00,0.000000e+00,0.000000e+00,0.000000e+00,0.000000e+00,0.000000e+00,0.000000e+00,0.000000e+00,0.000000e+00,0.000000e+00,0.000000e+00,0.000000e+00,0.000000e+00,0.000000e+00,0.000000e+00,0.000000e+00,0.000000e+00,0.000000e+00,0.000000e+00,0.000000e+00,0.000000e+00,0.000000e+00,0.000000e+00,0.000000e+00,0.000000e+00,0.000000e+00,1.658726e+04,6.186849e+02,1.442068e-01,-2.545865e-04,1.082112e+00,1.136610e-03,0.000000e+00,0.000000e+00,0.000000e+00,0.000000e+00,0.000000e+00,0.000000e+00,0.000000e+00,0.000000e+00,0.000000e+00,0.000000e+00,0.000000e+00,0.000000e+00,0.000000e+00,0.000000e+00,0.000000e+00,0.000000e+00,0.000000e+00,0.000000e+00,0.000000e+00,0.000000e+00,0.000000e+00,-2.746477e+04,-1.076016e+02,8.086854e+04,6.941817e-01,3.739721e-03,-2.072886e+01,-9.599956e-01,-1.369506e-03,-2.296395e-01,1.257363e-03,1.862828e-03,2.716285e+01,-5.005811e-01,1.829120e-03,-1.389502e-03,1.800934e-01,-2.735627e-03,-3.328405e-01,1.073791e+01,-1.014494e+00,2.190938e+03,-8.478734e+04,1.101889e+02,-1.025388e+04,1.998374e-02,2.369729e+01,-6.514888e-04,-5.862236e+00,-6.648259e+02,-3.217840e+00
5.970071e-03,1.659011e+04,1.038492e+04,3.930214e-01,-3.794294e-03,9.136471e+00,1.023912e-01,9.785271e-07,3.694672e+03,0.000000e+00,0.000000e+00,5.511662e+03,0.000000e+00,0.000000e+00,0.000000e+00,0.000000e+00,0.000000e+00,0.000000e+00,0.000000e+00,0.000000e+00,0.000000e+00,0.000000e+00,0.000000e+00,0.000000e+00,0.000000e+00,0.000000e+00,0.000000e+00,0.000000e+00,0.000000e+00,0.000000e+00,0.000000e+00,0.000000e+00,0.000000e+00,0.000000e+00,0.000000e+00,0.000000e+00,0.000000e+00,0.000000e+00,0.000000e+00,0.000000e+00,0.000000e+00,0.000000e+00,0.000000e+00,0.000000e+00,0.000000e+00,0.000000e+00,0.000000e+00,0.000000e+00,0.000000e+00,1.659011e+04,6.188796e+02,1.468166e-01,-2.404936e-04,1.082482e+00,1.136610e-03,0.000000e+00,0.000000e+00,0.000000e+00,0.000000e+00,0.000000e+00,0.000000e+00,0.000000e+00,0.000000e+00,0.000000e+00,0.000000e+00,0.000000e+00,0.000000e+00,0.000000e+00,0.000000e+00,0.000000e+00,0.000000e+00,0.000000e+00,0.000000e+00,0.000000e+00,0.000000e+00,0.000000e+00,-2.406865e+04,-1.153500e+03,7.699959e+04,6.973196e-01,3.824052e-03,-2.072901e+01,-9.603058e-01,-1.354026e-03,-2.296457e-01,1.257363e-03,1.862829e-03,2.716363e+01,-5.004223e-01,1.828186e-03,-1.389502e-03,1.801934e-01,-2.745585e-03,-3.114122e-01,9.781157e+00,-1.033555e+00,2.191216e+03,-7.983213e+04,1.156172e+03,-1.162158e+04,2.036846e-02,2.368205e+01,-5.350003e-04,-1.484759e+01,-6.120557e+02,2.360332e+01
5.980835e-03,1.659319e+04,1.038544e+04,3.928487e-01,-3.793131e-03,9.137333e+00,1.023912e-01,9.786240e-07,3.690043e+03,0.000000e+00,0.000000e+00,5.512721e+03,0.000000e+00,0.000000e+00,0.000000e+00,0.000000e+00,0.000000e+00,0.000000e+00,0.000000e+00,0.000000e+00,0.000000e+00,0.000000e+00,0.000000e+00,0.000000e+00,0.000000e+00,0.000000e+00,0.000000e+00,0.000000e+00,0.000000e+00,0.000000e+00,0.000000e+00,0.000000e+00,0.000000e+00,0.000000e+00,0.000000e+00,0.000000e+00,0.000000e+00,0.000000e+00,0.000000e+00,0.000000e+00,0.000000e+00,0.000000e+00,0.000000e+00,0.000000e+00,0.000000e+00,0.000000e+00,0.000000e+00,0.000000e+00,0.000000e+00,1.659319e+04,6.190840e+02,1.495789e-01,-2.284579e-04,1.083079e+00,1.136609e-03,0.000000e+00,0.000000e+00,0.000000e+00,0.000000e+00,0.000000e+00,0.000000e+00,0.000000e+00,0.000000e+00,0.000000e+00,0.000000e+00,0.000000e+00,0.000000e+00,0.000000e+00,0.000000e+00,0.000000e+00,0.000000e+00,0.000000e+00,0.000000e+00,0.000000e+00,0.000000e+00,0.000000e+00,-2.144994e+04,1.252863e+03,7.703229e+04,7.006348e-01,3.812919e-03,-2.072902e+01,-9.606174e-01,-1.340789e-03,-2.296236e-01,1.257363e-03,1.862830e-03,2.716449e+01,-5.002494e-01,1.827018e-03,-1.389502e-03,1.802930e-01,-2.756539e-03,-2.878253e-01,8.770835e+00,-1.029738e+00,2.191456e+03,-7.873202e+04,-1.249927e+03,-1.397678e+04,2.029268e-02,2.366718e+01,-7.176598e-04,0.000000e+00,-5.496210e+02,-5.728442e+01
5.990622e-03,1.659591e+04,1.038574e+04,3.926933e-01,-3.791555e-03,9.138112e+00,1.023912e-01,9.774000e-07,3.686030e+03,0.000000e+00,0.000000e+00,5.513765e+03,0.000000e+00,0.000000e+00,0.000000e+00,0.000000e+00,0.000000e+00,0.000000e+00,0.000000e+00,0.000000e+00,0.000000e+00,0.000000e+00,0.000000e+00,0.000000e+00,0.000000e+00,0.000000e+00,0.000000e+00,0.000000e+00,0.000000e+00,0.000000e+00,0.000000e+00,0.000000e+00,0.000000e+00,0.000000e+00,0.000000e+00,0.000000e+00,0.000000e+00,0.000000e+00,0.000000e+00,0.000000e+00,0.000000e+00,0.000000e+00,0.000000e+00,0.000000e+00,0.000000e+00,0.000000e+00,0.000000e+00,0.000000e+00,0.000000e+00,1.659591e+04,6.193051e+02,1.520475e-01,-2.857365e-04,1.083789e+00,1.136610e-03,0.000000e+00,0.000000e+00,0.000000e+00,0.000000e+00,0.000000e+00,0.000000e+00,0.000000e+00,0.000000e+00,0.000000e+00,0.000000e+00,0.000000e+00,0.000000e+00,0.000000e+00,0.000000e+00,0.000000e+00,0.000000e+00,0.000000e+00,0.000000e+00,0.000000e+00,0.000000e+00,0.000000e+00,-5.808740e+04,1.434610e+04,8.215785e+04,7.036628e-01,3.774971e-03,-2.072902e+01,-9.608951e-01,-1.330922e-03,-2.295922e-01,1.257363e-03,1.862830e-03,2.716528e+01,-5.000938e-01,1.825877e-03,-1.389502e-03,1.803743e-01,-2.766419e-03,-2.663779e-01,7.863789e+00,-9.980788e-01,2.191631e+03,-9.919548e+04,-1.434646e+04,1.686138e+04,2.007486e-02,2.365468e+01,-1.164069e-04,1.685422e+02,-1.312443e+03,-2.302359e+02
