"time","INTERNAL ENERGY","KINETIC ENERGY","X-MOMENTUM","Y-MOMENTUM","Z-MOMENTUM","MASS","TIME STEP","ROTATION ENERGY","EXTERNAL WORK","SPRING ENERGY","CONTACT ENERGY","HOURGLASS ENERGY","Skull                                     IE ","Skull                                     KE ","Skull                                     XMOM ","Skull                                     YMOM ","Skull                                     ZMOM ","Skull                                     MASS ","Skull                                     HE ","Skull                                     ERODED ","Skull                                     HEAT ","Accel Base                                IE ","Accel Base                                KE ","Accel Base                                XMOM ","Accel Base                                YMOM ","Accel Base                                ZMOM ","Accel Base                                MASS ","Accel Base                                HE ","Accel Base                                ERODED ","Accel Base                                HEAT ","Accel Block                               IE ","Accel Block                               KE ","Accel Block                               XMOM ","Accel Block                               YMOM ","Accel Block                               ZMOM ","Accel Block                               MASS ","Accel Block                               HE ","Accel Block                               ERODED ","Accel Block                               HEAT ","Back Plate                                IE ","Back Plate                                KE ","Back Plate                                XMOM ","Back Plate                                YMOM ","Back Plate                                ZMOM ","Back Plate                                MASS ","Back Plate                                HE ","Back Plate                                ERODED ","Back Plate                                HEAT ","Skin                                      IE ","Skin                                      KE ","Skin                                      XMOM ","Skin                                      YMOM ","Skin                                      ZMOM ","Skin                                      MASS ","Skin                                      HE ","Skin                                      ERODED ","Skin                                      HEAT ","Null                                      IE ","Null                                      KE ","Null                                      XMOM ","Null                                      YMOM ","Null                                      ZMOM ","Null                                      MASS ","Null                                      HE ","Null                                      ERODED ","Null                                      HEAT ","Base                                      IE ","Base                                      KE ","Base                                      XMOM ","Base                                      YMOM ","Base                                      ZMOM ","Base                                      MASS ","Base                                      HE ","Base                                      ERODED ","Base                                      HEAT ","TH-ACCEL                                 1                                          var 76","TH-ACCEL                                 1                                          var 77","TH-ACCEL                                 1                                          var 78","TH-INTER                                 1 Skin_to_Skull                            var 79","TH-INTER                                 1 Skin_to_Skull                            var 80","TH-INTER                                 1 Skin_to_Skull                            var 81","TH-INTER                                 1 Skin_to_Skull                            var 82","TH-INTER                                 1 Skin_to_Skull                            var 83","TH-INTER                                 1 Skin_to_Skull                            var 84","TH-INTER                                 1000000 Skin_to_Plate                            var 85","TH-INTER                                 1000000 Skin_to_Plate                            var 86","TH-INTER                                 1000000 Skin_to_Plate                            var 87","TH-INTER                                 1000000 Skin_to_Plate                            var 88","TH-INTER                                 1000000 Skin_to_Plate                            var 89","TH-INTER                                 1000000 Skin_to_Plate                            var 90","DATABASE_HISTORY_NODE                    1 accelerometer: 1                         var 91","DATABASE_HISTORY_NODE                    1 accelerometer: 1                         var 92","DATABASE_HISTORY_NODE                    1 accelerometer: 1                         var 93","DATABASE_HISTORY_NODE                    1 accelerometer: 1                         var 94","DATABASE_HISTORY_NODE                    1 accelerometer: 1                         var 95","DATABASE_HISTORY_NODE                    1 accelerometer: 1                         var 96","DATABASE_HISTORY_NODE                    1 accelerometer: 1                         var 97","DATABASE_HISTORY_NODE                    1 accelerometer: 1                         var 98","DATABASE_HISTORY_NODE                    1 accelerometer: 1                         var 99","DATABASE_HISTORY_NODE                    1 accelerometer: 1                         var 100","DATABASE_HISTORY_NODE                    1 accelerometer: 1                         var 101","DATABASE_HISTORY_NODE                    1 accelerometer: 1                         var 102","DATABASE_HISTORY_NODE                    1 accelerometer: 1                         var 103","DATABASE_HISTORY_NODE                    1 accelerometer: 1                         var 104","DATABASE_HISTORY_NODE                    1 accelerometer: 1                         var 105"
0.000000e+00,0.000000e+00,1.012832e+05,0.000000e+00,0.000000e+00,-3.018872e+01,1.023742e-01,2.449512e-06,0.000000e+00,0.000000e+00,0.000000e+00,0.000000e+00,0.000000e+00,0.000000e+00,0.000000e+00,0.000000e+00,0.000000e+00,0.000000e+00,0.000000e+00,0.000000e+00,0.000000e+00,0.000000e+00,0.000000e+00,0.000000e+00,0.000000e+00,0.000000e+00,0.000000e+00,0.000000e+00,0.000000e+00,0.000000e+00,0.000000e+00,0.000000e+00,0.000000e+00,0.000000e+00,0.000000e+00,0.000000e+00,0.000000e+00,0.000000e+00,0.000000e+00,0.000000e+00,0.000000e+00,0.000000e+00,0.000000e+00,0.000000e+00,0.000000e+00,0.000000e+00,0.000000e+00,0.000000e+00,0.000000e+00,0.000000e+00,2.558743e+04,0.000000e+00,0.000000e+00,-7.626657e+00,1.136610e-03,0.000000e+00,0.000000e+00,0.000000e+00,0.000000e+00,0.000000e+00,0.000000e+00,0.000000e+00,0.000000e+00,0.000000e+00,0.000000e+00,0.000000e+00,0.000000e+00,0.000000e+00,0.000000e+00,0.000000e+00,0.000000e+00,0.000000e+00,0.000000e+00,0.000000e+00,0.000000e+00,0.000000e+00,0.000000e+00,0.000000e+00,0.000000e+00,0.000000e+00,0.000000e+00,0.000000e+00,0.000000e+00,0.000000e+00,0.000000e+00,0.000000e+00,0.000000e+00,0.000000e+00,0.000000e+00,0.000000e+00,0.000000e+00,0.000000e+00,0.000000e+00,0.000000e+00,0.000000e+00,0.000000e+00,-6.710000e+03,0.000000e+00,0.000000e+00,0.000000e+00,0.000000e+00,0.000000e+00,0.000000e+00,0.000000e+00,0.000000e+00,0.000000e+00
1.224756e-05,4.569627e-10,1.012832e+05,5.653310e-17,1.411994e-16,-3.018872e+01,1.023742e-01,2.449512e-06,0.000000e+00,0.000000e+00,0.000000e+00,0.000000e+00,0.000000e+00,0.000000e+00,0.000000e+00,0.000000e+00,0.000000e+00,0.000000e+00,0.000000e+00,0.000000e+00,0.000000e+00,0.000000e+00,0.000000e+00,0.000000e+00,0.000000e+00,0.000000e+00,0.000000e+00,0.000000e+00,0.000000e+00,0.000000e+00,0.000000e+00,0.000000e+00,0.000000e+00,0.000000e+00,0.000000e+00,0.000000e+00,0.000000e+00,0.000000e+00,0.000000e+00,0.000000e+00,0.000000e+00,0.000000e+00,0.000000e+00,0.000000e+00,0.000000e+00,0.000000e+00,0.000000e+00,0.000000e+00,0.000000e+00,4.569627e-10,2.558744e+04,7.516993e-11,-2.093212e-10,-7.626657e+00,1.136610e-03,0.000000e+00,0.000000e+00,0.000000e+00,0.000000e+00,0.000000e+00,0.000000e+00,0.000000e+00,0.000000e+00,0.000000e+00,0.000000e+00,0.000000e+00,0.000000e+00,0.000000e+00,0.000000e+00,0.000000e+00,0.000000e+00,0.000000e+00,0.000000e+00,0.000000e+00,0.000000e+00,0.000000e+00,0.000000e+00,0.000000e+00,0.000000e+00,0.000000e+00,0.000000e+00,0.000000e+00,0.000000e+00,0.000000e+00,0.000000e+00,0.000000e+00,0.000000e+00,0.000000e+00,0.000000e+00,0.000000e+00,0.000000e+00,0.000000e+00,0.000000e+00,-8.218113e-02,0.000000e+00,0.000000e+00,-6.710000e+03,0.000000e+00,0.000000e+00,0.000000e+00,0.000000e+00,0.000000e+00,0.000000e+00,0.000000e+00,0.000000e+00,0.000000e+00
2.204561e-05,1.268678e-09,1.012832e+05,4.803310e-16,3.851012e-16,-3.018872e+01,1.023742e-01,2.449512e-06,0.000000e+00,0.000000e+00,0.000000e+00,0.000000e+00,0.000000e+00,0.000000e+00,0.000000e+00,0.000000e+00,0.000000e+00,0.000000e+00,0.000000e+00,0.000000e+00,0.000000e+00,0.000000e+00,0.000000e+00,0.000000e+00,0.000000e+00,0.000000e+00,0.000000e+00,0.000000e+00,0.000000e+00,0.000000e+00,0.000000e+00,0.000000e+00,0.000000e+00,0.000000e+00,0.000000e+00,0.000000e+00,0.000000e+00,0.000000e+00,0.000000e+00,0.000000e+00,0.000000e+00,0.000000e+00,0.000000e+00,0.000000e+00,0.000000e+00,0.000000e+00,0.000000e+00,0.000000e+00,0.000000e+00,1.268678e-09,2.558744e+04,2.137314e-10,-5.015701e-10,-7.626657e+00,1.136610e-03,0.000000e+00,0.000000e+00,0.000000e+00,0.000000e+00,0.000000e+00,0.000000e+00,0.000000e+00,0.000000e+00,0.000000e+00,0.000000e+00,0.000000e+00,0.000000e+00,0.000000e+00,0.000000e+00,0.000000e+00,0.000000e+00,0.000000e+00,0.000000e+00,0.000000e+00,0.000000e+00,0.000000e+00,0.000000e+00,0.000000e+00,0.000000e+00,0.000000e+00,0.000000e+00,0.000000e+00,0.000000e+00,0.000000e+00,0.000000e+00,0.000000e+00,0.000000e+00,0.000000e+00,0.000000e+00,0.000000e+00,0.000000e+00,0.000000e+00,0.000000e+00,-1.479260e-01,0.000000e+00,0.000000e+00,-6.710000e+03,0.000000e+00,0.000000e+00,0.000000e+00,0.000000e+00,0.000000e+00,0.000000e+00,0.000000e+00,0.000000e+00,0.000000e+00
3.184366e-05,2.398407e-09,1.012832e+05,7.209798e-16,6.110987e-16,-3.018872e+01,1.023742e-01,2.449512e-06,0.000000e+00,0.000000e+00,0.000000e+00,0.000000e+00,0.000000e+00,0.000000e+00,0.000000e+00,0.000000e+00,0.000000e+00,0.000000e+00,0.000000e+00,0.000000e+00,0.000000e+00,0.000000e+00,0.000000e+00,0.000000e+00,0.000000e+00,0.000000e+00,0.000000e+00,0.000000e+00,0.000000e+00,0.000000e+00,0.000000e+00,0.000000e+00,0.000000e+00,0.000000e+00,0.000000e+00,0.000000e+00,0.000000e+00,0.000000e+00,0.000000e+00,0.000000e+00,0.000000e+00,0.000000e+00,0.000000e+00,0.000000e+00,0.000000e+00,0.000000e+00,0.000000e+00,0.000000e+00,0.000000e+00,2.398407e-09,2.558744e+04,-3.378231e-11,-1.341297e-10,-7.626657e+00,1.136610e-03,0.000000e+00,0.000000e+00,0.000000e+00,0.000000e+00,0.000000e+00,0.000000e+00,0.000000e+00,0.000000e+00,0.000000e+00,0.000000e+00,0.000000e+00,0.000000e+00,0.000000e+00,0.000000e+00,0.000000e+00,0.000000e+00,0.000000e+00,0.000000e+00,0.000000e+00,0.000000e+00,0.000000e+00,0.000000e+00,0.000000e+00,0.000000e+00,0.000000e+00,0.000000e+00,0.000000e+00,0.000000e+00,0.000000e+00,0.000000e+00,0.000000e+00,0.000000e+00,0.000000e+00,0.000000e+00,0.000000e+00,0.000000e+00,0.000000e+00,0.000000e+00,-2.136709e-01,0.000000e+00,0.000000e+00,-6.710000e+03,0.000000e+00,0.000000e+00,0.000000e+00,0.000000e+00,0.000000e+00,0.000000e+00,0.000000e+00,0.000000e+00,0.000000e+00
4.164171e-05,3.815870e-09,1.012832e+05,4.023711e-16,1.355884e-15,-3.018872e+01,1.023742e-01,2.449512e-06,0.000000e+00,0.000000e+00,0.000000e+00,0.000000e+00,0.000000e+00,0.000000e+00,0.000000e+00,0.000000e+00,0.000000e+00,0.000000e+00,0.000000e+00,0.000000e+00,0.000000e+00,0.000000e+00,0.000000e+00,0.000000e+00,0.000000e+00,0.000000e+00,0.000000e+00,0.000000e+00,0.000000e+00,0.000000e+00,0.000000e+00,0.000000e+00,0.000000e+00,0.000000e+00,0.000000e+00,0.000000e+00,0.000000e+00,0.000000e+00,0.000000e+00,0.000000e+00,0.000000e+00,0.000000e+00,0.000000e+00,0.000000e+00,0.000000e+00,0.000000e+00,0.000000e+00,0.000000e+00,0.000000e+00,3.815870e-09,2.558743e+04,3.970470e-10,-2.604603e-10,-7.626658e+00,1.136610e-03,0.000000e+00,0.000000e+00,0.000000e+00,0.000000e+00,0.000000e+00,0.000000e+00,0.000000e+00,0.000000e+00,0.000000e+00,0.000000e+00,0.000000e+00,0.000000e+00,0.000000e+00,0.000000e+00,0.000000e+00,0.000000e+00,0.000000e+00,0.000000e+00,0.000000e+00,0.000000e+00,0.000000e+00,0.000000e+00,0.000000e+00,0.000000e+00,0.000000e+00,0.000000e+00,0.000000e+00,0.000000e+00,0.000000e+00,0.000000e+00,0.000000e+00,0.000000e+00,0.000000e+00,0.000000e+00,0.000000e+00,0.000000e+00,0.000000e+00,0.000000e+00,-2.794158e-01,0.000000e+00,0.000000e+00,-6.710000e+03,0.000000e+00,0.000000e+00,0.000000e+00,0.000000e+00,0.000000e+00,0.000000e+00,0.000000e+00,0.000000e+00,0.000000e+00
5.143976e-05,5.483403e-09,1.012832e+05,9.286359e-16,1.791453e-15,-3.018872e+01,1.023742e-01,2.449512e-06,0.000000e+00,0.000000e+00,0.000000e+00,0.000000e+00,0.000000e+00,0.000000e+00,0.000000e+00,0.000000e+00,0.000000e+00,0.000000e+00,0.000000e+00,0.000000e+00,0.000000e+00,0.000000e+00,0.000000e+00,0.000000e+00,0.000000e+00,0.000000e+00,0.000000e+00,0.000000e+00,0.000000e+00,0.000000e+00,0.000000e+00,0.000000e+00,0.000000e+00,0.000000e+00,0.000000e+00,0.000000e+00,0.000000e+00,0.000000e+00,0.000000e+00,0.000000e+00,0.000000e+00,0.000000e+00,0.000000e+00,0.000000e+00,0.000000e+00,0.000000e+00,0.000000e+00,0.000000e+00,0.000000e+00,5.483403e-09,2.558743e+04,4.899433e-10,-2.799792e-10,-7.626658e+00,1.136610e-03,0.000000e+00,0.000000e+00,0.000000e+00,0.000000e+00,0.000000e+00,0.000000e+00,0.000000e+00,0.000000e+00,0.000000e+00,0.000000e+00,0.000000e+00,0.000000e+00,0.000000e+00,0.000000e+00,0.000000e+00,0.000000e+00,0.000000e+00,0.000000e+00,0.000000e+00,0.000000e+00,0.000000e+00,0.000000e+00,0.000000e+00,0.000000e+00,0.000000e+00,0.000000e+00,0.000000e+00,0.000000e+00,0.000000e+00,0.000000e+00,0.000000e+00,0.000000e+00,0.000000e+00,0.000000e+00,0.000000e+00,0.000000e+00,0.000000e+00,0.000000e+00,-3.451608e-01,0.000000e+00,0.000000e+00,-6.710000e+03,0.000000e+00,0.000000e+00,0.000000e+00,0.000000e+00,0.000000e+00,0.000000e+00,0.000000e+00,0.000000e+00,0.000000e+00
6.123781e-05,7.375503e-09,1.012832e+05,1.281535e-15,1.637911e-15,-3.018872e+01,1.023742e-01,2.449512e-06,0.000000e+00,0.000000e+00,0.000000e+00,0.000000e+00,0.000000e+00,0.000000e+00,0.000000e+00,0.000000e+00,0.000000e+00,0.000000e+00,0.000000e+00,0.000000e+00,0.000000e+00,0.000000e+00,0.000000e+00,0.000000e+00,0.000000e+00,0.000000e+00,0.000000e+00,0.000000e+00,0.000000e+00,0.000000e+00,0.000000e+00,0.000000e+00,0.000000e+00,0.000000e+00,0.000000e+00,0.000000e+00,0.000000e+00,0.000000e+00,0.000000e+00,0.000000e+00,0.000000e+00,0.000000e+00,0.000000e+00,0.000000e+00,0.000000e+00,0.000000e+00,0.000000e+00,0.000000e+00,0.000000e+00,7.375503e-09,2.558744e+04,-6.517842e-11,-3.798666e-10,-7.626656e+00,1.136610e-03,0.000000e+00,0.000000e+00,0.000000e+00,0.000000e+00,0.000000e+00,0.000000e+00,0.000000e+00,0.000000e+00,0.000000e+00,0.000000e+00,0.000000e+00,0.000000e+00,0.000000e+00,0.000000e+00,0.000000e+00,0.000000e+00,0.000000e+00,0.000000e+00,0.000000e+00,0.000000e+00,0.000000e+00,0.000000e+00,0.000000e+00,0.000000e+00,0.000000e+00,0.000000e+00,0.000000e+00,0.000000e+00,0.000000e+00,0.000000e+00,0.000000e+00,0.000000e+00,0.000000e+00,0.000000e+00,0.000000e+00,0.000000e+00,0.000000e+00,0.000000e+00,-4.109057e-01,0.000000e+00,0.000000e+00,-6.710000e+03,0.000000e+00,0.000000e+00,0.000000e+00,0.000000e+00,0.000000e+00,0.000000e+00,0.000000e+00,0.000000e+00,0.000000e+00
7.103586e-05,9.488417e-09,1.012832e+05,2.386057e-15,2.199452e-15,-3.018872e+01,1.023742e-01,2.449512e-06,0.000000e+00,0.000000e+00,0.000000e+00,0.000000e+00,0.000000e+00,0.000000e+00,0.000000e+00,0.000000e+00,0.000000e+00,0.000000e+00,0.000000e+00,0.000000e+00,0.000000e+00,0.000000e+00,0.000000e+00,0.000000e+00,0.000000e+00,0.000000e+00,0.000000e+00,0.000000e+00,0.000000e+00,0.000000e+00,0.000000e+00,0.000000e+00,0.000000e+00,0.000000e+00,0.000000e+00,0.000000e+00,0.000000e+00,0.000000e+00,0.000000e+00,0.000000e+00,0.000000e+00,0.000000e+00,0.000000e+00,0.000000e+00,0.000000e+00,0.000000e+00,0.000000e+00,0.000000e+00,0.000000e+00,9.488417e-09,2.558743e+04,-2.978773e-10,-4.082094e-10,-7.626657e+00,1.136610e-03,0.000000e+00,0.000000e+00,0.000000e+00,0.000000e+00,0.000000e+00,0.000000e+00,0.000000e+00,0.000000e+00,0.000000e+00,0.000000e+00,0.000000e+00,0.000000e+00,0.000000e+00,0.000000e+00,0.000000e+00,0.000000e+00,0.000000e+00,0.000000e+00,0.000000e+00,0.000000e+00,0.000000e+00,0.000000e+00,0.000000e+00,0.000000e+00,0.000000e+00,0.000000e+00,0.000000e+00,0.000000e+00,0.000000e+00,0.000000e+00,0.000000e+00,0.000000e+00,0.000000e+00,0.000000e+00,0.000000e+00,0.000000e+00,0.000000e+00,0.000000e+00,-4.766506e-01,0.000000e+00,0.000000e+00,-6.710000e+03,0.000000e+00,0.000000e+00,0.000000e+00,0.000000e+00,0.000000e+00,0.000000e+00,0.000000e+00,0.000000e+00,0.000000e+00
8.083390e-05,1.181546e-08,1.012832e+05,3.101045e-15,2.513341e-15,-3.018872e+01,1.023742e-01,2.449512e-06,0.000000e+00,0.000000e+00,0.000000e+00,0.000000e+00,0.000000e+00,0.000000e+00,0.000000e+00,0.000000e+00,0.000000e+00,0.000000e+00,0.000000e+00,0.000000e+00,0.000000e+00,0.000000e+00,0.000000e+00,0.000000e+00,0.000000e+00,0.000000e+00,0.000000e+00,0.000000e+00,0.000000e+00,0.000000e+00,0.000000e+00,0.000000e+00,0.000000e+00,0.000000e+00,0.000000e+00,0.000000e+00,0.000000e+00,0.000000e+00,0.000000e+00,0.000000e+00,0.000000e+00,0.000000e+00,0.000000e+00,0.000000e+00,0.000000e+00,0.000000e+00,0.000000e+00,0.000000e+00,0.000000e+00,1.181546e-08,2.558743e+04,1.446680e-10,-5.527099e-10,-7.626658e+00,1.136610e-03,0.000000e+00,0.000000e+00,0.000000e+00,0.000000e+00,0.000000e+00,0.000000e+00,0.000000e+00,0.000000e+00,0.000000e+00,0.000000e+00,0.000000e+00,0.000000e+00,0.000000e+00,0.000000e+00,0.000000e+00,0.000000e+00,0.000000e+00,0.000000e+00,0.000000e+00,0.000000e+00,0.000000e+00,0.000000e+00,0.000000e+00,0.000000e+00,0.000000e+00,0.000000e+00,0.000000e+00,0.000000e+00,0.000000e+00,0.000000e+00,0.000000e+00,0.000000e+00,0.000000e+00,0.000000e+00,0.000000e+00,0.000000e+00,0.000000e+00,0.000000e+00,-5.423955e-01,0.000000e+00,0.000000e+00,-6.710000e+03,0.000000e+00,0.000000e+00,0.000000e+00,0.000000e+00,0.000000e+00,0.000000e+00,0.000000e+00,0.000000e+00,0.000000e+00
9.063195e-05,1.433927e-08,1.012832e+05,3.291148e-15,2.667397e-15,-3.018872e+01,1.023742e-01,2.449512e-06,0.000000e+00,0.000000e+00,0.000000e+00,0.000000e+00,0.000000e+00,0.000000e+00,0.000000e+00,0.000000e+00,0.000000e+00,0.000000e+00,0.000000e+00,0.000000e+00,0.000000e+00,0.000000e+00,0.000000e+00,0.000000e+00,0.000000e+00,0.000000e+00,0.000000e+00,0.000000e+00,0.000000e+00,0.000000e+00,0.000000e+00,0.000000e+00,0.000000e+00,0.000000e+00,0.000000e+00,0.000000e+00,0.000000e+00,0.000000e+00,0.000000e+00,0.000000e+00,0.000000e+00,0.000000e+00,0.000000e+00,0.000000e+00,0.000000e+00,0.000000e+00,0.000000e+00,0.000000e+00,0.000000e+00,1.433927e-08,2.558743e+04,2.360277e-10,-5.740866e-11,-7.626660e+00,1.136610e-03,0.000000e+00,0.000000e+00,0.000000e+00,0.000000e+00,0.000000e+00,0.000000e+00,0.000000e+00,0.000000e+00,0.000000e+00,0.000000e+00,0.000000e+00,0.000000e+00,0.000000e+00,0.000000e+00,0.000000e+00,0.000000e+00,0.000000e+00,0.000000e+00,0.000000e+00,0.000000e+00,0.000000e+00,0.000000e+00,0.000000e+00,0.000000e+00,0.000000e+00,0.000000e+00,0.000000e+00,0.000000e+00,0.000000e+00,0.000000e+00,0.000000e+00,0.000000e+00,0.000000e+00,0.000000e+00,0.000000e+00,0.000000e+00,0.000000e+00,0.000000e+00,-6.081404e-01,0.000000e+00,0.000000e+00,-6.710000e+03,0.000000e+00,0.000000e+00,0.000000e+00,0.000000e+00,0.000000e+00,0.000000e+00,0.000000e+00,0.000000e+00,0.000000e+00
1.004300e-04,1.705867e-08,1.012832e+05,3.309542e-15,2.508494e-15,-3.018872e+01,1.023742e-01,2.449512e-06,0.000000e+00,0.000000e+00,0.000000e+00,0.000000e+00,0.000000e+00,0.000000e+00,0.000000e+00,0.000000e+00,0.000000e+00,0.000000e+00,0.000000e+00,0.000000e+00,0.000000e+00,0.000000e+00,0.000000e+00,0.000000e+00,0.000000e+00,0.000000e+00,0.000000e+00,0.000000e+00,0.000000e+00,0.000000e+00,0.000000e+00,0.000000e+00,0.000000e+00,0.000000e+00,0.000000e+00,0.000000e+00,0.000000e+00,0.000000e+00,0.000000e+00,0.000000e+00,0.000000e+00,0.000000e+00,0.000000e+00,0.000000e+00,0.000000e+00,0.000000e+00,0.000000e+00,0.000000e+00,0.000000e+00,1.705867e-08,2.558743e+04,-1.570842e-10,-1.562150e-11,-7.626658e+00,1.136610e-03,0.000000e+00,0.000000e+00,0.000000e+00,0.000000e+00,0.000000e+00,0.000000e+00,0.000000e+00,0.000000e+00,0.000000e+00,0.000000e+00,0.000000e+00,0.000000e+00,0.000000e+00,0.000000e+00,0.000000e+00,0.000000e+00,0.000000e+00,0.000000e+00,0.000000e+00,0.000000e+00,0.000000e+00,0.000000e+00,0.000000e+00,0.000000e+00,0.000000e+00,0.000000e+00,0.000000e+00,0.000000e+00,0.000000e+00,0.000000e+00,0.000000e+00,0.000000e+00,0.000000e+00,0.000000e+00,0.000000e+00,0.000000e+00,0.000000e+00,0.000000e+00,-6.738853e-01,0.000000e+00,0.000000e+00,-6.710000e+03,0.000000e+00,0.000000e+00,0.000000e+00,0.000000e+00,0.000000e+00,0.000000e+00,0.000000e+00,0.000000e+00,0.000000e+00
1.102281e-04,1.996473e-08,1.012832e+05,3.125685e-15,2.578025e-15,-3.018872e+01,1.023742e-01,2.449512e-06,0.000000e+00,0.000000e+00,0.000000e+00,0.000000e+00,0.000000e+00,0.000000e+00,0.000000e+00,0.000000e+00,0.000000e+00,0.000000e+00,0.000000e+00,0.000000e+00,0.000000e+00,0.000000e+00,0.000000e+00,0.000000e+00,0.000000e+00,0.000000e+00,0.000000e+00,0.000000e+00,0.000000e+00,0.000000e+00,0.000000e+00,0.000000e+00,0.000000e+00,0.000000e+00,0.000000e+00,0.000000e+00,0.000000e+00,0.000000e+00,0.000000e+00,0.000000e+00,0.000000e+00,0.000000e+00,0.000000e+00,0.000000e+00,0.000000e+00,0.000000e+00,0.000000e+00,0.000000e+00,0.000000e+00,1.996473e-08,2.558743e+04,9.125659e-10,2.253275e-10,-7.626657e+00,1.136610e-03,0.000000e+00,0.000000e+00,0.000000e+00,0.000000e+00,0.000000e+00,0.000000e+00,0.000000e+00,0.000000e+00,0.000000e+00,0.000000e+00,0.000000e+00,0.000000e+00,0.000000e+00,0.000000e+00,0.000000e+00,0.000000e+00,0.000000e+00,0.000000e+00,0.000000e+00,0.000000e+00,0.000000e+00,0.000000e+00,0.000000e+00,0.000000e+00,0.000000e+00,0.000000e+00,0.000000e+00,0.000000e+00,0.000000e+00,0.000000e+00,0.000000e+00,0.000000e+00,0.000000e+00,0.000000e+00,0.000000e+00,0.000000e+00,0.000000e+00,0.000000e+00,-7.396302e-01,0.000000e+00,0.000000e+00,-6.710000e+03,0.000000e+00,0.000000e+00,0.000000e+00,0.000000e+00,0.000000e+00,0.000000e+00,0.000000e+00,0.000000e+00,0.000000e+00
1.200261e-04,2.302280e-08,1.012832e+05,2.890727e-15,4.223572e-15,-3.018872e+01,1.023742e-01,2.449512e-06,0.000000e+00,0.000000e+00,0.000000e+00,0.000000e+00,0.000000e+00,0.000000e+00,0.000000e+00,0.000000e+00,0.000000e+00,0.000000e+00,0.000000e+00,0.000000e+00,0.000000e+00,0.000000e+00,0.000000e+00,0.000000e+00,0.000000e+00,0.000000e+00,0.000000e+00,0.000000e+00,0.000000e+00,0.000000e+00,0.000000e+00,0.000000e+00,0.000000e+00,0.000000e+00,0.000000e+00,0.000000e+00,0.000000e+00,0.000000e+00,0.000000e+00,0.000000e+00,0.000000e+00,0.000000e+00,0.000000e+00,0.000000e+00,0.000000e+00,0.000000e+00,0.000000e+00,0.000000e+00,0.000000e+00,2.302280e-08,2.558743e+04,5.750694e-10,2.863479e-10,-7.626657e+00,1.136610e-03,0.000000e+00,0.000000e+00,0.000000e+00,0.000000e+00,0.000000e+00,0.000000e+00,0.000000e+00,0.000000e+00,0.000000e+00,0.000000e+00,0.000000e+00,0.000000e+00,0.000000e+00,0.000000e+00,0.000000e+00,0.000000e+00,0.000000e+00,0.000000e+00,0.000000e+00,0.000000e+00,0.000000e+00,0.000000e+00,0.000000e+00,0.000000e+00,0.000000e+00,0.000000e+00,0.000000e+00,0.000000e+00,0.000000e+00,0.000000e+00,0.000000e+00,0.000000e+00,0.000000e+00,0.000000e+00,0.000000e+00,0.000000e+00,0.000000e+00,0.000000e+00,-8.053751e-01,0.000000e+00,0.000000e+00,-6.710000e+03,0.000000e+00,0.000000e+00,0.000000e+00,0.000000e+00,0.000000e+00,0.000000e+00,0.000000e+00,0.000000e+00,0.000000e+00
1.322737e-04,2.712275e-08,1.012832e+05,2.188803e-15,5.562221e-15,-3.018872e+01,1.023742e-01,2.449512e-06,0.000000e+00,0.000000e+00,0.000000e+00,0.000000e+00,0.000000e+00,0.000000e+00,0.000000e+00,0.000000e+00,0.000000e+00,0.000000e+00,0.000000e+00,0.000000e+00,0.000000e+00,0.000000e+00,0.000000e+00,0.000000e+00,0.000000e+00,0.000000e+00,0.000000e+00,0.000000e+00,0.000000e+00,0.000000e+00,0.000000e+00,0.000000e+00,0.000000e+00,0.000000e+00,0.000000e+00,0.000000e+00,0.000000e+00,0.000000e+00,0.000000e+00,0.000000e+00,0.000000e+00,0.000000e+00,0.000000e+00,0.000000e+00,0.000000e+00,0.000000e+00,0.000000e+00,0.000000e+00,0.000000e+00,2.712275e-08,2.558743e+04,-2.325669e-10,-2.612104e-10,-7.626657e+00,1.136610e-03,0.000000e+00,0.000000e+00,0.000000e+00,0.000000e+00,0.000000e+00,0.000000e+00,0.000000e+00,0.000000e+00,0.000000e+00,0.000000e+00,0.000000e+00,0.000000e+00,0.000000e+00,0.000000e+00,0.000000e+00,0.000000e+00,0.000000e+00,0.000000e+00,0.000000e+00,0.000000e+00,0.000000e+00,0.000000e+00,0.000000e+00,0.000000e+00,0.000000e+00,0.000000e+00,0.000000e+00,0.000000e+00,0.000000e+00,0.000000e+00,0.000000e+00,0.000000e+00,0.000000e+00,0.000000e+00,0.000000e+00,0.000000e+00,0.000000e+00,0.000000e+00,-8.875563e-01,0.000000e+00,0.000000e+00,-6.710000e+03,0.000000e+00,0.000000e+00,0.000000e+00,0.000000e+00,0.000000e+00,0.000000e+00,0.000000e+00,0.000000e+00,0.000000e+00
1.420717e-04,3.057325e-08,1.012832e+05,1.354077e-15,7.840734e-15,-3.018872e+01,1.023742e-01,2.449512e-06,0.000000e+00,0.000000e+00,0.000000e+00,0.000000e+00,0.000000e+00,0.000000e+00,0.000000e+00,0.000000e+00,0.000000e+00,0.000000e+00,0.000000e+00,0.000000e+00,0.000000e+00,0.000000e+00,0.000000e+00,0.000000e+00,0.000000e+00,0.000000e+00,0.000000e+00,0.000000e+00,0.000000e+00,0.000000e+00,0.000000e+00,0.000000e+00,0.000000e+00,0.000000e+00,0.000000e+00,0.000000e+00,0.000000e+00,0.000000e+00,0.000000e+00,0.000000e+00,0.000000e+00,0.000000e+00,0.000000e+00,0.000000e+00,0.000000e+00,0.000000e+00,0.000000e+00,0.000000e+00,0.000000e+00,3.057325e-08,2.558743e+04,1.329970e-09,-3.287990e-10,-7.626658e+00,1.136610e-03,0.000000e+00,0.000000e+00,0.000000e+00,0.000000e+00,0.000000e+00,0.000000e+00,0.000000e+00,0.000000e+00,0.000000e+00,0.000000e+00,0.000000e+00,0.000000e+00,0.000000e+00,0.000000e+00,0.000000e+00,0.000000e+00,0.000000e+00,0.000000e+00,0.000000e+00,0.000000e+00,0.000000e+00,0.000000e+00,0.000000e+00,0.000000e+00,0.000000e+00,0.000000e+00,0.000000e+00,0.000000e+00,0.000000e+00,0.000000e+00,0.000000e+00,0.000000e+00,0.000000e+00,0.000000e+00,0.000000e+00,0.000000e+00,0.000000e+00,0.000000e+00,-9.533011e-01,0.000000e+00,0.000000e+00,-6.710000e+03,0.000000e+00,0.000000e+00,0.000000e+00,0.000000e+00,0.000000e+00,0.000000e+00,0.000000e+00,0.000000e+00,0.000000e+00
1.518698e-04,3.418075e-08,1.012832e+05,1.672580e-15,1.053546e-14,-3.018872e+01,1.023742e-01,2.449512e-06,0.000000e+00,0.000000e+00,0.000000e+00,0.000000e+00,0.000000e+00,0.000000e+00,0.000000e+00,0.000000e+00,0.000000e+00,0.000000e+00,0.000000e+00,0.000000e+00,0.000000e+00,0.000000e+00,0.000000e+00,0.000000e+00,0.000000e+00,0.000000e+00,0.000000e+00,0.000000e+00,0.000000e+00,0.000000e+00,0.000000e+00,0.000000e+00,0.000000e+00,0.000000e+00,0.000000e+00,0.000000e+00,0.000000e+00,0.000000e+00,0.000000e+00,0.000000e+00,0.000000e+00,0.000000e+00,0.000000e+00,0.000000e+00,0.000000e+00,0.000000e+00,0.000000e+00,0.000000e+00,0.000000e+00,3.418075e-08,2.558744e+04,6.745597e-10,2.219549e-10,-7.626657e+00,1.136610e-03,0.000000e+00,0.000000e+00,0.000000e+00,0.000000e+00,0.000000e+00,0.000000e+00,0.000000e+00,0.000000e+00,0.000000e+00,0.000000e+00,0.000000e+00,0.000000e+00,0.000000e+00,0.000000e+00,0.000000e+00,0.000000e+00,0.000000e+00,0.000000e+00,0.000000e+00,0.000000e+00,0.000000e+00,0.000000e+00,0.000000e+00,0.000000e+00,0.000000e+00,0.000000e+00,0.000000e+00,0.000000e+00,0.000000e+00,0.000000e+00,0.000000e+00,0.000000e+00,0.000000e+00,0.000000e+00,0.000000e+00,0.000000e+00,0.000000e+00,0.000000e+00,-1.019046e+00,0.000000e+00,0.000000e+00,-6.710000e+03,0.000000e+00,0.000000e+00,0.000000e+00,0.000000e+00,0.000000e+00,0.000000e+00,0.000000e+00,0.000000e+00,0.000000e+00
1.616678e-04,3.796922e-08,1.012832e+05,7.053561e-16,1.281190e-14,-3.018872e+01,1.023742e-01,2.449512e-06,0.000000e+00,0.000000e+00,0.000000e+00,0.000000e+00,0.000000e+00,0.000000e+00,0.000000e+00,0.000000e+00,0.000000e+00,0.000000e+00,0.000000e+00,0.000000e+00,0.000000e+00,0.000000e+00,0.000000e+00,0.000000e+00,0.000000e+00,0.000000e+00,0.000000e+00,0.000000e+00,0.000000e+00,0.000000e+00,0.000000e+00,0.000000e+00,0.000000e+00,0.000000e+00,0.000000e+00,0.000000e+00,0.000000e+00,0.000000e+00,0.000000e+00,0.000000e+00,0.000000e+00,0.000000e+00,0.000000e+00,0.000000e+00,0.000000e+00,0.000000e+00,0.000000e+00,0.000000e+00,0.000000e+00,3.796922e-08,2.558744e+04,-4.006643e-10,3.887211e-10,-7.626657e+00,1.136610e-03,0.000000e+00,0.000000e+00,0.000000e+00,0.000000e+00,0.000000e+00,0.000000e+00,0.000000e+00,0.000000e+00,0.000000e+00,0.000000e+00,0.000000e+00,0.000000e+00,0.000000e+00,0.000000e+00,0.000000e+00,0.000000e+00,0.000000e+00,0.000000e+00,0.000000e+00,0.000000e+00,0.000000e+00,0.000000e+00,0.000000e+00,0.000000e+00,0.000000e+00,0.000000e+00,0.000000e+00,0.000000e+00,0.000000e+00,0.000000e+00,0.000000e+00,0.000000e+00,0.000000e+00,0.000000e+00,0.000000e+00,0.000000e+00,0.000000e+00,0.000000e+00,-1.084791e+00,0.000000e+00,0.000000e+00,-6.710000e+03,0.000000e+00,0.000000e+00,0.000000e+00,0.000000e+00,0.000000e+00,0.000000e+00,0.000000e+00,0.000000e+00,0.000000e+00
1.714659e-04,4.193960e-08,1.012832e+05,3.991706e-16,1.289331e-14,-3.018872e+01,1.023742e-01,2.449512e-06,0.000000e+00,0.000000e+00,0.000000e+00,0.000000e+00,0.000000e+00,0.000000e+00,0.000000e+00,0.000000e+00,0.000000e+00,0.000000e+00,0.000000e+00,0.000000e+00,0.000000e+00,0.000000e+00,0.000000e+00,0.000000e+00,0.000000e+00,0.000000e+00,0.000000e+00,0.000000e+00,0.000000e+00,0.000000e+00,0.000000e+00,0.000000e+00,0.000000e+00,0.000000e+00,0.000000e+00,0.000000e+00,0.000000e+00,0.000000e+00,0.000000e+00,0.000000e+00,0.000000e+00,0.000000e+00,0.000000e+00,0.000000e+00,0.000000e+00,0.000000e+00,0.000000e+00,0.000000e+00,0.000000e+00,4.193960e-08,2.558743e+04,2.118387e-10,-1.228762e-10,-7.626658e+00,1.136610e-03,0.000000e+00,0.000000e+00,0.000000e+00,0.000000e+00,0.000000e+00,0.000000e+00,0.000000e+00,0.000000e+00,0.000000e+00,0.000000e+00,0.000000e+00,0.000000e+00,0.000000e+00,0.000000e+00,0.000000e+00,0.000000e+00,0.000000e+00,0.000000e+00,0.000000e+00,0.000000e+00,0.000000e+00,0.000000e+00,0.000000e+00,0.000000e+00,0.000000e+00,0.000000e+00,0.000000e+00,0.000000e+00,0.000000e+00,0.000000e+00,0.000000e+00,0.000000e+00,0.000000e+00,0.000000e+00,0.000000e+00,0.000000e+00,0.000000e+00,0.000000e+00,-1.150536e+00,0.000000e+00,0.000000e+00,-6.710000e+03,0.000000e+00,0.000000e+00,0.000000e+00,0.000000e+00,0.000000e+00,0.000000e+00,0.000000e+00,0.000000e+00,0.000000e+00
1.812639e-04,4.605279e-08,1.012832e+05,1.283602e-15,1.453181e-14,-3.018872e+01,1.023742e-01,2.449512e-06,0.000000e+00,0.000000e+00,0.000000e+00,0.000000e+00,0.000000e+00,0.000000e+00,0.000000e+00,0.000000e+00,0.000000e+00,0.000000e+00,0.000000e+00,0.000000e+00,0.000000e+00,0.000000e+00,0.000000e+00,0.000000e+00,0.000000e+00,0.000000e+00,0.000000e+00,0.000000e+00,0.000000e+00,0.000000e+00,0.000000e+00,0.000000e+00,0.000000e+00,0.000000e+00,0.000000e+00,0.000000e+00,0.000000e+00,0.000000e+00,0.000000e+00,0.000000e+00,0.000000e+00,0.000000e+00,0.000000e+00,0.000000e+00,0.000000e+00,0.000000e+00,0.000000e+00,0.000000e+00,0.000000e+00,4.605279e-08,2.558743e+04,4.008310e-10,-1.067895e-09,-7.626658e+00,1.136610e-03,0.000000e+00,0.000000e+00,0.000000e+00,0.000000e+00,0.000000e+00,0.000000e+00,0.000000e+00,0.000000e+00,0.000000e+00,0.000000e+00,0.000000e+00,0.000000e+00,0.000000e+00,0.000000e+00,0.000000e+00,0.000000e+00,0.000000e+00,0.000000e+00,0.000000e+00,0.000000e+00,0.000000e+00,0.000000e+00,0.000000e+00,0.000000e+00,0.000000e+00,0.000000e+00,0.000000e+00,0.000000e+00,0.000000e+00,0.000000e+00,0.000000e+00,0.000000e+00,0.000000e+00,0.000000e+00,0.000000e+00,0.000000e+00,0.000000e+00,0.000000e+00,-1.216281e+00,0.000000e+00,0.000000e+00,-6.710000e+03,0.000000e+00,0.000000e+00,0.000000e+00,0.000000e+00,0.000000e+00,0.000000e+00,0.000000e+00,0.000000e+00,0.000000e+00
1.910620e-04,5.035258e-08,1.012832e+05,3.042853e-15,1.469603e-14,-3.018872e+01,1.023742e-01,2.449512e-06,0.000000e+00,0.000000e+00,0.000000e+00,0.000000e+00,0.000000e+00,0.000000e+00,0.000000e+00,0.000000e+00,0.000000e+00,0.000000e+00,0.000000e+00,0.000000e+00,0.000000e+00,0.000000e+00,0.000000e+00,0.000000e+00,0.000000e+00,0.000000e+00,0.000000e+00,0.000000e+00,0.000000e+00,0.000000e+00,0.000000e+00,0.000000e+00,0.000000e+00,0.000000e+00,0.000000e+00,0.000000e+00,0.000000e+00,0.000000e+00,0.000000e+00,0.000000e+00,0.000000e+00,0.000000e+00,0.000000e+00,0.000000e+00,0.000000e+00,0.000000e+00,0.000000e+00,0.000000e+00,0.000000e+00,5.035258e-08,2.558743e+04,3.752879e-10,-4.862199e-10,-7.626657e+00,1.136610e-03,0.000000e+00,0.000000e+00,0.000000e+00,0.000000e+00,0.000000e+00,0.000000e+00,0.000000e+00,0.000000e+00,0.000000e+00,0.000000e+00,0.000000e+00,0.000000e+00,0.000000e+00,0.000000e+00,0.000000e+00,0.000000e+00,0.000000e+00,0.000000e+00,0.000000e+00,0.000000e+00,0.000000e+00,0.000000e+00,0.000000e+00,0.000000e+00,0.000000e+00,0.000000e+00,0.000000e+00,0.000000e+00,0.000000e+00,0.000000e+00,0.000000e+00,0.000000e+00,0.000000e+00,0.000000e+00,0.000000e+00,0.000000e+00,0.000000e+00,0.000000e+00,-1.282026e+00,0.000000e+00,0.000000e+00,-6.710000e+03,0.000000e+00,0.000000e+00,0.000000e+00,0.000000e+00,0.000000e+00,0.000000e+00,0.000000e+00,0.000000e+00,0.000000e+00
2.008600e-04,5.481414e-08,1.012832e+05,1.354094e-15,1.750125e-14,-3.018872e+01,1.023742e-01,2.449512e-06,0.000000e+00,0.000000e+00,0.000000e+00,0.000000e+00,0.000000e+00,0.000000e+00,0.000000e+00,0.000000e+00,0.000000e+00,0.000000e+00,0.000000e+00,0.000000e+00,0.000000e+00,0.000000e+00,0.000000e+00,0.000000e+00,0.000000e+00,0.000000e+00,0.000000e+00,0.000000e+00,0.000000e+00,0.000000e+00,0.000000e+00,0.000000e+00,0.000000e+00,0.000000e+00,0.000000e+00,0.000000e+00,0.000000e+00,0.000000e+00,0.000000e+00,0.000000e+00,0.000000e+00,0.000000e+00,0.000000e+00,0.000000e+00,0.000000e+00,0.000000e+00,0.000000e+00,0.000000e+00,0.000000e+00,5.481414e-08,2.558743e+04,5.307901e-10,4.645953e-10,-7.626657e+00,1.136610e-03,0.000000e+00,0.000000e+00,0.000000e+00,0.000000e+00,0.000000e+00,0.000000e+00,0.000000e+00,0.000000e+00,0.000000e+00,0.000000e+00,0.000000e+00,0.000000e+00,0.000000e+00,0.000000e+00,0.000000e+00,0.000000e+00,0.000000e+00,0.000000e+00,0.000000e+00,0.000000e+00,0.000000e+00,0.000000e+00,0.000000e+00,0.000000e+00,0.000000e+00,0.000000e+00,0.000000e+00,0.000000e+00,0.000000e+00,0.000000e+00,0.000000e+00,0.000000e+00,0.000000e+00,0.000000e+00,0.000000e+00,0.000000e+00,0.000000e+00,0.000000e+00,-1.347771e+00,0.000000e+00,0.000000e+00,-6.710000e+03,0.000000e+00,0.000000e+00,0.000000e+00,0.000000e+00,0.000000e+00,0.000000e+00,0.000000e+00,0.000000e+00,0.000000e+00
2.106581e-04,5.942859e-08,1.012832e+05,3.426688e-15,1.874914e-14,-3.018872e+01,1.023742e-01,2.449512e-06,0.000000e+00,0.000000e+00,0.000000e+00,0.000000e+00,0.000000e+00,0.000000e+00,0.000000e+00,0.000000e+00,0.000000e+00,0.000000e+00,0.000000e+00,0.000000e+00,0.000000e+00,0.000000e+00,0.000000e+00,0.000000e+00,0.000000e+00,0.000000e+00,0.000000e+00,0.000000e+00,0.000000e+00,0.000000e+00,0.000000e+00,0.000000e+00,0.000000e+00,0.000000e+00,0.000000e+00,0.000000e+00,0.000000e+00,0.000000e+00,0.000000e+00,0.000000e+00,0.000000e+00,0.000000e+00,0.000000e+00,0.000000e+00,0.000000e+00,0.000000e+00,0.000000e+00,0.000000e+00,0.000000e+00,5.942859e-08,2.558743e+04,3.814167e-10,7.395957e-10,-7.626660e+00,1.136610e-03,0.000000e+00,0.000000e+00,0.000000e+00,0.000000e+00,0.000000e+00,0.000000e+00,0.000000e+00,0.000000e+00,0.000000e+00,0.000000e+00,0.000000e+00,0.000000e+00,0.000000e+00,0.000000e+00,0.000000e+00,0.000000e+00,0.000000e+00,0.000000e+00,0.000000e+00,0.000000e+00,0.000000e+00,0.000000e+00,0.000000e+00,0.000000e+00,0.000000e+00,0.000000e+00,0.000000e+00,0.000000e+00,0.000000e+00,0.000000e+00,0.000000e+00,0.000000e+00,0.000000e+00,0.000000e+00,0.000000e+00,0.000000e+00,0.000000e+00,0.000000e+00,-1.413515e+00,0.000000e+00,0.000000e+00,-6.710000e+03,0.000000e+00,0.000000e+00,0.000000e+00,0.000000e+00,0.000000e+00,0.000000e+00,0.000000e+00,0.000000e+00,0.000000e+00
2.204561e-04,6.420302e-08,1.012832e+05,5.690535e-15,1.948392e-14,-3.018872e+01,1.023742e-01,2.449512e-06,0.000000e+00,0.000000e+00,0.000000e+00,0.000000e+00,0.000000e+00,0.000000e+00,0.000000e+00,0.000000e+00,0.000000e+00,0.000000e+00,0.000000e+00,0.000000e+00,0.000000e+00,0.000000e+00,0.000000e+00,0.000000e+00,0.000000e+00,0.000000e+00,0.000000e+00,0.000000e+00,0.000000e+00,0.000000e+00,0.000000e+00,0.000000e+00,0.000000e+00,0.000000e+00,0.000000e+00,0.000000e+00,0.000000e+00,0.000000e+00,0.000000e+00,0.000000e+00,0.000000e+00,0.000000e+00,0.000000e+00,0.000000e+00,0.000000e+00,0.000000e+00,0.000000e+00,0.000000e+00,0.000000e+00,6.420302e-08,2.558743e+04,-5.082705e-10,-1.431797e-10,-7.626657e+00,1.136610e-03,0.000000e+00,0.000000e+00,0.000000e+00,0.000000e+00,0.000000e+00,0.000000e+00,0.000000e+00,0.000000e+00,0.000000e+00,0.000000e+00,0.000000e+00,0.000000e+00,0.000000e+00,0.000000e+00,0.000000e+00,0.000000e+00,0.000000e+00,0.000000e+00,0.000000e+00,0.000000e+00,0.000000e+00,0.000000e+00,0.000000e+00,0.000000e+00,0.000000e+00,0.000000e+00,0.000000e+00,0.000000e+00,0.000000e+00,0.000000e+00,0.000000e+00,0.000000e+00,0.000000e+00,0.000000e+00,0.000000e+00,0.000000e+00,0.000000e+00,0.000000e+00,-1.479260e+00,0.000000e+00,0.000000e+00,-6.710000e+03,0.000000e+00,0.000000e+00,0.000000e+00,0.000000e+00,0.000000e+00,0.000000e+00,0.000000e+00,0.000000e+00,0.000000e+00
2.302542e-04,6.915088e-08,1.012832e+05,3.040668e-15,1.985670e-14,-3.018872e+01,1.023742e-01,2.449512e-06,0.000000e+00,0.000000e+00,0.000000e+00,0.000000e+00,0.000000e+00,0.000000e+00,0.000000e+00,0.000000e+00,0.000000e+00,0.000000e+00,0.000000e+00,0.000000e+00,0.000000e+00,0.000000e+00,0.000000e+00,0.000000e+00,0.000000e+00,0.000000e+00,0.000000e+00,0.000000e+00,0.000000e+00,0.000000e+00,0.000000e+00,0.000000e+00,0.000000e+00,0.000000e+00,0.000000e+00,0.000000e+00,0.000000e+00,0.000000e+00,0.000000e+00,0.000000e+00,0.000000e+00,0.000000e+00,0.000000e+00,0.000000e+00,0.000000e+00,0.000000e+00,0.000000e+00,0.000000e+00,0.000000e+00,6.915088e-08,2.558743e+04,2.814178e-10,-8.487709e-10,-7.626658e+00,1.136610e-03,0.000000e+00,0.000000e+00,0.000000e+00,0.000000e+00,0.000000e+00,0.000000e+00,0.000000e+00,0.000000e+00,0.000000e+00,0.000000e+00,0.000000e+00,0.000000e+00,0.000000e+00,0.000000e+00,0.000000e+00,0.000000e+00,0.000000e+00,0.000000e+00,0.000000e+00,0.000000e+00,0.000000e+00,0.000000e+00,0.000000e+00,0.000000e+00,0.000000e+00,0.000000e+00,0.000000e+00,0.000000e+00,0.000000e+00,0.000000e+00,0.000000e+00,0.000000e+00,0.000000e+00,0.000000e+00,0.000000e+00,0.000000e+00,0.000000e+00,0.000000e+00,-1.545005e+00,0.000000e+00,0.000000e+00,-6.710000e+03,0.000000e+00,0.000000e+00,0.000000e+00,0.000000e+00,0.000000e+00,0.000000e+00,0.000000e+00,0.000000e+00,0.000000e+00
2.400522e-04,7.420511e-08,1.012832e+05,3.617386e-15,1.961537e-14,-3.018872e+01,1.023742e-01,2.449512e-06,0.000000e+00,0.000000e+00,0.000000e+00,0.000000e+00,0.000000e+00,0.000000e+00,0.000000e+00,0.000000e+00,0.000000e+00,0.000000e+00,0.000000e+00,0.000000e+00,0.000000e+00,0.000000e+00,0.000000e+00,0.000000e+00,0.000000e+00,0.000000e+00,0.000000e+00,0.000000e+00,0.000000e+00,0.000000e+00,0.000000e+00,0.000000e+00,0.000000e+00,0.000000e+00,0.000000e+00,0.000000e+00,0.000000e+00,0.000000e+00,0.000000e+00,0.000000e+00,0.000000e+00,0.000000e+00,0.000000e+00,0.000000e+00,0.000000e+00,0.000000e+00,0.000000e+00,0.000000e+00,0.000000e+00,7.420511e-08,2.558744e+04,9.596848e-10,-6.510944e-10,-7.626657e+00,1.136610e-03,0.000000e+00,0.000000e+00,0.000000e+00,0.000000e+00,0.000000e+00,0.000000e+00,0.000000e+00,0.000000e+00,0.000000e+00,0.000000e+00,0.000000e+00,0.000000e+00,0.000000e+00,0.000000e+00,0.000000e+00,0.000000e+00,0.000000e+00,0.000000e+00,0.000000e+00,0.000000e+00,0.000000e+00,0.000000e+00,0.000000e+00,0.000000e+00,0.000000e+00,0.000000e+00,0.000000e+00,0.000000e+00,0.000000e+00,0.000000e+00,0.000000e+00,0.000000e+00,0.000000e+00,0.000000e+00,0.000000e+00,0.000000e+00,0.000000e+00,0.000000e+00,-1.610750e+00,0.000000e+00,0.000000e+00,-6.710000e+03,0.000000e+00,0.000000e+00,0.000000e+00,0.000000e+00,0.000000e+00,0.000000e+00,0.000000e+00,0.000000e+00,0.000000e+00
2.522998e-04,2.064029e+00,1.012787e+05,1.846115e-05,1.822176e-06,-3.018564e+01,1.023742e-01,2.449512e-06,0.000000e+00,0.000000e+00,0.000000e+00,2.895986e+00,0.000000e+00,0.000000e+00,0.000000e+00,0.000000e+00,0.000000e+00,0.000000e+00,0.000000e+00,0.000000e+00,0.000000e+00,0.000000e+00,0.000000e+00,0.000000e+00,0.000000e+00,0.000000e+00,0.000000e+00,0.000000e+00,0.000000e+00,0.000000e+00,0.000000e+00,0.000000e+00,0.000000e+00,0.000000e+00,0.000000e+00,0.000000e+00,0.000000e+00,0.000000e+00,0.000000e+00,0.000000e+00,0.000000e+00,0.000000e+00,0.000000e+00,0.000000e+00,0.000000e+00,0.000000e+00,0.000000e+00,0.000000e+00,0.000000e+00,2.064029e+00,2.558403e+04,1.310626e-05,1.580003e-06,-7.624832e+00,1.136610e-03,0.000000e+00,0.000000e+00,0.000000e+00,0.000000e+00,0.000000e+00,0.000000e+00,0.000000e+00,0.000000e+00,0.000000e+00,0.000000e+00,0.000000e+00,0.000000e+00,0.000000e+00,0.000000e+00,0.000000e+00,0.000000e+00,0.000000e+00,0.000000e+00,0.000000e+00,0.000000e+00,0.000000e+00,0.000000e+00,0.000000e+00,0.000000e+00,0.000000e+00,0.000000e+00,0.000000e+00,0.000000e+00,0.000000e+00,0.000000e+00,-5.500165e-09,-6.501372e-06,3.342734e-03,-2.207570e-05,-7.634717e-06,-3.139634e-08,0.000000e+00,0.000000e+00,-1.692931e+00,0.000000e+00,0.000000e+00,-6.710000e+03,0.000000e+00,0.000000e+00,0.000000e+00,0.000000e+00,0.000000e+00,0.000000e+00,0.000000e+00,0.000000e+00,0.000000e+00
2.620978e-04,8.069173e+00,1.012720e+05,2.213340e-05,-2.131234e-06,-3.018471e+01,1.023742e-01,2.449512e-06,0.000000e+00,0.000000e+00,0.000000e+00,3.979350e+00,0.000000e+00,0.000000e+00,0.000000e+00,0.000000e+00,0.000000e+00,0.000000e+00,0.000000e+00,0.000000e+00,0.000000e+00,0.000000e+00,0.000000e+00,0.000000e+00,0.000000e+00,0.000000e+00,0.000000e+00,0.000000e+00,0.000000e+00,0.000000e+00,0.000000e+00,0.000000e+00,0.000000e+00,0.000000e+00,0.000000e+00,0.000000e+00,0.000000e+00,0.000000e+00,0.000000e+00,0.000000e+00,0.000000e+00,0.000000e+00,0.000000e+00,0.000000e+00,0.000000e+00,0.000000e+00,0.000000e+00,0.000000e+00,0.000000e+00,8.069173e+00,2.558063e+04,1.861162e-05,-1.238612e-06,-7.624146e+00,1.136610e-03,0.000000e+00,0.000000e+00,0.000000e+00,0.000000e+00,0.000000e+00,0.000000e+00,0.000000e+00,0.000000e+00,0.000000e+00,0.000000e+00,0.000000e+00,0.000000e+00,0.000000e+00,0.000000e+00,0.000000e+00,0.000000e+00,0.000000e+00,0.000000e+00,0.000000e+00,0.000000e+00,0.000000e+00,0.000000e+00,0.000000e+00,0.000000e+00,0.000000e+00,0.000000e+00,0.000000e+00,0.000000e+00,0.000000e+00,0.000000e+00,-5.894052e-09,-7.271356e-06,4.479747e-03,-2.488070e-05,-5.149786e-06,-2.179055e-08,0.000000e+00,0.000000e+00,-1.758676e+00,0.000000e+00,0.000000e+00,-6.710000e+03,0.000000e+00,0.000000e+00,0.000000e+00,0.000000e+00,0.000000e+00,0.000000e+00,0.000000e+00,0.000000e+00,0.000000e+00
2.718959e-04,1.913150e+01,1.012573e+05,2.592814e-05,-4.132706e-06,-3.017915e+01,1.023742e-01,2.449512e-06,0.000000e+00,0.000000e+00,0.000000e+00,8.492313e+00,0.000000e+00,0.000000e+00,0.000000e+00,0.000000e+00,0.000000e+00,0.000000e+00,0.000000e+00,0.000000e+00,0.000000e+00,0.000000e+00,0.000000e+00,0.000000e+00,0.000000e+00,0.000000e+00,0.000000e+00,0.000000e+00,0.000000e+00,0.000000e+00,0.000000e+00,0.000000e+00,0.000000e+00,0.000000e+00,0.000000e+00,0.000000e+00,0.000000e+00,0.000000e+00,0.000000e+00,0.000000e+00,0.000000e+00,0.000000e+00,0.000000e+00,0.000000e+00,0.000000e+00,0.000000e+00,0.000000e+00,0.000000e+00,0.000000e+00,1.913150e+01,2.556781e+04,2.424689e-05,-1.612319e-06,-7.620379e+00,1.136610e-03,0.000000e+00,0.000000e+00,0.000000e+00,0.000000e+00,0.000000e+00,0.000000e+00,0.000000e+00,0.000000e+00,0.000000e+00,0.000000e+00,0.000000e+00,0.000000e+00,0.000000e+00,0.000000e+00,0.000000e+00,0.000000e+00,0.000000e+00,0.000000e+00,0.000000e+00,0.000000e+00,0.000000e+00,0.000000e+00,0.000000e+00,0.000000e+00,0.000000e+00,0.000000e+00,0.000000e+00,0.000000e+00,0.000000e+00,0.000000e+00,-5.135620e-09,-7.276495e-06,1.020730e-02,-2.407241e-05,-4.438555e-06,-2.187465e-08,0.000000e+00,0.000000e+00,-1.824421e+00,0.000000e+00,0.000000e+00,-6.710000e+03,0.000000e+00,0.000000e+00,0.000000e+00,0.000000e+00,0.000000e+00,0.000000e+00,0.000000e+00,0.000000e+00,0.000000e+00
2.816939e-04,3.798354e+01,1.012445e+05,2.767709e-05,6.811874e-06,-3.017741e+01,1.023742e-01,2.449512e-06,0.000000e+00,0.000000e+00,0.000000e+00,2.154300e+00,0.000000e+00,0.000000e+00,0.000000e+00,0.000000e+00,0.000000e+00,0.000000e+00,0.000000e+00,0.000000e+00,0.000000e+00,0.000000e+00,0.000000e+00,0.000000e+00,0.000000e+00,0.000000e+00,0.000000e+00,0.000000e+00,0.000000e+00,0.000000e+00,0.000000e+00,0.000000e+00,0.000000e+00,0.000000e+00,0.000000e+00,0.000000e+00,0.000000e+00,0.000000e+00,0.000000e+00,0.000000e+00,0.000000e+00,0.000000e+00,0.000000e+00,0.000000e+00,0.000000e+00,0.000000e+00,0.000000e+00,0.000000e+00,0.000000e+00,3.798354e+01,2.555477e+04,2.608413e-05,1.649748e-07,-7.618031e+00,1.136610e-03,0.000000e+00,0.000000e+00,0.000000e+00,0.000000e+00,0.000000e+00,0.000000e+00,0.000000e+00,0.000000e+00,0.000000e+00,0.000000e+00,0.000000e+00,0.000000e+00,0.000000e+00,0.000000e+00,0.000000e+00,0.000000e+00,0.000000e+00,0.000000e+00,0.000000e+00,0.000000e+00,0.000000e+00,0.000000e+00,0.000000e+00,0.000000e+00,0.000000e+00,0.000000e+00,0.000000e+00,0.000000e+00,0.000000e+00,0.000000e+00,-4.640907e-09,-7.278715e-06,1.131405e-02,-2.768174e-05,-1.409061e-05,-2.175318e-08,0.000000e+00,0.000000e+00,-1.890166e+00,0.000000e+00,0.000000e+00,-6.710000e+03,0.000000e+00,0.000000e+00,0.000000e+00,0.000000e+00,0.000000e+00,0.000000e+00,0.000000e+00,0.000000e+00,0.000000e+00
2.914920e-04,5.123804e+01,1.012297e+05,1.170346e-05,8.176755e-06,-3.017716e+01,1.023742e-01,2.449512e-06,0.000000e+00,0.000000e+00,0.000000e+00,4.033460e+00,0.000000e+00,0.000000e+00,0.000000e+00,0.000000e+00,0.000000e+00,0.000000e+00,0.000000e+00,0.000000e+00,0.000000e+00,0.000000e+00,0.000000e+00,0.000000e+00,0.000000e+00,0.000000e+00,0.000000e+00,0.000000e+00,0.000000e+00,0.000000e+00,0.000000e+00,0.000000e+00,0.000000e+00,0.000000e+00,0.000000e+00,0.000000e+00,0.000000e+00,0.000000e+00,0.000000e+00,0.000000e+00,0.000000e+00,0.000000e+00,0.000000e+00,0.000000e+00,0.000000e+00,0.000000e+00,0.000000e+00,0.000000e+00,0.000000e+00,5.123804e+01,2.554119e+04,1.090113e-05,1.649725e-06,-7.617077e+00,1.136610e-03,0.000000e+00,0.000000e+00,0.000000e+00,0.000000e+00,0.000000e+00,0.000000e+00,0.000000e+00,0.000000e+00,0.000000e+00,0.000000e+00,0.000000e+00,0.000000e+00,0.000000e+00,0.000000e+00,0.000000e+00,0.000000e+00,0.000000e+00,0.000000e+00,0.000000e+00,0.000000e+00,0.000000e+00,0.000000e+00,0.000000e+00,0.000000e+00,0.000000e+00,0.000000e+00,0.000000e+00,0.000000e+00,0.000000e+00,0.000000e+00,-5.139913e-09,-7.278355e-06,1.181205e-02,4.265101e-06,-1.682004e-05,-2.175318e-08,0.000000e+00,0.000000e+00,-1.955911e+00,0.000000e+00,0.000000e+00,-6.710000e+03,0.000000e+00,0.000000e+00,0.000000e+00,0.000000e+00,0.000000e+00,0.000000e+00,0.000000e+00,0.000000e+00,0.000000e+00
3.012900e-04,6.019012e+01,1.012138e+05,1.386100e-04,1.505701e-05,-3.017275e+01,1.023742e-01,2.449512e-06,0.000000e+00,0.000000e+00,0.000000e+00,1.205839e+01,0.000000e+00,0.000000e+00,0.000000e+00,0.000000e+00,0.000000e+00,0.000000e+00,0.000000e+00,0.000000e+00,0.000000e+00,0.000000e+00,0.000000e+00,0.000000e+00,0.000000e+00,0.000000e+00,0.000000e+00,0.000000e+00,0.000000e+00,0.000000e+00,0.000000e+00,0.000000e+00,0.000000e+00,0.000000e+00,0.000000e+00,0.000000e+00,0.000000e+00,0.000000e+00,0.000000e+00,0.000000e+00,0.000000e+00,0.000000e+00,0.000000e+00,0.000000e+00,0.000000e+00,0.000000e+00,0.000000e+00,0.000000e+00,0.000000e+00,6.019012e+01,2.552680e+04,7.955651e-05,8.711708e-06,-7.613856e+00,1.136610e-03,0.000000e+00,0.000000e+00,0.000000e+00,0.000000e+00,0.000000e+00,0.000000e+00,0.000000e+00,0.000000e+00,0.000000e+00,0.000000e+00,0.000000e+00,0.000000e+00,0.000000e+00,0.000000e+00,0.000000e+00,0.000000e+00,0.000000e+00,0.000000e+00,0.000000e+00,0.000000e+00,0.000000e+00,0.000000e+00,0.000000e+00,0.000000e+00,0.000000e+00,0.000000e+00,0.000000e+00,0.000000e+00,0.000000e+00,0.000000e+00,5.901134e-10,-7.272645e-06,1.685942e-02,-1.350786e-04,-2.492627e-05,-2.144671e-08,0.000000e+00,0.000000e+00,-2.021656e+00,0.000000e+00,0.000000e+00,-6.710000e+03,0.000000e+00,0.000000e+00,0.000000e+00,0.000000e+00,0.000000e+00,0.000000e+00,0.000000e+00,0.000000e+00,0.000000e+00
3.110880e-04,7.772689e+01,1.012040e+05,5.886352e-08,1.998049e-05,-3.016907e+01,1.023742e-01,2.449512e-06,0.000000e+00,0.000000e+00,0.000000e+00,4.017963e+00,0.000000e+00,0.000000e+00,0.000000e+00,0.000000e+00,0.000000e+00,0.000000e+00,0.000000e+00,0.000000e+00,0.000000e+00,0.000000e+00,0.000000e+00,0.000000e+00,0.000000e+00,0.000000e+00,0.000000e+00,0.000000e+00,0.000000e+00,0.000000e+00,0.000000e+00,0.000000e+00,0.000000e+00,0.000000e+00,0.000000e+00,0.000000e+00,0.000000e+00,0.000000e+00,0.000000e+00,0.000000e+00,0.000000e+00,0.000000e+00,0.000000e+00,0.000000e+00,0.000000e+00,0.000000e+00,0.000000e+00,0.000000e+00,0.000000e+00,7.772689e+01,2.551466e+04,-3.292951e-06,1.598403e-05,-7.609964e+00,1.136610e-03,0.000000e+00,0.000000e+00,0.000000e+00,0.000000e+00,0.000000e+00,0.000000e+00,0.000000e+00,0.000000e+00,0.000000e+00,0.000000e+00,0.000000e+00,0.000000e+00,0.000000e+00,0.000000e+00,0.000000e+00,0.000000e+00,0.000000e+00,0.000000e+00,0.000000e+00,0.000000e+00,0.000000e+00,0.000000e+00,0.000000e+00,0.000000e+00,0.000000e+00,0.000000e+00,0.000000e+00,0.000000e+00,0.000000e+00,0.000000e+00,3.218125e-09,-7.267728e-06,1.965281e-02,-5.566108e-08,-2.724827e-05,-2.174105e-08,0.000000e+00,0.000000e+00,-2.087401e+00,0.000000e+00,0.000000e+00,-6.710000e+03,0.000000e+00,0.000000e+00,0.000000e+00,0.000000e+00,0.000000e+00,0.000000e+00,0.000000e+00,0.000000e+00,0.000000e+00
3.208861e-04,9.619814e+01,1.011684e+05,2.026945e-04,-4.507938e-06,-3.016045e+01,1.023742e-01,2.449512e-06,0.000000e+00,0.000000e+00,0.000000e+00,2.333793e+01,0.000000e+00,0.000000e+00,0.000000e+00,0.000000e+00,0.000000e+00,0.000000e+00,0.000000e+00,0.000000e+00,0.000000e+00,0.000000e+00,0.000000e+00,0.000000e+00,0.000000e+00,0.000000e+00,0.000000e+00,0.000000e+00,0.000000e+00,0.000000e+00,0.000000e+00,0.000000e+00,0.000000e+00,0.000000e+00,0.000000e+00,0.000000e+00,0.000000e+00,0.000000e+00,0.000000e+00,0.000000e+00,0.000000e+00,0.000000e+00,0.000000e+00,0.000000e+00,0.000000e+00,0.000000e+00,0.000000e+00,0.000000e+00,0.000000e+00,9.619814e+01,2.548838e+04,2.005331e-04,1.653086e-05,-7.604630e+00,1.136610e-03,0.000000e+00,0.000000e+00,0.000000e+00,0.000000e+00,0.000000e+00,0.000000e+00,0.000000e+00,0.000000e+00,0.000000e+00,0.000000e+00,0.000000e+00,0.000000e+00,0.000000e+00,0.000000e+00,0.000000e+00,0.000000e+00,0.000000e+00,0.000000e+00,0.000000e+00,0.000000e+00,0.000000e+00,0.000000e+00,0.000000e+00,0.000000e+00,0.000000e+00,0.000000e+00,0.000000e+00,0.000000e+00,0.000000e+00,0.000000e+00,-2.935450e-10,-7.261268e-06,3.002934e-02,-9.077349e-05,2.565187e-05,-2.259524e-08,0.000000e+00,0.000000e+00,-2.153146e+00,0.000000e+00,0.000000e+00,-6.710000e+03,0.000000e+00,0.000000e+00,0.000000e+00,0.000000e+00,0.000000e+00,0.000000e+00,0.000000e+00,0.000000e+00,0.000000e+00
3.306842e-04,1.328819e+02,1.011448e+05,8.459857e-05,4.340158e-05,-3.014965e+01,1.023742e-01,2.449512e-06,0.000000e+00,0.000000e+00,0.000000e+00,1.028988e+01,0.000000e+00,0.000000e+00,0.000000e+00,0.000000e+00,0.000000e+00,0.000000e+00,0.000000e+00,0.000000e+00,0.000000e+00,0.000000e+00,0.000000e+00,0.000000e+00,0.000000e+00,0.000000e+00,0.000000e+00,0.000000e+00,0.000000e+00,0.000000e+00,0.000000e+00,0.000000e+00,0.000000e+00,0.000000e+00,0.000000e+00,0.000000e+00,0.000000e+00,0.000000e+00,0.000000e+00,0.000000e+00,0.000000e+00,0.000000e+00,0.000000e+00,0.000000e+00,0.000000e+00,0.000000e+00,0.000000e+00,0.000000e+00,0.000000e+00,1.328819e+02,2.546397e+04,9.444309e-05,3.552614e-05,-7.595159e+00,1.136610e-03,0.000000e+00,0.000000e+00,0.000000e+00,0.000000e+00,0.000000e+00,0.000000e+00,0.000000e+00,0.000000e+00,0.000000e+00,0.000000e+00,0.000000e+00,0.000000e+00,0.000000e+00,0.000000e+00,0.000000e+00,0.000000e+00,0.000000e+00,0.000000e+00,0.000000e+00,0.000000e+00,0.000000e+00,0.000000e+00,0.000000e+00,0.000000e+00,0.000000e+00,0.000000e+00,0.000000e+00,0.000000e+00,0.000000e+00,0.000000e+00,-2.719695e-09,-7.257295e-06,3.942254e-02,-8.413117e-05,-3.163051e-05,-2.223341e-08,0.000000e+00,0.000000e+00,-2.218891e+00,0.000000e+00,0.000000e+00,-6.710000e+03,0.000000e+00,0.000000e+00,0.000000e+00,0.000000e+00,0.000000e+00,0.000000e+00,0.000000e+00,0.000000e+00,0.000000e+00
3.404822e-04,1.661249e+02,1.011037e+05,3.411853e-05,1.026143e-05,-3.014540e+01,1.023742e-01,2.449512e-06,0.000000e+00,0.000000e+00,0.000000e+00,1.951541e+01,0.000000e+00,0.000000e+00,0.000000e+00,0.000000e+00,0.000000e+00,0.000000e+00,0.000000e+00,0.000000e+00,0.000000e+00,0.000000e+00,0.000000e+00,0.000000e+00,0.000000e+00,0.000000e+00,0.000000e+00,0.000000e+00,0.000000e+00,0.000000e+00,0.000000e+00,0.000000e+00,0.000000e+00,0.000000e+00,0.000000e+00,0.000000e+00,0.000000e+00,0.000000e+00,0.000000e+00,0.000000e+00,0.000000e+00,0.000000e+00,0.000000e+00,0.000000e+00,0.000000e+00,0.000000e+00,0.000000e+00,0.000000e+00,0.000000e+00,1.661249e+02,2.542861e+04,5.584047e-05,1.158290e-05,-7.590602e+00,1.136610e-03,0.000000e+00,0.000000e+00,0.000000e+00,0.000000e+00,0.000000e+00,0.000000e+00,0.000000e+00,0.000000e+00,0.000000e+00,0.000000e+00,0.000000e+00,0.000000e+00,0.000000e+00,0.000000e+00,0.000000e+00,0.000000e+00,0.000000e+00,0.000000e+00,0.000000e+00,0.000000e+00,0.000000e+00,0.000000e+00,0.000000e+00,0.000000e+00,0.000000e+00,0.000000e+00,0.000000e+00,0.000000e+00,0.000000e+00,0.000000e+00,3.774295e-09,-7.254487e-06,4.441437e-02,-4.237883e-05,-1.181599e-05,-2.228160e-08,0.000000e+00,0.000000e+00,-2.284636e+00,0.000000e+00,0.000000e+00,-6.710000e+03,0.000000e+00,0.000000e+00,0.000000e+00,0.000000e+00,0.000000e+00,0.000000e+00,0.000000e+00,0.000000e+00,0.000000e+00
3.502803e-04,1.953009e+02,1.010828e+05,8.093919e-05,1.896843e-06,-3.014146e+01,1.023742e-01,2.449512e-06,0.000000e+00,0.000000e+00,0.000000e+00,1.107859e+01,0.000000e+00,0.000000e+00,0.000000e+00,0.000000e+00,0.000000e+00,0.000000e+00,0.000000e+00,0.000000e+00,0.000000e+00,0.000000e+00,0.000000e+00,0.000000e+00,0.000000e+00,0.000000e+00,0.000000e+00,0.000000e+00,0.000000e+00,0.000000e+00,0.000000e+00,0.000000e+00,0.000000e+00,0.000000e+00,0.000000e+00,0.000000e+00,0.000000e+00,0.000000e+00,0.000000e+00,0.000000e+00,0.000000e+00,0.000000e+00,0.000000e+00,0.000000e+00,0.000000e+00,0.000000e+00,0.000000e+00,0.000000e+00,0.000000e+00,1.953009e+02,2.540488e+04,9.284902e-05,9.004983e-06,-7.585109e+00,1.136610e-03,0.000000e+00,0.000000e+00,0.000000e+00,0.000000e+00,0.000000e+00,0.000000e+00,0.000000e+00,0.000000e+00,0.000000e+00,0.000000e+00,0.000000e+00,0.000000e+00,0.000000e+00,0.000000e+00,0.000000e+00,0.000000e+00,0.000000e+00,0.000000e+00,0.000000e+00,0.000000e+00,0.000000e+00,0.000000e+00,0.000000e+00,0.000000e+00,0.000000e+00,0.000000e+00,0.000000e+00,0.000000e+00,0.000000e+00,0.000000e+00,5.528680e-09,-7.252295e-06,4.740515e-02,-6.386850e-05,1.842593e-06,-2.216415e-08,0.000000e+00,0.000000e+00,-2.350380e+00,0.000000e+00,0.000000e+00,-6.710000e+03,0.000000e+00,0.000000e+00,0.000000e+00,0.000000e+00,0.000000e+00,0.000000e+00,0.000000e+00,0.000000e+00,0.000000e+00
3.600783e-04,2.186219e+02,1.010539e+05,-6.222957e-05,7.907143e-06,-3.013309e+01,1.023742e-01,2.449512e-06,0.000000e+00,0.000000e+00,0.000000e+00,1.751009e+01,0.000000e+00,0.000000e+00,0.000000e+00,0.000000e+00,0.000000e+00,0.000000e+00,0.000000e+00,0.000000e+00,0.000000e+00,0.000000e+00,0.000000e+00,0.000000e+00,0.000000e+00,0.000000e+00,0.000000e+00,0.000000e+00,0.000000e+00,0.000000e+00,0.000000e+00,0.000000e+00,0.000000e+00,0.000000e+00,0.000000e+00,0.000000e+00,0.000000e+00,0.000000e+00,0.000000e+00,0.000000e+00,0.000000e+00,0.000000e+00,0.000000e+00,0.000000e+00,0.000000e+00,0.000000e+00,0.000000e+00,0.000000e+00,0.000000e+00,2.186219e+02,2.537717e+04,-2.773374e-05,9.772317e-06,-7.578201e+00,1.136610e-03,0.000000e+00,0.000000e+00,0.000000e+00,0.000000e+00,0.000000e+00,0.000000e+00,0.000000e+00,0.000000e+00,0.000000e+00,0.000000e+00,0.000000e+00,0.000000e+00,0.000000e+00,0.000000e+00,0.000000e+00,0.000000e+00,0.000000e+00,0.000000e+00,0.000000e+00,0.000000e+00,0.000000e+00,0.000000e+00,0.000000e+00,0.000000e+00,0.000000e+00,0.000000e+00,0.000000e+00,0.000000e+00,0.000000e+00,0.000000e+00,1.112165e-08,-7.376801e-06,5.650309e-02,3.946063e-05,-3.266803e-06,-2.149074e-08,0.000000e+00,0.000000e+00,-2.416125e+00,0.000000e+00,0.000000e+00,-6.710000e+03,0.000000e+00,0.000000e+00,0.000000e+00,0.000000e+00,0.000000e+00,0.000000e+00,0.000000e+00,0.000000e+00,0.000000e+00
3.723259e-04,2.437622e+02,1.010313e+05,5.246289e-05,-4.078032e-06,-3.013098e+01,1.023742e-01,2.449512e-06,0.000000e+00,0.000000e+00,0.000000e+00,1.524852e+01,0.000000e+00,0.000000e+00,0.000000e+00,0.000000e+00,0.000000e+00,0.000000e+00,0.000000e+00,0.000000e+00,0.000000e+00,0.000000e+00,0.000000e+00,0.000000e+00,0.000000e+00,0.000000e+00,0.000000e+00,0.000000e+00,0.000000e+00,0.000000e+00,0.000000e+00,0.000000e+00,0.000000e+00,0.000000e+00,0.000000e+00,0.000000e+00,0.000000e+00,0.000000e+00,0.000000e+00,0.000000e+00,0.000000e+00,0.000000e+00,0.000000e+00,0.000000e+00,0.000000e+00,0.000000e+00,0.000000e+00,0.000000e+00,0.000000e+00,2.437622e+02,2.535596e+04,4.332094e-05,-2.023327e-06,-7.573807e+00,1.136610e-03,0.000000e+00,0.000000e+00,0.000000e+00,0.000000e+00,0.000000e+00,0.000000e+00,0.000000e+00,0.000000e+00,0.000000e+00,0.000000e+00,0.000000e+00,0.000000e+00,0.000000e+00,0.000000e+00,0.000000e+00,0.000000e+00,0.000000e+00,0.000000e+00,0.000000e+00,0.000000e+00,0.000000e+00,0.000000e+00,0.000000e+00,0.000000e+00,0.000000e+00,0.000000e+00,0.000000e+00,0.000000e+00,0.000000e+00,0.000000e+00,8.059350e-09,-7.375698e-06,5.827031e-02,-1.042103e-04,-7.821654e-07,-2.204182e-08,0.000000e+00,0.000000e+00,-2.498307e+00,0.000000e+00,0.000000e+00,-6.710000e+03,0.000000e+00,0.000000e+00,0.000000e+00,0.000000e+00,0.000000e+00,0.000000e+00,0.000000e+00,0.000000e+00,0.000000e+00
3.821239e-04,2.578178e+02,1.010072e+05,4.673039e-04,2.981486e-05,-3.011890e+01,1.023742e-01,2.449512e-06,0.000000e+00,0.000000e+00,0.000000e+00,2.732324e+01,0.000000e+00,0.000000e+00,0.000000e+00,0.000000e+00,0.000000e+00,0.000000e+00,0.000000e+00,0.000000e+00,0.000000e+00,0.000000e+00,0.000000e+00,0.000000e+00,0.000000e+00,0.000000e+00,0.000000e+00,0.000000e+00,0.000000e+00,0.000000e+00,0.000000e+00,0.000000e+00,0.000000e+00,0.000000e+00,0.000000e+00,0.000000e+00,0.000000e+00,0.000000e+00,0.000000e+00,0.000000e+00,0.000000e+00,0.000000e+00,0.000000e+00,0.000000e+00,0.000000e+00,0.000000e+00,0.000000e+00,0.000000e+00,0.000000e+00,2.578178e+02,2.533697e+04,4.218849e-04,1.579327e-05,-7.565487e+00,1.136610e-03,0.000000e+00,0.000000e+00,0.000000e+00,0.000000e+00,0.000000e+00,0.000000e+00,0.000000e+00,0.000000e+00,0.000000e+00,0.000000e+00,0.000000e+00,0.000000e+00,0.000000e+00,0.000000e+00,0.000000e+00,0.000000e+00,0.000000e+00,0.000000e+00,0.000000e+00,0.000000e+00,0.000000e+00,0.000000e+00,0.000000e+00,0.000000e+00,0.000000e+00,0.000000e+00,0.000000e+00,0.000000e+00,0.000000e+00,0.000000e+00,1.808676e-08,-7.372841e-06,7.168394e-02,-3.441386e-04,-3.935875e-05,-2.265118e-08,0.000000e+00,0.000000e+00,-2.564051e+00,0.000000e+00,0.000000e+00,-6.710000e+03,0.000000e+00,0.000000e+00,0.000000e+00,0.000000e+00,0.000000e+00,0.000000e+00,0.000000e+00,0.000000e+00,0.000000e+00
3.919220e-04,2.901072e+02,1.009766e+05,3.296588e-05,-2.638491e-05,-3.010460e+01,1.023742e-01,2.449512e-06,0.000000e+00,0.000000e+00,0.000000e+00,2.732807e+01,0.000000e+00,0.000000e+00,0.000000e+00,0.000000e+00,0.000000e+00,0.000000e+00,0.000000e+00,0.000000e+00,0.000000e+00,0.000000e+00,0.000000e+00,0.000000e+00,0.000000e+00,0.000000e+00,0.000000e+00,0.000000e+00,0.000000e+00,0.000000e+00,0.000000e+00,0.000000e+00,0.000000e+00,0.000000e+00,0.000000e+00,0.000000e+00,0.000000e+00,0.000000e+00,0.000000e+00,0.000000e+00,0.000000e+00,0.000000e+00,0.000000e+00,0.000000e+00,0.000000e+00,0.000000e+00,0.000000e+00,0.000000e+00,0.000000e+00,2.901072e+02,2.530853e+04,1.936390e-04,-4.079237e-06,-7.553812e+00,1.136610e-03,0.000000e+00,0.000000e+00,0.000000e+00,0.000000e+00,0.000000e+00,0.000000e+00,0.000000e+00,0.000000e+00,0.000000e+00,0.000000e+00,0.000000e+00,0.000000e+00,0.000000e+00,0.000000e+00,0.000000e+00,0.000000e+00,0.000000e+00,0.000000e+00,0.000000e+00,0.000000e+00,0.000000e+00,0.000000e+00,0.000000e+00,0.000000e+00,0.000000e+00,0.000000e+00,0.000000e+00,0.000000e+00,0.000000e+00,0.000000e+00,2.897310e-08,-7.373809e-06,8.514635e-02,1.440129e-05,3.978976e-05,-2.226668e-08,0.000000e+00,0.000000e+00,-2.629796e+00,0.000000e+00,0.000000e+00,-6.710000e+03,0.000000e+00,0.000000e+00,0.000000e+00,0.000000e+00,0.000000e+00,0.000000e+00,0.000000e+00,0.000000e+00,0.000000e+00
4.017200e-04,3.244805e+02,1.009461e+05,-1.781450e-04,1.645461e-05,-3.009855e+01,1.023742e-01,2.449512e-06,0.000000e+00,0.000000e+00,0.000000e+00,2.408391e+01,0.000000e+00,0.000000e+00,0.000000e+00,0.000000e+00,0.000000e+00,0.000000e+00,0.000000e+00,0.000000e+00,0.000000e+00,0.000000e+00,0.000000e+00,0.000000e+00,0.000000e+00,0.000000e+00,0.000000e+00,0.000000e+00,0.000000e+00,0.000000e+00,0.000000e+00,0.000000e+00,0.000000e+00,0.000000e+00,0.000000e+00,0.000000e+00,0.000000e+00,0.000000e+00,0.000000e+00,0.000000e+00,0.000000e+00,0.000000e+00,0.000000e+00,0.000000e+00,0.000000e+00,0.000000e+00,0.000000e+00,0.000000e+00,0.000000e+00,3.244805e+02,2.528095e+04,4.626832e-05,1.810501e-05,-7.546846e+00,1.136609e-03,0.000000e+00,0.000000e+00,0.000000e+00,0.000000e+00,0.000000e+00,0.000000e+00,0.000000e+00,0.000000e+00,0.000000e+00,0.000000e+00,0.000000e+00,0.000000e+00,0.000000e+00,0.000000e+00,0.000000e+00,0.000000e+00,0.000000e+00,0.000000e+00,0.000000e+00,0.000000e+00,0.000000e+00,0.000000e+00,0.000000e+00,0.000000e+00,0.000000e+00,0.000000e+00,0.000000e+00,0.000000e+00,0.000000e+00,0.000000e+00,2.649482e-08,-7.369614e-06,9.092596e-02,1.699998e-04,-1.533568e-06,-2.205025e-08,0.000000e+00,0.000000e+00,-2.695541e+00,0.000000e+00,0.000000e+00,-6.710000e+03,0.000000e+00,0.000000e+00,0.000000e+00,0.000000e+00,0.000000e+00,0.000000e+00,0.000000e+00,0.000000e+00,0.000000e+00
4.115181e-04,3.527643e+02,1.009206e+05,-2.049799e-04,-1.435537e-05,-3.009359e+01,1.023742e-01,2.449512e-06,0.000000e+00,0.000000e+00,0.000000e+00,2.110291e+01,0.000000e+00,0.000000e+00,0.000000e+00,0.000000e+00,0.000000e+00,0.000000e+00,0.000000e+00,0.000000e+00,0.000000e+00,0.000000e+00,0.000000e+00,0.000000e+00,0.000000e+00,0.000000e+00,0.000000e+00,0.000000e+00,0.000000e+00,0.000000e+00,0.000000e+00,0.000000e+00,0.000000e+00,0.000000e+00,0.000000e+00,0.000000e+00,0.000000e+00,0.000000e+00,0.000000e+00,0.000000e+00,0.000000e+00,0.000000e+00,0.000000e+00,0.000000e+00,0.000000e+00,0.000000e+00,0.000000e+00,0.000000e+00,0.000000e+00,3.527643e+02,2.525614e+04,-3.141104e-06,-1.597388e-05,-7.540766e+00,1.136610e-03,0.000000e+00,0.000000e+00,0.000000e+00,0.000000e+00,0.000000e+00,0.000000e+00,0.000000e+00,0.000000e+00,0.000000e+00,0.000000e+00,0.000000e+00,0.000000e+00,0.000000e+00,0.000000e+00,0.000000e+00,0.000000e+00,0.000000e+00,0.000000e+00,0.000000e+00,0.000000e+00,0.000000e+00,0.000000e+00,0.000000e+00,0.000000e+00,0.000000e+00,0.000000e+00,0.000000e+00,0.000000e+00,0.000000e+00,0.000000e+00,3.273126e-08,-7.373734e-06,9.551366e-02,2.005134e-04,4.645886e-06,-2.203825e-08,0.000000e+00,0.000000e+00,-2.761286e+00,0.000000e+00,0.000000e+00,-6.710000e+03,0.000000e+00,0.000000e+00,0.000000e+00,0.000000e+00,0.000000e+00,0.000000e+00,0.000000e+00,0.000000e+00,0.000000e+00
4.213161e-04,3.731520e+02,1.008886e+05,-7.187596e-04,1.100968e-05,-3.008679e+01,1.023742e-01,2.449512e-06,0.000000e+00,0.000000e+00,0.000000e+00,3.443919e+01,0.000000e+00,0.000000e+00,0.000000e+00,0.000000e+00,0.000000e+00,0.000000e+00,0.000000e+00,0.000000e+00,0.000000e+00,0.000000e+00,0.000000e+00,0.000000e+00,0.000000e+00,0.000000e+00,0.000000e+00,0.000000e+00,0.000000e+00,0.000000e+00,0.000000e+00,0.000000e+00,0.000000e+00,0.000000e+00,0.000000e+00,0.000000e+00,0.000000e+00,0.000000e+00,0.000000e+00,0.000000e+00,0.000000e+00,0.000000e+00,0.000000e+00,0.000000e+00,0.000000e+00,0.000000e+00,0.000000e+00,0.000000e+00,0.000000e+00,3.731520e+02,2.523038e+04,-2.753437e-04,3.338995e-06,-7.534804e+00,1.136610e-03,0.000000e+00,0.000000e+00,0.000000e+00,0.000000e+00,0.000000e+00,0.000000e+00,0.000000e+00,0.000000e+00,0.000000e+00,0.000000e+00,0.000000e+00,0.000000e+00,0.000000e+00,0.000000e+00,0.000000e+00,0.000000e+00,0.000000e+00,0.000000e+00,0.000000e+00,0.000000e+00,0.000000e+00,0.000000e+00,0.000000e+00,0.000000e+00,0.000000e+00,0.000000e+00,0.000000e+00,0.000000e+00,0.000000e+00,0.000000e+00,3.004862e-08,-7.373775e-06,1.032744e-01,8.369909e-04,-1.734235e-05,-2.148138e-08,0.000000e+00,0.000000e+00,-2.827031e+00,0.000000e+00,0.000000e+00,-6.710000e+03,0.000000e+00,0.000000e+00,0.000000e+00,0.000000e+00,0.000000e+00,0.000000e+00,0.000000e+00,0.000000e+00,0.000000e+00
4.311142e-04,3.957346e+02,1.008710e+05,-2.476839e-04,5.029832e-05,-3.007858e+01,1.023742e-01,2.449512e-06,0.000000e+00,0.000000e+00,0.000000e+00,2.976026e+01,0.000000e+00,0.000000e+00,0.000000e+00,0.000000e+00,0.000000e+00,0.000000e+00,0.000000e+00,0.000000e+00,0.000000e+00,0.000000e+00,0.000000e+00,0.000000e+00,0.000000e+00,0.000000e+00,0.000000e+00,0.000000e+00,0.000000e+00,0.000000e+00,0.000000e+00,0.000000e+00,0.000000e+00,0.000000e+00,0.000000e+00,0.000000e+00,0.000000e+00,0.000000e+00,0.000000e+00,0.000000e+00,0.000000e+00,0.000000e+00,0.000000e+00,0.000000e+00,0.000000e+00,0.000000e+00,0.000000e+00,0.000000e+00,0.000000e+00,3.957346e+02,2.521151e+04,-1.168051e-04,2.648439e-05,-7.527430e+00,1.136610e-03,0.000000e+00,0.000000e+00,0.000000e+00,0.000000e+00,0.000000e+00,0.000000e+00,0.000000e+00,0.000000e+00,0.000000e+00,0.000000e+00,0.000000e+00,0.000000e+00,0.000000e+00,0.000000e+00,0.000000e+00,0.000000e+00,0.000000e+00,0.000000e+00,0.000000e+00,0.000000e+00,0.000000e+00,0.000000e+00,0.000000e+00,0.000000e+00,0.000000e+00,0.000000e+00,0.000000e+00,0.000000e+00,0.000000e+00,0.000000e+00,3.069855e-08,-6.651443e-06,1.113295e-01,1.944316e-04,-7.227484e-05,-3.188199e-08,0.000000e+00,0.000000e+00,-2.892776e+00,0.000000e+00,0.000000e+00,-6.710000e+03,0.000000e+00,0.000000e+00,0.000000e+00,0.000000e+00,0.000000e+00,0.000000e+00,0.000000e+00,0.000000e+00,0.000000e+00
4.409122e-04,4.217310e+02,1.008481e+05,-7.231791e-05,1.252902e-05,-3.007265e+01,1.023742e-01,2.449512e-06,0.000000e+00,0.000000e+00,0.000000e+00,2.714287e+01,0.000000e+00,0.000000e+00,0.000000e+00,0.000000e+00,0.000000e+00,0.000000e+00,0.000000e+00,0.000000e+00,0.000000e+00,0.000000e+00,0.000000e+00,0.000000e+00,0.000000e+00,0.000000e+00,0.000000e+00,0.000000e+00,0.000000e+00,0.000000e+00,0.000000e+00,0.000000e+00,0.000000e+00,0.000000e+00,0.000000e+00,0.000000e+00,0.000000e+00,0.000000e+00,0.000000e+00,0.000000e+00,0.000000e+00,0.000000e+00,0.000000e+00,0.000000e+00,0.000000e+00,0.000000e+00,0.000000e+00,0.000000e+00,0.000000e+00,4.217310e+02,2.519146e+04,-3.072433e-05,-3.838158e-05,-7.521355e+00,1.136610e-03,0.000000e+00,0.000000e+00,0.000000e+00,0.000000e+00,0.000000e+00,0.000000e+00,0.000000e+00,0.000000e+00,0.000000e+00,0.000000e+00,0.000000e+00,0.000000e+00,0.000000e+00,0.000000e+00,0.000000e+00,0.000000e+00,0.000000e+00,0.000000e+00,0.000000e+00,0.000000e+00,0.000000e+00,0.000000e+00,0.000000e+00,0.000000e+00,0.000000e+00,0.000000e+00,0.000000e+00,0.000000e+00,0.000000e+00,0.000000e+00,3.227278e-08,-5.792866e-06,1.167323e-01,6.167908e-05,-8.192594e-05,-1.943839e-08,0.000000e+00,0.000000e+00,-2.958521e+00,0.000000e+00,0.000000e+00,-6.710000e+03,0.000000e+00,0.000000e+00,0.000000e+00,0.000000e+00,0.000000e+00,0.000000e+00,0.000000e+00,0.000000e+00,0.000000e+00
4.507102e-04,4.456012e+02,1.008157e+05,-7.804222e-05,5.612058e-05,-3.006505e+01,1.023742e-01,2.449512e-06,0.000000e+00,0.000000e+00,0.000000e+00,3.744281e+01,0.000000e+00,0.000000e+00,0.000000e+00,0.000000e+00,0.000000e+00,0.000000e+00,0.000000e+00,0.000000e+00,0.000000e+00,0.000000e+00,0.000000e+00,0.000000e+00,0.000000e+00,0.000000e+00,0.000000e+00,0.000000e+00,0.000000e+00,0.000000e+00,0.000000e+00,0.000000e+00,0.000000e+00,0.000000e+00,0.000000e+00,0.000000e+00,0.000000e+00,0.000000e+00,0.000000e+00,0.000000e+00,0.000000e+00,0.000000e+00,0.000000e+00,0.000000e+00,0.000000e+00,0.000000e+00,0.000000e+00,0.000000e+00,0.000000e+00,4.456012e+02,2.516616e+04,-5.481765e-05,2.283970e-05,-7.515360e+00,1.136610e-03,0.000000e+00,0.000000e+00,0.000000e+00,0.000000e+00,0.000000e+00,0.000000e+00,0.000000e+00,0.000000e+00,0.000000e+00,0.000000e+00,0.000000e+00,0.000000e+00,0.000000e+00,0.000000e+00,0.000000e+00,0.000000e+00,0.000000e+00,0.000000e+00,0.000000e+00,0.000000e+00,0.000000e+00,0.000000e+00,0.000000e+00,0.000000e+00,0.000000e+00,0.000000e+00,0.000000e+00,0.000000e+00,0.000000e+00,0.000000e+00,2.598274e-08,-5.790834e-06,1.252568e-01,4.591386e-05,-7.990171e-05,-2.000093e-08,0.000000e+00,0.000000e+00,-3.024266e+00,0.000000e+00,0.000000e+00,-6.710000e+03,0.000000e+00,0.000000e+00,0.000000e+00,0.000000e+00,0.000000e+00,0.000000e+00,0.000000e+00,0.000000e+00,0.000000e+00
4.606290e-04,4.863657e+02,1.008133e+05,4.461910e-05,-5.365371e-05,-3.004995e+01,1.023743e-01,1.431227e-06,3.208067e-04,0.000000e+00,0.000000e+00,3.701457e+01,0.000000e+00,0.000000e+00,0.000000e+00,0.000000e+00,0.000000e+00,0.000000e+00,0.000000e+00,0.000000e+00,0.000000e+00,0.000000e+00,0.000000e+00,0.000000e+00,0.000000e+00,0.000000e+00,0.000000e+00,0.000000e+00,0.000000e+00,0.000000e+00,0.000000e+00,0.000000e+00,0.000000e+00,0.000000e+00,0.000000e+00,0.000000e+00,0.000000e+00,0.000000e+00,0.000000e+00,0.000000e+00,0.000000e+00,0.000000e+00,0.000000e+00,0.000000e+00,0.000000e+00,0.000000e+00,0.000000e+00,0.000000e+00,0.000000e+00,4.863657e+02,2.516900e+04,2.782021e-04,-3.094765e-05,-7.506883e+00,1.136610e-03,0.000000e+00,0.000000e+00,0.000000e+00,0.000000e+00,0.000000e+00,0.000000e+00,0.000000e+00,0.000000e+00,0.000000e+00,0.000000e+00,0.000000e+00,0.000000e+00,0.000000e+00,0.000000e+00,0.000000e+00,0.000000e+00,0.000000e+00,0.000000e+00,0.000000e+00,0.000000e+00,0.000000e+00,0.000000e+00,0.000000e+00,0.000000e+00,1.649780e-04,-3.463055e-06,-1.045561e-02,-2.354248e-04,-1.916344e-06,1.403872e-05,2.970339e-08,-5.796335e-06,1.413814e-01,-1.166836e-04,9.390998e-05,-1.985779e-08,-9.416987e-07,3.790394e-09,-3.090805e+00,-1.304770e-01,5.561765e-04,-6.707735e+03,0.000000e+00,0.000000e+00,0.000000e+00,1.673925e-05,6.978257e-03,-2.768677e-06,0.000000e+00,0.000000e+00,0.000000e+00
4.703511e-04,5.467271e+02,1.007618e+05,5.372505e-04,-3.759599e-05,-3.004483e+01,1.023746e-01,1.182654e-06,1.049951e-03,0.000000e+00,0.000000e+00,3.753800e+01,0.000000e+00,0.000000e+00,0.000000e+00,0.000000e+00,0.000000e+00,0.000000e+00,0.000000e+00,0.000000e+00,0.000000e+00,0.000000e+00,0.000000e+00,0.000000e+00,0.000000e+00,0.000000e+00,0.000000e+00,0.000000e+00,0.000000e+00,0.000000e+00,0.000000e+00,0.000000e+00,0.000000e+00,0.000000e+00,0.000000e+00,0.000000e+00,0.000000e+00,0.000000e+00,0.000000e+00,0.000000e+00,0.000000e+00,0.000000e+00,0.000000e+00,0.000000e+00,0.000000e+00,0.000000e+00,0.000000e+00,0.000000e+00,0.000000e+00,5.467271e+02,2.515994e+04,7.423700e-04,6.934279e-05,-7.506235e+00,1.136610e-03,0.000000e+00,0.000000e+00,0.000000e+00,0.000000e+00,0.000000e+00,0.000000e+00,0.000000e+00,0.000000e+00,0.000000e+00,0.000000e+00,0.000000e+00,0.000000e+00,0.000000e+00,0.000000e+00,0.000000e+00,0.000000e+00,0.000000e+00,0.000000e+00,0.000000e+00,0.000000e+00,0.000000e+00,7.700245e-12,3.299939e-03,4.932060e-11,5.123001e-04,-5.986922e-05,-2.104928e-02,-5.985591e-04,-3.398152e-04,-6.028833e-05,3.345873e-08,-5.794556e-06,1.462820e-01,-6.082082e-04,-2.999185e-05,-1.984180e-08,-2.379729e-06,-8.895672e-08,-3.156009e+00,-1.688396e-01,-5.339684e-02,-6.704948e+03,0.000000e+00,-3.299939e-03,0.000000e+00,-2.197414e-03,1.249314e-02,3.383245e-04,0.000000e+00,0.000000e+00,0.000000e+00
4.815712e-04,6.282998e+02,1.006778e+05,5.549401e-04,-1.249615e-04,-3.004147e+01,1.023746e-01,2.304658e-06,1.049951e-03,0.000000e+00,0.000000e+00,4.015858e+01,0.000000e+00,0.000000e+00,0.000000e+00,0.000000e+00,0.000000e+00,0.000000e+00,0.000000e+00,0.000000e+00,0.000000e+00,0.000000e+00,0.000000e+00,0.000000e+00,0.000000e+00,0.000000e+00,0.000000e+00,0.000000e+00,0.000000e+00,0.000000e+00,0.000000e+00,0.000000e+00,0.000000e+00,0.000000e+00,0.000000e+00,0.000000e+00,0.000000e+00,0.000000e+00,0.000000e+00,0.000000e+00,0.000000e+00,0.000000e+00,0.000000e+00,0.000000e+00,0.000000e+00,0.000000e+00,0.000000e+00,0.000000e+00,0.000000e+00,6.282998e+02,2.510747e+04,8.075989e-04,5.706897e-05,-7.503377e+00,1.136610e-03,0.000000e+00,0.000000e+00,0.000000e+00,0.000000e+00,0.000000e+00,0.000000e+00,0.000000e+00,0.000000e+00,0.000000e+00,0.000000e+00,0.000000e+00,0.000000e+00,0.000000e+00,0.000000e+00,0.000000e+00,0.000000e+00,0.000000e+00,0.000000e+00,0.000000e+00,0.000000e+00,0.000000e+00,-3.386779e-03,-1.388483e-11,5.866075e-03,5.123001e-04,-5.986922e-05,-2.104928e-02,-5.985591e-04,-3.398152e-04,-6.028833e-05,3.752941e-08,-5.795138e-06,1.498365e-01,-5.632504e-04,4.742432e-05,-2.009691e-08,-4.274117e-06,-6.880715e-07,-3.231238e+00,-1.688396e-01,-5.339684e-02,-6.704948e+03,-6.773560e-03,0.000000e+00,0.000000e+00,-2.197414e-03,1.249314e-02,3.383245e-04,0.000000e+00,0.000000e+00,1.322961e-05
4.900432e-04,6.882190e+02,1.006475e+05,2.733599e-04,-1.456207e-04,-3.003530e+01,1.023748e-01,1.300919e-06,2.034073e-03,0.000000e+00,0.000000e+00,5.016624e+01,0.000000e+00,0.000000e+00,0.000000e+00,0.000000e+00,0.000000e+00,0.000000e+00,0.000000e+00,0.000000e+00,0.000000e+00,0.000000e+00,0.000000e+00,0.000000e+00,0.000000e+00,0.000000e+00,0.000000e+00,0.000000e+00,0.000000e+00,0.000000e+00,0.000000e+00,0.000000e+00,0.000000e+00,0.000000e+00,0.000000e+00,0.000000e+00,0.000000e+00,0.000000e+00,0.000000e+00,0.000000e+00,0.000000e+00,0.000000e+00,0.000000e+00,0.000000e+00,0.000000e+00,0.000000e+00,0.000000e+00,0.000000e+00,0.000000e+00,6.882190e+02,2.510503e+04,6.436831e-04,7.912400e-05,-7.503356e+00,1.136610e-03,0.000000e+00,0.000000e+00,0.000000e+00,0.000000e+00,0.000000e+00,0.000000e+00,0.000000e+00,0.000000e+00,0.000000e+00,0.000000e+00,0.000000e+00,0.000000e+00,0.000000e+00,0.000000e+00,0.000000e+00,0.000000e+00,0.000000e+00,0.000000e+00,0.000000e+00,0.000000e+00,0.000000e+00,-5.999885e-03,-8.982386e-11,1.039211e-02,5.852957e-05,-7.074769e-05,-3.171255e-02,-4.879224e-04,-3.358010e-04,-1.076006e-04,4.862285e-08,-5.792706e-06,1.559045e-01,-3.527155e-04,7.081294e-05,-2.028448e-08,-5.862608e-06,-1.154144e-06,-3.288030e+00,-1.555504e-01,-5.542472e-02,-6.702457e+03,-1.199978e-02,0.000000e+00,0.000000e+00,-2.264530e-03,1.747155e-02,3.581534e-04,0.000000e+00,0.000000e+00,2.343706e-05
5.007673e-04,7.610693e+02,1.005696e+05,5.294428e-04,-1.090561e-04,-3.003039e+01,1.023749e-01,1.075140e-06,2.985063e-03,0.000000e+00,0.000000e+00,6.231463e+01,0.000000e+00,0.000000e+00,0.000000e+00,0.000000e+00,0.000000e+00,0.000000e+00,0.000000e+00,0.000000e+00,0.000000e+00,0.000000e+00,0.000000e+00,0.000000e+00,0.000000e+00,0.000000e+00,0.000000e+00,0.000000e+00,0.000000e+00,0.000000e+00,0.000000e+00,0.000000e+00,0.000000e+00,0.000000e+00,0.000000e+00,0.000000e+00,0.000000e+00,0.000000e+00,0.000000e+00,0.000000e+00,0.000000e+00,0.000000e+00,0.000000e+00,0.000000e+00,0.000000e+00,0.000000e+00,0.000000e+00,0.000000e+00,0.000000e+00,7.610693e+02,2.510076e+04,8.242964e-04,1.338743e-04,-7.507411e+00,1.136610e-03,0.000000e+00,0.000000e+00,0.000000e+00,0.000000e+00,0.000000e+00,0.000000e+00,0.000000e+00,0.000000e+00,0.000000e+00,0.000000e+00,0.000000e+00,0.000000e+00,0.000000e+00,0.000000e+00,0.000000e+00,0.000000e+00,0.000000e+00,0.000000e+00,0.000000e+00,0.000000e+00,0.000000e+00,2.021041e-10,3.629932e-03,2.097420e-10,1.776967e-04,-7.182010e-05,-3.992926e-02,-6.009956e-04,-3.360774e-04,-2.348894e-04,4.690863e-08,-5.792771e-06,1.610621e-01,-6.596519e-04,4.183880e-05,-2.063659e-08,-8.409618e-06,-1.748308e-06,-3.359895e+00,-1.637149e-01,-5.501163e-02,-6.700191e+03,0.000000e+00,-3.629932e-03,0.000000e+00,-2.225611e-03,2.120677e-02,3.558826e-04,0.000000e+00,0.000000e+00,2.835885e-05
5.101698e-04,8.192214e+02,1.005036e+05,4.230671e-04,-1.178712e-04,-3.001919e+01,1.023749e-01,9.774000e-07,4.217988e-03,0.000000e+00,0.000000e+00,7.488768e+01,0.000000e+00,0.000000e+00,0.000000e+00,0.000000e+00,0.000000e+00,0.000000e+00,0.000000e+00,0.000000e+00,0.000000e+00,0.000000e+00,0.000000e+00,0.000000e+00,0.000000e+00,0.000000e+00,0.000000e+00,0.000000e+00,0.000000e+00,0.000000e+00,0.000000e+00,0.000000e+00,0.000000e+00,0.000000e+00,0.000000e+00,0.000000e+00,0.000000e+00,0.000000e+00,0.000000e+00,0.000000e+00,0.000000e+00,0.000000e+00,0.000000e+00,0.000000e+00,0.000000e+00,0.000000e+00,0.000000e+00,0.000000e+00,0.000000e+00,8.192214e+02,2.508585e+04,8.707219e-04,1.334731e-04,-7.505203e+00,1.136610e-03,0.000000e+00,0.000000e+00,0.000000e+00,0.000000e+00,0.000000e+00,0.000000e+00,0.000000e+00,0.000000e+00,0.000000e+00,0.000000e+00,0.000000e+00,0.000000e+00,0.000000e+00,0.000000e+00,0.000000e+00,0.000000e+00,0.000000e+00,0.000000e+00,0.000000e+00,0.000000e+00,0.000000e+00,-3.659258e+05,-3.305233e+02,-2.215329e+05,3.590613e-04,-5.786797e-05,-4.648015e-02,-6.434879e-04,-3.612872e-04,-3.529201e-04,4.544090e-08,-5.797660e-06,1.722143e-01,-5.459462e-04,4.449522e-05,-2.104718e-08,-1.033767e-05,-2.195470e-06,-3.422888e+00,-2.205349e-01,-5.336239e-02,-6.698720e+03,8.890559e+03,3.305611e+02,4.276675e+05,-2.089283e-03,2.512965e-02,3.370433e-04,1.720336e+01,2.357178e+02,-4.620673e+00
5.204200e-04,8.832964e+02,1.004457e+05,5.148008e-04,-1.550300e-04,-3.000691e+01,1.023749e-01,1.904676e-06,4.281228e-03,0.000000e+00,0.000000e+00,6.870343e+01,0.000000e+00,0.000000e+00,0.000000e+00,0.000000e+00,0.000000e+00,0.000000e+00,0.000000e+00,0.000000e+00,0.000000e+00,0.000000e+00,0.000000e+00,0.000000e+00,0.000000e+00,0.000000e+00,0.000000e+00,0.000000e+00,0.000000e+00,0.000000e+00,0.000000e+00,0.000000e+00,0.000000e+00,0.000000e+00,0.000000e+00,0.000000e+00,0.000000e+00,0.000000e+00,0.000000e+00,0.000000e+00,0.000000e+00,0.000000e+00,0.000000e+00,0.000000e+00,0.000000e+00,0.000000e+00,0.000000e+00,0.000000e+00,0.000000e+00,8.832964e+02,2.505788e+04,8.841478e-04,1.195245e-04,-7.498960e+00,1.136610e-03,0.000000e+00,0.000000e+00,0.000000e+00,0.000000e+00,0.000000e+00,0.000000e+00,0.000000e+00,0.000000e+00,0.000000e+00,0.000000e+00,0.000000e+00,0.000000e+00,0.000000e+00,0.000000e+00,0.000000e+00,0.000000e+00,0.000000e+00,0.000000e+00,0.000000e+00,0.000000e+00,0.000000e+00,1.742668e-10,2.049002e-03,1.490180e-10,3.720606e-04,-5.810775e-05,-4.689040e-02,-6.647887e-04,-3.613734e-04,-3.602291e-04,4.961678e-08,-5.791184e-06,1.839685e-01,-6.514160e-04,8.548634e-05,-2.157652e-08,-1.248660e-05,-2.738284e-06,-3.491545e+00,-2.094172e-01,-5.294798e-02,-6.698175e+03,0.000000e+00,-2.049002e-03,0.000000e+00,-2.067101e-03,2.543504e-02,3.308431e-04,0.000000e+00,0.000000e+00,1.600783e-05
5.305926e-04,9.654734e+02,1.004027e+05,-5.016143e-04,4.668945e-05,-2.999319e+01,1.023750e-01,1.302606e-06,7.218774e-03,0.000000e+00,0.000000e+00,8.414980e+01,0.000000e+00,0.000000e+00,0.000000e+00,0.000000e+00,0.000000e+00,0.000000e+00,0.000000e+00,0.000000e+00,0.000000e+00,0.000000e+00,0.000000e+00,0.000000e+00,0.000000e+00,0.000000e+00,0.000000e+00,0.000000e+00,0.000000e+00,0.000000e+00,0.000000e+00,0.000000e+00,0.000000e+00,0.000000e+00,0.000000e+00,0.000000e+00,0.000000e+00,0.000000e+00,0.000000e+00,0.000000e+00,0.000000e+00,0.000000e+00,0.000000e+00,0.000000e+00,0.000000e+00,0.000000e+00,0.000000e+00,0.000000e+00,0.000000e+00,9.654734e+02,2.505738e+04,4.072147e-04,2.536035e-05,-7.495253e+00,1.136610e-03,0.000000e+00,0.000000e+00,0.000000e+00,0.000000e+00,0.000000e+00,0.000000e+00,0.000000e+00,0.000000e+00,0.000000e+00,0.000000e+00,0.000000e+00,0.000000e+00,0.000000e+00,0.000000e+00,0.000000e+00,0.000000e+00,0.000000e+00,0.000000e+00,0.000000e+00,0.000000e+00,0.000000e+00,0.000000e+00,0.000000e+00,0.000000e+00,1.401593e-03,8.694773e-04,-6.532601e-02,-8.549683e-04,-6.735482e-04,-4.625954e-04,5.420388e-08,-5.793114e-06,1.979552e-01,4.636456e-04,3.228029e-07,-2.189608e-08,-1.482734e-05,-2.516126e-06,-3.559659e+00,-2.509087e-01,3.523817e-02,-6.693846e+03,0.000000e+00,0.000000e+00,0.000000e+00,3.873162e-03,3.294768e-02,-3.394687e-04,0.000000e+00,0.000000e+00,-4.681343e-05
5.408259e-04,1.060312e+03,1.003064e+05,-8.723142e-04,8.049663e-05,-2.998485e+01,1.023751e-01,9.774000e-07,1.184060e-02,0.000000e+00,0.000000e+00,9.017308e+01,0.000000e+00,0.000000e+00,0.000000e+00,0.000000e+00,0.000000e+00,0.000000e+00,0.000000e+00,0.000000e+00,0.000000e+00,0.000000e+00,0.000000e+00,0.000000e+00,0.000000e+00,0.000000e+00,0.000000e+00,0.000000e+00,0.000000e+00,0.000000e+00,0.000000e+00,0.000000e+00,0.000000e+00,0.000000e+00,0.000000e+00,0.000000e+00,0.000000e+00,0.000000e+00,0.000000e+00,0.000000e+00,0.000000e+00,0.000000e+00,0.000000e+00,0.000000e+00,0.000000e+00,0.000000e+00,0.000000e+00,0.000000e+00,0.000000e+00,1.060312e+03,2.502655e+04,6.424463e-04,2.431881e-04,-7.493462e+00,1.136610e-03,0.000000e+00,0.000000e+00,0.000000e+00,0.000000e+00,0.000000e+00,0.000000e+00,0.000000e+00,0.000000e+00,0.000000e+00,0.000000e+00,0.000000e+00,0.000000e+00,0.000000e+00,0.000000e+00,0.000000e+00,0.000000e+00,0.000000e+00,0.000000e+00,0.000000e+00,0.000000e+00,0.000000e+00,-2.027086e+05,-1.591237e+02,-1.430316e+05,1.457267e-03,5.557278e-04,-7.403599e-02,-7.626981e-04,-7.754423e-04,-5.544920e-04,5.497724e-08,-5.793233e-06,2.060997e-01,7.984667e-04,-2.334953e-05,-2.190853e-08,-1.858073e-05,-2.675997e-06,-3.628145e+00,-4.204352e-01,-5.422596e-02,-6.691583e+03,2.251517e+04,1.591407e+02,2.470666e+05,-9.722933e-04,4.278593e-02,2.912033e-04,4.617248e+00,-8.165529e+02,-2.102241e-01
5.507026e-04,1.146743e+03,1.002162e+05,-7.131738e-04,6.847156e-05,-2.997423e+01,1.023751e-01,9.774000e-07,1.234042e-02,0.000000e+00,0.000000e+00,9.879079e+01,0.000000e+00,0.000000e+00,0.000000e+00,0.000000e+00,0.000000e+00,0.000000e+00,0.000000e+00,0.000000e+00,0.000000e+00,0.000000e+00,0.000000e+00,0.000000e+00,0.000000e+00,0.000000e+00,0.000000e+00,0.000000e+00,0.000000e+00,0.000000e+00,0.000000e+00,0.000000e+00,0.000000e+00,0.000000e+00,0.000000e+00,0.000000e+00,0.000000e+00,0.000000e+00,0.000000e+00,0.000000e+00,0.000000e+00,0.000000e+00,0.000000e+00,0.000000e+00,0.000000e+00,0.000000e+00,0.000000e+00,0.000000e+00,0.000000e+00,1.146743e+03,2.500263e+04,6.672023e-04,2.548788e-04,-7.491008e+00,1.136609e-03,0.000000e+00,0.000000e+00,0.000000e+00,0.000000e+00,0.000000e+00,0.000000e+00,0.000000e+00,0.000000e+00,0.000000e+00,0.000000e+00,0.000000e+00,0.000000e+00,0.000000e+00,0.000000e+00,0.000000e+00,0.000000e+00,0.000000e+00,0.000000e+00,0.000000e+00,0.000000e+00,0.000000e+00,-2.314703e+05,8.197055e+02,-1.401252e+05,1.309497e-03,6.917699e-04,-8.067700e-02,-7.705056e-04,-9.547406e-04,-7.271140e-04,-8.956410e-07,-4.813493e-06,2.164983e-01,6.716379e-04,-1.066979e-05,1.670133e-07,-2.227603e-05,-3.088360e-06,-3.694221e+00,-3.618141e-01,-3.902660e-02,-6.689637e+03,5.617458e+03,-8.196873e+02,2.705218e+05,2.487207e-04,4.236501e-02,1.513094e-04,-2.660863e+01,1.278268e+03,7.479470e+00
5.602298e-04,1.219736e+03,1.001468e+05,-5.732130e-04,2.844848e-05,-2.996335e+01,1.023753e-01,1.431011e-06,1.126500e-02,0.000000e+00,0.000000e+00,9.748550e+01,0.000000e+00,0.000000e+00,0.000000e+00,0.000000e+00,0.000000e+00,0.000000e+00,0.000000e+00,0.000000e+00,0.000000e+00,0.000000e+00,0.000000e+00,0.000000e+00,0.000000e+00,0.000000e+00,0.000000e+00,0.000000e+00,0.000000e+00,0.000000e+00,0.000000e+00,0.000000e+00,0.000000e+00,0.000000e+00,0.000000e+00,0.000000e+00,0.000000e+00,0.000000e+00,0.000000e+00,0.000000e+00,0.000000e+00,0.000000e+00,0.000000e+00,0.000000e+00,0.000000e+00,0.000000e+00,0.000000e+00,0.000000e+00,0.000000e+00,1.219736e+03,2.497393e+04,4.555860e-04,2.698356e-04,-7.486297e+00,1.136609e-03,0.000000e+00,0.000000e+00,0.000000e+00,0.000000e+00,0.000000e+00,0.000000e+00,0.000000e+00,0.000000e+00,0.000000e+00,0.000000e+00,0.000000e+00,0.000000e+00,0.000000e+00,0.000000e+00,0.000000e+00,0.000000e+00,0.000000e+00,0.000000e+00,0.000000e+00,0.000000e+00,0.000000e+00,-1.090884e-02,-2.643869e-10,1.889477e-02,1.398085e-03,6.873863e-04,-8.603154e-02,-1.285549e-03,-9.540205e-04,-8.248825e-04,-8.944540e-07,-4.798296e-06,2.282707e-01,6.562324e-04,3.917657e-05,1.665970e-07,-2.494290e-05,-3.466918e-06,-3.757943e+00,-2.007330e-01,-3.844525e-02,-6.687655e+03,-2.181777e-02,0.000000e+00,0.000000e+00,2.711017e-04,4.135054e-02,1.586313e-04,0.000000e+00,0.000000e+00,0.000000e+00
5.705687e-04,1.317975e+03,1.000224e+05,-5.644435e-04,2.129130e-04,-2.994622e+01,1.023754e-01,9.774368e-07,1.824218e-02,0.000000e+00,0.000000e+00,1.361853e+02,0.000000e+00,0.000000e+00,0.000000e+00,0.000000e+00,0.000000e+00,0.000000e+00,0.000000e+00,0.000000e+00,0.000000e+00,0.000000e+00,0.000000e+00,0.000000e+00,0.000000e+00,0.000000e+00,0.000000e+00,0.000000e+00,0.000000e+00,0.000000e+00,0.000000e+00,0.000000e+00,0.000000e+00,0.000000e+00,0.000000e+00,0.000000e+00,0.000000e+00,0.000000e+00,0.000000e+00,0.000000e+00,0.000000e+00,0.000000e+00,0.000000e+00,0.000000e+00,0.000000e+00,0.000000e+00,0.000000e+00,0.000000e+00,0.000000e+00,1.317975e+03,2.497069e+04,3.889850e-04,2.914562e-04,-7.485969e+00,1.136609e-03,0.000000e+00,0.000000e+00,0.000000e+00,0.000000e+00,0.000000e+00,0.000000e+00,0.000000e+00,0.000000e+00,0.000000e+00,0.000000e+00,0.000000e+00,0.000000e+00,0.000000e+00,0.000000e+00,0.000000e+00,0.000000e+00,0.000000e+00,0.000000e+00,0.000000e+00,0.000000e+00,0.000000e+00,-7.712211e+05,2.123590e+04,-4.328869e+05,1.423819e-03,6.380767e-04,-1.069082e-01,-1.562036e-03,-1.662444e-04,-1.044347e-03,-1.302476e-06,-4.556075e-06,2.457328e-01,6.865670e-04,-4.642779e-05,1.501696e-07,-2.685792e-05,-3.879687e-06,-3.827060e+00,-2.327985e-01,-2.300892e-02,-6.682397e+03,-1.071678e+04,-2.123584e+04,8.843406e+05,9.274920e-04,5.134013e-02,-7.648888e-05,-4.856228e+02,2.615936e+03,1.199348e+02
5.804675e-04,1.431260e+03,9.993014e+04,-9.079462e-04,2.612819e-04,-2.993234e+01,1.023754e-01,1.075140e-06,2.421582e-02,0.000000e+00,0.000000e+00,1.174738e+02,0.000000e+00,0.000000e+00,0.000000e+00,0.000000e+00,0.000000e+00,0.000000e+00,0.000000e+00,0.000000e+00,0.000000e+00,0.000000e+00,0.000000e+00,0.000000e+00,0.000000e+00,0.000000e+00,0.000000e+00,0.000000e+00,0.000000e+00,0.000000e+00,0.000000e+00,0.000000e+00,0.000000e+00,0.000000e+00,0.000000e+00,0.000000e+00,0.000000e+00,0.000000e+00,0.000000e+00,0.000000e+00,0.000000e+00,0.000000e+00,0.000000e+00,0.000000e+00,0.000000e+00,0.000000e+00,0.000000e+00,0.000000e+00,0.000000e+00,1.431260e+03,2.495466e+04,3.747137e-04,4.212565e-04,-7.483763e+00,1.136610e-03,0.000000e+00,0.000000e+00,0.000000e+00,0.000000e+00,0.000000e+00,0.000000e+00,0.000000e+00,0.000000e+00,0.000000e+00,0.000000e+00,0.000000e+00,0.000000e+00,0.000000e+00,0.000000e+00,0.000000e+00,0.000000e+00,0.000000e+00,0.000000e+00,0.000000e+00,0.000000e+00,0.000000e+00,-6.474395e+04,3.000833e+02,-3.898163e+04,1.758768e-03,6.461337e-04,-1.188078e-01,-1.166036e-03,-1.448334e-04,-1.114839e-03,-1.405440e-06,-4.527797e-06,2.596904e-01,1.050062e-03,-1.017621e-04,1.257123e-07,-2.936939e-05,-3.983722e-06,-3.893184e+00,-3.682972e-01,-7.837680e-02,-6.678020e+03,1.387377e+03,-3.000793e+02,7.556072e+04,-1.289264e-04,6.060703e-02,2.244543e-04,1.267680e+02,4.286950e+01,-1.470583e+01
5.908918e-04,1.542422e+03,9.981212e+04,-9.449614e-04,2.308244e-04,-2.991086e+01,1.023754e-01,1.314612e-06,2.723986e-02,0.000000e+00,0.000000e+00,1.264079e+02,0.000000e+00,0.000000e+00,0.000000e+00,0.000000e+00,0.000000e+00,0.000000e+00,0.000000e+00,0.000000e+00,0.000000e+00,0.000000e+00,0.000000e+00,0.000000e+00,0.000000e+00,0.000000e+00,0.000000e+00,0.000000e+00,0.000000e+00,0.000000e+00,0.000000e+00,0.000000e+00,0.000000e+00,0.000000e+00,0.000000e+00,0.000000e+00,0.000000e+00,0.000000e+00,0.000000e+00,0.000000e+00,0.000000e+00,0.000000e+00,0.000000e+00,0.000000e+00,0.000000e+00,0.000000e+00,0.000000e+00,0.000000e+00,0.000000e+00,1.542422e+03,2.490457e+04,4.535655e-04,3.096718e-04,-7.473470e+00,1.136610e-03,0.000000e+00,0.000000e+00,0.000000e+00,0.000000e+00,0.000000e+00,0.000000e+00,0.000000e+00,0.000000e+00,0.000000e+00,0.000000e+00,0.000000e+00,0.000000e+00,0.000000e+00,0.000000e+00,0.000000e+00,0.000000e+00,0.000000e+00,0.000000e+00,0.000000e+00,0.000000e+00,0.000000e+00,-2.374941e-02,-2.968699e-03,4.113558e-02,1.720981e-03,7.348864e-04,-1.232452e-01,-9.851125e-04,-3.254365e-04,-1.232930e-03,-1.951095e-06,-4.897735e-06,2.812865e-01,1.037677e-03,-7.626205e-05,6.696961e-08,-3.344619e-05,-4.710493e-06,-3.962789e+00,-4.165806e-01,-4.868668e-02,-6.676620e+03,-4.749916e-02,2.968698e-03,0.000000e+00,2.370654e-03,6.427266e-02,-8.442516e-05,0.000000e+00,0.000000e+00,-5.218414e-05
6.004254e-04,1.628900e+03,9.973269e+04,-1.103944e-03,4.169100e-04,-2.989346e+01,1.023755e-01,1.018431e-06,3.277966e-02,0.000000e+00,0.000000e+00,1.215693e+02,0.000000e+00,0.000000e+00,0.000000e+00,0.000000e+00,0.000000e+00,0.000000e+00,0.000000e+00,0.000000e+00,0.000000e+00,0.000000e+00,0.000000e+00,0.000000e+00,0.000000e+00,0.000000e+00,0.000000e+00,0.000000e+00,0.000000e+00,0.000000e+00,0.000000e+00,0.000000e+00,0.000000e+00,0.000000e+00,0.000000e+00,0.000000e+00,0.000000e+00,0.000000e+00,0.000000e+00,0.000000e+00,0.000000e+00,0.000000e+00,0.000000e+00,0.000000e+00,0.000000e+00,0.000000e+00,0.000000e+00,0.000000e+00,0.000000e+00,1.628900e+03,2.486536e+04,5.150829e-04,5.546824e-04,-7.462736e+00,1.136610e-03,0.000000e+00,0.000000e+00,0.000000e+00,0.000000e+00,0.000000e+00,0.000000e+00,0.000000e+00,0.000000e+00,0.000000e+00,0.000000e+00,0.000000e+00,0.000000e+00,0.000000e+00,0.000000e+00,0.000000e+00,0.000000e+00,0.000000e+00,0.000000e+00,0.000000e+00,0.000000e+00,0.000000e+00,-6.142364e+04,3.288363e+03,-3.319268e+04,1.488081e-03,5.241773e-04,-1.281900e-01,-6.967646e-04,1.403662e-04,-1.265136e-03,-1.951393e-06,-4.896124e-06,2.985178e-01,1.208248e-03,-2.813973e-04,6.700751e-08,-3.794356e-05,-5.805132e-06,-4.026433e+00,-4.813139e-01,-1.088113e-01,-6.675335e+03,-1.965771e+03,-3.288360e+03,6.979079e+04,-1.393856e-03,7.037568e-02,3.883584e-04,-2.248025e+02,2.980319e+02,3.462113e+01
6.102582e-04,1.716364e+03,9.963079e+04,-1.263181e-03,5.038157e-04,-2.987766e+01,1.023756e-01,9.774000e-07,3.218210e-02,0.000000e+00,0.000000e+00,1.440950e+02,0.000000e+00,0.000000e+00,0.000000e+00,0.000000e+00,0.000000e+00,0.000000e+00,0.000000e+00,0.000000e+00,0.000000e+00,0.000000e+00,0.000000e+00,0.000000e+00,0.000000e+00,0.000000e+00,0.000000e+00,0.000000e+00,0.000000e+00,0.000000e+00,0.000000e+00,0.000000e+00,0.000000e+00,0.000000e+00,0.000000e+00,0.000000e+00,0.000000e+00,0.000000e+00,0.000000e+00,0.000000e+00,0.000000e+00,0.000000e+00,0.000000e+00,0.000000e+00,0.000000e+00,0.000000e+00,0.000000e+00,0.000000e+00,0.000000e+00,1.716364e+03,2.486621e+04,-5.447422e-05,5.768498e-04,-7.460940e+00,1.136610e-03,0.000000e+00,0.000000e+00,0.000000e+00,0.000000e+00,0.000000e+00,0.000000e+00,0.000000e+00,0.000000e+00,0.000000e+00,0.000000e+00,0.000000e+00,0.000000e+00,0.000000e+00,0.000000e+00,0.000000e+00,0.000000e+00,0.000000e+00,0.000000e+00,0.000000e+00,0.000000e+00,0.000000e+00,-1.007711e+06,7.491095e+03,-5.776638e+05,2.249614e-03,-1.795802e-04,-1.485354e-01,-2.192226e-03,1.089230e-03,-1.489715e-03,-2.449661e-06,-4.796259e-06,3.144763e-01,1.414721e-03,-3.943143e-04,8.207095e-08,-4.179002e-05,-6.784463e-06,-4.092049e+00,-2.736130e-01,1.095463e-02,-6.670091e+03,-3.577646e+03,-7.490975e+03,1.161536e+06,-3.973240e-03,6.913720e-02,1.910136e-04,-9.070467e+02,1.351456e+03,1.333058e+02
6.200716e-04,1.839455e+03,9.950665e+04,-1.357700e-03,6.549557e-04,-2.985532e+01,1.023756e-01,1.086272e-06,4.322566e-02,0.000000e+00,0.000000e+00,1.468726e+02,0.000000e+00,0.000000e+00,0.000000e+00,0.000000e+00,0.000000e+00,0.000000e+00,0.000000e+00,0.000000e+00,0.000000e+00,0.000000e+00,0.000000e+00,0.000000e+00,0.000000e+00,0.000000e+00,0.000000e+00,0.000000e+00,0.000000e+00,0.000000e+00,0.000000e+00,0.000000e+00,0.000000e+00,0.000000e+00,0.000000e+00,0.000000e+00,0.000000e+00,0.000000e+00,0.000000e+00,0.000000e+00,0.000000e+00,0.000000e+00,0.000000e+00,0.000000e+00,0.000000e+00,0.000000e+00,0.000000e+00,0.000000e+00,0.000000e+00,1.839455e+03,2.485642e+04,-4.014559e-05,4.942735e-04,-7.457773e+00,1.136610e-03,0.000000e+00,0.000000e+00,0.000000e+00,0.000000e+00,0.000000e+00,0.000000e+00,0.000000e+00,0.000000e+00,0.000000e+00,0.000000e+00,0.000000e+00,0.000000e+00,0.000000e+00,0.000000e+00,0.000000e+00,0.000000e+00,0.000000e+00,0.000000e+00,0.000000e+00,0.000000e+00,0.000000e+00,-2.471523e+05,-2.765124e+04,-1.410403e+05,1.932633e-03,3.488165e-04,-1.624137e-01,-1.893516e-03,4.543096e-04,-1.782885e-03,-2.044096e-06,-4.583675e-06,3.369280e-01,1.468991e-03,-4.782447e-04,1.126777e-07,-4.445265e-05,-6.749282e-06,-4.157468e+00,-3.142436e-01,6.516840e-02,-6.664981e+03,-1.429901e+03,2.765127e+04,2.845603e+05,2.306652e-03,8.072968e-02,-5.195438e-04,1.734453e+03,4.658410e+02,-2.043869e+02
6.300343e-04,1.984786e+03,9.936624e+04,-1.634887e-03,7.316794e-04,-2.983397e+01,1.023756e-01,1.119350e-06,6.252549e-02,0.000000e+00,0.000000e+00,1.501378e+02,0.000000e+00,0.000000e+00,0.000000e+00,0.000000e+00,0.000000e+00,0.000000e+00,0.000000e+00,0.000000e+00,0.000000e+00,0.000000e+00,0.000000e+00,0.000000e+00,0.000000e+00,0.000000e+00,0.000000e+00,0.000000e+00,0.000000e+00,0.000000e+00,0.000000e+00,0.000000e+00,0.000000e+00,0.000000e+00,0.000000e+00,0.000000e+00,0.000000e+00,0.000000e+00,0.000000e+00,0.000000e+00,0.000000e+00,0.000000e+00,0.000000e+00,0.000000e+00,0.000000e+00,0.000000e+00,0.000000e+00,0.000000e+00,0.000000e+00,1.984786e+03,2.484230e+04,-1.074574e-04,3.491985e-04,-7.455254e+00,1.136610e-03,0.000000e+00,0.000000e+00,0.000000e+00,0.000000e+00,0.000000e+00,0.000000e+00,0.000000e+00,0.000000e+00,0.000000e+00,0.000000e+00,0.000000e+00,0.000000e+00,0.000000e+00,0.000000e+00,0.000000e+00,0.000000e+00,0.000000e+00,0.000000e+00,0.000000e+00,0.000000e+00,0.000000e+00,-3.206473e+04,7.665739e+02,-7.908098e+03,1.785600e-03,2.374562e-04,-1.835499e-01,-1.867664e-03,1.914535e-04,-2.036724e-03,-2.316639e-06,-4.335281e-06,3.581175e-01,1.707447e-03,-5.588690e-04,8.309795e-08,-4.863443e-05,-5.454897e-06,-4.223821e+00,-4.377404e-01,1.763559e-01,-6.658425e+03,-9.183519e+03,-7.665718e+02,3.172298e+04,6.506327e-03,9.716398e-02,-1.114846e-03,-7.612127e+01,2.168642e+02,-2.843837e+00
6.409721e-04,2.117634e+03,9.923189e+04,-1.732024e-03,7.421554e-04,-2.981340e+01,1.023757e-01,1.021692e-06,6.491593e-02,0.000000e+00,0.000000e+00,1.530993e+02,0.000000e+00,0.000000e+00,0.000000e+00,0.000000e+00,0.000000e+00,0.000000e+00,0.000000e+00,0.000000e+00,0.000000e+00,0.000000e+00,0.000000e+00,0.000000e+00,0.000000e+00,0.000000e+00,0.000000e+00,0.000000e+00,0.000000e+00,0.000000e+00,0.000000e+00,0.000000e+00,0.000000e+00,0.000000e+00,0.000000e+00,0.000000e+00,0.000000e+00,0.000000e+00,0.000000e+00,0.000000e+00,0.000000e+00,0.000000e+00,0.000000e+00,0.000000e+00,0.000000e+00,0.000000e+00,0.000000e+00,0.000000e+00,0.000000e+00,2.117634e+03,2.479189e+04,-2.995208e-04,2.799188e-04,-7.446790e+00,1.136610e-03,0.000000e+00,0.000000e+00,0.000000e+00,0.000000e+00,0.000000e+00,0.000000e+00,0.000000e+00,0.000000e+00,0.000000e+00,0.000000e+00,0.000000e+00,0.000000e+00,0.000000e+00,0.000000e+00,0.000000e+00,0.000000e+00,0.000000e+00,0.000000e+00,0.000000e+00,0.000000e+00,0.000000e+00,-1.560016e+05,5.899012e+03,-8.944717e+04,2.068273e-03,1.049245e-04,-1.920787e-01,-2.272185e-03,3.389477e-04,-2.176304e-03,-2.813921e-06,-4.296143e-06,3.782997e-01,1.749518e-03,-5.709709e-04,1.895339e-08,-5.331757e-05,-3.520674e-06,-4.296634e+00,-4.138657e-01,1.767759e-01,-6.656065e+03,-5.357972e+02,-5.899012e+03,1.798250e+05,5.264754e-03,9.883430e-02,-9.773003e-04,-4.939879e+02,5.213687e+02,6.355894e+01
6.508356e-04,2.230684e+03,9.910538e+04,-2.189418e-03,6.302337e-04,-2.978691e+01,1.023757e-01,9.871840e-07,8.100019e-02,0.000000e+00,0.000000e+00,1.769969e+02,0.000000e+00,0.000000e+00,0.000000e+00,0.000000e+00,0.000000e+00,0.000000e+00,0.000000e+00,0.000000e+00,0.000000e+00,0.000000e+00,0.000000e+00,0.000000e+00,0.000000e+00,0.000000e+00,0.000000e+00,0.000000e+00,0.000000e+00,0.000000e+00,0.000000e+00,0.000000e+00,0.000000e+00,0.000000e+00,0.000000e+00,0.000000e+00,0.000000e+00,0.000000e+00,0.000000e+00,0.000000e+00,0.000000e+00,0.000000e+00,0.000000e+00,0.000000e+00,0.000000e+00,0.000000e+00,0.000000e+00,0.000000e+00,0.000000e+00,2.230684e+03,2.481393e+04,-6.198809e-04,4.796115e-04,-7.445314e+00,1.136610e-03,0.000000e+00,0.000000e+00,0.000000e+00,0.000000e+00,0.000000e+00,0.000000e+00,0.000000e+00,0.000000e+00,0.000000e+00,0.000000e+00,0.000000e+00,0.000000e+00,0.000000e+00,0.000000e+00,0.000000e+00,0.000000e+00,0.000000e+00,0.000000e+00,0.000000e+00,0.000000e+00,0.000000e+00,-4.470582e+05,1.210538e+04,-2.810342e+05,3.031714e-03,5.711145e-04,-2.221647e-01,-3.463618e-03,4.374022e-04,-2.462068e-03,-2.929848e-06,-4.572670e-06,4.054643e-01,2.215754e-03,-4.619410e-04,1.525127e-08,-5.738614e-05,-1.927687e-06,-4.362249e+00,-4.432695e-01,3.197111e-03,-6.647242e+03,1.985858e+04,-1.210540e+04,5.276807e+05,-4.621921e-05,1.112401e-01,3.504235e-05,-9.844936e+01,-7.209565e+02,6.749922e+00
6.606317e-04,2.396698e+03,9.893753e+04,-1.991154e-03,3.507541e-04,-2.975943e+01,1.023757e-01,9.953544e-07,8.694429e-02,0.000000e+00,0.000000e+00,1.813341e+02,0.000000e+00,0.000000e+00,0.000000e+00,0.000000e+00,0.000000e+00,0.000000e+00,0.000000e+00,0.000000e+00,0.000000e+00,0.000000e+00,0.000000e+00,0.000000e+00,0.000000e+00,0.000000e+00,0.000000e+00,0.000000e+00,0.000000e+00,0.000000e+00,0.000000e+00,0.000000e+00,0.000000e+00,0.000000e+00,0.000000e+00,0.000000e+00,0.000000e+00,0.000000e+00,0.000000e+00,0.000000e+00,0.000000e+00,0.000000e+00,0.000000e+00,0.000000e+00,0.000000e+00,0.000000e+00,0.000000e+00,0.000000e+00,0.000000e+00,2.396698e+03,2.478058e+04,-8.206530e-04,5.494826e-04,-7.438016e+00,1.136610e-03,0.000000e+00,0.000000e+00,0.000000e+00,0.000000e+00,0.000000e+00,0.000000e+00,0.000000e+00,0.000000e+00,0.000000e+00,0.000000e+00,0.000000e+00,0.000000e+00,0.000000e+00,0.000000e+00,0.000000e+00,0.000000e+00,0.000000e+00,0.000000e+00,0.000000e+00,0.000000e+00,0.000000e+00,-3.108731e+05,1.670971e+04,-1.580583e+05,3.443074e-03,3.856333e-04,-2.380120e-01,-4.083574e-03,8.255052e-04,-2.695997e-03,-2.651556e-06,-4.392186e-06,4.329622e-01,1.926898e-03,-1.707560e-04,4.510270e-08,-6.141447e-05,-2.737181e-06,-4.427336e+00,-3.666247e-01,-1.820499e-01,-6.642158e+03,-1.855042e+04,-1.670971e+04,3.482533e+05,-5.703149e-03,1.143083e-01,9.341529e-04,-8.310395e+02,9.435958e+02,1.115327e+02
6.704750e-04,2.547529e+03,9.875114e+04,-2.030818e-03,1.965180e-04,-2.973491e+01,1.023757e-01,9.774000e-07,1.076571e-01,0.000000e+00,0.000000e+00,2.271453e+02,0.000000e+00,0.000000e+00,0.000000e+00,0.000000e+00,0.000000e+00,0.000000e+00,0.000000e+00,0.000000e+00,0.000000e+00,0.000000e+00,0.000000e+00,0.000000e+00,0.000000e+00,0.000000e+00,0.000000e+00,0.000000e+00,0.000000e+00,0.000000e+00,0.000000e+00,0.000000e+00,0.000000e+00,0.000000e+00,0.000000e+00,0.000000e+00,0.000000e+00,0.000000e+00,0.000000e+00,0.000000e+00,0.000000e+00,0.000000e+00,0.000000e+00,0.000000e+00,0.000000e+00,0.000000e+00,0.000000e+00,0.000000e+00,0.000000e+00,2.547529e+03,2.473639e+04,-6.858436e-04,2.216838e-04,-7.431990e+00,1.136610e-03,0.000000e+00,0.000000e+00,0.000000e+00,0.000000e+00,0.000000e+00,0.000000e+00,0.000000e+00,0.000000e+00,0.000000e+00,0.000000e+00,0.000000e+00,0.000000e+00,0.000000e+00,0.000000e+00,0.000000e+00,0.000000e+00,0.000000e+00,0.000000e+00,0.000000e+00,0.000000e+00,0.000000e+00,-1.469738e+06,-8.585639e+04,-7.000859e+05,3.830173e-03,7.405606e-04,-2.583295e-01,-4.172967e-03,3.770035e-04,-2.977041e-03,-2.913700e-06,-4.213380e-06,4.570116e-01,1.968289e-03,-2.303654e-05,6.959386e-09,-6.544658e-05,-4.528973e-06,-4.492694e+00,-5.511864e-01,-7.640678e-02,-6.637223e+03,-1.285580e+05,8.585647e+04,1.622875e+06,9.298674e-05,1.251503e-01,1.151377e-04,4.230013e+03,5.406319e+03,-5.504588e+02
6.802655e-04,2.713861e+03,9.860795e+04,-2.121822e-03,-3.856452e-06,-2.971004e+01,1.023758e-01,9.839960e-07,1.337061e-01,0.000000e+00,0.000000e+00,2.055574e+02,0.000000e+00,0.000000e+00,0.000000e+00,0.000000e+00,0.000000e+00,0.000000e+00,0.000000e+00,0.000000e+00,0.000000e+00,0.000000e+00,0.000000e+00,0.000000e+00,0.000000e+00,0.000000e+00,0.000000e+00,0.000000e+00,0.000000e+00,0.000000e+00,0.000000e+00,0.000000e+00,0.000000e+00,0.000000e+00,0.000000e+00,0.000000e+00,0.000000e+00,0.000000e+00,0.000000e+00,0.000000e+00,0.000000e+00,0.000000e+00,0.000000e+00,0.000000e+00,0.000000e+00,0.000000e+00,0.000000e+00,0.000000e+00,0.000000e+00,2.713861e+03,2.475555e+04,-6.182129e-04,2.814937e-04,-7.433314e+00,1.136610e-03,0.000000e+00,0.000000e+00,0.000000e+00,0.000000e+00,0.000000e+00,0.000000e+00,0.000000e+00,0.000000e+00,0.000000e+00,0.000000e+00,0.000000e+00,0.000000e+00,0.000000e+00,0.000000e+00,0.000000e+00,0.000000e+00,0.000000e+00,0.000000e+00,0.000000e+00,0.000000e+00,0.000000e+00,-5.636019e+05,-1.456502e+04,-3.580905e+05,3.744002e-03,4.602793e-04,-2.832539e-01,-4.263736e-03,1.109484e-03,-3.440853e-03,-2.858321e-06,-4.121215e-06,4.824150e-01,1.933114e-03,2.152343e-04,1.230702e-08,-7.175285e-05,-5.316700e-06,-4.557626e+00,-6.178916e-01,-1.804903e-01,-6.628609e+03,2.832316e+04,1.456505e+04,6.671385e+05,-3.827318e-03,1.423670e-01,6.687295e-04,7.048099e-01,1.241415e+02,-4.540546e+01
6.900681e-04,2.902809e+03,9.840797e+04,-2.395258e-03,-4.662848e-05,-2.968215e+01,1.023759e-01,9.774000e-07,1.511972e-01,0.000000e+00,0.000000e+00,2.248064e+02,0.000000e+00,0.000000e+00,0.000000e+00,0.000000e+00,0.000000e+00,0.000000e+00,0.000000e+00,0.000000e+00,0.000000e+00,0.000000e+00,0.000000e+00,0.000000e+00,0.000000e+00,0.000000e+00,0.000000e+00,0.000000e+00,0.000000e+00,0.000000e+00,0.000000e+00,0.000000e+00,0.000000e+00,0.000000e+00,0.000000e+00,0.000000e+00,0.000000e+00,0.000000e+00,0.000000e+00,0.000000e+00,0.000000e+00,0.000000e+00,0.000000e+00,0.000000e+00,0.000000e+00,0.000000e+00,0.000000e+00,0.000000e+00,0.000000e+00,2.902809e+03,2.474083e+04,-9.146756e-04,6.333698e-05,-7.431629e+00,1.136609e-03,0.000000e+00,0.000000e+00,0.000000e+00,0.000000e+00,0.000000e+00,0.000000e+00,0.000000e+00,0.000000e+00,0.000000e+00,0.000000e+00,0.000000e+00,0.000000e+00,0.000000e+00,0.000000e+00,0.000000e+00,0.000000e+00,0.000000e+00,0.000000e+00,0.000000e+00,0.000000e+00,0.000000e+00,-1.105317e+06,4.829211e+04,-5.743431e+05,4.141615e-03,3.884936e-04,-3.113541e-01,-4.519301e-03,1.694790e-03,-3.917526e-03,-2.789169e-06,-4.362529e-06,5.101363e-01,2.065088e-03,2.450698e-04,2.158501e-08,-7.650469e-05,-6.397256e-06,-4.622561e+00,-4.712820e-01,-1.002969e-01,-6.620463e+03,-5.524476e+04,-4.829206e+04,1.244405e+06,-9.012432e-05,1.496731e-01,1.461253e-04,-3.570791e+03,3.712134e+03,4.718329e+02
7.009613e-04,3.122577e+03,9.818508e+04,-2.253484e-03,-1.419216e-04,-2.965232e+01,1.023759e-01,9.774000e-07,1.850802e-01,0.000000e+00,0.000000e+00,2.314824e+02,0.000000e+00,0.000000e+00,0.000000e+00,0.000000e+00,0.000000e+00,0.000000e+00,0.000000e+00,0.000000e+00,0.000000e+00,0.000000e+00,0.000000e+00,0.000000e+00,0.000000e+00,0.000000e+00,0.000000e+00,0.000000e+00,0.000000e+00,0.000000e+00,0.000000e+00,0.000000e+00,0.000000e+00,0.000000e+00,0.000000e+00,0.000000e+00,0.000000e+00,0.000000e+00,0.000000e+00,0.000000e+00,0.000000e+00,0.000000e+00,0.000000e+00,0.000000e+00,0.000000e+00,0.000000e+00,0.000000e+00,0.000000e+00,0.000000e+00,3.122577e+03,2.470216e+04,-5.524376e-04,2.671924e-05,-7.427971e+00,1.136610e-03,0.000000e+00,0.000000e+00,0.000000e+00,0.000000e+00,0.000000e+00,0.000000e+00,0.000000e+00,0.000000e+00,0.000000e+00,0.000000e+00,0.000000e+00,0.000000e+00,0.000000e+00,0.000000e+00,0.000000e+00,0.000000e+00,0.000000e+00,0.000000e+00,0.000000e+00,0.000000e+00,0.000000e+00,-3.821618e+05,-7.824239e+01,-2.285868e+05,4.302988e-03,2.394577e-04,-3.354616e-01,-4.188520e-03,1.813367e-03,-4.196117e-03,-2.898122e-06,-4.369906e-06,5.405783e-01,1.727949e-03,3.413102e-04,2.143781e-09,-8.306133e-05,-7.940419e-06,-4.694623e+00,-6.189721e-01,-1.401412e-01,-6.612317e+03,6.888245e+03,7.827539e+01,4.452552e+05,-2.306478e-03,1.670221e-01,5.610628e-04,-8.368863e+02,1.145971e+03,6.156202e+01
7.107527e-04,3.296547e+03,9.799860e+04,-2.354488e-03,1.420755e-05,-2.961434e+01,1.023760e-01,9.998336e-07,1.999203e-01,0.000000e+00,0.000000e+00,2.486336e+02,0.000000e+00,0.000000e+00,0.000000e+00,0.000000e+00,0.000000e+00,0.000000e+00,0.000000e+00,0.000000e+00,0.000000e+00,0.000000e+00,0.000000e+00,0.000000e+00,0.000000e+00,0.000000e+00,0.000000e+00,0.000000e+00,0.000000e+00,0.000000e+00,0.000000e+00,0.000000e+00,0.000000e+00,0.000000e+00,0.000000e+00,0.000000e+00,0.000000e+00,0.000000e+00,0.000000e+00,0.000000e+00,0.000000e+00,0.000000e+00,0.000000e+00,0.000000e+00,0.000000e+00,0.000000e+00,0.000000e+00,0.000000e+00,0.000000e+00,3.296547e+03,2.469702e+04,-6.521344e-04,2.284335e-04,-7.420884e+00,1.136610e-03,0.000000e+00,0.000000e+00,0.000000e+00,0.000000e+00,0.000000e+00,0.000000e+00,0.000000e+00,0.000000e+00,0.000000e+00,0.000000e+00,0.000000e+00,0.000000e+00,0.000000e+00,0.000000e+00,0.000000e+00,0.000000e+00,0.000000e+00,0.000000e+00,0.000000e+00,0.000000e+00,0.000000e+00,-8.918221e+05,1.705467e+04,-5.139405e+05,4.829689e-03,3.046508e-04,-3.610184e-01,-4.876342e-03,1.904251e-03,-4.815832e-03,-2.769732e-06,-4.353486e-06,5.786627e-01,1.781911e-03,1.672194e-04,2.750073e-08,-8.853019e-05,-9.515750e-06,-4.759331e+00,-5.729010e-01,-1.710399e-01,-6.604909e+03,-8.072146e+02,-1.705454e+04,1.029311e+06,-3.990889e-03,1.735381e-01,7.729433e-04,-7.702302e+02,1.282366e+03,1.078498e+02
7.206415e-04,3.493979e+03,9.780259e+04,-2.478214e-03,1.122757e-04,-2.957904e+01,1.023760e-01,9.893705e-07,2.207533e-01,0.000000e+00,0.000000e+00,2.493988e+02,0.000000e+00,0.000000e+00,0.000000e+00,0.000000e+00,0.000000e+00,0.000000e+00,0.000000e+00,0.000000e+00,0.000000e+00,0.000000e+00,0.000000e+00,0.000000e+00,0.000000e+00,0.000000e+00,0.000000e+00,0.000000e+00,0.000000e+00,0.000000e+00,0.000000e+00,0.000000e+00,0.000000e+00,0.000000e+00,0.000000e+00,0.000000e+00,0.000000e+00,0.000000e+00,0.000000e+00,0.000000e+00,0.000000e+00,0.000000e+00,0.000000e+00,0.000000e+00,0.000000e+00,0.000000e+00,0.000000e+00,0.000000e+00,0.000000e+00,3.493979e+03,2.466898e+04,-6.601829e-04,3.182592e-04,-7.413606e+00,1.136610e-03,0.000000e+00,0.000000e+00,0.000000e+00,0.000000e+00,0.000000e+00,0.000000e+00,0.000000e+00,0.000000e+00,0.000000e+00,0.000000e+00,0.000000e+00,0.000000e+00,0.000000e+00,0.000000e+00,0.000000e+00,0.000000e+00,0.000000e+00,0.000000e+00,0.000000e+00,0.000000e+00,0.000000e+00,-3.352211e+05,-3.640458e+03,-2.030312e+05,5.440246e-03,4.184416e-05,-3.865454e-01,-5.618400e-03,1.855485e-03,-5.276847e-03,-2.895172e-06,-4.655165e-06,6.136906e-01,1.745041e-03,7.473319e-05,-1.085390e-10,-9.449526e-05,-1.086348e-05,-4.824599e+00,-5.852100e-01,-1.611819e-01,-6.596372e+03,8.227335e+03,3.640518e+03,3.918254e+05,-4.991158e-03,1.828868e-01,7.493750e-04,-1.598767e+02,2.415650e+02,2.691734e+00
7.304359e-04,3.691903e+03,9.758988e+04,-2.438191e-03,1.754110e-04,-2.954619e+01,1.023761e-01,9.774000e-07,2.869797e-01,0.000000e+00,0.000000e+00,2.755683e+02,0.000000e+00,0.000000e+00,0.000000e+00,0.000000e+00,0.000000e+00,0.000000e+00,0.000000e+00,0.000000e+00,0.000000e+00,0.000000e+00,0.000000e+00,0.000000e+00,0.000000e+00,0.000000e+00,0.000000e+00,0.000000e+00,0.000000e+00,0.000000e+00,0.000000e+00,0.000000e+00,0.000000e+00,0.000000e+00,0.000000e+00,0.000000e+00,0.000000e+00,0.000000e+00,0.000000e+00,0.000000e+00,0.000000e+00,0.000000e+00,0.000000e+00,0.000000e+00,0.000000e+00,0.000000e+00,0.000000e+00,0.000000e+00,0.000000e+00,3.691903e+03,2.465493e+04,4.653423e-05,1.678651e-04,-7.410570e+00,1.136609e-03,0.000000e+00,0.000000e+00,0.000000e+00,0.000000e+00,0.000000e+00,0.000000e+00,0.000000e+00,0.000000e+00,0.000000e+00,0.000000e+00,0.000000e+00,0.000000e+00,0.000000e+00,0.000000e+00,0.000000e+00,0.000000e+00,0.000000e+00,0.000000e+00,0.000000e+00,0.000000e+00,0.000000e+00,-6.854742e+05,1.450739e+04,-4.120238e+05,6.014283e-03,4.977074e-04,-4.200982e-01,-5.325481e-03,1.796763e-03,-5.873320e-03,-2.797131e-06,-4.607354e-06,6.469722e-01,1.512466e-03,-1.892092e-05,1.959001e-08,-1.018936e-04,-1.158082e-05,-4.889161e+00,-9.370401e-01,1.666902e-02,-6.586514e+03,1.410313e+04,-1.450726e+04,7.996497e+05,3.364653e-03,2.085637e-01,-4.394292e-04,-8.519927e+02,2.786307e+02,1.223955e+02
7.402325e-04,3.932777e+03,9.734624e+04,-2.463710e-03,2.166393e-04,-2.951061e+01,1.023761e-01,9.774000e-07,3.462710e-01,0.000000e+00,0.000000e+00,2.853237e+02,0.000000e+00,0.000000e+00,0.000000e+00,0.000000e+00,0.000000e+00,0.000000e+00,0.000000e+00,0.000000e+00,0.000000e+00,0.000000e+00,0.000000e+00,0.000000e+00,0.000000e+00,0.000000e+00,0.000000e+00,0.000000e+00,0.000000e+00,0.000000e+00,0.000000e+00,0.000000e+00,0.000000e+00,0.000000e+00,0.000000e+00,0.000000e+00,0.000000e+00,0.000000e+00,0.000000e+00,0.000000e+00,0.000000e+00,0.000000e+00,0.000000e+00,0.000000e+00,0.000000e+00,0.000000e+00,0.000000e+00,0.000000e+00,0.000000e+00,3.932777e+03,2.463145e+04,4.164170e-04,3.191107e-04,-7.406489e+00,1.136610e-03,0.000000e+00,0.000000e+00,0.000000e+00,0.000000e+00,0.000000e+00,0.000000e+00,0.000000e+00,0.000000e+00,0.000000e+00,0.000000e+00,0.000000e+00,0.000000e+00,0.000000e+00,0.000000e+00,0.000000e+00,0.000000e+00,0.000000e+00,0.000000e+00,0.000000e+00,0.000000e+00,0.000000e+00,-4.909376e+05,6.965645e+02,-2.278016e+05,6.150151e-03,6.424571e-04,-4.541011e-01,-5.166709e-03,1.811696e-03,-6.343783e-03,-2.905677e-06,-4.851729e-06,6.826633e-01,1.392808e-03,-5.279509e-05,-2.113181e-09,-1.110684e-04,-1.198822e-05,-4.953634e+00,-1.083585e+00,-2.134771e-02,-6.575882e+03,-4.817414e+04,-6.964841e+02,5.390664e+05,2.646619e-03,2.278225e-01,-2.687427e-04,5.072897e+02,2.922329e+03,-5.438018e+01
7.501002e-04,4.190341e+03,9.707051e+04,-2.887934e-03,3.832177e-04,-2.947113e+01,1.023762e-01,9.774000e-07,3.864463e-01,0.000000e+00,0.000000e+00,3.078687e+02,0.000000e+00,0.000000e+00,0.000000e+00,0.000000e+00,0.000000e+00,0.000000e+00,0.000000e+00,0.000000e+00,0.000000e+00,0.000000e+00,0.000000e+00,0.000000e+00,0.000000e+00,0.000000e+00,0.000000e+00,0.000000e+00,0.000000e+00,0.000000e+00,0.000000e+00,0.000000e+00,0.000000e+00,0.000000e+00,0.000000e+00,0.000000e+00,0.000000e+00,0.000000e+00,0.000000e+00,0.000000e+00,0.000000e+00,0.000000e+00,0.000000e+00,0.000000e+00,0.000000e+00,0.000000e+00,0.000000e+00,0.000000e+00,0.000000e+00,4.190341e+03,2.459796e+04,4.153997e-04,4.518251e-04,-7.400860e+00,1.136610e-03,0.000000e+00,0.000000e+00,0.000000e+00,0.000000e+00,0.000000e+00,0.000000e+00,0.000000e+00,0.000000e+00,0.000000e+00,0.000000e+00,0.000000e+00,0.000000e+00,0.000000e+00,0.000000e+00,0.000000e+00,0.000000e+00,0.000000e+00,0.000000e+00,0.000000e+00,0.000000e+00,0.000000e+00,-9.496161e+05,-2.698569e+04,-5.445231e+05,6.955761e-03,6.928208e-04,-4.871927e-01,-6.086809e-03,2.068603e-03,-6.958418e-03,-2.900297e-06,-4.907290e-06,7.226800e-01,1.711810e-03,-1.819640e-04,-9.319074e-10,-1.221340e-04,-1.250141e-05,-5.018479e+00,-1.154575e+00,-4.212315e-02,-6.566195e+03,-3.208854e+03,2.698583e+04,1.094653e+06,2.084034e-03,2.411080e-01,-2.353370e-04,1.772104e+03,2.205598e+03,-1.954487e+02
7.608516e-04,4.464700e+03,9.679384e+04,-3.523908e-03,2.564876e-04,-2.942733e+01,1.023762e-01,9.774000e-07,4.369294e-01,0.000000e+00,0.000000e+00,3.133258e+02,0.000000e+00,0.000000e+00,0.000000e+00,0.000000e+00,0.000000e+00,0.000000e+00,0.000000e+00,0.000000e+00,0.000000e+00,0.000000e+00,0.000000e+00,0.000000e+00,0.000000e+00,0.000000e+00,0.000000e+00,0.000000e+00,0.000000e+00,0.000000e+00,0.000000e+00,0.000000e+00,0.000000e+00,0.000000e+00,0.000000e+00,0.000000e+00,0.000000e+00,0.000000e+00,0.000000e+00,0.000000e+00,0.000000e+00,0.000000e+00,0.000000e+00,0.000000e+00,0.000000e+00,0.000000e+00,0.000000e+00,0.000000e+00,0.000000e+00,4.464700e+03,2.455461e+04,-6.595999e-05,4.063183e-04,-7.392102e+00,1.136610e-03,0.000000e+00,0.000000e+00,0.000000e+00,0.000000e+00,0.000000e+00,0.000000e+00,0.000000e+00,0.000000e+00,0.000000e+00,0.000000e+00,0.000000e+00,0.000000e+00,0.000000e+00,0.000000e+00,0.000000e+00,0.000000e+00,0.000000e+00,0.000000e+00,0.000000e+00,0.000000e+00,0.000000e+00,-9.673299e+05,-4.029333e+04,-6.171909e+05,6.687418e-03,4.186334e-04,-5.181292e-01,-6.035766e-03,2.504131e-03,-7.608713e-03,-2.974085e-06,-5.121380e-06,7.664046e-01,2.060818e-03,-6.504232e-05,-1.754387e-08,-1.348837e-04,-1.290564e-05,-5.089021e+00,-1.124682e+00,-6.391574e-02,-6.556665e+03,5.087090e+04,4.029346e+04,1.146326e+06,-1.996224e-03,2.578725e-01,2.363257e-04,2.079029e+03,-6.987111e+02,-2.672181e+02
7.706742e-04,4.694318e+03,9.654116e+04,-2.288600e-03,1.320476e-04,-2.938165e+01,1.023763e-01,9.774000e-07,4.967568e-01,0.000000e+00,0.000000e+00,3.416328e+02,0.000000e+00,0.000000e+00,0.000000e+00,0.000000e+00,0.000000e+00,0.000000e+00,0.000000e+00,0.000000e+00,0.000000e+00,0.000000e+00,0.000000e+00,0.000000e+00,0.000000e+00,0.000000e+00,0.000000e+00,0.000000e+00,0.000000e+00,0.000000e+00,0.000000e+00,0.000000e+00,0.000000e+00,0.000000e+00,0.000000e+00,0.000000e+00,0.000000e+00,0.000000e+00,0.000000e+00,0.000000e+00,0.000000e+00,0.000000e+00,0.000000e+00,0.000000e+00,0.000000e+00,0.000000e+00,0.000000e+00,0.000000e+00,0.000000e+00,4.694318e+03,2.453899e+04,6.257780e-04,2.196702e-04,-7.385474e+00,1.136610e-03,0.000000e+00,0.000000e+00,0.000000e+00,0.000000e+00,0.000000e+00,0.000000e+00,0.000000e+00,0.000000e+00,0.000000e+00,0.000000e+00,0.000000e+00,0.000000e+00,0.000000e+00,0.000000e+00,0.000000e+00,0.000000e+00,0.000000e+00,0.000000e+00,0.000000e+00,0.000000e+00,0.000000e+00,-1.703793e+06,-3.978936e+04,-8.579971e+05,7.520532e-03,-7.423734e-05,-5.591887e-01,-6.417629e-03,2.988512e-03,-8.320299e-03,-3.036901e-06,-5.265972e-06,8.126472e-01,6.391705e-04,4.626615e-05,-2.999932e-08,-1.453172e-04,-1.332029e-05,-5.153368e+00,-1.039187e+00,-6.645818e-02,-6.544768e+03,-1.087899e+05,3.978958e+04,1.904530e+06,-5.275611e-03,2.729033e-01,4.889258e-04,2.033577e+03,3.422114e+03,-2.517916e+02
7.805243e-04,4.971434e+03,9.626601e+04,-2.245286e-03,1.485229e-04,-2.933355e+01,1.023763e-01,1.015658e-06,5.616354e-01,0.000000e+00,0.000000e+00,3.426914e+02,0.000000e+00,0.000000e+00,0.000000e+00,0.000000e+00,0.000000e+00,0.000000e+00,0.000000e+00,0.000000e+00,0.000000e+00,0.000000e+00,0.000000e+00,0.000000e+00,0.000000e+00,0.000000e+00,0.000000e+00,0.000000e+00,0.000000e+00,0.000000e+00,0.000000e+00,0.000000e+00,0.000000e+00,0.000000e+00,0.000000e+00,0.000000e+00,0.000000e+00,0.000000e+00,0.000000e+00,0.000000e+00,0.000000e+00,0.000000e+00,0.000000e+00,0.000000e+00,0.000000e+00,0.000000e+00,0.000000e+00,0.000000e+00,0.000000e+00,4.971434e+03,2.449878e+04,1.237248e-03,7.307390e-06,-7.375831e+00,1.136610e-03,0.000000e+00,0.000000e+00,0.000000e+00,0.000000e+00,0.000000e+00,0.000000e+00,0.000000e+00,0.000000e+00,0.000000e+00,0.000000e+00,0.000000e+00,0.000000e+00,0.000000e+00,0.000000e+00,0.000000e+00,0.000000e+00,0.000000e+00,0.000000e+00,0.000000e+00,0.000000e+00,0.000000e+00,-8.019724e+05,2.703469e+04,-4.204305e+05,8.064821e-03,5.718868e-04,-5.887365e-01,-6.315194e-03,2.205971e-03,-8.996063e-03,-3.079556e-06,-5.390673e-06,8.606666e-01,5.101393e-04,5.096748e-05,-3.858550e-08,-1.577470e-04,-1.335624e-05,-5.217770e+00,-1.337145e+00,4.911025e-02,-6.534677e+03,-3.685189e+04,-2.703461e+04,9.047449e+05,5.670801e-03,2.904197e-01,-5.252213e-04,-1.077836e+03,3.012332e+03,1.576775e+02
7.903365e-04,5.234166e+03,9.598134e+04,-2.426963e-03,1.945935e-04,-2.929143e+01,1.023764e-01,9.774000e-07,6.491805e-01,0.000000e+00,0.000000e+00,3.711824e+02,0.000000e+00,0.000000e+00,0.000000e+00,0.000000e+00,0.000000e+00,0.000000e+00,0.000000e+00,0.000000e+00,0.000000e+00,0.000000e+00,0.000000e+00,0.000000e+00,0.000000e+00,0.000000e+00,0.000000e+00,0.000000e+00,0.000000e+00,0.000000e+00,0.000000e+00,0.000000e+00,0.000000e+00,0.000000e+00,0.000000e+00,0.000000e+00,0.000000e+00,0.000000e+00,0.000000e+00,0.000000e+00,0.000000e+00,0.000000e+00,0.000000e+00,0.000000e+00,0.000000e+00,0.000000e+00,0.000000e+00,0.000000e+00,0.000000e+00,5.234166e+03,2.450026e+04,1.322368e-03,7.383796e-05,-7.376848e+00,1.136610e-03,0.000000e+00,0.000000e+00,0.000000e+00,0.000000e+00,0.000000e+00,0.000000e+00,0.000000e+00,0.000000e+00,0.000000e+00,0.000000e+00,0.000000e+00,0.000000e+00,0.000000e+00,0.000000e+00,0.000000e+00,0.000000e+00,0.000000e+00,0.000000e+00,0.000000e+00,0.000000e+00,0.000000e+00,-1.285122e+06,6.079208e+04,-7.690199e+05,9.063181e-03,2.693997e-04,-6.379513e-01,-7.174509e-03,3.046831e-03,-9.881505e-03,-3.185305e-06,-5.604315e-06,9.028276e-01,5.361105e-04,1.049863e-05,-6.098738e-08,-1.709922e-04,-1.341180e-05,-5.281821e+00,-1.456837e+00,3.424351e-02,-6.520061e+03,2.348522e+04,-6.079192e+04,1.497457e+06,6.438468e-04,3.128250e-01,-3.705249e-05,-1.432320e+03,2.225570e+03,2.558893e+02
8.001712e-04,5.558357e+03,9.565049e+04,-3.159387e-03,1.826834e-04,-2.924410e+01,1.023764e-01,9.820483e-07,7.297207e-01,0.000000e+00,0.000000e+00,3.853333e+02,0.000000e+00,0.000000e+00,0.000000e+00,0.000000e+00,0.000000e+00,0.000000e+00,0.000000e+00,0.000000e+00,0.000000e+00,0.000000e+00,0.000000e+00,0.000000e+00,0.000000e+00,0.000000e+00,0.000000e+00,0.000000e+00,0.000000e+00,0.000000e+00,0.000000e+00,0.000000e+00,0.000000e+00,0.000000e+00,0.000000e+00,0.000000e+00,0.000000e+00,0.000000e+00,0.000000e+00,0.000000e+00,0.000000e+00,0.000000e+00,0.000000e+00,0.000000e+00,0.000000e+00,0.000000e+00,0.000000e+00,0.000000e+00,0.000000e+00,5.558357e+03,2.447783e+04,9.806585e-04,3.122363e-04,-7.374341e+00,1.136610e-03,0.000000e+00,0.000000e+00,0.000000e+00,0.000000e+00,0.000000e+00,0.000000e+00,0.000000e+00,0.000000e+00,0.000000e+00,0.000000e+00,0.000000e+00,0.000000e+00,0.000000e+00,0.000000e+00,0.000000e+00,0.000000e+00,0.000000e+00,0.000000e+00,0.000000e+00,0.000000e+00,0.000000e+00,-6.750026e+05,-8.595778e+03,-4.178714e+05,9.603718e-03,3.311482e-04,-6.795775e-01,-8.042356e-03,3.457705e-03,-1.065868e-02,-3.195993e-06,-5.732569e-06,9.508812e-01,1.128364e-03,2.088087e-05,-6.610824e-08,-1.856087e-04,-1.352551e-05,-5.345870e+00,-1.497340e+00,-1.021059e-01,-6.506521e+03,2.441783e+04,8.595835e+03,7.935041e+05,-3.574266e-03,3.324291e-01,6.623989e-04,-1.048840e+02,7.640695e+02,-4.677981e+00
8.109307e-04,5.904172e+03,9.528520e+04,-3.517800e-03,1.044785e-04,-2.918511e+01,1.023765e-01,9.774000e-07,8.342247e-01,0.000000e+00,0.000000e+00,4.107779e+02,0.000000e+00,0.000000e+00,0.000000e+00,0.000000e+00,0.000000e+00,0.000000e+00,0.000000e+00,0.000000e+00,0.000000e+00,0.000000e+00,0.000000e+00,0.000000e+00,0.000000e+00,0.000000e+00,0.000000e+00,0.000000e+00,0.000000e+00,0.000000e+00,0.000000e+00,0.000000e+00,0.000000e+00,0.000000e+00,0.000000e+00,0.000000e+00,0.000000e+00,0.000000e+00,0.000000e+00,0.000000e+00,0.000000e+00,0.000000e+00,0.000000e+00,0.000000e+00,0.000000e+00,0.000000e+00,0.000000e+00,0.000000e+00,0.000000e+00,5.904172e+03,2.445139e+04,4.774537e-04,2.032339e-04,-7.367812e+00,1.136610e-03,0.000000e+00,0.000000e+00,0.000000e+00,0.000000e+00,0.000000e+00,0.000000e+00,0.000000e+00,0.000000e+00,0.000000e+00,0.000000e+00,0.000000e+00,0.000000e+00,0.000000e+00,0.000000e+00,0.000000e+00,0.000000e+00,0.000000e+00,0.000000e+00,0.000000e+00,0.000000e+00,0.000000e+00,-1.398707e+06,-2.962964e+04,-8.030734e+05,9.978828e-03,1.548015e-04,-7.319228e-01,-8.444522e-03,3.527236e-03,-1.172594e-02,-3.289472e-06,-5.978782e-06,1.010273e+00,1.149707e-03,1.227767e-04,-8.486464e-08,-2.013979e-04,-1.423351e-05,-5.415802e+00,-1.387050e+00,-8.178992e-02,-6.491132e+03,-3.800652e+03,2.962981e+04,1.612852e+06,-5.714754e-03,3.542941e-01,7.547780e-04,2.663658e+03,3.146624e+03,-2.677253e+02
8.208082e-04,6.234297e+03,9.494803e+04,-3.976565e-03,7.930723e-05,-2.913244e+01,1.023765e-01,9.774000e-07,9.310011e-01,0.000000e+00,0.000000e+00,4.209006e+02,0.000000e+00,0.000000e+00,0.000000e+00,0.000000e+00,0.000000e+00,0.000000e+00,0.000000e+00,0.000000e+00,0.000000e+00,0.000000e+00,0.000000e+00,0.000000e+00,0.000000e+00,0.000000e+00,0.000000e+00,0.000000e+00,0.000000e+00,0.000000e+00,0.000000e+00,0.000000e+00,0.000000e+00,0.000000e+00,0.000000e+00,0.000000e+00,0.000000e+00,0.000000e+00,0.000000e+00,0.000000e+00,0.000000e+00,0.000000e+00,0.000000e+00,0.000000e+00,0.000000e+00,0.000000e+00,0.000000e+00,0.000000e+00,0.000000e+00,6.234297e+03,2.439614e+04,1.995228e-04,3.216006e-04,-7.358613e+00,1.136610e-03,0.000000e+00,0.000000e+00,0.000000e+00,0.000000e+00,0.000000e+00,0.000000e+00,0.000000e+00,0.000000e+00,0.000000e+00,0.000000e+00,0.000000e+00,0.000000e+00,0.000000e+00,0.000000e+00,0.000000e+00,0.000000e+00,0.000000e+00,0.000000e+00,0.000000e+00,0.000000e+00,0.000000e+00,-1.319462e+06,3.134979e+04,-7.715424e+05,1.027065e-02,1.139205e-04,-7.696136e-01,-8.571174e-03,3.918921e-03,-1.250902e-02,-3.272032e-06,-6.124701e-06,1.063236e+00,1.419386e-03,9.693553e-05,-8.195022e-08,-2.162021e-04,-1.501646e-05,-5.479854e+00,-1.490167e+00,-1.307371e-01,-6.479411e+03,8.516620e+03,-3.134960e+04,1.528459e+06,-3.731174e-03,3.753943e-01,6.698670e-04,-3.694602e+03,1.028903e+03,4.100719e+02
8.306449e-04,6.538975e+03,9.460853e+04,-4.682892e-03,-6.427718e-05,-2.907753e+01,1.023765e-01,9.774000e-07,1.039006e+00,0.000000e+00,0.000000e+00,4.609692e+02,0.000000e+00,0.000000e+00,0.000000e+00,0.000000e+00,0.000000e+00,0.000000e+00,0.000000e+00,0.000000e+00,0.000000e+00,0.000000e+00,0.000000e+00,0.000000e+00,0.000000e+00,0.000000e+00,0.000000e+00,0.000000e+00,0.000000e+00,0.000000e+00,0.000000e+00,0.000000e+00,0.000000e+00,0.000000e+00,0.000000e+00,0.000000e+00,0.000000e+00,0.000000e+00,0.000000e+00,0.000000e+00,0.000000e+00,0.000000e+00,0.000000e+00,0.000000e+00,0.000000e+00,0.000000e+00,0.000000e+00,0.000000e+00,0.000000e+00,6.538975e+03,2.437020e+04,-3.740266e-04,3.624713e-04,-7.352859e+00,1.136609e-03,0.000000e+00,0.000000e+00,0.000000e+00,0.000000e+00,0.000000e+00,0.000000e+00,0.000000e+00,0.000000e+00,0.000000e+00,0.000000e+00,0.000000e+00,0.000000e+00,0.000000e+00,0.000000e+00,0.000000e+00,0.000000e+00,0.000000e+00,0.000000e+00,0.000000e+00,0.000000e+00,0.000000e+00,-1.900243e+06,-2.547659e+04,-1.060749e+06,1.121709e-02,3.071976e-04,-8.188963e-01,-9.296011e-03,3.800951e-03,-1.345177e-02,-3.313674e-06,-6.378508e-06,1.118290e+00,1.799538e-03,2.632315e-04,-9.004563e-08,-2.308625e-04,-1.651178e-05,-5.543508e+00,-1.539569e+00,-2.035289e-01,-6.464833e+03,-3.137413e+04,2.547698e+04,2.176035e+06,-6.117590e-03,3.954954e-01,1.109560e-03,2.606207e+02,3.285939e+03,-5.894422e+01
8.404329e-04,6.896377e+03,9.424906e+04,-3.648615e-03,-1.943250e-04,-2.901696e+01,1.023766e-01,9.774000e-07,1.188929e+00,0.000000e+00,0.000000e+00,4.698894e+02,0.000000e+00,0.000000e+00,0.000000e+00,0.000000e+00,0.000000e+00,0.000000e+00,0.000000e+00,0.000000e+00,0.000000e+00,0.000000e+00,0.000000e+00,0.000000e+00,0.000000e+00,0.000000e+00,0.000000e+00,0.000000e+00,0.000000e+00,0.000000e+00,0.000000e+00,0.000000e+00,0.000000e+00,0.000000e+00,0.000000e+00,0.000000e+00,0.000000e+00,0.000000e+00,0.000000e+00,0.000000e+00,0.000000e+00,0.000000e+00,0.000000e+00,0.000000e+00,0.000000e+00,0.000000e+00,0.000000e+00,0.000000e+00,0.000000e+00,6.896377e+03,2.436701e+04,2.796501e-04,1.211055e-04,-7.349103e+00,1.136610e-03,0.000000e+00,0.000000e+00,0.000000e+00,0.000000e+00,0.000000e+00,0.000000e+00,0.000000e+00,0.000000e+00,0.000000e+00,0.000000e+00,0.000000e+00,0.000000e+00,0.000000e+00,0.000000e+00,0.000000e+00,0.000000e+00,0.000000e+00,0.000000e+00,0.000000e+00,0.000000e+00,0.000000e+00,-1.616300e+06,1.225762e+04,-9.513242e+05,1.245230e-02,4.455636e-04,-8.780059e-01,-1.010059e-02,3.369477e-03,-1.453185e-02,-3.300045e-06,-6.582990e-06,1.179094e+00,6.055569e-04,2.659236e-04,-8.802380e-08,-2.468232e-04,-1.730385e-05,-5.606687e+00,-1.712453e+00,-4.580921e-02,-6.446293e+03,1.582503e+04,-1.225726e+04,1.875418e+06,6.710954e-04,4.239938e-01,1.278437e-04,-1.101983e+03,1.688493e+03,7.837144e+01
8.502069e-04,7.291382e+03,9.383920e+04,-4.080278e-03,-2.381411e-04,-2.896054e+01,1.023767e-01,9.859986e-07,1.303421e+00,0.000000e+00,0.000000e+00,4.863751e+02,0.000000e+00,0.000000e+00,0.000000e+00,0.000000e+00,0.000000e+00,0.000000e+00,0.000000e+00,0.000000e+00,0.000000e+00,0.000000e+00,0.000000e+00,0.000000e+00,0.000000e+00,0.000000e+00,0.000000e+00,0.000000e+00,0.000000e+00,0.000000e+00,0.000000e+00,0.000000e+00,0.000000e+00,0.000000e+00,0.000000e+00,0.000000e+00,0.000000e+00,0.000000e+00,0.000000e+00,0.000000e+00,0.000000e+00,0.000000e+00,0.000000e+00,0.000000e+00,0.000000e+00,0.000000e+00,0.000000e+00,0.000000e+00,0.000000e+00,7.291382e+03,2.432303e+04,-1.480505e-04,2.841688e-04,-7.345746e+00,1.136610e-03,0.000000e+00,0.000000e+00,0.000000e+00,0.000000e+00,0.000000e+00,0.000000e+00,0.000000e+00,0.000000e+00,0.000000e+00,0.000000e+00,0.000000e+00,0.000000e+00,0.000000e+00,0.000000e+00,0.000000e+00,0.000000e+00,0.000000e+00,0.000000e+00,0.000000e+00,0.000000e+00,0.000000e+00,-1.159487e+06,1.700700e+04,-6.742401e+05,1.307959e-02,3.125416e-04,-9.262301e-01,-1.092901e-02,3.928967e-03,-1.562703e-02,-3.337120e-06,-6.871968e-06,1.236036e+00,8.663418e-04,3.666280e-04,-9.653142e-08,-2.637154e-04,-1.822191e-05,-5.669606e+00,-1.683323e+00,-1.765134e-01,-6.430802e+03,4.245410e+03,-1.700671e+04,1.341265e+06,-5.033284e-03,4.441410e-01,9.680813e-04,-1.783737e+03,1.301291e+03,1.783946e+02
8.609669e-04,7.679434e+03,9.342093e+04,-4.995237e-03,-2.113260e-04,-2.888819e+01,1.023767e-01,9.774000e-07,1.474956e+00,0.000000e+00,0.000000e+00,5.200831e+02,0.000000e+00,0.000000e+00,0.000000e+00,0.000000e+00,0.000000e+00,0.000000e+00,0.000000e+00,0.000000e+00,0.000000e+00,0.000000e+00,0.000000e+00,0.000000e+00,0.000000e+00,0.000000e+00,0.000000e+00,0.000000e+00,0.000000e+00,0.000000e+00,0.000000e+00,0.000000e+00,0.000000e+00,0.000000e+00,0.000000e+00,0.000000e+00,0.000000e+00,0.000000e+00,0.000000e+00,0.000000e+00,0.000000e+00,0.000000e+00,0.000000e+00,0.000000e+00,0.000000e+00,0.000000e+00,0.000000e+00,0.000000e+00,0.000000e+00,7.679434e+03,2.428125e+04,-7.322757e-04,4.317808e-04,-7.334565e+00,1.136610e-03,0.000000e+00,0.000000e+00,0.000000e+00,0.000000e+00,0.000000e+00,0.000000e+00,0.000000e+00,0.000000e+00,0.000000e+00,0.000000e+00,0.000000e+00,0.000000e+00,0.000000e+00,0.000000e+00,0.000000e+00,0.000000e+00,0.000000e+00,0.000000e+00,0.000000e+00,0.000000e+00,0.000000e+00,-1.687244e+06,-4.808015e+04,-9.593129e+05,1.392245e-02,1.508253e-04,-9.865744e-01,-1.149481e-02,4.020448e-03,-1.673374e-02,-3.377180e-06,-7.170554e-06,1.308586e+00,1.434475e-03,3.228950e-04,-1.057800e-07,-2.824520e-04,-2.008587e-05,-5.738701e+00,-1.762704e+00,-2.280151e-01,-6.412792e+03,-1.270724e+04,4.808065e+04,1.940853e+06,-1.003515e-02,4.708034e-01,1.506311e-03,2.370472e+03,4.722818e+03,-3.179137e+02
8.707409e-04,8.058304e+03,9.302249e+04,-6.036034e-03,-2.354468e-04,-2.882296e+01,1.023768e-01,9.774000e-07,1.655733e+00,0.000000e+00,0.000000e+00,5.433983e+02,0.000000e+00,0.000000e+00,0.000000e+00,0.000000e+00,0.000000e+00,0.000000e+00,0.000000e+00,0.000000e+00,0.000000e+00,0.000000e+00,0.000000e+00,0.000000e+00,0.000000e+00,0.000000e+00,0.000000e+00,0.000000e+00,0.000000e+00,0.000000e+00,0.000000e+00,0.000000e+00,0.000000e+00,0.000000e+00,0.000000e+00,0.000000e+00,0.000000e+00,0.000000e+00,0.000000e+00,0.000000e+00,0.000000e+00,0.000000e+00,0.000000e+00,0.000000e+00,0.000000e+00,0.000000e+00,0.000000e+00,0.000000e+00,0.000000e+00,8.058304e+03,2.426440e+04,-1.486596e-03,4.681838e-04,-7.330185e+00,1.136610e-03,0.000000e+00,0.000000e+00,0.000000e+00,0.000000e+00,0.000000e+00,0.000000e+00,0.000000e+00,0.000000e+00,0.000000e+00,0.000000e+00,0.000000e+00,0.000000e+00,0.000000e+00,0.000000e+00,0.000000e+00,0.000000e+00,0.000000e+00,0.000000e+00,0.000000e+00,0.000000e+00,0.000000e+00,-1.271791e+06,-2.611790e+04,-7.249301e+05,1.466694e-02,3.419760e-04,-1.045549e+00,-1.239206e-02,4.051176e-03,-1.796074e-02,-3.380860e-06,-7.449019e-06,1.374577e+00,2.314244e-03,2.784271e-04,-1.077428e-07,-2.995805e-04,-2.159401e-05,-5.801284e+00,-1.838187e+00,-2.057911e-01,-6.394079e+03,-7.985984e+03,2.611836e+04,1.463869e+06,-5.605163e-03,5.003108e-01,1.113291e-03,-2.003768e+02,2.034022e+03,-6.134328e+01
8.805149e-04,8.482938e+03,9.257055e+04,-6.459385e-03,-4.264227e-04,-2.875078e+01,1.023769e-01,9.774000e-07,1.843851e+00,0.000000e+00,0.000000e+00,5.740753e+02,0.000000e+00,0.000000e+00,0.000000e+00,0.000000e+00,0.000000e+00,0.000000e+00,0.000000e+00,0.000000e+00,0.000000e+00,0.000000e+00,0.000000e+00,0.000000e+00,0.000000e+00,0.000000e+00,0.000000e+00,0.000000e+00,0.000000e+00,0.000000e+00,0.000000e+00,0.000000e+00,0.000000e+00,0.000000e+00,0.000000e+00,0.000000e+00,0.000000e+00,0.000000e+00,0.000000e+00,0.000000e+00,0.000000e+00,0.000000e+00,0.000000e+00,0.000000e+00,0.000000e+00,0.000000e+00,0.000000e+00,0.000000e+00,0.000000e+00,8.482938e+03,2.421284e+04,-1.992084e-03,3.019505e-04,-7.320031e+00,1.136610e-03,0.000000e+00,0.000000e+00,0.000000e+00,0.000000e+00,0.000000e+00,0.000000e+00,0.000000e+00,0.000000e+00,0.000000e+00,0.000000e+00,0.000000e+00,0.000000e+00,0.000000e+00,0.000000e+00,0.000000e+00,0.000000e+00,0.000000e+00,0.000000e+00,0.000000e+00,0.000000e+00,0.000000e+00,-1.540901e+06,-3.257132e+04,-8.921541e+05,1.517778e-02,4.757589e-04,-1.104410e+00,-1.315332e-02,4.365875e-03,-1.910799e-02,-3.465454e-06,-7.801927e-06,1.447102e+00,2.354094e-03,5.165438e-04,-1.259613e-07,-3.178996e-04,-2.339854e-05,-5.863683e+00,-1.871115e+00,-2.104981e-01,-6.376205e+03,2.310053e+03,3.257194e+04,1.780536e+06,-6.070215e-03,5.281324e-01,1.081378e-03,1.422557e+03,1.820094e+03,-1.876932e+02
8.903071e-04,8.912148e+03,9.211280e+04,-6.332985e-03,-3.908200e-04,-2.867912e+01,1.023769e-01,9.774000e-07,2.034292e+00,0.000000e+00,0.000000e+00,6.047449e+02,0.000000e+00,0.000000e+00,0.000000e+00,0.000000e+00,0.000000e+00,0.000000e+00,0.000000e+00,0.000000e+00,0.000000e+00,0.000000e+00,0.000000e+00,0.000000e+00,0.000000e+00,0.000000e+00,0.000000e+00,0.000000e+00,0.000000e+00,0.000000e+00,0.000000e+00,0.000000e+00,0.000000e+00,0.000000e+00,0.000000e+00,0.000000e+00,0.000000e+00,0.000000e+00,0.000000e+00,0.000000e+00,0.000000e+00,0.000000e+00,0.000000e+00,0.000000e+00,0.000000e+00,0.000000e+00,0.000000e+00,0.000000e+00,0.000000e+00,8.912148e+03,2.416899e+04,-1.965731e-03,3.589890e-04,-7.312006e+00,1.136610e-03,0.000000e+00,0.000000e+00,0.000000e+00,0.000000e+00,0.000000e+00,0.000000e+00,0.000000e+00,0.000000e+00,0.000000e+00,0.000000e+00,0.000000e+00,0.000000e+00,0.000000e+00,0.000000e+00,0.000000e+00,0.000000e+00,0.000000e+00,0.000000e+00,0.000000e+00,0.000000e+00,0.000000e+00,-1.886730e+06,-1.329431e+04,-1.068715e+06,1.654503e-02,5.735907e-04,-1.167137e+00,-1.410381e-02,4.261774e-03,-2.038963e-02,-3.510857e-06,-8.176698e-06,1.519012e+00,1.979311e-03,5.220120e-04,-1.374120e-07,-3.363756e-04,-2.568690e-05,-5.926016e+00,-1.964841e+00,-2.012127e-01,-6.357168e+03,-1.765781e+04,1.329522e+04,2.168315e+06,-4.475276e-03,5.545401e-01,1.016489e-03,6.328642e+02,2.331070e+03,-1.251879e+02
9.000811e-04,9.320916e+03,9.167054e+04,-6.156767e-03,-2.531227e-04,-2.860206e+01,1.023769e-01,9.774000e-07,2.226920e+00,0.000000e+00,0.000000e+00,6.410266e+02,0.000000e+00,0.000000e+00,0.000000e+00,0.000000e+00,0.000000e+00,0.000000e+00,0.000000e+00,0.000000e+00,0.000000e+00,0.000000e+00,0.000000e+00,0.000000e+00,0.000000e+00,0.000000e+00,0.000000e+00,0.000000e+00,0.000000e+00,0.000000e+00,0.000000e+00,0.000000e+00,0.000000e+00,0.000000e+00,0.000000e+00,0.000000e+00,0.000000e+00,0.000000e+00,0.000000e+00,0.000000e+00,0.000000e+00,0.000000e+00,0.000000e+00,0.000000e+00,0.000000e+00,0.000000e+00,0.000000e+00,0.000000e+00,0.000000e+00,9.320916e+03,2.414066e+04,-1.990163e-03,5.059603e-04,-7.302984e+00,1.136610e-03,0.000000e+00,0.000000e+00,0.000000e+00,0.000000e+00,0.000000e+00,0.000000e+00,0.000000e+00,0.000000e+00,0.000000e+00,0.000000e+00,0.000000e+00,0.000000e+00,0.000000e+00,0.000000e+00,0.000000e+00,0.000000e+00,0.000000e+00,0.000000e+00,0.000000e+00,0.000000e+00,0.000000e+00,-2.257813e+06,-4.252375e+04,-1.278959e+06,1.756174e-02,2.806671e-04,-1.232094e+00,-1.485843e-02,4.678483e-03,-2.177528e-02,-3.639395e-06,-8.595455e-06,1.596363e+00,1.481309e-03,3.809782e-04,-1.618552e-07,-3.558503e-04,-2.797557e-05,-5.988047e+00,-1.976859e+00,-2.723950e-01,-6.337441e+03,-2.107451e+04,4.252503e+04,2.594805e+06,-8.725575e-03,5.795532e-01,1.592892e-03,2.082203e+02,3.698550e+03,-1.421495e+02
9.108325e-04,9.848606e+03,9.111470e+04,-6.750994e-03,-1.776915e-04,-2.851405e+01,1.023771e-01,9.774000e-07,2.541927e+00,0.000000e+00,0.000000e+00,6.726324e+02,0.000000e+00,0.000000e+00,0.000000e+00,0.000000e+00,0.000000e+00,0.000000e+00,0.000000e+00,0.000000e+00,0.000000e+00,0.000000e+00,0.000000e+00,0.000000e+00,0.000000e+00,0.000000e+00,0.000000e+00,0.000000e+00,0.000000e+00,0.000000e+00,0.000000e+00,0.000000e+00,0.000000e+00,0.000000e+00,0.000000e+00,0.000000e+00,0.000000e+00,0.000000e+00,0.000000e+00,0.000000e+00,0.000000e+00,0.000000e+00,0.000000e+00,0.000000e+00,0.000000e+00,0.000000e+00,0.000000e+00,0.000000e+00,0.000000e+00,9.848606e+03,2.410237e+04,-2.095202e-03,6.226919e-04,-7.295817e+00,1.136610e-03,0.000000e+00,0.000000e+00,0.000000e+00,0.000000e+00,0.000000e+00,0.000000e+00,0.000000e+00,0.000000e+00,0.000000e+00,0.000000e+00,0.000000e+00,0.000000e+00,0.000000e+00,0.000000e+00,0.000000e+00,0.000000e+00,0.000000e+00,0.000000e+00,0.000000e+00,0.000000e+00,0.000000e+00,-1.604802e+06,-5.547649e+03,-9.056845e+05,1.839872e-02,5.463340e-04,-1.309654e+00,-1.575553e-02,4.830392e-03,-2.337489e-02,-3.720022e-06,-9.053274e-06,1.685117e+00,1.708113e-03,3.672566e-04,-1.774796e-07,-3.783595e-04,-3.065040e-05,-6.056034e+00,-2.164567e+00,-3.150591e-01,-6.312760e+03,-1.788597e+04,5.548710e+03,1.842643e+06,-7.670809e-03,6.196179e-01,1.493044e-03,-1.410621e+03,3.088355e+03,1.301774e+02
9.206065e-04,1.032088e+04,9.061378e+04,-7.129070e-03,-3.162139e-04,-2.843282e+01,1.023771e-01,9.774000e-07,2.789874e+00,0.000000e+00,0.000000e+00,7.024656e+02,0.000000e+00,0.000000e+00,0.000000e+00,0.000000e+00,0.000000e+00,0.000000e+00,0.000000e+00,0.000000e+00,0.000000e+00,0.000000e+00,0.000000e+00,0.000000e+00,0.000000e+00,0.000000e+00,0.000000e+00,0.000000e+00,0.000000e+00,0.000000e+00,0.000000e+00,0.000000e+00,0.000000e+00,0.000000e+00,0.000000e+00,0.000000e+00,0.000000e+00,0.000000e+00,0.000000e+00,0.000000e+00,0.000000e+00,0.000000e+00,0.000000e+00,0.000000e+00,0.000000e+00,0.000000e+00,0.000000e+00,0.000000e+00,0.000000e+00,1.032088e+04,2.404883e+04,-2.279468e-03,4.797722e-04,-7.285678e+00,1.136610e-03,0.000000e+00,0.000000e+00,0.000000e+00,0.000000e+00,0.000000e+00,0.000000e+00,0.000000e+00,0.000000e+00,0.000000e+00,0.000000e+00,0.000000e+00,0.000000e+00,0.000000e+00,0.000000e+00,0.000000e+00,0.000000e+00,0.000000e+00,0.000000e+00,0.000000e+00,0.000000e+00,0.000000e+00,-1.807978e+06,1.769645e+03,-1.019773e+06,1.963193e-02,4.533351e-04,-1.378493e+00,-1.672497e-02,4.768629e-03,-2.474487e-02,-3.862959e-06,-9.549291e-06,1.766675e+00,1.746072e-03,4.990022e-04,-2.078731e-07,-3.995250e-04,-3.320054e-05,-6.117620e+00,-2.234036e+00,-2.705365e-01,-6.291692e+03,-2.063658e+04,-1.768315e+03,2.075644e+06,-8.789052e-03,6.492239e-01,1.573374e-03,-3.478815e+02,3.049265e+03,2.976666e+01
9.303805e-04,1.079122e+04,9.009963e+04,-7.900715e-03,-2.244139e-04,-2.834804e+01,1.023771e-01,9.774000e-07,3.108043e+00,0.000000e+00,0.000000e+00,7.495824e+02,0.000000e+00,0.000000e+00,0.000000e+00,0.000000e+00,0.000000e+00,0.000000e+00,0.000000e+00,0.000000e+00,0.000000e+00,0.000000e+00,0.000000e+00,0.000000e+00,0.000000e+00,0.000000e+00,0.000000e+00,0.000000e+00,0.000000e+00,0.000000e+00,0.000000e+00,0.000000e+00,0.000000e+00,0.000000e+00,0.000000e+00,0.000000e+00,0.000000e+00,0.000000e+00,0.000000e+00,0.000000e+00,0.000000e+00,0.000000e+00,0.000000e+00,0.000000e+00,0.000000e+00,0.000000e+00,0.000000e+00,0.000000e+00,0.000000e+00,1.079122e+04,2.401851e+04,-2.531756e-03,6.351520e-04,-7.278300e+00,1.136610e-03,0.000000e+00,0.000000e+00,0.000000e+00,0.000000e+00,0.000000e+00,0.000000e+00,0.000000e+00,0.000000e+00,0.000000e+00,0.000000e+00,0.000000e+00,0.000000e+00,0.000000e+00,0.000000e+00,0.000000e+00,0.000000e+00,0.000000e+00,0.000000e+00,0.000000e+00,0.000000e+00,0.000000e+00,-2.485033e+06,-2.161842e+04,-1.431978e+06,2.098473e-02,4.301099e-04,-1.457341e+00,-1.791492e-02,5.024530e-03,-2.628372e-02,-4.023937e-06,-1.008220e-05,1.851517e+00,2.157602e-03,4.742475e-04,-2.401899e-07,-4.218111e-04,-3.619853e-05,-6.178991e+00,-2.417011e+00,-3.269889e-01,-6.268110e+03,-2.087414e+03,2.162049e+04,2.868092e+06,-9.827163e-03,6.850509e-01,1.758015e-03,-4.543309e+02,3.603172e+03,2.531706e+01
9.401545e-04,1.131913e+04,8.954832e+04,-8.098603e-03,-5.413882e-04,-2.826207e+01,1.023772e-01,9.774000e-07,3.446134e+00,0.000000e+00,0.000000e+00,7.739507e+02,0.000000e+00,0.000000e+00,0.000000e+00,0.000000e+00,0.000000e+00,0.000000e+00,0.000000e+00,0.000000e+00,0.000000e+00,0.000000e+00,0.000000e+00,0.000000e+00,0.000000e+00,0.000000e+00,0.000000e+00,0.000000e+00,0.000000e+00,0.000000e+00,0.000000e+00,0.000000e+00,0.000000e+00,0.000000e+00,0.000000e+00,0.000000e+00,0.000000e+00,0.000000e+00,0.000000e+00,0.000000e+00,0.000000e+00,0.000000e+00,0.000000e+00,0.000000e+00,0.000000e+00,0.000000e+00,0.000000e+00,0.000000e+00,0.000000e+00,1.131913e+04,2.398543e+04,-2.697840e-03,4.928489e-04,-7.273306e+00,1.136610e-03,0.000000e+00,0.000000e+00,0.000000e+00,0.000000e+00,0.000000e+00,0.000000e+00,0.000000e+00,0.000000e+00,0.000000e+00,0.000000e+00,0.000000e+00,0.000000e+00,0.000000e+00,0.000000e+00,0.000000e+00,0.000000e+00,0.000000e+00,0.000000e+00,0.000000e+00,0.000000e+00,0.000000e+00,-1.875071e+06,1.088670e+04,-1.073029e+06,2.166332e-02,8.220830e-04,-1.534819e+00,-1.857379e-02,4.702706e-03,-2.799265e-02,-4.156093e-06,-1.061979e-05,1.938371e+00,1.938840e-03,7.642330e-04,-2.672843e-07,-4.455692e-04,-3.910051e-05,-6.240124e+00,-2.479527e+00,-3.174947e-01,-6.243435e+03,-8.024572e+03,-1.088492e+04,2.160375e+06,-7.785577e-03,7.213570e-01,1.616738e-03,1.767698e+02,3.828199e+03,6.949426e+00
9.509059e-04,1.186231e+04,8.892890e+04,-8.386672e-03,-5.258123e-04,-2.815669e+01,1.023773e-01,9.774000e-07,3.819253e+00,0.000000e+00,0.000000e+00,8.566829e+02,0.000000e+00,0.000000e+00,0.000000e+00,0.000000e+00,0.000000e+00,0.000000e+00,0.000000e+00,0.000000e+00,0.000000e+00,0.000000e+00,0.000000e+00,0.000000e+00,0.000000e+00,0.000000e+00,0.000000e+00,0.000000e+00,0.000000e+00,0.000000e+00,0.000000e+00,0.000000e+00,0.000000e+00,0.000000e+00,0.000000e+00,0.000000e+00,0.000000e+00,0.000000e+00,0.000000e+00,0.000000e+00,0.000000e+00,0.000000e+00,0.000000e+00,0.000000e+00,0.000000e+00,0.000000e+00,0.000000e+00,0.000000e+00,0.000000e+00,1.186231e+04,2.393408e+04,-2.634960e-03,4.984476e-04,-7.260416e+00,1.136610e-03,0.000000e+00,0.000000e+00,0.000000e+00,0.000000e+00,0.000000e+00,0.000000e+00,0.000000e+00,0.000000e+00,0.000000e+00,0.000000e+00,0.000000e+00,0.000000e+00,0.000000e+00,0.000000e+00,0.000000e+00,0.000000e+00,0.000000e+00,0.000000e+00,0.000000e+00,0.000000e+00,0.000000e+00,-3.245338e+06,-3.894692e+04,-1.811320e+06,2.328408e-02,5.270775e-04,-1.624868e+00,-1.980294e-02,4.995669e-03,-2.985390e-02,-4.383299e-06,-1.127105e-05,2.044855e+00,1.866228e-03,7.149992e-04,-3.120734e-07,-4.729933e-04,-4.285142e-05,-6.307100e+00,-2.618041e+00,-3.298279e-01,-6.217088e+03,-5.357643e+04,3.895038e+04,3.716211e+06,-9.552882e-03,7.576499e-01,1.788375e-03,4.264350e+02,7.601818e+03,-1.372030e+02
9.606799e-04,1.243758e+04,8.835332e+04,-9.089869e-03,-4.229076e-04,-2.806019e+01,1.023774e-01,9.774000e-07,4.234591e+00,0.000000e+00,0.000000e+00,8.538733e+02,0.000000e+00,0.000000e+00,0.000000e+00,0.000000e+00,0.000000e+00,0.000000e+00,0.000000e+00,0.000000e+00,0.000000e+00,0.000000e+00,0.000000e+00,0.000000e+00,0.000000e+00,0.000000e+00,0.000000e+00,0.000000e+00,0.000000e+00,0.000000e+00,0.000000e+00,0.000000e+00,0.000000e+00,0.000000e+00,0.000000e+00,0.000000e+00,0.000000e+00,0.000000e+00,0.000000e+00,0.000000e+00,0.000000e+00,0.000000e+00,0.000000e+00,0.000000e+00,0.000000e+00,0.000000e+00,0.000000e+00,0.000000e+00,0.000000e+00,1.243758e+04,2.390452e+04,-3.037401e-03,5.640485e-04,-7.252807e+00,1.136609e-03,0.000000e+00,0.000000e+00,0.000000e+00,0.000000e+00,0.000000e+00,0.000000e+00,0.000000e+00,0.000000e+00,0.000000e+00,0.000000e+00,0.000000e+00,0.000000e+00,0.000000e+00,0.000000e+00,0.000000e+00,0.000000e+00,0.000000e+00,0.000000e+00,0.000000e+00,0.000000e+00,0.000000e+00,-2.119428e+06,-2.552931e+03,-1.237792e+06,2.445538e-02,5.568186e-04,-1.709473e+00,-2.096166e-02,5.033460e-03,-3.160110e-02,-4.568386e-06,-1.191684e-05,2.141036e+00,2.123360e-03,6.419027e-04,-3.491389e-07,-4.995075e-04,-4.615124e-05,-6.367712e+00,-2.758003e+00,-3.255065e-01,-6.189682e+03,1.255628e+04,2.555434e+03,2.454373e+06,-1.019176e-02,8.003306e-01,1.906027e-03,5.508334e+02,2.791186e+03,-7.199229e+01
9.704539e-04,1.297732e+04,8.776206e+04,-9.192291e-03,-6.464480e-04,-2.796076e+01,1.023774e-01,9.774000e-07,4.651044e+00,0.000000e+00,0.000000e+00,9.070099e+02,0.000000e+00,0.000000e+00,0.000000e+00,0.000000e+00,0.000000e+00,0.000000e+00,0.000000e+00,0.000000e+00,0.000000e+00,0.000000e+00,0.000000e+00,0.000000e+00,0.000000e+00,0.000000e+00,0.000000e+00,0.000000e+00,0.000000e+00,0.000000e+00,0.000000e+00,0.000000e+00,0.000000e+00,0.000000e+00,0.000000e+00,0.000000e+00,0.000000e+00,0.000000e+00,0.000000e+00,0.000000e+00,0.000000e+00,0.000000e+00,0.000000e+00,0.000000e+00,0.000000e+00,0.000000e+00,0.000000e+00,0.000000e+00,0.000000e+00,1.297732e+04,2.385109e+04,-3.011614e-03,4.886941e-04,-7.241684e+00,1.136610e-03,0.000000e+00,0.000000e+00,0.000000e+00,0.000000e+00,0.000000e+00,0.000000e+00,0.000000e+00,0.000000e+00,0.000000e+00,0.000000e+00,0.000000e+00,0.000000e+00,0.000000e+00,0.000000e+00,0.000000e+00,0.000000e+00,0.000000e+00,0.000000e+00,0.000000e+00,0.000000e+00,0.000000e+00,-2.719808e+06,-2.383679e+03,-1.559704e+06,2.564581e-02,3.567293e-04,-1.795355e+00,-2.201362e-02,5.348075e-03,-3.337573e-02,-4.795852e-06,-1.261104e-05,2.241171e+00,1.803169e-03,7.749977e-04,-3.904456e-07,-5.269467e-04,-4.973167e-05,-6.428074e+00,-2.882051e+00,-3.459370e-01,-6.163788e+03,-8.737138e+03,2.387222e+03,3.135276e+06,-1.174558e-02,8.378811e-01,2.037405e-03,-1.898253e+02,4.701718e+03,1.999285e+01
9.802278e-04,1.356826e+04,8.713873e+04,-9.440920e-03,-5.516501e-04,-2.786017e+01,1.023774e-01,9.774000e-07,5.142353e+00,0.000000e+00,0.000000e+00,9.401000e+02,0.000000e+00,0.000000e+00,0.000000e+00,0.000000e+00,0.000000e+00,0.000000e+00,0.000000e+00,0.000000e+00,0.000000e+00,0.000000e+00,0.000000e+00,0.000000e+00,0.000000e+00,0.000000e+00,0.000000e+00,0.000000e+00,0.000000e+00,0.000000e+00,0.000000e+00,0.000000e+00,0.000000e+00,0.000000e+00,0.000000e+00,0.000000e+00,0.000000e+00,0.000000e+00,0.000000e+00,0.000000e+00,0.000000e+00,0.000000e+00,0.000000e+00,0.000000e+00,0.000000e+00,0.000000e+00,0.000000e+00,0.000000e+00,0.000000e+00,1.356826e+04,2.381350e+04,-3.060184e-03,6.161290e-04,-7.234387e+00,1.136610e-03,0.000000e+00,0.000000e+00,0.000000e+00,0.000000e+00,0.000000e+00,0.000000e+00,0.000000e+00,0.000000e+00,0.000000e+00,0.000000e+00,0.000000e+00,0.000000e+00,0.000000e+00,0.000000e+00,0.000000e+00,0.000000e+00,0.000000e+00,0.000000e+00,0.000000e+00,0.000000e+00,0.000000e+00,-2.722179e+06,1.695911e+03,-1.543635e+06,2.694223e-02,5.351973e-04,-1.888267e+00,-2.313824e-02,5.262123e-03,-3.532278e-02,-5.038732e-06,-1.334633e-05,2.342086e+00,1.624417e-03,6.942479e-04,-4.364375e-07,-5.559936e-04,-5.337555e-05,-6.488161e+00,-3.018138e+00,-3.871280e-01,-6.135050e+03,-2.381360e+04,-1.692050e+03,3.129298e+06,-1.322048e-02,8.811269e-01,2.341366e-03,1.373384e+03,4.732697e+03,-1.207082e+02
9.900018e-04,1.415067e+04,8.651130e+04,-9.681648e-03,-6.024409e-04,-2.775228e+01,1.023775e-01,9.774000e-07,5.664748e+00,0.000000e+00,0.000000e+00,9.857412e+02,0.000000e+00,0.000000e+00,0.000000e+00,0.000000e+00,0.000000e+00,0.000000e+00,0.000000e+00,0.000000e+00,0.000000e+00,0.000000e+00,0.000000e+00,0.000000e+00,0.000000e+00,0.000000e+00,0.000000e+00,0.000000e+00,0.000000e+00,0.000000e+00,0.000000e+00,0.000000e+00,0.000000e+00,0.000000e+00,0.000000e+00,0.000000e+00,0.000000e+00,0.000000e+00,0.000000e+00,0.000000e+00,0.000000e+00,0.000000e+00,0.000000e+00,0.000000e+00,0.000000e+00,0.000000e+00,0.000000e+00,0.000000e+00,0.000000e+00,1.415067e+04,2.377632e+04,-3.046627e-03,6.827897e-04,-7.224345e+00,1.136610e-03,0.000000e+00,0.000000e+00,0.000000e+00,0.000000e+00,0.000000e+00,0.000000e+00,0.000000e+00,0.000000e+00,0.000000e+00,0.000000e+00,0.000000e+00,0.000000e+00,0.000000e+00,0.000000e+00,0.000000e+00,0.000000e+00,0.000000e+00,0.000000e+00,0.000000e+00,0.000000e+00,0.000000e+00,-2.791570e+06,-4.259071e+04,-1.588535e+06,2.821571e-02,4.575170e-04,-1.983094e+00,-2.413838e-02,5.285068e-03,-3.730932e-02,-5.241676e-06,-1.411090e-05,2.450346e+00,1.412092e-03,7.592430e-04,-4.763527e-07,-5.863347e-04,-5.744274e-05,-6.547970e+00,-3.182575e+00,-4.136167e-01,-6.105803e+03,-1.958480e+04,4.259513e+04,3.211841e+06,-1.377205e-02,9.245877e-01,2.428065e-03,2.048300e+03,5.409606e+03,-3.120190e+02
1.000753e-03,1.482916e+04,8.578991e+04,-9.968108e-03,-6.699782e-04,-2.763304e+01,1.023775e-01,9.774000e-07,6.260940e+00,0.000000e+00,0.000000e+00,1.029373e+03,0.000000e+00,0.000000e+00,0.000000e+00,0.000000e+00,0.000000e+00,0.000000e+00,0.000000e+00,0.000000e+00,0.000000e+00,0.000000e+00,0.000000e+00,0.000000e+00,0.000000e+00,0.000000e+00,0.000000e+00,0.000000e+00,0.000000e+00,0.000000e+00,0.000000e+00,0.000000e+00,0.000000e+00,0.000000e+00,0.000000e+00,0.000000e+00,0.000000e+00,0.000000e+00,0.000000e+00,0.000000e+00,0.000000e+00,0.000000e+00,0.000000e+00,0.000000e+00,0.000000e+00,0.000000e+00,0.000000e+00,0.000000e+00,0.000000e+00,1.482916e+04,2.372846e+04,-3.109638e-03,6.850288e-04,-7.215165e+00,1.136610e-03,0.000000e+00,0.000000e+00,0.000000e+00,0.000000e+00,0.000000e+00,0.000000e+00,0.000000e+00,0.000000e+00,0.000000e+00,0.000000e+00,0.000000e+00,0.000000e+00,0.000000e+00,0.000000e+00,0.000000e+00,0.000000e+00,0.000000e+00,0.000000e+00,0.000000e+00,0.000000e+00,0.000000e+00,-2.921562e+06,6.859449e+03,-1.653845e+06,2.964117e-02,6.126637e-04,-2.089732e+00,-2.539462e-02,5.361589e-03,-3.965092e-02,-5.512401e-06,-1.503440e-05,2.570116e+00,1.202692e-03,8.731814e-04,-5.299702e-07,-6.214411e-04,-6.194433e-05,-6.613422e+00,-3.300656e+00,-4.431579e-01,-6.072909e+03,-2.796361e+04,-6.854401e+03,3.357074e+06,-1.432554e-02,9.722804e-01,2.586826e-03,1.245847e+03,5.159150e+03,-1.142064e+02
1.010527e-03,1.546185e+04,8.511402e+04,-1.000100e-02,-8.194529e-04,-2.751757e+01,1.023775e-01,9.774000e-07,6.883564e+00,0.000000e+00,0.000000e+00,1.072343e+03,0.000000e+00,0.000000e+00,0.000000e+00,0.000000e+00,0.000000e+00,0.000000e+00,0.000000e+00,0.000000e+00,0.000000e+00,0.000000e+00,0.000000e+00,0.000000e+00,0.000000e+00,0.000000e+00,0.000000e+00,0.000000e+00,0.000000e+00,0.000000e+00,0.000000e+00,0.000000e+00,0.000000e+00,0.000000e+00,0.000000e+00,0.000000e+00,0.000000e+00,0.000000e+00,0.000000e+00,0.000000e+00,0.000000e+00,0.000000e+00,0.000000e+00,0.000000e+00,0.000000e+00,0.000000e+00,0.000000e+00,0.000000e+00,0.000000e+00,1.546185e+04,2.369246e+04,-2.835184e-03,6.875977e-04,-7.205896e+00,1.136610e-03,0.000000e+00,0.000000e+00,0.000000e+00,0.000000e+00,0.000000e+00,0.000000e+00,0.000000e+00,0.000000e+00,0.000000e+00,0.000000e+00,0.000000e+00,0.000000e+00,0.000000e+00,0.000000e+00,0.000000e+00,0.000000e+00,0.000000e+00,0.000000e+00,0.000000e+00,0.000000e+00,0.000000e+00,-2.784454e+06,-1.222197e+04,-1.580056e+06,3.125780e-02,5.417162e-04,-2.192086e+00,-2.664509e-02,5.612683e-03,-4.175576e-02,-5.712912e-06,-1.591182e-05,2.685908e+00,7.493224e-04,1.009186e-03,-5.686838e-07,-6.548908e-04,-6.645302e-05,-6.672607e+00,-3.510831e+00,-4.948449e-01,-6.041106e+03,-2.330708e+04,1.222725e+04,3.201440e+06,-1.504788e-02,1.019829e+00,2.801687e-03,2.900602e+02,4.683728e+03,-4.155053e+01
1.020301e-03,1.610871e+04,8.441637e+04,-1.002729e-02,-6.610718e-04,-2.739791e+01,1.023776e-01,9.774000e-07,7.565522e+00,0.000000e+00,0.000000e+00,1.123911e+03,0.000000e+00,0.000000e+00,0.000000e+00,0.000000e+00,0.000000e+00,0.000000e+00,0.000000e+00,0.000000e+00,0.000000e+00,0.000000e+00,0.000000e+00,0.000000e+00,0.000000e+00,0.000000e+00,0.000000e+00,0.000000e+00,0.000000e+00,0.000000e+00,0.000000e+00,0.000000e+00,0.000000e+00,0.000000e+00,0.000000e+00,0.000000e+00,0.000000e+00,0.000000e+00,0.000000e+00,0.000000e+00,0.000000e+00,0.000000e+00,0.000000e+00,0.000000e+00,0.000000e+00,0.000000e+00,0.000000e+00,0.000000e+00,0.000000e+00,1.610871e+04,2.365058e+04,-2.640622e-03,8.042685e-04,-7.195818e+00,1.136609e-03,0.000000e+00,0.000000e+00,0.000000e+00,0.000000e+00,0.000000e+00,0.000000e+00,0.000000e+00,0.000000e+00,0.000000e+00,0.000000e+00,0.000000e+00,0.000000e+00,0.000000e+00,0.000000e+00,0.000000e+00,0.000000e+00,0.000000e+00,0.000000e+00,0.000000e+00,0.000000e+00,0.000000e+00,-3.215186e+06,-9.642505e+03,-1.820397e+06,3.255573e-02,6.622665e-04,-2.299201e+00,-2.777849e-02,5.650934e-03,-4.401281e-02,4.401867e-06,-1.684209e-05,2.805769e+00,3.417472e-04,8.349494e-04,-2.101450e-06,-6.896500e-04,-7.104824e-05,-6.731480e+00,-3.647092e+00,-5.175416e-01,-6.008456e+03,-3.040851e+04,9.649031e+03,3.694637e+06,-1.600054e-02,1.068730e+00,2.944891e-03,1.438219e+03,5.784224e+03,-1.542947e+02
1.030075e-03,1.678581e+04,8.370273e+04,-1.068060e-02,-7.298392e-04,-2.727673e+01,1.023776e-01,9.774000e-07,8.250181e+00,0.000000e+00,0.000000e+00,1.159828e+03,0.000000e+00,0.000000e+00,0.000000e+00,0.000000e+00,0.000000e+00,0.000000e+00,0.000000e+00,0.000000e+00,0.000000e+00,0.000000e+00,0.000000e+00,0.000000e+00,0.000000e+00,0.000000e+00,0.000000e+00,0.000000e+00,0.000000e+00,0.000000e+00,0.000000e+00,0.000000e+00,0.000000e+00,0.000000e+00,0.000000e+00,0.000000e+00,0.000000e+00,0.000000e+00,0.000000e+00,0.000000e+00,0.000000e+00,0.000000e+00,0.000000e+00,0.000000e+00,0.000000e+00,0.000000e+00,0.000000e+00,0.000000e+00,0.000000e+00,1.678581e+04,2.360818e+04,-2.881367e-03,7.871399e-04,-7.186933e+00,1.136610e-03,0.000000e+00,0.000000e+00,0.000000e+00,0.000000e+00,0.000000e+00,0.000000e+00,0.000000e+00,0.000000e+00,0.000000e+00,0.000000e+00,0.000000e+00,0.000000e+00,0.000000e+00,0.000000e+00,0.000000e+00,0.000000e+00,0.000000e+00,0.000000e+00,0.000000e+00,0.000000e+00,0.000000e+00,-2.927280e+06,1.618947e+04,-1.678654e+06,3.410360e-02,4.712251e-04,-2.406909e+00,-2.914449e-02,5.942767e-03,-4.629806e-02,6.555246e-05,-1.784960e-05,2.927289e+00,5.159169e-04,9.095852e-04,-1.126508e-05,-7.261010e-04,-7.581565e-05,-6.790025e+00,-3.777111e+00,-5.170386e-01,-5.974787e+03,-9.231375e+03,-1.618296e+04,3.374428e+06,-1.638368e-02,1.116801e+00,3.007355e-03,-9.856221e+02,4.466995e+03,1.507170e+02
1.040827e-03,1.754660e+04,8.289152e+04,-1.024839e-02,-7.903130e-04,-2.713663e+01,1.023776e-01,9.774000e-07,9.116582e+00,0.000000e+00,0.000000e+00,1.209773e+03,0.000000e+00,0.000000e+00,0.000000e+00,0.000000e+00,0.000000e+00,0.000000e+00,0.000000e+00,0.000000e+00,0.000000e+00,0.000000e+00,0.000000e+00,0.000000e+00,0.000000e+00,0.000000e+00,0.000000e+00,0.000000e+00,0.000000e+00,0.000000e+00,0.000000e+00,0.000000e+00,0.000000e+00,0.000000e+00,0.000000e+00,0.000000e+00,0.000000e+00,0.000000e+00,0.000000e+00,0.000000e+00,0.000000e+00,0.000000e+00,0.000000e+00,0.000000e+00,0.000000e+00,0.000000e+00,0.000000e+00,0.000000e+00,0.000000e+00,1.754660e+04,2.356191e+04,-2.450019e-03,7.504332e-04,-7.175981e+00,1.136610e-03,0.000000e+00,0.000000e+00,0.000000e+00,0.000000e+00,0.000000e+00,0.000000e+00,0.000000e+00,0.000000e+00,0.000000e+00,0.000000e+00,0.000000e+00,0.000000e+00,0.000000e+00,0.000000e+00,0.000000e+00,0.000000e+00,0.000000e+00,0.000000e+00,0.000000e+00,0.000000e+00,0.000000e+00,-3.105502e+06,2.235311e+04,-1.781658e+06,3.575741e-02,3.676654e-04,-2.532383e+00,-3.045843e-02,5.996929e-03,-4.890677e-02,2.202297e-04,-1.896541e-05,3.067581e+00,-3.338990e-04,9.798773e-04,-3.548965e-05,-7.678208e-04,-8.126467e-05,-6.854036e+00,-3.950541e+00,-5.084070e-01,-5.936179e+03,-9.053829e+03,-2.234552e+04,3.580275e+06,-1.740836e-02,1.173841e+00,3.099327e-03,-6.450767e+02,4.977055e+03,1.139310e+02
1.050601e-03,1.825438e+04,8.213255e+04,-1.017273e-02,-9.273477e-04,-2.700611e+01,1.023776e-01,9.774000e-07,9.954062e+00,0.000000e+00,0.000000e+00,1.260458e+03,0.000000e+00,0.000000e+00,0.000000e+00,0.000000e+00,0.000000e+00,0.000000e+00,0.000000e+00,0.000000e+00,0.000000e+00,0.000000e+00,0.000000e+00,0.000000e+00,0.000000e+00,0.000000e+00,0.000000e+00,0.000000e+00,0.000000e+00,0.000000e+00,0.000000e+00,0.000000e+00,0.000000e+00,0.000000e+00,0.000000e+00,0.000000e+00,0.000000e+00,0.000000e+00,0.000000e+00,0.000000e+00,0.000000e+00,0.000000e+00,0.000000e+00,0.000000e+00,0.000000e+00,0.000000e+00,0.000000e+00,0.000000e+00,0.000000e+00,1.825438e+04,2.351956e+04,-2.223898e-03,7.724846e-04,-7.166878e+00,1.136610e-03,0.000000e+00,0.000000e+00,0.000000e+00,0.000000e+00,0.000000e+00,0.000000e+00,0.000000e+00,0.000000e+00,0.000000e+00,0.000000e+00,0.000000e+00,0.000000e+00,0.000000e+00,0.000000e+00,0.000000e+00,0.000000e+00,0.000000e+00,0.000000e+00,0.000000e+00,0.000000e+00,0.000000e+00,-3.289302e+06,-1.069208e+04,-1.869513e+06,3.735336e-02,4.708158e-04,-2.650455e+00,-3.181354e-02,5.909743e-03,-5.141048e-02,4.659412e-04,-2.008879e-05,3.198532e+00,-7.097353e-04,1.108526e-03,-7.577446e-05,-8.071085e-04,-8.651151e-05,-6.911861e+00,-4.073104e+00,-5.573157e-01,-5.899831e+03,-2.478342e+04,1.070068e+04,3.783382e+06,-1.772514e-02,1.226379e+00,3.264206e-03,1.267662e+02,5.615546e+03,-5.774910e+01
1.060375e-03,1.898329e+04,8.135149e+04,-9.818767e-03,-7.792001e-04,-2.687039e+01,1.023777e-01,9.774000e-07,1.085591e+01,0.000000e+00,0.000000e+00,1.312798e+03,0.000000e+00,0.000000e+00,0.000000e+00,0.000000e+00,0.000000e+00,0.000000e+00,0.000000e+00,0.000000e+00,0.000000e+00,0.000000e+00,0.000000e+00,0.000000e+00,0.000000e+00,0.000000e+00,0.000000e+00,0.000000e+00,0.000000e+00,0.000000e+00,0.000000e+00,0.000000e+00,0.000000e+00,0.000000e+00,0.000000e+00,0.000000e+00,0.000000e+00,0.000000e+00,0.000000e+00,0.000000e+00,0.000000e+00,0.000000e+00,0.000000e+00,0.000000e+00,0.000000e+00,0.000000e+00,0.000000e+00,0.000000e+00,0.000000e+00,1.898329e+04,2.347432e+04,-1.743801e-03,7.871555e-04,-7.156722e+00,1.136610e-03,0.000000e+00,0.000000e+00,0.000000e+00,0.000000e+00,0.000000e+00,0.000000e+00,0.000000e+00,0.000000e+00,0.000000e+00,0.000000e+00,0.000000e+00,0.000000e+00,0.000000e+00,0.000000e+00,0.000000e+00,0.000000e+00,0.000000e+00,0.000000e+00,0.000000e+00,0.000000e+00,0.000000e+00,-3.341140e+06,1.397422e+04,-1.915057e+06,3.914028e-02,3.342791e-04,-2.772321e+00,-3.331189e-02,5.984816e-03,-5.396995e-02,8.532486e-04,-2.126434e-05,3.334706e+00,-1.167778e-03,9.868214e-04,-1.419100e-04,-8.479123e-04,-9.166605e-05,-6.969325e+00,-4.241755e+00,-5.337443e-01,-5.862178e+03,-1.119758e+04,-1.396478e+04,3.851043e+06,-1.839833e-02,1.281014e+00,3.294964e-03,-2.832159e+02,5.282458e+03,6.601609e+01
1.070149e-03,1.972840e+04,8.055626e+04,-1.006878e-02,-8.325690e-04,-2.673004e+01,1.023777e-01,9.774000e-07,1.182194e+01,0.000000e+00,0.000000e+00,1.361834e+03,0.000000e+00,0.000000e+00,0.000000e+00,0.000000e+00,0.000000e+00,0.000000e+00,0.000000e+00,0.000000e+00,0.000000e+00,0.000000e+00,0.000000e+00,0.000000e+00,0.000000e+00,0.000000e+00,0.000000e+00,0.000000e+00,0.000000e+00,0.000000e+00,0.000000e+00,0.000000e+00,0.000000e+00,0.000000e+00,0.000000e+00,0.000000e+00,0.000000e+00,0.000000e+00,0.000000e+00,0.000000e+00,0.000000e+00,0.000000e+00,0.000000e+00,0.000000e+00,0.000000e+00,0.000000e+00,0.000000e+00,0.000000e+00,0.000000e+00,1.972840e+04,2.342762e+04,-1.724225e-03,7.609720e-04,-7.145535e+00,1.136610e-03,0.000000e+00,0.000000e+00,0.000000e+00,0.000000e+00,0.000000e+00,0.000000e+00,0.000000e+00,0.000000e+00,0.000000e+00,0.000000e+00,0.000000e+00,0.000000e+00,0.000000e+00,0.000000e+00,0.000000e+00,0.000000e+00,0.000000e+00,0.000000e+00,0.000000e+00,0.000000e+00,0.000000e+00,-3.494711e+06,-1.524241e+04,-1.977456e+06,4.086226e-02,1.602967e-04,-2.897534e+00,-3.477087e-02,5.977422e-03,-5.659431e-02,1.440561e-03,-2.253281e-05,3.475189e+00,-8.984760e-04,1.054792e-03,-2.460719e-04,-8.898978e-04,-9.705638e-05,-7.026415e+00,-4.368983e+00,-5.282703e-01,-5.823590e+03,-3.385534e+04,1.525296e+04,4.015244e+06,-1.909478e-02,1.336587e+00,3.278378e-03,4.490359e+02,5.949610e+03,-6.186140e+01
1.080900e-03,2.056805e+04,7.965607e+04,-9.860172e-03,-1.033498e-03,-2.657253e+01,1.023777e-01,9.774000e-07,1.296561e+01,0.000000e+00,0.000000e+00,1.423132e+03,0.000000e+00,0.000000e+00,0.000000e+00,0.000000e+00,0.000000e+00,0.000000e+00,0.000000e+00,0.000000e+00,0.000000e+00,0.000000e+00,0.000000e+00,0.000000e+00,0.000000e+00,0.000000e+00,0.000000e+00,0.000000e+00,0.000000e+00,0.000000e+00,0.000000e+00,0.000000e+00,0.000000e+00,0.000000e+00,0.000000e+00,0.000000e+00,0.000000e+00,0.000000e+00,0.000000e+00,0.000000e+00,0.000000e+00,0.000000e+00,0.000000e+00,0.000000e+00,0.000000e+00,0.000000e+00,0.000000e+00,0.000000e+00,0.000000e+00,2.056805e+04,2.337852e+04,-1.553394e-03,6.870010e-04,-7.134892e+00,1.136609e-03,0.000000e+00,0.000000e+00,0.000000e+00,0.000000e+00,0.000000e+00,0.000000e+00,0.000000e+00,0.000000e+00,0.000000e+00,0.000000e+00,0.000000e+00,0.000000e+00,0.000000e+00,0.000000e+00,0.000000e+00,0.000000e+00,0.000000e+00,0.000000e+00,0.000000e+00,0.000000e+00,0.000000e+00,-3.546320e+06,-1.639056e+04,-2.012917e+06,4.269695e-02,1.347781e-04,-3.040777e+00,-3.654764e-02,6.000163e-03,-5.962905e-02,1.908252e-03,-2.395671e-05,3.632997e+00,-1.306447e-03,1.206239e-03,-3.310925e-04,-9.375463e-04,-1.030575e-04,-7.088768e+00,-4.468735e+00,-5.500003e-01,-5.779304e+03,-2.887431e+04,1.640212e+04,4.077669e+06,-1.939207e-02,1.399808e+00,3.397732e-03,1.578598e+02,6.113532e+03,-7.115247e+01
1.090674e-03,2.134781e+04,7.882101e+04,-9.618656e-03,-1.109059e-03,-2.642525e+01,1.023777e-01,9.774000e-07,1.408551e+01,0.000000e+00,0.000000e+00,1.477288e+03,0.000000e+00,0.000000e+00,0.000000e+00,0.000000e+00,0.000000e+00,0.000000e+00,0.000000e+00,0.000000e+00,0.000000e+00,0.000000e+00,0.000000e+00,0.000000e+00,0.000000e+00,0.000000e+00,0.000000e+00,0.000000e+00,0.000000e+00,0.000000e+00,0.000000e+00,0.000000e+00,0.000000e+00,0.000000e+00,0.000000e+00,0.000000e+00,0.000000e+00,0.000000e+00,0.000000e+00,0.000000e+00,0.000000e+00,0.000000e+00,0.000000e+00,0.000000e+00,0.000000e+00,0.000000e+00,0.000000e+00,0.000000e+00,0.000000e+00,2.134781e+04,2.333127e+04,-1.326203e-03,6.960137e-04,-7.124667e+00,1.136610e-03,0.000000e+00,0.000000e+00,0.000000e+00,0.000000e+00,0.000000e+00,0.000000e+00,0.000000e+00,0.000000e+00,0.000000e+00,0.000000e+00,0.000000e+00,0.000000e+00,0.000000e+00,0.000000e+00,0.000000e+00,0.000000e+00,0.000000e+00,0.000000e+00,0.000000e+00,0.000000e+00,0.000000e+00,-3.706512e+06,5.662862e+03,-2.128778e+06,4.447306e-02,6.282415e-05,-3.174460e+00,-3.819733e-02,6.146323e-03,-6.243509e-02,2.451622e-03,-2.537312e-05,3.780550e+00,-1.637040e-03,1.298083e-03,-4.329064e-04,-9.821306e-04,-1.085402e-04,-7.145036e+00,-4.596202e+00,-5.730146e-01,-5.738117e+03,-8.520917e+03,-5.649850e+03,4.274325e+06,-2.099315e-02,1.459233e+00,3.642222e-03,-3.285909e+02,5.895091e+03,2.261226e+01
1.100448e-03,2.213742e+04,7.797285e+04,-8.797953e-03,-1.458394e-03,-2.627175e+01,1.023778e-01,9.774000e-07,1.527943e+01,0.000000e+00,0.000000e+00,1.534773e+03,0.000000e+00,0.000000e+00,0.000000e+00,0.000000e+00,0.000000e+00,0.000000e+00,0.000000e+00,0.000000e+00,0.000000e+00,0.000000e+00,0.000000e+00,0.000000e+00,0.000000e+00,0.000000e+00,0.000000e+00,0.000000e+00,0.000000e+00,0.000000e+00,0.000000e+00,0.000000e+00,0.000000e+00,0.000000e+00,0.000000e+00,0.000000e+00,0.000000e+00,0.000000e+00,0.000000e+00,0.000000e+00,0.000000e+00,0.000000e+00,0.000000e+00,0.000000e+00,0.000000e+00,0.000000e+00,0.000000e+00,0.000000e+00,0.000000e+00,2.213742e+04,2.329226e+04,-8.229874e-04,5.739636e-04,-7.114295e+00,1.136610e-03,0.000000e+00,0.000000e+00,0.000000e+00,0.000000e+00,0.000000e+00,0.000000e+00,0.000000e+00,0.000000e+00,0.000000e+00,0.000000e+00,0.000000e+00,0.000000e+00,0.000000e+00,0.000000e+00,0.000000e+00,0.000000e+00,0.000000e+00,0.000000e+00,0.000000e+00,0.000000e+00,0.000000e+00,-3.895930e+06,1.346452e+04,-2.234567e+06,4.630486e-02,2.044830e-04,-3.313548e+00,-4.005261e-02,6.230710e-03,-6.533458e-02,3.040881e-03,-2.684608e-05,3.934226e+00,-2.488775e-03,1.652905e-03,-5.457349e-04,-1.027529e-03,-1.142884e-04,-7.200891e+00,-4.677170e+00,-6.138415e-01,-5.695254e+03,-1.149001e+04,-1.344992e+04,4.491261e+06,-2.136771e-02,1.519723e+00,3.706649e-03,1.072917e+01,6.349657e+03,4.283831e+01
1.110222e-03,2.293523e+04,7.710176e+04,-8.913699e-03,-1.711647e-03,-2.611566e+01,1.023778e-01,9.774000e-07,1.655091e+01,0.000000e+00,0.000000e+00,1.647242e+03,0.000000e+00,0.000000e+00,0.000000e+00,0.000000e+00,0.000000e+00,0.000000e+00,0.000000e+00,0.000000e+00,0.000000e+00,0.000000e+00,0.000000e+00,0.000000e+00,0.000000e+00,0.000000e+00,0.000000e+00,0.000000e+00,0.000000e+00,0.000000e+00,0.000000e+00,0.000000e+00,0.000000e+00,0.000000e+00,0.000000e+00,0.000000e+00,0.000000e+00,0.000000e+00,0.000000e+00,0.000000e+00,0.000000e+00,0.000000e+00,0.000000e+00,0.000000e+00,0.000000e+00,0.000000e+00,0.000000e+00,0.000000e+00,0.000000e+00,2.293523e+04,2.324803e+04,-7.798858e-04,4.137452e-04,-7.104199e+00,1.136610e-03,0.000000e+00,0.000000e+00,0.000000e+00,0.000000e+00,0.000000e+00,0.000000e+00,0.000000e+00,0.000000e+00,0.000000e+00,0.000000e+00,0.000000e+00,0.000000e+00,0.000000e+00,0.000000e+00,0.000000e+00,0.000000e+00,0.000000e+00,0.000000e+00,0.000000e+00,0.000000e+00,0.000000e+00,-3.927502e+06,-5.760757e+03,-2.251609e+06,4.820991e-02,1.472891e-05,-3.455450e+00,-4.191030e-02,6.337544e-03,-6.831086e-02,3.201405e-03,-2.827502e-05,4.090661e+00,-2.793645e-03,1.894329e-03,-5.769105e-04,-1.073735e-03,-1.204467e-04,-7.256321e+00,-4.760277e+00,-6.325885e-01,-5.651359e+03,-1.243835e+04,5.776457e+03,4.527126e+06,-2.267391e-02,1.581790e+00,3.870630e-03,-1.300402e+02,6.398078e+03,1.452059e+01
1.120973e-03,2.386454e+04,7.611807e+04,-1.014306e-02,-1.698188e-03,-2.593406e+01,1.023778e-01,9.774000e-07,1.806859e+01,0.000000e+00,0.000000e+00,1.715827e+03,0.000000e+00,0.000000e+00,0.000000e+00,0.000000e+00,0.000000e+00,0.000000e+00,0.000000e+00,0.000000e+00,0.000000e+00,0.000000e+00,0.000000e+00,0.000000e+00,0.000000e+00,0.000000e+00,0.000000e+00,0.000000e+00,0.000000e+00,0.000000e+00,0.000000e+00,0.000000e+00,0.000000e+00,0.000000e+00,0.000000e+00,0.000000e+00,0.000000e+00,0.000000e+00,0.000000e+00,0.000000e+00,0.000000e+00,0.000000e+00,0.000000e+00,0.000000e+00,0.000000e+00,0.000000e+00,0.000000e+00,0.000000e+00,0.000000e+00,2.386454e+04,2.319707e+04,-1.582904e-03,4.760328e-04,-7.091145e+00,1.136610e-03,0.000000e+00,0.000000e+00,0.000000e+00,0.000000e+00,0.000000e+00,0.000000e+00,0.000000e+00,0.000000e+00,0.000000e+00,0.000000e+00,0.000000e+00,0.000000e+00,0.000000e+00,0.000000e+00,0.000000e+00,0.000000e+00,0.000000e+00,0.000000e+00,0.000000e+00,0.000000e+00,0.000000e+00,-4.129231e+06,3.976353e+02,-2.367710e+06,5.025525e-02,-2.051923e-05,-3.618216e+00,-4.399560e-02,6.459921e-03,-7.176091e-02,3.201030e-03,-2.997298e-05,4.272877e+00,-2.314846e-03,1.871724e-03,-5.769859e-04,-1.125281e-03,-1.274972e-04,-7.316788e+00,-4.825835e+00,-6.793690e-01,-5.601185e+03,-1.260387e+04,-3.799432e+02,4.759878e+06,-2.438756e-02,1.652648e+00,4.155789e-03,6.495437e+01,6.825689e+03,-2.091998e+01
1.130747e-03,2.476898e+04,7.518634e+04,-1.038462e-02,-2.085359e-03,-2.576234e+01,1.023778e-01,9.774000e-07,1.953899e+01,0.000000e+00,0.000000e+00,1.741373e+03,0.000000e+00,0.000000e+00,0.000000e+00,0.000000e+00,0.000000e+00,0.000000e+00,0.000000e+00,0.000000e+00,0.000000e+00,0.000000e+00,0.000000e+00,0.000000e+00,0.000000e+00,0.000000e+00,0.000000e+00,0.000000e+00,0.000000e+00,0.000000e+00,0.000000e+00,0.000000e+00,0.000000e+00,0.000000e+00,0.000000e+00,0.000000e+00,0.000000e+00,0.000000e+00,0.000000e+00,0.000000e+00,0.000000e+00,0.000000e+00,0.000000e+00,0.000000e+00,0.000000e+00,0.000000e+00,0.000000e+00,0.000000e+00,0.000000e+00,2.476898e+04,2.314050e+04,-1.984499e-03,3.329511e-04,-7.077064e+00,1.136610e-03,0.000000e+00,0.000000e+00,0.000000e+00,0.000000e+00,0.000000e+00,0.000000e+00,0.000000e+00,0.000000e+00,0.000000e+00,0.000000e+00,0.000000e+00,0.000000e+00,0.000000e+00,0.000000e+00,0.000000e+00,0.000000e+00,0.000000e+00,0.000000e+00,0.000000e+00,0.000000e+00,0.000000e+00,-4.190567e+06,5.415688e+03,-2.408661e+06,5.217487e-02,-4.282727e-05,-3.769953e+00,-4.601002e-02,6.511510e-03,-7.496025e-02,3.200690e-03,-3.203457e-05,4.444856e+00,-2.845084e-03,2.279704e-03,-5.770520e-04,-1.172764e-03,-1.342181e-04,-7.371283e+00,-4.872169e+00,-7.108850e-01,-5.554271e+03,-7.703622e+03,-5.396586e+03,4.833471e+06,-2.493675e-02,1.718732e+00,4.225706e-03,-3.508630e+02,6.787148e+03,5.754638e+01
1.140521e-03,2.566525e+04,7.422716e+04,-1.045555e-02,-2.258174e-03,-2.558591e+01,1.023779e-01,9.774000e-07,2.112035e+01,0.000000e+00,0.000000e+00,1.802984e+03,0.000000e+00,0.000000e+00,0.000000e+00,0.000000e+00,0.000000e+00,0.000000e+00,0.000000e+00,0.000000e+00,0.000000e+00,0.000000e+00,0.000000e+00,0.000000e+00,0.000000e+00,0.000000e+00,0.000000e+00,0.000000e+00,0.000000e+00,0.000000e+00,0.000000e+00,0.000000e+00,0.000000e+00,0.000000e+00,0.000000e+00,0.000000e+00,0.000000e+00,0.000000e+00,0.000000e+00,0.000000e+00,0.000000e+00,0.000000e+00,0.000000e+00,0.000000e+00,0.000000e+00,0.000000e+00,0.000000e+00,0.000000e+00,0.000000e+00,2.566525e+04,2.307352e+04,-2.254965e-03,3.800369e-04,-7.062531e+00,1.136610e-03,0.000000e+00,0.000000e+00,0.000000e+00,0.000000e+00,0.000000e+00,0.000000e+00,0.000000e+00,0.000000e+00,0.000000e+00,0.000000e+00,0.000000e+00,0.000000e+00,0.000000e+00,0.000000e+00,0.000000e+00,0.000000e+00,0.000000e+00,0.000000e+00,0.000000e+00,0.000000e+00,0.000000e+00,-4.394782e+06,5.802358e+02,-2.527557e+06,5.412528e-02,5.141565e-05,-3.927048e+00,-4.810089e-02,6.653520e-03,-7.824945e-02,3.200281e-03,-3.429578e-05,4.621665e+00,-3.327688e-03,2.450117e-03,-5.771316e-04,-1.220759e-03,-1.414503e-04,-7.425312e+00,-4.917970e+00,-7.807739e-01,-5.505850e+03,-6.678424e+03,-5.588655e+02,5.069774e+06,-2.626706e-02,1.786889e+00,4.484335e-03,1.300784e+02,7.139751e+03,9.960692e+00
1.150295e-03,2.654062e+04,7.327109e+04,-1.078992e-02,-2.407163e-03,-2.540805e+01,1.023779e-01,9.774000e-07,2.281194e+01,0.000000e+00,0.000000e+00,1.882877e+03,0.000000e+00,0.000000e+00,0.000000e+00,0.000000e+00,0.000000e+00,0.000000e+00,0.000000e+00,0.000000e+00,0.000000e+00,0.000000e+00,0.000000e+00,0.000000e+00,0.000000e+00,0.000000e+00,0.000000e+00,0.000000e+00,0.000000e+00,0.000000e+00,0.000000e+00,0.000000e+00,0.000000e+00,0.000000e+00,0.000000e+00,0.000000e+00,0.000000e+00,0.000000e+00,0.000000e+00,0.000000e+00,0.000000e+00,0.000000e+00,0.000000e+00,0.000000e+00,0.000000e+00,0.000000e+00,0.000000e+00,0.000000e+00,0.000000e+00,2.654062e+04,2.302269e+04,-2.698403e-03,3.061108e-04,-7.050129e+00,1.136610e-03,0.000000e+00,0.000000e+00,0.000000e+00,0.000000e+00,0.000000e+00,0.000000e+00,0.000000e+00,0.000000e+00,0.000000e+00,0.000000e+00,0.000000e+00,0.000000e+00,0.000000e+00,0.000000e+00,0.000000e+00,0.000000e+00,0.000000e+00,0.000000e+00,0.000000e+00,0.000000e+00,0.000000e+00,-4.491162e+06,7.133534e+03,-2.582902e+06,5.608657e-02,1.557724e-05,-4.088679e+00,-5.020580e-02,6.707683e-03,-8.167914e-02,3.199904e-03,-3.633133e-05,4.800220e+00,-3.880936e-03,2.565645e-03,-5.772032e-04,-1.269055e-03,-1.491695e-04,-7.478859e+00,-4.946415e+00,-8.085055e-01,-5.455903e+03,-6.806041e+03,-7.110383e+03,5.180915e+06,-2.693863e-02,1.857143e+00,4.633805e-03,-3.326043e+01,7.275377e+03,-8.470901e-01
1.160069e-03,2.746727e+04,7.228979e+04,-1.113952e-02,-2.010616e-03,-2.522226e+01,1.023780e-01,9.774000e-07,2.461120e+01,0.000000e+00,0.000000e+00,1.936304e+03,0.000000e+00,0.000000e+00,0.000000e+00,0.000000e+00,0.000000e+00,0.000000e+00,0.000000e+00,0.000000e+00,0.000000e+00,0.000000e+00,0.000000e+00,0.000000e+00,0.000000e+00,0.000000e+00,0.000000e+00,0.000000e+00,0.000000e+00,0.000000e+00,0.000000e+00,0.000000e+00,0.000000e+00,0.000000e+00,0.000000e+00,0.000000e+00,0.000000e+00,0.000000e+00,0.000000e+00,0.000000e+00,0.000000e+00,0.000000e+00,0.000000e+00,0.000000e+00,0.000000e+00,0.000000e+00,0.000000e+00,0.000000e+00,0.000000e+00,2.746727e+04,2.296510e+04,-3.172830e-03,6.195097e-04,-7.035724e+00,1.136610e-03,0.000000e+00,0.000000e+00,0.000000e+00,0.000000e+00,0.000000e+00,0.000000e+00,0.000000e+00,0.000000e+00,0.000000e+00,0.000000e+00,0.000000e+00,0.000000e+00,0.000000e+00,0.000000e+00,0.000000e+00,0.000000e+00,0.000000e+00,0.000000e+00,0.000000e+00,0.000000e+00,0.000000e+00,-4.674310e+06,1.416908e+04,-2.691241e+06,5.830522e-02,7.178627e-06,-4.255324e+00,-5.246886e-02,6.802183e-03,-8.519506e-02,3.199423e-03,-3.831049e-05,4.986266e+00,-4.145933e-03,2.214466e-03,-5.772934e-04,-1.317798e-03,-1.572136e-04,-7.531910e+00,-5.019050e+00,-8.369551e-01,-5.404493e+03,-4.377415e+03,-1.414358e+04,5.393694e+06,-2.763455e-02,1.929047e+00,4.715915e-03,-2.068577e+02,7.450520e+03,4.299292e+01
1.170821e-03,2.849679e+04,7.118420e+04,-1.103670e-02,-2.377349e-03,-2.501651e+01,1.023780e-01,9.774000e-07,2.673817e+01,0.000000e+00,0.000000e+00,2.009632e+03,0.000000e+00,0.000000e+00,0.000000e+00,0.000000e+00,0.000000e+00,0.000000e+00,0.000000e+00,0.000000e+00,0.000000e+00,0.000000e+00,0.000000e+00,0.000000e+00,0.000000e+00,0.000000e+00,0.000000e+00,0.000000e+00,0.000000e+00,0.000000e+00,0.000000e+00,0.000000e+00,0.000000e+00,0.000000e+00,0.000000e+00,0.000000e+00,0.000000e+00,0.000000e+00,0.000000e+00,0.000000e+00,0.000000e+00,0.000000e+00,0.000000e+00,0.000000e+00,0.000000e+00,0.000000e+00,0.000000e+00,0.000000e+00,0.000000e+00,2.849679e+04,2.290185e+04,-3.276564e-03,4.650655e-04,-7.023442e+00,1.136610e-03,0.000000e+00,0.000000e+00,0.000000e+00,0.000000e+00,0.000000e+00,0.000000e+00,0.000000e+00,0.000000e+00,0.000000e+00,0.000000e+00,0.000000e+00,0.000000e+00,0.000000e+00,0.000000e+00,0.000000e+00,0.000000e+00,0.000000e+00,0.000000e+00,0.000000e+00,0.000000e+00,0.000000e+00,-4.805512e+06,-2.443240e+03,-2.768865e+06,6.072174e-02,-7.606659e-05,-4.444728e+00,-5.493246e-02,6.869338e-03,-8.920132e-02,3.198868e-03,-4.094483e-05,5.192381e+00,-5.093135e-03,2.591069e-03,-5.773966e-04,-1.372135e-03,-1.665187e-04,-7.589674e+00,-5.091480e+00,-8.743200e-01,-5.345979e+03,-2.577376e+03,2.471136e+03,5.546130e+06,-2.900638e-02,2.010719e+00,4.957593e-03,6.236260e+01,7.678718e+03,-1.200362e+01
1.180595e-03,2.942406e+04,7.016534e+04,-1.171115e-02,-2.256646e-03,-2.482332e+01,1.023780e-01,9.774000e-07,2.879046e+01,0.000000e+00,0.000000e+00,2.098817e+03,0.000000e+00,0.000000e+00,0.000000e+00,0.000000e+00,0.000000e+00,0.000000e+00,0.000000e+00,0.000000e+00,0.000000e+00,0.000000e+00,0.000000e+00,0.000000e+00,0.000000e+00,0.000000e+00,0.000000e+00,0.000000e+00,0.000000e+00,0.000000e+00,0.000000e+00,0.000000e+00,0.000000e+00,0.000000e+00,0.000000e+00,0.000000e+00,0.000000e+00,0.000000e+00,0.000000e+00,0.000000e+00,0.000000e+00,0.000000e+00,0.000000e+00,0.000000e+00,0.000000e+00,0.000000e+00,0.000000e+00,0.000000e+00,0.000000e+00,2.942406e+04,2.285015e+04,-3.896438e-03,5.704556e-04,-7.012461e+00,1.136609e-03,0.000000e+00,0.000000e+00,0.000000e+00,0.000000e+00,0.000000e+00,0.000000e+00,0.000000e+00,0.000000e+00,0.000000e+00,0.000000e+00,0.000000e+00,0.000000e+00,0.000000e+00,0.000000e+00,0.000000e+00,0.000000e+00,0.000000e+00,0.000000e+00,0.000000e+00,0.000000e+00,0.000000e+00,-4.927378e+06,1.601368e+03,-2.824332e+06,6.306077e-02,-1.249703e-04,-4.622076e+00,-5.734906e-02,7.019702e-03,-9.292616e-02,3.198272e-03,-4.308489e-05,5.386128e+00,-5.206583e-03,2.450513e-03,-5.775040e-04,-1.422166e-03,-1.752125e-04,-7.641633e+00,-5.138632e+00,-9.098113e-01,-5.291172e+03,-1.530560e+04,-1.571125e+03,5.679408e+06,-3.030106e-02,2.086457e+00,5.165312e-03,-1.499511e+02,7.964850e+03,1.167441e+01
1.190369e-03,3.039776e+04,6.913277e+04,-1.168666e-02,-2.376998e-03,-2.462257e+01,1.023781e-01,9.774000e-07,3.098582e+01,0.000000e+00,0.000000e+00,2.155134e+03,0.000000e+00,0.000000e+00,0.000000e+00,0.000000e+00,0.000000e+00,0.000000e+00,0.000000e+00,0.000000e+00,0.000000e+00,0.000000e+00,0.000000e+00,0.000000e+00,0.000000e+00,0.000000e+00,0.000000e+00,0.000000e+00,0.000000e+00,0.000000e+00,0.000000e+00,0.000000e+00,0.000000e+00,0.000000e+00,0.000000e+00,0.000000e+00,0.000000e+00,0.000000e+00,0.000000e+00,0.000000e+00,0.000000e+00,0.000000e+00,0.000000e+00,0.000000e+00,0.000000e+00,0.000000e+00,0.000000e+00,0.000000e+00,0.000000e+00,3.039776e+04,2.280100e+04,-4.076820e-03,4.978036e-04,-7.000021e+00,1.136610e-03,0.000000e+00,0.000000e+00,0.000000e+00,0.000000e+00,0.000000e+00,0.000000e+00,0.000000e+00,0.000000e+00,0.000000e+00,0.000000e+00,0.000000e+00,0.000000e+00,0.000000e+00,0.000000e+00,0.000000e+00,0.000000e+00,0.000000e+00,0.000000e+00,0.000000e+00,0.000000e+00,0.000000e+00,-5.095730e+06,5.813912e+03,-2.937430e+06,6.547195e-02,-2.838033e-04,-4.804815e+00,-5.978461e-02,7.148137e-03,-9.680244e-02,3.197663e-03,-4.542725e-05,5.587237e+00,-6.083577e-03,2.591091e-03,-5.776217e-04,-1.472865e-03,-1.841833e-04,-7.693047e+00,-5.212921e+00,-9.299415e-01,-5.234763e+03,-1.326271e+03,-5.780811e+03,5.881748e+06,-3.202089e-02,2.164637e+00,5.399310e-03,-3.000928e+02,8.062422e+03,6.252172e+01
1.200143e-03,3.136597e+04,6.808312e+04,-1.229546e-02,-2.434351e-03,-2.441656e+01,1.023781e-01,9.774000e-07,3.332719e+01,0.000000e+00,0.000000e+00,2.233791e+03,0.000000e+00,0.000000e+00,0.000000e+00,0.000000e+00,0.000000e+00,0.000000e+00,0.000000e+00,0.000000e+00,0.000000e+00,0.000000e+00,0.000000e+00,0.000000e+00,0.000000e+00,0.000000e+00,0.000000e+00,0.000000e+00,0.000000e+00,0.000000e+00,0.000000e+00,0.000000e+00,0.000000e+00,0.000000e+00,0.000000e+00,0.000000e+00,0.000000e+00,0.000000e+00,0.000000e+00,0.000000e+00,0.000000e+00,0.000000e+00,0.000000e+00,0.000000e+00,0.000000e+00,0.000000e+00,0.000000e+00,0.000000e+00,0.000000e+00,3.136597e+04,2.275147e+04,-4.660107e-03,5.202116e-04,-6.987609e+00,1.136610e-03,0.000000e+00,0.000000e+00,0.000000e+00,0.000000e+00,0.000000e+00,0.000000e+00,0.000000e+00,0.000000e+00,0.000000e+00,0.000000e+00,0.000000e+00,0.000000e+00,0.000000e+00,0.000000e+00,0.000000e+00,0.000000e+00,0.000000e+00,0.000000e+00,0.000000e+00,0.000000e+00,0.000000e+00,-5.209363e+06,1.128420e+03,-2.996605e+06,6.789355e-02,-3.344754e-04,-4.992642e+00,-6.227804e-02,7.253835e-03,-1.007611e-01,3.196993e-03,-4.785544e-05,5.793781e+00,-6.284221e-03,2.673753e-03,-5.777421e-04,-1.524087e-03,-1.934632e-04,-7.743900e+00,-5.261994e+00,-9.635971e-01,-5.176702e+03,-6.708492e+03,-1.092611e+03,6.009747e+06,-3.328514e-02,2.244991e+00,5.609980e-03,-9.265583e+01,8.238297e+03,2.317777e+01
1.210894e-03,3.246282e+04,6.690868e+04,-1.281335e-02,-2.477146e-03,-2.418186e+01,1.023781e-01,9.774000e-07,3.609238e+01,0.000000e+00,0.000000e+00,2.308183e+03,0.000000e+00,0.000000e+00,0.000000e+00,0.000000e+00,0.000000e+00,0.000000e+00,0.000000e+00,0.000000e+00,0.000000e+00,0.000000e+00,0.000000e+00,0.000000e+00,0.000000e+00,0.000000e+00,0.000000e+00,0.000000e+00,0.000000e+00,0.000000e+00,0.000000e+00,0.000000e+00,0.000000e+00,0.000000e+00,0.000000e+00,0.000000e+00,0.000000e+00,0.000000e+00,0.000000e+00,0.000000e+00,0.000000e+00,0.000000e+00,0.000000e+00,0.000000e+00,0.000000e+00,0.000000e+00,0.000000e+00,0.000000e+00,0.000000e+00,3.246282e+04,2.269341e+04,-5.463272e-03,5.991997e-04,-6.971900e+00,1.136610e-03,0.000000e+00,0.000000e+00,0.000000e+00,0.000000e+00,0.000000e+00,0.000000e+00,0.000000e+00,0.000000e+00,0.000000e+00,0.000000e+00,0.000000e+00,0.000000e+00,0.000000e+00,0.000000e+00,0.000000e+00,0.000000e+00,0.000000e+00,0.000000e+00,0.000000e+00,0.000000e+00,0.000000e+00,-5.387074e+06,1.975619e+03,-3.098924e+06,7.053708e-02,-4.326747e-04,-5.205272e+00,-6.497900e-02,7.390609e-03,-1.052555e-01,3.196205e-03,-4.945558e-05,6.028657e+00,-6.832657e-03,2.741185e-03,-5.778917e-04,-1.580980e-03,-2.039742e-04,-7.799174e+00,-5.319922e+00,-9.948311e-01,-5.111037e+03,-6.702878e+03,-1.936327e+03,6.214808e+06,-3.475346e-02,2.336195e+00,5.877776e-03,-2.211734e+02,8.724452e+03,2.696967e+01
1.220668e-03,3.346355e+04,6.582528e+04,-1.279736e-02,-2.792805e-03,-2.396715e+01,1.023781e-01,9.774000e-07,3.875936e+01,0.000000e+00,0.000000e+00,2.387586e+03,0.000000e+00,0.000000e+00,0.000000e+00,0.000000e+00,0.000000e+00,0.000000e+00,0.000000e+00,0.000000e+00,0.000000e+00,0.000000e+00,0.000000e+00,0.000000e+00,0.000000e+00,0.000000e+00,0.000000e+00,0.000000e+00,0.000000e+00,0.000000e+00,0.000000e+00,0.000000e+00,0.000000e+00,0.000000e+00,0.000000e+00,0.000000e+00,0.000000e+00,0.000000e+00,0.000000e+00,0.000000e+00,0.000000e+00,0.000000e+00,0.000000e+00,0.000000e+00,0.000000e+00,0.000000e+00,0.000000e+00,0.000000e+00,0.000000e+00,3.346355e+04,2.264022e+04,-5.838156e-03,4.785806e-04,-6.960282e+00,1.136610e-03,0.000000e+00,0.000000e+00,0.000000e+00,0.000000e+00,0.000000e+00,0.000000e+00,0.000000e+00,0.000000e+00,0.000000e+00,0.000000e+00,0.000000e+00,0.000000e+00,0.000000e+00,0.000000e+00,0.000000e+00,0.000000e+00,0.000000e+00,0.000000e+00,0.000000e+00,0.000000e+00,0.000000e+00,-5.507250e+06,1.634698e+03,-3.171666e+06,7.302997e-02,-4.718664e-04,-5.403749e+00,-6.757461e-02,7.498628e-03,-1.094258e-01,3.195473e-03,-5.089430e-05,6.243872e+00,-7.729254e-03,3.047654e-03,-5.780335e-04,-1.633179e-03,-2.138871e-04,-7.848801e+00,-5.357143e+00,-1.032691e+00,-5.049693e+03,-3.576483e+03,-1.592378e+03,6.355254e+06,-3.609623e-02,2.421083e+00,6.105426e-03,4.235641e+01,8.811292e+03,-7.953499e+00
1.230442e-03,3.447970e+04,6.472759e+04,-1.335302e-02,-2.601547e-03,-2.374349e+01,1.023782e-01,9.774000e-07,4.160825e+01,0.000000e+00,0.000000e+00,2.465426e+03,0.000000e+00,0.000000e+00,0.000000e+00,0.000000e+00,0.000000e+00,0.000000e+00,0.000000e+00,0.000000e+00,0.000000e+00,0.000000e+00,0.000000e+00,0.000000e+00,0.000000e+00,0.000000e+00,0.000000e+00,0.000000e+00,0.000000e+00,0.000000e+00,0.000000e+00,0.000000e+00,0.000000e+00,0.000000e+00,0.000000e+00,0.000000e+00,0.000000e+00,0.000000e+00,0.000000e+00,0.000000e+00,0.000000e+00,0.000000e+00,0.000000e+00,0.000000e+00,0.000000e+00,0.000000e+00,0.000000e+00,0.000000e+00,0.000000e+00,3.447970e+04,2.258655e+04,-6.550446e-03,6.626216e-04,-6.946331e+00,1.136610e-03,0.000000e+00,0.000000e+00,0.000000e+00,0.000000e+00,0.000000e+00,0.000000e+00,0.000000e+00,0.000000e+00,0.000000e+00,0.000000e+00,0.000000e+00,0.000000e+00,0.000000e+00,0.000000e+00,0.000000e+00,0.000000e+00,0.000000e+00,0.000000e+00,0.000000e+00,0.000000e+00,0.000000e+00,-5.673338e+06,7.610359e+03,-3.272946e+06,7.554411e-02,-5.273841e-04,-5.607558e+00,-7.014069e-02,7.625660e-03,-1.137059e-01,3.194653e-03,-5.102502e-05,6.467791e+00,-8.108972e-03,2.866012e-03,-5.781886e-04,-1.685881e-03,-2.241631e-04,-7.897820e+00,-5.405811e+00,-1.068139e+00,-4.986757e+03,1.349200e+03,-7.564292e+03,6.549729e+06,-3.723069e-02,2.508532e+00,6.317350e-03,-1.529298e+02,9.031562e+03,3.973415e+01
1.240216e-03,3.550625e+04,6.361430e+04,-1.337482e-02,-2.875302e-03,-2.351627e+01,1.023782e-01,9.774000e-07,4.463396e+01,0.000000e+00,0.000000e+00,2.548454e+03,0.000000e+00,0.000000e+00,0.000000e+00,0.000000e+00,0.000000e+00,0.000000e+00,0.000000e+00,0.000000e+00,0.000000e+00,0.000000e+00,0.000000e+00,0.000000e+00,0.000000e+00,0.000000e+00,0.000000e+00,0.000000e+00,0.000000e+00,0.000000e+00,0.000000e+00,0.000000e+00,0.000000e+00,0.000000e+00,0.000000e+00,0.000000e+00,0.000000e+00,0.000000e+00,0.000000e+00,0.000000e+00,0.000000e+00,0.000000e+00,0.000000e+00,0.000000e+00,0.000000e+00,0.000000e+00,0.000000e+00,0.000000e+00,0.000000e+00,3.550625e+04,2.253179e+04,-6.908003e-03,5.935114e-04,-6.933761e+00,1.136610e-03,0.000000e+00,0.000000e+00,0.000000e+00,0.000000e+00,0.000000e+00,0.000000e+00,0.000000e+00,0.000000e+00,0.000000e+00,0.000000e+00,0.000000e+00,0.000000e+00,0.000000e+00,0.000000e+00,0.000000e+00,0.000000e+00,0.000000e+00,0.000000e+00,0.000000e+00,0.000000e+00,0.000000e+00,-5.821132e+06,7.828423e+03,-3.353628e+06,7.816753e-02,-5.672765e-04,-5.816741e+00,-7.277849e-02,7.706070e-03,-1.180659e-01,3.193811e-03,-5.071795e-05,6.695587e+00,-9.058487e-03,3.160510e-03,-5.783572e-04,-1.738987e-03,-2.347976e-04,-7.946214e+00,-5.454265e+00,-1.100505e+00,-4.922140e+03,-2.416902e+03,-7.778677e+03,6.718065e+06,-3.815027e-02,2.598167e+00,6.466441e-03,-1.316658e+02,9.307692e+03,3.385120e+01
1.250968e-03,3.664760e+04,6.237542e+04,-1.378709e-02,-2.911979e-03,-2.325605e+01,1.023782e-01,9.774000e-07,4.818223e+01,0.000000e+00,0.000000e+00,2.641480e+03,0.000000e+00,0.000000e+00,0.000000e+00,0.000000e+00,0.000000e+00,0.000000e+00,0.000000e+00,0.000000e+00,0.000000e+00,0.000000e+00,0.000000e+00,0.000000e+00,0.000000e+00,0.000000e+00,0.000000e+00,0.000000e+00,0.000000e+00,0.000000e+00,0.000000e+00,0.000000e+00,0.000000e+00,0.000000e+00,0.000000e+00,0.000000e+00,0.000000e+00,0.000000e+00,0.000000e+00,0.000000e+00,0.000000e+00,0.000000e+00,0.000000e+00,0.000000e+00,0.000000e+00,0.000000e+00,0.000000e+00,0.000000e+00,0.000000e+00,3.664760e+04,2.247182e+04,-7.528633e-03,6.408698e-04,-6.917506e+00,1.136610e-03,0.000000e+00,0.000000e+00,0.000000e+00,0.000000e+00,0.000000e+00,0.000000e+00,0.000000e+00,0.000000e+00,0.000000e+00,0.000000e+00,0.000000e+00,0.000000e+00,0.000000e+00,0.000000e+00,0.000000e+00,0.000000e+00,0.000000e+00,0.000000e+00,0.000000e+00,0.000000e+00,0.000000e+00,-5.964588e+06,3.196688e+03,-3.429627e+06,8.115511e-02,-6.723154e-04,-6.053273e+00,-7.571507e-02,7.811734e-03,-1.229837e-01,3.192731e-03,-4.664496e-05,6.956209e+00,-9.708246e-03,3.181569e-03,-5.785795e-04,-1.797979e-03,-2.468498e-04,-7.998708e+00,-5.522080e+00,-1.129613e+00,-4.849052e+03,-8.038039e+03,-3.142863e+03,6.880304e+06,-3.933867e-02,2.699485e+00,6.626894e-03,-1.007132e+02,9.638707e+03,2.700397e+01
1.260742e-03,3.769991e+04,6.123482e+04,-1.397280e-02,-3.005296e-03,-2.301622e+01,1.023783e-01,9.774000e-07,5.160327e+01,0.000000e+00,0.000000e+00,2.725868e+03,0.000000e+00,0.000000e+00,0.000000e+00,0.000000e+00,0.000000e+00,0.000000e+00,0.000000e+00,0.000000e+00,0.000000e+00,0.000000e+00,0.000000e+00,0.000000e+00,0.000000e+00,0.000000e+00,0.000000e+00,0.000000e+00,0.000000e+00,0.000000e+00,0.000000e+00,0.000000e+00,0.000000e+00,0.000000e+00,0.000000e+00,0.000000e+00,0.000000e+00,0.000000e+00,0.000000e+00,0.000000e+00,0.000000e+00,0.000000e+00,0.000000e+00,0.000000e+00,0.000000e+00,0.000000e+00,0.000000e+00,0.000000e+00,0.000000e+00,3.769991e+04,2.241471e+04,-8.019894e-03,6.860686e-04,-6.903879e+00,1.136610e-03,0.000000e+00,0.000000e+00,0.000000e+00,0.000000e+00,0.000000e+00,0.000000e+00,0.000000e+00,0.000000e+00,0.000000e+00,0.000000e+00,0.000000e+00,0.000000e+00,0.000000e+00,0.000000e+00,0.000000e+00,0.000000e+00,0.000000e+00,0.000000e+00,0.000000e+00,0.000000e+00,0.000000e+00,-6.143330e+06,3.198098e+03,-3.532260e+06,8.397970e-02,-6.875313e-04,-6.274252e+00,-7.847518e-02,7.921134e-03,-1.275398e-01,3.191684e-03,-3.061780e-05,7.196414e+00,-1.047466e-02,3.311360e-03,-5.788560e-04,-1.852268e-03,-2.581276e-04,-8.045737e+00,-5.589035e+00,-1.181286e+00,-4.780830e+03,-8.212310e+03,-3.139960e+03,7.086417e+06,-4.069643e-02,2.793775e+00,6.811040e-03,-7.405988e+01,9.772625e+03,1.207080e+01
1.270516e-03,3.875580e+04,6.008205e+04,-1.396445e-02,-3.080774e-03,-2.277103e+01,1.023783e-01,9.774000e-07,5.524158e+01,0.000000e+00,0.000000e+00,2.818339e+03,0.000000e+00,0.000000e+00,0.000000e+00,0.000000e+00,0.000000e+00,0.000000e+00,0.000000e+00,0.000000e+00,0.000000e+00,0.000000e+00,0.000000e+00,0.000000e+00,0.000000e+00,0.000000e+00,0.000000e+00,0.000000e+00,0.000000e+00,0.000000e+00,0.000000e+00,0.000000e+00,0.000000e+00,0.000000e+00,0.000000e+00,0.000000e+00,0.000000e+00,0.000000e+00,0.000000e+00,0.000000e+00,0.000000e+00,0.000000e+00,0.000000e+00,0.000000e+00,0.000000e+00,0.000000e+00,0.000000e+00,0.000000e+00,0.000000e+00,3.875580e+04,2.235800e+04,-8.321822e-03,7.145808e-04,-6.891067e+00,1.136610e-03,0.000000e+00,0.000000e+00,0.000000e+00,0.000000e+00,0.000000e+00,0.000000e+00,0.000000e+00,0.000000e+00,0.000000e+00,0.000000e+00,0.000000e+00,0.000000e+00,0.000000e+00,0.000000e+00,0.000000e+00,0.000000e+00,0.000000e+00,0.000000e+00,0.000000e+00,0.000000e+00,0.000000e+00,-6.277828e+06,8.916065e+03,-3.611856e+06,8.688983e-02,-7.470422e-04,-6.500903e+00,-8.126169e-02,8.051842e-03,-1.321848e-01,3.190480e-03,5.272475e-06,7.442208e+00,-1.146763e-02,3.457573e-03,-5.793276e-04,-1.907295e-03,-2.698568e-04,-8.092090e+00,-5.677497e+00,-1.214820e+00,-4.710812e+03,-6.231103e+03,-8.853673e+03,7.242692e+06,-4.173810e-02,2.890600e+00,6.989651e-03,-3.342433e+02,1.008779e+04,3.569117e+01
1.280290e-03,3.982373e+04,5.891860e+04,-1.400678e-02,-3.134578e-03,-2.251947e+01,1.023783e-01,9.774000e-07,5.909990e+01,0.000000e+00,0.000000e+00,2.908935e+03,0.000000e+00,0.000000e+00,0.000000e+00,0.000000e+00,0.000000e+00,0.000000e+00,0.000000e+00,0.000000e+00,0.000000e+00,0.000000e+00,0.000000e+00,0.000000e+00,0.000000e+00,0.000000e+00,0.000000e+00,0.000000e+00,0.000000e+00,0.000000e+00,0.000000e+00,0.000000e+00,0.000000e+00,0.000000e+00,0.000000e+00,0.000000e+00,0.000000e+00,0.000000e+00,0.000000e+00,0.000000e+00,0.000000e+00,0.000000e+00,0.000000e+00,0.000000e+00,0.000000e+00,0.000000e+00,0.000000e+00,0.000000e+00,0.000000e+00,3.982373e+04,2.230061e+04,-8.578841e-03,7.563606e-04,-6.877887e+00,1.136610e-03,0.000000e+00,0.000000e+00,0.000000e+00,0.000000e+00,0.000000e+00,0.000000e+00,0.000000e+00,0.000000e+00,0.000000e+00,0.000000e+00,0.000000e+00,0.000000e+00,0.000000e+00,0.000000e+00,0.000000e+00,0.000000e+00,0.000000e+00,0.000000e+00,0.000000e+00,0.000000e+00,0.000000e+00,-6.447019e+06,3.899649e+03,-3.702460e+06,8.985471e-02,-8.121483e-04,-6.733253e+00,-8.409633e-02,8.182312e-03,-1.369194e-01,3.189183e-03,7.449243e-05,7.694065e+00,-1.249699e-02,3.594998e-03,-5.802884e-04,-1.963171e-03,-2.819986e-04,-8.137749e+00,-5.757407e+00,-1.257159e+00,-4.639071e+03,-1.202101e+04,-3.832542e+03,7.434522e+06,-4.327654e-02,2.989904e+00,7.216332e-03,-9.286165e+01,1.030805e+04,2.508730e+01
1.290064e-03,4.089481e+04,5.774355e+04,-1.424756e-02,-2.985924e-03,-2.226161e+01,1.023784e-01,9.774000e-07,6.319926e+01,0.000000e+00,0.000000e+00,3.008193e+03,0.000000e+00,0.000000e+00,0.000000e+00,0.000000e+00,0.000000e+00,0.000000e+00,0.000000e+00,0.000000e+00,0.000000e+00,0.000000e+00,0.000000e+00,0.000000e+00,0.000000e+00,0.000000e+00,0.000000e+00,0.000000e+00,0.000000e+00,0.000000e+00,0.000000e+00,0.000000e+00,0.000000e+00,0.000000e+00,0.000000e+00,0.000000e+00,0.000000e+00,0.000000e+00,0.000000e+00,0.000000e+00,0.000000e+00,0.000000e+00,0.000000e+00,0.000000e+00,0.000000e+00,0.000000e+00,0.000000e+00,0.000000e+00,0.000000e+00,4.089481e+04,2.224117e+04,-8.873193e-03,9.247793e-04,-6.864610e+00,1.136610e-03,0.000000e+00,0.000000e+00,0.000000e+00,0.000000e+00,0.000000e+00,0.000000e+00,0.000000e+00,0.000000e+00,0.000000e+00,0.000000e+00,0.000000e+00,0.000000e+00,0.000000e+00,0.000000e+00,0.000000e+00,0.000000e+00,0.000000e+00,0.000000e+00,0.000000e+00,0.000000e+00,0.000000e+00,-6.601438e+06,2.219174e+03,-3.790434e+06,9.289052e-02,-8.159013e-04,-6.971398e+00,-8.691931e-02,8.274343e-03,-1.417677e-01,3.187764e-03,1.984315e-04,7.952526e+00,-1.342370e-02,3.683772e-03,-5.826043e-04,-2.020014e-03,-2.945733e-04,-8.182697e+00,-5.865027e+00,-1.309298e+00,-4.565530e+03,-1.269585e+04,-2.147198e+03,7.612242e+06,-4.459199e-02,3.091892e+00,7.403092e-03,-9.523998e+01,1.059785e+04,1.681364e+01
1.300815e-03,4.208570e+04,5.643884e+04,-1.421280e-02,-3.071516e-03,-2.196973e+01,1.023784e-01,9.774000e-07,6.798505e+01,0.000000e+00,0.000000e+00,3.115987e+03,0.000000e+00,0.000000e+00,0.000000e+00,0.000000e+00,0.000000e+00,0.000000e+00,0.000000e+00,0.000000e+00,0.000000e+00,0.000000e+00,0.000000e+00,0.000000e+00,0.000000e+00,0.000000e+00,0.000000e+00,0.000000e+00,0.000000e+00,0.000000e+00,0.000000e+00,0.000000e+00,0.000000e+00,0.000000e+00,0.000000e+00,0.000000e+00,0.000000e+00,0.000000e+00,0.000000e+00,0.000000e+00,0.000000e+00,0.000000e+00,0.000000e+00,0.000000e+00,0.000000e+00,0.000000e+00,0.000000e+00,0.000000e+00,0.000000e+00,4.208570e+04,2.217236e+04,-9.051174e-03,1.002443e-03,-6.848796e+00,1.136609e-03,0.000000e+00,0.000000e+00,0.000000e+00,0.000000e+00,0.000000e+00,0.000000e+00,0.000000e+00,0.000000e+00,0.000000e+00,0.000000e+00,0.000000e+00,0.000000e+00,0.000000e+00,0.000000e+00,0.000000e+00,0.000000e+00,0.000000e+00,0.000000e+00,0.000000e+00,0.000000e+00,0.000000e+00,-6.780827e+06,5.571234e+03,-3.893213e+06,9.630936e-02,-8.709624e-04,-7.239878e+00,-9.009549e-02,8.429302e-03,-1.471865e-01,3.185945e-03,4.425955e-04,8.244727e+00,-1.472275e-02,4.049306e-03,-5.897306e-04,-2.083777e-03,-3.089457e-04,-8.231299e+00,-5.988145e+00,-1.359555e+00,-4.482639e+03,-1.296887e+04,-5.493406e+03,7.818988e+06,-4.626167e-02,3.206871e+00,7.674904e-03,-1.000653e+02,1.089447e+04,1.863455e+01
1.310589e-03,4.317069e+04,5.524650e+04,-1.490998e-02,-2.919345e-03,-2.169967e+01,1.023785e-01,9.774000e-07,7.262143e+01,0.000000e+00,0.000000e+00,3.220938e+03,0.000000e+00,0.000000e+00,0.000000e+00,0.000000e+00,0.000000e+00,0.000000e+00,0.000000e+00,0.000000e+00,0.000000e+00,0.000000e+00,0.000000e+00,0.000000e+00,0.000000e+00,0.000000e+00,0.000000e+00,0.000000e+00,0.000000e+00,0.000000e+00,0.000000e+00,0.000000e+00,0.000000e+00,0.000000e+00,0.000000e+00,0.000000e+00,0.000000e+00,0.000000e+00,0.000000e+00,0.000000e+00,0.000000e+00,0.000000e+00,0.000000e+00,0.000000e+00,0.000000e+00,0.000000e+00,0.000000e+00,0.000000e+00,0.000000e+00,4.317069e+04,2.210720e+04,-9.226250e-03,1.199387e-03,-6.835127e+00,1.136610e-03,0.000000e+00,0.000000e+00,0.000000e+00,0.000000e+00,0.000000e+00,0.000000e+00,0.000000e+00,0.000000e+00,0.000000e+00,0.000000e+00,0.000000e+00,0.000000e+00,0.000000e+00,0.000000e+00,0.000000e+00,0.000000e+00,0.000000e+00,0.000000e+00,0.000000e+00,0.000000e+00,0.000000e+00,-6.930082e+06,7.635349e+03,-3.974028e+06,9.947997e-02,-9.398137e-04,-7.490035e+00,-9.314073e-02,8.599203e-03,-1.521358e-01,3.184247e-03,8.324840e-04,8.515168e+00,-1.585203e-02,4.281317e-03,-6.082455e-04,-2.142985e-03,-3.224956e-04,-8.274699e+00,-6.119409e+00,-1.409100e+00,-4.405399e+03,-1.722689e+04,-7.552199e+03,7.988656e+06,-4.780057e-02,3.314478e+00,7.884482e-03,-3.172976e+02,1.113279e+04,4.315681e+01
1.320363e-03,4.426204e+04,5.404712e+04,-1.492793e-02,-2.813447e-03,-2.142268e+01,1.023785e-01,9.774000e-07,7.754170e+01,0.000000e+00,0.000000e+00,3.323116e+03,0.000000e+00,0.000000e+00,0.000000e+00,0.000000e+00,0.000000e+00,0.000000e+00,0.000000e+00,0.000000e+00,0.000000e+00,0.000000e+00,0.000000e+00,0.000000e+00,0.000000e+00,0.000000e+00,0.000000e+00,0.000000e+00,0.000000e+00,0.000000e+00,0.000000e+00,0.000000e+00,0.000000e+00,0.000000e+00,0.000000e+00,0.000000e+00,0.000000e+00,0.000000e+00,0.000000e+00,0.000000e+00,0.000000e+00,0.000000e+00,0.000000e+00,0.000000e+00,0.000000e+00,0.000000e+00,0.000000e+00,0.000000e+00,0.000000e+00,4.426204e+04,2.204180e+04,-9.284649e-03,1.409129e-03,-6.820595e+00,1.136610e-03,0.000000e+00,0.000000e+00,0.000000e+00,0.000000e+00,0.000000e+00,0.000000e+00,0.000000e+00,0.000000e+00,0.000000e+00,0.000000e+00,0.000000e+00,0.000000e+00,0.000000e+00,0.000000e+00,0.000000e+00,0.000000e+00,0.000000e+00,0.000000e+00,0.000000e+00,0.000000e+00,0.000000e+00,-7.104621e+06,7.939149e+03,-4.078050e+06,1.028363e-01,-1.001735e-03,-7.745832e+00,-9.636682e-02,8.767442e-03,-1.571038e-01,3.182292e-03,1.499482e-03,8.792394e+00,-1.704688e-02,4.881626e-03,-6.587382e-04,-2.203760e-03,-3.365410e-04,-8.317334e+00,-6.302223e+00,-1.461652e+00,-4.326468e+03,-1.398285e+04,-7.850038e+03,8.191822e+06,-4.956746e-02,3.424927e+00,8.101273e-03,-2.769651e+02,1.148673e+04,3.986087e+01
1.330137e-03,4.535034e+04,5.284762e+04,-1.516311e-02,-2.399756e-03,-2.114120e+01,1.023786e-01,9.774000e-07,8.272723e+01,0.000000e+00,0.000000e+00,3.428435e+03,0.000000e+00,0.000000e+00,0.000000e+00,0.000000e+00,0.000000e+00,0.000000e+00,0.000000e+00,0.000000e+00,0.000000e+00,0.000000e+00,0.000000e+00,0.000000e+00,0.000000e+00,0.000000e+00,0.000000e+00,0.000000e+00,0.000000e+00,0.000000e+00,0.000000e+00,0.000000e+00,0.000000e+00,0.000000e+00,0.000000e+00,0.000000e+00,0.000000e+00,0.000000e+00,0.000000e+00,0.000000e+00,0.000000e+00,0.000000e+00,0.000000e+00,0.000000e+00,0.000000e+00,0.000000e+00,0.000000e+00,0.000000e+00,0.000000e+00,4.535034e+04,2.197856e+04,-9.451188e-03,1.799471e-03,-6.807003e+00,1.136610e-03,0.000000e+00,0.000000e+00,0.000000e+00,0.000000e+00,0.000000e+00,0.000000e+00,0.000000e+00,0.000000e+00,0.000000e+00,0.000000e+00,0.000000e+00,0.000000e+00,0.000000e+00,0.000000e+00,0.000000e+00,0.000000e+00,0.000000e+00,0.000000e+00,0.000000e+00,0.000000e+00,0.000000e+00,-7.238240e+06,4.823378e+03,-4.153583e+06,1.062438e-01,-1.069893e-03,-8.007397e+00,-9.958649e-02,8.897409e-03,-1.621978e-01,3.180292e-03,2.630195e-03,9.074273e+00,-1.809852e-02,5.535265e-03,-7.873777e-04,-2.266280e-03,-3.510665e-04,-8.359189e+00,-6.457294e+00,-1.506582e+00,-4.245711e+03,-1.496947e+04,-4.728482e+03,8.345306e+06,-5.123338e-02,3.537743e+00,8.365559e-03,-1.143276e+02,1.155894e+04,1.565926e+01
1.340888e-03,4.652995e+04,5.154624e+04,-1.564768e-02,-1.031496e-03,-2.082499e+01,1.023786e-01,9.774000e-07,8.870960e+01,0.000000e+00,0.000000e+00,3.542663e+03,0.000000e+00,0.000000e+00,0.000000e+00,0.000000e+00,0.000000e+00,0.000000e+00,0.000000e+00,0.000000e+00,0.000000e+00,0.000000e+00,0.000000e+00,0.000000e+00,0.000000e+00,0.000000e+00,0.000000e+00,0.000000e+00,0.000000e+00,0.000000e+00,0.000000e+00,0.000000e+00,0.000000e+00,0.000000e+00,0.000000e+00,0.000000e+00,0.000000e+00,0.000000e+00,0.000000e+00,0.000000e+00,0.000000e+00,0.000000e+00,0.000000e+00,0.000000e+00,0.000000e+00,0.000000e+00,0.000000e+00,0.000000e+00,0.000000e+00,4.652995e+04,2.192045e+04,-9.884171e-03,2.859633e-03,-6.791988e+00,1.136610e-03,0.000000e+00,0.000000e+00,0.000000e+00,0.000000e+00,0.000000e+00,0.000000e+00,0.000000e+00,0.000000e+00,0.000000e+00,0.000000e+00,0.000000e+00,0.000000e+00,0.000000e+00,0.000000e+00,0.000000e+00,0.000000e+00,0.000000e+00,0.000000e+00,0.000000e+00,0.000000e+00,0.000000e+00,-7.412530e+06,9.637378e+03,-4.257353e+06,1.100909e-01,-1.157412e-03,-8.301549e+00,-1.034048e-01,9.174407e-03,-1.678392e-01,3.177837e-03,4.557465e-03,9.390468e+00,-1.902123e-02,6.100445e-03,-1.082583e-03,-2.336605e-03,-3.677208e-04,-8.404305e+00,-6.608191e+00,-1.585720e+00,-4.154927e+03,-1.174587e+04,-9.535273e+03,8.548130e+06,-5.397195e-02,3.663499e+00,8.789550e-03,-3.086419e+02,1.179799e+04,4.596583e+01
1.350662e-03,4.756681e+04,5.033312e+04,-1.600426e-02,-1.374465e-03,-2.053115e+01,1.023786e-01,9.774000e-07,9.443645e+01,0.000000e+00,0.000000e+00,3.771289e+03,0.000000e+00,0.000000e+00,0.000000e+00,0.000000e+00,0.000000e+00,0.000000e+00,0.000000e+00,0.000000e+00,0.000000e+00,0.000000e+00,0.000000e+00,0.000000e+00,0.000000e+00,0.000000e+00,0.000000e+00,0.000000e+00,0.000000e+00,0.000000e+00,0.000000e+00,0.000000e+00,0.000000e+00,0.000000e+00,0.000000e+00,0.000000e+00,0.000000e+00,0.000000e+00,0.000000e+00,0.000000e+00,0.000000e+00,0.000000e+00,0.000000e+00,0.000000e+00,0.000000e+00,0.000000e+00,0.000000e+00,0.000000e+00,0.000000e+00,4.756681e+04,2.185408e+04,-1.024123e-02,3.046835e-03,-6.778463e+00,1.136610e-03,0.000000e+00,0.000000e+00,0.000000e+00,0.000000e+00,0.000000e+00,0.000000e+00,0.000000e+00,0.000000e+00,0.000000e+00,0.000000e+00,0.000000e+00,0.000000e+00,0.000000e+00,0.000000e+00,0.000000e+00,0.000000e+00,0.000000e+00,0.000000e+00,0.000000e+00,0.000000e+00,0.000000e+00,-7.557579e+06,7.717580e+03,-4.339286e+06,1.136613e-01,-1.226924e-03,-8.574752e+00,-1.069605e-01,9.379044e-03,-1.730424e-01,3.175465e-03,5.067597e-03,9.684865e+00,-2.001709e-02,7.134928e-03,-1.175446e-03,-2.401909e-03,-3.836391e-04,-8.444464e+00,-6.742677e+00,-1.655944e+00,-4.070594e+03,-1.284867e+04,-7.608775e+03,8.714714e+06,-5.632665e-02,3.779997e+00,9.137872e-03,-2.455704e+02,1.196752e+04,4.090711e+01
1.360436e-03,4.870135e+04,4.913253e+04,-1.597572e-02,-2.348128e-03,-2.022677e+01,1.023787e-01,9.774000e-07,1.004959e+02,0.000000e+00,0.000000e+00,3.835598e+03,0.000000e+00,0.000000e+00,0.000000e+00,0.000000e+00,0.000000e+00,0.000000e+00,0.000000e+00,0.000000e+00,0.000000e+00,0.000000e+00,0.000000e+00,0.000000e+00,0.000000e+00,0.000000e+00,0.000000e+00,0.000000e+00,0.000000e+00,0.000000e+00,0.000000e+00,0.000000e+00,0.000000e+00,0.000000e+00,0.000000e+00,0.000000e+00,0.000000e+00,0.000000e+00,0.000000e+00,0.000000e+00,0.000000e+00,0.000000e+00,0.000000e+00,0.000000e+00,0.000000e+00,0.000000e+00,0.000000e+00,0.000000e+00,0.000000e+00,4.870135e+04,2.178692e+04,-1.026397e-02,2.696325e-03,-6.760761e+00,1.136610e-03,0.000000e+00,0.000000e+00,0.000000e+00,0.000000e+00,0.000000e+00,0.000000e+00,0.000000e+00,0.000000e+00,0.000000e+00,0.000000e+00,0.000000e+00,0.000000e+00,0.000000e+00,0.000000e+00,0.000000e+00,0.000000e+00,0.000000e+00,0.000000e+00,0.000000e+00,0.000000e+00,0.000000e+00,-7.706576e+06,8.630943e+03,-4.422284e+06,1.176078e-01,-1.310629e-03,-8.852991e+00,-1.104290e-01,9.577421e-03,-1.784193e-01,3.172951e-03,5.022199e-03,9.990049e+00,-2.139918e-02,8.057463e-03,-1.175987e-03,-2.468998e-03,-4.001664e-04,-8.483789e+00,-6.968055e+00,-1.718253e+00,-3.984741e+03,-1.497847e+04,-8.515078e+03,8.885252e+06,-5.847438e-02,3.899433e+00,9.471754e-03,-3.254236e+02,1.223389e+04,5.143618e+01
1.370210e-03,4.984929e+04,4.790866e+04,-1.617236e-02,-2.565819e-03,-1.992172e+01,1.023787e-01,9.774000e-07,1.068106e+02,0.000000e+00,0.000000e+00,3.905095e+03,0.000000e+00,0.000000e+00,0.000000e+00,0.000000e+00,0.000000e+00,0.000000e+00,0.000000e+00,0.000000e+00,0.000000e+00,0.000000e+00,0.000000e+00,0.000000e+00,0.000000e+00,0.000000e+00,0.000000e+00,0.000000e+00,0.000000e+00,0.000000e+00,0.000000e+00,0.000000e+00,0.000000e+00,0.000000e+00,0.000000e+00,0.000000e+00,0.000000e+00,0.000000e+00,0.000000e+00,0.000000e+00,0.000000e+00,0.000000e+00,0.000000e+00,0.000000e+00,0.000000e+00,0.000000e+00,0.000000e+00,0.000000e+00,0.000000e+00,4.984929e+04,2.170324e+04,-1.039927e-02,2.804276e-03,-6.745136e+00,1.136610e-03,0.000000e+00,0.000000e+00,0.000000e+00,0.000000e+00,0.000000e+00,0.000000e+00,0.000000e+00,0.000000e+00,0.000000e+00,0.000000e+00,0.000000e+00,0.000000e+00,0.000000e+00,0.000000e+00,0.000000e+00,0.000000e+00,0.000000e+00,0.000000e+00,0.000000e+00,0.000000e+00,0.000000e+00,-7.844052e+06,4.507649e+03,-4.499336e+06,1.213889e-01,-1.394537e-03,-9.136558e+00,-1.140707e-01,9.726351e-03,-1.837622e-01,3.170340e-03,4.972280e-03,1.029516e+01,-2.256130e-02,8.235525e-03,-1.176595e-03,-2.538031e-03,-4.172890e-04,-8.522267e+00,-7.146698e+00,-1.774808e+00,-3.897213e+03,-1.648603e+04,-4.384391e+03,9.042837e+06,-6.047771e-02,4.020180e+00,9.748836e-03,-1.715791e+02,1.239855e+04,1.985468e+01
1.380962e-03,5.100745e+04,4.658871e+04,-1.593578e-02,-2.647619e-03,-1.957915e+01,1.023787e-01,9.774000e-07,1.141142e+02,0.000000e+00,0.000000e+00,4.069103e+03,0.000000e+00,0.000000e+00,0.000000e+00,0.000000e+00,0.000000e+00,0.000000e+00,0.000000e+00,0.000000e+00,0.000000e+00,0.000000e+00,0.000000e+00,0.000000e+00,0.000000e+00,0.000000e+00,0.000000e+00,0.000000e+00,0.000000e+00,0.000000e+00,0.000000e+00,0.000000e+00,0.000000e+00,0.000000e+00,0.000000e+00,0.000000e+00,0.000000e+00,0.000000e+00,0.000000e+00,0.000000e+00,0.000000e+00,0.000000e+00,0.000000e+00,0.000000e+00,0.000000e+00,0.000000e+00,0.000000e+00,0.000000e+00,0.000000e+00,5.100745e+04,2.162592e+04,-1.030358e-02,2.990972e-03,-6.728465e+00,1.136610e-03,0.000000e+00,0.000000e+00,0.000000e+00,0.000000e+00,0.000000e+00,0.000000e+00,0.000000e+00,0.000000e+00,0.000000e+00,0.000000e+00,0.000000e+00,0.000000e+00,0.000000e+00,0.000000e+00,0.000000e+00,0.000000e+00,0.000000e+00,0.000000e+00,0.000000e+00,0.000000e+00,0.000000e+00,-8.020010e+06,8.125485e+03,-4.598531e+06,1.256177e-01,-1.485533e-03,-9.454927e+00,-1.181802e-01,9.918970e-03,-1.897345e-01,3.167378e-03,4.915072e-03,1.063834e+01,-2.441800e-02,8.276754e-03,-1.177389e-03,-2.616029e-03,-4.367849e-04,-8.563594e+00,-7.343459e+00,-1.842030e+00,-3.798970e+03,-1.795101e+04,-7.993365e+03,9.244821e+06,-6.276587e-02,4.155402e+00,1.003263e-02,-2.634307e+02,1.271468e+04,2.659138e+01
1.390736e-03,5.211561e+04,4.539991e+04,-1.470855e-02,-2.402740e-03,-1.926098e+01,1.023788e-01,9.774000e-07,1.211817e+02,0.000000e+00,0.000000e+00,4.144668e+03,0.000000e+00,0.000000e+00,0.000000e+00,0.000000e+00,0.000000e+00,0.000000e+00,0.000000e+00,0.000000e+00,0.000000e+00,0.000000e+00,0.000000e+00,0.000000e+00,0.000000e+00,0.000000e+00,0.000000e+00,0.000000e+00,0.000000e+00,0.000000e+00,0.000000e+00,0.000000e+00,0.000000e+00,0.000000e+00,0.000000e+00,0.000000e+00,0.000000e+00,0.000000e+00,0.000000e+00,0.000000e+00,0.000000e+00,0.000000e+00,0.000000e+00,0.000000e+00,0.000000e+00,0.000000e+00,0.000000e+00,0.000000e+00,0.000000e+00,5.211561e+04,2.155746e+04,-9.755053e-03,3.288605e-03,-6.713145e+00,1.136610e-03,0.000000e+00,0.000000e+00,0.000000e+00,0.000000e+00,0.000000e+00,0.000000e+00,0.000000e+00,0.000000e+00,0.000000e+00,0.000000e+00,0.000000e+00,0.000000e+00,0.000000e+00,0.000000e+00,0.000000e+00,0.000000e+00,0.000000e+00,0.000000e+00,0.000000e+00,0.000000e+00,0.000000e+00,-8.150678e+06,3.043034e+03,-4.661466e+06,1.297548e-01,-1.573487e-03,-9.750250e+00,-1.215092e-01,1.004565e-02,-1.952437e-01,3.164716e-03,4.861522e-03,1.095666e+01,-2.655880e-02,7.984061e-03,-1.178192e-03,-2.688963e-03,-4.551088e-04,-8.600236e+00,-7.593385e+00,-1.897870e+00,-3.707842e+03,-2.824460e+04,-2.902915e+03,9.389463e+06,-6.470086e-02,4.282122e+00,1.019984e-02,-1.129479e+02,1.315815e+04,-5.255960e+00
1.400510e-03,5.319939e+04,4.421174e+04,-1.457335e-02,-2.327959e-03,-1.893986e+01,1.023790e-01,9.774000e-07,1.296933e+02,0.000000e+00,0.000000e+00,4.244883e+03,0.000000e+00,0.000000e+00,0.000000e+00,0.000000e+00,0.000000e+00,0.000000e+00,0.000000e+00,0.000000e+00,0.000000e+00,0.000000e+00,0.000000e+00,0.000000e+00,0.000000e+00,0.000000e+00,0.000000e+00,0.000000e+00,0.000000e+00,0.000000e+00,0.000000e+00,0.000000e+00,0.000000e+00,0.000000e+00,0.000000e+00,0.000000e+00,0.000000e+00,0.000000e+00,0.000000e+00,0.000000e+00,0.000000e+00,0.000000e+00,0.000000e+00,0.000000e+00,0.000000e+00,0.000000e+00,0.000000e+00,0.000000e+00,0.000000e+00,5.319939e+04,2.147252e+04,-9.852208e-03,3.459583e-03,-6.696126e+00,1.136610e-03,0.000000e+00,0.000000e+00,0.000000e+00,0.000000e+00,0.000000e+00,0.000000e+00,0.000000e+00,0.000000e+00,0.000000e+00,0.000000e+00,0.000000e+00,0.000000e+00,0.000000e+00,0.000000e+00,0.000000e+00,0.000000e+00,0.000000e+00,0.000000e+00,0.000000e+00,0.000000e+00,0.000000e+00,-8.144050e+06,6.815990e+03,-4.682151e+06,1.328794e-01,-1.739666e-03,-1.004755e+01,-1.245316e-01,1.022719e-02,-2.005421e-01,3.161925e-03,4.806454e-03,1.127922e+01,-2.814309e-02,7.872952e-03,-1.179037e-03,-2.764053e-03,-4.738881e-04,-8.635983e+00,-7.723267e+00,-1.938943e+00,-3.616226e+03,-6.611752e+03,-6.669846e+03,9.394043e+06,-6.542171e-02,4.429004e+00,1.036984e-02,1.049668e+02,1.559210e+04,-3.869363e+01
1.410284e-03,5.425927e+04,4.302677e+04,-1.379566e-02,-2.000288e-03,-1.861312e+01,1.023793e-01,9.774000e-07,1.392633e+02,0.000000e+00,0.000000e+00,4.368696e+03,0.000000e+00,0.000000e+00,0.000000e+00,0.000000e+00,0.000000e+00,0.000000e+00,0.000000e+00,0.000000e+00,0.000000e+00,0.000000e+00,0.000000e+00,0.000000e+00,0.000000e+00,0.000000e+00,0.000000e+00,0.000000e+00,0.000000e+00,0.000000e+00,0.000000e+00,0.000000e+00,0.000000e+00,0.000000e+00,0.000000e+00,0.000000e+00,0.000000e+00,0.000000e+00,0.000000e+00,0.000000e+00,0.000000e+00,0.000000e+00,0.000000e+00,0.000000e+00,0.000000e+00,0.000000e+00,0.000000e+00,0.000000e+00,0.000000e+00,5.425927e+04,2.137305e+04,-9.779047e-03,3.730594e-03,-6.676661e+00,1.136610e-03,0.000000e+00,0.000000e+00,0.000000e+00,0.000000e+00,0.000000e+00,0.000000e+00,0.000000e+00,0.000000e+00,0.000000e+00,0.000000e+00,0.000000e+00,0.000000e+00,0.000000e+00,0.000000e+00,0.000000e+00,0.000000e+00,0.000000e+00,0.000000e+00,0.000000e+00,0.000000e+00,0.000000e+00,-8.155254e+06,9.186414e+03,-4.645668e+06,1.357283e-01,-1.716590e-03,-1.034816e+01,-1.273415e-01,1.040082e-02,-2.057757e-01,3.159275e-03,4.749869e-03,1.160805e+01,-3.046618e-02,7.534863e-03,-1.179896e-03,-2.839952e-03,-4.931478e-04,-8.670834e+00,-7.815849e+00,-1.998917e+00,-3.523740e+03,-4.340336e+04,-9.034458e+03,9.385549e+06,-6.574539e-02,4.588440e+00,9.892470e-03,-8.653621e+02,1.836365e+04,-1.443769e+01
1.420058e-03,5.534680e+04,4.184792e+04,-1.333570e-02,-1.938833e-03,-1.828032e+01,1.023794e-01,9.774000e-07,1.492032e+02,0.000000e+00,0.000000e+00,4.452732e+03,0.000000e+00,0.000000e+00,0.000000e+00,0.000000e+00,0.000000e+00,0.000000e+00,0.000000e+00,0.000000e+00,0.000000e+00,0.000000e+00,0.000000e+00,0.000000e+00,0.000000e+00,0.000000e+00,0.000000e+00,0.000000e+00,0.000000e+00,0.000000e+00,0.000000e+00,0.000000e+00,0.000000e+00,0.000000e+00,0.000000e+00,0.000000e+00,0.000000e+00,0.000000e+00,0.000000e+00,0.000000e+00,0.000000e+00,0.000000e+00,0.000000e+00,0.000000e+00,0.000000e+00,0.000000e+00,0.000000e+00,0.000000e+00,0.000000e+00,5.534680e+04,2.127688e+04,-9.587243e-03,3.913376e-03,-6.658491e+00,1.136609e-03,0.000000e+00,0.000000e+00,0.000000e+00,0.000000e+00,0.000000e+00,0.000000e+00,0.000000e+00,0.000000e+00,0.000000e+00,0.000000e+00,0.000000e+00,0.000000e+00,0.000000e+00,0.000000e+00,0.000000e+00,0.000000e+00,0.000000e+00,0.000000e+00,0.000000e+00,0.000000e+00,0.000000e+00,-8.249726e+06,-1.123516e+04,-4.706368e+06,1.390917e-01,-1.821128e-03,-1.065571e+01,-1.304804e-01,1.061008e-02,-2.112428e-01,3.156615e-03,4.691692e-03,1.194193e+01,-3.239702e-02,7.448683e-03,-1.180766e-03,-2.917834e-03,-5.129355e-04,-8.704768e+00,-8.053187e+00,-2.055357e+00,-3.429184e+03,-3.750632e+04,1.139528e+04,9.497708e+06,-6.788391e-02,4.748847e+00,9.812064e-03,7.703660e+01,2.008727e+04,2.713375e+02
1.430809e-03,5.649256e+04,4.056714e+04,-1.253130e-02,-1.776744e-03,-1.790731e+01,1.023796e-01,9.774000e-07,1.607946e+02,0.000000e+00,0.000000e+00,4.579780e+03,0.000000e+00,0.000000e+00,0.000000e+00,0.000000e+00,0.000000e+00,0.000000e+00,0.000000e+00,0.000000e+00,0.000000e+00,0.000000e+00,0.000000e+00,0.000000e+00,0.000000e+00,0.000000e+00,0.000000e+00,0.000000e+00,0.000000e+00,0.000000e+00,0.000000e+00,0.000000e+00,0.000000e+00,0.000000e+00,0.000000e+00,0.000000e+00,0.000000e+00,0.000000e+00,0.000000e+00,0.000000e+00,0.000000e+00,0.000000e+00,0.000000e+00,0.000000e+00,0.000000e+00,0.000000e+00,0.000000e+00,0.000000e+00,0.000000e+00,5.649256e+04,2.116173e+04,-9.166352e-03,3.980289e-03,-6.635530e+00,1.136610e-03,0.000000e+00,0.000000e+00,0.000000e+00,0.000000e+00,0.000000e+00,0.000000e+00,0.000000e+00,0.000000e+00,0.000000e+00,0.000000e+00,0.000000e+00,0.000000e+00,0.000000e+00,0.000000e+00,0.000000e+00,0.000000e+00,0.000000e+00,0.000000e+00,0.000000e+00,0.000000e+00,0.000000e+00,-8.471063e+06,4.328815e+03,-4.872442e+06,1.429495e-01,-2.072585e-03,-1.099754e+01,-1.340871e-01,1.081916e-02,-2.173723e-01,3.153821e-03,4.625765e-03,1.231610e+01,-3.497391e-02,7.200641e-03,-1.181720e-03,-3.006107e-03,-5.349208e-04,-8.741021e+00,-8.344874e+00,-2.041965e+00,-3.324279e+03,-3.508738e+03,-4.156689e+03,9.772390e+06,-6.889120e-02,4.930978e+00,1.036514e-02,-1.499149e+03,1.858660e+04,1.561638e+01
1.440583e-03,5.754673e+04,3.941154e+04,-1.192344e-02,-1.583592e-03,-1.756135e+01,1.023796e-01,9.774000e-07,1.721200e+02,0.000000e+00,0.000000e+00,4.671438e+03,0.000000e+00,0.000000e+00,0.000000e+00,0.000000e+00,0.000000e+00,0.000000e+00,0.000000e+00,0.000000e+00,0.000000e+00,0.000000e+00,0.000000e+00,0.000000e+00,0.000000e+00,0.000000e+00,0.000000e+00,0.000000e+00,0.000000e+00,0.000000e+00,0.000000e+00,0.000000e+00,0.000000e+00,0.000000e+00,0.000000e+00,0.000000e+00,0.000000e+00,0.000000e+00,0.000000e+00,0.000000e+00,0.000000e+00,0.000000e+00,0.000000e+00,0.000000e+00,0.000000e+00,0.000000e+00,0.000000e+00,0.000000e+00,0.000000e+00,5.754673e+04,2.105041e+04,-9.052277e-03,4.252956e-03,-6.613203e+00,1.136610e-03,0.000000e+00,0.000000e+00,0.000000e+00,0.000000e+00,0.000000e+00,0.000000e+00,0.000000e+00,0.000000e+00,0.000000e+00,0.000000e+00,0.000000e+00,0.000000e+00,0.000000e+00,0.000000e+00,0.000000e+00,0.000000e+00,0.000000e+00,0.000000e+00,0.000000e+00,0.000000e+00,0.000000e+00,-8.438176e+06,-2.803843e+03,-4.872443e+06,1.457401e-01,-2.171616e-03,-1.131312e+01,-1.375180e-01,1.104329e-02,-2.228155e-01,3.151350e-03,4.564217e-03,1.266268e+01,-3.714826e-02,6.955720e-03,-1.182589e-03,-3.088047e-03,-5.551906e-04,-8.772992e+00,-8.424479e+00,-2.100972e+00,-3.227205e+03,1.337782e+04,2.982098e+03,9.743887e+06,-6.842995e-02,5.100587e+00,9.766597e-03,-2.763820e+02,2.152841e+04,8.667094e+01
1.450357e-03,5.857473e+04,3.826920e+04,-1.085457e-02,-1.532976e-03,-1.721260e+01,1.023798e-01,9.774000e-07,1.853847e+02,0.000000e+00,0.000000e+00,4.774580e+03,0.000000e+00,0.000000e+00,0.000000e+00,0.000000e+00,0.000000e+00,0.000000e+00,0.000000e+00,0.000000e+00,0.000000e+00,0.000000e+00,0.000000e+00,0.000000e+00,0.000000e+00,0.000000e+00,0.000000e+00,0.000000e+00,0.000000e+00,0.000000e+00,0.000000e+00,0.000000e+00,0.000000e+00,0.000000e+00,0.000000e+00,0.000000e+00,0.000000e+00,0.000000e+00,0.000000e+00,0.000000e+00,0.000000e+00,0.000000e+00,0.000000e+00,0.000000e+00,0.000000e+00,0.000000e+00,0.000000e+00,0.000000e+00,0.000000e+00,5.857473e+04,2.092863e+04,-8.748196e-03,4.362202e-03,-6.589771e+00,1.136610e-03,0.000000e+00,0.000000e+00,0.000000e+00,0.000000e+00,0.000000e+00,0.000000e+00,0.000000e+00,0.000000e+00,0.000000e+00,0.000000e+00,0.000000e+00,0.000000e+00,0.000000e+00,0.000000e+00,0.000000e+00,0.000000e+00,0.000000e+00,0.000000e+00,0.000000e+00,0.000000e+00,0.000000e+00,-8.563318e+06,3.265037e+03,-4.914395e+06,1.488561e-01,-2.385950e-03,-1.163132e+01,-1.408792e-01,1.127729e-02,-2.282939e-01,3.148909e-03,4.500844e-03,1.301229e+01,-3.971008e-02,6.850670e-03,-1.183481e-03,-3.171024e-03,-5.759483e-04,-8.804012e+00,-8.555052e+00,-2.112362e+00,-3.129738e+03,-1.218847e+04,-3.077725e+03,9.873274e+06,-6.966452e-02,5.293405e+00,1.022076e-02,-2.487643e+02,2.252561e+04,-6.113722e+01
1.460131e-03,5.958886e+04,3.714364e+04,-1.020435e-02,-1.425305e-03,-1.685908e+01,1.023799e-01,9.774000e-07,1.986891e+02,0.000000e+00,0.000000e+00,4.875585e+03,0.000000e+00,0.000000e+00,0.000000e+00,0.000000e+00,0.000000e+00,0.000000e+00,0.000000e+00,0.000000e+00,0.000000e+00,0.000000e+00,0.000000e+00,0.000000e+00,0.000000e+00,0.000000e+00,0.000000e+00,0.000000e+00,0.000000e+00,0.000000e+00,0.000000e+00,0.000000e+00,0.000000e+00,0.000000e+00,0.000000e+00,0.000000e+00,0.000000e+00,0.000000e+00,0.000000e+00,0.000000e+00,0.000000e+00,0.000000e+00,0.000000e+00,0.000000e+00,0.000000e+00,0.000000e+00,0.000000e+00,0.000000e+00,0.000000e+00,5.958886e+04,2.080476e+04,-8.094259e-03,4.533523e-03,-6.566398e+00,1.136610e-03,0.000000e+00,0.000000e+00,0.000000e+00,0.000000e+00,0.000000e+00,0.000000e+00,0.000000e+00,0.000000e+00,0.000000e+00,0.000000e+00,0.000000e+00,0.000000e+00,0.000000e+00,0.000000e+00,0.000000e+00,0.000000e+00,0.000000e+00,0.000000e+00,0.000000e+00,0.000000e+00,0.000000e+00,-8.825583e+06,4.140339e+03,-5.087000e+06,1.532791e-01,-2.474821e-03,-1.195414e+01,-1.447557e-01,1.144193e-02,-2.339998e-01,3.146662e-03,4.435995e-03,1.336694e+01,-4.191547e-02,6.684316e-03,-1.184357e-03,-3.256829e-03,-5.969215e-04,-8.834072e+00,-8.915538e+00,-2.149823e+00,-3.030911e+03,7.124742e+03,-3.939850e+03,1.018668e+07,-7.179403e-02,5.481908e+00,1.004007e-02,-1.734170e+03,1.952671e+04,1.006208e+02
1.470883e-03,6.068918e+04,3.592804e+04,-9.084738e-03,-1.201668e-03,-1.646515e+01,1.023801e-01,9.774000e-07,2.150962e+02,0.000000e+00,0.000000e+00,4.980077e+03,0.000000e+00,0.000000e+00,0.000000e+00,0.000000e+00,0.000000e+00,0.000000e+00,0.000000e+00,0.000000e+00,0.000000e+00,0.000000e+00,0.000000e+00,0.000000e+00,0.000000e+00,0.000000e+00,0.000000e+00,0.000000e+00,0.000000e+00,0.000000e+00,0.000000e+00,0.000000e+00,0.000000e+00,0.000000e+00,0.000000e+00,0.000000e+00,0.000000e+00,0.000000e+00,0.000000e+00,0.000000e+00,0.000000e+00,0.000000e+00,0.000000e+00,0.000000e+00,0.000000e+00,0.000000e+00,0.000000e+00,0.000000e+00,0.000000e+00,6.068918e+04,2.066571e+04,-8.244656e-03,4.829233e-03,-6.539812e+00,1.136610e-03,0.000000e+00,0.000000e+00,0.000000e+00,0.000000e+00,0.000000e+00,0.000000e+00,0.000000e+00,0.000000e+00,0.000000e+00,0.000000e+00,0.000000e+00,0.000000e+00,0.000000e+00,0.000000e+00,0.000000e+00,0.000000e+00,0.000000e+00,0.000000e+00,0.000000e+00,0.000000e+00,0.000000e+00,-8.865267e+06,3.686892e+03,-5.125412e+06,1.554587e-01,-2.588975e-03,-1.231324e+01,-1.484675e-01,1.172893e-02,-2.400431e-01,3.144196e-03,4.362878e-03,1.376255e+01,-4.472742e-02,6.397569e-03,-1.185333e-03,-3.352240e-03,-6.204128e-04,-8.866010e+00,-8.791147e+00,-2.212601e+00,-2.920865e+03,2.124074e+04,-3.477156e+03,1.024023e+07,-7.488964e-02,5.702877e+00,9.978970e-03,-1.154924e+03,2.212507e+04,-7.051143e-01
1.480657e-03,6.167073e+04,3.484040e+04,-8.066137e-03,-9.308873e-04,-1.610428e+01,1.023808e-01,9.774000e-07,2.333327e+02,0.000000e+00,0.000000e+00,5.081688e+03,0.000000e+00,0.000000e+00,0.000000e+00,0.000000e+00,0.000000e+00,0.000000e+00,0.000000e+00,0.000000e+00,0.000000e+00,0.000000e+00,0.000000e+00,0.000000e+00,0.000000e+00,0.000000e+00,0.000000e+00,0.000000e+00,0.000000e+00,0.000000e+00,0.000000e+00,0.000000e+00,0.000000e+00,0.000000e+00,0.000000e+00,0.000000e+00,0.000000e+00,0.000000e+00,0.000000e+00,0.000000e+00,0.000000e+00,0.000000e+00,0.000000e+00,0.000000e+00,0.000000e+00,0.000000e+00,0.000000e+00,0.000000e+00,0.000000e+00,6.167073e+04,2.051468e+04,-8.392401e-03,5.108193e-03,-6.510608e+00,1.136610e-03,0.000000e+00,0.000000e+00,0.000000e+00,0.000000e+00,0.000000e+00,0.000000e+00,0.000000e+00,0.000000e+00,0.000000e+00,0.000000e+00,0.000000e+00,0.000000e+00,0.000000e+00,0.000000e+00,0.000000e+00,0.000000e+00,0.000000e+00,0.000000e+00,0.000000e+00,0.000000e+00,0.000000e+00,-9.052309e+06,-1.039376e+04,-5.162076e+06,1.579951e-01,-2.773627e-03,-1.263779e+01,-1.521467e-01,1.195661e-02,-2.456411e-01,3.141938e-03,4.295096e-03,1.412763e+01,-4.722834e-02,6.090689e-03,-1.186224e-03,-3.438164e-03,-6.421483e-04,-8.894031e+00,-8.863580e+00,-2.241127e+00,-2.821937e+03,-3.966741e+04,1.061450e+04,1.042064e+07,-7.792620e-02,5.940433e+00,1.031766e-02,1.465624e+03,2.159525e+04,9.960312e+01
1.490431e-03,6.263979e+04,3.376612e+04,-6.968006e-03,-8.260806e-04,-1.573617e+01,1.023809e-01,9.774000e-07,2.519449e+02,0.000000e+00,0.000000e+00,5.170779e+03,0.000000e+00,0.000000e+00,0.000000e+00,0.000000e+00,0.000000e+00,0.000000e+00,0.000000e+00,0.000000e+00,0.000000e+00,0.000000e+00,0.000000e+00,0.000000e+00,0.000000e+00,0.000000e+00,0.000000e+00,0.000000e+00,0.000000e+00,0.000000e+00,0.000000e+00,0.000000e+00,0.000000e+00,0.000000e+00,0.000000e+00,0.000000e+00,0.000000e+00,0.000000e+00,0.000000e+00,0.000000e+00,0.000000e+00,0.000000e+00,0.000000e+00,0.000000e+00,0.000000e+00,0.000000e+00,0.000000e+00,0.000000e+00,0.000000e+00,6.263979e+04,2.036371e+04,-8.075230e-03,5.335400e-03,-6.481465e+00,1.136610e-03,0.000000e+00,0.000000e+00,0.000000e+00,0.000000e+00,0.000000e+00,0.000000e+00,0.000000e+00,0.000000e+00,0.000000e+00,0.000000e+00,0.000000e+00,0.000000e+00,0.000000e+00,0.000000e+00,0.000000e+00,0.000000e+00,0.000000e+00,0.000000e+00,0.000000e+00,0.000000e+00,0.000000e+00,-9.119846e+06,-1.253539e+04,-5.220904e+06,1.610343e-01,-3.178936e-03,-1.297003e+01,-1.559983e-01,1.241106e-02,-2.510825e-01,3.139671e-03,4.226219e-03,1.449666e+01,-4.991153e-02,5.919673e-03,-1.187112e-03,-3.525334e-03,-6.642171e-04,-8.921066e+00,-9.000182e+00,-2.256578e+00,-2.720502e+03,-2.173182e+04,1.276613e+04,1.050852e+07,-7.778517e-02,6.172547e+00,1.092006e-02,-1.032295e+03,2.301786e+04,6.458361e+02
1.500205e-03,6.357366e+04,3.272319e+04,-5.797573e-03,-5.269646e-04,-1.536316e+01,1.023810e-01,9.774000e-07,2.687679e+02,0.000000e+00,0.000000e+00,5.264073e+03,0.000000e+00,0.000000e+00,0.000000e+00,0.000000e+00,0.000000e+00,0.000000e+00,0.000000e+00,0.000000e+00,0.000000e+00,0.000000e+00,0.000000e+00,0.000000e+00,0.000000e+00,0.000000e+00,0.000000e+00,0.000000e+00,0.000000e+00,0.000000e+00,0.000000e+00,0.000000e+00,0.000000e+00,0.000000e+00,0.000000e+00,0.000000e+00,0.000000e+00,0.000000e+00,0.000000e+00,0.000000e+00,0.000000e+00,0.000000e+00,0.000000e+00,0.000000e+00,0.000000e+00,0.000000e+00,0.000000e+00,0.000000e+00,0.000000e+00,6.357366e+04,2.022862e+04,-7.519908e-03,5.717314e-03,-6.455807e+00,1.136610e-03,0.000000e+00,0.000000e+00,0.000000e+00,0.000000e+00,0.000000e+00,0.000000e+00,0.000000e+00,0.000000e+00,0.000000e+00,0.000000e+00,0.000000e+00,0.000000e+00,0.000000e+00,0.000000e+00,0.000000e+00,0.000000e+00,0.000000e+00,0.000000e+00,0.000000e+00,0.000000e+00,0.000000e+00,-9.103671e+06,-2.988118e+03,-5.198252e+06,1.653292e-01,-3.141756e-03,-1.330992e+01,-1.602521e-01,1.268696e-02,-2.570516e-01,3.137424e-03,4.156186e-03,1.487026e+01,-5.267655e-02,5.579844e-03,-1.187999e-03,-3.614897e-03,-6.868618e-04,-8.947096e+00,-9.247930e+00,-2.364331e+00,-2.616208e+03,-3.265825e+04,3.226687e+03,1.048320e+07,-7.793094e-02,6.374180e+00,9.450614e-03,-4.088672e+02,2.610505e+04,1.231082e+02
1.510956e-03,6.457988e+04,3.160180e+04,-4.504874e-03,-2.563661e-04,-1.494849e+01,1.023812e-01,9.774000e-07,2.910521e+02,0.000000e+00,0.000000e+00,5.359585e+03,0.000000e+00,0.000000e+00,0.000000e+00,0.000000e+00,0.000000e+00,0.000000e+00,0.000000e+00,0.000000e+00,0.000000e+00,0.000000e+00,0.000000e+00,0.000000e+00,0.000000e+00,0.000000e+00,0.000000e+00,0.000000e+00,0.000000e+00,0.000000e+00,0.000000e+00,0.000000e+00,0.000000e+00,0.000000e+00,0.000000e+00,0.000000e+00,0.000000e+00,0.000000e+00,0.000000e+00,0.000000e+00,0.000000e+00,0.000000e+00,0.000000e+00,0.000000e+00,0.000000e+00,0.000000e+00,0.000000e+00,0.000000e+00,0.000000e+00,6.457988e+04,2.006650e+04,-7.104851e-03,6.038284e-03,-6.424294e+00,1.136610e-03,0.000000e+00,0.000000e+00,0.000000e+00,0.000000e+00,0.000000e+00,0.000000e+00,0.000000e+00,0.000000e+00,0.000000e+00,0.000000e+00,0.000000e+00,0.000000e+00,0.000000e+00,0.000000e+00,0.000000e+00,0.000000e+00,0.000000e+00,0.000000e+00,0.000000e+00,0.000000e+00,0.000000e+00,-9.347789e+06,2.352208e+04,-5.330987e+06,1.694513e-01,-3.336978e-03,-1.368492e+01,-1.651518e-01,1.294455e-02,-2.631450e-01,3.134914e-03,4.078044e-03,1.528608e+01,-5.585316e-02,5.312467e-03,-1.188971e-03,-3.715129e-03,-7.122487e-04,-8.974558e+00,-9.339846e+00,-2.377616e+00,-2.501893e+03,-3.855009e+04,-2.326821e+04,1.076100e+07,-8.036774e-02,6.635020e+00,1.000902e-02,-1.068191e+03,2.338034e+04,-3.548259e+02
1.520730e-03,6.546701e+04,3.060704e+04,-3.061902e-03,-1.143821e-05,-1.456830e+01,1.023815e-01,9.774000e-07,3.163580e+02,0.000000e+00,0.000000e+00,5.448496e+03,0.000000e+00,0.000000e+00,0.000000e+00,0.000000e+00,0.000000e+00,0.000000e+00,0.000000e+00,0.000000e+00,0.000000e+00,0.000000e+00,0.000000e+00,0.000000e+00,0.000000e+00,0.000000e+00,0.000000e+00,0.000000e+00,0.000000e+00,0.000000e+00,0.000000e+00,0.000000e+00,0.000000e+00,0.000000e+00,0.000000e+00,0.000000e+00,0.000000e+00,0.000000e+00,0.000000e+00,0.000000e+00,0.000000e+00,0.000000e+00,0.000000e+00,0.000000e+00,0.000000e+00,0.000000e+00,0.000000e+00,0.000000e+00,0.000000e+00,6.546701e+04,1.990517e+04,-5.219709e-03,6.362306e-03,-6.391829e+00,1.136610e-03,0.000000e+00,0.000000e+00,0.000000e+00,0.000000e+00,0.000000e+00,0.000000e+00,0.000000e+00,0.000000e+00,0.000000e+00,0.000000e+00,0.000000e+00,0.000000e+00,0.000000e+00,0.000000e+00,0.000000e+00,0.000000e+00,0.000000e+00,0.000000e+00,0.000000e+00,0.000000e+00,0.000000e+00,-9.011696e+06,-2.229559e+04,-5.178552e+06,1.755691e-01,-3.601630e-03,-1.402407e+01,-1.702442e-01,1.308013e-02,-2.682047e-01,3.132631e-03,4.005959e-03,1.566850e+01,-5.885588e-02,5.021693e-03,-1.189845e-03,-3.809810e-03,-7.359441e-04,-8.998452e+00,-1.003762e+01,-2.400898e+00,-2.398653e+03,-2.461758e+03,2.254927e+04,1.039366e+07,-8.221240e-02,6.913754e+00,1.068440e-02,-5.415202e+02,3.197941e+04,6.593801e+02
1.530504e-03,6.633345e+04,2.964134e+04,-1.476244e-03,2.614751e-04,-1.418391e+01,1.023818e-01,9.774000e-07,3.391491e+02,0.000000e+00,0.000000e+00,5.529727e+03,0.000000e+00,0.000000e+00,0.000000e+00,0.000000e+00,0.000000e+00,0.000000e+00,0.000000e+00,0.000000e+00,0.000000e+00,0.000000e+00,0.000000e+00,0.000000e+00,0.000000e+00,0.000000e+00,0.000000e+00,0.000000e+00,0.000000e+00,0.000000e+00,0.000000e+00,0.000000e+00,0.000000e+00,0.000000e+00,0.000000e+00,0.000000e+00,0.000000e+00,0.000000e+00,0.000000e+00,0.000000e+00,0.000000e+00,0.000000e+00,0.000000e+00,0.000000e+00,0.000000e+00,0.000000e+00,0.000000e+00,0.000000e+00,0.000000e+00,6.633345e+04,1.975105e+04,-4.113689e-03,6.681765e-03,-6.362511e+00,1.136610e-03,0.000000e+00,0.000000e+00,0.000000e+00,0.000000e+00,0.000000e+00,0.000000e+00,0.000000e+00,0.000000e+00,0.000000e+00,0.000000e+00,0.000000e+00,0.000000e+00,0.000000e+00,0.000000e+00,0.000000e+00,0.000000e+00,0.000000e+00,0.000000e+00,0.000000e+00,0.000000e+00,0.000000e+00,-9.475295e+06,1.405312e+04,-5.421010e+06,1.812066e-01,-3.881987e-03,-1.437313e+01,-1.750171e-01,1.336792e-02,-2.741909e-01,3.130401e-03,3.932954e-03,1.605473e+01,-6.201678e-02,4.710408e-03,-1.190716e-03,-3.909473e-03,-7.592391e-04,-9.021328e+00,-1.037673e+01,-2.401031e+00,-2.292536e+03,-2.259647e+04,-1.377772e+04,1.091641e+07,-8.151500e-02,7.162667e+00,1.093178e-02,-5.006235e+02,2.456878e+04,-1.350161e+02
1.540278e-03,6.716920e+04,2.870292e+04,3.125349e-04,5.080045e-04,-1.379468e+01,1.023820e-01,9.774000e-07,3.640293e+02,0.000000e+00,0.000000e+00,5.610028e+03,0.000000e+00,0.000000e+00,0.000000e+00,0.000000e+00,0.000000e+00,0.000000e+00,0.000000e+00,0.000000e+00,0.000000e+00,0.000000e+00,0.000000e+00,0.000000e+00,0.000000e+00,0.000000e+00,0.000000e+00,0.000000e+00,0.000000e+00,0.000000e+00,0.000000e+00,0.000000e+00,0.000000e+00,0.000000e+00,0.000000e+00,0.000000e+00,0.000000e+00,0.000000e+00,0.000000e+00,0.000000e+00,0.000000e+00,0.000000e+00,0.000000e+00,0.000000e+00,0.000000e+00,0.000000e+00,0.000000e+00,0.000000e+00,0.000000e+00,6.716920e+04,1.959160e+04,-2.420411e-03,6.934023e-03,-6.330779e+00,1.136610e-03,0.000000e+00,0.000000e+00,0.000000e+00,0.000000e+00,0.000000e+00,0.000000e+00,0.000000e+00,0.000000e+00,0.000000e+00,0.000000e+00,0.000000e+00,0.000000e+00,0.000000e+00,0.000000e+00,0.000000e+00,0.000000e+00,0.000000e+00,0.000000e+00,0.000000e+00,0.000000e+00,0.000000e+00,-9.456758e+06,-5.263866e+03,-5.364914e+06,1.868201e-01,-4.230844e-03,-1.472309e+01,-1.804255e-01,1.367727e-02,-2.795011e-01,3.128286e-03,3.859102e-03,1.644503e+01,-6.539536e-02,4.407997e-03,-1.191581e-03,-4.012295e-03,-7.829554e-04,-9.043160e+00,-1.074070e+01,-2.434735e+00,-2.185901e+03,-6.121725e+04,5.546906e+03,1.087239e+07,-8.130702e-02,7.418941e+00,1.110676e-02,2.043993e+02,2.920201e+04,2.934143e+02
1.550052e-03,6.797862e+04,2.779595e+04,2.077302e-03,8.257879e-04,-1.340436e+01,1.023826e-01,9.774000e-07,3.942646e+02,0.000000e+00,0.000000e+00,5.688088e+03,0.000000e+00,0.000000e+00,0.000000e+00,0.000000e+00,0.000000e+00,0.000000e+00,0.000000e+00,0.000000e+00,0.000000e+00,0.000000e+00,0.000000e+00,0.000000e+00,0.000000e+00,0.000000e+00,0.000000e+00,0.000000e+00,0.000000e+00,0.000000e+00,0.000000e+00,0.000000e+00,0.000000e+00,0.000000e+00,0.000000e+00,0.000000e+00,0.000000e+00,0.000000e+00,0.000000e+00,0.000000e+00,0.000000e+00,0.000000e+00,0.000000e+00,0.000000e+00,0.000000e+00,0.000000e+00,0.000000e+00,0.000000e+00,0.000000e+00,6.797862e+04,1.942248e+04,-8.963943e-04,7.360948e-03,-6.296751e+00,1.136610e-03,0.000000e+00,0.000000e+00,0.000000e+00,0.000000e+00,0.000000e+00,0.000000e+00,0.000000e+00,0.000000e+00,0.000000e+00,0.000000e+00,0.000000e+00,0.000000e+00,0.000000e+00,0.000000e+00,0.000000e+00,0.000000e+00,0.000000e+00,0.000000e+00,0.000000e+00,0.000000e+00,0.000000e+00,-9.381824e+06,-7.872355e+02,-5.316334e+06,1.922502e-01,-4.359407e-03,-1.507061e+01,-1.867360e-01,1.384124e-02,-2.852295e-01,3.126093e-03,3.784305e-03,1.683881e+01,-6.889847e-02,4.070792e-03,-1.192445e-03,-4.119499e-03,-8.069041e-04,-9.063955e+00,-1.111496e+01,-2.495004e+00,-2.080501e+03,-6.519534e+04,1.076863e+03,1.078322e+07,-8.244434e-02,7.720515e+00,1.047410e-02,-6.274679e+02,3.119590e+04,1.484790e+02
1.560804e-03,6.884411e+04,2.683368e+04,4.525099e-03,1.138566e-03,-1.297347e+01,1.023835e-01,9.774000e-07,4.303364e+02,0.000000e+00,0.000000e+00,5.770467e+03,0.000000e+00,0.000000e+00,0.000000e+00,0.000000e+00,0.000000e+00,0.000000e+00,0.000000e+00,0.000000e+00,0.000000e+00,0.000000e+00,0.000000e+00,0.000000e+00,0.000000e+00,0.000000e+00,0.000000e+00,0.000000e+00,0.000000e+00,0.000000e+00,0.000000e+00,0.000000e+00,0.000000e+00,0.000000e+00,0.000000e+00,0.000000e+00,0.000000e+00,0.000000e+00,0.000000e+00,0.000000e+00,0.000000e+00,0.000000e+00,0.000000e+00,0.000000e+00,0.000000e+00,0.000000e+00,0.000000e+00,0.000000e+00,0.000000e+00,6.884411e+04,1.922541e+04,1.165427e-03,7.677241e-03,-6.257144e+00,1.136610e-03,0.000000e+00,0.000000e+00,0.000000e+00,0.000000e+00,0.000000e+00,0.000000e+00,0.000000e+00,0.000000e+00,0.000000e+00,0.000000e+00,0.000000e+00,0.000000e+00,0.000000e+00,0.000000e+00,0.000000e+00,0.000000e+00,0.000000e+00,0.000000e+00,0.000000e+00,0.000000e+00,0.000000e+00,-9.182847e+06,-3.440987e+04,-5.328957e+06,1.980936e-01,-4.826541e-03,-1.545582e+01,-1.946425e-01,1.425957e-02,-2.916883e-01,3.123779e-03,3.701019e-03,1.727605e+01,-7.312673e-02,3.701086e-03,-1.193396e-03,-4.242043e-03,-8.336758e-04,-9.085635e+00,-1.153209e+01,-2.510370e+00,-1.963895e+03,4.579309e+04,3.470516e+04,1.061698e+07,-8.775721e-02,8.063746e+00,1.164397e-02,-1.176733e+03,3.710685e+04,1.377714e+03
1.570578e-03,6.960330e+04,2.598753e+04,6.813330e-03,1.571403e-03,-1.257935e+01,1.023847e-01,9.774000e-07,4.678788e+02,0.000000e+00,0.000000e+00,5.840964e+03,0.000000e+00,0.000000e+00,0.000000e+00,0.000000e+00,0.000000e+00,0.000000e+00,0.000000e+00,0.000000e+00,0.000000e+00,0.000000e+00,0.000000e+00,0.000000e+00,0.000000e+00,0.000000e+00,0.000000e+00,0.000000e+00,0.000000e+00,0.000000e+00,0.000000e+00,0.000000e+00,0.000000e+00,0.000000e+00,0.000000e+00,0.000000e+00,0.000000e+00,0.000000e+00,0.000000e+00,0.000000e+00,0.000000e+00,0.000000e+00,0.000000e+00,0.000000e+00,0.000000e+00,0.000000e+00,0.000000e+00,0.000000e+00,0.000000e+00,6.960330e+04,1.903574e+04,2.118312e-03,8.106791e-03,-6.219360e+00,1.136610e-03,0.000000e+00,0.000000e+00,0.000000e+00,0.000000e+00,0.000000e+00,0.000000e+00,0.000000e+00,0.000000e+00,0.000000e+00,0.000000e+00,0.000000e+00,0.000000e+00,0.000000e+00,0.000000e+00,0.000000e+00,0.000000e+00,0.000000e+00,0.000000e+00,0.000000e+00,0.000000e+00,0.000000e+00,-9.245063e+06,3.236549e+04,-5.209801e+06,2.004552e-01,-4.741236e-03,-1.580601e+01,-2.026072e-01,1.465294e-02,-2.976446e-01,3.121630e-03,3.624144e-03,1.767684e+01,-7.714793e-02,3.330296e-03,-1.194282e-03,-4.351976e-03,-8.584292e-04,-9.104262e+00,-1.097926e+01,-2.578695e+00,-1.858479e+03,-8.766214e+04,-3.206155e+04,1.061158e+07,-8.590796e-02,8.407062e+00,1.078606e-02,4.145005e+02,4.097755e+04,-5.005025e+02
1.580351e-03,7.033999e+04,2.516884e+04,9.566528e-03,1.948220e-03,-1.218311e+01,1.023860e-01,9.774000e-07,5.074998e+02,0.000000e+00,0.000000e+00,5.907650e+03,0.000000e+00,0.000000e+00,0.000000e+00,0.000000e+00,0.000000e+00,0.000000e+00,0.000000e+00,0.000000e+00,0.000000e+00,0.000000e+00,0.000000e+00,0.000000e+00,0.000000e+00,0.000000e+00,0.000000e+00,0.000000e+00,0.000000e+00,0.000000e+00,0.000000e+00,0.000000e+00,0.000000e+00,0.000000e+00,0.000000e+00,0.000000e+00,0.000000e+00,0.000000e+00,0.000000e+00,0.000000e+00,0.000000e+00,0.000000e+00,0.000000e+00,0.000000e+00,0.000000e+00,0.000000e+00,0.000000e+00,0.000000e+00,0.000000e+00,7.033999e+04,1.883425e+04,3.223501e-03,8.444263e-03,-6.179268e+00,1.136610e-03,0.000000e+00,0.000000e+00,0.000000e+00,0.000000e+00,0.000000e+00,0.000000e+00,0.000000e+00,0.000000e+00,0.000000e+00,0.000000e+00,0.000000e+00,0.000000e+00,0.000000e+00,0.000000e+00,0.000000e+00,0.000000e+00,0.000000e+00,0.000000e+00,0.000000e+00,0.000000e+00,0.000000e+00,-9.383473e+06,-2.216174e+04,-5.504174e+06,2.044098e-01,-5.422849e-03,-1.615949e+01,-2.109640e-01,1.493097e-02,-3.043104e-01,3.119507e-03,3.546163e-03,1.808065e+01,-8.146882e-02,2.930491e-03,-1.195182e-03,-4.460882e-03,-8.835414e-04,-9.121863e+00,-1.097719e+01,-2.551099e+00,-1.752361e+03,9.956256e+04,2.248360e+04,1.087822e+07,-9.162629e-02,8.758286e+00,1.259375e-02,8.566567e+01,3.754202e+04,5.543466e+02
1.590125e-03,7.104592e+04,2.437268e+04,1.258268e-02,2.403245e-03,-1.177927e+01,1.023867e-01,9.774000e-07,5.482723e+02,0.000000e+00,0.000000e+00,5.967329e+03,0.000000e+00,0.000000e+00,0.000000e+00,0.000000e+00,0.000000e+00,0.000000e+00,0.000000e+00,0.000000e+00,0.000000e+00,0.000000e+00,0.000000e+00,0.000000e+00,0.000000e+00,0.000000e+00,0.000000e+00,0.000000e+00,0.000000e+00,0.000000e+00,0.000000e+00,0.000000e+00,0.000000e+00,0.000000e+00,0.000000e+00,0.000000e+00,0.000000e+00,0.000000e+00,0.000000e+00,0.000000e+00,0.000000e+00,0.000000e+00,0.000000e+00,0.000000e+00,0.000000e+00,0.000000e+00,0.000000e+00,0.000000e+00,0.000000e+00,7.104592e+04,1.862808e+04,4.264206e-03,8.753145e-03,-6.138060e+00,1.136610e-03,0.000000e+00,0.000000e+00,0.000000e+00,0.000000e+00,0.000000e+00,0.000000e+00,0.000000e+00,0.000000e+00,0.000000e+00,0.000000e+00,0.000000e+00,0.000000e+00,0.000000e+00,0.000000e+00,0.000000e+00,0.000000e+00,0.000000e+00,0.000000e+00,0.000000e+00,0.000000e+00,0.000000e+00,-9.843074e+06,-7.728015e+01,-5.673890e+06,2.108800e-01,-5.765871e-03,-1.651698e+01,-2.191866e-01,1.528693e-02,-3.103840e-01,3.117269e-03,3.466964e-03,1.848819e+01,-8.621419e-02,2.446315e-03,-1.196113e-03,-4.568465e-03,-9.080346e-04,-9.138417e+00,-1.120928e+01,-2.494419e+00,-1.645012e+03,1.882438e+04,4.229634e+02,1.136128e+07,-9.336358e-02,9.108161e+00,1.401228e-02,-4.312251e+02,2.911273e+04,4.436980e+02
1.600877e-03,7.178273e+04,2.354275e+04,1.590748e-02,3.181823e-03,-1.133421e+01,1.023878e-01,9.774000e-07,5.937904e+02,0.000000e+00,0.000000e+00,6.032866e+03,0.000000e+00,0.000000e+00,0.000000e+00,0.000000e+00,0.000000e+00,0.000000e+00,0.000000e+00,0.000000e+00,0.000000e+00,0.000000e+00,0.000000e+00,0.000000e+00,0.000000e+00,0.000000e+00,0.000000e+00,0.000000e+00,0.000000e+00,0.000000e+00,0.000000e+00,0.000000e+00,0.000000e+00,0.000000e+00,0.000000e+00,0.000000e+00,0.000000e+00,0.000000e+00,0.000000e+00,0.000000e+00,0.000000e+00,0.000000e+00,0.000000e+00,0.000000e+00,0.000000e+00,0.000000e+00,0.000000e+00,0.000000e+00,0.000000e+00,7.178273e+04,1.839815e+04,5.106255e-03,9.131810e-03,-6.092982e+00,1.136610e-03,0.000000e+00,0.000000e+00,0.000000e+00,0.000000e+00,0.000000e+00,0.000000e+00,0.000000e+00,0.000000e+00,0.000000e+00,0.000000e+00,0.000000e+00,0.000000e+00,0.000000e+00,0.000000e+00,0.000000e+00,0.000000e+00,0.000000e+00,0.000000e+00,0.000000e+00,0.000000e+00,0.000000e+00,-9.548005e+06,-1.602190e+04,-5.456694e+06,2.178160e-01,-6.231218e-03,-1.691272e+01,-2.285395e-01,1.564372e-02,-3.175376e-01,3.114932e-03,3.378324e-03,1.893879e+01,-9.156220e-02,1.925229e-03,-1.197167e-03,-4.689971e-03,-9.350660e-04,-9.155398e+00,-1.136973e+01,-2.498771e+00,-1.525374e+03,-2.149154e+04,1.636749e+04,1.099725e+07,-9.260090e-02,9.475497e+00,1.368766e-02,-1.208688e+03,3.692829e+04,7.609813e+02
1.610651e-03,7.241439e+04,2.282278e+04,1.946499e-02,3.667136e-03,-1.092489e+01,1.023882e-01,9.774000e-07,6.370697e+02,0.000000e+00,0.000000e+00,6.085885e+03,0.000000e+00,0.000000e+00,0.000000e+00,0.000000e+00,0.000000e+00,0.000000e+00,0.000000e+00,0.000000e+00,0.000000e+00,0.000000e+00,0.000000e+00,0.000000e+00,0.000000e+00,0.000000e+00,0.000000e+00,0.000000e+00,0.000000e+00,0.000000e+00,0.000000e+00,0.000000e+00,0.000000e+00,0.000000e+00,0.000000e+00,0.000000e+00,0.000000e+00,0.000000e+00,0.000000e+00,0.000000e+00,0.000000e+00,0.000000e+00,0.000000e+00,0.000000e+00,0.000000e+00,0.000000e+00,0.000000e+00,0.000000e+00,0.000000e+00,7.241439e+04,1.818590e+04,6.272830e-03,9.650948e-03,-6.050759e+00,1.136610e-03,0.000000e+00,0.000000e+00,0.000000e+00,0.000000e+00,0.000000e+00,0.000000e+00,0.000000e+00,0.000000e+00,0.000000e+00,0.000000e+00,0.000000e+00,0.000000e+00,0.000000e+00,0.000000e+00,0.000000e+00,0.000000e+00,0.000000e+00,0.000000e+00,0.000000e+00,0.000000e+00,0.000000e+00,-9.848691e+06,-3.920908e+04,-5.487838e+06,2.245610e-01,-6.500638e-03,-1.727560e+01,-2.371166e-01,1.578598e-02,-3.236871e-01,3.112783e-03,3.296367e-03,1.935067e+01,-9.671456e-02,1.375212e-03,-1.198163e-03,-4.800328e-03,-9.595397e-04,-9.169722e+00,-1.137327e+01,-2.538682e+00,-1.416123e+03,-1.431229e+05,3.957285e+04,1.127353e+07,-9.683788e-02,9.817446e+00,1.376001e-02,-4.374529e+02,3.271121e+04,6.408727e+02
1.620425e-03,7.300472e+04,2.214575e+04,2.338799e-02,4.192589e-03,-1.051207e+01,1.023885e-01,9.774000e-07,6.783422e+02,0.000000e+00,0.000000e+00,6.133635e+03,0.000000e+00,0.000000e+00,0.000000e+00,0.000000e+00,0.000000e+00,0.000000e+00,0.000000e+00,0.000000e+00,0.000000e+00,0.000000e+00,0.000000e+00,0.000000e+00,0.000000e+00,0.000000e+00,0.000000e+00,0.000000e+00,0.000000e+00,0.000000e+00,0.000000e+00,0.000000e+00,0.000000e+00,0.000000e+00,0.000000e+00,0.000000e+00,0.000000e+00,0.000000e+00,0.000000e+00,0.000000e+00,0.000000e+00,0.000000e+00,0.000000e+00,0.000000e+00,0.000000e+00,0.000000e+00,0.000000e+00,0.000000e+00,0.000000e+00,7.300472e+04,1.798076e+04,8.242078e-03,1.002377e-02,-6.010575e+00,1.136609e-03,0.000000e+00,0.000000e+00,0.000000e+00,0.000000e+00,0.000000e+00,0.000000e+00,0.000000e+00,0.000000e+00,0.000000e+00,0.000000e+00,0.000000e+00,0.000000e+00,0.000000e+00,0.000000e+00,0.000000e+00,0.000000e+00,0.000000e+00,0.000000e+00,0.000000e+00,0.000000e+00,0.000000e+00,-9.967612e+06,7.702276e+03,-5.719518e+06,2.322060e-01,-6.974129e-03,-1.764270e+01,-2.459725e-01,1.597126e-02,-3.294455e-01,3.110606e-03,3.213070e-03,1.976455e+01,-1.022257e-01,7.807698e-04,-1.199199e-03,-4.915080e-03,-9.839972e-04,-9.182968e+00,-1.171387e+01,-2.487849e+00,-1.305066e+03,-2.649375e+02,-7.319458e+03,1.149200e+07,-9.899867e-02,1.013183e+01,1.428379e-02,3.797174e+02,3.097441e+04,-1.981638e+02
1.630199e-03,7.355059e+04,2.149759e+04,2.773636e-02,4.800912e-03,-1.009691e+01,1.023887e-01,9.774000e-07,7.317595e+02,0.000000e+00,0.000000e+00,6.187918e+03,0.000000e+00,0.000000e+00,0.000000e+00,0.000000e+00,0.000000e+00,0.000000e+00,0.000000e+00,0.000000e+00,0.000000e+00,0.000000e+00,0.000000e+00,0.000000e+00,0.000000e+00,0.000000e+00,0.000000e+00,0.000000e+00,0.000000e+00,0.000000e+00,0.000000e+00,0.000000e+00,0.000000e+00,0.000000e+00,0.000000e+00,0.000000e+00,0.000000e+00,0.000000e+00,0.000000e+00,0.000000e+00,0.000000e+00,0.000000e+00,0.000000e+00,0.000000e+00,0.000000e+00,0.000000e+00,0.000000e+00,0.000000e+00,0.000000e+00,7.355059e+04,1.777007e+04,8.641168e-03,1.061076e-02,-5.966417e+00,1.136610e-03,0.000000e+00,0.000000e+00,0.000000e+00,0.000000e+00,0.000000e+00,0.000000e+00,0.000000e+00,0.000000e+00,0.000000e+00,0.000000e+00,0.000000e+00,0.000000e+00,0.000000e+00,0.000000e+00,0.000000e+00,0.000000e+00,0.000000e+00,0.000000e+00,0.000000e+00,0.000000e+00,0.000000e+00,-8.567377e+06,-3.960321e+04,-5.346004e+06,2.318170e-01,-7.349071e-03,-1.800002e+01,-2.571622e-01,1.625594e-02,-3.370879e-01,3.108407e-03,3.128475e-03,2.018075e+01,-1.081808e-01,1.127717e-04,-1.200283e-03,-5.026480e-03,-1.008815e-03,-9.195127e+00,-1.064464e+01,-2.559068e+00,-1.196917e+03,3.737052e+05,3.995099e+04,1.009158e+07,-9.936140e-02,1.051140e+01,1.272814e-02,8.851586e+02,5.636573e+04,5.604877e+02
1.640950e-03,7.412274e+04,2.082559e+04,3.304038e-02,5.454091e-03,-9.639041e+00,1.023890e-01,9.774000e-07,7.932613e+02,0.000000e+00,0.000000e+00,6.232668e+03,0.000000e+00,0.000000e+00,0.000000e+00,0.000000e+00,0.000000e+00,0.000000e+00,0.000000e+00,0.000000e+00,0.000000e+00,0.000000e+00,0.000000e+00,0.000000e+00,0.000000e+00,0.000000e+00,0.000000e+00,0.000000e+00,0.000000e+00,0.000000e+00,0.000000e+00,0.000000e+00,0.000000e+00,0.000000e+00,0.000000e+00,0.000000e+00,0.000000e+00,0.000000e+00,0.000000e+00,0.000000e+00,0.000000e+00,0.000000e+00,0.000000e+00,0.000000e+00,0.000000e+00,0.000000e+00,0.000000e+00,0.000000e+00,0.000000e+00,7.412274e+04,1.752790e+04,8.484080e-03,1.099316e-02,-5.914554e+00,1.136610e-03,0.000000e+00,0.000000e+00,0.000000e+00,0.000000e+00,0.000000e+00,0.000000e+00,0.000000e+00,0.000000e+00,0.000000e+00,0.000000e+00,0.000000e+00,0.000000e+00,0.000000e+00,0.000000e+00,0.000000e+00,0.000000e+00,0.000000e+00,0.000000e+00,0.000000e+00,0.000000e+00,0.000000e+00,-9.248588e+06,-5.141543e+04,-5.471677e+06,2.353992e-01,-8.243656e-03,-1.839759e+01,-2.694682e-01,1.642620e-02,-3.451890e-01,3.105919e-03,3.033837e-03,2.064043e+01,-1.151974e-01,-6.087219e-04,-1.201543e-03,-5.133866e-03,-1.034971e-03,-9.207300e+00,-9.665606e+00,-2.396647e+00,-1.078506e+03,1.449649e+05,5.179609e+04,1.074498e+07,-1.020500e-01,1.095068e+01,1.601026e-02,-2.126930e+02,4.545809e+04,9.706318e+02
1.650724e-03,7.459980e+04,2.026200e+04,3.815101e-02,6.077462e-03,-9.220936e+00,1.023892e-01,9.774000e-07,8.444482e+02,0.000000e+00,0.000000e+00,6.270736e+03,0.000000e+00,0.000000e+00,0.000000e+00,0.000000e+00,0.000000e+00,0.000000e+00,0.000000e+00,0.000000e+00,0.000000e+00,0.000000e+00,0.000000e+00,0.000000e+00,0.000000e+00,0.000000e+00,0.000000e+00,0.000000e+00,0.000000e+00,0.000000e+00,0.000000e+00,0.000000e+00,0.000000e+00,0.000000e+00,0.000000e+00,0.000000e+00,0.000000e+00,0.000000e+00,0.000000e+00,0.000000e+00,0.000000e+00,0.000000e+00,0.000000e+00,0.000000e+00,0.000000e+00,0.000000e+00,0.000000e+00,0.000000e+00,0.000000e+00,7.459980e+04,1.731108e+04,9.473149e-03,1.149532e-02,-5.868812e+00,1.136610e-03,0.000000e+00,0.000000e+00,0.000000e+00,0.000000e+00,0.000000e+00,0.000000e+00,0.000000e+00,0.000000e+00,0.000000e+00,0.000000e+00,0.000000e+00,0.000000e+00,0.000000e+00,0.000000e+00,0.000000e+00,0.000000e+00,0.000000e+00,0.000000e+00,0.000000e+00,0.000000e+00,0.000000e+00,-9.988449e+06,-5.499604e+03,-5.704807e+06,2.421966e-01,-8.448355e-03,-1.876500e+01,-2.797176e-01,1.657672e-02,-3.516877e-01,3.103700e-03,2.946452e-03,2.105934e+01,-1.219047e-01,-1.289589e-03,-1.202743e-03,-5.225300e-03,-1.058514e-03,-9.217251e+00,-9.347431e+00,-2.394509e+00,-9.685089e+02,-1.965518e+04,5.917607e+03,1.150276e+07,-1.054448e-01,1.130535e+01,1.703438e-02,2.969637e+02,3.281659e+04,-1.234465e+02
1.660498e-03,7.502702e+04,1.975239e+04,4.390778e-02,6.757553e-03,-8.801755e+00,1.023895e-01,9.774000e-07,8.941087e+02,0.000000e+00,0.000000e+00,6.307347e+03,0.000000e+00,0.000000e+00,0.000000e+00,0.000000e+00,0.000000e+00,0.000000e+00,0.000000e+00,0.000000e+00,0.000000e+00,0.000000e+00,0.000000e+00,0.000000e+00,0.000000e+00,0.000000e+00,0.000000e+00,0.000000e+00,0.000000e+00,0.000000e+00,0.000000e+00,0.000000e+00,0.000000e+00,0.000000e+00,0.000000e+00,0.000000e+00,0.000000e+00,0.000000e+00,0.000000e+00,0.000000e+00,0.000000e+00,0.000000e+00,0.000000e+00,0.000000e+00,0.000000e+00,0.000000e+00,0.000000e+00,0.000000e+00,0.000000e+00,7.502702e+04,1.710480e+04,1.185283e-02,1.197252e-02,-5.825574e+00,1.136610e-03,0.000000e+00,0.000000e+00,0.000000e+00,0.000000e+00,0.000000e+00,0.000000e+00,0.000000e+00,0.000000e+00,0.000000e+00,0.000000e+00,0.000000e+00,0.000000e+00,0.000000e+00,0.000000e+00,0.000000e+00,0.000000e+00,0.000000e+00,0.000000e+00,0.000000e+00,0.000000e+00,0.000000e+00,-9.693374e+06,-2.312859e+04,-5.715798e+06,2.496161e-01,-8.995297e-03,-1.913454e+01,-2.908610e-01,1.685200e-02,-3.581696e-01,3.101461e-03,2.857872e-03,2.147985e+01,-1.291733e-01,-2.027315e-03,-1.204016e-03,-5.316969e-03,-1.081469e-03,-9.226112e+00,-9.395045e+00,-2.355852e+00,-8.565676e+02,1.379220e+05,2.355019e+04,1.125224e+07,-1.076539e-01,1.163107e+01,1.833035e-02,-8.469986e+02,3.778108e+04,4.399399e+02
1.670272e-03,7.541535e+04,1.927112e+04,5.002571e-02,7.429744e-03,-8.380868e+00,1.023896e-01,9.774000e-07,9.561288e+02,0.000000e+00,0.000000e+00,6.342311e+03,0.000000e+00,0.000000e+00,0.000000e+00,0.000000e+00,0.000000e+00,0.000000e+00,0.000000e+00,0.000000e+00,0.000000e+00,0.000000e+00,0.000000e+00,0.000000e+00,0.000000e+00,0.000000e+00,0.000000e+00,0.000000e+00,0.000000e+00,0.000000e+00,0.000000e+00,0.000000e+00,0.000000e+00,0.000000e+00,0.000000e+00,0.000000e+00,0.000000e+00,0.000000e+00,0.000000e+00,0.000000e+00,0.000000e+00,0.000000e+00,0.000000e+00,0.000000e+00,0.000000e+00,0.000000e+00,0.000000e+00,0.000000e+00,0.000000e+00,7.541535e+04,1.688971e+04,1.182014e-02,1.249730e-02,-5.776620e+00,1.136610e-03,0.000000e+00,0.000000e+00,0.000000e+00,0.000000e+00,0.000000e+00,0.000000e+00,0.000000e+00,0.000000e+00,0.000000e+00,0.000000e+00,0.000000e+00,0.000000e+00,0.000000e+00,0.000000e+00,0.000000e+00,0.000000e+00,0.000000e+00,0.000000e+00,0.000000e+00,0.000000e+00,0.000000e+00,-9.522264e+06,1.795113e+03,-5.600806e+06,2.516052e-01,-9.418503e-03,-1.949660e+01,-3.036435e-01,1.710768e-02,-3.661732e-01,3.099315e-03,2.768260e-03,2.190132e+01,-1.368912e-01,-2.746660e-03,-1.205351e-03,-5.401137e-03,-1.104430e-03,-9.233901e+00,-8.011243e+00,-2.319474e+00,-7.480928e+02,1.245384e+05,-1.369972e+03,1.104658e+07,-1.084327e-01,1.202803e+01,1.832728e-02,-1.452147e+03,3.842311e+04,3.372181e+02
1.680046e-03,7.576388e+04,1.883938e+04,5.654389e-02,8.023711e-03,-7.959858e+00,1.023897e-01,9.774000e-07,1.013049e+03,0.000000e+00,0.000000e+00,6.371377e+03,0.000000e+00,0.000000e+00,0.000000e+00,0.000000e+00,0.000000e+00,0.000000e+00,0.000000e+00,0.000000e+00,0.000000e+00,0.000000e+00,0.000000e+00,0.000000e+00,0.000000e+00,0.000000e+00,0.000000e+00,0.000000e+00,0.000000e+00,0.000000e+00,0.000000e+00,0.000000e+00,0.000000e+00,0.000000e+00,0.000000e+00,0.000000e+00,0.000000e+00,0.000000e+00,0.000000e+00,0.000000e+00,0.000000e+00,0.000000e+00,0.000000e+00,0.000000e+00,0.000000e+00,0.000000e+00,0.000000e+00,0.000000e+00,0.000000e+00,7.576388e+04,1.667985e+04,1.252394e-02,1.318291e-02,-5.729144e+00,1.136610e-03,0.000000e+00,0.000000e+00,0.000000e+00,0.000000e+00,0.000000e+00,0.000000e+00,0.000000e+00,0.000000e+00,0.000000e+00,0.000000e+00,0.000000e+00,0.000000e+00,0.000000e+00,0.000000e+00,0.000000e+00,0.000000e+00,0.000000e+00,0.000000e+00,0.000000e+00,0.000000e+00,0.000000e+00,-9.758948e+06,1.020781e+04,-5.750348e+06,2.552619e-01,-9.463761e-03,-1.986311e+01,-3.158979e-01,1.718161e-02,-3.737202e-01,3.097194e-03,2.677537e-03,2.232299e+01,-1.449873e-01,-3.408364e-03,-1.206757e-03,-5.472014e-03,-1.127366e-03,-9.240626e+00,-6.739080e+00,-2.386142e+00,-6.381913e+02,1.379498e+05,-9.759215e+03,1.132628e+07,-1.115606e-01,1.238222e+01,1.742755e-02,-5.150765e+01,3.681804e+04,-3.881045e+02
1.690798e-03,7.609442e+04,1.841522e+04,6.432626e-02,8.737541e-03,-7.496181e+00,1.023898e-01,9.774000e-07,1.077674e+03,0.000000e+00,0.000000e+00,6.401574e+03,0.000000e+00,0.000000e+00,0.000000e+00,0.000000e+00,0.000000e+00,0.000000e+00,0.000000e+00,0.000000e+00,0.000000e+00,0.000000e+00,0.000000e+00,0.000000e+00,0.000000e+00,0.000000e+00,0.000000e+00,0.000000e+00,0.000000e+00,0.000000e+00,0.000000e+00,0.000000e+00,0.000000e+00,0.000000e+00,0.000000e+00,0.000000e+00,0.000000e+00,0.000000e+00,0.000000e+00,0.000000e+00,0.000000e+00,0.000000e+00,0.000000e+00,0.000000e+00,0.000000e+00,0.000000e+00,0.000000e+00,0.000000e+00,0.000000e+00,7.609442e+04,1.645035e+04,1.469764e-02,1.346674e-02,-5.676334e+00,1.136610e-03,0.000000e+00,0.000000e+00,0.000000e+00,0.000000e+00,0.000000e+00,0.000000e+00,0.000000e+00,0.000000e+00,0.000000e+00,0.000000e+00,0.000000e+00,0.000000e+00,0.000000e+00,0.000000e+00,0.000000e+00,0.000000e+00,0.000000e+00,0.000000e+00,0.000000e+00,0.000000e+00,0.000000e+00,-9.825474e+06,2.483540e+04,-5.712750e+06,2.619374e-01,-1.023130e-02,-2.026659e+01,-3.297015e-01,1.717304e-02,-3.808659e-01,3.094804e-03,2.576770e-03,2.278690e+01,-1.544692e-01,-4.158581e-03,-1.208385e-03,-5.537928e-03,-1.152756e-03,-9.246775e+00,-5.719357e+00,-2.220839e+00,-5.169026e+02,7.379381e+04,-2.437199e+04,1.136530e+07,-1.125031e-01,1.277285e+01,1.970173e-02,3.666137e+02,3.434750e+04,-7.299134e+02
1.700572e-03,7.634983e+04,1.807585e+04,7.198458e-02,9.374902e-03,-7.074585e+00,1.023900e-01,9.774000e-07,1.140731e+03,0.000000e+00,0.000000e+00,6.424985e+03,0.000000e+00,0.000000e+00,0.000000e+00,0.000000e+00,0.000000e+00,0.000000e+00,0.000000e+00,0.000000e+00,0.000000e+00,0.000000e+00,0.000000e+00,0.000000e+00,0.000000e+00,0.000000e+00,0.000000e+00,0.000000e+00,0.000000e+00,0.000000e+00,0.000000e+00,0.000000e+00,0.000000e+00,0.000000e+00,0.000000e+00,0.000000e+00,0.000000e+00,0.000000e+00,0.000000e+00,0.000000e+00,0.000000e+00,0.000000e+00,0.000000e+00,0.000000e+00,0.000000e+00,0.000000e+00,0.000000e+00,0.000000e+00,0.000000e+00,7.634983e+04,1.624550e+04,1.636757e-02,1.425190e-02,-5.628177e+00,1.136610e-03,0.000000e+00,0.000000e+00,0.000000e+00,0.000000e+00,0.000000e+00,0.000000e+00,0.000000e+00,0.000000e+00,0.000000e+00,0.000000e+00,0.000000e+00,0.000000e+00,0.000000e+00,0.000000e+00,0.000000e+00,0.000000e+00,0.000000e+00,0.000000e+00,0.000000e+00,0.000000e+00,0.000000e+00,-9.793743e+06,-3.497886e+04,-5.694936e+06,2.675966e-01,-1.021004e-02,-2.063075e+01,-3.432670e-01,1.725006e-02,-3.885560e-01,3.092660e-03,2.484462e-03,2.320907e+01,-1.636890e-01,-4.860864e-03,-1.209935e-03,-5.587819e-03,-1.175479e-03,-9.251238e+00,-4.822700e+00,-2.372745e+00,-4.075491e+02,7.554298e+04,3.545314e+04,1.132890e+07,-1.128613e-01,1.314086e+01,1.598501e-02,-6.073740e+02,3.611161e+04,9.120368e+02
1.710346e-03,7.656040e+04,1.777896e+04,8.000267e-02,9.935038e-03,-6.653463e+00,1.023901e-01,9.774000e-07,1.206005e+03,0.000000e+00,0.000000e+00,6.448308e+03,0.000000e+00,0.000000e+00,0.000000e+00,0.000000e+00,0.000000e+00,0.000000e+00,0.000000e+00,0.000000e+00,0.000000e+00,0.000000e+00,0.000000e+00,0.000000e+00,0.000000e+00,0.000000e+00,0.000000e+00,0.000000e+00,0.000000e+00,0.000000e+00,0.000000e+00,0.000000e+00,0.000000e+00,0.000000e+00,0.000000e+00,0.000000e+00,0.000000e+00,0.000000e+00,0.000000e+00,0.000000e+00,0.000000e+00,0.000000e+00,0.000000e+00,0.000000e+00,0.000000e+00,0.000000e+00,0.000000e+00,0.000000e+00,0.000000e+00,7.656040e+04,1.604166e+04,1.795277e-02,1.397699e-02,-5.578314e+00,1.136610e-03,0.000000e+00,0.000000e+00,0.000000e+00,0.000000e+00,0.000000e+00,0.000000e+00,0.000000e+00,0.000000e+00,0.000000e+00,0.000000e+00,0.000000e+00,0.000000e+00,0.000000e+00,0.000000e+00,0.000000e+00,0.000000e+00,0.000000e+00,0.000000e+00,0.000000e+00,0.000000e+00,0.000000e+00,-9.602689e+06,-5.454363e+04,-5.624617e+06,2.712402e-01,-1.178501e-02,-2.099318e+01,-3.573470e-01,1.720838e-02,-3.956668e-01,3.090371e-03,2.391538e-03,2.363051e+01,-1.732480e-01,-5.466483e-03,-1.211559e-03,-5.626783e-03,-1.197089e-03,-9.254630e+00,-3.231509e+00,-1.941109e+00,-2.987643e+02,1.109061e+05,5.502207e+04,1.112814e+07,-1.143235e-01,1.351293e+01,2.269265e-02,-1.455813e+02,3.442068e+04,6.056379e+02
1.720120e-03,7.673119e+04,1.753393e+04,8.843369e-02,1.043968e-02,-6.233708e+00,1.023902e-01,9.774000e-07,1.266137e+03,0.000000e+00,0.000000e+00,6.464592e+03,0.000000e+00,0.000000e+00,0.000000e+00,0.000000e+00,0.000000e+00,0.000000e+00,0.000000e+00,0.000000e+00,0.000000e+00,0.000000e+00,0.000000e+00,0.000000e+00,0.000000e+00,0.000000e+00,0.000000e+00,0.000000e+00,0.000000e+00,0.000000e+00,0.000000e+00,0.000000e+00,0.000000e+00,0.000000e+00,0.000000e+00,0.000000e+00,0.000000e+00,0.000000e+00,0.000000e+00,0.000000e+00,0.000000e+00,0.000000e+00,0.000000e+00,0.000000e+00,0.000000e+00,0.000000e+00,0.000000e+00,0.000000e+00,0.000000e+00,7.673119e+04,1.584336e+04,2.015123e-02,1.502509e-02,-5.530684e+00,1.136610e-03,0.000000e+00,0.000000e+00,0.000000e+00,0.000000e+00,0.000000e+00,0.000000e+00,0.000000e+00,0.000000e+00,0.000000e+00,0.000000e+00,0.000000e+00,0.000000e+00,0.000000e+00,0.000000e+00,0.000000e+00,0.000000e+00,0.000000e+00,0.000000e+00,0.000000e+00,0.000000e+00,0.000000e+00,-9.843968e+06,-4.414670e+04,-5.864296e+06,2.765011e-01,-1.071398e-02,-2.135948e+01,-3.714682e-01,1.720081e-02,-4.028555e-01,3.088106e-03,2.298231e-03,2.405083e+01,-1.832113e-01,-6.052473e-03,-1.213274e-03,-5.650602e-03,-1.218070e-03,-9.256960e+00,-1.820271e+00,-2.325192e+00,-1.887126e+02,2.005844e+05,4.465255e+04,1.145659e+07,-1.129165e-01,1.384772e+01,1.613718e-02,-1.830172e+02,3.121542e+04,7.537177e+02
1.730871e-03,7.686352e+04,1.731402e+04,9.827261e-02,1.092204e-02,-5.772460e+00,1.023903e-01,9.774000e-07,1.337550e+03,0.000000e+00,0.000000e+00,6.482975e+03,0.000000e+00,0.000000e+00,0.000000e+00,0.000000e+00,0.000000e+00,0.000000e+00,0.000000e+00,0.000000e+00,0.000000e+00,0.000000e+00,0.000000e+00,0.000000e+00,0.000000e+00,0.000000e+00,0.000000e+00,0.000000e+00,0.000000e+00,0.000000e+00,0.000000e+00,0.000000e+00,0.000000e+00,0.000000e+00,0.000000e+00,0.000000e+00,0.000000e+00,0.000000e+00,0.000000e+00,0.000000e+00,0.000000e+00,0.000000e+00,0.000000e+00,0.000000e+00,0.000000e+00,0.000000e+00,0.000000e+00,0.000000e+00,0.000000e+00,7.686352e+04,1.562941e+04,2.254808e-02,1.479443e-02,-5.476946e+00,1.136610e-03,0.000000e+00,0.000000e+00,0.000000e+00,0.000000e+00,0.000000e+00,0.000000e+00,0.000000e+00,0.000000e+00,0.000000e+00,0.000000e+00,0.000000e+00,0.000000e+00,0.000000e+00,0.000000e+00,0.000000e+00,0.000000e+00,0.000000e+00,0.000000e+00,0.000000e+00,0.000000e+00,0.000000e+00,-9.701600e+06,5.769096e+04,-5.630711e+06,2.834527e-01,-1.151884e-02,-2.175842e+01,-3.872328e-01,1.705073e-02,-4.103037e-01,3.085594e-03,2.195464e-03,2.451249e+01,-1.947438e-01,-6.595164e-03,-1.215267e-03,-5.659944e-03,-1.240585e-03,-9.258281e+00,-2.211926e-01,-1.991237e+00,-6.862344e+01,7.025417e+04,-5.718298e+04,1.121700e+07,-1.130875e-01,1.423232e+01,1.760873e-02,5.030781e+02,3.329567e+04,6.672726e+02
1.740645e-03,7.693973e+04,1.716201e+04,1.076092e-01,1.128676e-02,-5.354829e+00,1.023905e-01,9.774000e-07,1.403177e+03,0.000000e+00,0.000000e+00,6.495282e+03,0.000000e+00,0.000000e+00,0.000000e+00,0.000000e+00,0.000000e+00,0.000000e+00,0.000000e+00,0.000000e+00,0.000000e+00,0.000000e+00,0.000000e+00,0.000000e+00,0.000000e+00,0.000000e+00,0.000000e+00,0.000000e+00,0.000000e+00,0.000000e+00,0.000000e+00,0.000000e+00,0.000000e+00,0.000000e+00,0.000000e+00,0.000000e+00,0.000000e+00,0.000000e+00,0.000000e+00,0.000000e+00,0.000000e+00,0.000000e+00,0.000000e+00,0.000000e+00,0.000000e+00,0.000000e+00,0.000000e+00,0.000000e+00,0.000000e+00,7.693973e+04,1.543929e+04,2.553228e-02,1.531778e-02,-5.429176e+00,1.136610e-03,0.000000e+00,0.000000e+00,0.000000e+00,0.000000e+00,0.000000e+00,0.000000e+00,0.000000e+00,0.000000e+00,0.000000e+00,0.000000e+00,0.000000e+00,0.000000e+00,0.000000e+00,0.000000e+00,0.000000e+00,0.000000e+00,0.000000e+00,0.000000e+00,0.000000e+00,0.000000e+00,0.000000e+00,-9.534531e+06,1.016342e+04,-5.676752e+06,2.902517e-01,-1.145324e-02,-2.211969e+01,-4.021122e-01,1.679798e-02,-4.175332e-01,3.083323e-03,2.102210e-03,2.493061e+01,-2.055847e-01,-7.066228e-03,-1.217083e-03,-5.656318e-03,-1.261060e-03,-9.258366e+00,8.787476e-01,-2.070164e+00,4.011061e+01,1.947376e+05,-9.647607e+03,1.109481e+07,-1.114048e-01,1.457640e+01,1.905034e-02,5.378383e+02,3.596720e+04,-5.293903e+02
1.750419e-03,7.697384e+04,1.705076e+04,1.173946e-01,1.149345e-02,-4.938734e+00,1.023907e-01,9.774000e-07,1.469549e+03,0.000000e+00,0.000000e+00,6.508375e+03,0.000000e+00,0.000000e+00,0.000000e+00,0.000000e+00,0.000000e+00,0.000000e+00,0.000000e+00,0.000000e+00,0.000000e+00,0.000000e+00,0.000000e+00,0.000000e+00,0.000000e+00,0.000000e+00,0.000000e+00,0.000000e+00,0.000000e+00,0.000000e+00,0.000000e+00,0.000000e+00,0.000000e+00,0.000000e+00,0.000000e+00,0.000000e+00,0.000000e+00,0.000000e+00,0.000000e+00,0.000000e+00,0.000000e+00,0.000000e+00,0.000000e+00,0.000000e+00,0.000000e+00,0.000000e+00,0.000000e+00,0.000000e+00,0.000000e+00,7.697384e+04,1.524989e+04,2.831952e-02,1.526730e-02,-5.379240e+00,1.136610e-03,0.000000e+00,0.000000e+00,0.000000e+00,0.000000e+00,0.000000e+00,0.000000e+00,0.000000e+00,0.000000e+00,0.000000e+00,0.000000e+00,0.000000e+00,0.000000e+00,0.000000e+00,0.000000e+00,0.000000e+00,0.000000e+00,0.000000e+00,0.000000e+00,0.000000e+00,0.000000e+00,0.000000e+00,-9.498715e+06,-5.044155e+04,-5.623340e+06,2.965138e-01,-1.213596e-02,-2.247858e+01,-4.171871e-01,1.668516e-02,-4.242637e-01,3.080965e-03,2.009244e-03,2.534697e+01,-2.167755e-01,-7.443703e-03,-1.218809e-03,-5.639088e-03,-1.281100e-03,-9.257395e+00,2.488559e+00,-1.929999e+00,1.479021e+02,1.677447e+05,5.096609e+04,1.103718e+07,-1.112137e-01,1.491791e+01,1.830151e-02,1.897634e+02,3.529981e+04,9.273835e+02
1.760193e-03,7.696544e+04,1.698236e+04,1.274291e-01,1.167019e-02,-4.523845e+00,1.023908e-01,9.774000e-07,1.539198e+03,0.000000e+00,0.000000e+00,6.517099e+03,0.000000e+00,0.000000e+00,0.000000e+00,0.000000e+00,0.000000e+00,0.000000e+00,0.000000e+00,0.000000e+00,0.000000e+00,0.000000e+00,0.000000e+00,0.000000e+00,0.000000e+00,0.000000e+00,0.000000e+00,0.000000e+00,0.000000e+00,0.000000e+00,0.000000e+00,0.000000e+00,0.000000e+00,0.000000e+00,0.000000e+00,0.000000e+00,0.000000e+00,0.000000e+00,0.000000e+00,0.000000e+00,0.000000e+00,0.000000e+00,0.000000e+00,0.000000e+00,0.000000e+00,0.000000e+00,0.000000e+00,0.000000e+00,0.000000e+00,7.696544e+04,1.506329e+04,3.104645e-02,1.534524e-02,-5.329478e+00,1.136610e-03,0.000000e+00,0.000000e+00,0.000000e+00,0.000000e+00,0.000000e+00,0.000000e+00,0.000000e+00,0.000000e+00,0.000000e+00,0.000000e+00,0.000000e+00,0.000000e+00,0.000000e+00,0.000000e+00,0.000000e+00,0.000000e+00,0.000000e+00,0.000000e+00,0.000000e+00,0.000000e+00,0.000000e+00,-9.539790e+06,2.723440e+04,-5.595569e+06,3.026653e-01,-1.197437e-02,-2.283599e+01,-4.324942e-01,1.649220e-02,-4.309714e-01,3.078664e-03,1.916756e-03,2.576203e+01,-2.282992e-01,-7.689978e-03,-1.220525e-03,-5.605200e-03,-1.299859e-03,-9.255370e+00,4.184442e+00,-1.939409e+00,2.551604e+02,1.248838e+05,-2.669689e+04,1.105904e+07,-1.092445e-01,1.526875e+01,1.632084e-02,-1.722537e+02,3.327420e+04,-9.661276e+02
1.770944e-03,7.690545e+04,1.695925e+04,1.386952e-01,1.188311e-02,-4.070399e+00,1.023909e-01,9.774000e-07,1.614909e+03,0.000000e+00,0.000000e+00,6.525772e+03,0.000000e+00,0.000000e+00,0.000000e+00,0.000000e+00,0.000000e+00,0.000000e+00,0.000000e+00,0.000000e+00,0.000000e+00,0.000000e+00,0.000000e+00,0.000000e+00,0.000000e+00,0.000000e+00,0.000000e+00,0.000000e+00,0.000000e+00,0.000000e+00,0.000000e+00,0.000000e+00,0.000000e+00,0.000000e+00,0.000000e+00,0.000000e+00,0.000000e+00,0.000000e+00,0.000000e+00,0.000000e+00,0.000000e+00,0.000000e+00,0.000000e+00,0.000000e+00,0.000000e+00,0.000000e+00,0.000000e+00,0.000000e+00,0.000000e+00,7.690545e+04,1.486356e+04,3.404742e-02,1.526664e-02,-5.275784e+00,1.136610e-03,0.000000e+00,0.000000e+00,0.000000e+00,0.000000e+00,0.000000e+00,0.000000e+00,0.000000e+00,0.000000e+00,0.000000e+00,0.000000e+00,0.000000e+00,0.000000e+00,0.000000e+00,0.000000e+00,0.000000e+00,0.000000e+00,0.000000e+00,0.000000e+00,0.000000e+00,0.000000e+00,0.000000e+00,-9.260078e+06,-2.810515e+04,-5.442646e+06,3.095298e-01,-1.235629e-02,-2.322750e+01,-4.497466e-01,1.619043e-02,-4.380537e-01,3.076112e-03,1.815682e-03,2.621564e+01,-2.411761e-01,-7.979888e-03,-1.222484e-03,-5.550112e-03,-1.319931e-03,-9.251933e+00,6.082479e+00,-1.882467e+00,3.730909e+02,1.326820e+05,2.863963e+04,1.074029e+07,-1.082393e-01,1.563817e+01,1.525423e-02,5.972890e+02,3.739762e+04,6.465298e+02
1.780718e-03,7.680989e+04,1.697782e+04,1.492077e-01,1.206221e-02,-3.659921e+00,1.023910e-01,9.774000e-07,1.687195e+03,0.000000e+00,0.000000e+00,6.531732e+03,0.000000e+00,0.000000e+00,0.000000e+00,0.000000e+00,0.000000e+00,0.000000e+00,0.000000e+00,0.000000e+00,0.000000e+00,0.000000e+00,0.000000e+00,0.000000e+00,0.000000e+00,0.000000e+00,0.000000e+00,0.000000e+00,0.000000e+00,0.000000e+00,0.000000e+00,0.000000e+00,0.000000e+00,0.000000e+00,0.000000e+00,0.000000e+00,0.000000e+00,0.000000e+00,0.000000e+00,0.000000e+00,0.000000e+00,0.000000e+00,0.000000e+00,0.000000e+00,0.000000e+00,0.000000e+00,0.000000e+00,0.000000e+00,0.000000e+00,7.680989e+04,1.468268e+04,3.741411e-02,1.550195e-02,-5.224902e+00,1.136610e-03,0.000000e+00,0.000000e+00,0.000000e+00,0.000000e+00,0.000000e+00,0.000000e+00,0.000000e+00,0.000000e+00,0.000000e+00,0.000000e+00,0.000000e+00,0.000000e+00,0.000000e+00,0.000000e+00,0.000000e+00,0.000000e+00,0.000000e+00,0.000000e+00,0.000000e+00,0.000000e+00,0.000000e+00,-9.385037e+06,-2.786960e+04,-5.590559e+06,3.170360e-01,-1.239597e-02,-2.357990e+01,-4.655189e-01,1.604199e-02,-4.444096e-01,3.073706e-03,1.724488e-03,2.662597e+01,-2.531442e-01,-8.152159e-03,-1.224175e-03,-5.482968e-03,-1.338162e-03,-9.247721e+00,7.469201e+00,-1.861159e+00,4.786013e+02,2.008235e+05,2.842507e+04,1.092213e+07,-1.062756e-01,1.598687e+01,1.538157e-02,3.098692e+01,3.306539e+04,1.625794e+02
1.790492e-03,7.667191e+04,1.703892e+04,1.598520e-01,1.207421e-02,-3.251881e+00,1.023910e-01,9.774000e-07,1.759991e+03,0.000000e+00,0.000000e+00,6.537223e+03,0.000000e+00,0.000000e+00,0.000000e+00,0.000000e+00,0.000000e+00,0.000000e+00,0.000000e+00,0.000000e+00,0.000000e+00,0.000000e+00,0.000000e+00,0.000000e+00,0.000000e+00,0.000000e+00,0.000000e+00,0.000000e+00,0.000000e+00,0.000000e+00,0.000000e+00,0.000000e+00,0.000000e+00,0.000000e+00,0.000000e+00,0.000000e+00,0.000000e+00,0.000000e+00,0.000000e+00,0.000000e+00,0.000000e+00,0.000000e+00,0.000000e+00,0.000000e+00,0.000000e+00,0.000000e+00,0.000000e+00,0.000000e+00,0.000000e+00,7.667191e+04,1.450694e+04,4.043788e-02,1.463214e-02,-5.174476e+00,1.136610e-03,0.000000e+00,0.000000e+00,0.000000e+00,0.000000e+00,0.000000e+00,0.000000e+00,0.000000e+00,0.000000e+00,0.000000e+00,0.000000e+00,0.000000e+00,0.000000e+00,0.000000e+00,0.000000e+00,0.000000e+00,0.000000e+00,0.000000e+00,0.000000e+00,0.000000e+00,0.000000e+00,0.000000e+00,-9.116847e+06,3.812314e+04,-5.467844e+06,3.236137e-01,-1.340150e-02,-2.393007e+01,-4.815620e-01,1.580615e-02,-4.507580e-01,3.071306e-03,1.634098e-03,2.703405e+01,-2.652477e-01,-8.284350e-03,-1.225874e-03,-5.401644e-03,-1.355226e-03,-9.242476e+00,9.191859e+00,-1.508236e+00,5.838458e+02,2.289326e+05,-3.757151e+04,1.062835e+07,-1.055505e-01,1.632733e+01,1.783205e-02,3.248786e+02,3.540714e+04,-3.269024e+02
1.800266e-03,7.649554e+04,1.713783e+04,1.706286e-01,1.211204e-02,-2.846120e+00,1.023911e-01,9.774000e-07,1.835815e+03,0.000000e+00,0.000000e+00,6.539973e+03,0.000000e+00,0.000000e+00,0.000000e+00,0.000000e+00,0.000000e+00,0.000000e+00,0.000000e+00,0.000000e+00,0.000000e+00,0.000000e+00,0.000000e+00,0.000000e+00,0.000000e+00,0.000000e+00,0.000000e+00,0.000000e+00,0.000000e+00,0.000000e+00,0.000000e+00,0.000000e+00,0.000000e+00,0.000000e+00,0.000000e+00,0.000000e+00,0.000000e+00,0.000000e+00,0.000000e+00,0.000000e+00,0.000000e+00,0.000000e+00,0.000000e+00,0.000000e+00,0.000000e+00,0.000000e+00,0.000000e+00,0.000000e+00,0.000000e+00,7.649554e+04,1.433340e+04,4.349642e-02,1.545926e-02,-5.123417e+00,1.136610e-03,0.000000e+00,0.000000e+00,0.000000e+00,0.000000e+00,0.000000e+00,0.000000e+00,0.000000e+00,0.000000e+00,0.000000e+00,0.000000e+00,0.000000e+00,0.000000e+00,0.000000e+00,0.000000e+00,0.000000e+00,0.000000e+00,0.000000e+00,0.000000e+00,0.000000e+00,0.000000e+00,0.000000e+00,-9.025142e+06,1.086987e+05,-5.435794e+06,3.310547e-01,-1.214746e-02,-2.427696e+01,-4.973736e-01,1.564210e-02,-4.573290e-01,3.068874e-03,1.543766e-03,2.743979e+01,-2.774733e-01,-8.390630e-03,-1.227642e-03,-5.302120e-03,-1.371567e-03,-9.236210e+00,1.075034e+01,-1.838789e+00,6.877854e+02,2.482625e+05,-1.081410e+05,1.053278e+07,-1.033999e-01,1.667463e+01,1.439092e-02,5.965115e+02,3.763570e+04,-1.836057e+03
1.810040e-03,7.628029e+04,1.727513e+04,1.814413e-01,1.209231e-02,-2.443570e+00,1.023912e-01,9.774000e-07,1.914253e+03,0.000000e+00,0.000000e+00,6.541158e+03,0.000000e+00,0.000000e+00,0.000000e+00,0.000000e+00,0.000000e+00,0.000000e+00,0.000000e+00,0.000000e+00,0.000000e+00,0.000000e+00,0.000000e+00,0.000000e+00,0.000000e+00,0.000000e+00,0.000000e+00,0.000000e+00,0.000000e+00,0.000000e+00,0.000000e+00,0.000000e+00,0.000000e+00,0.000000e+00,0.000000e+00,0.000000e+00,0.000000e+00,0.000000e+00,0.000000e+00,0.000000e+00,0.000000e+00,0.000000e+00,0.000000e+00,0.000000e+00,0.000000e+00,0.000000e+00,0.000000e+00,0.000000e+00,0.000000e+00,7.628029e+04,1.416325e+04,4.611446e-02,1.449004e-02,-5.071343e+00,1.136610e-03,0.000000e+00,0.000000e+00,0.000000e+00,0.000000e+00,0.000000e+00,0.000000e+00,0.000000e+00,0.000000e+00,0.000000e+00,0.000000e+00,0.000000e+00,0.000000e+00,0.000000e+00,0.000000e+00,0.000000e+00,0.000000e+00,0.000000e+00,0.000000e+00,0.000000e+00,0.000000e+00,0.000000e+00,-9.124601e+06,1.039126e+05,-5.432382e+06,3.374158e-01,-1.346916e-02,-2.462078e+01,-5.139114e-01,1.557900e-02,-4.635351e-01,3.066481e-03,1.453714e-03,2.784249e+01,-2.897471e-01,-8.435842e-03,-1.229269e-03,-5.186748e-03,-1.388200e-03,-9.228934e+00,1.264364e+01,-1.450553e+00,7.905768e+02,1.977563e+05,-1.033399e+05,1.061744e+07,-1.033369e-01,1.702950e+01,1.558759e-02,7.734609e+02,3.359034e+04,-1.506791e+03
1.820792e-03,7.599791e+04,1.747252e+04,1.935394e-01,1.204488e-02,-2.004213e+00,1.023913e-01,9.774000e-07,1.998912e+03,0.000000e+00,0.000000e+00,6.543272e+03,0.000000e+00,0.000000e+00,0.000000e+00,0.000000e+00,0.000000e+00,0.000000e+00,0.000000e+00,0.000000e+00,0.000000e+00,0.000000e+00,0.000000e+00,0.000000e+00,0.000000e+00,0.000000e+00,0.000000e+00,0.000000e+00,0.000000e+00,0.000000e+00,0.000000e+00,0.000000e+00,0.000000e+00,0.000000e+00,0.000000e+00,0.000000e+00,0.000000e+00,0.000000e+00,0.000000e+00,0.000000e+00,0.000000e+00,0.000000e+00,0.000000e+00,0.000000e+00,0.000000e+00,0.000000e+00,0.000000e+00,0.000000e+00,0.000000e+00,7.599791e+04,1.398182e+04,4.992822e-02,1.467552e-02,-5.015226e+00,1.136610e-03,0.000000e+00,0.000000e+00,0.000000e+00,0.000000e+00,0.000000e+00,0.000000e+00,0.000000e+00,0.000000e+00,0.000000e+00,0.000000e+00,0.000000e+00,0.000000e+00,0.000000e+00,0.000000e+00,0.000000e+00,0.000000e+00,0.000000e+00,0.000000e+00,0.000000e+00,0.000000e+00,0.000000e+00,-8.855176e+06,2.074815e+04,-5.265551e+06,3.463638e-01,-1.343134e-02,-2.499655e+01,-5.315699e-01,1.534957e-02,-4.699543e-01,3.063692e-03,1.356669e-03,2.828199e+01,-3.033701e-01,-8.476987e-03,-1.231113e-03,-5.040572e-03,-1.405609e-03,-9.219769e+00,1.431290e+01,-1.559201e+00,9.033382e+02,1.882418e+05,-2.018133e+04,1.030072e+07,-1.016647e-01,1.740090e+01,1.337420e-02,6.576544e+02,3.660338e+04,1.133780e+03
1.830566e-03,7.570395e+04,1.768717e+04,2.047282e-01,1.197940e-02,-1.607487e+00,1.023913e-01,9.774000e-07,2.080062e+03,0.000000e+00,0.000000e+00,6.542715e+03,0.000000e+00,0.000000e+00,0.000000e+00,0.000000e+00,0.000000e+00,0.000000e+00,0.000000e+00,0.000000e+00,0.000000e+00,0.000000e+00,0.000000e+00,0.000000e+00,0.000000e+00,0.000000e+00,0.000000e+00,0.000000e+00,0.000000e+00,0.000000e+00,0.000000e+00,0.000000e+00,0.000000e+00,0.000000e+00,0.000000e+00,0.000000e+00,0.000000e+00,0.000000e+00,0.000000e+00,0.000000e+00,0.000000e+00,0.000000e+00,0.000000e+00,0.000000e+00,0.000000e+00,0.000000e+00,0.000000e+00,0.000000e+00,0.000000e+00,7.570395e+04,1.381881e+04,5.262844e-02,1.436852e-02,-4.963131e+00,1.136610e-03,0.000000e+00,0.000000e+00,0.000000e+00,0.000000e+00,0.000000e+00,0.000000e+00,0.000000e+00,0.000000e+00,0.000000e+00,0.000000e+00,0.000000e+00,0.000000e+00,0.000000e+00,0.000000e+00,0.000000e+00,0.000000e+00,0.000000e+00,0.000000e+00,0.000000e+00,0.000000e+00,0.000000e+00,-8.826831e+06,1.185669e+05,-5.254854e+06,3.528688e-01,-1.340850e-02,-2.533421e+01,-5.480587e-01,1.533678e-02,-4.758853e-01,3.061030e-03,1.269116e-03,2.867870e+01,-3.159870e-01,-8.471071e-03,-1.232779e-03,-4.889640e-03,-1.420502e-03,-9.210396e+00,1.624417e+01,-1.509711e+00,1.004256e+03,1.947549e+05,-1.179917e+05,1.027077e+07,-1.010920e-01,1.775213e+01,1.304247e-02,6.820171e+02,3.422651e+04,-1.757613e+03
1.840340e-03,7.537308e+04,1.794121e+04,2.160602e-01,1.188109e-02,-1.213654e+00,1.023914e-01,9.774000e-07,2.160108e+03,0.000000e+00,0.000000e+00,6.540415e+03,0.000000e+00,0.000000e+00,0.000000e+00,0.000000e+00,0.000000e+00,0.000000e+00,0.000000e+00,0.000000e+00,0.000000e+00,0.000000e+00,0.000000e+00,0.000000e+00,0.000000e+00,0.000000e+00,0.000000e+00,0.000000e+00,0.000000e+00,0.000000e+00,0.000000e+00,0.000000e+00,0.000000e+00,0.000000e+00,0.000000e+00,0.000000e+00,0.000000e+00,0.000000e+00,0.000000e+00,0.000000e+00,0.000000e+00,0.000000e+00,0.000000e+00,0.000000e+00,0.000000e+00,0.000000e+00,0.000000e+00,0.000000e+00,0.000000e+00,7.537308e+04,1.366222e+04,5.589966e-02,1.440024e-02,-4.911324e+00,1.136610e-03,0.000000e+00,0.000000e+00,0.000000e+00,0.000000e+00,0.000000e+00,0.000000e+00,0.000000e+00,0.000000e+00,0.000000e+00,0.000000e+00,0.000000e+00,0.000000e+00,0.000000e+00,0.000000e+00,0.000000e+00,0.000000e+00,0.000000e+00,0.000000e+00,0.000000e+00,0.000000e+00,0.000000e+00,-8.910232e+06,7.244127e+04,-5.245027e+06,3.610095e-01,-1.355065e-02,-2.567006e+01,-5.641956e-01,1.512216e-02,-4.817826e-01,3.058499e-03,1.182576e-03,2.907241e+01,-3.287570e-01,-8.431975e-03,-1.234670e-03,-4.721791e-03,-1.435355e-03,-9.200040e+00,1.795215e+01,-1.506015e+00,1.104642e+03,1.467328e+05,-7.185223e+04,1.033833e+07,-1.003614e-01,1.809146e+01,1.502762e-02,1.625117e+02,3.289367e+04,-9.254454e+02
1.850114e-03,7.500665e+04,1.822717e+04,2.274002e-01,1.185831e-02,-8.232781e-01,1.023914e-01,9.774000e-07,2.243277e+03,0.000000e+00,0.000000e+00,6.538851e+03,0.000000e+00,0.000000e+00,0.000000e+00,0.000000e+00,0.000000e+00,0.000000e+00,0.000000e+00,0.000000e+00,0.000000e+00,0.000000e+00,0.000000e+00,0.000000e+00,0.000000e+00,0.000000e+00,0.000000e+00,0.000000e+00,0.000000e+00,0.000000e+00,0.000000e+00,0.000000e+00,0.000000e+00,0.000000e+00,0.000000e+00,0.000000e+00,0.000000e+00,0.000000e+00,0.000000e+00,0.000000e+00,0.000000e+00,0.000000e+00,0.000000e+00,0.000000e+00,0.000000e+00,0.000000e+00,0.000000e+00,0.000000e+00,0.000000e+00,7.500665e+04,1.350839e+04,5.868686e-02,1.438096e-02,-4.859282e+00,1.136610e-03,0.000000e+00,0.000000e+00,0.000000e+00,0.000000e+00,0.000000e+00,0.000000e+00,0.000000e+00,0.000000e+00,0.000000e+00,0.000000e+00,0.000000e+00,0.000000e+00,0.000000e+00,0.000000e+00,0.000000e+00,0.000000e+00,0.000000e+00,0.000000e+00,0.000000e+00,0.000000e+00,0.000000e+00,-8.686041e+06,3.991159e+04,-5.142007e+06,3.675225e-01,-1.368071e-02,-2.600117e+01,-5.807959e-01,1.512296e-02,-4.876038e-01,3.055877e-03,1.095761e-03,2.946264e+01,-3.415449e-01,-8.473631e-03,-1.236767e-03,-4.535868e-03,-1.450259e-03,-9.188707e+00,1.995551e+01,-1.522089e+00,1.203697e+03,1.699989e+05,-3.932645e+04,1.009251e+07,-1.006288e-01,1.843557e+01,1.339240e-02,9.155967e+02,3.533103e+04,-6.641719e+02
1.860865e-03,7.456486e+04,1.858449e+04,2.400447e-01,1.175526e-02,-3.985449e-01,1.023915e-01,9.774000e-07,2.333069e+03,0.000000e+00,0.000000e+00,6.534812e+03,0.000000e+00,0.000000e+00,0.000000e+00,0.000000e+00,0.000000e+00,0.000000e+00,0.000000e+00,0.000000e+00,0.000000e+00,0.000000e+00,0.000000e+00,0.000000e+00,0.000000e+00,0.000000e+00,0.000000e+00,0.000000e+00,0.000000e+00,0.000000e+00,0.000000e+00,0.000000e+00,0.000000e+00,0.000000e+00,0.000000e+00,0.000000e+00,0.000000e+00,0.000000e+00,0.000000e+00,0.000000e+00,0.000000e+00,0.000000e+00,0.000000e+00,0.000000e+00,0.000000e+00,0.000000e+00,0.000000e+00,0.000000e+00,0.000000e+00,7.456486e+04,1.334566e+04,6.230175e-02,1.428254e-02,-4.803443e+00,1.136609e-03,0.000000e+00,0.000000e+00,0.000000e+00,0.000000e+00,0.000000e+00,0.000000e+00,0.000000e+00,0.000000e+00,0.000000e+00,0.000000e+00,0.000000e+00,0.000000e+00,0.000000e+00,0.000000e+00,0.000000e+00,0.000000e+00,0.000000e+00,0.000000e+00,0.000000e+00,0.000000e+00,0.000000e+00,-8.564932e+06,1.616450e+04,-5.161586e+06,3.764645e-01,-1.396756e-02,-2.636304e+01,-5.986335e-01,1.502259e-02,-4.937828e-01,3.053101e-03,1.002890e-03,2.988738e+01,-3.557160e-01,-8.464537e-03,-1.238490e-03,-4.311808e-03,-1.467168e-03,-9.175130e+00,2.182743e+01,-1.519795e+00,1.311973e+03,2.489454e+05,-1.557340e+04,9.996903e+06,-1.010226e-01,1.880159e+01,1.236584e-02,2.153076e+02,3.466168e+04,-1.013092e+03
1.870639e-03,7.412645e+04,1.894338e+04,2.517640e-01,1.175099e-02,-1.657007e-02,1.023917e-01,9.774000e-07,2.417679e+03,0.000000e+00,0.000000e+00,6.532309e+03,0.000000e+00,0.000000e+00,0.000000e+00,0.000000e+00,0.000000e+00,0.000000e+00,0.000000e+00,0.000000e+00,0.000000e+00,0.000000e+00,0.000000e+00,0.000000e+00,0.000000e+00,0.000000e+00,0.000000e+00,0.000000e+00,0.000000e+00,0.000000e+00,0.000000e+00,0.000000e+00,0.000000e+00,0.000000e+00,0.000000e+00,0.000000e+00,0.000000e+00,0.000000e+00,0.000000e+00,0.000000e+00,0.000000e+00,0.000000e+00,0.000000e+00,0.000000e+00,0.000000e+00,0.000000e+00,0.000000e+00,0.000000e+00,0.000000e+00,7.412645e+04,1.320236e+04,6.509526e-02,1.413059e-02,-4.752578e+00,1.136610e-03,0.000000e+00,0.000000e+00,0.000000e+00,0.000000e+00,0.000000e+00,0.000000e+00,0.000000e+00,0.000000e+00,0.000000e+00,0.000000e+00,0.000000e+00,0.000000e+00,0.000000e+00,0.000000e+00,0.000000e+00,0.000000e+00,0.000000e+00,0.000000e+00,0.000000e+00,0.000000e+00,0.000000e+00,-8.386841e+06,-9.920718e+03,-4.886348e+06,3.843507e-01,-1.427761e-02,-2.668752e+01,-6.150045e-01,1.485614e-02,-4.995061e-01,3.050520e-03,9.190699e-04,3.026969e+01,-3.687389e-01,-8.511840e-03,-1.239686e-03,-4.087003e-03,-1.481725e-03,-9.161783e+00,2.381576e+01,-1.530011e+00,1.409101e+03,9.964156e+04,1.050284e+04,9.705955e+06,-1.001146e-01,1.914032e+01,1.057459e-02,-1.042731e+02,3.358643e+04,-2.866957e+01
1.880413e-03,7.365739e+04,1.933510e+04,2.635218e-01,1.177034e-02,3.617734e-01,1.023918e-01,9.774000e-07,2.500462e+03,0.000000e+00,0.000000e+00,6.527517e+03,0.000000e+00,0.000000e+00,0.000000e+00,0.000000e+00,0.000000e+00,0.000000e+00,0.000000e+00,0.000000e+00,0.000000e+00,0.000000e+00,0.000000e+00,0.000000e+00,0.000000e+00,0.000000e+00,0.000000e+00,0.000000e+00,0.000000e+00,0.000000e+00,0.000000e+00,0.000000e+00,0.000000e+00,0.000000e+00,0.000000e+00,0.000000e+00,0.000000e+00,0.000000e+00,0.000000e+00,0.000000e+00,0.000000e+00,0.000000e+00,0.000000e+00,0.000000e+00,0.000000e+00,0.000000e+00,0.000000e+00,0.000000e+00,0.000000e+00,7.365739e+04,1.306352e+04,6.793945e-02,1.408284e-02,-4.701703e+00,1.136610e-03,0.000000e+00,0.000000e+00,0.000000e+00,0.000000e+00,0.000000e+00,0.000000e+00,0.000000e+00,0.000000e+00,0.000000e+00,0.000000e+00,0.000000e+00,0.000000e+00,0.000000e+00,0.000000e+00,0.000000e+00,0.000000e+00,0.000000e+00,0.000000e+00,0.000000e+00,0.000000e+00,0.000000e+00,-8.498655e+06,-1.334644e+05,-5.097094e+06,3.914743e-01,-1.470930e-02,-2.700955e+01,-6.314304e-01,1.488330e-02,-5.049753e-01,3.047822e-03,8.360796e-04,3.064810e+01,-3.818515e-01,-8.624556e-03,-1.241322e-03,-3.844418e-03,-1.497537e-03,-9.147495e+00,2.585260e+01,-1.511766e+00,1.505208e+03,2.293900e+05,1.340695e+05,9.907307e+06,-1.015048e-01,1.946642e+01,1.115564e-02,-5.514985e+02,3.174817e+04,2.118173e+03
1.890187e-03,7.315545e+04,1.975520e+04,2.754788e-01,1.193911e-02,7.359677e-01,1.023920e-01,9.774000e-07,2.586127e+03,0.000000e+00,0.000000e+00,6.525970e+03,0.000000e+00,0.000000e+00,0.000000e+00,0.000000e+00,0.000000e+00,0.000000e+00,0.000000e+00,0.000000e+00,0.000000e+00,0.000000e+00,0.000000e+00,0.000000e+00,0.000000e+00,0.000000e+00,0.000000e+00,0.000000e+00,0.000000e+00,0.000000e+00,0.000000e+00,0.000000e+00,0.000000e+00,0.000000e+00,0.000000e+00,0.000000e+00,0.000000e+00,0.000000e+00,0.000000e+00,0.000000e+00,0.000000e+00,0.000000e+00,0.000000e+00,0.000000e+00,0.000000e+00,0.000000e+00,0.000000e+00,0.000000e+00,0.000000e+00,7.315545e+04,1.293011e+04,7.113982e-02,1.544551e-02,-4.650769e+00,1.136610e-03,0.000000e+00,0.000000e+00,0.000000e+00,0.000000e+00,0.000000e+00,0.000000e+00,0.000000e+00,0.000000e+00,0.000000e+00,0.000000e+00,0.000000e+00,0.000000e+00,0.000000e+00,0.000000e+00,0.000000e+00,0.000000e+00,0.000000e+00,0.000000e+00,0.000000e+00,0.000000e+00,0.000000e+00,-8.267778e+06,-5.800835e+04,-5.003948e+06,3.998993e-01,-1.324520e-02,-2.732586e+01,-6.477762e-01,1.485650e-02,-5.104029e-01,3.045077e-03,7.546605e-04,3.102268e+01,-3.951092e-01,-8.835315e-03,-1.243123e-03,-3.581966e-03,-1.513564e-03,-9.132274e+00,2.771384e+01,-1.967600e+00,1.599835e+03,2.644138e+05,5.860827e+04,9.660521e+06,-1.001108e-01,1.979626e+01,6.500149e-03,-6.135943e+02,3.395916e+04,8.486666e+02
1.900939e-03,7.256997e+04,2.025285e+04,2.885750e-01,1.206362e-02,1.143359e+00,1.023920e-01,9.774000e-07,2.677147e+03,0.000000e+00,0.000000e+00,6.523590e+03,0.000000e+00,0.000000e+00,0.000000e+00,0.000000e+00,0.000000e+00,0.000000e+00,0.000000e+00,0.000000e+00,0.000000e+00,0.000000e+00,0.000000e+00,0.000000e+00,0.000000e+00,0.000000e+00,0.000000e+00,0.000000e+00,0.000000e+00,0.000000e+00,0.000000e+00,0.000000e+00,0.000000e+00,0.000000e+00,0.000000e+00,0.000000e+00,0.000000e+00,0.000000e+00,0.000000e+00,0.000000e+00,0.000000e+00,0.000000e+00,0.000000e+00,0.000000e+00,0.000000e+00,0.000000e+00,0.000000e+00,0.000000e+00,0.000000e+00,7.256997e+04,1.278752e+04,7.437127e-02,1.470128e-02,-4.596120e+00,1.136610e-03,0.000000e+00,0.000000e+00,0.000000e+00,0.000000e+00,0.000000e+00,0.000000e+00,0.000000e+00,0.000000e+00,0.000000e+00,0.000000e+00,0.000000e+00,0.000000e+00,0.000000e+00,0.000000e+00,0.000000e+00,0.000000e+00,0.000000e+00,0.000000e+00,0.000000e+00,0.000000e+00,0.000000e+00,-8.161494e+06,1.214141e+04,-4.867086e+06,4.085113e-01,-1.420716e-02,-2.767171e+01,-6.660327e-01,1.486708e-02,-5.158604e-01,3.042215e-03,6.632346e-04,3.142994e+01,-4.097100e-01,-9.042285e-03,-1.244624e-03,-3.269585e-03,-1.530533e-03,-9.114464e+00,3.005723e+01,-1.669859e+00,1.703456e+03,1.999974e+05,-1.154135e+04,9.500449e+06,-1.019093e-01,2.014208e+01,8.618203e-03,1.725586e+02,3.361766e+04,-8.182623e+02
1.910713e-03,7.200858e+04,2.073317e+04,3.005353e-01,1.224494e-02,1.508997e+00,1.023920e-01,9.774000e-07,2.761209e+03,0.000000e+00,0.000000e+00,6.521461e+03,0.000000e+00,0.000000e+00,0.000000e+00,0.000000e+00,0.000000e+00,0.000000e+00,0.000000e+00,0.000000e+00,0.000000e+00,0.000000e+00,0.000000e+00,0.000000e+00,0.000000e+00,0.000000e+00,0.000000e+00,0.000000e+00,0.000000e+00,0.000000e+00,0.000000e+00,0.000000e+00,0.000000e+00,0.000000e+00,0.000000e+00,0.000000e+00,0.000000e+00,0.000000e+00,0.000000e+00,0.000000e+00,0.000000e+00,0.000000e+00,0.000000e+00,0.000000e+00,0.000000e+00,0.000000e+00,0.000000e+00,0.000000e+00,0.000000e+00,7.200858e+04,1.266316e+04,7.686888e-02,1.522740e-02,-4.546674e+00,1.136610e-03,0.000000e+00,0.000000e+00,0.000000e+00,0.000000e+00,0.000000e+00,0.000000e+00,0.000000e+00,0.000000e+00,0.000000e+00,0.000000e+00,0.000000e+00,0.000000e+00,0.000000e+00,0.000000e+00,0.000000e+00,0.000000e+00,0.000000e+00,0.000000e+00,0.000000e+00,0.000000e+00,0.000000e+00,-8.110954e+06,-9.646242e+03,-4.843582e+06,4.157768e-01,-1.395055e-02,-2.798118e+01,-6.825608e-01,1.486130e-02,-5.207716e-01,3.039500e-03,5.835696e-04,3.179536e+01,-4.230663e-01,-9.284968e-03,-1.246243e-03,-2.963685e-03,-1.547262e-03,-9.097317e+00,3.232146e+01,-1.814606e+00,1.796089e+03,2.064037e+05,1.025222e+04,9.444853e+06,-1.021810e-01,2.045746e+01,5.445614e-03,-3.855870e+02,3.087977e+04,1.615386e+03
1.920487e-03,7.141993e+04,2.123922e+04,3.126348e-01,1.246858e-02,1.870167e+00,1.023921e-01,9.774000e-07,2.846250e+03,0.000000e+00,0.000000e+00,6.520099e+03,0.000000e+00,0.000000e+00,0.000000e+00,0.000000e+00,0.000000e+00,0.000000e+00,0.000000e+00,0.000000e+00,0.000000e+00,0.000000e+00,0.000000e+00,0.000000e+00,0.000000e+00,0.000000e+00,0.000000e+00,0.000000e+00,0.000000e+00,0.000000e+00,0.000000e+00,0.000000e+00,0.000000e+00,0.000000e+00,0.000000e+00,0.000000e+00,0.000000e+00,0.000000e+00,0.000000e+00,0.000000e+00,0.000000e+00,0.000000e+00,0.000000e+00,0.000000e+00,0.000000e+00,0.000000e+00,0.000000e+00,0.000000e+00,0.000000e+00,7.141993e+04,1.254327e+04,7.967032e-02,1.485412e-02,-4.497667e+00,1.136610e-03,0.000000e+00,0.000000e+00,0.000000e+00,0.000000e+00,0.000000e+00,0.000000e+00,0.000000e+00,0.000000e+00,0.000000e+00,0.000000e+00,0.000000e+00,0.000000e+00,0.000000e+00,0.000000e+00,0.000000e+00,0.000000e+00,0.000000e+00,0.000000e+00,0.000000e+00,0.000000e+00,0.000000e+00,-7.929827e+06,7.178026e+04,-4.749414e+06,4.234776e-01,-1.477015e-02,-2.828614e+01,-6.991297e-01,1.482296e-02,-5.255972e-01,3.036745e-03,5.047728e-04,3.215640e+01,-4.365662e-01,-9.564710e-03,-1.247732e-03,-2.635889e-03,-1.563822e-03,-9.079269e+00,3.451311e+01,-1.558960e+00,1.887508e+03,2.158282e+05,-7.117809e+04,9.240811e+06,-1.043229e-01,2.077010e+01,8.321609e-03,4.236022e+02,3.135202e+04,-9.506423e+02
1.930261e-03,7.080550e+04,2.177276e+04,3.248198e-01,1.268788e-02,2.226733e+00,1.023923e-01,9.774000e-07,2.929044e+03,0.000000e+00,0.000000e+00,6.518530e+03,0.000000e+00,0.000000e+00,0.000000e+00,0.000000e+00,0.000000e+00,0.000000e+00,0.000000e+00,0.000000e+00,0.000000e+00,0.000000e+00,0.000000e+00,0.000000e+00,0.000000e+00,0.000000e+00,0.000000e+00,0.000000e+00,0.000000e+00,0.000000e+00,0.000000e+00,0.000000e+00,0.000000e+00,0.000000e+00,0.000000e+00,0.000000e+00,0.000000e+00,0.000000e+00,0.000000e+00,0.000000e+00,0.000000e+00,0.000000e+00,0.000000e+00,0.000000e+00,0.000000e+00,0.000000e+00,0.000000e+00,0.000000e+00,0.000000e+00,7.080550e+04,1.242728e+04,8.229937e-02,1.566403e-02,-4.449858e+00,1.136610e-03,0.000000e+00,0.000000e+00,0.000000e+00,0.000000e+00,0.000000e+00,0.000000e+00,0.000000e+00,0.000000e+00,0.000000e+00,0.000000e+00,0.000000e+00,0.000000e+00,0.000000e+00,0.000000e+00,0.000000e+00,0.000000e+00,0.000000e+00,0.000000e+00,0.000000e+00,0.000000e+00,0.000000e+00,-7.762943e+06,-3.265955e+04,-4.619172e+06,4.313289e-01,-1.418985e-02,-2.858774e+01,-7.156050e-01,1.479318e-02,-5.303928e-01,3.034026e-03,4.273673e-04,3.251266e+01,-4.501005e-01,-9.864468e-03,-1.249160e-03,-2.286391e-03,-1.581601e-03,-9.060333e+00,3.677686e+01,-1.895870e+00,1.978096e+03,1.867900e+05,3.325689e+04,9.031340e+06,-1.031137e-01,2.106922e+01,4.647153e-03,-7.235616e+02,3.345764e+04,9.289814e+02
1.940035e-03,7.016779e+04,2.232872e+04,3.370954e-01,1.296566e-02,2.578788e+00,1.023923e-01,9.774000e-07,3.011675e+03,0.000000e+00,0.000000e+00,6.518098e+03,0.000000e+00,0.000000e+00,0.000000e+00,0.000000e+00,0.000000e+00,0.000000e+00,0.000000e+00,0.000000e+00,0.000000e+00,0.000000e+00,0.000000e+00,0.000000e+00,0.000000e+00,0.000000e+00,0.000000e+00,0.000000e+00,0.000000e+00,0.000000e+00,0.000000e+00,0.000000e+00,0.000000e+00,0.000000e+00,0.000000e+00,0.000000e+00,0.000000e+00,0.000000e+00,0.000000e+00,0.000000e+00,0.000000e+00,0.000000e+00,0.000000e+00,0.000000e+00,0.000000e+00,0.000000e+00,0.000000e+00,0.000000e+00,0.000000e+00,7.016779e+04,1.231617e+04,8.516033e-02,1.566661e-02,-4.401941e+00,1.136610e-03,0.000000e+00,0.000000e+00,0.000000e+00,0.000000e+00,0.000000e+00,0.000000e+00,0.000000e+00,0.000000e+00,0.000000e+00,0.000000e+00,0.000000e+00,0.000000e+00,0.000000e+00,0.000000e+00,0.000000e+00,0.000000e+00,0.000000e+00,0.000000e+00,0.000000e+00,0.000000e+00,0.000000e+00,-7.812723e+06,3.470960e+04,-4.750164e+06,4.388478e-01,-1.447795e-02,-2.888518e+01,-7.322041e-01,1.489137e-02,-5.347943e-01,3.031369e-03,3.494875e-04,3.286450e+01,-4.636921e-01,-1.021278e-02,-1.250550e-03,-1.915637e-03,-1.599632e-03,-9.040521e+00,3.905180e+01,-1.802879e+00,2.067215e+03,2.780545e+05,-3.409473e+04,9.139225e+06,-1.048178e-01,2.136646e+01,2.671403e-03,2.035303e+02,2.958791e+04,-1.106091e+03
1.950786e-03,6.943983e+04,2.296566e+04,3.507636e-01,1.327290e-02,2.959612e+00,1.023925e-01,9.774000e-07,3.102395e+03,0.000000e+00,0.000000e+00,6.520152e+03,0.000000e+00,0.000000e+00,0.000000e+00,0.000000e+00,0.000000e+00,0.000000e+00,0.000000e+00,0.000000e+00,0.000000e+00,0.000000e+00,0.000000e+00,0.000000e+00,0.000000e+00,0.000000e+00,0.000000e+00,0.000000e+00,0.000000e+00,0.000000e+00,0.000000e+00,0.000000e+00,0.000000e+00,0.000000e+00,0.000000e+00,0.000000e+00,0.000000e+00,0.000000e+00,0.000000e+00,0.000000e+00,0.000000e+00,0.000000e+00,0.000000e+00,0.000000e+00,0.000000e+00,0.000000e+00,0.000000e+00,0.000000e+00,0.000000e+00,6.943983e+04,1.219831e+04,8.816302e-02,1.655039e-02,-4.350130e+00,1.136610e-03,0.000000e+00,0.000000e+00,0.000000e+00,0.000000e+00,0.000000e+00,0.000000e+00,0.000000e+00,0.000000e+00,0.000000e+00,0.000000e+00,0.000000e+00,0.000000e+00,0.000000e+00,0.000000e+00,0.000000e+00,0.000000e+00,0.000000e+00,0.000000e+00,0.000000e+00,0.000000e+00,0.000000e+00,-7.641712e+06,-3.807902e+04,-4.637350e+06,4.474861e-01,-1.410718e-02,-2.920690e+01,-7.504201e-01,1.481463e-02,-5.395204e-01,3.028328e-03,2.665088e-04,3.324554e+01,-4.787855e-01,-1.061915e-02,-1.252046e-03,-1.481219e-03,-1.619624e-03,-9.017726e+00,4.158735e+01,-2.037746e+00,2.163879e+03,2.663484e+05,3.868999e+04,8.934751e+06,-1.043988e-01,2.168638e+01,1.219704e-03,-1.173920e+02,2.903565e+04,-2.637309e+02
1.960560e-03,6.875608e+04,2.356565e+04,3.631635e-01,1.361405e-02,3.301236e+00,1.023926e-01,9.774000e-07,3.184919e+03,0.000000e+00,0.000000e+00,6.522156e+03,0.000000e+00,0.000000e+00,0.000000e+00,0.000000e+00,0.000000e+00,0.000000e+00,0.000000e+00,0.000000e+00,0.000000e+00,0.000000e+00,0.000000e+00,0.000000e+00,0.000000e+00,0.000000e+00,0.000000e+00,0.000000e+00,0.000000e+00,0.000000e+00,0.000000e+00,0.000000e+00,0.000000e+00,0.000000e+00,0.000000e+00,0.000000e+00,0.000000e+00,0.000000e+00,0.000000e+00,0.000000e+00,0.000000e+00,0.000000e+00,0.000000e+00,0.000000e+00,0.000000e+00,0.000000e+00,0.000000e+00,0.000000e+00,0.000000e+00,6.875608e+04,1.209505e+04,9.083501e-02,1.618831e-02,-4.304209e+00,1.136610e-03,0.000000e+00,0.000000e+00,0.000000e+00,0.000000e+00,0.000000e+00,0.000000e+00,0.000000e+00,0.000000e+00,0.000000e+00,0.000000e+00,0.000000e+00,0.000000e+00,0.000000e+00,0.000000e+00,0.000000e+00,0.000000e+00,0.000000e+00,0.000000e+00,0.000000e+00,0.000000e+00,0.000000e+00,-7.524422e+06,5.488691e+02,-4.558602e+06,4.552141e-01,-1.499605e-02,-2.949474e+01,-7.669890e-01,1.484249e-02,-5.437354e-01,3.025605e-03,1.918026e-04,3.358686e+01,-4.925418e-01,-1.103845e-02,-1.253351e-03,-1.061412e-03,-1.638699e-03,-8.996110e+00,4.397125e+01,-1.766861e+00,2.250443e+03,2.575518e+05,6.160547e+01,8.793830e+06,-1.061518e-01,2.197369e+01,2.671025e-03,7.546629e+00,2.782575e+04,-1.326633e+03
1.970334e-03,6.805324e+04,2.418606e+04,3.756531e-01,1.397667e-02,3.637548e+00,1.023926e-01,9.774000e-07,3.264856e+03,0.000000e+00,0.000000e+00,6.524787e+03,0.000000e+00,0.000000e+00,0.000000e+00,0.000000e+00,0.000000e+00,0.000000e+00,0.000000e+00,0.000000e+00,0.000000e+00,0.000000e+00,0.000000e+00,0.000000e+00,0.000000e+00,0.000000e+00,0.000000e+00,0.000000e+00,0.000000e+00,0.000000e+00,0.000000e+00,0.000000e+00,0.000000e+00,0.000000e+00,0.000000e+00,0.000000e+00,0.000000e+00,0.000000e+00,0.000000e+00,0.000000e+00,0.000000e+00,0.000000e+00,0.000000e+00,0.000000e+00,0.000000e+00,0.000000e+00,0.000000e+00,0.000000e+00,0.000000e+00,6.805324e+04,1.199576e+04,9.344156e-02,1.727418e-02,-4.259045e+00,1.136610e-03,0.000000e+00,0.000000e+00,0.000000e+00,0.000000e+00,0.000000e+00,0.000000e+00,0.000000e+00,0.000000e+00,0.000000e+00,0.000000e+00,0.000000e+00,0.000000e+00,0.000000e+00,0.000000e+00,0.000000e+00,0.000000e+00,0.000000e+00,0.000000e+00,0.000000e+00,0.000000e+00,0.000000e+00,-7.397825e+06,-2.469160e+04,-4.449544e+06,4.630173e-01,-1.424003e-02,-2.977871e+01,-7.834947e-01,1.467758e-02,-5.476840e-01,3.022908e-03,1.178466e-04,3.392297e+01,-5.063613e-01,-1.148601e-02,-1.254656e-03,-6.184825e-04,-1.657419e-03,-8.973653e+00,4.642975e+01,-2.050701e+00,2.336024e+03,2.269270e+05,2.529943e+04,8.629874e+06,-1.066073e-01,2.224745e+01,7.889720e-04,-2.625312e+01,2.877220e+04,6.009097e+02
1.980108e-03,6.733280e+04,2.482114e+04,3.882658e-01,1.441881e-02,3.968504e+00,1.023927e-01,9.774000e-07,3.345806e+03,0.000000e+00,0.000000e+00,6.529964e+03,0.000000e+00,0.000000e+00,0.000000e+00,0.000000e+00,0.000000e+00,0.000000e+00,0.000000e+00,0.000000e+00,0.000000e+00,0.000000e+00,0.000000e+00,0.000000e+00,0.000000e+00,0.000000e+00,0.000000e+00,0.000000e+00,0.000000e+00,0.000000e+00,0.000000e+00,0.000000e+00,0.000000e+00,0.000000e+00,0.000000e+00,0.000000e+00,0.000000e+00,0.000000e+00,0.000000e+00,0.000000e+00,0.000000e+00,0.000000e+00,0.000000e+00,0.000000e+00,0.000000e+00,0.000000e+00,0.000000e+00,0.000000e+00,0.000000e+00,6.733280e+04,1.189944e+04,9.593521e-02,1.716980e-02,-4.213918e+00,1.136610e-03,0.000000e+00,0.000000e+00,0.000000e+00,0.000000e+00,0.000000e+00,0.000000e+00,0.000000e+00,0.000000e+00,0.000000e+00,0.000000e+00,0.000000e+00,0.000000e+00,0.000000e+00,0.000000e+00,0.000000e+00,0.000000e+00,0.000000e+00,0.000000e+00,0.000000e+00,0.000000e+00,0.000000e+00,-7.301452e+06,1.836373e+04,-4.402984e+06,4.703532e-01,-1.472432e-02,-3.005714e+01,-8.000889e-01,1.467508e-02,-5.512455e-01,3.020176e-03,4.524824e-05,3.425388e+01,-5.202577e-01,-1.197594e-02,-1.255930e-03,-1.512063e-04,-1.676627e-03,-8.950369e+00,4.895782e+01,-1.890044e+00,2.419848e+03,2.357631e+05,-1.775463e+04,8.523023e+06,-1.068041e-01,2.252217e+01,5.843519e-04,-2.813673e+02,2.789405e+04,3.742177e+02
1.990859e-03,6.652323e+04,2.553870e+04,4.019954e-01,1.492483e-02,4.326571e+00,1.023928e-01,9.774000e-07,3.433657e+03,0.000000e+00,0.000000e+00,6.535251e+03,0.000000e+00,0.000000e+00,0.000000e+00,0.000000e+00,0.000000e+00,0.000000e+00,0.000000e+00,0.000000e+00,0.000000e+00,0.000000e+00,0.000000e+00,0.000000e+00,0.000000e+00,0.000000e+00,0.000000e+00,0.000000e+00,0.000000e+00,0.000000e+00,0.000000e+00,0.000000e+00,0.000000e+00,0.000000e+00,0.000000e+00,0.000000e+00,0.000000e+00,0.000000e+00,0.000000e+00,0.000000e+00,0.000000e+00,0.000000e+00,0.000000e+00,0.000000e+00,0.000000e+00,0.000000e+00,0.000000e+00,0.000000e+00,0.000000e+00,6.652323e+04,1.179605e+04,9.868221e-02,1.774898e-02,-4.165913e+00,1.136609e-03,0.000000e+00,0.000000e+00,0.000000e+00,0.000000e+00,0.000000e+00,0.000000e+00,0.000000e+00,0.000000e+00,0.000000e+00,0.000000e+00,0.000000e+00,0.000000e+00,0.000000e+00,0.000000e+00,0.000000e+00,0.000000e+00,0.000000e+00,0.000000e+00,0.000000e+00,0.000000e+00,0.000000e+00,-7.223601e+06,6.798852e+04,-4.369614e+06,4.787621e-01,-1.446423e-02,-3.035903e+01,-8.181962e-01,1.457146e-02,-5.550912e-01,3.017173e-03,-3.409584e-05,3.461173e+01,-5.355942e-01,-1.252529e-02,-1.257330e-03,3.909137e-04,-1.697626e-03,-8.923817e+00,5.175520e+01,-1.977692e+00,2.510845e+03,2.471232e+05,-6.737545e+04,8.438777e+06,-1.077201e-01,2.281686e+01,-9.797614e-04,5.566592e+02,2.637972e+04,-1.234248e+03
2.000633e-03,6.577230e+04,2.620408e+04,4.146706e-01,1.535939e-02,4.646463e+00,1.023929e-01,9.774000e-07,3.511427e+03,0.000000e+00,0.000000e+00,6.544653e+03,0.000000e+00,0.000000e+00,0.000000e+00,0.000000e+00,0.000000e+00,0.000000e+00,0.000000e+00,0.000000e+00,0.000000e+00,0.000000e+00,0.000000e+00,0.000000e+00,0.000000e+00,0.000000e+00,0.000000e+00,0.000000e+00,0.000000e+00,0.000000e+00,0.000000e+00,0.000000e+00,0.000000e+00,0.000000e+00,0.000000e+00,0.000000e+00,0.000000e+00,0.000000e+00,0.000000e+00,0.000000e+00,0.000000e+00,0.000000e+00,0.000000e+00,0.000000e+00,0.000000e+00,0.000000e+00,0.000000e+00,0.000000e+00,0.000000e+00,6.577230e+04,1.170619e+04,1.010607e-01,1.824804e-02,-4.122366e+00,1.136610e-03,0.000000e+00,0.000000e+00,0.000000e+00,0.000000e+00,0.000000e+00,0.000000e+00,0.000000e+00,0.000000e+00,0.000000e+00,0.000000e+00,0.000000e+00,0.000000e+00,0.000000e+00,0.000000e+00,0.000000e+00,0.000000e+00,0.000000e+00,0.000000e+00,0.000000e+00,0.000000e+00,0.000000e+00,-7.092494e+06,-5.907869e+04,-4.308267e+06,4.863264e-01,-1.485977e-02,-3.062773e+01,-8.346519e-01,1.458203e-02,-5.578376e-01,3.014487e-03,-1.050010e-04,3.493156e+01,-5.495928e-01,-1.303157e-02,-1.258597e-03,9.100858e-04,-1.717158e-03,-8.898838e+00,5.431625e+01,-1.967079e+00,2.591939e+03,2.601309e+05,5.969024e+04,8.294389e+06,-1.072539e-01,2.307451e+01,-1.573886e-03,5.166773e+01,2.524203e+04,1.209385e+02
2.010407e-03,6.501016e+04,2.688164e+04,4.274045e-01,1.588406e-02,4.961067e+00,1.023929e-01,9.774000e-07,3.588818e+03,0.000000e+00,0.000000e+00,6.552699e+03,0.000000e+00,0.000000e+00,0.000000e+00,0.000000e+00,0.000000e+00,0.000000e+00,0.000000e+00,0.000000e+00,0.000000e+00,0.000000e+00,0.000000e+00,0.000000e+00,0.000000e+00,0.000000e+00,0.000000e+00,0.000000e+00,0.000000e+00,0.000000e+00,0.000000e+00,0.000000e+00,0.000000e+00,0.000000e+00,0.000000e+00,0.000000e+00,0.000000e+00,0.000000e+00,0.000000e+00,0.000000e+00,0.000000e+00,0.000000e+00,0.000000e+00,0.000000e+00,0.000000e+00,0.000000e+00,0.000000e+00,0.000000e+00,0.000000e+00,6.501016e+04,1.161768e+04,1.035168e-01,1.854402e-02,-4.080035e+00,1.136610e-03,0.000000e+00,0.000000e+00,0.000000e+00,0.000000e+00,0.000000e+00,0.000000e+00,0.000000e+00,0.000000e+00,0.000000e+00,0.000000e+00,0.000000e+00,0.000000e+00,0.000000e+00,0.000000e+00,0.000000e+00,0.000000e+00,0.000000e+00,0.000000e+00,0.000000e+00,0.000000e+00,0.000000e+00,-6.956674e+06,-1.476614e+04,-4.269595e+06,4.940409e-01,-1.501094e-02,-3.089214e+01,-8.509061e-01,1.440688e-02,-5.604794e-01,3.011761e-03,-1.751939e-04,3.524596e+01,-5.636725e-01,-1.354357e-02,-1.259854e-03,1.454782e-03,-1.735714e-03,-8.873073e+00,5.689123e+01,-1.912607e+00,2.671875e+03,2.951559e+05,1.537648e+04,8.157060e+06,-1.060944e-01,2.332772e+01,-3.112688e-03,5.297886e+01,2.488491e+04,-1.515958e+02
2.020181e-03,6.423766e+04,2.757037e+04,4.403345e-01,1.636506e-02,5.269733e+00,1.023931e-01,9.774000e-07,3.665363e+03,0.000000e+00,0.000000e+00,6.560953e+03,0.000000e+00,0.000000e+00,0.000000e+00,0.000000e+00,0.000000e+00,0.000000e+00,0.000000e+00,0.000000e+00,0.000000e+00,0.000000e+00,0.000000e+00,0.000000e+00,0.000000e+00,0.000000e+00,0.000000e+00,0.000000e+00,0.000000e+00,0.000000e+00,0.000000e+00,0.000000e+00,0.000000e+00,0.000000e+00,0.000000e+00,0.000000e+00,0.000000e+00,0.000000e+00,0.000000e+00,0.000000e+00,0.000000e+00,0.000000e+00,0.000000e+00,0.000000e+00,0.000000e+00,0.000000e+00,0.000000e+00,0.000000e+00,0.000000e+00,6.423766e+04,1.153217e+04,1.056620e-01,1.882819e-02,-4.038583e+00,1.136610e-03,0.000000e+00,0.000000e+00,0.000000e+00,0.000000e+00,0.000000e+00,0.000000e+00,0.000000e+00,0.000000e+00,0.000000e+00,0.000000e+00,0.000000e+00,0.000000e+00,0.000000e+00,0.000000e+00,0.000000e+00,0.000000e+00,0.000000e+00,0.000000e+00,0.000000e+00,0.000000e+00,0.000000e+00,-6.868431e+06,2.386879e+04,-4.203921e+06,5.014718e-01,-1.502734e-02,-3.115147e+01,-8.671718e-01,1.435535e-02,-5.627506e-01,3.009087e-03,-2.445631e-04,3.555457e+01,-5.778877e-01,-1.403983e-02,-1.261110e-03,2.025482e-03,-1.753338e-03,-8.846535e+00,5.959154e+01,-1.886025e+00,2.750360e+03,2.832324e+05,-2.325841e+04,8.047864e+06,-1.049034e-01,2.357621e+01,-5.513848e-03,1.704319e+02,2.305640e+04,5.400985e+02
2.030933e-03,6.337702e+04,2.833787e+04,4.545799e-01,1.689528e-02,5.603024e+00,1.023932e-01,9.774000e-07,3.747302e+03,0.000000e+00,0.000000e+00,6.572549e+03,0.000000e+00,0.000000e+00,0.000000e+00,0.000000e+00,0.000000e+00,0.000000e+00,0.000000e+00,0.000000e+00,0.000000e+00,0.000000e+00,0.000000e+00,0.000000e+00,0.000000e+00,0.000000e+00,0.000000e+00,0.000000e+00,0.000000e+00,0.000000e+00,0.000000e+00,0.000000e+00,0.000000e+00,0.000000e+00,0.000000e+00,0.000000e+00,0.000000e+00,0.000000e+00,0.000000e+00,0.000000e+00,0.000000e+00,0.000000e+00,0.000000e+00,0.000000e+00,0.000000e+00,0.000000e+00,0.000000e+00,0.000000e+00,0.000000e+00,6.337702e+04,1.144075e+04,1.081984e-01,1.928459e-02,-3.993649e+00,1.136610e-03,0.000000e+00,0.000000e+00,0.000000e+00,0.000000e+00,0.000000e+00,0.000000e+00,0.000000e+00,0.000000e+00,0.000000e+00,0.000000e+00,0.000000e+00,0.000000e+00,0.000000e+00,0.000000e+00,0.000000e+00,0.000000e+00,0.000000e+00,0.000000e+00,0.000000e+00,0.000000e+00,0.000000e+00,-6.658822e+06,-3.191700e+04,-4.076092e+06,5.093790e-01,-1.529038e-02,-3.143081e+01,-8.849975e-01,1.427210e-02,-5.646735e-01,3.006204e-03,-3.197526e-04,3.588763e+01,-5.935751e-01,-1.460370e-02,-1.262494e-03,2.684201e-03,-1.773037e-03,-8.816465e+00,6.266881e+01,-1.850250e+00,2.835080e+03,2.769843e+05,3.251741e+04,7.802415e+06,-1.037751e-01,2.383795e+01,-4.643215e-03,-1.271721e+02,2.400676e+04,4.187664e+02
2.040707e-03,6.258551e+04,2.904374e+04,4.675212e-01,1.728704e-02,5.900138e+00,1.023933e-01,9.774000e-07,3.821615e+03,0.000000e+00,0.000000e+00,6.584346e+03,0.000000e+00,0.000000e+00,0.000000e+00,0.000000e+00,0.000000e+00,0.000000e+00,0.000000e+00,0.000000e+00,0.000000e+00,0.000000e+00,0.000000e+00,0.000000e+00,0.000000e+00,0.000000e+00,0.000000e+00,0.000000e+00,0.000000e+00,0.000000e+00,0.000000e+00,0.000000e+00,0.000000e+00,0.000000e+00,0.000000e+00,0.000000e+00,0.000000e+00,0.000000e+00,0.000000e+00,0.000000e+00,0.000000e+00,0.000000e+00,0.000000e+00,0.000000e+00,0.000000e+00,0.000000e+00,0.000000e+00,0.000000e+00,0.000000e+00,6.258551e+04,1.135991e+04,1.102324e-01,1.927186e-02,-3.953699e+00,1.136610e-03,0.000000e+00,0.000000e+00,0.000000e+00,0.000000e+00,0.000000e+00,0.000000e+00,0.000000e+00,0.000000e+00,0.000000e+00,0.000000e+00,0.000000e+00,0.000000e+00,0.000000e+00,0.000000e+00,0.000000e+00,0.000000e+00,0.000000e+00,0.000000e+00,0.000000e+00,0.000000e+00,0.000000e+00,-6.509736e+06,-2.282964e+04,-3.995050e+06,5.166958e-01,-1.588869e-02,-3.167957e+01,-9.011947e-01,1.431241e-02,-5.662897e-01,3.003564e-03,-3.874167e-04,3.618452e+01,-6.078781e-01,-1.512041e-02,-1.263777e-03,3.311185e-03,-1.790250e-03,-8.788348e+00,6.540096e+01,-1.692880e+00,2.910575e+03,2.814691e+05,2.342482e+04,7.632682e+06,-1.029538e-01,2.407323e+01,-6.071675e-03,1.178494e+02,2.409652e+04,-1.906620e+01
2.050481e-03,6.178855e+04,2.975402e+04,4.805550e-01,1.776425e-02,6.191440e+00,1.023934e-01,9.774000e-07,3.895236e+03,0.000000e+00,0.000000e+00,6.598696e+03,0.000000e+00,0.000000e+00,0.000000e+00,0.000000e+00,0.000000e+00,0.000000e+00,0.000000e+00,0.000000e+00,0.000000e+00,0.000000e+00,0.000000e+00,0.000000e+00,0.000000e+00,0.000000e+00,0.000000e+00,0.000000e+00,0.000000e+00,0.000000e+00,0.000000e+00,0.000000e+00,0.000000e+00,0.000000e+00,0.000000e+00,0.000000e+00,0.000000e+00,0.000000e+00,0.000000e+00,0.000000e+00,0.000000e+00,0.000000e+00,0.000000e+00,0.000000e+00,0.000000e+00,0.000000e+00,0.000000e+00,0.000000e+00,0.000000e+00,6.178855e+04,1.128145e+04,1.123758e-01,1.948644e-02,-3.914077e+00,1.136609e-03,0.000000e+00,0.000000e+00,0.000000e+00,0.000000e+00,0.000000e+00,0.000000e+00,0.000000e+00,0.000000e+00,0.000000e+00,0.000000e+00,0.000000e+00,0.000000e+00,0.000000e+00,0.000000e+00,0.000000e+00,0.000000e+00,0.000000e+00,0.000000e+00,0.000000e+00,0.000000e+00,0.000000e+00,-6.369357e+06,-2.103738e+04,-3.902534e+06,5.238307e-01,-1.598101e-02,-3.192292e+01,-9.172456e-01,1.419185e-02,-5.675679e-01,3.000936e-03,-4.540271e-04,3.647570e+01,-6.222365e-01,-1.564150e-02,-1.265066e-03,3.965368e-03,-1.806556e-03,-8.759501e+00,6.825948e+01,-1.683973e+00,2.984416e+03,2.716213e+05,2.162693e+04,7.464896e+06,-1.031411e-01,2.430441e+01,-6.493870e-03,-7.840109e+01,2.348767e+04,1.110017e+02
2.060255e-03,6.098656e+04,3.047000e+04,4.936307e-01,1.816677e-02,6.476923e+00,1.023934e-01,9.774000e-07,3.966903e+03,0.000000e+00,0.000000e+00,6.614008e+03,0.000000e+00,0.000000e+00,0.000000e+00,0.000000e+00,0.000000e+00,0.000000e+00,0.000000e+00,0.000000e+00,0.000000e+00,0.000000e+00,0.000000e+00,0.000000e+00,0.000000e+00,0.000000e+00,0.000000e+00,0.000000e+00,0.000000e+00,0.000000e+00,0.000000e+00,0.000000e+00,0.000000e+00,0.000000e+00,0.000000e+00,0.000000e+00,0.000000e+00,0.000000e+00,0.000000e+00,0.000000e+00,0.000000e+00,0.000000e+00,0.000000e+00,0.000000e+00,0.000000e+00,0.000000e+00,0.000000e+00,0.000000e+00,0.000000e+00,6.098656e+04,1.120534e+04,1.147459e-01,1.944136e-02,-3.875306e+00,1.136610e-03,0.000000e+00,0.000000e+00,0.000000e+00,0.000000e+00,0.000000e+00,0.000000e+00,0.000000e+00,0.000000e+00,0.000000e+00,0.000000e+00,0.000000e+00,0.000000e+00,0.000000e+00,0.000000e+00,0.000000e+00,0.000000e+00,0.000000e+00,0.000000e+00,0.000000e+00,0.000000e+00,0.000000e+00,-6.199287e+06,-7.315497e+03,-3.797121e+06,5.314013e-01,-1.666101e-02,-3.216161e+01,-9.334111e-01,1.418598e-02,-5.687788e-01,2.998260e-03,-5.200320e-04,3.676116e+01,-6.366217e-01,-1.616132e-02,-1.266370e-03,4.646965e-03,-1.822478e-03,-8.729941e+00,7.093615e+01,-1.472326e+00,3.056906e+03,2.650492e+05,7.896539e+03,7.264918e+06,-1.030382e-01,2.452748e+01,-6.708590e-03,-3.699373e+01,2.267587e+04,3.235474e+02
2.070029e-03,6.018109e+04,3.118698e+04,5.067522e-01,1.865274e-02,6.756601e+00,1.023935e-01,9.774000e-07,4.039010e+03,0.000000e+00,0.000000e+00,6.630613e+03,0.000000e+00,0.000000e+00,0.000000e+00,0.000000e+00,0.000000e+00,0.000000e+00,0.000000e+00,0.000000e+00,0.000000e+00,0.000000e+00,0.000000e+00,0.000000e+00,0.000000e+00,0.000000e+00,0.000000e+00,0.000000e+00,0.000000e+00,0.000000e+00,0.000000e+00,0.000000e+00,0.000000e+00,0.000000e+00,0.000000e+00,0.000000e+00,0.000000e+00,0.000000e+00,0.000000e+00,0.000000e+00,0.000000e+00,0.000000e+00,0.000000e+00,0.000000e+00,0.000000e+00,0.000000e+00,0.000000e+00,0.000000e+00,0.000000e+00,6.018109e+04,1.113112e+04,1.166922e-01,2.037341e-02,-3.836925e+00,1.136610e-03,0.000000e+00,0.000000e+00,0.000000e+00,0.000000e+00,0.000000e+00,0.000000e+00,0.000000e+00,0.000000e+00,0.000000e+00,0.000000e+00,0.000000e+00,0.000000e+00,0.000000e+00,0.000000e+00,0.000000e+00,0.000000e+00,0.000000e+00,0.000000e+00,0.000000e+00,0.000000e+00,0.000000e+00,-6.084756e+06,-5.284087e+04,-3.744230e+06,5.382126e-01,-1.637739e-02,-3.239452e+01,-9.493663e-01,1.405558e-02,-5.698000e-01,2.995649e-03,-5.850348e-04,3.704060e+01,-6.510808e-01,-1.669359e-02,-1.267668e-03,5.355677e-03,-1.838804e-03,-8.699681e+00,7.388606e+01,-1.705873e+00,3.127613e+03,2.769091e+05,5.341908e+04,7.139102e+06,-1.022590e-01,2.474969e+01,-1.060838e-02,-5.717143e-01,2.229533e+04,-5.201409e+02
2.080780e-03,5.929245e+04,3.197760e+04,5.212893e-01,1.907968e-02,7.057514e+00,1.023936e-01,9.774000e-07,4.115467e+03,0.000000e+00,0.000000e+00,6.653144e+03,0.000000e+00,0.000000e+00,0.000000e+00,0.000000e+00,0.000000e+00,0.000000e+00,0.000000e+00,0.000000e+00,0.000000e+00,0.000000e+00,0.000000e+00,0.000000e+00,0.000000e+00,0.000000e+00,0.000000e+00,0.000000e+00,0.000000e+00,0.000000e+00,0.000000e+00,0.000000e+00,0.000000e+00,0.000000e+00,0.000000e+00,0.000000e+00,0.000000e+00,0.000000e+00,0.000000e+00,0.000000e+00,0.000000e+00,0.000000e+00,0.000000e+00,0.000000e+00,0.000000e+00,0.000000e+00,0.000000e+00,0.000000e+00,0.000000e+00,5.929245e+04,1.105097e+04,1.193973e-01,2.060559e-02,-3.795315e+00,1.136610e-03,0.000000e+00,0.000000e+00,0.000000e+00,0.000000e+00,0.000000e+00,0.000000e+00,0.000000e+00,0.000000e+00,0.000000e+00,0.000000e+00,0.000000e+00,0.000000e+00,0.000000e+00,0.000000e+00,0.000000e+00,0.000000e+00,0.000000e+00,0.000000e+00,0.000000e+00,0.000000e+00,0.000000e+00,-5.940776e+06,1.462239e+04,-3.714685e+06,5.464317e-01,-1.667714e-02,-3.264564e+01,-9.670775e-01,1.407052e-02,-5.707345e-01,2.992745e-03,-6.555679e-04,3.734128e+01,-6.669735e-01,-1.729517e-02,-1.269116e-03,6.167477e-03,-1.855515e-03,-8.665606e+00,7.681989e+01,-1.575014e+00,3.203777e+03,3.236853e+05,-1.404734e+04,6.999068e+06,-1.008231e-01,2.498322e+01,-1.212336e-02,6.445889e+01,2.174503e+04,-4.076133e+02
2.090554e-03,5.848412e+04,3.269413e+04,5.344957e-01,1.962388e-02,7.325138e+00,1.023937e-01,9.774000e-07,4.186432e+03,0.000000e+00,0.000000e+00,6.674729e+03,0.000000e+00,0.000000e+00,0.000000e+00,0.000000e+00,0.000000e+00,0.000000e+00,0.000000e+00,0.000000e+00,0.000000e+00,0.000000e+00,0.000000e+00,0.000000e+00,0.000000e+00,0.000000e+00,0.000000e+00,0.000000e+00,0.000000e+00,0.000000e+00,0.000000e+00,0.000000e+00,0.000000e+00,0.000000e+00,0.000000e+00,0.000000e+00,0.000000e+00,0.000000e+00,0.000000e+00,0.000000e+00,0.000000e+00,0.000000e+00,0.000000e+00,0.000000e+00,0.000000e+00,0.000000e+00,0.000000e+00,0.000000e+00,0.000000e+00,5.848412e+04,1.098043e+04,1.212290e-01,2.081971e-02,-3.757756e+00,1.136610e-03,0.000000e+00,0.000000e+00,0.000000e+00,0.000000e+00,0.000000e+00,0.000000e+00,0.000000e+00,0.000000e+00,0.000000e+00,0.000000e+00,0.000000e+00,0.000000e+00,0.000000e+00,0.000000e+00,0.000000e+00,0.000000e+00,0.000000e+00,0.000000e+00,0.000000e+00,0.000000e+00,0.000000e+00,-5.802912e+06,7.624478e+04,-3.569056e+06,5.531217e-01,-1.676322e-02,-3.286728e+01,-9.829207e-01,1.397282e-02,-5.714226e-01,2.990128e-03,-7.187956e-04,3.760845e+01,-6.814228e-01,-1.786438e-02,-1.270442e-03,6.935040e-03,-1.871339e-03,-8.633929e+00,7.987090e+01,-1.523131e+00,3.271050e+03,2.660571e+05,-7.567936e+04,6.807441e+06,-9.941021e-02,2.519818e+01,-1.327595e-02,6.900211e+01,2.094883e+04,-4.782762e+02
2.100328e-03,5.767664e+04,3.341123e+04,5.477144e-01,2.014908e-02,7.586791e+00,1.023939e-01,9.774000e-07,4.254585e+03,0.000000e+00,0.000000e+00,6.697271e+03,0.000000e+00,0.000000e+00,0.000000e+00,0.000000e+00,0.000000e+00,0.000000e+00,0.000000e+00,0.000000e+00,0.000000e+00,0.000000e+00,0.000000e+00,0.000000e+00,0.000000e+00,0.000000e+00,0.000000e+00,0.000000e+00,0.000000e+00,0.000000e+00,0.000000e+00,0.000000e+00,0.000000e+00,0.000000e+00,0.000000e+00,0.000000e+00,0.000000e+00,0.000000e+00,0.000000e+00,0.000000e+00,0.000000e+00,0.000000e+00,0.000000e+00,0.000000e+00,0.000000e+00,0.000000e+00,0.000000e+00,0.000000e+00,0.000000e+00,5.767664e+04,1.091066e+04,1.236090e-01,2.167680e-02,-3.721231e+00,1.136610e-03,0.000000e+00,0.000000e+00,0.000000e+00,0.000000e+00,0.000000e+00,0.000000e+00,0.000000e+00,0.000000e+00,0.000000e+00,0.000000e+00,0.000000e+00,0.000000e+00,0.000000e+00,0.000000e+00,0.000000e+00,0.000000e+00,0.000000e+00,0.000000e+00,0.000000e+00,0.000000e+00,0.000000e+00,-5.658594e+06,2.704704e+04,-3.516467e+06,5.605050e-01,-1.650037e-02,-3.308491e+01,-9.989458e-01,1.391248e-02,-5.723301e-01,2.987630e-03,-7.810019e-04,3.786963e+01,-6.958113e-01,-1.841908e-02,-1.271757e-03,7.730011e-03,-1.887213e-03,-8.601602e+00,8.256341e+01,-1.691832e+00,3.337089e+03,2.926148e+05,-2.648750e+04,6.655798e+06,-9.878965e-02,2.540250e+01,-1.683321e-02,2.326267e+02,2.103274e+04,-7.098786e+01
2.110102e-03,5.687100e+04,3.412202e+04,5.606942e-01,2.049441e-02,7.842179e+00,1.023941e-01,9.774000e-07,4.323411e+03,0.000000e+00,0.000000e+00,6.724531e+03,0.000000e+00,0.000000e+00,0.000000e+00,0.000000e+00,0.000000e+00,0.000000e+00,0.000000e+00,0.000000e+00,0.000000e+00,0.000000e+00,0.000000e+00,0.000000e+00,0.000000e+00,0.000000e+00,0.000000e+00,0.000000e+00,0.000000e+00,0.000000e+00,0.000000e+00,0.000000e+00,0.000000e+00,0.000000e+00,0.000000e+00,0.000000e+00,0.000000e+00,0.000000e+00,0.000000e+00,0.000000e+00,0.000000e+00,0.000000e+00,0.000000e+00,0.000000e+00,0.000000e+00,0.000000e+00,0.000000e+00,0.000000e+00,0.000000e+00,5.687100e+04,1.084252e+04,1.254353e-01,2.161264e-02,-3.684600e+00,1.136610e-03,0.000000e+00,0.000000e+00,0.000000e+00,0.000000e+00,0.000000e+00,0.000000e+00,0.000000e+00,0.000000e+00,0.000000e+00,0.000000e+00,0.000000e+00,0.000000e+00,0.000000e+00,0.000000e+00,0.000000e+00,0.000000e+00,0.000000e+00,0.000000e+00,0.000000e+00,0.000000e+00,0.000000e+00,-5.467708e+06,2.175825e+04,-3.421953e+06,5.671382e-01,-1.718854e-02,-3.329614e+01,-1.014735e+00,1.392219e-02,-5.728624e-01,2.985115e-03,-8.423846e-04,3.812500e+01,-7.100282e-01,-1.893861e-02,-1.273087e-03,8.553240e-03,-1.902113e-03,-8.568641e+00,8.555584e+01,-1.488891e+00,3.401128e+03,3.053683e+05,-2.121031e+04,6.443009e+06,-9.688851e-02,2.560722e+01,-1.646763e-02,1.477386e+02,2.105811e+04,-7.055012e+02
2.120854e-03,5.598782e+04,3.490020e+04,5.748665e-01,2.102008e-02,8.116296e+00,1.023941e-01,9.774000e-07,4.397569e+03,0.000000e+00,0.000000e+00,6.755797e+03,0.000000e+00,0.000000e+00,0.000000e+00,0.000000e+00,0.000000e+00,0.000000e+00,0.000000e+00,0.000000e+00,0.000000e+00,0.000000e+00,0.000000e+00,0.000000e+00,0.000000e+00,0.000000e+00,0.000000e+00,0.000000e+00,0.000000e+00,0.000000e+00,0.000000e+00,0.000000e+00,0.000000e+00,0.000000e+00,0.000000e+00,0.000000e+00,0.000000e+00,0.000000e+00,0.000000e+00,0.000000e+00,0.000000e+00,0.000000e+00,0.000000e+00,0.000000e+00,0.000000e+00,0.000000e+00,0.000000e+00,0.000000e+00,0.000000e+00,5.598782e+04,1.076875e+04,1.278513e-01,2.184577e-02,-3.645424e+00,1.136610e-03,0.000000e+00,0.000000e+00,0.000000e+00,0.000000e+00,0.000000e+00,0.000000e+00,0.000000e+00,0.000000e+00,0.000000e+00,0.000000e+00,0.000000e+00,0.000000e+00,0.000000e+00,0.000000e+00,0.000000e+00,0.000000e+00,0.000000e+00,0.000000e+00,0.000000e+00,0.000000e+00,0.000000e+00,-5.320379e+06,1.331774e+04,-3.324755e+06,5.752480e-01,-1.744216e-02,-3.352327e+01,-1.032314e+00,1.387905e-02,-5.736448e-01,2.982359e-03,-9.086755e-04,3.839891e+01,-7.255980e-01,-1.948486e-02,-1.274564e-03,9.490564e-03,-1.918510e-03,-8.531669e+00,8.856937e+01,-1.447673e+00,3.469952e+03,2.945206e+05,-1.277831e+04,6.266873e+06,-9.539534e-02,2.582617e+01,-1.942376e-02,2.072655e+02,2.069710e+04,-4.337158e+02
2.130628e-03,5.518864e+04,3.560271e+04,5.877236e-01,2.140548e-02,8.359472e+00,1.023943e-01,9.774000e-07,4.463667e+03,0.000000e+00,0.000000e+00,6.787104e+03,0.000000e+00,0.000000e+00,0.000000e+00,0.000000e+00,0.000000e+00,0.000000e+00,0.000000e+00,0.000000e+00,0.000000e+00,0.000000e+00,0.000000e+00,0.000000e+00,0.000000e+00,0.000000e+00,0.000000e+00,0.000000e+00,0.000000e+00,0.000000e+00,0.000000e+00,0.000000e+00,0.000000e+00,0.000000e+00,0.000000e+00,0.000000e+00,0.000000e+00,0.000000e+00,0.000000e+00,0.000000e+00,0.000000e+00,0.000000e+00,0.000000e+00,0.000000e+00,0.000000e+00,0.000000e+00,0.000000e+00,0.000000e+00,0.000000e+00,5.518864e+04,1.070260e+04,1.298850e-01,2.198500e-02,-3.610444e+00,1.136610e-03,0.000000e+00,0.000000e+00,0.000000e+00,0.000000e+00,0.000000e+00,0.000000e+00,0.000000e+00,0.000000e+00,0.000000e+00,0.000000e+00,0.000000e+00,0.000000e+00,0.000000e+00,0.000000e+00,0.000000e+00,0.000000e+00,0.000000e+00,0.000000e+00,0.000000e+00,0.000000e+00,0.000000e+00,-5.195060e+06,4.920530e+04,-3.256476e+06,5.823033e-01,-1.762845e-02,-3.372451e+01,-1.048160e+00,1.382598e-02,-5.743372e-01,2.979876e-03,-9.679744e-04,3.864183e+01,-7.396067e-01,-1.996440e-02,-1.275896e-03,1.037177e-02,-1.932182e-03,-8.497424e+00,9.139786e+01,-1.386439e+00,3.530882e+03,2.978852e+05,-4.867255e+04,6.124101e+06,-9.334339e-02,2.602015e+01,-2.265777e-02,-7.620570e+01,1.960233e+04,2.904671e+02
2.140402e-03,5.439418e+04,3.629876e+04,6.004505e-01,2.173381e-02,8.596871e+00,1.023943e-01,9.774000e-07,4.528286e+03,0.000000e+00,0.000000e+00,6.820984e+03,0.000000e+00,0.000000e+00,0.000000e+00,0.000000e+00,0.000000e+00,0.000000e+00,0.000000e+00,0.000000e+00,0.000000e+00,0.000000e+00,0.000000e+00,0.000000e+00,0.000000e+00,0.000000e+00,0.000000e+00,0.000000e+00,0.000000e+00,0.000000e+00,0.000000e+00,0.000000e+00,0.000000e+00,0.000000e+00,0.000000e+00,0.000000e+00,0.000000e+00,0.000000e+00,0.000000e+00,0.000000e+00,0.000000e+00,0.000000e+00,0.000000e+00,0.000000e+00,0.000000e+00,0.000000e+00,0.000000e+00,0.000000e+00,0.000000e+00,5.439418e+04,1.063664e+04,1.317962e-01,2.197601e-02,-3.576098e+00,1.136610e-03,0.000000e+00,0.000000e+00,0.000000e+00,0.000000e+00,0.000000e+00,0.000000e+00,0.000000e+00,0.000000e+00,0.000000e+00,0.000000e+00,0.000000e+00,0.000000e+00,0.000000e+00,0.000000e+00,0.000000e+00,0.000000e+00,0.000000e+00,0.000000e+00,0.000000e+00,0.000000e+00,0.000000e+00,-5.132706e+06,-1.412506e+04,-3.178784e+06,5.892856e-01,-1.825858e-02,-3.392114e+01,-1.063955e+00,1.382564e-02,-5.750167e-01,2.977485e-03,-1.026189e-03,3.887904e+01,-7.534989e-01,-2.039235e-02,-1.277180e-03,1.128059e-02,-1.945489e-03,-8.462593e+00,9.424769e+01,-1.246791e+00,3.590344e+03,2.621814e+05,1.465483e+04,6.031632e+06,-9.170883e-02,2.620846e+01,-2.245344e-02,4.223749e+02,1.846268e+04,1.946154e+02
2.150176e-03,5.360460e+04,3.698789e+04,6.130775e-01,2.209066e-02,8.828556e+00,1.023943e-01,9.774000e-07,4.592503e+03,0.000000e+00,0.000000e+00,6.857080e+03,0.000000e+00,0.000000e+00,0.000000e+00,0.000000e+00,0.000000e+00,0.000000e+00,0.000000e+00,0.000000e+00,0.000000e+00,0.000000e+00,0.000000e+00,0.000000e+00,0.000000e+00,0.000000e+00,0.000000e+00,0.000000e+00,0.000000e+00,0.000000e+00,0.000000e+00,0.000000e+00,0.000000e+00,0.000000e+00,0.000000e+00,0.000000e+00,0.000000e+00,0.000000e+00,0.000000e+00,0.000000e+00,0.000000e+00,0.000000e+00,0.000000e+00,0.000000e+00,0.000000e+00,0.000000e+00,0.000000e+00,0.000000e+00,0.000000e+00,5.360460e+04,1.057194e+04,1.338864e-01,2.204005e-02,-3.542493e+00,1.136610e-03,0.000000e+00,0.000000e+00,0.000000e+00,0.000000e+00,0.000000e+00,0.000000e+00,0.000000e+00,0.000000e+00,0.000000e+00,0.000000e+00,0.000000e+00,0.000000e+00,0.000000e+00,0.000000e+00,0.000000e+00,0.000000e+00,0.000000e+00,0.000000e+00,0.000000e+00,0.000000e+00,0.000000e+00,-4.933204e+06,3.386886e+04,-3.100352e+06,5.964191e-01,-1.847067e-02,-3.411240e+01,-1.079699e+00,1.376977e-02,-5.757048e-01,2.975098e-03,-1.083334e-03,3.911042e+01,-7.672632e-01,-2.081343e-02,-1.278458e-03,1.221626e-02,-1.957504e-03,-8.427188e+00,9.693829e+01,-1.164737e+00,3.648288e+03,2.928456e+05,-3.335230e+04,5.819189e+06,-9.017364e-02,2.639354e+01,-2.483775e-02,-1.127421e+01,1.879833e+04,5.641924e+02
2.160927e-03,5.274334e+04,3.773725e+04,6.268407e-01,2.245393e-02,9.076522e+00,1.023943e-01,9.774000e-07,4.661212e+03,0.000000e+00,0.000000e+00,6.899918e+03,0.000000e+00,0.000000e+00,0.000000e+00,0.000000e+00,0.000000e+00,0.000000e+00,0.000000e+00,0.000000e+00,0.000000e+00,0.000000e+00,0.000000e+00,0.000000e+00,0.000000e+00,0.000000e+00,0.000000e+00,0.000000e+00,0.000000e+00,0.000000e+00,0.000000e+00,0.000000e+00,0.000000e+00,0.000000e+00,0.000000e+00,0.000000e+00,0.000000e+00,0.000000e+00,0.000000e+00,0.000000e+00,0.000000e+00,0.000000e+00,0.000000e+00,0.000000e+00,0.000000e+00,0.000000e+00,0.000000e+00,0.000000e+00,0.000000e+00,5.274334e+04,1.050169e+04,1.361174e-01,2.214069e-02,-3.506441e+00,1.136610e-03,0.000000e+00,0.000000e+00,0.000000e+00,0.000000e+00,0.000000e+00,0.000000e+00,0.000000e+00,0.000000e+00,0.000000e+00,0.000000e+00,0.000000e+00,0.000000e+00,0.000000e+00,0.000000e+00,0.000000e+00,0.000000e+00,0.000000e+00,0.000000e+00,0.000000e+00,0.000000e+00,0.000000e+00,-4.842876e+06,-2.038164e+03,-3.026576e+06,6.040430e-01,-1.901990e-02,-3.431746e+01,-1.096890e+00,1.378142e-02,-5.764875e-01,2.972485e-03,-1.144902e-03,3.935806e+01,-7.822565e-01,-2.124825e-02,-1.279858e-03,1.327666e-02,-1.969578e-03,-8.387599e+00,9.998386e+01,-1.065918e+00,3.710260e+03,2.742710e+05,2.549904e+03,5.704243e+06,-8.873359e-02,2.659072e+01,-2.518993e-02,2.241196e+02,1.798653e+04,2.930455e+02
2.170701e-03,5.196752e+04,3.841007e+04,6.392827e-01,2.275638e-02,9.296081e+00,1.023943e-01,9.774000e-07,4.722526e+03,0.000000e+00,0.000000e+00,6.941409e+03,0.000000e+00,0.000000e+00,0.000000e+00,0.000000e+00,0.000000e+00,0.000000e+00,0.000000e+00,0.000000e+00,0.000000e+00,0.000000e+00,0.000000e+00,0.000000e+00,0.000000e+00,0.000000e+00,0.000000e+00,0.000000e+00,0.000000e+00,0.000000e+00,0.000000e+00,0.000000e+00,0.000000e+00,0.000000e+00,0.000000e+00,0.000000e+00,0.000000e+00,0.000000e+00,0.000000e+00,0.000000e+00,0.000000e+00,0.000000e+00,0.000000e+00,0.000000e+00,0.000000e+00,0.000000e+00,0.000000e+00,0.000000e+00,0.000000e+00,5.196752e+04,1.043837e+04,1.382715e-01,2.221620e-02,-3.474340e+00,1.136610e-03,0.000000e+00,0.000000e+00,0.000000e+00,0.000000e+00,0.000000e+00,0.000000e+00,0.000000e+00,0.000000e+00,0.000000e+00,0.000000e+00,0.000000e+00,0.000000e+00,0.000000e+00,0.000000e+00,0.000000e+00,0.000000e+00,0.000000e+00,0.000000e+00,0.000000e+00,0.000000e+00,0.000000e+00,-4.665065e+06,-3.195555e+02,-2.949225e+06,6.111652e-01,-1.932945e-02,-3.449878e+01,-1.112467e+00,1.383577e-02,-5.772001e-01,2.970185e-03,-1.199703e-03,3.957735e+01,-7.957943e-01,-2.161370e-02,-1.281124e-03,1.426797e-02,-1.979603e-03,-8.351038e+00,1.025832e+02,-1.016245e+00,3.765138e+03,2.951051e+05,8.188740e+02,5.511232e+06,-8.734287e-02,2.676513e+01,-2.670885e-02,1.778946e+02,1.790457e+04,8.162346e+02
2.180475e-03,5.119993e+04,3.907297e+04,6.515948e-01,2.307409e-02,9.509829e+00,1.023944e-01,9.774000e-07,4.783132e+03,0.000000e+00,0.000000e+00,6.985202e+03,0.000000e+00,0.000000e+00,0.000000e+00,0.000000e+00,0.000000e+00,0.000000e+00,0.000000e+00,0.000000e+00,0.000000e+00,0.000000e+00,0.000000e+00,0.000000e+00,0.000000e+00,0.000000e+00,0.000000e+00,0.000000e+00,0.000000e+00,0.000000e+00,0.000000e+00,0.000000e+00,0.000000e+00,0.000000e+00,0.000000e+00,0.000000e+00,0.000000e+00,0.000000e+00,0.000000e+00,0.000000e+00,0.000000e+00,0.000000e+00,0.000000e+00,0.000000e+00,0.000000e+00,0.000000e+00,0.000000e+00,0.000000e+00,0.000000e+00,5.119993e+04,1.037599e+04,1.404806e-01,2.206958e-02,-3.442876e+00,1.136610e-03,0.000000e+00,0.000000e+00,0.000000e+00,0.000000e+00,0.000000e+00,0.000000e+00,0.000000e+00,0.000000e+00,0.000000e+00,0.000000e+00,0.000000e+00,0.000000e+00,0.000000e+00,0.000000e+00,0.000000e+00,0.000000e+00,0.000000e+00,0.000000e+00,0.000000e+00,0.000000e+00,0.000000e+00,-4.544672e+06,-2.768456e+04,-2.877707e+06,6.181077e-01,-2.013812e-02,-3.467500e+01,-1.127844e+00,1.394690e-02,-5.778898e-01,2.967863e-03,-1.253537e-03,3.979084e+01,-8.091764e-01,-2.198755e-02,-1.282388e-03,1.528502e-02,-1.988685e-03,-8.313951e+00,1.052193e+02,-8.584804e-01,3.818398e+03,2.929077e+05,2.817566e+04,5.371166e+06,-8.661363e-02,2.693660e+01,-2.705077e-02,7.984181e+01,1.746939e+04,2.876790e+02
2.190249e-03,5.044107e+04,3.972710e+04,6.638749e-01,2.338634e-02,9.718171e+00,1.023944e-01,9.774000e-07,4.841967e+03,0.000000e+00,0.000000e+00,7.030881e+03,0.000000e+00,0.000000e+00,0.000000e+00,0.000000e+00,0.000000e+00,0.000000e+00,0.000000e+00,0.000000e+00,0.000000e+00,0.000000e+00,0.000000e+00,0.000000e+00,0.000000e+00,0.000000e+00,0.000000e+00,0.000000e+00,0.000000e+00,0.000000e+00,0.000000e+00,0.000000e+00,0.000000e+00,0.000000e+00,0.000000e+00,0.000000e+00,0.000000e+00,0.000000e+00,0.000000e+00,0.000000e+00,0.000000e+00,0.000000e+00,0.000000e+00,0.000000e+00,0.000000e+00,0.000000e+00,0.000000e+00,0.000000e+00,0.000000e+00,5.044107e+04,1.031426e+04,1.426843e-01,2.225685e-02,-3.412121e+00,1.136610e-03,0.000000e+00,0.000000e+00,0.000000e+00,0.000000e+00,0.000000e+00,0.000000e+00,0.000000e+00,0.000000e+00,0.000000e+00,0.000000e+00,0.000000e+00,0.000000e+00,0.000000e+00,0.000000e+00,0.000000e+00,0.000000e+00,0.000000e+00,0.000000e+00,0.000000e+00,0.000000e+00,0.000000e+00,-4.462984e+06,1.600386e+04,-2.778182e+06,6.250426e-01,-2.030589e-02,-3.484687e+01,-1.143102e+00,1.405523e-02,-5.786228e-01,2.965663e-03,-1.306205e-03,3.999881e+01,-8.224303e-01,-2.234134e-02,-1.283628e-03,1.632748e-02,-1.996869e-03,-8.276349e+00,1.078277e+02,-8.718898e-01,3.870323e+03,2.473138e+05,-1.551968e+04,5.251225e+06,-8.645748e-02,2.710239e+01,-2.956177e-02,-5.343623e+00,1.628877e+04,-2.096534e+02
2.200023e-03,4.969212e+04,4.037004e+04,6.760100e-01,2.362661e-02,9.920753e+00,1.023945e-01,9.774000e-07,4.900153e+03,0.000000e+00,0.000000e+00,7.078542e+03,0.000000e+00,0.000000e+00,0.000000e+00,0.000000e+00,0.000000e+00,0.000000e+00,0.000000e+00,0.000000e+00,0.000000e+00,0.000000e+00,0.000000e+00,0.000000e+00,0.000000e+00,0.000000e+00,0.000000e+00,0.000000e+00,0.000000e+00,0.000000e+00,0.000000e+00,0.000000e+00,0.000000e+00,0.000000e+00,0.000000e+00,0.000000e+00,0.000000e+00,0.000000e+00,0.000000e+00,0.000000e+00,0.000000e+00,0.000000e+00,0.000000e+00,0.000000e+00,0.000000e+00,0.000000e+00,0.000000e+00,0.000000e+00,0.000000e+00,4.969212e+04,1.025308e+04,1.451526e-01,2.199413e-02,-3.381924e+00,1.136610e-03,0.000000e+00,0.000000e+00,0.000000e+00,0.000000e+00,0.000000e+00,0.000000e+00,0.000000e+00,0.000000e+00,0.000000e+00,0.000000e+00,0.000000e+00,0.000000e+00,0.000000e+00,0.000000e+00,0.000000e+00,0.000000e+00,0.000000e+00,0.000000e+00,0.000000e+00,0.000000e+00,0.000000e+00,-4.292926e+06,-3.566648e+04,-2.683106e+06,6.320800e-01,-2.133563e-02,-3.501352e+01,-1.158245e+00,1.430178e-02,-5.793002e-01,2.963489e-03,-1.357866e-03,4.020124e+01,-8.355731e-01,-2.268869e-02,-1.284854e-03,1.739430e-02,-2.004711e-03,-8.238248e+00,1.102793e+02,-6.566185e-01,3.920718e+03,2.486460e+05,3.613706e+04,5.056324e+06,-8.577632e-02,2.726465e+01,-2.881006e-02,-3.671168e+01,1.658734e+04,2.847118e+02
2.210774e-03,4.888054e+04,4.106396e+04,6.892157e-01,2.390697e-02,1.013757e+01,1.023945e-01,9.774000e-07,4.962432e+03,0.000000e+00,0.000000e+00,7.133248e+03,0.000000e+00,0.000000e+00,0.000000e+00,0.000000e+00,0.000000e+00,0.000000e+00,0.000000e+00,0.000000e+00,0.000000e+00,0.000000e+00,0.000000e+00,0.000000e+00,0.000000e+00,0.000000e+00,0.000000e+00,0.000000e+00,0.000000e+00,0.000000e+00,0.000000e+00,0.000000e+00,0.000000e+00,0.000000e+00,0.000000e+00,0.000000e+00,0.000000e+00,0.000000e+00,0.000000e+00,0.000000e+00,0.000000e+00,0.000000e+00,0.000000e+00,0.000000e+00,0.000000e+00,0.000000e+00,0.000000e+00,0.000000e+00,0.000000e+00,4.888054e+04,1.018629e+04,1.480426e-01,2.214440e-02,-3.349144e+00,1.136610e-03,0.000000e+00,0.000000e+00,0.000000e+00,0.000000e+00,0.000000e+00,0.000000e+00,0.000000e+00,0.000000e+00,0.000000e+00,0.000000e+00,0.000000e+00,0.000000e+00,0.000000e+00,0.000000e+00,0.000000e+00,0.000000e+00,0.000000e+00,0.000000e+00,0.000000e+00,0.000000e+00,0.000000e+00,-4.169791e+06,-1.555440e+04,-2.591426e+06,6.398314e-01,-2.179630e-02,-3.519157e+01,-1.174699e+00,1.451130e-02,-5.800453e-01,2.961147e-03,-1.413669e-03,4.041777e+01,-8.498876e-01,-2.304395e-02,-1.286186e-03,1.859543e-02,-2.012115e-03,-8.195778e+00,1.129115e+02,-6.238169e-01,3.974492e+03,2.301063e+05,1.601512e+04,4.904048e+06,-8.604743e-02,2.743769e+01,-3.083420e-02,-6.871244e+01,1.600971e+04,9.129325e+01
2.220548e-03,4.815471e+04,4.168121e+04,7.010289e-01,2.421690e-02,1.032903e+01,1.023945e-01,9.774000e-07,5.018712e+03,0.000000e+00,0.000000e+00,7.185534e+03,0.000000e+00,0.000000e+00,0.000000e+00,0.000000e+00,0.000000e+00,0.000000e+00,0.000000e+00,0.000000e+00,0.000000e+00,0.000000e+00,0.000000e+00,0.000000e+00,0.000000e+00,0.000000e+00,0.000000e+00,0.000000e+00,0.000000e+00,0.000000e+00,0.000000e+00,0.000000e+00,0.000000e+00,0.000000e+00,0.000000e+00,0.000000e+00,0.000000e+00,0.000000e+00,0.000000e+00,0.000000e+00,0.000000e+00,0.000000e+00,0.000000e+00,0.000000e+00,0.000000e+00,0.000000e+00,0.000000e+00,0.000000e+00,0.000000e+00,4.815471e+04,1.012606e+04,1.506352e-01,2.221864e-02,-3.319422e+00,1.136610e-03,0.000000e+00,0.000000e+00,0.000000e+00,0.000000e+00,0.000000e+00,0.000000e+00,0.000000e+00,0.000000e+00,0.000000e+00,0.000000e+00,0.000000e+00,0.000000e+00,0.000000e+00,0.000000e+00,0.000000e+00,0.000000e+00,0.000000e+00,0.000000e+00,0.000000e+00,0.000000e+00,0.000000e+00,-4.057136e+06,-1.254747e+04,-2.521254e+06,6.467069e-01,-2.227093e-02,-3.534804e+01,-1.189414e+00,1.473302e-02,-5.805861e-01,2.959055e-03,-1.463691e-03,4.060914e+01,-8.626499e-01,-2.342927e-02,-1.287392e-03,1.971158e-02,-2.017834e-03,-8.156676e+00,1.152750e+02,-5.996134e-01,4.021701e+03,2.250346e+05,1.299968e+04,4.771418e+06,-8.650934e-02,2.759325e+01,-3.263280e-02,-2.698492e+01,1.526035e+04,-5.313894e+01
2.230322e-03,4.743915e+04,4.228560e+04,7.125515e-01,2.458772e-02,1.051507e+01,1.023946e-01,9.774000e-07,5.073788e+03,0.000000e+00,0.000000e+00,7.241657e+03,0.000000e+00,0.000000e+00,0.000000e+00,0.000000e+00,0.000000e+00,0.000000e+00,0.000000e+00,0.000000e+00,0.000000e+00,0.000000e+00,0.000000e+00,0.000000e+00,0.000000e+00,0.000000e+00,0.000000e+00,0.000000e+00,0.000000e+00,0.000000e+00,0.000000e+00,0.000000e+00,0.000000e+00,0.000000e+00,0.000000e+00,0.000000e+00,0.000000e+00,0.000000e+00,0.000000e+00,0.000000e+00,0.000000e+00,0.000000e+00,0.000000e+00,0.000000e+00,0.000000e+00,0.000000e+00,0.000000e+00,0.000000e+00,0.000000e+00,4.743915e+04,1.006649e+04,1.533723e-01,2.224417e-02,-3.290347e+00,1.136610e-03,0.000000e+00,0.000000e+00,0.000000e+00,0.000000e+00,0.000000e+00,0.000000e+00,0.000000e+00,0.000000e+00,0.000000e+00,0.000000e+00,0.000000e+00,0.000000e+00,0.000000e+00,0.000000e+00,0.000000e+00,0.000000e+00,0.000000e+00,0.000000e+00,0.000000e+00,0.000000e+00,0.000000e+00,-3.919134e+06,-4.958845e+04,-2.442610e+06,6.536676e-01,-2.311295e-02,-3.549980e+01,-1.203932e+00,1.501211e-02,-5.811701e-01,2.956985e-03,-1.513261e-03,4.079497e+01,-8.751111e-01,-2.384041e-02,-1.288584e-03,2.085033e-02,-2.023300e-03,-8.117121e+00,1.175105e+02,-4.876152e-01,4.067485e+03,2.248409e+05,5.002955e+04,4.612522e+06,-8.664083e-02,2.774441e+01,-3.375176e-02,-4.779532e+01,1.500666e+04,3.532585e+02
2.240096e-03,4.673438e+04,4.287576e+04,7.238896e-01,2.494038e-02,1.069605e+01,1.023946e-01,9.774000e-07,5.127869e+03,0.000000e+00,0.000000e+00,7.301642e+03,0.000000e+00,0.000000e+00,0.000000e+00,0.000000e+00,0.000000e+00,0.000000e+00,0.000000e+00,0.000000e+00,0.000000e+00,0.000000e+00,0.000000e+00,0.000000e+00,0.000000e+00,0.000000e+00,0.000000e+00,0.000000e+00,0.000000e+00,0.000000e+00,0.000000e+00,0.000000e+00,0.000000e+00,0.000000e+00,0.000000e+00,0.000000e+00,0.000000e+00,0.000000e+00,0.000000e+00,0.000000e+00,0.000000e+00,0.000000e+00,0.000000e+00,0.000000e+00,0.000000e+00,0.000000e+00,0.000000e+00,0.000000e+00,0.000000e+00,4.673438e+04,1.000750e+04,1.561466e-01,2.224483e-02,-3.261532e+00,1.136610e-03,0.000000e+00,0.000000e+00,0.000000e+00,0.000000e+00,0.000000e+00,0.000000e+00,0.000000e+00,0.000000e+00,0.000000e+00,0.000000e+00,0.000000e+00,0.000000e+00,0.000000e+00,0.000000e+00,0.000000e+00,0.000000e+00,0.000000e+00,0.000000e+00,0.000000e+00,0.000000e+00,0.000000e+00,-3.772247e+06,-3.721796e+03,-2.364511e+06,6.605048e-01,-2.357381e-02,-3.564672e+01,-1.218214e+00,1.528288e-02,-5.817154e-01,2.954945e-03,-1.562746e-03,4.097573e+01,-8.873683e-01,-2.427701e-02,-1.289785e-03,2.201063e-02,-2.027643e-03,-8.077126e+00,1.197107e+02,-4.323134e-01,4.111802e+03,2.293695e+05,4.150667e+03,4.446138e+06,-8.662050e-02,2.789194e+01,-3.472224e-02,-1.362205e+01,1.497739e+04,-1.968870e+02
2.250848e-03,4.597361e+04,4.350785e+04,7.361528e-01,2.534731e-02,1.088944e+01,1.023946e-01,9.774000e-07,5.186388e+03,0.000000e+00,0.000000e+00,7.371381e+03,0.000000e+00,0.000000e+00,0.000000e+00,0.000000e+00,0.000000e+00,0.000000e+00,0.000000e+00,0.000000e+00,0.000000e+00,0.000000e+00,0.000000e+00,0.000000e+00,0.000000e+00,0.000000e+00,0.000000e+00,0.000000e+00,0.000000e+00,0.000000e+00,0.000000e+00,0.000000e+00,0.000000e+00,0.000000e+00,0.000000e+00,0.000000e+00,0.000000e+00,0.000000e+00,0.000000e+00,0.000000e+00,0.000000e+00,0.000000e+00,0.000000e+00,0.000000e+00,0.000000e+00,0.000000e+00,0.000000e+00,0.000000e+00,0.000000e+00,4.597361e+04,9.942360e+03,1.592668e-01,2.228002e-02,-3.229764e+00,1.136610e-03,0.000000e+00,0.000000e+00,0.000000e+00,0.000000e+00,0.000000e+00,0.000000e+00,0.000000e+00,0.000000e+00,0.000000e+00,0.000000e+00,0.000000e+00,0.000000e+00,0.000000e+00,0.000000e+00,0.000000e+00,0.000000e+00,0.000000e+00,0.000000e+00,0.000000e+00,0.000000e+00,0.000000e+00,-3.639338e+06,-1.504750e+04,-2.266725e+06,6.681940e-01,-2.437062e-02,-3.580279e+01,-1.233693e+00,1.566409e-02,-5.822399e-01,2.952817e-03,-1.617292e-03,4.116879e+01,-9.005895e-01,-2.472640e-02,-1.291117e-03,2.331126e-02,-2.031982e-03,-8.032640e+00,1.219827e+02,-3.271314e-01,4.158822e+03,2.099307e+05,1.546434e+04,4.282376e+06,-8.721512e-02,2.805086e+01,-3.496268e-02,-4.453273e+01,1.459881e+04,-4.406012e+00
2.260622e-03,4.529588e+04,4.406654e+04,7.470541e-01,2.566139e-02,1.105938e+01,1.023946e-01,9.774000e-07,5.238160e+03,0.000000e+00,0.000000e+00,7.438017e+03,0.000000e+00,0.000000e+00,0.000000e+00,0.000000e+00,0.000000e+00,0.000000e+00,0.000000e+00,0.000000e+00,0.000000e+00,0.000000e+00,0.000000e+00,0.000000e+00,0.000000e+00,0.000000e+00,0.000000e+00,0.000000e+00,0.000000e+00,0.000000e+00,0.000000e+00,0.000000e+00,0.000000e+00,0.000000e+00,0.000000e+00,0.000000e+00,0.000000e+00,0.000000e+00,0.000000e+00,0.000000e+00,0.000000e+00,0.000000e+00,0.000000e+00,0.000000e+00,0.000000e+00,0.000000e+00,0.000000e+00,0.000000e+00,0.000000e+00,4.529588e+04,9.883130e+03,1.621404e-01,2.236672e-02,-3.201612e+00,1.136610e-03,0.000000e+00,0.000000e+00,0.000000e+00,0.000000e+00,0.000000e+00,0.000000e+00,0.000000e+00,0.000000e+00,0.000000e+00,0.000000e+00,0.000000e+00,0.000000e+00,0.000000e+00,0.000000e+00,0.000000e+00,0.000000e+00,0.000000e+00,0.000000e+00,0.000000e+00,0.000000e+00,0.000000e+00,-3.512788e+06,2.142550e+04,-2.190398e+06,6.749695e-01,-2.489353e-02,-3.593988e+01,-1.247476e+00,1.597767e-02,-5.827187e-01,2.950954e-03,-1.667353e-03,4.133847e+01,-9.123515e-01,-2.510539e-02,-1.292335e-03,2.451457e-02,-2.034720e-03,-7.991770e+00,1.240116e+02,-2.778210e-01,4.200087e+03,2.059463e+05,-2.101947e+04,4.134625e+06,-8.767420e-02,2.819071e+01,-3.640793e-02,-6.714975e+01,1.427877e+04,-5.036193e+02
2.270396e-03,4.463212e+04,4.460818e+04,7.577699e-01,2.593482e-02,1.122430e+01,1.023947e-01,9.774000e-07,5.289921e+03,0.000000e+00,0.000000e+00,7.507909e+03,0.000000e+00,0.000000e+00,0.000000e+00,0.000000e+00,0.000000e+00,0.000000e+00,0.000000e+00,0.000000e+00,0.000000e+00,0.000000e+00,0.000000e+00,0.000000e+00,0.000000e+00,0.000000e+00,0.000000e+00,0.000000e+00,0.000000e+00,0.000000e+00,0.000000e+00,0.000000e+00,0.000000e+00,0.000000e+00,0.000000e+00,0.000000e+00,0.000000e+00,0.000000e+00,0.000000e+00,0.000000e+00,0.000000e+00,0.000000e+00,0.000000e+00,0.000000e+00,0.000000e+00,0.000000e+00,0.000000e+00,0.000000e+00,0.000000e+00,4.463212e+04,9.823488e+03,1.650301e-01,2.153570e-02,-3.173697e+00,1.136610e-03,0.000000e+00,0.000000e+00,0.000000e+00,0.000000e+00,0.000000e+00,0.000000e+00,0.000000e+00,0.000000e+00,0.000000e+00,0.000000e+00,0.000000e+00,0.000000e+00,0.000000e+00,0.000000e+00,0.000000e+00,0.000000e+00,0.000000e+00,0.000000e+00,0.000000e+00,0.000000e+00,0.000000e+00,-3.359967e+06,-3.765214e+04,-2.104749e+06,6.816269e-01,-2.652511e-02,-3.607195e+01,-1.260953e+00,1.633463e-02,-5.830449e-01,2.949225e-03,-1.718134e-03,4.150297e+01,-9.238477e-01,-2.541159e-02,-1.293406e-03,2.573739e-02,-2.036391e-03,-7.950503e+00,1.259835e+02,1.087300e-01,4.239808e+03,2.065057e+05,3.804442e+04,3.959378e+06,-8.842755e-02,2.832966e+01,-3.202282e-02,-2.314300e+01,1.434707e+04,3.774344e+02
2.280170e-03,4.398339e+04,4.513372e+04,7.682585e-01,2.615307e-02,1.138412e+01,1.023947e-01,9.774000e-07,5.339748e+03,0.000000e+00,0.000000e+00,7.580716e+03,0.000000e+00,0.000000e+00,0.000000e+00,0.000000e+00,0.000000e+00,0.000000e+00,0.000000e+00,0.000000e+00,0.000000e+00,0.000000e+00,0.000000e+00,0.000000e+00,0.000000e+00,0.000000e+00,0.000000e+00,0.000000e+00,0.000000e+00,0.000000e+00,0.000000e+00,0.000000e+00,0.000000e+00,0.000000e+00,0.000000e+00,0.000000e+00,0.000000e+00,0.000000e+00,0.000000e+00,0.000000e+00,0.000000e+00,0.000000e+00,0.000000e+00,0.000000e+00,0.000000e+00,0.000000e+00,0.000000e+00,0.000000e+00,0.000000e+00,4.398339e+04,9.762979e+03,1.680371e-01,2.148045e-02,-3.146158e+00,1.136610e-03,0.000000e+00,0.000000e+00,0.000000e+00,0.000000e+00,0.000000e+00,0.000000e+00,0.000000e+00,0.000000e+00,0.000000e+00,0.000000e+00,0.000000e+00,0.000000e+00,0.000000e+00,0.000000e+00,0.000000e+00,0.000000e+00,0.000000e+00,0.000000e+00,0.000000e+00,0.000000e+00,0.000000e+00,-3.270356e+06,1.259496e+04,-2.029568e+06,6.884088e-01,-2.708537e-02,-3.619982e+01,-1.274259e+00,1.667587e-02,-5.834334e-01,2.947476e-03,-1.770644e-03,4.166271e+01,-9.351327e-01,-2.570732e-02,-1.294351e-03,2.697884e-02,-2.034788e-03,-7.908856e+00,1.278417e+02,1.762531e-01,4.278198e+03,1.854201e+05,-1.221090e+04,3.844478e+06,-8.938129e-02,2.846322e+01,-3.301135e-02,-4.284808e+01,1.348648e+04,-6.322817e+02
2.290921e-03,4.328871e+04,4.568915e+04,7.796104e-01,2.641123e-02,1.155479e+01,1.023948e-01,9.774000e-07,5.394685e+03,0.000000e+00,0.000000e+00,7.664590e+03,0.000000e+00,0.000000e+00,0.000000e+00,0.000000e+00,0.000000e+00,0.000000e+00,0.000000e+00,0.000000e+00,0.000000e+00,0.000000e+00,0.000000e+00,0.000000e+00,0.000000e+00,0.000000e+00,0.000000e+00,0.000000e+00,0.000000e+00,0.000000e+00,0.000000e+00,0.000000e+00,0.000000e+00,0.000000e+00,0.000000e+00,0.000000e+00,0.000000e+00,0.000000e+00,0.000000e+00,0.000000e+00,0.000000e+00,0.000000e+00,0.000000e+00,0.000000e+00,0.000000e+00,0.000000e+00,0.000000e+00,0.000000e+00,0.000000e+00,4.328871e+04,9.694954e+03,1.714800e-01,2.115976e-02,-3.115285e+00,1.136610e-03,0.000000e+00,0.000000e+00,0.000000e+00,0.000000e+00,0.000000e+00,0.000000e+00,0.000000e+00,0.000000e+00,0.000000e+00,0.000000e+00,0.000000e+00,0.000000e+00,0.000000e+00,0.000000e+00,0.000000e+00,0.000000e+00,0.000000e+00,0.000000e+00,0.000000e+00,0.000000e+00,0.000000e+00,-3.137862e+06,-7.248282e+04,-1.933978e+06,6.957378e-01,-2.824487e-02,-3.633479e+01,-1.288560e+00,1.709096e-02,-5.836235e-01,2.945652e-03,-1.831715e-03,4.183303e+01,-9.472959e-01,-2.596005e-02,-1.295385e-03,2.836507e-02,-2.032609e-03,-7.862620e+00,1.298236e+02,3.539899e-01,4.318620e+03,1.673551e+05,7.285410e+04,3.682172e+06,-9.011921e-02,2.860935e+01,-3.172804e-02,-2.604044e+02,1.337330e+04,1.104651e+03
2.300695e-03,4.267460e+04,4.617652e+04,7.895581e-01,2.655278e-02,1.170399e+01,1.023948e-01,9.774000e-07,5.443268e+03,0.000000e+00,0.000000e+00,7.742002e+03,0.000000e+00,0.000000e+00,0.000000e+00,0.000000e+00,0.000000e+00,0.000000e+00,0.000000e+00,0.000000e+00,0.000000e+00,0.000000e+00,0.000000e+00,0.000000e+00,0.000000e+00,0.000000e+00,0.000000e+00,0.000000e+00,0.000000e+00,0.000000e+00,0.000000e+00,0.000000e+00,0.000000e+00,0.000000e+00,0.000000e+00,0.000000e+00,0.000000e+00,0.000000e+00,0.000000e+00,0.000000e+00,0.000000e+00,0.000000e+00,0.000000e+00,0.000000e+00,0.000000e+00,0.000000e+00,0.000000e+00,0.000000e+00,0.000000e+00,4.267460e+04,9.632413e+03,1.745629e-01,2.054737e-02,-3.088261e+00,1.136610e-03,0.000000e+00,0.000000e+00,0.000000e+00,0.000000e+00,0.000000e+00,0.000000e+00,0.000000e+00,0.000000e+00,0.000000e+00,0.000000e+00,0.000000e+00,0.000000e+00,0.000000e+00,0.000000e+00,0.000000e+00,0.000000e+00,0.000000e+00,0.000000e+00,0.000000e+00,0.000000e+00,0.000000e+00,-2.986261e+06,-2.356781e+03,-1.855945e+06,7.024103e-01,-2.921323e-02,-3.645292e+01,-1.301380e+00,1.741712e-02,-5.838756e-01,2.944060e-03,-1.891754e-03,4.198198e+01,-9.579981e-01,-2.615369e-02,-1.296384e-03,2.964296e-02,-2.027520e-03,-7.820219e+00,1.315026e+02,6.040330e-01,4.354017e+03,1.737219e+05,2.714011e+03,3.511710e+06,-9.134762e-02,2.873789e+01,-2.950639e-02,-2.382143e+02,1.343574e+04,1.374496e+02
2.310469e-03,4.207705e+04,4.664549e+04,7.991964e-01,2.673832e-02,1.184861e+01,1.023949e-01,9.774000e-07,5.491514e+03,0.000000e+00,0.000000e+00,7.821361e+03,0.000000e+00,0.000000e+00,0.000000e+00,0.000000e+00,0.000000e+00,0.000000e+00,0.000000e+00,0.000000e+00,0.000000e+00,0.000000e+00,0.000000e+00,0.000000e+00,0.000000e+00,0.000000e+00,0.000000e+00,0.000000e+00,0.000000e+00,0.000000e+00,0.000000e+00,0.000000e+00,0.000000e+00,0.000000e+00,0.000000e+00,0.000000e+00,0.000000e+00,0.000000e+00,0.000000e+00,0.000000e+00,0.000000e+00,0.000000e+00,0.000000e+00,0.000000e+00,0.000000e+00,0.000000e+00,0.000000e+00,0.000000e+00,0.000000e+00,4.207705e+04,9.569412e+03,1.775154e-01,1.997422e-02,-3.061078e+00,1.136610e-03,0.000000e+00,0.000000e+00,0.000000e+00,0.000000e+00,0.000000e+00,0.000000e+00,0.000000e+00,0.000000e+00,0.000000e+00,0.000000e+00,0.000000e+00,0.000000e+00,0.000000e+00,0.000000e+00,0.000000e+00,0.000000e+00,0.000000e+00,0.000000e+00,0.000000e+00,0.000000e+00,0.000000e+00,-2.886628e+06,1.017570e+03,-1.791480e+06,7.089855e-01,-3.041287e-02,-3.656647e+01,-1.314070e+00,1.776513e-02,-5.841445e-01,2.942538e-03,-1.958008e-03,4.212640e+01,-9.683999e-01,-2.634938e-02,-1.297447e-03,3.093713e-02,-2.019417e-03,-7.777480e+00,1.331668e+02,8.978406e-01,4.387923e+03,1.666564e+05,-6.694104e+02,3.393266e+06,-9.127777e-02,2.886533e+01,-2.610731e-02,-2.840277e+01,1.276444e+04,6.963480e+00
2.320243e-03,4.149677e+04,4.709510e+04,8.087772e-01,2.686205e-02,1.198810e+01,1.023950e-01,9.774000e-07,5.539343e+03,0.000000e+00,0.000000e+00,7.903493e+03,0.000000e+00,0.000000e+00,0.000000e+00,0.000000e+00,0.000000e+00,0.000000e+00,0.000000e+00,0.000000e+00,0.000000e+00,0.000000e+00,0.000000e+00,0.000000e+00,0.000000e+00,0.000000e+00,0.000000e+00,0.000000e+00,0.000000e+00,0.000000e+00,0.000000e+00,0.000000e+00,0.000000e+00,0.000000e+00,0.000000e+00,0.000000e+00,0.000000e+00,0.000000e+00,0.000000e+00,0.000000e+00,0.000000e+00,0.000000e+00,0.000000e+00,0.000000e+00,0.000000e+00,0.000000e+00,0.000000e+00,0.000000e+00,0.000000e+00,4.149677e+04,9.506081e+03,1.810612e-01,1.901521e-02,-3.034268e+00,1.136610e-03,0.000000e+00,0.000000e+00,0.000000e+00,0.000000e+00,0.000000e+00,0.000000e+00,0.000000e+00,0.000000e+00,0.000000e+00,0.000000e+00,0.000000e+00,0.000000e+00,0.000000e+00,0.000000e+00,0.000000e+00,0.000000e+00,0.000000e+00,0.000000e+00,0.000000e+00,0.000000e+00,0.000000e+00,-2.773197e+06,-1.278007e+05,-1.696159e+06,7.159370e-01,-3.205778e-02,-3.667566e+01,-1.326370e+00,1.805414e-02,-5.841658e-01,2.941100e-03,-2.006321e-03,4.226558e+01,-9.786745e-01,-2.648196e-02,-1.298807e-03,3.224657e-02,-2.008859e-03,-7.734416e+00,1.345924e+02,1.231639e+00,4.420396e+03,1.392290e+05,1.281368e+05,3.247784e+06,-9.145595e-02,2.899081e+01,-2.242344e-02,-9.436336e+01,1.272542e+04,1.785489e+03
2.330017e-03,4.093543e+04,4.752513e+04,8.179865e-01,2.697646e-02,1.212243e+01,1.023952e-01,9.774000e-07,5.586873e+03,0.000000e+00,0.000000e+00,7.987368e+03,0.000000e+00,0.000000e+00,0.000000e+00,0.000000e+00,0.000000e+00,0.000000e+00,0.000000e+00,0.000000e+00,0.000000e+00,0.000000e+00,0.000000e+00,0.000000e+00,0.000000e+00,0.000000e+00,0.000000e+00,0.000000e+00,0.000000e+00,0.000000e+00,0.000000e+00,0.000000e+00,0.000000e+00,0.000000e+00,0.000000e+00,0.000000e+00,0.000000e+00,0.000000e+00,0.000000e+00,0.000000e+00,0.000000e+00,0.000000e+00,0.000000e+00,0.000000e+00,0.000000e+00,0.000000e+00,0.000000e+00,0.000000e+00,0.000000e+00,4.093543e+04,9.441353e+03,1.847351e-01,1.812281e-02,-3.007789e+00,1.136609e-03,0.000000e+00,0.000000e+00,0.000000e+00,0.000000e+00,0.000000e+00,0.000000e+00,0.000000e+00,0.000000e+00,0.000000e+00,0.000000e+00,0.000000e+00,0.000000e+00,0.000000e+00,0.000000e+00,0.000000e+00,0.000000e+00,0.000000e+00,0.000000e+00,0.000000e+00,0.000000e+00,0.000000e+00,-2.644534e+06,-9.733222e+04,-1.617341e+06,7.229061e-01,-3.349508e-02,-3.678071e+01,-1.338250e+00,1.830831e-02,-5.840576e-01,2.939709e-03,-2.058449e-03,4.239995e+01,-9.886819e-01,-2.660381e-02,-1.300236e-03,3.356960e-02,-1.994311e-03,-7.691043e+00,1.359357e+02,1.669145e+00,4.451559e+03,1.335405e+05,9.765542e+04,3.097008e+06,-9.238254e-02,2.911504e+01,-1.680377e-02,3.729102e+01,1.253808e+04,1.194856e+03
2.340769e-03,4.034004e+04,4.797901e+04,8.279006e-01,2.701562e-02,1.226487e+01,1.023952e-01,9.774000e-07,5.637195e+03,0.000000e+00,0.000000e+00,8.077885e+03,0.000000e+00,0.000000e+00,0.000000e+00,0.000000e+00,0.000000e+00,0.000000e+00,0.000000e+00,0.000000e+00,0.000000e+00,0.000000e+00,0.000000e+00,0.000000e+00,0.000000e+00,0.000000e+00,0.000000e+00,0.000000e+00,0.000000e+00,0.000000e+00,0.000000e+00,0.000000e+00,0.000000e+00,0.000000e+00,0.000000e+00,0.000000e+00,0.000000e+00,0.000000e+00,0.000000e+00,0.000000e+00,0.000000e+00,0.000000e+00,0.000000e+00,0.000000e+00,0.000000e+00,0.000000e+00,0.000000e+00,0.000000e+00,0.000000e+00,4.034004e+04,9.370990e+03,1.884292e-01,1.733905e-02,-2.979123e+00,1.136610e-03,0.000000e+00,0.000000e+00,0.000000e+00,0.000000e+00,0.000000e+00,0.000000e+00,0.000000e+00,0.000000e+00,0.000000e+00,0.000000e+00,0.000000e+00,0.000000e+00,0.000000e+00,0.000000e+00,0.000000e+00,0.000000e+00,0.000000e+00,0.000000e+00,0.000000e+00,0.000000e+00,0.000000e+00,-2.538053e+06,-3.363756e+04,-1.558387e+06,7.300847e-01,-3.459798e-02,-3.689082e+01,-1.351045e+00,1.858707e-02,-5.837323e-01,2.938303e-03,-2.120665e-03,4.254223e+01,-9.993414e-01,-2.669648e-02,-1.301935e-03,3.503986e-02,-1.973700e-03,-7.642990e+00,1.374438e+02,1.991595e+00,4.484164e+03,1.344928e+05,3.395098e+04,2.975260e+06,-9.237521e-02,2.924604e+01,-1.351631e-02,2.709850e+02,1.225707e+04,-2.308392e+01
2.350543e-03,3.982028e+04,4.837132e+04,8.366914e-01,2.703345e-02,1.238937e+01,1.023954e-01,9.774000e-07,5.682688e+03,0.000000e+00,0.000000e+00,8.159638e+03,0.000000e+00,0.000000e+00,0.000000e+00,0.000000e+00,0.000000e+00,0.000000e+00,0.000000e+00,0.000000e+00,0.000000e+00,0.000000e+00,0.000000e+00,0.000000e+00,0.000000e+00,0.000000e+00,0.000000e+00,0.000000e+00,0.000000e+00,0.000000e+00,0.000000e+00,0.000000e+00,0.000000e+00,0.000000e+00,0.000000e+00,0.000000e+00,0.000000e+00,0.000000e+00,0.000000e+00,0.000000e+00,0.000000e+00,0.000000e+00,0.000000e+00,0.000000e+00,0.000000e+00,0.000000e+00,0.000000e+00,0.000000e+00,0.000000e+00,3.982028e+04,9.306090e+03,1.919816e-01,1.679720e-02,-2.953055e+00,1.136610e-03,0.000000e+00,0.000000e+00,0.000000e+00,0.000000e+00,0.000000e+00,0.000000e+00,0.000000e+00,0.000000e+00,0.000000e+00,0.000000e+00,0.000000e+00,0.000000e+00,0.000000e+00,0.000000e+00,0.000000e+00,0.000000e+00,0.000000e+00,0.000000e+00,0.000000e+00,0.000000e+00,0.000000e+00,-2.449518e+06,-6.244595e+04,-1.504653e+06,7.368071e-01,-3.521454e-02,-3.698690e+01,-1.362256e+00,1.882348e-02,-5.835778e-01,2.937045e-03,-2.182907e-03,4.266681e+01,-1.008876e+00,-2.680779e-02,-1.303650e-03,3.639010e-02,-1.952694e-03,-7.599009e+00,1.386773e+02,2.080532e+00,4.512450e+03,1.311728e+05,6.275108e+04,2.871738e+06,-9.329579e-02,2.936420e+01,-1.218512e-02,-2.699178e+02,1.151161e+04,9.697342e+02
2.360317e-03,3.932032e+04,4.874674e+04,8.451862e-01,2.709539e-02,1.250916e+01,1.023956e-01,9.774000e-07,5.727033e+03,0.000000e+00,0.000000e+00,8.240164e+03,0.000000e+00,0.000000e+00,0.000000e+00,0.000000e+00,0.000000e+00,0.000000e+00,0.000000e+00,0.000000e+00,0.000000e+00,0.000000e+00,0.000000e+00,0.000000e+00,0.000000e+00,0.000000e+00,0.000000e+00,0.000000e+00,0.000000e+00,0.000000e+00,0.000000e+00,0.000000e+00,0.000000e+00,0.000000e+00,0.000000e+00,0.000000e+00,0.000000e+00,0.000000e+00,0.000000e+00,0.000000e+00,0.000000e+00,0.000000e+00,0.000000e+00,0.000000e+00,0.000000e+00,0.000000e+00,0.000000e+00,0.000000e+00,0.000000e+00,3.932032e+04,9.242115e+03,1.954079e-01,1.588392e-02,-2.927547e+00,1.136610e-03,0.000000e+00,0.000000e+00,0.000000e+00,0.000000e+00,0.000000e+00,0.000000e+00,0.000000e+00,0.000000e+00,0.000000e+00,0.000000e+00,0.000000e+00,0.000000e+00,0.000000e+00,0.000000e+00,0.000000e+00,0.000000e+00,0.000000e+00,0.000000e+00,0.000000e+00,0.000000e+00,0.000000e+00,-2.273934e+06,1.422601e+05,-1.348340e+06,7.434559e-01,-3.629350e-02,-3.707857e+01,-1.373191e+00,1.903830e-02,-5.832367e-01,2.935777e-03,-2.251312e-03,4.278662e+01,-1.018196e+00,-2.677835e-02,-1.305550e-03,3.775222e-02,-1.928121e-03,-7.554757e+00,1.398969e+02,2.589942e+00,4.539478e+03,8.012658e+04,-1.419771e+05,2.642434e+06,-9.499805e-02,2.947823e+01,-4.395435e-03,-2.731498e+02,1.221999e+04,-1.877464e+03
2.370091e-03,3.883967e+04,4.910564e+04,8.536305e-01,2.702936e-02,1.262496e+01,1.023956e-01,9.774000e-07,5.770860e+03,0.000000e+00,0.000000e+00,8.317254e+03,0.000000e+00,0.000000e+00,0.000000e+00,0.000000e+00,0.000000e+00,0.000000e+00,0.000000e+00,0.000000e+00,0.000000e+00,0.000000e+00,0.000000e+00,0.000000e+00,0.000000e+00,0.000000e+00,0.000000e+00,0.000000e+00,0.000000e+00,0.000000e+00,0.000000e+00,0.000000e+00,0.000000e+00,0.000000e+00,0.000000e+00,0.000000e+00,0.000000e+00,0.000000e+00,0.000000e+00,0.000000e+00,0.000000e+00,0.000000e+00,0.000000e+00,0.000000e+00,0.000000e+00,0.000000e+00,0.000000e+00,0.000000e+00,0.000000e+00,3.883967e+04,9.180025e+03,1.991099e-01,1.570969e-02,-2.901945e+00,1.136610e-03,0.000000e+00,0.000000e+00,0.000000e+00,0.000000e+00,0.000000e+00,0.000000e+00,0.000000e+00,0.000000e+00,0.000000e+00,0.000000e+00,0.000000e+00,0.000000e+00,0.000000e+00,0.000000e+00,0.000000e+00,0.000000e+00,0.000000e+00,0.000000e+00,0.000000e+00,0.000000e+00,0.000000e+00,-2.186051e+06,-1.731875e+04,-1.325296e+06,7.500179e-01,-3.669956e-02,-3.716597e+01,-1.383726e+00,1.924711e-02,-5.827252e-01,2.934626e-03,-2.327024e-03,4.290221e+01,-1.027305e+00,-2.681442e-02,-1.307656e-03,3.912503e-02,-1.905318e-03,-7.510249e+00,1.409567e+02,2.487404e+00,4.565114e+03,1.032067e+05,1.759487e+04,2.554323e+06,-9.688192e-02,2.959124e+01,-5.807652e-03,-1.186650e+02,1.137111e+04,9.298981e+01
2.380842e-03,3.833477e+04,4.947753e+04,8.627238e-01,2.691844e-02,1.274751e+01,1.023960e-01,9.774000e-07,5.819101e+03,0.000000e+00,0.000000e+00,8.401840e+03,0.000000e+00,0.000000e+00,0.000000e+00,0.000000e+00,0.000000e+00,0.000000e+00,0.000000e+00,0.000000e+00,0.000000e+00,0.000000e+00,0.000000e+00,0.000000e+00,0.000000e+00,0.000000e+00,0.000000e+00,0.000000e+00,0.000000e+00,0.000000e+00,0.000000e+00,0.000000e+00,0.000000e+00,0.000000e+00,0.000000e+00,0.000000e+00,0.000000e+00,0.000000e+00,0.000000e+00,0.000000e+00,0.000000e+00,0.000000e+00,0.000000e+00,0.000000e+00,0.000000e+00,0.000000e+00,0.000000e+00,0.000000e+00,0.000000e+00,3.833477e+04,9.110812e+03,2.032743e-01,1.436363e-02,-2.873786e+00,1.136610e-03,0.000000e+00,0.000000e+00,0.000000e+00,0.000000e+00,0.000000e+00,0.000000e+00,0.000000e+00,0.000000e+00,0.000000e+00,0.000000e+00,0.000000e+00,0.000000e+00,0.000000e+00,0.000000e+00,0.000000e+00,0.000000e+00,0.000000e+00,0.000000e+00,0.000000e+00,0.000000e+00,0.000000e+00,-2.092563e+06,-4.093380e+04,-1.270518e+06,7.573975e-01,-3.848806e-02,-3.725788e+01,-1.395040e+00,1.943631e-02,-5.821826e-01,2.933419e-03,-2.419968e-03,4.302457e+01,-1.037126e+00,-2.672037e-02,-1.310264e-03,4.064663e-02,-1.875625e-03,-7.461009e+00,1.419733e+02,3.006074e+00,4.591891e+03,1.012348e+05,4.120077e+04,2.445970e+06,-9.693179e-02,2.971471e+01,1.880222e-04,2.740493e+02,1.133208e+04,5.060053e+02
2.390616e-03,3.789758e+04,4.979582e+04,8.707319e-01,2.683022e-02,1.285428e+01,1.023961e-01,9.774000e-07,5.862066e+03,0.000000e+00,0.000000e+00,8.477130e+03,0.000000e+00,0.000000e+00,0.000000e+00,0.000000e+00,0.000000e+00,0.000000e+00,0.000000e+00,0.000000e+00,0.000000e+00,0.000000e+00,0.000000e+00,0.000000e+00,0.000000e+00,0.000000e+00,0.000000e+00,0.000000e+00,0.000000e+00,0.000000e+00,0.000000e+00,0.000000e+00,0.000000e+00,0.000000e+00,0.000000e+00,0.000000e+00,0.000000e+00,0.000000e+00,0.000000e+00,0.000000e+00,0.000000e+00,0.000000e+00,0.000000e+00,0.000000e+00,0.000000e+00,0.000000e+00,0.000000e+00,0.000000e+00,0.000000e+00,3.789758e+04,9.047431e+03,2.071285e-01,1.422608e-02,-2.848502e+00,1.136610e-03,0.000000e+00,0.000000e+00,0.000000e+00,0.000000e+00,0.000000e+00,0.000000e+00,0.000000e+00,0.000000e+00,0.000000e+00,0.000000e+00,0.000000e+00,0.000000e+00,0.000000e+00,0.000000e+00,0.000000e+00,0.000000e+00,0.000000e+00,0.000000e+00,0.000000e+00,0.000000e+00,0.000000e+00,-1.971193e+06,2.058038e+04,-1.205380e+06,7.639817e-01,-3.880606e-02,-3.733711e+01,-1.405121e+00,1.963355e-02,-5.815922e-01,2.932344e-03,-2.514312e-03,4.313115e+01,-1.045855e+00,-2.671689e-02,-1.312959e-03,4.203906e-02,-1.845706e-03,-7.416003e+00,1.428591e+02,3.116324e+00,4.614987e+03,1.035239e+05,-2.032626e+04,2.308211e+06,-9.962640e-02,2.982448e+01,3.154121e-03,-2.156506e+01,1.080714e+04,-6.325305e+02
2.400390e-03,3.748020e+04,5.009536e+04,8.786677e-01,2.668960e-02,1.295683e+01,1.023962e-01,9.774000e-07,5.904953e+03,0.000000e+00,0.000000e+00,8.551297e+03,0.000000e+00,0.000000e+00,0.000000e+00,0.000000e+00,0.000000e+00,0.000000e+00,0.000000e+00,0.000000e+00,0.000000e+00,0.000000e+00,0.000000e+00,0.000000e+00,0.000000e+00,0.000000e+00,0.000000e+00,0.000000e+00,0.000000e+00,0.000000e+00,0.000000e+00,0.000000e+00,0.000000e+00,0.000000e+00,0.000000e+00,0.000000e+00,0.000000e+00,0.000000e+00,0.000000e+00,0.000000e+00,0.000000e+00,0.000000e+00,0.000000e+00,0.000000e+00,0.000000e+00,0.000000e+00,0.000000e+00,0.000000e+00,0.000000e+00,3.748020e+04,8.984136e+03,2.111716e-01,1.359989e-02,-2.823378e+00,1.136610e-03,0.000000e+00,0.000000e+00,0.000000e+00,0.000000e+00,0.000000e+00,0.000000e+00,0.000000e+00,0.000000e+00,0.000000e+00,0.000000e+00,0.000000e+00,0.000000e+00,0.000000e+00,0.000000e+00,0.000000e+00,0.000000e+00,0.000000e+00,0.000000e+00,0.000000e+00,0.000000e+00,0.000000e+00,-1.867416e+06,5.792055e+03,-1.117046e+06,7.707809e-01,-3.958018e-02,-3.741229e+01,-1.415069e+00,1.981894e-02,-5.809605e-01,2.917654e-03,-2.617621e-03,4.323357e+01,-1.054440e+00,-2.671002e-02,-1.321176e-03,4.343974e-02,-1.815076e-03,-7.370778e+00,1.436200e+02,3.312515e+00,4.636779e+03,7.692684e+04,-5.550533e+03,2.174654e+06,-1.004666e-01,2.993331e+01,6.370593e-03,9.565162e+01,1.097887e+04,-1.603640e+02
2.410164e-03,3.708269e+04,5.037724e+04,8.864951e-01,2.658493e-02,1.305574e+01,1.023962e-01,9.774000e-07,5.947333e+03,0.000000e+00,0.000000e+00,8.623805e+03,0.000000e+00,0.000000e+00,0.000000e+00,0.000000e+00,0.000000e+00,0.000000e+00,0.000000e+00,0.000000e+00,0.000000e+00,0.000000e+00,0.000000e+00,0.000000e+00,0.000000e+00,0.000000e+00,0.000000e+00,0.000000e+00,0.000000e+00,0.000000e+00,0.000000e+00,0.000000e+00,0.000000e+00,0.000000e+00,0.000000e+00,0.000000e+00,0.000000e+00,0.000000e+00,0.000000e+00,0.000000e+00,0.000000e+00,0.000000e+00,0.000000e+00,0.000000e+00,0.000000e+00,0.000000e+00,0.000000e+00,0.000000e+00,0.000000e+00,3.708269e+04,8.920288e+03,2.151825e-01,1.344812e-02,-2.798300e+00,1.136610e-03,0.000000e+00,0.000000e+00,0.000000e+00,0.000000e+00,0.000000e+00,0.000000e+00,0.000000e+00,0.000000e+00,0.000000e+00,0.000000e+00,0.000000e+00,0.000000e+00,0.000000e+00,0.000000e+00,0.000000e+00,0.000000e+00,0.000000e+00,0.000000e+00,0.000000e+00,0.000000e+00,0.000000e+00,-1.771568e+06,4.070125e+04,-1.044190e+06,7.775256e-01,-3.960222e-02,-3.748406e+01,-1.424821e+00,1.996741e-02,-5.802891e-01,2.924200e-03,-2.726718e-03,4.333228e+01,-1.062820e+00,-2.666445e-02,-1.325063e-03,4.484757e-02,-1.781763e-03,-7.325345e+00,1.443394e+02,3.303485e+00,4.657514e+03,5.998688e+04,-4.047098e+04,2.055531e+06,-1.027456e-01,3.004062e+01,6.949805e-03,-5.628642e+02,1.084812e+04,-1.671169e+02
2.420916e-03,3.666962e+04,5.066710e+04,8.949086e-01,2.660923e-02,1.315924e+01,1.023963e-01,9.774000e-07,5.993365e+03,0.000000e+00,0.000000e+00,8.700204e+03,0.000000e+00,0.000000e+00,0.000000e+00,0.000000e+00,0.000000e+00,0.000000e+00,0.000000e+00,0.000000e+00,0.000000e+00,0.000000e+00,0.000000e+00,0.000000e+00,0.000000e+00,0.000000e+00,0.000000e+00,0.000000e+00,0.000000e+00,0.000000e+00,0.000000e+00,0.000000e+00,0.000000e+00,0.000000e+00,0.000000e+00,0.000000e+00,0.000000e+00,0.000000e+00,0.000000e+00,0.000000e+00,0.000000e+00,0.000000e+00,0.000000e+00,0.000000e+00,0.000000e+00,0.000000e+00,0.000000e+00,0.000000e+00,0.000000e+00,3.666962e+04,8.849650e+03,2.196674e-01,1.312755e-02,-2.771351e+00,1.136610e-03,0.000000e+00,0.000000e+00,0.000000e+00,0.000000e+00,0.000000e+00,0.000000e+00,0.000000e+00,0.000000e+00,0.000000e+00,0.000000e+00,0.000000e+00,0.000000e+00,0.000000e+00,0.000000e+00,0.000000e+00,0.000000e+00,0.000000e+00,0.000000e+00,0.000000e+00,0.000000e+00,0.000000e+00,-1.658395e+06,-5.857641e+04,-9.764307e+05,7.848445e-01,-4.025627e-02,-3.755871e+01,-1.435399e+00,2.013674e-02,-5.795445e-01,2.919160e-03,-2.871712e-03,4.343559e+01,-1.071849e+00,-2.676260e-02,-1.325528e-03,4.640394e-02,-1.745517e-03,-7.275143e+00,1.450759e+02,3.380608e+00,4.679018e+03,5.585458e+04,5.879407e+04,1.923680e+06,-1.052337e-01,3.015667e+01,8.866835e-03,1.588603e+01,1.082665e+04,9.328701e+02
2.430690e-03,3.631423e+04,5.091220e+04,9.023648e-01,2.660124e-02,1.324937e+01,1.023964e-01,9.774000e-07,6.034805e+03,0.000000e+00,0.000000e+00,8.768395e+03,0.000000e+00,0.000000e+00,0.000000e+00,0.000000e+00,0.000000e+00,0.000000e+00,0.000000e+00,0.000000e+00,0.000000e+00,0.000000e+00,0.000000e+00,0.000000e+00,0.000000e+00,0.000000e+00,0.000000e+00,0.000000e+00,0.000000e+00,0.000000e+00,0.000000e+00,0.000000e+00,0.000000e+00,0.000000e+00,0.000000e+00,0.000000e+00,0.000000e+00,0.000000e+00,0.000000e+00,0.000000e+00,0.000000e+00,0.000000e+00,0.000000e+00,0.000000e+00,0.000000e+00,0.000000e+00,0.000000e+00,0.000000e+00,0.000000e+00,3.631423e+04,8.784821e+03,2.238589e-01,1.266975e-02,-2.747230e+00,1.136610e-03,0.000000e+00,0.000000e+00,0.000000e+00,0.000000e+00,0.000000e+00,0.000000e+00,0.000000e+00,0.000000e+00,0.000000e+00,0.000000e+00,0.000000e+00,0.000000e+00,0.000000e+00,0.000000e+00,0.000000e+00,0.000000e+00,0.000000e+00,0.000000e+00,0.000000e+00,0.000000e+00,0.000000e+00,-1.575488e+06,-1.249290e+04,-9.054513e+05,7.916038e-01,-4.054532e-02,-3.762305e+01,-1.444746e+00,2.028219e-02,-5.785455e-01,2.914797e-03,-3.017568e-03,4.352558e+01,-1.079839e+00,-2.685708e-02,-1.325173e-03,4.782514e-02,-1.711826e-03,-7.229310e+00,1.456562e+02,3.473717e+00,4.697423e+03,3.418010e+04,1.270028e+04,1.816819e+06,-1.073078e-01,3.026082e+01,1.105831e-02,-1.815765e+02,1.071152e+04,5.602419e+01
2.440464e-03,3.597934e+04,5.114007e+04,9.095961e-01,2.660412e-02,1.333593e+01,1.023965e-01,9.774000e-07,6.075845e+03,0.000000e+00,0.000000e+00,8.833735e+03,0.000000e+00,0.000000e+00,0.000000e+00,0.000000e+00,0.000000e+00,0.000000e+00,0.000000e+00,0.000000e+00,0.000000e+00,0.000000e+00,0.000000e+00,0.000000e+00,0.000000e+00,0.000000e+00,0.000000e+00,0.000000e+00,0.000000e+00,0.000000e+00,0.000000e+00,0.000000e+00,0.000000e+00,0.000000e+00,0.000000e+00,0.000000e+00,0.000000e+00,0.000000e+00,0.000000e+00,0.000000e+00,0.000000e+00,0.000000e+00,0.000000e+00,0.000000e+00,0.000000e+00,0.000000e+00,0.000000e+00,0.000000e+00,0.000000e+00,3.597934e+04,8.719353e+03,2.280051e-01,1.251109e-02,-2.723160e+00,1.136610e-03,0.000000e+00,0.000000e+00,0.000000e+00,0.000000e+00,0.000000e+00,0.000000e+00,0.000000e+00,0.000000e+00,0.000000e+00,0.000000e+00,0.000000e+00,0.000000e+00,0.000000e+00,0.000000e+00,0.000000e+00,0.000000e+00,0.000000e+00,0.000000e+00,0.000000e+00,0.000000e+00,0.000000e+00,-1.486335e+06,1.736811e+04,-8.618389e+05,7.983670e-01,-4.100352e-02,-3.768397e+01,-1.453921e+00,2.041295e-02,-5.775831e-01,2.910714e-03,-3.171553e-03,4.361196e+01,-1.087553e+00,-2.698930e-02,-1.324165e-03,4.925145e-02,-1.676915e-03,-7.183303e+00,1.461543e+02,3.638051e+00,4.714761e+03,3.943652e+04,-1.717019e+04,1.717675e+06,-1.093834e-01,3.036368e+01,1.533250e-02,-2.516382e+02,1.045393e+04,-3.874403e+02
2.450238e-03,3.566409e+04,5.135096e+04,9.166166e-01,2.668994e-02,1.341829e+01,1.023966e-01,9.774000e-07,6.116385e+03,0.000000e+00,0.000000e+00,8.897155e+03,0.000000e+00,0.000000e+00,0.000000e+00,0.000000e+00,0.000000e+00,0.000000e+00,0.000000e+00,0.000000e+00,0.000000e+00,0.000000e+00,0.000000e+00,0.000000e+00,0.000000e+00,0.000000e+00,0.000000e+00,0.000000e+00,0.000000e+00,0.000000e+00,0.000000e+00,0.000000e+00,0.000000e+00,0.000000e+00,0.000000e+00,0.000000e+00,0.000000e+00,0.000000e+00,0.000000e+00,0.000000e+00,0.000000e+00,0.000000e+00,0.000000e+00,0.000000e+00,0.000000e+00,0.000000e+00,0.000000e+00,0.000000e+00,0.000000e+00,3.566409e+04,8.653328e+03,2.321830e-01,1.280929e-02,-2.699705e+00,1.136610e-03,0.000000e+00,0.000000e+00,0.000000e+00,0.000000e+00,0.000000e+00,0.000000e+00,0.000000e+00,0.000000e+00,0.000000e+00,0.000000e+00,0.000000e+00,0.000000e+00,0.000000e+00,0.000000e+00,0.000000e+00,0.000000e+00,0.000000e+00,0.000000e+00,0.000000e+00,0.000000e+00,0.000000e+00,-1.391152e+06,-4.041474e+04,-8.306912e+05,8.050228e-01,-4.085268e-02,-3.774150e+01,-1.462888e+00,2.052296e-02,-5.765924e-01,2.907307e-03,-3.284593e-03,4.369428e+01,-1.095067e+00,-2.717514e-02,-1.324046e-03,5.068203e-02,-1.642460e-03,-7.137133e+00,1.466037e+02,3.475469e+00,4.731081e+03,5.846319e+04,4.060317e+04,1.619234e+06,-1.118774e-01,3.046501e+01,1.365237e-02,-1.334915e+02,1.007925e+04,3.117977e+02
2.460012e-03,3.536738e+04,5.154601e+04,9.234093e-01,2.688560e-02,1.349760e+01,1.023967e-01,9.774000e-07,6.156167e+03,0.000000e+00,0.000000e+00,8.958449e+03,0.000000e+00,0.000000e+00,0.000000e+00,0.000000e+00,0.000000e+00,0.000000e+00,0.000000e+00,0.000000e+00,0.000000e+00,0.000000e+00,0.000000e+00,0.000000e+00,0.000000e+00,0.000000e+00,0.000000e+00,0.000000e+00,0.000000e+00,0.000000e+00,0.000000e+00,0.000000e+00,0.000000e+00,0.000000e+00,0.000000e+00,0.000000e+00,0.000000e+00,0.000000e+00,0.000000e+00,0.000000e+00,0.000000e+00,0.000000e+00,0.000000e+00,0.000000e+00,0.000000e+00,0.000000e+00,0.000000e+00,0.000000e+00,0.000000e+00,3.536738e+04,8.586852e+03,2.363185e-01,1.212929e-02,-2.676560e+00,1.136610e-03,0.000000e+00,0.000000e+00,0.000000e+00,0.000000e+00,0.000000e+00,0.000000e+00,0.000000e+00,0.000000e+00,0.000000e+00,0.000000e+00,0.000000e+00,0.000000e+00,0.000000e+00,0.000000e+00,0.000000e+00,0.000000e+00,0.000000e+00,0.000000e+00,0.000000e+00,0.000000e+00,0.000000e+00,-1.287657e+06,2.748545e+04,-7.417399e+05,8.117514e-01,-4.184118e-02,-3.779596e+01,-1.471561e+00,2.067299e-02,-5.753989e-01,2.904833e-03,-3.320905e-03,4.377330e+01,-1.102307e+00,-2.734212e-02,-1.326251e-03,5.211717e-02,-1.606245e-03,-7.090807e+00,1.470169e+02,3.852212e+00,4.746490e+03,3.075784e+04,-2.731103e+04,1.485699e+06,-1.127079e-01,3.056371e+01,2.001660e-02,-5.491583e+02,1.053394e+04,-3.607327e+02
2.470763e-03,3.506243e+04,5.174101e+04,9.306089e-01,2.716729e-02,1.358026e+01,1.023969e-01,9.774000e-07,6.199886e+03,0.000000e+00,0.000000e+00,9.024489e+03,0.000000e+00,0.000000e+00,0.000000e+00,0.000000e+00,0.000000e+00,0.000000e+00,0.000000e+00,0.000000e+00,0.000000e+00,0.000000e+00,0.000000e+00,0.000000e+00,0.000000e+00,0.000000e+00,0.000000e+00,0.000000e+00,0.000000e+00,0.000000e+00,0.000000e+00,0.000000e+00,0.000000e+00,0.000000e+00,0.000000e+00,0.000000e+00,0.000000e+00,0.000000e+00,0.000000e+00,0.000000e+00,0.000000e+00,0.000000e+00,0.000000e+00,0.000000e+00,0.000000e+00,0.000000e+00,0.000000e+00,0.000000e+00,0.000000e+00,3.506243e+04,8.513803e+03,2.410026e-01,1.258765e-02,-2.651079e+00,1.136610e-03,0.000000e+00,0.000000e+00,0.000000e+00,0.000000e+00,0.000000e+00,0.000000e+00,0.000000e+00,0.000000e+00,0.000000e+00,0.000000e+00,0.000000e+00,0.000000e+00,0.000000e+00,0.000000e+00,0.000000e+00,0.000000e+00,0.000000e+00,0.000000e+00,0.000000e+00,0.000000e+00,0.000000e+00,-1.192460e+06,-6.505025e+04,-6.994518e+05,8.191820e-01,-4.211211e-02,-3.785192e+01,-1.480847e+00,2.082077e-02,-5.740508e-01,2.902313e-03,-3.335528e-03,4.385595e+01,-1.109973e+00,-2.759434e-02,-1.327429e-03,5.369964e-02,-1.567408e-03,-7.039683e+00,1.473481e+02,3.810560e+00,4.762144e+03,3.993994e+04,6.521422e+04,1.381874e+06,-1.141836e-01,3.067220e+01,2.050207e-02,9.475974e+01,1.025488e+04,3.970766e+02
2.480537e-03,3.480364e+04,5.190120e+04,9.368494e-01,2.729461e-02,1.365227e+01,1.023970e-01,9.774000e-07,6.239655e+03,0.000000e+00,0.000000e+00,9.082688e+03,0.000000e+00,0.000000e+00,0.000000e+00,0.000000e+00,0.000000e+00,0.000000e+00,0.000000e+00,0.000000e+00,0.000000e+00,0.000000e+00,0.000000e+00,0.000000e+00,0.000000e+00,0.000000e+00,0.000000e+00,0.000000e+00,0.000000e+00,0.000000e+00,0.000000e+00,0.000000e+00,0.000000e+00,0.000000e+00,0.000000e+00,0.000000e+00,0.000000e+00,0.000000e+00,0.000000e+00,0.000000e+00,0.000000e+00,0.000000e+00,0.000000e+00,0.000000e+00,0.000000e+00,0.000000e+00,0.000000e+00,0.000000e+00,0.000000e+00,3.480364e+04,8.447872e+03,2.450884e-01,1.365550e-02,-2.627962e+00,1.136610e-03,0.000000e+00,0.000000e+00,0.000000e+00,0.000000e+00,0.000000e+00,0.000000e+00,0.000000e+00,0.000000e+00,0.000000e+00,0.000000e+00,0.000000e+00,0.000000e+00,0.000000e+00,0.000000e+00,0.000000e+00,0.000000e+00,0.000000e+00,0.000000e+00,0.000000e+00,0.000000e+00,0.000000e+00,-1.107922e+06,1.041390e+05,-6.204720e+05,8.258891e-01,-4.042264e-02,-3.789935e+01,-1.488999e+00,2.094973e-02,-5.726215e-01,2.900202e-03,-3.335692e-03,4.392793e+01,-1.116669e+00,-2.780643e-02,-1.327851e-03,5.514137e-02,-1.531986e-03,-6.993066e+00,1.476042e+02,3.309030e+00,4.775313e+03,1.171823e+04,-1.039870e+05,1.269792e+06,-1.145124e-01,3.077044e+01,1.212058e-02,-2.444193e+02,1.024707e+04,-1.529248e+03
2.490311e-03,3.456262e+04,5.204639e+04,9.428576e-01,2.756563e-02,1.372121e+01,1.023970e-01,9.774000e-07,6.279078e+03,0.000000e+00,0.000000e+00,9.138375e+03,0.000000e+00,0.000000e+00,0.000000e+00,0.000000e+00,0.000000e+00,0.000000e+00,0.000000e+00,0.000000e+00,0.000000e+00,0.000000e+00,0.000000e+00,0.000000e+00,0.000000e+00,0.000000e+00,0.000000e+00,0.000000e+00,0.000000e+00,0.000000e+00,0.000000e+00,0.000000e+00,0.000000e+00,0.000000e+00,0.000000e+00,0.000000e+00,0.000000e+00,0.000000e+00,0.000000e+00,0.000000e+00,0.000000e+00,0.000000e+00,0.000000e+00,0.000000e+00,0.000000e+00,0.000000e+00,0.000000e+00,0.000000e+00,0.000000e+00,3.456262e+04,8.381852e+03,2.490580e-01,1.396386e-02,-2.604893e+00,1.136609e-03,0.000000e+00,0.000000e+00,0.000000e+00,0.000000e+00,0.000000e+00,0.000000e+00,0.000000e+00,0.000000e+00,0.000000e+00,0.000000e+00,0.000000e+00,0.000000e+00,0.000000e+00,0.000000e+00,0.000000e+00,0.000000e+00,0.000000e+00,0.000000e+00,0.000000e+00,0.000000e+00,0.000000e+00,-1.045515e+06,9.137819e+03,-5.947733e+05,8.324882e-01,-4.086251e-02,-3.794389e+01,-1.496911e+00,2.109279e-02,-5.713463e-01,2.898244e-03,-3.335864e-03,4.399664e+01,-1.123110e+00,-2.804985e-02,-1.328244e-03,5.658478e-02,-1.499365e-03,-6.946325e+00,1.477917e+02,3.331091e+00,4.787593e+03,1.953300e+04,-8.992485e+03,1.202696e+06,-1.157965e-01,3.086768e+01,1.302614e-02,1.613835e+02,9.886054e+03,-2.889149e+02
2.500085e-03,3.433712e+04,5.217567e+04,9.486256e-01,2.773390e-02,1.378681e+01,1.023971e-01,9.774000e-07,6.318866e+03,0.000000e+00,0.000000e+00,9.194250e+03,0.000000e+00,0.000000e+00,0.000000e+00,0.000000e+00,0.000000e+00,0.000000e+00,0.000000e+00,0.000000e+00,0.000000e+00,0.000000e+00,0.000000e+00,0.000000e+00,0.000000e+00,0.000000e+00,0.000000e+00,0.000000e+00,0.000000e+00,0.000000e+00,0.000000e+00,0.000000e+00,0.000000e+00,0.000000e+00,0.000000e+00,0.000000e+00,0.000000e+00,0.000000e+00,0.000000e+00,0.000000e+00,0.000000e+00,0.000000e+00,0.000000e+00,0.000000e+00,0.000000e+00,0.000000e+00,0.000000e+00,0.000000e+00,0.000000e+00,3.433712e+04,8.315471e+03,2.531577e-01,1.429867e-02,-2.582058e+00,1.136610e-03,0.000000e+00,0.000000e+00,0.000000e+00,0.000000e+00,0.000000e+00,0.000000e+00,0.000000e+00,0.000000e+00,0.000000e+00,0.000000e+00,0.000000e+00,0.000000e+00,0.000000e+00,0.000000e+00,0.000000e+00,0.000000e+00,0.000000e+00,0.000000e+00,0.000000e+00,0.000000e+00,0.000000e+00,-9.768915e+05,5.743434e+04,-5.566731e+05,8.391550e-01,-4.069612e-02,-3.798555e+01,-1.504544e+00,2.139199e-02,-5.698879e-01,2.896416e-03,-3.336014e-03,4.406216e+01,-1.129298e+00,-2.824893e-02,-1.328611e-03,5.802978e-02,-1.465946e-03,-6.899469e+00,1.478750e+02,3.292415e+00,4.798973e+03,1.941404e+04,-5.729722e+04,1.124207e+06,-1.159010e-01,3.096541e+01,1.262114e-02,-2.489625e+01,9.735792e+03,-9.792390e+02
2.510836e-03,3.410725e+04,5.230337e+04,9.547287e-01,2.788626e-02,1.385585e+01,1.023973e-01,9.774000e-07,6.362483e+03,0.000000e+00,0.000000e+00,9.252151e+03,0.000000e+00,0.000000e+00,0.000000e+00,0.000000e+00,0.000000e+00,0.000000e+00,0.000000e+00,0.000000e+00,0.000000e+00,0.000000e+00,0.000000e+00,0.000000e+00,0.000000e+00,0.000000e+00,0.000000e+00,0.000000e+00,0.000000e+00,0.000000e+00,0.000000e+00,0.000000e+00,0.000000e+00,0.000000e+00,0.000000e+00,0.000000e+00,0.000000e+00,0.000000e+00,0.000000e+00,0.000000e+00,0.000000e+00,0.000000e+00,0.000000e+00,0.000000e+00,0.000000e+00,0.000000e+00,0.000000e+00,0.000000e+00,0.000000e+00,3.410725e+04,8.244274e+03,2.574571e-01,1.440234e-02,-2.556849e+00,1.136610e-03,0.000000e+00,0.000000e+00,0.000000e+00,0.000000e+00,0.000000e+00,0.000000e+00,0.000000e+00,0.000000e+00,0.000000e+00,0.000000e+00,0.000000e+00,0.000000e+00,0.000000e+00,0.000000e+00,0.000000e+00,0.000000e+00,0.000000e+00,0.000000e+00,0.000000e+00,0.000000e+00,0.000000e+00,-8.697067e+05,4.525768e+04,-4.830631e+05,8.463672e-01,-4.112586e-02,-3.802751e+01,-1.512675e+00,2.159898e-02,-5.684281e-01,2.894565e-03,-3.336178e-03,4.413084e+01,-1.135785e+00,-2.843752e-02,-1.328981e-03,5.961995e-02,-1.431751e-03,-6.847806e+00,1.479075e+02,3.362141e+00,4.810371e+03,6.622125e+03,-4.513516e+04,9.948402e+05,-1.148150e-01,3.107207e+01,1.298402e-02,-1.033050e+02,9.829461e+03,-4.782285e+02
2.520610e-03,3.391191e+04,5.240524e+04,9.599851e-01,2.797944e-02,1.391534e+01,1.023973e-01,9.774000e-07,6.402503e+03,0.000000e+00,0.000000e+00,9.304750e+03,0.000000e+00,0.000000e+00,0.000000e+00,0.000000e+00,0.000000e+00,0.000000e+00,0.000000e+00,0.000000e+00,0.000000e+00,0.000000e+00,0.000000e+00,0.000000e+00,0.000000e+00,0.000000e+00,0.000000e+00,0.000000e+00,0.000000e+00,0.000000e+00,0.000000e+00,0.000000e+00,0.000000e+00,0.000000e+00,0.000000e+00,0.000000e+00,0.000000e+00,0.000000e+00,0.000000e+00,0.000000e+00,0.000000e+00,0.000000e+00,0.000000e+00,0.000000e+00,0.000000e+00,0.000000e+00,0.000000e+00,0.000000e+00,0.000000e+00,3.391191e+04,8.181180e+03,2.612911e-01,1.487587e-02,-2.533867e+00,1.136610e-03,0.000000e+00,0.000000e+00,0.000000e+00,0.000000e+00,0.000000e+00,0.000000e+00,0.000000e+00,0.000000e+00,0.000000e+00,0.000000e+00,0.000000e+00,0.000000e+00,0.000000e+00,0.000000e+00,0.000000e+00,0.000000e+00,0.000000e+00,0.000000e+00,0.000000e+00,0.000000e+00,0.000000e+00,-7.991848e+05,-4.388929e+03,-4.422505e+05,8.529105e-01,-4.092320e-02,-3.806262e+01,-1.519876e+00,2.187643e-02,-5.670239e-01,2.893032e-03,-3.336312e-03,4.419021e+01,-1.141376e+00,-2.854141e-02,-1.329291e-03,6.106552e-02,-1.400660e-03,-6.800738e+00,1.478663e+02,3.183154e+00,4.819757e+03,4.921730e+03,4.502436e+03,9.133765e+05,-1.147813e-01,3.116961e+01,1.040534e-02,1.786798e+01,9.932889e+03,-6.561375e+00
2.530384e-03,3.373101e+04,5.249505e+04,9.649409e-01,2.804717e-02,1.397205e+01,1.023973e-01,9.774000e-07,6.442447e+03,0.000000e+00,0.000000e+00,9.355100e+03,0.000000e+00,0.000000e+00,0.000000e+00,0.000000e+00,0.000000e+00,0.000000e+00,0.000000e+00,0.000000e+00,0.000000e+00,0.000000e+00,0.000000e+00,0.000000e+00,0.000000e+00,0.000000e+00,0.000000e+00,0.000000e+00,0.000000e+00,0.000000e+00,0.000000e+00,0.000000e+00,0.000000e+00,0.000000e+00,0.000000e+00,0.000000e+00,0.000000e+00,0.000000e+00,0.000000e+00,0.000000e+00,0.000000e+00,0.000000e+00,0.000000e+00,0.000000e+00,0.000000e+00,0.000000e+00,0.000000e+00,0.000000e+00,0.000000e+00,3.373101e+04,8.119818e+03,2.650305e-01,1.505838e-02,-2.510759e+00,1.136610e-03,0.000000e+00,0.000000e+00,0.000000e+00,0.000000e+00,0.000000e+00,0.000000e+00,0.000000e+00,0.000000e+00,0.000000e+00,0.000000e+00,0.000000e+00,0.000000e+00,0.000000e+00,0.000000e+00,0.000000e+00,0.000000e+00,0.000000e+00,0.000000e+00,0.000000e+00,0.000000e+00,0.000000e+00,-7.179579e+05,-7.944092e+03,-3.930848e+05,8.593291e-01,-4.116914e-02,-3.809481e+01,-1.526880e+00,2.198888e-02,-5.657331e-01,2.891607e-03,-3.336475e-03,4.424673e+01,-1.146660e+00,-2.863835e-02,-1.329580e-03,6.251059e-02,-1.369378e-03,-6.753583e+00,1.477862e+02,3.220505e+00,4.828278e+03,9.709492e+02,8.046716e+03,8.185210e+05,-1.152596e-01,3.126665e+01,1.061263e-02,-5.138568e+01,1.004217e+04,4.761618e+01
2.540158e-03,3.356289e+04,5.257246e+04,9.696773e-01,2.811423e-02,1.402540e+01,1.023974e-01,9.774000e-07,6.482688e+03,0.000000e+00,0.000000e+00,9.405185e+03,0.000000e+00,0.000000e+00,0.000000e+00,0.000000e+00,0.000000e+00,0.000000e+00,0.000000e+00,0.000000e+00,0.000000e+00,0.000000e+00,0.000000e+00,0.000000e+00,0.000000e+00,0.000000e+00,0.000000e+00,0.000000e+00,0.000000e+00,0.000000e+00,0.000000e+00,0.000000e+00,0.000000e+00,0.000000e+00,0.000000e+00,0.000000e+00,0.000000e+00,0.000000e+00,0.000000e+00,0.000000e+00,0.000000e+00,0.000000e+00,0.000000e+00,0.000000e+00,0.000000e+00,0.000000e+00,0.000000e+00,0.000000e+00,0.000000e+00,3.356289e+04,8.059198e+03,2.687653e-01,1.550613e-02,-2.487962e+00,1.136610e-03,0.000000e+00,0.000000e+00,0.000000e+00,0.000000e+00,0.000000e+00,0.000000e+00,0.000000e+00,0.000000e+00,0.000000e+00,0.000000e+00,0.000000e+00,0.000000e+00,0.000000e+00,0.000000e+00,0.000000e+00,0.000000e+00,0.000000e+00,0.000000e+00,0.000000e+00,0.000000e+00,0.000000e+00,-6.635350e+05,1.100420e+03,-3.328578e+05,8.658561e-01,-4.081704e-02,-3.812431e+01,-1.533597e+00,2.220355e-02,-5.645465e-01,2.890312e-03,-3.336640e-03,4.430014e+01,-1.151683e+00,-2.871718e-02,-1.329840e-03,6.395450e-02,-1.338604e-03,-6.706349e+00,1.476037e+02,3.035647e+00,4.835942e+03,-2.558437e+04,-1.006722e+03,7.419021e+05,-1.165018e-01,3.136413e+01,8.722337e-03,-2.140193e+02,1.010462e+04,2.801248e+02
2.550910e-03,3.339352e+04,5.264498e+04,9.744008e-01,2.807512e-02,1.408141e+01,1.023975e-01,9.774000e-07,6.526594e+03,0.000000e+00,0.000000e+00,9.457077e+03,0.000000e+00,0.000000e+00,0.000000e+00,0.000000e+00,0.000000e+00,0.000000e+00,0.000000e+00,0.000000e+00,0.000000e+00,0.000000e+00,0.000000e+00,0.000000e+00,0.000000e+00,0.000000e+00,0.000000e+00,0.000000e+00,0.000000e+00,0.000000e+00,0.000000e+00,0.000000e+00,0.000000e+00,0.000000e+00,0.000000e+00,0.000000e+00,0.000000e+00,0.000000e+00,0.000000e+00,0.000000e+00,0.000000e+00,0.000000e+00,0.000000e+00,0.000000e+00,0.000000e+00,0.000000e+00,0.000000e+00,0.000000e+00,0.000000e+00,3.339352e+04,7.994266e+03,2.727488e-01,1.555364e-02,-2.462895e+00,1.136609e-03,0.000000e+00,0.000000e+00,0.000000e+00,0.000000e+00,0.000000e+00,0.000000e+00,0.000000e+00,0.000000e+00,0.000000e+00,0.000000e+00,0.000000e+00,0.000000e+00,0.000000e+00,0.000000e+00,0.000000e+00,0.000000e+00,0.000000e+00,0.000000e+00,0.000000e+00,0.000000e+00,0.000000e+00,-5.972396e+05,-9.932163e+03,-3.020590e+05,8.728013e-01,-4.093284e-02,-3.815386e+01,-1.540770e+00,2.234184e-02,-5.632570e-01,2.853984e-03,-3.336807e-03,4.435598e+01,-1.156751e+00,-2.869155e-02,-1.336655e-03,6.554013e-02,-1.306276e-03,-6.654311e+00,1.473689e+02,3.006067e+00,4.843524e+03,-2.064461e+04,1.001750e+04,6.689595e+05,-1.164297e-01,3.147031e+01,8.085406e-03,-8.682435e+00,9.845073e+03,1.640973e+02
2.560684e-03,3.325201e+04,5.269956e+04,9.783178e-01,2.802230e-02,1.412899e+01,1.023975e-01,9.774000e-07,6.566619e+03,0.000000e+00,0.000000e+00,9.503496e+03,0.000000e+00,0.000000e+00,0.000000e+00,0.000000e+00,0.000000e+00,0.000000e+00,0.000000e+00,0.000000e+00,0.000000e+00,0.000000e+00,0.000000e+00,0.000000e+00,0.000000e+00,0.000000e+00,0.000000e+00,0.000000e+00,0.000000e+00,0.000000e+00,0.000000e+00,0.000000e+00,0.000000e+00,0.000000e+00,0.000000e+00,0.000000e+00,0.000000e+00,0.000000e+00,0.000000e+00,0.000000e+00,0.000000e+00,0.000000e+00,0.000000e+00,0.000000e+00,0.000000e+00,0.000000e+00,0.000000e+00,0.000000e+00,0.000000e+00,3.325201e+04,7.936570e+03,2.763044e-01,1.550946e-02,-2.440597e+00,1.136610e-03,0.000000e+00,0.000000e+00,0.000000e+00,0.000000e+00,0.000000e+00,0.000000e+00,0.000000e+00,0.000000e+00,0.000000e+00,0.000000e+00,0.000000e+00,0.000000e+00,0.000000e+00,0.000000e+00,0.000000e+00,0.000000e+00,0.000000e+00,0.000000e+00,0.000000e+00,0.000000e+00,0.000000e+00,-5.158584e+05,2.442332e+03,-2.439218e+05,8.791984e-01,-4.103005e-02,-3.817807e+01,-1.546981e+00,2.249377e-02,-5.620105e-01,2.739228e-03,-3.336688e-03,4.440342e+01,-1.161052e+00,-2.865782e-02,-1.358355e-03,6.697888e-02,-1.276900e-03,-6.606937e+00,1.470568e+02,3.000105e+00,4.849617e+03,-3.256294e+04,-2.369107e+03,5.696909e+05,-1.169094e-01,3.156665e+01,7.972976e-03,-2.235632e+02,9.876296e+03,7.555491e+01
2.570458e-03,3.312154e+04,5.274364e+04,9.819283e-01,2.791177e-02,1.417425e+01,1.023975e-01,9.774000e-07,6.606641e+03,0.000000e+00,0.000000e+00,9.549085e+03,0.000000e+00,0.000000e+00,0.000000e+00,0.000000e+00,0.000000e+00,0.000000e+00,0.000000e+00,0.000000e+00,0.000000e+00,0.000000e+00,0.000000e+00,0.000000e+00,0.000000e+00,0.000000e+00,0.000000e+00,0.000000e+00,0.000000e+00,0.000000e+00,0.000000e+00,0.000000e+00,0.000000e+00,0.000000e+00,0.000000e+00,0.000000e+00,0.000000e+00,0.000000e+00,0.000000e+00,0.000000e+00,0.000000e+00,0.000000e+00,0.000000e+00,0.000000e+00,0.000000e+00,0.000000e+00,0.000000e+00,0.000000e+00,0.000000e+00,3.312154e+04,7.880100e+03,2.797326e-01,1.545050e-02,-2.418299e+00,1.136610e-03,0.000000e+00,0.000000e+00,0.000000e+00,0.000000e+00,0.000000e+00,0.000000e+00,0.000000e+00,0.000000e+00,0.000000e+00,0.000000e+00,0.000000e+00,0.000000e+00,0.000000e+00,0.000000e+00,0.000000e+00,0.000000e+00,0.000000e+00,0.000000e+00,0.000000e+00,0.000000e+00,0.000000e+00,-4.566578e+05,-5.468367e+03,-2.105232e+05,8.854781e-01,-4.128850e-02,-3.819994e+01,-1.552966e+00,2.262350e-02,-5.607914e-01,2.643311e-03,-3.335695e-03,4.444854e+01,-1.165017e+00,-2.855667e-02,-1.376775e-03,6.841429e-02,-1.247957e-03,-6.559508e+00,1.467020e+02,3.041477e+00,4.854972e+03,-3.341811e+04,5.533405e+03,5.017359e+05,-1.172849e-01,3.166277e+01,8.923690e-03,-1.999780e+02,9.774820e+03,1.986288e+02
2.580232e-03,3.300345e+04,5.277715e+04,9.853129e-01,2.783990e-02,1.421667e+01,1.023975e-01,9.774000e-07,6.646508e+03,0.000000e+00,0.000000e+00,9.597408e+03,0.000000e+00,0.000000e+00,0.000000e+00,0.000000e+00,0.000000e+00,0.000000e+00,0.000000e+00,0.000000e+00,0.000000e+00,0.000000e+00,0.000000e+00,0.000000e+00,0.000000e+00,0.000000e+00,0.000000e+00,0.000000e+00,0.000000e+00,0.000000e+00,0.000000e+00,0.000000e+00,0.000000e+00,0.000000e+00,0.000000e+00,0.000000e+00,0.000000e+00,0.000000e+00,0.000000e+00,0.000000e+00,0.000000e+00,0.000000e+00,0.000000e+00,0.000000e+00,0.000000e+00,0.000000e+00,0.000000e+00,0.000000e+00,0.000000e+00,3.300345e+04,7.824761e+03,2.831275e-01,1.544739e-02,-2.396518e+00,1.136610e-03,0.000000e+00,0.000000e+00,0.000000e+00,0.000000e+00,0.000000e+00,0.000000e+00,0.000000e+00,0.000000e+00,0.000000e+00,0.000000e+00,0.000000e+00,0.000000e+00,0.000000e+00,0.000000e+00,0.000000e+00,0.000000e+00,0.000000e+00,0.000000e+00,0.000000e+00,0.000000e+00,0.000000e+00,-4.144545e+05,-8.849249e+03,-1.654232e+05,8.917380e-01,-4.132014e-02,-3.821959e+01,-1.558649e+00,2.274568e-02,-5.595480e-01,2.630559e-03,-3.333127e-03,4.449086e+01,-1.168682e+00,-2.848168e-02,-1.379210e-03,6.984594e-02,-1.218797e-03,-6.512030e+00,1.462765e+02,3.008229e+00,4.859642e+03,-5.271565e+04,8.907046e+03,4.431223e+05,-1.181658e-01,3.175822e+01,8.579858e-03,-2.278701e+02,9.665539e+03,3.121846e+02
2.590006e-03,3.289853e+04,5.279609e+04,9.887987e-01,2.759274e-02,1.425826e+01,1.023976e-01,9.774000e-07,6.686383e+03,0.000000e+00,0.000000e+00,9.646185e+03,0.000000e+00,0.000000e+00,0.000000e+00,0.000000e+00,0.000000e+00,0.000000e+00,0.000000e+00,0.000000e+00,0.000000e+00,0.000000e+00,0.000000e+00,0.000000e+00,0.000000e+00,0.000000e+00,0.000000e+00,0.000000e+00,0.000000e+00,0.000000e+00,0.000000e+00,0.000000e+00,0.000000e+00,0.000000e+00,0.000000e+00,0.000000e+00,0.000000e+00,0.000000e+00,0.000000e+00,0.000000e+00,0.000000e+00,0.000000e+00,0.000000e+00,0.000000e+00,0.000000e+00,0.000000e+00,0.000000e+00,0.000000e+00,0.000000e+00,3.289853e+04,7.766502e+03,2.866542e-01,1.542992e-02,-2.374131e+00,1.136610e-03,0.000000e+00,0.000000e+00,0.000000e+00,0.000000e+00,0.000000e+00,0.000000e+00,0.000000e+00,0.000000e+00,0.000000e+00,0.000000e+00,0.000000e+00,0.000000e+00,0.000000e+00,0.000000e+00,0.000000e+00,0.000000e+00,0.000000e+00,0.000000e+00,0.000000e+00,0.000000e+00,0.000000e+00,-3.600119e+05,1.962743e+04,-1.485372e+05,8.979585e-01,-4.108081e-02,-3.823721e+01,-1.564179e+00,2.284800e-02,-5.583625e-01,2.629756e-03,-3.329308e-03,4.453213e+01,-1.172350e+00,-2.824556e-02,-1.379269e-03,7.127295e-02,-1.189517e-03,-6.464509e+00,1.457841e+02,2.915905e+00,4.863674e+03,-4.141524e+04,-1.957645e+04,3.872450e+05,-1.189399e-01,3.185342e+01,7.583264e-03,-1.504752e+02,9.550404e+03,-2.075204e+02
2.600757e-03,3.280053e+04,5.281058e+04,9.922545e-01,2.729869e-02,1.430050e+01,1.023977e-01,9.774000e-07,6.730095e+03,0.000000e+00,0.000000e+00,9.685322e+03,0.000000e+00,0.000000e+00,0.000000e+00,0.000000e+00,0.000000e+00,0.000000e+00,0.000000e+00,0.000000e+00,0.000000e+00,0.000000e+00,0.000000e+00,0.000000e+00,0.000000e+00,0.000000e+00,0.000000e+00,0.000000e+00,0.000000e+00,0.000000e+00,0.000000e+00,0.000000e+00,0.000000e+00,0.000000e+00,0.000000e+00,0.000000e+00,0.000000e+00,0.000000e+00,0.000000e+00,0.000000e+00,0.000000e+00,0.000000e+00,0.000000e+00,0.000000e+00,0.000000e+00,0.000000e+00,0.000000e+00,0.000000e+00,0.000000e+00,3.280053e+04,7.706925e+03,2.903415e-01,1.502929e-02,-2.349919e+00,1.136610e-03,0.000000e+00,0.000000e+00,0.000000e+00,0.000000e+00,0.000000e+00,0.000000e+00,0.000000e+00,0.000000e+00,0.000000e+00,0.000000e+00,0.000000e+00,0.000000e+00,0.000000e+00,0.000000e+00,0.000000e+00,0.000000e+00,0.000000e+00,0.000000e+00,0.000000e+00,0.000000e+00,0.000000e+00,-2.868749e+05,7.192917e+04,-9.281660e+04,9.046589e-01,-4.123603e-02,-3.825410e+01,-1.569942e+00,2.295811e-02,-5.569708e-01,2.628930e-03,-3.326999e-03,4.457430e+01,-1.175904e+00,-2.804391e-02,-1.379170e-03,7.283712e-02,-1.157466e-03,-6.412195e+00,1.452230e+02,2.979028e+00,4.867393e+03,-5.534365e+04,-7.188994e+04,2.964032e+05,-1.186957e-01,3.195723e+01,8.001280e-03,-5.598074e+02,9.870441e+03,-6.680425e+02
2.610531e-03,3.272214e+04,5.280927e+04,9.948993e-01,2.705402e-02,1.433581e+01,1.023978e-01,9.774000e-07,6.770108e+03,0.000000e+00,0.000000e+00,9.724399e+03,0.000000e+00,0.000000e+00,0.000000e+00,0.000000e+00,0.000000e+00,0.000000e+00,0.000000e+00,0.000000e+00,0.000000e+00,0.000000e+00,0.000000e+00,0.000000e+00,0.000000e+00,0.000000e+00,0.000000e+00,0.000000e+00,0.000000e+00,0.000000e+00,0.000000e+00,0.000000e+00,0.000000e+00,0.000000e+00,0.000000e+00,0.000000e+00,0.000000e+00,0.000000e+00,0.000000e+00,0.000000e+00,0.000000e+00,0.000000e+00,0.000000e+00,0.000000e+00,0.000000e+00,0.000000e+00,0.000000e+00,0.000000e+00,0.000000e+00,3.272214e+04,7.650775e+03,2.936321e-01,1.512426e-02,-2.328488e+00,1.136610e-03,0.000000e+00,0.000000e+00,0.000000e+00,0.000000e+00,0.000000e+00,0.000000e+00,0.000000e+00,0.000000e+00,0.000000e+00,0.000000e+00,0.000000e+00,0.000000e+00,0.000000e+00,0.000000e+00,0.000000e+00,0.000000e+00,0.000000e+00,0.000000e+00,0.000000e+00,0.000000e+00,0.000000e+00,-2.644179e+05,-3.458640e+04,-7.865323e+04,9.108034e-01,-4.132278e-02,-3.826756e+01,-1.574903e+00,2.305100e-02,-5.555725e-01,2.628244e-03,-3.327563e-03,4.460960e+01,-1.178642e+00,-2.789401e-02,-1.379355e-03,7.425318e-02,-1.128450e-03,-6.364606e+00,1.445953e+02,2.891052e+00,4.870117e+03,-5.698887e+04,3.462240e+04,2.699128e+05,-1.205728e-01,3.205227e+01,7.981126e-03,3.209223e+01,9.511375e+03,6.664579e+02
2.620305e-03,3.265194e+04,5.280190e+04,9.973664e-01,2.681880e-02,1.436899e+01,1.023978e-01,9.774000e-07,6.809705e+03,0.000000e+00,0.000000e+00,9.761638e+03,0.000000e+00,0.000000e+00,0.000000e+00,0.000000e+00,0.000000e+00,0.000000e+00,0.000000e+00,0.000000e+00,0.000000e+00,0.000000e+00,0.000000e+00,0.000000e+00,0.000000e+00,0.000000e+00,0.000000e+00,0.000000e+00,0.000000e+00,0.000000e+00,0.000000e+00,0.000000e+00,0.000000e+00,0.000000e+00,0.000000e+00,0.000000e+00,0.000000e+00,0.000000e+00,0.000000e+00,0.000000e+00,0.000000e+00,0.000000e+00,0.000000e+00,0.000000e+00,0.000000e+00,0.000000e+00,0.000000e+00,0.000000e+00,0.000000e+00,3.265194e+04,7.596460e+03,2.967647e-01,1.466912e-02,-2.307589e+00,1.136610e-03,0.000000e+00,0.000000e+00,0.000000e+00,0.000000e+00,0.000000e+00,0.000000e+00,0.000000e+00,0.000000e+00,0.000000e+00,0.000000e+00,0.000000e+00,0.000000e+00,0.000000e+00,0.000000e+00,0.000000e+00,0.000000e+00,0.000000e+00,0.000000e+00,0.000000e+00,0.000000e+00,0.000000e+00,-2.053970e+05,4.168692e+04,-3.000502e+04,9.167139e-01,-4.146333e-02,-3.827919e+01,-1.579640e+00,2.311154e-02,-5.543215e-01,2.627625e-03,-3.329656e-03,4.464267e+01,-1.181163e+00,-2.776691e-02,-1.379693e-03,7.566310e-02,-1.099154e-03,-6.316993e+00,1.439774e+02,2.978780e+00,4.872368e+03,-7.153414e+04,-4.166091e+04,1.948673e+05,-1.203638e-01,3.214581e+01,8.107367e-03,-4.513494e+01,9.663588e+03,-3.004301e+02
2.630079e-03,3.259063e+04,5.278698e+04,9.995867e-01,2.657099e-02,1.440026e+01,1.023979e-01,9.774000e-07,6.849267e+03,0.000000e+00,0.000000e+00,9.797806e+03,0.000000e+00,0.000000e+00,0.000000e+00,0.000000e+00,0.000000e+00,0.000000e+00,0.000000e+00,0.000000e+00,0.000000e+00,0.000000e+00,0.000000e+00,0.000000e+00,0.000000e+00,0.000000e+00,0.000000e+00,0.000000e+00,0.000000e+00,0.000000e+00,0.000000e+00,0.000000e+00,0.000000e+00,0.000000e+00,0.000000e+00,0.000000e+00,0.000000e+00,0.000000e+00,0.000000e+00,0.000000e+00,0.000000e+00,0.000000e+00,0.000000e+00,0.000000e+00,0.000000e+00,0.000000e+00,0.000000e+00,0.000000e+00,0.000000e+00,3.259063e+04,7.542518e+03,2.998795e-01,1.480447e-02,-2.287032e+00,1.136610e-03,0.000000e+00,0.000000e+00,0.000000e+00,0.000000e+00,0.000000e+00,0.000000e+00,0.000000e+00,0.000000e+00,0.000000e+00,0.000000e+00,0.000000e+00,0.000000e+00,0.000000e+00,0.000000e+00,0.000000e+00,0.000000e+00,0.000000e+00,0.000000e+00,0.000000e+00,0.000000e+00,0.000000e+00,-1.677508e+05,1.218892e+04,6.698148e+03,9.226102e-01,-4.130234e-02,-3.828935e+01,-1.584128e+00,2.317038e-02,-5.529989e-01,2.627088e-03,-3.330624e-03,4.467389e+01,-1.183425e+00,-2.761831e-02,-1.380034e-03,7.706672e-02,-1.070649e-03,-6.269361e+00,1.432856e+02,2.868614e+00,4.874122e+03,-8.580799e+04,-1.216973e+04,1.443006e+05,-1.201877e-01,3.223906e+01,6.868286e-03,-2.971390e+02,9.663588e+03,-2.452774e+02
2.640830e-03,3.253380e+04,5.276243e+04,1.001861e+00,2.636951e-02,1.443261e+01,1.023979e-01,9.774000e-07,6.892448e+03,0.000000e+00,0.000000e+00,9.834994e+03,0.000000e+00,0.000000e+00,0.000000e+00,0.000000e+00,0.000000e+00,0.000000e+00,0.000000e+00,0.000000e+00,0.000000e+00,0.000000e+00,0.000000e+00,0.000000e+00,0.000000e+00,0.000000e+00,0.000000e+00,0.000000e+00,0.000000e+00,0.000000e+00,0.000000e+00,0.000000e+00,0.000000e+00,0.000000e+00,0.000000e+00,0.000000e+00,0.000000e+00,0.000000e+00,0.000000e+00,0.000000e+00,0.000000e+00,0.000000e+00,0.000000e+00,0.000000e+00,0.000000e+00,0.000000e+00,0.000000e+00,0.000000e+00,0.000000e+00,3.253380e+04,7.483657e+03,3.032356e-01,1.482452e-02,-2.264806e+00,1.136609e-03,0.000000e+00,0.000000e+00,0.000000e+00,0.000000e+00,0.000000e+00,0.000000e+00,0.000000e+00,0.000000e+00,0.000000e+00,0.000000e+00,0.000000e+00,0.000000e+00,0.000000e+00,0.000000e+00,0.000000e+00,0.000000e+00,0.000000e+00,0.000000e+00,0.000000e+00,0.000000e+00,0.000000e+00,-1.287855e+05,-2.024924e+04,1.128845e+04,9.289226e-01,-4.127996e-02,-3.829874e+01,-1.588802e+00,2.324246e-02,-5.515429e-01,2.626564e-03,-3.322687e-03,4.470616e+01,-1.185707e+00,-2.749128e-02,-1.380658e-03,7.860260e-02,-1.040168e-03,-6.216949e+00,1.424652e+02,2.800001e+00,4.875525e+03,-7.124300e+04,2.026367e+04,1.078748e+05,-1.201499e-01,3.234067e+01,5.571225e-03,-1.185354e+01,9.405996e+03,2.831973e+02
2.650604e-03,3.249217e+04,5.273084e+04,1.003719e+00,2.614145e-02,1.446021e+01,1.023979e-01,9.774000e-07,6.931717e+03,0.000000e+00,0.000000e+00,9.868460e+03,0.000000e+00,0.000000e+00,0.000000e+00,0.000000e+00,0.000000e+00,0.000000e+00,0.000000e+00,0.000000e+00,0.000000e+00,0.000000e+00,0.000000e+00,0.000000e+00,0.000000e+00,0.000000e+00,0.000000e+00,0.000000e+00,0.000000e+00,0.000000e+00,0.000000e+00,0.000000e+00,0.000000e+00,0.000000e+00,0.000000e+00,0.000000e+00,0.000000e+00,0.000000e+00,0.000000e+00,0.000000e+00,0.000000e+00,0.000000e+00,0.000000e+00,0.000000e+00,0.000000e+00,0.000000e+00,0.000000e+00,0.000000e+00,0.000000e+00,3.249217e+04,7.429498e+03,3.061988e-01,1.453618e-02,-2.244836e+00,1.136610e-03,0.000000e+00,0.000000e+00,0.000000e+00,0.000000e+00,0.000000e+00,0.000000e+00,0.000000e+00,0.000000e+00,0.000000e+00,0.000000e+00,0.000000e+00,0.000000e+00,0.000000e+00,0.000000e+00,0.000000e+00,0.000000e+00,0.000000e+00,0.000000e+00,0.000000e+00,0.000000e+00,0.000000e+00,-8.926388e+04,1.560463e+04,6.345570e+04,9.346197e-01,-4.136631e-02,-3.830571e+01,-1.592801e+00,2.329988e-02,-5.502881e-01,2.626152e-03,-3.306070e-03,4.473373e+01,-1.187552e+00,-2.731344e-02,-1.381569e-03,7.999119e-02,-1.012330e-03,-6.169291e+00,1.417004e+02,2.834347e+00,4.876319e+03,-9.828602e+04,-1.559859e+04,4.831887e+04,-1.191321e-01,3.243271e+01,5.407564e-03,1.702718e+02,9.359161e+03,-3.367840e+02
2.660378e-03,3.245995e+04,5.269118e+04,1.005627e+00,2.584731e-02,1.448763e+01,1.023980e-01,9.774000e-07,6.970536e+03,0.000000e+00,0.000000e+00,9.900942e+03,0.000000e+00,0.000000e+00,0.000000e+00,0.000000e+00,0.000000e+00,0.000000e+00,0.000000e+00,0.000000e+00,0.000000e+00,0.000000e+00,0.000000e+00,0.000000e+00,0.000000e+00,0.000000e+00,0.000000e+00,0.000000e+00,0.000000e+00,0.000000e+00,0.000000e+00,0.000000e+00,0.000000e+00,0.000000e+00,0.000000e+00,0.000000e+00,0.000000e+00,0.000000e+00,0.000000e+00,0.000000e+00,0.000000e+00,0.000000e+00,0.000000e+00,0.000000e+00,0.000000e+00,0.000000e+00,0.000000e+00,0.000000e+00,0.000000e+00,3.245995e+04,7.374425e+03,3.093051e-01,1.458662e-02,-2.224355e+00,1.136610e-03,0.000000e+00,0.000000e+00,0.000000e+00,0.000000e+00,0.000000e+00,0.000000e+00,0.000000e+00,0.000000e+00,0.000000e+00,0.000000e+00,0.000000e+00,0.000000e+00,0.000000e+00,0.000000e+00,0.000000e+00,0.000000e+00,0.000000e+00,0.000000e+00,0.000000e+00,0.000000e+00,0.000000e+00,-5.841561e+04,8.748903e+03,6.317184e+04,9.401128e-01,-4.106192e-02,-3.831141e+01,-1.596555e+00,2.338319e-02,-5.490711e-01,2.625790e-03,-3.280705e-03,4.476107e+01,-1.189414e+00,-2.705409e-02,-1.383016e-03,8.137170e-02,-9.848648e-04,-6.121627e+00,1.408741e+02,2.686818e+00,4.876759e+03,-8.335108e+04,-8.746503e+03,2.134727e+04,-1.189173e-01,3.252346e+01,3.047492e-03,1.465876e+01,9.253783e+03,-2.537578e+02
2.670152e-03,3.243624e+04,5.264618e+04,1.007191e+00,2.559805e-02,1.451238e+01,1.023980e-01,9.774000e-07,7.009514e+03,0.000000e+00,0.000000e+00,9.930003e+03,0.000000e+00,0.000000e+00,0.000000e+00,0.000000e+00,0.000000e+00,0.000000e+00,0.000000e+00,0.000000e+00,0.000000e+00,0.000000e+00,0.000000e+00,0.000000e+00,0.000000e+00,0.000000e+00,0.000000e+00,0.000000e+00,0.000000e+00,0.000000e+00,0.000000e+00,0.000000e+00,0.000000e+00,0.000000e+00,0.000000e+00,0.000000e+00,0.000000e+00,0.000000e+00,0.000000e+00,0.000000e+00,0.000000e+00,0.000000e+00,0.000000e+00,0.000000e+00,0.000000e+00,0.000000e+00,0.000000e+00,0.000000e+00,0.000000e+00,3.243624e+04,7.321269e+03,3.123753e-01,1.428402e-02,-2.204402e+00,1.136609e-03,0.000000e+00,0.000000e+00,0.000000e+00,0.000000e+00,0.000000e+00,0.000000e+00,0.000000e+00,0.000000e+00,0.000000e+00,0.000000e+00,0.000000e+00,0.000000e+00,0.000000e+00,0.000000e+00,0.000000e+00,0.000000e+00,0.000000e+00,0.000000e+00,0.000000e+00,0.000000e+00,0.000000e+00,-2.009204e+04,1.669159e+04,9.013553e+04,9.456666e-01,-4.125972e-02,-3.831559e+01,-1.600040e+00,2.346604e-02,-5.478356e-01,2.625452e-03,-3.247722e-03,4.478571e+01,-1.190913e+00,-2.681608e-02,-1.385287e-03,8.274382e-02,-9.578115e-04,-6.073961e+00,1.399680e+02,2.725374e+00,4.876738e+03,-8.885382e+04,-1.669581e+04,-2.515871e+04,-1.182757e-01,3.261424e+01,2.215333e-03,2.562652e+02,9.339647e+03,-3.165573e+02
2.680904e-03,3.241929e+04,5.258990e+04,1.008641e+00,2.542039e-02,1.453803e+01,1.023981e-01,9.774000e-07,7.052119e+03,0.000000e+00,0.000000e+00,9.960107e+03,0.000000e+00,0.000000e+00,0.000000e+00,0.000000e+00,0.000000e+00,0.000000e+00,0.000000e+00,0.000000e+00,0.000000e+00,0.000000e+00,0.000000e+00,0.000000e+00,0.000000e+00,0.000000e+00,0.000000e+00,0.000000e+00,0.000000e+00,0.000000e+00,0.000000e+00,0.000000e+00,0.000000e+00,0.000000e+00,0.000000e+00,0.000000e+00,0.000000e+00,0.000000e+00,0.000000e+00,0.000000e+00,0.000000e+00,0.000000e+00,0.000000e+00,0.000000e+00,0.000000e+00,0.000000e+00,0.000000e+00,0.000000e+00,0.000000e+00,3.241929e+04,7.264107e+03,3.157902e-01,1.441696e-02,-2.182527e+00,1.136610e-03,0.000000e+00,0.000000e+00,0.000000e+00,0.000000e+00,0.000000e+00,0.000000e+00,0.000000e+00,0.000000e+00,0.000000e+00,0.000000e+00,0.000000e+00,0.000000e+00,0.000000e+00,0.000000e+00,0.000000e+00,0.000000e+00,0.000000e+00,0.000000e+00,0.000000e+00,0.000000e+00,0.000000e+00,2.499034e+04,-1.576361e+04,1.422121e+05,9.517826e-01,-4.111353e-02,-3.831852e+01,-1.603583e+00,2.353818e-02,-5.464355e-01,2.625140e-03,-3.202957e-03,4.481121e+01,-1.192345e+00,-2.660801e-02,-1.388887e-03,8.424248e-02,-9.296070e-04,-6.021533e+00,1.388957e+02,2.601787e+00,4.876218e+03,-1.132782e+05,1.574996e+04,-8.953932e+04,-1.174838e-01,3.271323e+01,-5.385766e-04,3.617503e+02,9.320133e+03,-1.075567e+01
2.690678e-03,3.241173e+04,5.253338e+04,1.009893e+00,2.524794e-02,1.455988e+01,1.023982e-01,9.774000e-07,7.090594e+03,0.000000e+00,0.000000e+00,9.985844e+03,0.000000e+00,0.000000e+00,0.000000e+00,0.000000e+00,0.000000e+00,0.000000e+00,0.000000e+00,0.000000e+00,0.000000e+00,0.000000e+00,0.000000e+00,0.000000e+00,0.000000e+00,0.000000e+00,0.000000e+00,0.000000e+00,0.000000e+00,0.000000e+00,0.000000e+00,0.000000e+00,0.000000e+00,0.000000e+00,0.000000e+00,0.000000e+00,0.000000e+00,0.000000e+00,0.000000e+00,0.000000e+00,0.000000e+00,0.000000e+00,0.000000e+00,0.000000e+00,0.000000e+00,0.000000e+00,0.000000e+00,0.000000e+00,0.000000e+00,3.241173e+04,7.213205e+03,3.188738e-01,1.450439e-02,-2.162757e+00,1.136610e-03,0.000000e+00,0.000000e+00,0.000000e+00,0.000000e+00,0.000000e+00,0.000000e+00,0.000000e+00,0.000000e+00,0.000000e+00,0.000000e+00,0.000000e+00,0.000000e+00,0.000000e+00,0.000000e+00,0.000000e+00,0.000000e+00,0.000000e+00,0.000000e+00,0.000000e+00,0.000000e+00,0.000000e+00,4.882604e+04,3.188460e+04,1.483426e+05,9.571429e-01,-4.076227e-02,-3.831993e+01,-1.606516e+00,2.361932e-02,-5.452048e-01,2.624893e-03,-3.155154e-03,4.483300e+01,-1.193490e+00,-2.640603e-02,-1.393276e-03,8.559442e-02,-9.049253e-04,-5.973877e+00,1.378629e+02,2.487718e+00,4.875351e+03,-1.073880e+05,-3.190176e+04,-1.133854e+05,-1.167241e-01,3.280247e+01,-2.457183e-03,4.030586e+02,9.109376e+03,-6.425237e+02
2.700452e-03,3.241161e+04,5.247070e+04,1.010961e+00,2.515888e-02,1.458062e+01,1.023983e-01,9.774000e-07,7.129169e+03,0.000000e+00,0.000000e+00,1.001000e+04,0.000000e+00,0.000000e+00,0.000000e+00,0.000000e+00,0.000000e+00,0.000000e+00,0.000000e+00,0.000000e+00,0.000000e+00,0.000000e+00,0.000000e+00,0.000000e+00,0.000000e+00,0.000000e+00,0.000000e+00,0.000000e+00,0.000000e+00,0.000000e+00,0.000000e+00,0.000000e+00,0.000000e+00,0.000000e+00,0.000000e+00,0.000000e+00,0.000000e+00,0.000000e+00,0.000000e+00,0.000000e+00,0.000000e+00,0.000000e+00,0.000000e+00,0.000000e+00,0.000000e+00,0.000000e+00,0.000000e+00,0.000000e+00,0.000000e+00,3.241161e+04,7.162762e+03,3.219811e-01,1.466938e-02,-2.143088e+00,1.136610e-03,0.000000e+00,0.000000e+00,0.000000e+00,0.000000e+00,0.000000e+00,0.000000e+00,0.000000e+00,0.000000e+00,0.000000e+00,0.000000e+00,0.000000e+00,0.000000e+00,0.000000e+00,0.000000e+00,0.000000e+00,0.000000e+00,0.000000e+00,0.000000e+00,0.000000e+00,0.000000e+00,0.000000e+00,6.811612e+04,4.657318e+04,1.589152e+05,9.625525e-01,-4.053627e-02,-3.832005e+01,-1.609254e+00,2.368934e-02,-5.440593e-01,2.624684e-03,-3.101622e-03,4.485350e+01,-1.194488e+00,-2.626002e-02,-1.398737e-03,8.693590e-02,-8.816607e-04,-5.926231e+00,1.367560e+02,2.391927e+00,4.874108e+03,-1.075802e+05,-4.659366e+04,-1.353456e+05,-1.160414e-01,3.289172e+01,-4.142959e-03,1.497663e+02,8.843979e+03,-5.584515e+02
2.710226e-03,3.241870e+04,5.240274e+04,1.011865e+00,2.503993e-02,1.459967e+01,1.023984e-01,9.774000e-07,7.167298e+03,0.000000e+00,0.000000e+00,1.003288e+04,0.000000e+00,0.000000e+00,0.000000e+00,0.000000e+00,0.000000e+00,0.000000e+00,0.000000e+00,0.000000e+00,0.000000e+00,0.000000e+00,0.000000e+00,0.000000e+00,0.000000e+00,0.000000e+00,0.000000e+00,0.000000e+00,0.000000e+00,0.000000e+00,0.000000e+00,0.000000e+00,0.000000e+00,0.000000e+00,0.000000e+00,0.000000e+00,0.000000e+00,0.000000e+00,0.000000e+00,0.000000e+00,0.000000e+00,0.000000e+00,0.000000e+00,0.000000e+00,0.000000e+00,0.000000e+00,0.000000e+00,0.000000e+00,0.000000e+00,3.241870e+04,7.112444e+03,3.250659e-01,1.487055e-02,-2.123558e+00,1.136609e-03,0.000000e+00,0.000000e+00,0.000000e+00,0.000000e+00,0.000000e+00,0.000000e+00,0.000000e+00,0.000000e+00,0.000000e+00,0.000000e+00,0.000000e+00,0.000000e+00,0.000000e+00,0.000000e+00,0.000000e+00,0.000000e+00,0.000000e+00,0.000000e+00,0.000000e+00,0.000000e+00,0.000000e+00,9.799931e+04,-5.864482e+03,1.850430e+05,9.679131e-01,-4.035822e-02,-3.831921e+01,-1.611763e+00,2.379468e-02,-5.427635e-01,2.624507e-03,-3.043855e-03,4.487284e+01,-1.195321e+00,-2.610397e-02,-1.405258e-03,8.826642e-02,-8.594815e-04,-5.878600e+00,1.356071e+02,2.224536e+00,4.872576e+03,-1.164607e+05,5.838112e+03,-1.740172e+05,-1.154171e-01,3.297960e+01,-7.205302e-03,-1.241077e+02,8.797144e+03,-7.904093e+01
2.720977e-03,3.243446e+04,5.232186e+04,1.012673e+00,2.497165e-02,1.461971e+01,1.023985e-01,9.774000e-07,7.209008e+03,0.000000e+00,0.000000e+00,1.005577e+04,0.000000e+00,0.000000e+00,0.000000e+00,0.000000e+00,0.000000e+00,0.000000e+00,0.000000e+00,0.000000e+00,0.000000e+00,0.000000e+00,0.000000e+00,0.000000e+00,0.000000e+00,0.000000e+00,0.000000e+00,0.000000e+00,0.000000e+00,0.000000e+00,0.000000e+00,0.000000e+00,0.000000e+00,0.000000e+00,0.000000e+00,0.000000e+00,0.000000e+00,0.000000e+00,0.000000e+00,0.000000e+00,0.000000e+00,0.000000e+00,0.000000e+00,0.000000e+00,0.000000e+00,0.000000e+00,0.000000e+00,0.000000e+00,0.000000e+00,3.243446e+04,7.056995e+03,3.284673e-01,1.499374e-02,-2.102374e+00,1.136610e-03,0.000000e+00,0.000000e+00,0.000000e+00,0.000000e+00,0.000000e+00,0.000000e+00,0.000000e+00,0.000000e+00,0.000000e+00,0.000000e+00,0.000000e+00,0.000000e+00,0.000000e+00,0.000000e+00,0.000000e+00,0.000000e+00,0.000000e+00,0.000000e+00,0.000000e+00,0.000000e+00,0.000000e+00,1.108552e+05,-3.542591e+03,1.974552e+05,9.737843e-01,-4.024738e-02,-3.831723e+01,-1.614359e+00,2.391544e-02,-5.415668e-01,2.624340e-03,-2.977507e-03,4.489275e+01,-1.196079e+00,-2.599347e-02,-1.413564e-03,8.971681e-02,-8.357744e-04,-5.826224e+00,1.342923e+02,2.123377e+00,4.870593e+03,-1.213619e+05,3.513444e+03,-1.911777e+05,-1.150868e-01,3.307543e+01,-9.986766e-03,1.177122e+02,8.804949e+03,-1.092584e+02
2.730751e-03,3.245562e+04,5.224378e+04,1.013207e+00,2.496411e-02,1.463677e+01,1.023985e-01,9.774000e-07,7.246420e+03,0.000000e+00,0.000000e+00,1.007473e+04,0.000000e+00,0.000000e+00,0.000000e+00,0.000000e+00,0.000000e+00,0.000000e+00,0.000000e+00,0.000000e+00,0.000000e+00,0.000000e+00,0.000000e+00,0.000000e+00,0.000000e+00,0.000000e+00,0.000000e+00,0.000000e+00,0.000000e+00,0.000000e+00,0.000000e+00,0.000000e+00,0.000000e+00,0.000000e+00,0.000000e+00,0.000000e+00,0.000000e+00,0.000000e+00,0.000000e+00,0.000000e+00,0.000000e+00,0.000000e+00,0.000000e+00,0.000000e+00,0.000000e+00,0.000000e+00,0.000000e+00,0.000000e+00,0.000000e+00,3.245562e+04,7.006695e+03,3.315125e-01,1.516316e-02,-2.083323e+00,1.136610e-03,0.000000e+00,0.000000e+00,0.000000e+00,0.000000e+00,0.000000e+00,0.000000e+00,0.000000e+00,0.000000e+00,0.000000e+00,0.000000e+00,0.000000e+00,0.000000e+00,0.000000e+00,0.000000e+00,0.000000e+00,0.000000e+00,0.000000e+00,0.000000e+00,0.000000e+00,0.000000e+00,0.000000e+00,1.314936e+05,-4.972471e+04,2.182255e+05,9.790415e-01,-4.025906e-02,-3.831444e+01,-1.616522e+00,2.402316e-02,-5.404190e-01,2.624204e-03,-2.916874e-03,4.490974e+01,-1.196630e+00,-2.590980e-02,-1.421975e-03,9.102293e-02,-8.150997e-04,-5.778630e+00,1.330667e+02,2.038852e+00,4.868529e+03,-1.299456e+05,4.969112e+04,-2.191584e+05,-1.154422e-01,3.316124e+01,-1.123128e-02,-9.665784e+01,8.637125e+03,6.933427e+02
2.740525e-03,3.248302e+04,5.216136e+04,1.013617e+00,2.498524e-02,1.465274e+01,1.023985e-01,9.774000e-07,7.283514e+03,0.000000e+00,0.000000e+00,1.009198e+04,0.000000e+00,0.000000e+00,0.000000e+00,0.000000e+00,0.000000e+00,0.000000e+00,0.000000e+00,0.000000e+00,0.000000e+00,0.000000e+00,0.000000e+00,0.000000e+00,0.000000e+00,0.000000e+00,0.000000e+00,0.000000e+00,0.000000e+00,0.000000e+00,0.000000e+00,0.000000e+00,0.000000e+00,0.000000e+00,0.000000e+00,0.000000e+00,0.000000e+00,0.000000e+00,0.000000e+00,0.000000e+00,0.000000e+00,0.000000e+00,0.000000e+00,0.000000e+00,0.000000e+00,0.000000e+00,0.000000e+00,0.000000e+00,0.000000e+00,3.248302e+04,6.956411e+03,3.345183e-01,1.514955e-02,-2.064472e+00,1.136610e-03,0.000000e+00,0.000000e+00,0.000000e+00,0.000000e+00,0.000000e+00,0.000000e+00,0.000000e+00,0.000000e+00,0.000000e+00,0.000000e+00,0.000000e+00,0.000000e+00,0.000000e+00,0.000000e+00,0.000000e+00,0.000000e+00,0.000000e+00,0.000000e+00,0.000000e+00,0.000000e+00,0.000000e+00,1.540433e+05,2.945506e+04,2.297225e+05,9.842579e-01,-4.021679e-02,-3.831071e+01,-1.618548e+00,2.413567e-02,-5.394046e-01,2.624088e-03,-2.857869e-03,4.492563e+01,-1.197040e+00,-2.588081e-02,-1.431008e-03,9.231677e-02,-7.948538e-04,-5.731057e+00,1.318055e+02,2.043449e+00,4.866207e+03,-1.294732e+05,-2.949267e+04,-2.444100e+05,-1.151062e-01,3.324602e+01,-1.212089e-02,-3.123085e+01,8.629318e+03,-4.492350e+02
2.750299e-03,3.251667e+04,5.207459e+04,1.013932e+00,2.500735e-02,1.466771e+01,1.023985e-01,9.774000e-07,7.320034e+03,0.000000e+00,0.000000e+00,1.010791e+04,0.000000e+00,0.000000e+00,0.000000e+00,0.000000e+00,0.000000e+00,0.000000e+00,0.000000e+00,0.000000e+00,0.000000e+00,0.000000e+00,0.000000e+00,0.000000e+00,0.000000e+00,0.000000e+00,0.000000e+00,0.000000e+00,0.000000e+00,0.000000e+00,0.000000e+00,0.000000e+00,0.000000e+00,0.000000e+00,0.000000e+00,0.000000e+00,0.000000e+00,0.000000e+00,0.000000e+00,0.000000e+00,0.000000e+00,0.000000e+00,0.000000e+00,0.000000e+00,0.000000e+00,0.000000e+00,0.000000e+00,0.000000e+00,0.000000e+00,3.251667e+04,6.905665e+03,3.375085e-01,1.543573e-02,-2.045944e+00,1.136610e-03,0.000000e+00,0.000000e+00,0.000000e+00,0.000000e+00,0.000000e+00,0.000000e+00,0.000000e+00,0.000000e+00,0.000000e+00,0.000000e+00,0.000000e+00,0.000000e+00,0.000000e+00,0.000000e+00,0.000000e+00,0.000000e+00,0.000000e+00,0.000000e+00,0.000000e+00,0.000000e+00,0.000000e+00,1.820066e+05,2.426285e+03,2.519032e+05,9.894243e-01,-4.015508e-02,-3.830642e+01,-1.620456e+00,2.424891e-02,-5.383573e-01,2.623984e-03,-2.802267e-03,4.494055e+01,-1.197359e+00,-2.585543e-02,-1.440434e-03,9.359822e-02,-7.759714e-04,-5.683508e+00,1.305318e+02,1.924274e+00,4.863742e+03,-1.358710e+05,-2.469509e+03,-2.795004e+05,-1.143137e-01,3.332930e+01,-1.573899e-02,4.665189e+00,8.566872e+03,-1.597141e+02
2.760073e-03,3.255596e+04,5.198349e+04,1.014146e+00,2.505145e-02,1.468192e+01,1.023986e-01,9.774000e-07,7.356744e+03,0.000000e+00,0.000000e+00,1.012290e+04,0.000000e+00,0.000000e+00,0.000000e+00,0.000000e+00,0.000000e+00,0.000000e+00,0.000000e+00,0.000000e+00,0.000000e+00,0.000000e+00,0.000000e+00,0.000000e+00,0.000000e+00,0.000000e+00,0.000000e+00,0.000000e+00,0.000000e+00,0.000000e+00,0.000000e+00,0.000000e+00,0.000000e+00,0.000000e+00,0.000000e+00,0.000000e+00,0.000000e+00,0.000000e+00,0.000000e+00,0.000000e+00,0.000000e+00,0.000000e+00,0.000000e+00,0.000000e+00,0.000000e+00,0.000000e+00,0.000000e+00,0.000000e+00,0.000000e+00,3.255596e+04,6.855407e+03,3.405079e-01,1.560420e-02,-2.027333e+00,1.136610e-03,0.000000e+00,0.000000e+00,0.000000e+00,0.000000e+00,0.000000e+00,0.000000e+00,0.000000e+00,0.000000e+00,0.000000e+00,0.000000e+00,0.000000e+00,0.000000e+00,0.000000e+00,0.000000e+00,0.000000e+00,0.000000e+00,0.000000e+00,0.000000e+00,0.000000e+00,0.000000e+00,0.000000e+00,1.987760e+05,-2.537955e+04,2.611058e+05,9.945825e-01,-4.012557e-02,-3.830095e+01,-1.622223e+00,2.434966e-02,-5.374019e-01,2.623894e-03,-2.751496e-03,4.495465e+01,-1.197540e+00,-2.587716e-02,-1.449952e-03,9.486692e-02,-7.577905e-04,-5.635985e+00,1.292066e+02,1.829120e+00,4.860920e+03,-1.361460e+05,2.533313e+04,-2.985879e+05,-1.139892e-01,3.341278e+01,-1.832044e-02,2.886471e+02,8.570775e+03,-5.335238e+01
2.770825e-03,3.260575e+04,5.187806e+04,1.014237e+00,2.507231e-02,1.469650e+01,1.023986e-01,9.774000e-07,7.396841e+03,0.000000e+00,0.000000e+00,1.013791e+04,0.000000e+00,0.000000e+00,0.000000e+00,0.000000e+00,0.000000e+00,0.000000e+00,0.000000e+00,0.000000e+00,0.000000e+00,0.000000e+00,0.000000e+00,0.000000e+00,0.000000e+00,0.000000e+00,0.000000e+00,0.000000e+00,0.000000e+00,0.000000e+00,0.000000e+00,0.000000e+00,0.000000e+00,0.000000e+00,0.000000e+00,0.000000e+00,0.000000e+00,0.000000e+00,0.000000e+00,0.000000e+00,0.000000e+00,0.000000e+00,0.000000e+00,0.000000e+00,0.000000e+00,0.000000e+00,0.000000e+00,0.000000e+00,0.000000e+00,3.260575e+04,6.800137e+03,3.437737e-01,1.591789e-02,-2.006964e+00,1.136610e-03,0.000000e+00,0.000000e+00,0.000000e+00,0.000000e+00,0.000000e+00,0.000000e+00,0.000000e+00,0.000000e+00,0.000000e+00,0.000000e+00,0.000000e+00,0.000000e+00,0.000000e+00,0.000000e+00,0.000000e+00,0.000000e+00,0.000000e+00,0.000000e+00,0.000000e+00,0.000000e+00,0.000000e+00,2.255054e+05,1.406487e+04,2.879826e+05,1.000152e+00,-3.986576e-02,-3.829399e+01,-1.623980e+00,2.446642e-02,-5.364150e-01,2.623808e-03,-2.702337e-03,4.496914e+01,-1.197651e+00,-2.585361e-02,-1.459723e-03,9.624750e-02,-7.387762e-04,-5.583743e+00,1.277353e+02,1.716597e+00,4.857567e+03,-1.473174e+05,-1.411728e+04,-3.347877e+05,-1.127207e-01,3.350374e+01,-2.136534e-02,-1.187641e+02,8.520037e+03,-1.403425e+02
2.780599e-03,3.265623e+04,5.177888e+04,1.014181e+00,2.509072e-02,1.470886e+01,1.023986e-01,9.774000e-07,7.432585e+03,0.000000e+00,0.000000e+00,1.015023e+04,0.000000e+00,0.000000e+00,0.000000e+00,0.000000e+00,0.000000e+00,0.000000e+00,0.000000e+00,0.000000e+00,0.000000e+00,0.000000e+00,0.000000e+00,0.000000e+00,0.000000e+00,0.000000e+00,0.000000e+00,0.000000e+00,0.000000e+00,0.000000e+00,0.000000e+00,0.000000e+00,0.000000e+00,0.000000e+00,0.000000e+00,0.000000e+00,0.000000e+00,0.000000e+00,0.000000e+00,0.000000e+00,0.000000e+00,0.000000e+00,0.000000e+00,0.000000e+00,0.000000e+00,0.000000e+00,0.000000e+00,0.000000e+00,0.000000e+00,3.265623e+04,6.749562e+03,3.467576e-01,1.631124e-02,-1.988728e+00,1.136610e-03,0.000000e+00,0.000000e+00,0.000000e+00,0.000000e+00,0.000000e+00,0.000000e+00,0.000000e+00,0.000000e+00,0.000000e+00,0.000000e+00,0.000000e+00,0.000000e+00,0.000000e+00,0.000000e+00,0.000000e+00,0.000000e+00,0.000000e+00,0.000000e+00,0.000000e+00,0.000000e+00,0.000000e+00,2.240020e+05,-4.548352e+04,2.811566e+05,1.005132e+00,-3.981162e-02,-3.828724e+01,-1.625419e+00,2.453159e-02,-5.355244e-01,2.623738e-03,-2.664380e-03,4.498142e+01,-1.197656e+00,-2.586423e-02,-1.466330e-03,9.748850e-02,-7.232031e-04,-5.536282e+00,1.263621e+02,1.597319e+00,4.854377e+03,-1.421196e+05,4.543152e+04,-3.302009e+05,-1.123010e-01,3.358480e+01,-2.400968e-02,-7.824101e+01,8.114136e+03,4.222911e+02
2.790373e-03,3.271109e+04,5.167699e+04,1.014079e+00,2.511081e-02,1.472050e+01,1.023987e-01,9.774000e-07,7.467677e+03,0.000000e+00,0.000000e+00,1.016182e+04,0.000000e+00,0.000000e+00,0.000000e+00,0.000000e+00,0.000000e+00,0.000000e+00,0.000000e+00,0.000000e+00,0.000000e+00,0.000000e+00,0.000000e+00,0.000000e+00,0.000000e+00,0.000000e+00,0.000000e+00,0.000000e+00,0.000000e+00,0.000000e+00,0.000000e+00,0.000000e+00,0.000000e+00,0.000000e+00,0.000000e+00,0.000000e+00,0.000000e+00,0.000000e+00,0.000000e+00,0.000000e+00,0.000000e+00,0.000000e+00,0.000000e+00,0.000000e+00,0.000000e+00,0.000000e+00,0.000000e+00,0.000000e+00,0.000000e+00,3.271109e+04,6.698553e+03,3.496323e-01,1.625624e-02,-1.970833e+00,1.136610e-03,0.000000e+00,0.000000e+00,0.000000e+00,0.000000e+00,0.000000e+00,0.000000e+00,0.000000e+00,0.000000e+00,0.000000e+00,0.000000e+00,0.000000e+00,0.000000e+00,0.000000e+00,0.000000e+00,0.000000e+00,0.000000e+00,0.000000e+00,0.000000e+00,0.000000e+00,0.000000e+00,0.000000e+00,2.345930e+05,-1.436664e+04,2.869617e+05,1.010005e+00,-3.985725e-02,-3.828002e+01,-1.626782e+00,2.454688e-02,-5.347520e-01,2.623674e-03,-2.632872e-03,4.499300e+01,-1.197599e+00,-2.583652e-02,-1.470151e-03,9.871620e-02,-7.075587e-04,-5.488853e+00,1.250061e+02,1.626293e+00,4.851112e+03,-1.423501e+05,1.431244e+04,-3.422264e+05,-1.117529e-01,3.366401e+01,-2.468326e-02,-2.063508e+02,8.110232e+03,2.786593e+02
2.800147e-03,3.276999e+04,5.157238e+04,1.013928e+00,2.507007e-02,1.473159e+01,1.023987e-01,9.774000e-07,7.502395e+03,0.000000e+00,0.000000e+00,1.017279e+04,0.000000e+00,0.000000e+00,0.000000e+00,0.000000e+00,0.000000e+00,0.000000e+00,0.000000e+00,0.000000e+00,0.000000e+00,0.000000e+00,0.000000e+00,0.000000e+00,0.000000e+00,0.000000e+00,0.000000e+00,0.000000e+00,0.000000e+00,0.000000e+00,0.000000e+00,0.000000e+00,0.000000e+00,0.000000e+00,0.000000e+00,0.000000e+00,0.000000e+00,0.000000e+00,0.000000e+00,0.000000e+00,0.000000e+00,0.000000e+00,0.000000e+00,0.000000e+00,0.000000e+00,0.000000e+00,0.000000e+00,0.000000e+00,0.000000e+00,3.276999e+04,6.646962e+03,3.525174e-01,1.639266e-02,-1.953081e+00,1.136610e-03,0.000000e+00,0.000000e+00,0.000000e+00,0.000000e+00,0.000000e+00,0.000000e+00,0.000000e+00,0.000000e+00,0.000000e+00,0.000000e+00,0.000000e+00,0.000000e+00,0.000000e+00,0.000000e+00,0.000000e+00,0.000000e+00,0.000000e+00,0.000000e+00,0.000000e+00,0.000000e+00,0.000000e+00,2.425987e+05,5.108197e+03,2.886274e+05,1.014857e+00,-3.971041e-02,-3.827236e+01,-1.627998e+00,2.457289e-02,-5.339891e-01,2.623618e-03,-2.607988e-03,4.500398e+01,-1.197456e+00,-2.578586e-02,-1.472198e-03,9.993049e-02,-6.922493e-04,-5.441456e+00,1.236083e+02,1.576779e+00,4.847721e+03,-1.401572e+05,-5.163952e+03,-3.500218e+05,-1.114459e-01,3.374228e+01,-2.551866e-02,1.225527e+02,7.899476e+03,-3.703775e+02
2.810898e-03,3.283853e+04,5.145488e+04,1.013680e+00,2.504936e-02,1.474304e+01,1.023988e-01,9.774000e-07,7.539954e+03,0.000000e+00,0.000000e+00,1.018358e+04,0.000000e+00,0.000000e+00,0.000000e+00,0.000000e+00,0.000000e+00,0.000000e+00,0.000000e+00,0.000000e+00,0.000000e+00,0.000000e+00,0.000000e+00,0.000000e+00,0.000000e+00,0.000000e+00,0.000000e+00,0.000000e+00,0.000000e+00,0.000000e+00,0.000000e+00,0.000000e+00,0.000000e+00,0.000000e+00,0.000000e+00,0.000000e+00,0.000000e+00,0.000000e+00,0.000000e+00,0.000000e+00,0.000000e+00,0.000000e+00,0.000000e+00,0.000000e+00,0.000000e+00,0.000000e+00,0.000000e+00,0.000000e+00,0.000000e+00,3.283853e+04,6.589526e+03,3.556982e-01,1.637147e-02,-1.933908e+00,1.136610e-03,0.000000e+00,0.000000e+00,0.000000e+00,0.000000e+00,0.000000e+00,0.000000e+00,0.000000e+00,0.000000e+00,0.000000e+00,0.000000e+00,0.000000e+00,0.000000e+00,0.000000e+00,0.000000e+00,0.000000e+00,0.000000e+00,0.000000e+00,0.000000e+00,0.000000e+00,0.000000e+00,0.000000e+00,2.352223e+05,-1.417932e+04,2.876798e+05,1.020081e+00,-3.976342e-02,-3.826360e+01,-1.629256e+00,2.454400e-02,-5.332534e-01,2.623556e-03,-2.589484e-03,4.501531e+01,-1.197256e+00,-2.572000e-02,-1.473392e-03,1.012506e-01,-6.752227e-04,-5.389359e+00,1.220875e+02,1.575993e+00,4.843918e+03,-1.429240e+05,1.412427e+04,-3.430211e+05,-1.110044e-01,3.382679e+01,-2.652060e-02,8.568855e+01,7.622370e+03,2.607589e+01
2.820672e-03,3.290349e+04,5.134699e+04,1.013397e+00,2.500801e-02,1.475285e+01,1.023988e-01,9.774000e-07,7.573426e+03,0.000000e+00,0.000000e+00,1.019238e+04,0.000000e+00,0.000000e+00,0.000000e+00,0.000000e+00,0.000000e+00,0.000000e+00,0.000000e+00,0.000000e+00,0.000000e+00,0.000000e+00,0.000000e+00,0.000000e+00,0.000000e+00,0.000000e+00,0.000000e+00,0.000000e+00,0.000000e+00,0.000000e+00,0.000000e+00,0.000000e+00,0.000000e+00,0.000000e+00,0.000000e+00,0.000000e+00,0.000000e+00,0.000000e+00,0.000000e+00,0.000000e+00,0.000000e+00,0.000000e+00,0.000000e+00,0.000000e+00,0.000000e+00,0.000000e+00,0.000000e+00,0.000000e+00,0.000000e+00,3.290349e+04,6.537001e+03,3.586156e-01,1.622768e-02,-1.916887e+00,1.136610e-03,0.000000e+00,0.000000e+00,0.000000e+00,0.000000e+00,0.000000e+00,0.000000e+00,0.000000e+00,0.000000e+00,0.000000e+00,0.000000e+00,0.000000e+00,0.000000e+00,0.000000e+00,0.000000e+00,0.000000e+00,0.000000e+00,0.000000e+00,0.000000e+00,0.000000e+00,0.000000e+00,0.000000e+00,2.514741e+05,-6.673696e+03,2.933298e+05,1.024783e+00,-3.991446e-02,-3.825537e+01,-1.630296e+00,2.450264e-02,-5.326780e-01,2.623495e-03,-2.579776e-03,4.502506e+01,-1.197024e+00,-2.567291e-02,-1.473940e-03,1.024364e-01,-6.595324e-04,-5.342033e+00,1.206833e+02,1.646381e+00,4.840450e+03,-1.403697e+05,6.615619e+03,-3.599704e+05,-1.103891e-01,3.390181e+01,-2.625740e-02,-1.110498e+02,7.595049e+03,1.209347e+02
2.830446e-03,3.297027e+04,5.123812e+04,1.013096e+00,2.493552e-02,1.476230e+01,1.023988e-01,9.774000e-07,7.606519e+03,0.000000e+00,0.000000e+00,1.020081e+04,0.000000e+00,0.000000e+00,0.000000e+00,0.000000e+00,0.000000e+00,0.000000e+00,0.000000e+00,0.000000e+00,0.000000e+00,0.000000e+00,0.000000e+00,0.000000e+00,0.000000e+00,0.000000e+00,0.000000e+00,0.000000e+00,0.000000e+00,0.000000e+00,0.000000e+00,0.000000e+00,0.000000e+00,0.000000e+00,0.000000e+00,0.000000e+00,0.000000e+00,0.000000e+00,0.000000e+00,0.000000e+00,0.000000e+00,0.000000e+00,0.000000e+00,0.000000e+00,0.000000e+00,0.000000e+00,0.000000e+00,0.000000e+00,0.000000e+00,3.297027e+04,6.484687e+03,3.614055e-01,1.619741e-02,-1.900061e+00,1.136610e-03,0.000000e+00,0.000000e+00,0.000000e+00,0.000000e+00,0.000000e+00,0.000000e+00,0.000000e+00,0.000000e+00,0.000000e+00,0.000000e+00,0.000000e+00,0.000000e+00,0.000000e+00,0.000000e+00,0.000000e+00,0.000000e+00,0.000000e+00,0.000000e+00,0.000000e+00,0.000000e+00,0.000000e+00,2.581304e+05,1.729074e+04,3.082038e+05,1.029358e+00,-3.981077e-02,-3.824671e+01,-1.631250e+00,2.445632e-02,-5.321864e-01,2.623436e-03,-2.575550e-03,4.503447e+01,-1.196750e+00,-2.560748e-02,-1.474183e-03,1.036086e-01,-6.434885e-04,-5.294742e+00,1.193048e+02,1.641242e+00,4.836878e+03,-1.504811e+05,-1.735128e+04,-3.727925e+05,-1.102190e-01,3.397588e+01,-2.680318e-02,1.670930e+02,7.454545e+03,-3.991061e+02
2.840220e-03,3.303834e+04,5.112911e+04,1.012799e+00,2.486703e-02,1.477158e+01,1.023988e-01,9.774000e-07,7.639258e+03,0.000000e+00,0.000000e+00,1.020881e+04,0.000000e+00,0.000000e+00,0.000000e+00,0.000000e+00,0.000000e+00,0.000000e+00,0.000000e+00,0.000000e+00,0.000000e+00,0.000000e+00,0.000000e+00,0.000000e+00,0.000000e+00,0.000000e+00,0.000000e+00,0.000000e+00,0.000000e+00,0.000000e+00,0.000000e+00,0.000000e+00,0.000000e+00,0.000000e+00,0.000000e+00,0.000000e+00,0.000000e+00,0.000000e+00,0.000000e+00,0.000000e+00,0.000000e+00,0.000000e+00,0.000000e+00,0.000000e+00,0.000000e+00,0.000000e+00,0.000000e+00,0.000000e+00,0.000000e+00,3.303834e+04,6.432859e+03,3.642884e-01,1.616986e-02,-1.883291e+00,1.136609e-03,0.000000e+00,0.000000e+00,0.000000e+00,0.000000e+00,0.000000e+00,0.000000e+00,0.000000e+00,0.000000e+00,0.000000e+00,0.000000e+00,0.000000e+00,0.000000e+00,0.000000e+00,0.000000e+00,0.000000e+00,0.000000e+00,0.000000e+00,0.000000e+00,0.000000e+00,0.000000e+00,0.000000e+00,2.703597e+05,5.024570e+04,3.030567e+05,1.033909e+00,-3.967503e-02,-3.823781e+01,-1.632085e+00,2.441769e-02,-5.317271e-01,2.623376e-03,-2.575339e-03,4.504361e+01,-1.196440e+00,-2.556956e-02,-1.474251e-03,1.047669e-01,-6.275934e-04,-5.247485e+00,1.178778e+02,1.630498e+00,4.833249e+03,-1.403113e+05,-5.030789e+04,-3.811092e+05,-1.095925e-01,3.404889e+01,-2.773262e-02,6.011005e+02,7.524797e+03,-8.596354e+02
2.850971e-03,3.311436e+04,5.100920e+04,1.012377e+00,2.483821e-02,1.478130e+01,1.023988e-01,9.774000e-07,7.674596e+03,0.000000e+00,0.000000e+00,1.021683e+04,0.000000e+00,0.000000e+00,0.000000e+00,0.000000e+00,0.000000e+00,0.000000e+00,0.000000e+00,0.000000e+00,0.000000e+00,0.000000e+00,0.000000e+00,0.000000e+00,0.000000e+00,0.000000e+00,0.000000e+00,0.000000e+00,0.000000e+00,0.000000e+00,0.000000e+00,0.000000e+00,0.000000e+00,0.000000e+00,0.000000e+00,0.000000e+00,0.000000e+00,0.000000e+00,0.000000e+00,0.000000e+00,0.000000e+00,0.000000e+00,0.000000e+00,0.000000e+00,0.000000e+00,0.000000e+00,0.000000e+00,0.000000e+00,0.000000e+00,3.311436e+04,6.376164e+03,3.674356e-01,1.609514e-02,-1.865000e+00,1.136610e-03,0.000000e+00,0.000000e+00,0.000000e+00,0.000000e+00,0.000000e+00,0.000000e+00,0.000000e+00,0.000000e+00,0.000000e+00,0.000000e+00,0.000000e+00,0.000000e+00,0.000000e+00,0.000000e+00,0.000000e+00,0.000000e+00,0.000000e+00,0.000000e+00,0.000000e+00,0.000000e+00,0.000000e+00,2.607834e+05,-8.186635e+03,2.921154e+05,1.038779e+00,-3.986636e-02,-3.822799e+01,-1.632887e+00,2.435833e-02,-5.313461e-01,2.623308e-03,-2.576727e-03,4.505333e+01,-1.196055e+00,-2.552769e-02,-1.474249e-03,1.060253e-01,-6.104204e-04,-5.195545e+00,1.163387e+02,1.658034e+00,4.829271e+03,-1.352939e+05,8.126277e+03,-3.674724e+05,-1.087027e-01,3.412771e+01,-2.800821e-02,-1.503609e+02,7.216468e+03,2.824459e+01
2.860745e-03,3.318398e+04,5.090029e+04,1.011982e+00,2.481784e-02,1.479010e+01,1.023989e-01,9.774000e-07,7.706457e+03,0.000000e+00,0.000000e+00,1.022400e+04,0.000000e+00,0.000000e+00,0.000000e+00,0.000000e+00,0.000000e+00,0.000000e+00,0.000000e+00,0.000000e+00,0.000000e+00,0.000000e+00,0.000000e+00,0.000000e+00,0.000000e+00,0.000000e+00,0.000000e+00,0.000000e+00,0.000000e+00,0.000000e+00,0.000000e+00,0.000000e+00,0.000000e+00,0.000000e+00,0.000000e+00,0.000000e+00,0.000000e+00,0.000000e+00,0.000000e+00,0.000000e+00,0.000000e+00,0.000000e+00,0.000000e+00,0.000000e+00,0.000000e+00,0.000000e+00,0.000000e+00,0.000000e+00,0.000000e+00,3.318398e+04,6.324969e+03,3.702401e-01,1.611009e-02,-1.848434e+00,1.136609e-03,0.000000e+00,0.000000e+00,0.000000e+00,0.000000e+00,0.000000e+00,0.000000e+00,0.000000e+00,0.000000e+00,0.000000e+00,0.000000e+00,0.000000e+00,0.000000e+00,0.000000e+00,0.000000e+00,0.000000e+00,0.000000e+00,0.000000e+00,0.000000e+00,0.000000e+00,0.000000e+00,0.000000e+00,2.576787e+05,-3.948877e+04,3.150502e+05,1.043146e+00,-3.979711e-02,-3.821883e+01,-1.633573e+00,2.431834e-02,-5.310335e-01,2.623242e-03,-2.576664e-03,4.506209e+01,-1.195661e+00,-2.550976e-02,-1.474260e-03,1.071550e-01,-5.948384e-04,-5.148363e+00,1.149584e+02,1.607289e+00,4.825615e+03,-1.571229e+05,3.942664e+04,-3.754627e+05,-1.080443e-01,3.419853e+01,-2.952853e-02,1.943981e+02,7.134507e+03,3.889696e+02
2.870519e-03,3.325373e+04,5.079200e+04,1.011600e+00,2.480438e-02,1.479884e+01,1.023989e-01,9.774000e-07,7.737818e+03,0.000000e+00,0.000000e+00,1.023121e+04,0.000000e+00,0.000000e+00,0.000000e+00,0.000000e+00,0.000000e+00,0.000000e+00,0.000000e+00,0.000000e+00,0.000000e+00,0.000000e+00,0.000000e+00,0.000000e+00,0.000000e+00,0.000000e+00,0.000000e+00,0.000000e+00,0.000000e+00,0.000000e+00,0.000000e+00,0.000000e+00,0.000000e+00,0.000000e+00,0.000000e+00,0.000000e+00,0.000000e+00,0.000000e+00,0.000000e+00,0.000000e+00,0.000000e+00,0.000000e+00,0.000000e+00,0.000000e+00,0.000000e+00,0.000000e+00,0.000000e+00,0.000000e+00,0.000000e+00,3.325373e+04,6.273873e+03,3.730209e-01,1.602085e-02,-1.832000e+00,1.136610e-03,0.000000e+00,0.000000e+00,0.000000e+00,0.000000e+00,0.000000e+00,0.000000e+00,0.000000e+00,0.000000e+00,0.000000e+00,0.000000e+00,0.000000e+00,0.000000e+00,0.000000e+00,0.000000e+00,0.000000e+00,0.000000e+00,0.000000e+00,0.000000e+00,0.000000e+00,0.000000e+00,0.000000e+00,2.688181e+05,-1.311226e+04,3.135914e+05,1.047449e+00,-3.968914e-02,-3.820969e+01,-1.634236e+00,2.426417e-02,-5.307321e-01,2.623176e-03,-2.576459e-03,4.507061e+01,-1.195235e+00,-2.548287e-02,-1.474273e-03,1.082711e-01,-5.784492e-04,-5.101217e+00,1.135639e+02,1.610908e+00,4.821994e+03,-1.507318e+05,1.304831e+04,-3.845573e+05,-1.083674e-01,3.426796e+01,-2.974136e-02,-3.574739e+02,7.310138e+03,2.935734e+02
2.880293e-03,3.332366e+04,5.068373e+04,1.011077e+00,2.477090e-02,1.480739e+01,1.023990e-01,9.774000e-07,7.769110e+03,0.000000e+00,0.000000e+00,1.023792e+04,0.000000e+00,0.000000e+00,0.000000e+00,0.000000e+00,0.000000e+00,0.000000e+00,0.000000e+00,0.000000e+00,0.000000e+00,0.000000e+00,0.000000e+00,0.000000e+00,0.000000e+00,0.000000e+00,0.000000e+00,0.000000e+00,0.000000e+00,0.000000e+00,0.000000e+00,0.000000e+00,0.000000e+00,0.000000e+00,0.000000e+00,0.000000e+00,0.000000e+00,0.000000e+00,0.000000e+00,0.000000e+00,0.000000e+00,0.000000e+00,0.000000e+00,0.000000e+00,0.000000e+00,0.000000e+00,0.000000e+00,0.000000e+00,0.000000e+00,3.332366e+04,6.223367e+03,3.757466e-01,1.578416e-02,-1.815551e+00,1.136610e-03,0.000000e+00,0.000000e+00,0.000000e+00,0.000000e+00,0.000000e+00,0.000000e+00,0.000000e+00,0.000000e+00,0.000000e+00,0.000000e+00,0.000000e+00,0.000000e+00,0.000000e+00,0.000000e+00,0.000000e+00,0.000000e+00,0.000000e+00,0.000000e+00,0.000000e+00,0.000000e+00,0.000000e+00,2.665581e+05,-8.815728e+03,3.007499e+05,1.051658e+00,-3.983235e-02,-3.820039e+01,-1.634843e+00,2.419410e-02,-5.305117e-01,2.623101e-03,-2.576163e-03,4.507912e+01,-1.194777e+00,-2.546295e-02,-1.474286e-03,1.093736e-01,-5.619749e-04,-5.054106e+00,1.121790e+02,1.690984e+00,4.818335e+03,-1.405797e+05,8.752771e+03,-3.764866e+05,-1.095036e-01,3.433730e+01,-2.850590e-02,-3.159293e+02,7.083769e+03,2.761685e+02
2.890067e-03,3.339327e+04,5.057669e+04,1.010594e+00,2.475406e-02,1.481599e+01,1.023990e-01,9.774000e-07,7.799638e+03,0.000000e+00,0.000000e+00,1.024475e+04,0.000000e+00,0.000000e+00,0.000000e+00,0.000000e+00,0.000000e+00,0.000000e+00,0.000000e+00,0.000000e+00,0.000000e+00,0.000000e+00,0.000000e+00,0.000000e+00,0.000000e+00,0.000000e+00,0.000000e+00,0.000000e+00,0.000000e+00,0.000000e+00,0.000000e+00,0.000000e+00,0.000000e+00,0.000000e+00,0.000000e+00,0.000000e+00,0.000000e+00,0.000000e+00,0.000000e+00,0.000000e+00,0.000000e+00,0.000000e+00,0.000000e+00,0.000000e+00,0.000000e+00,0.000000e+00,0.000000e+00,0.000000e+00,0.000000e+00,3.339327e+04,6.172615e+03,3.784617e-01,1.542479e-02,-1.799301e+00,1.136609e-03,0.000000e+00,0.000000e+00,0.000000e+00,0.000000e+00,0.000000e+00,0.000000e+00,0.000000e+00,0.000000e+00,0.000000e+00,0.000000e+00,0.000000e+00,0.000000e+00,0.000000e+00,0.000000e+00,0.000000e+00,0.000000e+00,0.000000e+00,0.000000e+00,0.000000e+00,0.000000e+00,0.000000e+00,2.528334e+05,6.696963e+03,2.916130e+05,1.055862e+00,-4.018273e-02,-3.819136e+01,-1.635426e+00,2.413531e-02,-5.302931e-01,2.623024e-03,-2.575778e-03,4.508754e+01,-1.194296e+00,-2.543037e-02,-1.474300e-03,1.104626e-01,-5.450205e-04,-5.007031e+00,1.108001e+02,1.849807e+00,4.814768e+03,-1.390690e+05,-6.757531e+03,-3.600304e+05,-1.105170e-01,3.440486e+01,-2.625221e-02,-2.648181e+01,6.763731e+03,-1.460597e+02
2.900819e-03,3.346939e+04,5.045972e+04,1.009992e+00,2.471193e-02,1.482528e+01,1.023990e-01,9.774000e-07,7.832791e+03,0.000000e+00,0.000000e+00,1.025219e+04,0.000000e+00,0.000000e+00,0.000000e+00,0.000000e+00,0.000000e+00,0.000000e+00,0.000000e+00,0.000000e+00,0.000000e+00,0.000000e+00,0.000000e+00,0.000000e+00,0.000000e+00,0.000000e+00,0.000000e+00,0.000000e+00,0.000000e+00,0.000000e+00,0.000000e+00,0.000000e+00,0.000000e+00,0.000000e+00,0.000000e+00,0.000000e+00,0.000000e+00,0.000000e+00,0.000000e+00,0.000000e+00,0.000000e+00,0.000000e+00,0.000000e+00,0.000000e+00,0.000000e+00,0.000000e+00,0.000000e+00,0.000000e+00,0.000000e+00,3.346939e+04,6.117123e+03,3.813785e-01,1.529806e-02,-1.781556e+00,1.136610e-03,0.000000e+00,0.000000e+00,0.000000e+00,0.000000e+00,0.000000e+00,0.000000e+00,0.000000e+00,0.000000e+00,0.000000e+00,0.000000e+00,0.000000e+00,0.000000e+00,0.000000e+00,0.000000e+00,0.000000e+00,0.000000e+00,0.000000e+00,0.000000e+00,0.000000e+00,0.000000e+00,0.000000e+00,2.469673e+05,-2.648698e+04,2.930897e+05,1.060427e+00,-4.019212e-02,-3.818142e+01,-1.636020e+00,2.406309e-02,-5.300767e-01,2.622928e-03,-2.575248e-03,4.509683e+01,-1.193737e+00,-2.539047e-02,-1.474316e-03,1.116450e-01,-5.254049e-04,-4.955289e+00,1.092946e+02,1.846628e+00,4.810868e+03,-1.432549e+05,2.642675e+04,-3.554935e+05,-1.119539e-01,3.447794e+01,-2.601341e-02,-7.337000e+01,6.697382e+03,3.463484e+02
2.910593e-03,3.353819e+04,5.035392e+04,1.009436e+00,2.465593e-02,1.483370e+01,1.023991e-01,9.774000e-07,7.862989e+03,0.000000e+00,0.000000e+00,1.025891e+04,0.000000e+00,0.000000e+00,0.000000e+00,0.000000e+00,0.000000e+00,0.000000e+00,0.000000e+00,0.000000e+00,0.000000e+00,0.000000e+00,0.000000e+00,0.000000e+00,0.000000e+00,0.000000e+00,0.000000e+00,0.000000e+00,0.000000e+00,0.000000e+00,0.000000e+00,0.000000e+00,0.000000e+00,0.000000e+00,0.000000e+00,0.000000e+00,0.000000e+00,0.000000e+00,0.000000e+00,0.000000e+00,0.000000e+00,0.000000e+00,0.000000e+00,0.000000e+00,0.000000e+00,0.000000e+00,0.000000e+00,0.000000e+00,0.000000e+00,3.353819e+04,6.066880e+03,3.839114e-01,1.523182e-02,-1.765499e+00,1.136609e-03,0.000000e+00,0.000000e+00,0.000000e+00,0.000000e+00,0.000000e+00,0.000000e+00,0.000000e+00,0.000000e+00,0.000000e+00,0.000000e+00,0.000000e+00,0.000000e+00,0.000000e+00,0.000000e+00,0.000000e+00,0.000000e+00,0.000000e+00,0.000000e+00,0.000000e+00,0.000000e+00,0.000000e+00,2.521827e+05,-6.137261e+03,2.879213e+05,1.064438e+00,-4.011099e-02,-3.817228e+01,-1.636596e+00,2.402860e-02,-5.299713e-01,2.622833e-03,-2.574673e-03,4.510521e+01,-1.193204e+00,-2.534419e-02,-1.474330e-03,1.127061e-01,-5.070574e-04,-4.908286e+00,1.079683e+02,1.848617e+00,4.807323e+03,-1.363662e+05,6.076338e+03,-3.576308e+05,-1.118420e-01,3.454435e+01,-2.598289e-02,-5.202600e+01,6.697382e+03,-4.333594e+00
2.920367e-03,3.360660e+04,5.024918e+04,1.008812e+00,2.461033e-02,1.484211e+01,1.023991e-01,9.774000e-07,7.892435e+03,0.000000e+00,0.000000e+00,1.026561e+04,0.000000e+00,0.000000e+00,0.000000e+00,0.000000e+00,0.000000e+00,0.000000e+00,0.000000e+00,0.000000e+00,0.000000e+00,0.000000e+00,0.000000e+00,0.000000e+00,0.000000e+00,0.000000e+00,0.000000e+00,0.000000e+00,0.000000e+00,0.000000e+00,0.000000e+00,0.000000e+00,0.000000e+00,0.000000e+00,0.000000e+00,0.000000e+00,0.000000e+00,0.000000e+00,0.000000e+00,0.000000e+00,0.000000e+00,0.000000e+00,0.000000e+00,0.000000e+00,0.000000e+00,0.000000e+00,0.000000e+00,0.000000e+00,0.000000e+00,3.360660e+04,6.016645e+03,3.864504e-01,1.496092e-02,-1.749599e+00,1.136610e-03,0.000000e+00,0.000000e+00,0.000000e+00,0.000000e+00,0.000000e+00,0.000000e+00,0.000000e+00,0.000000e+00,0.000000e+00,0.000000e+00,0.000000e+00,0.000000e+00,0.000000e+00,0.000000e+00,0.000000e+00,0.000000e+00,0.000000e+00,0.000000e+00,0.000000e+00,0.000000e+00,0.000000e+00,2.530057e+05,1.901642e+04,2.870690e+05,1.068460e+00,-4.025464e-02,-3.816333e+01,-1.637123e+00,2.397438e-02,-5.298420e-01,2.622732e-03,-2.574006e-03,4.511359e+01,-1.192641e+00,-2.529418e-02,-1.474344e-03,1.137542e-01,-4.882866e-04,-4.861318e+00,1.066325e+02,1.942287e+00,4.803855e+03,-1.353486e+05,-1.907775e+04,-3.579091e+05,-1.131073e-01,3.460897e+01,-2.467828e-02,1.638609e+02,6.689576e+03,-3.170308e+02
2.930141e-03,3.367463e+04,5.014479e+04,1.008211e+00,2.456483e-02,1.485052e+01,1.023991e-01,9.774000e-07,7.922115e+03,0.000000e+00,0.000000e+00,1.027223e+04,0.000000e+00,0.000000e+00,0.000000e+00,0.000000e+00,0.000000e+00,0.000000e+00,0.000000e+00,0.000000e+00,0.000000e+00,0.000000e+00,0.000000e+00,0.000000e+00,0.000000e+00,0.000000e+00,0.000000e+00,0.000000e+00,0.000000e+00,0.000000e+00,0.000000e+00,0.000000e+00,0.000000e+00,0.000000e+00,0.000000e+00,0.000000e+00,0.000000e+00,0.000000e+00,0.000000e+00,0.000000e+00,0.000000e+00,0.000000e+00,0.000000e+00,0.000000e+00,0.000000e+00,0.000000e+00,0.000000e+00,0.000000e+00,0.000000e+00,3.367463e+04,5.966973e+03,3.888014e-01,1.472890e-02,-1.733690e+00,1.136610e-03,0.000000e+00,0.000000e+00,0.000000e+00,0.000000e+00,0.000000e+00,0.000000e+00,0.000000e+00,0.000000e+00,0.000000e+00,0.000000e+00,0.000000e+00,0.000000e+00,0.000000e+00,0.000000e+00,0.000000e+00,0.000000e+00,0.000000e+00,0.000000e+00,0.000000e+00,0.000000e+00,0.000000e+00,2.449272e+05,5.143318e+03,2.828009e+05,1.072321e+00,-4.046990e-02,-3.815414e+01,-1.637697e+00,2.391456e-02,-5.298195e-01,2.622623e-03,-2.573250e-03,4.512193e+01,-1.192055e+00,-2.524072e-02,-1.474359e-03,1.147895e-01,-4.693187e-04,-4.814384e+00,1.053604e+02,2.027294e+00,4.800336e+03,-1.354741e+05,-5.203458e+03,-3.487289e+05,-1.146265e-01,3.467413e+01,-2.325394e-02,-1.112937e+01,6.416373e+03,-6.063793e+01
2.940892e-03,3.374889e+04,5.003122e+04,1.007504e+00,2.450396e-02,1.485973e+01,1.023991e-01,9.774000e-07,7.954004e+03,0.000000e+00,0.000000e+00,1.027954e+04,0.000000e+00,0.000000e+00,0.000000e+00,0.000000e+00,0.000000e+00,0.000000e+00,0.000000e+00,0.000000e+00,0.000000e+00,0.000000e+00,0.000000e+00,0.000000e+00,0.000000e+00,0.000000e+00,0.000000e+00,0.000000e+00,0.000000e+00,0.000000e+00,0.000000e+00,0.000000e+00,0.000000e+00,0.000000e+00,0.000000e+00,0.000000e+00,0.000000e+00,0.000000e+00,0.000000e+00,0.000000e+00,0.000000e+00,0.000000e+00,0.000000e+00,0.000000e+00,0.000000e+00,0.000000e+00,0.000000e+00,0.000000e+00,0.000000e+00,3.374889e+04,5.912368e+03,3.913606e-01,1.464655e-02,-1.716379e+00,1.136610e-03,0.000000e+00,0.000000e+00,0.000000e+00,0.000000e+00,0.000000e+00,0.000000e+00,0.000000e+00,0.000000e+00,0.000000e+00,0.000000e+00,0.000000e+00,0.000000e+00,0.000000e+00,0.000000e+00,0.000000e+00,0.000000e+00,0.000000e+00,0.000000e+00,0.000000e+00,0.000000e+00,0.000000e+00,2.551799e+05,-2.129025e+04,2.805866e+05,1.076601e+00,-4.045435e-02,-3.814431e+01,-1.638283e+00,2.387038e-02,-5.297468e-01,2.622496e-03,-2.572297e-03,4.513112e+01,-1.191382e+00,-2.518033e-02,-1.474375e-03,1.159138e-01,-4.479080e-04,-4.762796e+00,1.039334e+02,2.012072e+00,4.796567e+03,-1.288563e+05,2.122836e+04,-3.567132e+05,-1.147774e-01,3.474380e+01,-2.337026e-02,-3.367473e+02,6.529557e+03,3.674122e+02
2.950666e-03,3.381605e+04,4.992882e+04,1.006839e+00,2.444895e-02,1.486812e+01,1.023991e-01,9.774000e-07,7.982751e+03,0.000000e+00,0.000000e+00,1.028629e+04,0.000000e+00,0.000000e+00,0.000000e+00,0.000000e+00,0.000000e+00,0.000000e+00,0.000000e+00,0.000000e+00,0.000000e+00,0.000000e+00,0.000000e+00,0.000000e+00,0.000000e+00,0.000000e+00,0.000000e+00,0.000000e+00,0.000000e+00,0.000000e+00,0.000000e+00,0.000000e+00,0.000000e+00,0.000000e+00,0.000000e+00,0.000000e+00,0.000000e+00,0.000000e+00,0.000000e+00,0.000000e+00,0.000000e+00,0.000000e+00,0.000000e+00,0.000000e+00,0.000000e+00,0.000000e+00,0.000000e+00,0.000000e+00,0.000000e+00,3.381605e+04,5.863090e+03,3.935868e-01,1.459325e-02,-1.700677e+00,1.136610e-03,0.000000e+00,0.000000e+00,0.000000e+00,0.000000e+00,0.000000e+00,0.000000e+00,0.000000e+00,0.000000e+00,0.000000e+00,0.000000e+00,0.000000e+00,0.000000e+00,0.000000e+00,0.000000e+00,0.000000e+00,0.000000e+00,0.000000e+00,0.000000e+00,0.000000e+00,0.000000e+00,0.000000e+00,2.523468e+05,9.935974e+03,2.694008e+05,1.080371e+00,-4.027715e-02,-3.813537e+01,-1.638802e+00,2.380926e-02,-5.297118e-01,2.622376e-03,-2.571324e-03,4.513949e+01,-1.190747e+00,-2.512844e-02,-1.474389e-03,1.169228e-01,-4.279901e-04,-4.715933e+00,1.026674e+02,1.997364e+00,4.793146e+03,-1.204086e+05,-9.996876e+03,-3.489359e+05,-1.158554e-01,3.480658e+01,-2.356982e-02,-7.973509e+01,6.424179e+03,-1.293694e+02
2.960440e-03,3.388283e+04,4.982750e+04,1.006131e+00,2.439078e-02,1.487658e+01,1.023992e-01,9.774000e-07,8.011001e+03,0.000000e+00,0.000000e+00,1.029256e+04,0.000000e+00,0.000000e+00,0.000000e+00,0.000000e+00,0.000000e+00,0.000000e+00,0.000000e+00,0.000000e+00,0.000000e+00,0.000000e+00,0.000000e+00,0.000000e+00,0.000000e+00,0.000000e+00,0.000000e+00,0.000000e+00,0.000000e+00,0.000000e+00,0.000000e+00,0.000000e+00,0.000000e+00,0.000000e+00,0.000000e+00,0.000000e+00,0.000000e+00,0.000000e+00,0.000000e+00,0.000000e+00,0.000000e+00,0.000000e+00,0.000000e+00,0.000000e+00,0.000000e+00,0.000000e+00,0.000000e+00,0.000000e+00,0.000000e+00,3.388283e+04,5.814166e+03,3.957206e-01,1.442999e-02,-1.685115e+00,1.136610e-03,0.000000e+00,0.000000e+00,0.000000e+00,0.000000e+00,0.000000e+00,0.000000e+00,0.000000e+00,0.000000e+00,0.000000e+00,0.000000e+00,0.000000e+00,0.000000e+00,0.000000e+00,0.000000e+00,0.000000e+00,0.000000e+00,0.000000e+00,0.000000e+00,0.000000e+00,0.000000e+00,0.000000e+00,2.502558e+05,1.205814e+04,2.673414e+05,1.084091e+00,-4.031358e-02,-3.812655e+01,-1.639304e+00,2.375395e-02,-5.296743e-01,2.622251e-03,-2.570239e-03,4.514785e+01,-1.190089e+00,-2.507650e-02,-1.474402e-03,1.179197e-01,-4.078975e-04,-4.669103e+00,1.014204e+02,2.029580e+00,4.789777e+03,-1.196816e+05,-1.211892e+04,-3.460842e+05,-1.169210e-01,3.486817e+01,-2.314643e-02,-6.407011e+01,6.318800e+03,-1.297105e+02
2.970214e-03,3.394902e+04,4.972691e+04,1.005416e+00,2.434232e-02,1.488500e+01,1.023992e-01,9.774000e-07,8.038980e+03,0.000000e+00,0.000000e+00,1.029898e+04,0.000000e+00,0.000000e+00,0.000000e+00,0.000000e+00,0.000000e+00,0.000000e+00,0.000000e+00,0.000000e+00,0.000000e+00,0.000000e+00,0.000000e+00,0.000000e+00,0.000000e+00,0.000000e+00,0.000000e+00,0.000000e+00,0.000000e+00,0.000000e+00,0.000000e+00,0.000000e+00,0.000000e+00,0.000000e+00,0.000000e+00,0.000000e+00,0.000000e+00,0.000000e+00,0.000000e+00,0.000000e+00,0.000000e+00,0.000000e+00,0.000000e+00,0.000000e+00,0.000000e+00,0.000000e+00,0.000000e+00,0.000000e+00,0.000000e+00,3.394902e+04,5.765543e+03,3.977448e-01,1.425173e-02,-1.669637e+00,1.136610e-03,0.000000e+00,0.000000e+00,0.000000e+00,0.000000e+00,0.000000e+00,0.000000e+00,0.000000e+00,0.000000e+00,0.000000e+00,0.000000e+00,0.000000e+00,0.000000e+00,0.000000e+00,0.000000e+00,0.000000e+00,0.000000e+00,0.000000e+00,0.000000e+00,0.000000e+00,0.000000e+00,0.000000e+00,2.494467e+05,1.015896e+04,2.723786e+05,1.087739e+00,-4.044484e-02,-3.811778e+01,-1.639805e+00,2.368904e-02,-5.296630e-01,2.622124e-03,-2.569048e-03,4.515626e+01,-1.189409e+00,-2.502894e-02,-1.474414e-03,1.189044e-01,-3.874759e-04,-4.622305e+00,1.002022e+02,2.095230e+00,4.786446e+03,-1.246330e+05,-1.022042e+04,-3.476768e+05,-1.185044e-01,3.492902e+01,-2.209729e-02,-5.682840e+01,6.299286e+03,-1.639410e+02
2.980966e-03,3.402139e+04,4.961720e+04,1.004552e+00,2.428829e-02,1.489455e+01,1.023992e-01,9.774000e-07,8.069342e+03,0.000000e+00,0.000000e+00,1.030587e+04,0.000000e+00,0.000000e+00,0.000000e+00,0.000000e+00,0.000000e+00,0.000000e+00,0.000000e+00,0.000000e+00,0.000000e+00,0.000000e+00,0.000000e+00,0.000000e+00,0.000000e+00,0.000000e+00,0.000000e+00,0.000000e+00,0.000000e+00,0.000000e+00,0.000000e+00,0.000000e+00,0.000000e+00,0.000000e+00,0.000000e+00,0.000000e+00,0.000000e+00,0.000000e+00,0.000000e+00,0.000000e+00,0.000000e+00,0.000000e+00,0.000000e+00,0.000000e+00,0.000000e+00,0.000000e+00,0.000000e+00,0.000000e+00,0.000000e+00,3.402139e+04,5.712404e+03,3.999319e-01,1.409166e-02,-1.652465e+00,1.136610e-03,0.000000e+00,0.000000e+00,0.000000e+00,0.000000e+00,0.000000e+00,0.000000e+00,0.000000e+00,0.000000e+00,0.000000e+00,0.000000e+00,0.000000e+00,0.000000e+00,0.000000e+00,0.000000e+00,0.000000e+00,0.000000e+00,0.000000e+00,0.000000e+00,0.000000e+00,0.000000e+00,0.000000e+00,2.388234e+05,-5.180393e+03,2.659385e+05,1.091712e+00,-4.048572e-02,-3.810825e+01,-1.640335e+00,2.361853e-02,-5.296456e-01,2.621972e-03,-2.567549e-03,4.516583e+01,-1.188586e+00,-2.497570e-02,-1.474426e-03,1.199738e-01,-3.647985e-04,-4.570866e+00,9.886328e+01,2.114503e+00,4.782809e+03,-1.240157e+05,5.120719e+03,-3.352322e+05,-1.198602e-01,3.499502e+01,-2.197314e-02,-2.559603e+02,6.096334e+03,6.596440e+01
2.990740e-03,3.408662e+04,4.951871e+04,1.003780e+00,2.424300e-02,1.490308e+01,1.023992e-01,9.774000e-07,8.096430e+03,0.000000e+00,0.000000e+00,1.031195e+04,0.000000e+00,0.000000e+00,0.000000e+00,0.000000e+00,0.000000e+00,0.000000e+00,0.000000e+00,0.000000e+00,0.000000e+00,0.000000e+00,0.000000e+00,0.000000e+00,0.000000e+00,0.000000e+00,0.000000e+00,0.000000e+00,0.000000e+00,0.000000e+00,0.000000e+00,0.000000e+00,0.000000e+00,0.000000e+00,0.000000e+00,0.000000e+00,0.000000e+00,0.000000e+00,0.000000e+00,0.000000e+00,0.000000e+00,0.000000e+00,0.000000e+00,0.000000e+00,0.000000e+00,0.000000e+00,0.000000e+00,0.000000e+00,0.000000e+00,3.408662e+04,5.664527e+03,4.018829e-01,1.398011e-02,-1.637028e+00,1.136610e-03,0.000000e+00,0.000000e+00,0.000000e+00,0.000000e+00,0.000000e+00,0.000000e+00,0.000000e+00,0.000000e+00,0.000000e+00,0.000000e+00,0.000000e+00,0.000000e+00,0.000000e+00,0.000000e+00,0.000000e+00,0.000000e+00,0.000000e+00,0.000000e+00,0.000000e+00,0.000000e+00,0.000000e+00,2.311162e+05,3.482343e+03,2.642607e+05,1.095275e+00,-4.044276e-02,-3.809974e+01,-1.640800e+00,2.355951e-02,-5.296234e-01,2.621815e-03,-2.565942e-03,4.517439e+01,-1.187854e+00,-2.493167e-02,-1.474433e-03,1.209336e-01,-3.439217e-04,-4.524136e+00,9.766048e+01,2.123124e+00,4.779567e+03,-1.262347e+05,-3.541035e+03,-3.275863e+05,-1.212008e-01,3.505379e+01,-2.199621e-02,-1.010943e+02,5.928510e+03,-8.677290e+01
3.000514e-03,3.415129e+04,4.942116e+04,1.002954e+00,2.419534e-02,1.491181e+01,1.023992e-01,9.774000e-07,8.123177e+03,0.000000e+00,0.000000e+00,1.031803e+04,0.000000e+00,0.000000e+00,0.000000e+00,0.000000e+00,0.000000e+00,0.000000e+00,0.000000e+00,0.000000e+00,0.000000e+00,0.000000e+00,0.000000e+00,0.000000e+00,0.000000e+00,0.000000e+00,0.000000e+00,0.000000e+00,0.000000e+00,0.000000e+00,0.000000e+00,0.000000e+00,0.000000e+00,0.000000e+00,0.000000e+00,0.000000e+00,0.000000e+00,0.000000e+00,0.000000e+00,0.000000e+00,0.000000e+00,0.000000e+00,0.000000e+00,0.000000e+00,0.000000e+00,0.000000e+00,0.000000e+00,0.000000e+00,0.000000e+00,3.415129e+04,5.616861e+03,4.037696e-01,1.386014e-02,-1.621604e+00,1.136610e-03,0.000000e+00,0.000000e+00,0.000000e+00,0.000000e+00,0.000000e+00,0.000000e+00,0.000000e+00,0.000000e+00,0.000000e+00,0.000000e+00,0.000000e+00,0.000000e+00,0.000000e+00,0.000000e+00,0.000000e+00,0.000000e+00,0.000000e+00,0.000000e+00,0.000000e+00,0.000000e+00,0.000000e+00,2.310088e+05,-1.772403e+04,2.573710e+05,1.098798e+00,-4.050896e-02,-3.809133e+01,-1.641265e+00,2.349510e-02,-5.296055e-01,2.621681e-03,-2.564399e-03,4.518311e+01,-1.187061e+00,-2.488522e-02,-1.474436e-03,1.218817e-01,-3.229910e-04,-4.477437e+00,9.646275e+01,2.143741e+00,4.776372e+03,-1.202990e+05,1.766557e+04,-3.242455e+05,-1.225560e-01,3.511167e+01,-2.187366e-02,-1.840539e+02,5.873869e+03,2.302694e+02
3.010288e-03,3.421541e+04,4.932471e+04,1.002116e+00,2.416261e-02,1.492050e+01,1.023992e-01,9.774000e-07,8.149503e+03,0.000000e+00,0.000000e+00,1.032395e+04,0.000000e+00,0.000000e+00,0.000000e+00,0.000000e+00,0.000000e+00,0.000000e+00,0.000000e+00,0.000000e+00,0.000000e+00,0.000000e+00,0.000000e+00,0.000000e+00,0.000000e+00,0.000000e+00,0.000000e+00,0.000000e+00,0.000000e+00,0.000000e+00,0.000000e+00,0.000000e+00,0.000000e+00,0.000000e+00,0.000000e+00,0.000000e+00,0.000000e+00,0.000000e+00,0.000000e+00,0.000000e+00,0.000000e+00,0.000000e+00,0.000000e+00,0.000000e+00,0.000000e+00,0.000000e+00,0.000000e+00,0.000000e+00,0.000000e+00,3.421541e+04,5.569504e+03,4.055791e-01,1.373337e-02,-1.606312e+00,1.136610e-03,0.000000e+00,0.000000e+00,0.000000e+00,0.000000e+00,0.000000e+00,0.000000e+00,0.000000e+00,0.000000e+00,0.000000e+00,0.000000e+00,0.000000e+00,0.000000e+00,0.000000e+00,0.000000e+00,0.000000e+00,0.000000e+00,0.000000e+00,0.000000e+00,0.000000e+00,0.000000e+00,0.000000e+00,2.265305e+05,1.337495e+04,2.525477e+05,1.102270e+00,-4.045087e-02,-3.808307e+01,-1.641732e+00,2.343596e-02,-5.296046e-01,2.621531e-03,-2.562335e-03,4.519175e+01,-1.186279e+00,-2.484268e-02,-1.474437e-03,1.228182e-01,-3.018543e-04,-4.430770e+00,9.528682e+01,2.167337e+00,4.773230e+03,-1.182230e+05,-1.343265e+04,-3.179909e+05,-1.237689e-01,3.516858e+01,-2.178089e-02,-1.560399e+01,5.768491e+03,-2.912808e+02
3.020062e-03,3.427900e+04,4.922929e+04,1.001256e+00,2.411774e-02,1.492925e+01,1.023992e-01,9.774000e-07,8.175439e+03,0.000000e+00,0.000000e+00,1.032985e+04,0.000000e+00,0.000000e+00,0.000000e+00,0.000000e+00,0.000000e+00,0.000000e+00,0.000000e+00,0.000000e+00,0.000000e+00,0.000000e+00,0.000000e+00,0.000000e+00,0.000000e+00,0.000000e+00,0.000000e+00,0.000000e+00,0.000000e+00,0.000000e+00,0.000000e+00,0.000000e+00,0.000000e+00,0.000000e+00,0.000000e+00,0.000000e+00,0.000000e+00,0.000000e+00,0.000000e+00,0.000000e+00,0.000000e+00,0.000000e+00,0.000000e+00,0.000000e+00,0.000000e+00,0.000000e+00,0.000000e+00,0.000000e+00,0.000000e+00,3.427900e+04,5.522535e+03,4.073099e-01,1.373644e-02,-1.591116e+00,1.136610e-03,0.000000e+00,0.000000e+00,0.000000e+00,0.000000e+00,0.000000e+00,0.000000e+00,0.000000e+00,0.000000e+00,0.000000e+00,0.000000e+00,0.000000e+00,0.000000e+00,0.000000e+00,0.000000e+00,0.000000e+00,0.000000e+00,0.000000e+00,0.000000e+00,0.000000e+00,0.000000e+00,0.000000e+00,2.215428e+05,-4.824312e+03,2.520728e+05,1.105715e+00,-4.039598e-02,-3.807496e+01,-1.642186e+00,2.337354e-02,-5.295953e-01,2.621396e-03,-2.559906e-03,4.520050e+01,-1.185457e+00,-2.479849e-02,-1.474437e-03,1.237433e-01,-2.807465e-04,-4.384132e+00,9.412048e+01,2.144528e+00,4.770143e+03,-1.202300e+05,4.767107e+03,-3.133165e+05,-1.248210e-01,3.522454e+01,-2.248593e-02,-1.656218e+02,5.674821e+03,1.508564e+01
3.030813e-03,3.434824e+04,4.912541e+04,1.000271e+00,2.406445e-02,1.493891e+01,1.023992e-01,9.774000e-07,8.203609e+03,0.000000e+00,0.000000e+00,1.033627e+04,0.000000e+00,0.000000e+00,0.000000e+00,0.000000e+00,0.000000e+00,0.000000e+00,0.000000e+00,0.000000e+00,0.000000e+00,0.000000e+00,0.000000e+00,0.000000e+00,0.000000e+00,0.000000e+00,0.000000e+00,0.000000e+00,0.000000e+00,0.000000e+00,0.000000e+00,0.000000e+00,0.000000e+00,0.000000e+00,0.000000e+00,0.000000e+00,0.000000e+00,0.000000e+00,0.000000e+00,0.000000e+00,0.000000e+00,0.000000e+00,0.000000e+00,0.000000e+00,0.000000e+00,0.000000e+00,0.000000e+00,0.000000e+00,0.000000e+00,3.434824e+04,5.471140e+03,4.091600e-01,1.364616e-02,-1.574466e+00,1.136610e-03,0.000000e+00,0.000000e+00,0.000000e+00,0.000000e+00,0.000000e+00,0.000000e+00,0.000000e+00,0.000000e+00,0.000000e+00,0.000000e+00,0.000000e+00,0.000000e+00,0.000000e+00,0.000000e+00,0.000000e+00,0.000000e+00,0.000000e+00,0.000000e+00,0.000000e+00,0.000000e+00,0.000000e+00,2.188572e+05,1.035165e+04,2.496156e+05,1.109466e+00,-4.034054e-02,-3.806614e+01,-1.642684e+00,2.330323e-02,-5.295952e-01,2.621233e-03,-2.556382e-03,4.521013e+01,-1.184538e+00,-2.475179e-02,-1.474440e-03,1.247477e-01,-2.575079e-04,-4.332866e+00,9.284690e+01,2.156340e+00,4.766794e+03,-1.194199e+05,-1.040861e+04,-3.097484e+05,-1.263604e-01,3.528521e+01,-2.266101e-02,-7.490220e+01,5.612375e+03,-1.881340e+02
3.040587e-03,3.441051e+04,4.903211e+04,9.993611e-01,2.401869e-02,1.494773e+01,1.023992e-01,9.774000e-07,8.228785e+03,0.000000e+00,0.000000e+00,1.034204e+04,0.000000e+00,0.000000e+00,0.000000e+00,0.000000e+00,0.000000e+00,0.000000e+00,0.000000e+00,0.000000e+00,0.000000e+00,0.000000e+00,0.000000e+00,0.000000e+00,0.000000e+00,0.000000e+00,0.000000e+00,0.000000e+00,0.000000e+00,0.000000e+00,0.000000e+00,0.000000e+00,0.000000e+00,0.000000e+00,0.000000e+00,0.000000e+00,0.000000e+00,0.000000e+00,0.000000e+00,0.000000e+00,0.000000e+00,0.000000e+00,0.000000e+00,0.000000e+00,0.000000e+00,0.000000e+00,0.000000e+00,0.000000e+00,0.000000e+00,3.441051e+04,5.424750e+03,4.107752e-01,1.362593e-02,-1.559400e+00,1.136609e-03,0.000000e+00,0.000000e+00,0.000000e+00,0.000000e+00,0.000000e+00,0.000000e+00,0.000000e+00,0.000000e+00,0.000000e+00,0.000000e+00,0.000000e+00,0.000000e+00,0.000000e+00,0.000000e+00,0.000000e+00,0.000000e+00,0.000000e+00,0.000000e+00,0.000000e+00,0.000000e+00,0.000000e+00,2.137390e+05,1.302533e+03,2.435568e+05,1.112817e+00,-4.027289e-02,-3.805826e+01,-1.643137e+00,2.324194e-02,-5.296134e-01,2.621089e-03,-2.552791e-03,4.521896e+01,-1.183666e+00,-2.470582e-02,-1.474447e-03,1.256491e-01,-2.365089e-04,-4.286292e+00,9.170705e+01,2.135540e+00,4.763802e+03,-1.165356e+05,-1.358494e+03,-3.023633e+05,-1.273949e-01,3.533937e+01,-2.344819e-02,-4.959431e+01,5.479676e+03,-5.508849e+01
3.050361e-03,3.447219e+04,4.893978e+04,9.984239e-01,2.397338e-02,1.495660e+01,1.023992e-01,9.774000e-07,8.253632e+03,0.000000e+00,0.000000e+00,1.034781e+04,0.000000e+00,0.000000e+00,0.000000e+00,0.000000e+00,0.000000e+00,0.000000e+00,0.000000e+00,0.000000e+00,0.000000e+00,0.000000e+00,0.000000e+00,0.000000e+00,0.000000e+00,0.000000e+00,0.000000e+00,0.000000e+00,0.000000e+00,0.000000e+00,0.000000e+00,0.000000e+00,0.000000e+00,0.000000e+00,0.000000e+00,0.000000e+00,0.000000e+00,0.000000e+00,0.000000e+00,0.000000e+00,0.000000e+00,0.000000e+00,0.000000e+00,0.000000e+00,0.000000e+00,0.000000e+00,0.000000e+00,0.000000e+00,0.000000e+00,3.447219e+04,5.378753e+03,4.123421e-01,1.359777e-02,-1.544401e+00,1.136609e-03,0.000000e+00,0.000000e+00,0.000000e+00,0.000000e+00,0.000000e+00,0.000000e+00,0.000000e+00,0.000000e+00,0.000000e+00,0.000000e+00,0.000000e+00,0.000000e+00,0.000000e+00,0.000000e+00,0.000000e+00,0.000000e+00,0.000000e+00,0.000000e+00,0.000000e+00,0.000000e+00,0.000000e+00,2.147372e+05,-2.528988e+04,2.388557e+05,1.116136e+00,-4.027578e-02,-3.805047e+01,-1.643593e+00,2.317622e-02,-5.296413e-01,2.620931e-03,-2.548460e-03,4.522782e+01,-1.182768e+00,-2.465938e-02,-1.474462e-03,1.265393e-01,-2.156079e-04,-4.239747e+00,9.057709e+01,2.127201e+00,4.760854e+03,-1.120123e+05,2.523382e+04,-3.010318e+05,-1.287030e-01,3.539271e+01,-2.381615e-02,-2.820457e+02,5.444550e+03,3.407894e+02
3.060135e-03,3.453328e+04,4.884841e+04,9.974582e-01,2.392586e-02,1.496550e+01,1.023992e-01,9.774000e-07,8.278188e+03,0.000000e+00,0.000000e+00,1.035351e+04,0.000000e+00,0.000000e+00,0.000000e+00,0.000000e+00,0.000000e+00,0.000000e+00,0.000000e+00,0.000000e+00,0.000000e+00,0.000000e+00,0.000000e+00,0.000000e+00,0.000000e+00,0.000000e+00,0.000000e+00,0.000000e+00,0.000000e+00,0.000000e+00,0.000000e+00,0.000000e+00,0.000000e+00,0.000000e+00,0.000000e+00,0.000000e+00,0.000000e+00,0.000000e+00,0.000000e+00,0.000000e+00,0.000000e+00,0.000000e+00,0.000000e+00,0.000000e+00,0.000000e+00,0.000000e+00,0.000000e+00,0.000000e+00,0.000000e+00,3.453328e+04,5.333083e+03,4.138342e-01,1.349815e-02,-1.529460e+00,1.136610e-03,0.000000e+00,0.000000e+00,0.000000e+00,0.000000e+00,0.000000e+00,0.000000e+00,0.000000e+00,0.000000e+00,0.000000e+00,0.000000e+00,0.000000e+00,0.000000e+00,0.000000e+00,0.000000e+00,0.000000e+00,0.000000e+00,0.000000e+00,0.000000e+00,0.000000e+00,0.000000e+00,0.000000e+00,2.119195e+05,-6.535336e+02,2.357480e+05,1.119398e+00,-4.022405e-02,-3.804276e+01,-1.644053e+00,2.311067e-02,-5.296942e-01,2.620774e-03,-2.543745e-03,4.523672e+01,-1.181838e+00,-2.461038e-02,-1.474484e-03,1.274187e-01,-1.945669e-04,-4.193229e+00,8.946995e+01,2.149101e+00,4.757944e+03,-1.106687e+05,5.978582e+02,-2.970513e+05,-1.302904e-01,3.544537e+01,-2.375153e-02,-1.013993e+02,5.331366e+03,-1.642345e+01
3.070887e-03,3.459986e+04,4.874861e+04,9.963142e-01,2.391502e-02,1.497564e+01,1.023992e-01,9.774000e-07,8.304621e+03,0.000000e+00,0.000000e+00,1.036031e+04,0.000000e+00,0.000000e+00,0.000000e+00,0.000000e+00,0.000000e+00,0.000000e+00,0.000000e+00,0.000000e+00,0.000000e+00,0.000000e+00,0.000000e+00,0.000000e+00,0.000000e+00,0.000000e+00,0.000000e+00,0.000000e+00,0.000000e+00,0.000000e+00,0.000000e+00,0.000000e+00,0.000000e+00,0.000000e+00,0.000000e+00,0.000000e+00,0.000000e+00,0.000000e+00,0.000000e+00,0.000000e+00,0.000000e+00,0.000000e+00,0.000000e+00,0.000000e+00,0.000000e+00,0.000000e+00,0.000000e+00,0.000000e+00,0.000000e+00,3.459986e+04,5.283062e+03,4.153773e-01,1.359417e-02,-1.512848e+00,1.136610e-03,0.000000e+00,0.000000e+00,0.000000e+00,0.000000e+00,0.000000e+00,0.000000e+00,0.000000e+00,0.000000e+00,0.000000e+00,0.000000e+00,0.000000e+00,0.000000e+00,0.000000e+00,0.000000e+00,0.000000e+00,0.000000e+00,0.000000e+00,0.000000e+00,0.000000e+00,0.000000e+00,0.000000e+00,2.079124e+05,-5.482507e+02,2.331114e+05,1.122928e+00,-3.992687e-02,-3.803440e+01,-1.644552e+00,2.303245e-02,-5.297068e-01,2.620595e-03,-2.537853e-03,4.524688e+01,-1.180731e+00,-2.459925e-02,-1.474519e-03,1.283736e-01,-1.716804e-04,-4.142093e+00,8.827119e+01,2.078704e+00,4.754780e+03,-1.103012e+05,4.930804e+02,-2.922366e+05,-1.318360e-01,3.550198e+01,-2.373416e-02,-1.707520e+02,5.198667e+03,1.048715e+02
3.080661e-03,3.466002e+04,4.865864e+04,9.952465e-01,2.385968e-02,1.498484e+01,1.023992e-01,9.774000e-07,8.328363e+03,0.000000e+00,0.000000e+00,1.036637e+04,0.000000e+00,0.000000e+00,0.000000e+00,0.000000e+00,0.000000e+00,0.000000e+00,0.000000e+00,0.000000e+00,0.000000e+00,0.000000e+00,0.000000e+00,0.000000e+00,0.000000e+00,0.000000e+00,0.000000e+00,0.000000e+00,0.000000e+00,0.000000e+00,0.000000e+00,0.000000e+00,0.000000e+00,0.000000e+00,0.000000e+00,0.000000e+00,0.000000e+00,0.000000e+00,0.000000e+00,0.000000e+00,0.000000e+00,0.000000e+00,0.000000e+00,0.000000e+00,0.000000e+00,0.000000e+00,0.000000e+00,0.000000e+00,0.000000e+00,3.466002e+04,5.237740e+03,4.166781e-01,1.340288e-02,-1.497709e+00,1.136610e-03,0.000000e+00,0.000000e+00,0.000000e+00,0.000000e+00,0.000000e+00,0.000000e+00,0.000000e+00,0.000000e+00,0.000000e+00,0.000000e+00,0.000000e+00,0.000000e+00,0.000000e+00,0.000000e+00,0.000000e+00,0.000000e+00,0.000000e+00,0.000000e+00,0.000000e+00,0.000000e+00,0.000000e+00,2.018143e+05,-2.101988e+03,2.285735e+05,1.126084e+00,-4.015281e-02,-3.802689e+01,-1.645013e+00,2.297181e-02,-5.297263e-01,2.620435e-03,-2.532050e-03,4.525609e+01,-1.179695e+00,-2.453787e-02,-1.474561e-03,1.292306e-01,-1.509513e-04,-4.095635e+00,8.719989e+01,2.153567e+00,4.751938e+03,-1.092027e+05,2.047886e+03,-2.846925e+05,-1.333577e-01,3.555272e+01,-2.438528e-02,-1.689378e+02,5.159638e+03,1.248624e+01
3.090435e-03,3.471964e+04,4.856908e+04,9.941426e-01,2.381342e-02,1.499405e+01,1.023992e-01,9.774000e-07,8.351654e+03,0.000000e+00,0.000000e+00,1.037305e+04,0.000000e+00,0.000000e+00,0.000000e+00,0.000000e+00,0.000000e+00,0.000000e+00,0.000000e+00,0.000000e+00,0.000000e+00,0.000000e+00,0.000000e+00,0.000000e+00,0.000000e+00,0.000000e+00,0.000000e+00,0.000000e+00,0.000000e+00,0.000000e+00,0.000000e+00,0.000000e+00,0.000000e+00,0.000000e+00,0.000000e+00,0.000000e+00,0.000000e+00,0.000000e+00,0.000000e+00,0.000000e+00,0.000000e+00,0.000000e+00,0.000000e+00,0.000000e+00,0.000000e+00,0.000000e+00,0.000000e+00,0.000000e+00,0.000000e+00,3.471964e+04,5.192728e+03,4.178950e-01,1.329178e-02,-1.482593e+00,1.136610e-03,0.000000e+00,0.000000e+00,0.000000e+00,0.000000e+00,0.000000e+00,0.000000e+00,0.000000e+00,0.000000e+00,0.000000e+00,0.000000e+00,0.000000e+00,0.000000e+00,0.000000e+00,0.000000e+00,0.000000e+00,0.000000e+00,0.000000e+00,0.000000e+00,0.000000e+00,0.000000e+00,0.000000e+00,1.995972e+05,1.721414e+03,2.253320e+05,1.129184e+00,-4.007509e-02,-3.801942e+01,-1.645466e+00,2.290756e-02,-5.296786e-01,2.620272e-03,-2.525730e-03,4.526531e+01,-1.178621e+00,-2.449085e-02,-1.474614e-03,1.300772e-01,-1.302761e-04,-4.049205e+00,8.614484e+01,2.142873e+00,4.749105e+03,-1.074534e+05,-1.775199e+03,-2.811888e+05,-1.348436e-01,3.560243e+01,-2.493922e-02,-1.620162e+02,5.089386e+03,-5.356963e+01
3.100209e-03,3.477878e+04,4.848069e+04,9.929552e-01,2.377846e-02,1.500361e+01,1.023992e-01,9.774000e-07,8.374681e+03,0.000000e+00,0.000000e+00,1.037930e+04,0.000000e+00,0.000000e+00,0.000000e+00,0.000000e+00,0.000000e+00,0.000000e+00,0.000000e+00,0.000000e+00,0.000000e+00,0.000000e+00,0.000000e+00,0.000000e+00,0.000000e+00,0.000000e+00,0.000000e+00,0.000000e+00,0.000000e+00,0.000000e+00,0.000000e+00,0.000000e+00,0.000000e+00,0.000000e+00,0.000000e+00,0.000000e+00,0.000000e+00,0.000000e+00,0.000000e+00,0.000000e+00,0.000000e+00,0.000000e+00,0.000000e+00,0.000000e+00,0.000000e+00,0.000000e+00,0.000000e+00,0.000000e+00,0.000000e+00,3.477878e+04,5.147851e+03,4.190086e-01,1.333142e-02,-1.467384e+00,1.136610e-03,0.000000e+00,0.000000e+00,0.000000e+00,0.000000e+00,0.000000e+00,0.000000e+00,0.000000e+00,0.000000e+00,0.000000e+00,0.000000e+00,0.000000e+00,0.000000e+00,0.000000e+00,0.000000e+00,0.000000e+00,0.000000e+00,0.000000e+00,0.000000e+00,0.000000e+00,0.000000e+00,0.000000e+00,1.991011e+05,-8.759783e+02,2.250407e+05,1.132271e+00,-3.988357e-02,-3.801207e+01,-1.645916e+00,2.283927e-02,-5.296783e-01,2.620111e-03,-2.518958e-03,4.527487e+01,-1.177461e+00,-2.444854e-02,-1.474678e-03,1.309135e-01,-1.096402e-04,-4.002802e+00,8.509548e+01,2.090671e+00,4.746341e+03,-1.075224e+05,8.219644e+02,-2.805772e+05,-1.362995e-01,3.565152e+01,-2.558192e-02,-1.341013e+02,4.999619e+03,-1.774144e+02
3.110960e-03,3.484333e+04,4.838442e+04,9.916366e-01,2.372618e-02,1.501401e+01,1.023992e-01,9.774000e-07,8.399562e+03,0.000000e+00,0.000000e+00,1.038614e+04,0.000000e+00,0.000000e+00,0.000000e+00,0.000000e+00,0.000000e+00,0.000000e+00,0.000000e+00,0.000000e+00,0.000000e+00,0.000000e+00,0.000000e+00,0.000000e+00,0.000000e+00,0.000000e+00,0.000000e+00,0.000000e+00,0.000000e+00,0.000000e+00,0.000000e+00,0.000000e+00,0.000000e+00,0.000000e+00,0.000000e+00,0.000000e+00,0.000000e+00,0.000000e+00,0.000000e+00,0.000000e+00,0.000000e+00,0.000000e+00,0.000000e+00,0.000000e+00,0.000000e+00,0.000000e+00,0.000000e+00,0.000000e+00,0.000000e+00,3.484333e+04,5.098856e+03,4.202021e-01,1.332744e-02,-1.450762e+00,1.136610e-03,0.000000e+00,0.000000e+00,0.000000e+00,0.000000e+00,0.000000e+00,0.000000e+00,0.000000e+00,0.000000e+00,0.000000e+00,0.000000e+00,0.000000e+00,0.000000e+00,0.000000e+00,0.000000e+00,0.000000e+00,0.000000e+00,0.000000e+00,0.000000e+00,0.000000e+00,0.000000e+00,0.000000e+00,1.964858e+05,9.169766e+02,2.204063e+05,1.135604e+00,-3.976823e-02,-3.800409e+01,-1.646413e+00,2.276920e-02,-5.296946e-01,2.619940e-03,-2.510960e-03,4.528525e+01,-1.176169e+00,-2.439382e-02,-1.474763e-03,1.318217e-01,-8.714617e-05,-3.951790e+00,8.395934e+01,2.069355e+00,4.743345e+03,-1.047276e+05,-9.705128e+02,-2.760754e+05,-1.377994e-01,3.570446e+01,-2.630603e-02,-1.778870e+02,4.948881e+03,6.077514e+01
3.120734e-03,3.490161e+04,4.829773e+04,9.903596e-01,2.368188e-02,1.502372e+01,1.023993e-01,9.774000e-07,8.421820e+03,0.000000e+00,0.000000e+00,1.039230e+04,0.000000e+00,0.000000e+00,0.000000e+00,0.000000e+00,0.000000e+00,0.000000e+00,0.000000e+00,0.000000e+00,0.000000e+00,0.000000e+00,0.000000e+00,0.000000e+00,0.000000e+00,0.000000e+00,0.000000e+00,0.000000e+00,0.000000e+00,0.000000e+00,0.000000e+00,0.000000e+00,0.000000e+00,0.000000e+00,0.000000e+00,0.000000e+00,0.000000e+00,0.000000e+00,0.000000e+00,0.000000e+00,0.000000e+00,0.000000e+00,0.000000e+00,0.000000e+00,0.000000e+00,0.000000e+00,0.000000e+00,0.000000e+00,0.000000e+00,3.490161e+04,5.054395e+03,4.212020e-01,1.322253e-02,-1.435613e+00,1.136610e-03,0.000000e+00,0.000000e+00,0.000000e+00,0.000000e+00,0.000000e+00,0.000000e+00,0.000000e+00,0.000000e+00,0.000000e+00,0.000000e+00,0.000000e+00,0.000000e+00,0.000000e+00,0.000000e+00,0.000000e+00,0.000000e+00,0.000000e+00,0.000000e+00,0.000000e+00,0.000000e+00,0.000000e+00,1.901564e+05,1.313681e+03,2.172922e+05,1.138602e+00,-3.976585e-02,-3.799696e+01,-1.646861e+00,2.271107e-02,-5.297188e-01,2.619792e-03,-2.503208e-03,4.529497e+01,-1.174913e+00,-2.434152e-02,-1.474855e-03,1.326368e-01,-6.707036e-05,-3.905443e+00,8.293938e+01,2.071403e+00,4.740665e+03,-1.049831e+05,-1.366187e+03,-2.689866e+05,-1.390687e-01,3.575178e+01,-2.729896e-02,-1.511003e+02,4.859114e+03,-1.011325e+02
3.130508e-03,3.495951e+04,4.821178e+04,9.890912e-01,2.364090e-02,1.503325e+01,1.023993e-01,9.774000e-07,8.443793e+03,0.000000e+00,0.000000e+00,1.039845e+04,0.000000e+00,0.000000e+00,0.000000e+00,0.000000e+00,0.000000e+00,0.000000e+00,0.000000e+00,0.000000e+00,0.000000e+00,0.000000e+00,0.000000e+00,0.000000e+00,0.000000e+00,0.000000e+00,0.000000e+00,0.000000e+00,0.000000e+00,0.000000e+00,0.000000e+00,0.000000e+00,0.000000e+00,0.000000e+00,0.000000e+00,0.000000e+00,0.000000e+00,0.000000e+00,0.000000e+00,0.000000e+00,0.000000e+00,0.000000e+00,0.000000e+00,0.000000e+00,0.000000e+00,0.000000e+00,0.000000e+00,0.000000e+00,0.000000e+00,3.495951e+04,5.010041e+03,4.221151e-01,1.328747e-02,-1.420590e+00,1.136610e-03,0.000000e+00,0.000000e+00,0.000000e+00,0.000000e+00,0.000000e+00,0.000000e+00,0.000000e+00,0.000000e+00,0.000000e+00,0.000000e+00,0.000000e+00,0.000000e+00,0.000000e+00,0.000000e+00,0.000000e+00,0.000000e+00,0.000000e+00,0.000000e+00,0.000000e+00,0.000000e+00,0.000000e+00,1.895763e+05,-9.810791e+03,2.140336e+05,1.141551e+00,-3.957614e-02,-3.798989e+01,-1.647309e+00,2.264734e-02,-5.297469e-01,2.619648e-03,-2.494960e-03,4.530449e+01,-1.173665e+00,-2.429622e-02,-1.474960e-03,1.334420e-01,-4.726542e-05,-3.859122e+00,8.193237e+01,2.010536e+00,4.738021e+03,-1.024535e+05,9.758341e+03,-2.669342e+05,-1.404749e-01,3.579845e+01,-2.795735e-02,-1.212339e+02,4.726416e+03,-1.670473e+02
3.140282e-03,3.501700e+04,4.812674e+04,9.877599e-01,2.360167e-02,1.504302e+01,1.023993e-01,9.774000e-07,8.465475e+03,0.000000e+00,0.000000e+00,1.040435e+04,0.000000e+00,0.000000e+00,0.000000e+00,0.000000e+00,0.000000e+00,0.000000e+00,0.000000e+00,0.000000e+00,0.000000e+00,0.000000e+00,0.000000e+00,0.000000e+00,0.000000e+00,0.000000e+00,0.000000e+00,0.000000e+00,0.000000e+00,0.000000e+00,0.000000e+00,0.000000e+00,0.000000e+00,0.000000e+00,0.000000e+00,0.000000e+00,0.000000e+00,0.000000e+00,0.000000e+00,0.000000e+00,0.000000e+00,0.000000e+00,0.000000e+00,0.000000e+00,0.000000e+00,0.000000e+00,0.000000e+00,0.000000e+00,0.000000e+00,3.501700e+04,4.965985e+03,4.229631e-01,1.338205e-02,-1.405608e+00,1.136610e-03,0.000000e+00,0.000000e+00,0.000000e+00,0.000000e+00,0.000000e+00,0.000000e+00,0.000000e+00,0.000000e+00,0.000000e+00,0.000000e+00,0.000000e+00,0.000000e+00,0.000000e+00,0.000000e+00,0.000000e+00,0.000000e+00,0.000000e+00,0.000000e+00,0.000000e+00,0.000000e+00,0.000000e+00,1.896436e+05,-3.338798e+03,2.113182e+05,1.144492e+00,-3.928221e-02,-3.798292e+01,-1.647757e+00,2.258816e-02,-5.298312e-01,2.619515e-03,-2.486224e-03,4.531424e+01,-1.172350e+00,-2.424783e-02,-1.475081e-03,1.342374e-01,-2.782084e-05,-3.812827e+00,8.092883e+01,1.938568e+00,4.735427e+03,-1.001063e+05,3.286250e+03,-2.657050e+05,-1.417329e-01,3.584443e+01,-2.858994e-02,-1.227128e+02,4.632746e+03,-1.237285e+02
3.150056e-03,3.507418e+04,4.804245e+04,9.864426e-01,2.355229e-02,1.505259e+01,1.023993e-01,9.774000e-07,8.486827e+03,0.000000e+00,0.000000e+00,1.041008e+04,0.000000e+00,0.000000e+00,0.000000e+00,0.000000e+00,0.000000e+00,0.000000e+00,0.000000e+00,0.000000e+00,0.000000e+00,0.000000e+00,0.000000e+00,0.000000e+00,0.000000e+00,0.000000e+00,0.000000e+00,0.000000e+00,0.000000e+00,0.000000e+00,0.000000e+00,0.000000e+00,0.000000e+00,0.000000e+00,0.000000e+00,0.000000e+00,0.000000e+00,0.000000e+00,0.000000e+00,0.000000e+00,0.000000e+00,0.000000e+00,0.000000e+00,0.000000e+00,0.000000e+00,0.000000e+00,0.000000e+00,0.000000e+00,0.000000e+00,3.507418e+04,4.922198e+03,4.237857e-01,1.339892e-02,-1.390788e+00,1.136609e-03,0.000000e+00,0.000000e+00,0.000000e+00,0.000000e+00,0.000000e+00,0.000000e+00,0.000000e+00,0.000000e+00,0.000000e+00,0.000000e+00,0.000000e+00,0.000000e+00,0.000000e+00,0.000000e+00,0.000000e+00,0.000000e+00,0.000000e+00,0.000000e+00,0.000000e+00,0.000000e+00,0.000000e+00,1.817782e+05,2.380696e+03,2.080419e+05,1.147394e+00,-3.920272e-02,-3.797606e+01,-1.648203e+00,2.252297e-02,-5.299296e-01,2.619396e-03,-2.476986e-03,4.532381e+01,-1.171049e+00,-2.419198e-02,-1.475219e-03,1.350231e-01,-8.903170e-06,-3.766556e+00,7.993995e+01,1.922848e+00,4.732870e+03,-1.009148e+05,-2.431896e+03,-2.571783e+05,-1.431095e-01,3.588962e+01,-2.952000e-02,-1.302746e+02,4.597620e+03,-1.096643e+02
3.160808e-03,3.513662e+04,4.795056e+04,9.849339e-01,2.350214e-02,1.506331e+01,1.023993e-01,9.774000e-07,8.509896e+03,0.000000e+00,0.000000e+00,1.041645e+04,0.000000e+00,0.000000e+00,0.000000e+00,0.000000e+00,0.000000e+00,0.000000e+00,0.000000e+00,0.000000e+00,0.000000e+00,0.000000e+00,0.000000e+00,0.000000e+00,0.000000e+00,0.000000e+00,0.000000e+00,0.000000e+00,0.000000e+00,0.000000e+00,0.000000e+00,0.000000e+00,0.000000e+00,0.000000e+00,0.000000e+00,0.000000e+00,0.000000e+00,0.000000e+00,0.000000e+00,0.000000e+00,0.000000e+00,0.000000e+00,0.000000e+00,0.000000e+00,0.000000e+00,0.000000e+00,0.000000e+00,0.000000e+00,0.000000e+00,3.513662e+04,4.874119e+03,4.245976e-01,1.337270e-02,-1.374510e+00,1.136610e-03,0.000000e+00,0.000000e+00,0.000000e+00,0.000000e+00,0.000000e+00,0.000000e+00,0.000000e+00,0.000000e+00,0.000000e+00,0.000000e+00,0.000000e+00,0.000000e+00,0.000000e+00,0.000000e+00,0.000000e+00,0.000000e+00,0.000000e+00,0.000000e+00,0.000000e+00,0.000000e+00,0.000000e+00,1.770781e+05,-1.194704e+03,2.029975e+05,1.150519e+00,-3.911789e-02,-3.796863e+01,-1.648688e+00,2.246007e-02,-5.300269e-01,2.619280e-03,-2.467977e-03,4.533453e+01,-1.169551e+00,-2.413192e-02,-1.475355e-03,1.358763e-01,1.173025e-05,-3.715688e+00,7.887083e+01,1.899534e+00,4.730113e+03,-9.869938e+04,1.144442e+03,-2.506455e+05,-1.445405e-01,3.593840e+01,-3.042318e-02,-1.358088e+02,4.519562e+03,-8.309868e+01
3.170582e-03,3.519309e+04,4.786712e+04,9.835196e-01,2.343782e-02,1.507314e+01,1.023993e-01,9.774000e-07,8.530440e+03,0.000000e+00,0.000000e+00,1.042294e+04,0.000000e+00,0.000000e+00,0.000000e+00,0.000000e+00,0.000000e+00,0.000000e+00,0.000000e+00,0.000000e+00,0.000000e+00,0.000000e+00,0.000000e+00,0.000000e+00,0.000000e+00,0.000000e+00,0.000000e+00,0.000000e+00,0.000000e+00,0.000000e+00,0.000000e+00,0.000000e+00,0.000000e+00,0.000000e+00,0.000000e+00,0.000000e+00,0.000000e+00,0.000000e+00,0.000000e+00,0.000000e+00,0.000000e+00,0.000000e+00,0.000000e+00,0.000000e+00,0.000000e+00,0.000000e+00,0.000000e+00,0.000000e+00,0.000000e+00,3.519309e+04,4.830333e+03,4.252616e-01,1.350140e-02,-1.359690e+00,1.136609e-03,0.000000e+00,0.000000e+00,0.000000e+00,0.000000e+00,0.000000e+00,0.000000e+00,0.000000e+00,0.000000e+00,0.000000e+00,0.000000e+00,0.000000e+00,0.000000e+00,0.000000e+00,0.000000e+00,0.000000e+00,0.000000e+00,0.000000e+00,0.000000e+00,0.000000e+00,0.000000e+00,0.000000e+00,1.801749e+05,4.373930e+03,2.058930e+05,1.153250e+00,-3.869899e-02,-3.796193e+01,-1.649126e+00,2.240196e-02,-5.300807e-01,2.619192e-03,-2.466820e-03,4.534438e+01,-1.168143e+00,-2.406764e-02,-1.475356e-03,1.366422e-01,2.967772e-05,-3.669469e+00,7.793575e+01,1.792554e+00,4.727624e+03,-9.993392e+04,-4.425343e+03,-2.546913e+05,-1.461011e-01,3.598181e+01,-3.050181e-02,-9.775552e+01,4.410280e+03,-8.959525e+01
3.180356e-03,3.524936e+04,4.778470e+04,9.820817e-01,2.337439e-02,1.508299e+01,1.023993e-01,9.774000e-07,8.550717e+03,0.000000e+00,0.000000e+00,1.042892e+04,0.000000e+00,0.000000e+00,0.000000e+00,0.000000e+00,0.000000e+00,0.000000e+00,0.000000e+00,0.000000e+00,0.000000e+00,0.000000e+00,0.000000e+00,0.000000e+00,0.000000e+00,0.000000e+00,0.000000e+00,0.000000e+00,0.000000e+00,0.000000e+00,0.000000e+00,0.000000e+00,0.000000e+00,0.000000e+00,0.000000e+00,0.000000e+00,0.000000e+00,0.000000e+00,0.000000e+00,0.000000e+00,0.000000e+00,0.000000e+00,0.000000e+00,0.000000e+00,0.000000e+00,0.000000e+00,0.000000e+00,0.000000e+00,0.000000e+00,3.524936e+04,4.786696e+03,4.258707e-01,1.345713e-02,-1.344841e+00,1.136610e-03,0.000000e+00,0.000000e+00,0.000000e+00,0.000000e+00,0.000000e+00,0.000000e+00,0.000000e+00,0.000000e+00,0.000000e+00,0.000000e+00,0.000000e+00,0.000000e+00,0.000000e+00,0.000000e+00,0.000000e+00,0.000000e+00,0.000000e+00,0.000000e+00,0.000000e+00,0.000000e+00,0.000000e+00,1.763653e+05,-2.647784e+03,2.016938e+05,1.156001e+00,-3.873730e-02,-3.795533e+01,-1.649558e+00,2.234390e-02,-5.301729e-01,2.619124e-03,-2.465940e-03,4.535426e+01,-1.166707e+00,-2.400908e-02,-1.475363e-03,1.373988e-01,4.721692e-05,-3.623274e+00,7.698992e+01,1.796124e+00,4.725175e+03,-9.804558e+04,2.597109e+03,-2.493440e+05,-1.472528e-01,3.602458e+01,-3.165032e-02,-1.281402e+02,4.328319e+03,-1.492517e+02
3.190130e-03,3.530518e+04,4.770344e+04,9.806525e-01,2.331774e-02,1.509269e+01,1.023993e-01,9.774000e-07,8.570782e+03,0.000000e+00,0.000000e+00,1.043430e+04,0.000000e+00,0.000000e+00,0.000000e+00,0.000000e+00,0.000000e+00,0.000000e+00,0.000000e+00,0.000000e+00,0.000000e+00,0.000000e+00,0.000000e+00,0.000000e+00,0.000000e+00,0.000000e+00,0.000000e+00,0.000000e+00,0.000000e+00,0.000000e+00,0.000000e+00,0.000000e+00,0.000000e+00,0.000000e+00,0.000000e+00,0.000000e+00,0.000000e+00,0.000000e+00,0.000000e+00,0.000000e+00,0.000000e+00,0.000000e+00,0.000000e+00,0.000000e+00,0.000000e+00,0.000000e+00,0.000000e+00,0.000000e+00,0.000000e+00,3.530518e+04,4.743278e+03,4.264683e-01,1.340543e-02,-1.330278e+00,1.136610e-03,0.000000e+00,0.000000e+00,0.000000e+00,0.000000e+00,0.000000e+00,0.000000e+00,0.000000e+00,0.000000e+00,0.000000e+00,0.000000e+00,0.000000e+00,0.000000e+00,0.000000e+00,0.000000e+00,0.000000e+00,0.000000e+00,0.000000e+00,0.000000e+00,0.000000e+00,0.000000e+00,0.000000e+00,1.720795e+05,-1.618803e+03,1.961502e+05,1.158741e+00,-3.867346e-02,-3.794888e+01,-1.649988e+00,2.228953e-02,-5.303064e-01,2.619100e-03,-2.465631e-03,4.536394e+01,-1.165279e+00,-2.395255e-02,-1.475366e-03,1.381463e-01,6.480548e-05,-3.577103e+00,7.604800e+01,1.782761e+00,4.722799e+03,-9.517825e+04,1.569098e+03,-2.429558e+05,-1.485964e-01,3.606685e+01,-3.245945e-02,-1.355039e+02,4.273679e+03,-8.468233e+01
3.200881e-03,3.536610e+04,4.761421e+04,9.790133e-01,2.324980e-02,1.510357e+01,1.023993e-01,9.774000e-07,8.592364e+03,0.000000e+00,0.000000e+00,1.044111e+04,0.000000e+00,0.000000e+00,0.000000e+00,0.000000e+00,0.000000e+00,0.000000e+00,0.000000e+00,0.000000e+00,0.000000e+00,0.000000e+00,0.000000e+00,0.000000e+00,0.000000e+00,0.000000e+00,0.000000e+00,0.000000e+00,0.000000e+00,0.000000e+00,0.000000e+00,0.000000e+00,0.000000e+00,0.000000e+00,0.000000e+00,0.000000e+00,0.000000e+00,0.000000e+00,0.000000e+00,0.000000e+00,0.000000e+00,0.000000e+00,0.000000e+00,0.000000e+00,0.000000e+00,0.000000e+00,0.000000e+00,0.000000e+00,0.000000e+00,3.536610e+04,4.695761e+03,4.270240e-01,1.350775e-02,-1.314206e+00,1.136610e-03,0.000000e+00,0.000000e+00,0.000000e+00,0.000000e+00,0.000000e+00,0.000000e+00,0.000000e+00,0.000000e+00,0.000000e+00,0.000000e+00,0.000000e+00,0.000000e+00,0.000000e+00,0.000000e+00,0.000000e+00,0.000000e+00,0.000000e+00,0.000000e+00,0.000000e+00,0.000000e+00,0.000000e+00,1.766013e+05,-1.187063e+04,1.899879e+05,1.161642e+00,-3.836377e-02,-3.794181e+01,-1.650453e+00,2.223337e-02,-5.303977e-01,2.619102e-03,-2.465602e-03,4.537482e+01,-1.163640e+00,-2.388396e-02,-1.475366e-03,1.389579e-01,8.371397e-05,-3.526342e+00,7.504045e+01,1.690515e+00,4.720189e+03,-8.772209e+04,1.182032e+04,-2.441095e+05,-1.501581e-01,3.611229e+01,-3.282506e-02,-1.096472e+02,4.156592e+03,-1.566764e+02
3.210655e-03,3.542117e+04,4.753403e+04,9.774837e-01,2.319686e-02,1.511356e+01,1.023993e-01,9.774000e-07,8.611729e+03,0.000000e+00,0.000000e+00,1.044675e+04,0.000000e+00,0.000000e+00,0.000000e+00,0.000000e+00,0.000000e+00,0.000000e+00,0.000000e+00,0.000000e+00,0.000000e+00,0.000000e+00,0.000000e+00,0.000000e+00,0.000000e+00,0.000000e+00,0.000000e+00,0.000000e+00,0.000000e+00,0.000000e+00,0.000000e+00,0.000000e+00,0.000000e+00,0.000000e+00,0.000000e+00,0.000000e+00,0.000000e+00,0.000000e+00,0.000000e+00,0.000000e+00,0.000000e+00,0.000000e+00,0.000000e+00,0.000000e+00,0.000000e+00,0.000000e+00,0.000000e+00,0.000000e+00,0.000000e+00,3.542117e+04,4.652861e+03,4.275037e-01,1.348244e-02,-1.299631e+00,1.136610e-03,0.000000e+00,0.000000e+00,0.000000e+00,0.000000e+00,0.000000e+00,0.000000e+00,0.000000e+00,0.000000e+00,0.000000e+00,0.000000e+00,0.000000e+00,0.000000e+00,0.000000e+00,0.000000e+00,0.000000e+00,0.000000e+00,0.000000e+00,0.000000e+00,0.000000e+00,0.000000e+00,0.000000e+00,1.630124e+05,2.218200e+03,1.904591e+05,1.164321e+00,-3.834590e-02,-3.793550e+01,-1.650872e+00,2.217480e-02,-5.305426e-01,2.619105e-03,-2.465601e-03,4.538480e+01,-1.162107e+00,-2.383153e-02,-1.475367e-03,1.396865e-01,1.004456e-04,-3.480219e+00,7.412450e+01,1.698729e+00,4.717868e+03,-9.446055e+04,-2.266368e+03,-2.322169e+05,-1.514997e-01,3.615296e+01,-3.385769e-02,-1.553233e+02,4.152689e+03,-6.829699e+01
3.220429e-03,3.547585e+04,4.745505e+04,9.759553e-01,2.312891e-02,1.512344e+01,1.023993e-01,9.774000e-07,8.630683e+03,0.000000e+00,0.000000e+00,1.045212e+04,0.000000e+00,0.000000e+00,0.000000e+00,0.000000e+00,0.000000e+00,0.000000e+00,0.000000e+00,0.000000e+00,0.000000e+00,0.000000e+00,0.000000e+00,0.000000e+00,0.000000e+00,0.000000e+00,0.000000e+00,0.000000e+00,0.000000e+00,0.000000e+00,0.000000e+00,0.000000e+00,0.000000e+00,0.000000e+00,0.000000e+00,0.000000e+00,0.000000e+00,0.000000e+00,0.000000e+00,0.000000e+00,0.000000e+00,0.000000e+00,0.000000e+00,0.000000e+00,0.000000e+00,0.000000e+00,0.000000e+00,0.000000e+00,0.000000e+00,3.547585e+04,4.610046e+03,4.279671e-01,1.339965e-02,-1.285213e+00,1.136610e-03,0.000000e+00,0.000000e+00,0.000000e+00,0.000000e+00,0.000000e+00,0.000000e+00,0.000000e+00,0.000000e+00,0.000000e+00,0.000000e+00,0.000000e+00,0.000000e+00,0.000000e+00,0.000000e+00,0.000000e+00,0.000000e+00,0.000000e+00,0.000000e+00,0.000000e+00,0.000000e+00,0.000000e+00,1.521522e+05,9.481301e+02,1.833454e+05,1.166960e+00,-3.831245e-02,-3.792939e+01,-1.651265e+00,2.211471e-02,-5.306703e-01,2.619107e-03,-2.465602e-03,4.539467e+01,-1.160579e+00,-2.376160e-02,-1.475367e-03,1.404060e-01,1.169362e-04,-3.434119e+00,7.320800e+01,1.686124e+00,4.715620e+03,-9.319888e+04,-9.939036e+02,-2.192709e+05,-1.529280e-01,3.619284e+01,-3.506715e-02,-2.413244e+02,3.902903e+03,-3.336372e+02
3.230203e-03,3.552984e+04,4.737755e+04,9.744155e-01,2.304703e-02,1.513331e+01,1.023993e-01,9.774000e-07,8.648698e+03,0.000000e+00,0.000000e+00,1.045758e+04,0.000000e+00,0.000000e+00,0.000000e+00,0.000000e+00,0.000000e+00,0.000000e+00,0.000000e+00,0.000000e+00,0.000000e+00,0.000000e+00,0.000000e+00,0.000000e+00,0.000000e+00,0.000000e+00,0.000000e+00,0.000000e+00,0.000000e+00,0.000000e+00,0.000000e+00,0.000000e+00,0.000000e+00,0.000000e+00,0.000000e+00,0.000000e+00,0.000000e+00,0.000000e+00,0.000000e+00,0.000000e+00,0.000000e+00,0.000000e+00,0.000000e+00,0.000000e+00,0.000000e+00,0.000000e+00,0.000000e+00,0.000000e+00,0.000000e+00,3.552984e+04,4.567059e+03,4.284242e-01,1.363208e-02,-1.271084e+00,1.136610e-03,0.000000e+00,0.000000e+00,0.000000e+00,0.000000e+00,0.000000e+00,0.000000e+00,0.000000e+00,0.000000e+00,0.000000e+00,0.000000e+00,0.000000e+00,0.000000e+00,0.000000e+00,0.000000e+00,0.000000e+00,0.000000e+00,0.000000e+00,0.000000e+00,0.000000e+00,0.000000e+00,0.000000e+00,1.471488e+05,7.797669e+03,1.874401e+05,1.169602e+00,-3.768221e-02,-3.792356e+01,-1.651598e+00,2.202138e-02,-5.308459e-01,2.619110e-03,-2.465603e-03,4.540453e+01,-1.159038e+00,-2.368096e-02,-1.475367e-03,1.411166e-01,1.323661e-04,-3.388040e+00,7.228103e+01,1.499772e+00,4.713489e+03,-9.920824e+04,-7.843187e+03,-2.166647e+05,-1.555523e-01,3.623062e+01,-3.723498e-02,-3.083446e+02,3.844360e+03,-2.374139e+02
3.240954e-03,3.558858e+04,4.729386e+04,9.726808e-01,2.296191e-02,1.514425e+01,1.023993e-01,9.774000e-07,8.668239e+03,0.000000e+00,0.000000e+00,1.046301e+04,0.000000e+00,0.000000e+00,0.000000e+00,0.000000e+00,0.000000e+00,0.000000e+00,0.000000e+00,0.000000e+00,0.000000e+00,0.000000e+00,0.000000e+00,0.000000e+00,0.000000e+00,0.000000e+00,0.000000e+00,0.000000e+00,0.000000e+00,0.000000e+00,0.000000e+00,0.000000e+00,0.000000e+00,0.000000e+00,0.000000e+00,0.000000e+00,0.000000e+00,0.000000e+00,0.000000e+00,0.000000e+00,0.000000e+00,0.000000e+00,0.000000e+00,0.000000e+00,0.000000e+00,0.000000e+00,0.000000e+00,0.000000e+00,0.000000e+00,3.558858e+04,4.520196e+03,4.289166e-01,1.385072e-02,-1.255724e+00,1.136610e-03,0.000000e+00,0.000000e+00,0.000000e+00,0.000000e+00,0.000000e+00,0.000000e+00,0.000000e+00,0.000000e+00,0.000000e+00,0.000000e+00,0.000000e+00,0.000000e+00,0.000000e+00,0.000000e+00,0.000000e+00,0.000000e+00,0.000000e+00,0.000000e+00,0.000000e+00,0.000000e+00,0.000000e+00,1.401910e+05,1.813547e+04,1.790799e+05,1.172478e+00,-3.734140e-02,-3.791735e+01,-1.651954e+00,2.192285e-02,-5.310503e-01,2.619112e-03,-2.465603e-03,4.541548e+01,-1.157303e+00,-2.359433e-02,-1.475367e-03,1.418877e-01,1.477611e-04,-3.337377e+00,7.126010e+01,1.394775e+00,4.711220e+03,-9.504474e+04,-1.817920e+04,-2.066108e+05,-1.582952e-01,3.627155e+01,-4.032062e-02,-2.615250e+02,3.774107e+03,-2.396017e+02
3.250728e-03,3.564141e+04,4.721843e+04,9.711181e-01,2.288314e-02,1.515404e+01,1.023993e-01,9.774000e-07,8.685928e+03,0.000000e+00,0.000000e+00,1.046802e+04,0.000000e+00,0.000000e+00,0.000000e+00,0.000000e+00,0.000000e+00,0.000000e+00,0.000000e+00,0.000000e+00,0.000000e+00,0.000000e+00,0.000000e+00,0.000000e+00,0.000000e+00,0.000000e+00,0.000000e+00,0.000000e+00,0.000000e+00,0.000000e+00,0.000000e+00,0.000000e+00,0.000000e+00,0.000000e+00,0.000000e+00,0.000000e+00,0.000000e+00,0.000000e+00,0.000000e+00,0.000000e+00,0.000000e+00,0.000000e+00,0.000000e+00,0.000000e+00,0.000000e+00,0.000000e+00,0.000000e+00,0.000000e+00,0.000000e+00,3.564141e+04,4.477944e+03,4.293665e-01,1.401740e-02,-1.241968e+00,1.136610e-03,0.000000e+00,0.000000e+00,0.000000e+00,0.000000e+00,0.000000e+00,0.000000e+00,0.000000e+00,0.000000e+00,0.000000e+00,0.000000e+00,0.000000e+00,0.000000e+00,0.000000e+00,0.000000e+00,0.000000e+00,0.000000e+00,0.000000e+00,0.000000e+00,0.000000e+00,0.000000e+00,0.000000e+00,1.506482e+05,-5.897019e+03,1.817670e+05,1.175119e+00,-3.700036e-02,-3.791169e+01,-1.652307e+00,2.185245e-02,-5.312395e-01,2.619115e-03,-2.465603e-03,4.542527e+01,-1.155741e+00,-2.351672e-02,-1.475367e-03,1.425792e-01,1.605140e-04,-3.291340e+00,7.033320e+01,1.272138e+00,4.709172e+03,-9.272404e+04,5.850748e+03,-2.171104e+05,-1.605508e-01,3.630848e+01,-4.198236e-02,-1.455204e+02,3.879486e+03,4.269944e+01
3.260502e-03,3.569384e+04,4.714375e+04,9.695040e-01,2.276674e-02,1.516409e+01,1.023993e-01,9.774000e-07,8.703333e+03,0.000000e+00,0.000000e+00,1.047297e+04,0.000000e+00,0.000000e+00,0.000000e+00,0.000000e+00,0.000000e+00,0.000000e+00,0.000000e+00,0.000000e+00,0.000000e+00,0.000000e+00,0.000000e+00,0.000000e+00,0.000000e+00,0.000000e+00,0.000000e+00,0.000000e+00,0.000000e+00,0.000000e+00,0.000000e+00,0.000000e+00,0.000000e+00,0.000000e+00,0.000000e+00,0.000000e+00,0.000000e+00,0.000000e+00,0.000000e+00,0.000000e+00,0.000000e+00,0.000000e+00,0.000000e+00,0.000000e+00,0.000000e+00,0.000000e+00,0.000000e+00,0.000000e+00,0.000000e+00,3.569384e+04,4.436061e+03,4.297446e-01,1.409087e-02,-1.228109e+00,1.136610e-03,0.000000e+00,0.000000e+00,0.000000e+00,0.000000e+00,0.000000e+00,0.000000e+00,0.000000e+00,0.000000e+00,0.000000e+00,0.000000e+00,0.000000e+00,0.000000e+00,0.000000e+00,0.000000e+00,0.000000e+00,0.000000e+00,0.000000e+00,0.000000e+00,0.000000e+00,0.000000e+00,0.000000e+00,1.338647e+05,1.206862e+04,1.738916e+05,1.177710e+00,-3.669889e-02,-3.790614e+01,-1.652646e+00,2.176605e-02,-5.314379e-01,2.619118e-03,-2.465603e-03,4.543534e+01,-1.154124e+00,-2.339730e-02,-1.475367e-03,1.432617e-01,1.727820e-04,-3.245324e+00,6.942139e+01,1.196631e+00,4.707143e+03,-9.346873e+04,-1.211119e+04,-1.985462e+05,-1.628345e-01,3.634495e+01,-4.325236e-02,-2.441296e+02,3.645312e+03,-2.628857e+02
3.270276e-03,3.574581e+04,4.707011e+04,9.679017e-01,2.267805e-02,1.517391e+01,1.023993e-01,9.774000e-07,8.720409e+03,0.000000e+00,0.000000e+00,1.047758e+04,0.000000e+00,0.000000e+00,0.000000e+00,0.000000e+00,0.000000e+00,0.000000e+00,0.000000e+00,0.000000e+00,0.000000e+00,0.000000e+00,0.000000e+00,0.000000e+00,0.000000e+00,0.000000e+00,0.000000e+00,0.000000e+00,0.000000e+00,0.000000e+00,0.000000e+00,0.000000e+00,0.000000e+00,0.000000e+00,0.000000e+00,0.000000e+00,0.000000e+00,0.000000e+00,0.000000e+00,0.000000e+00,0.000000e+00,0.000000e+00,0.000000e+00,0.000000e+00,0.000000e+00,0.000000e+00,0.000000e+00,0.000000e+00,0.000000e+00,3.574581e+04,4.394437e+03,4.301320e-01,1.427164e-02,-1.214479e+00,1.136610e-03,0.000000e+00,0.000000e+00,0.000000e+00,0.000000e+00,0.000000e+00,0.000000e+00,0.000000e+00,0.000000e+00,0.000000e+00,0.000000e+00,0.000000e+00,0.000000e+00,0.000000e+00,0.000000e+00,0.000000e+00,0.000000e+00,0.000000e+00,0.000000e+00,0.000000e+00,0.000000e+00,0.000000e+00,1.302994e+05,-1.829462e+03,1.747185e+05,1.180295e+00,-3.637583e-02,-3.790070e+01,-1.652978e+00,2.169804e-02,-5.316512e-01,2.619126e-03,-2.465603e-03,4.544512e+01,-1.152523e+00,-2.331135e-02,-1.475368e-03,1.439353e-01,1.838274e-04,-3.199327e+00,6.851216e+01,1.087254e+00,4.705175e+03,-9.590341e+04,1.787228e+03,-1.957222e+05,-1.650442e-01,3.638061e+01,-4.501060e-02,-1.222249e+02,3.571156e+03,-2.502584e+01
3.280050e-03,3.579711e+04,4.699812e+04,9.661912e-01,2.259998e-02,1.518424e+01,1.023993e-01,9.774000e-07,8.736447e+03,0.000000e+00,0.000000e+00,1.048232e+04,0.000000e+00,0.000000e+00,0.000000e+00,0.000000e+00,0.000000e+00,0.000000e+00,0.000000e+00,0.000000e+00,0.000000e+00,0.000000e+00,0.000000e+00,0.000000e+00,0.000000e+00,0.000000e+00,0.000000e+00,0.000000e+00,0.000000e+00,0.000000e+00,0.000000e+00,0.000000e+00,0.000000e+00,0.000000e+00,0.000000e+00,0.000000e+00,0.000000e+00,0.000000e+00,0.000000e+00,0.000000e+00,0.000000e+00,0.000000e+00,0.000000e+00,0.000000e+00,0.000000e+00,0.000000e+00,0.000000e+00,0.000000e+00,0.000000e+00,3.579711e+04,4.352949e+03,4.304998e-01,1.425904e-02,-1.200890e+00,1.136609e-03,0.000000e+00,0.000000e+00,0.000000e+00,0.000000e+00,0.000000e+00,0.000000e+00,0.000000e+00,0.000000e+00,0.000000e+00,0.000000e+00,0.000000e+00,0.000000e+00,0.000000e+00,0.000000e+00,0.000000e+00,0.000000e+00,0.000000e+00,0.000000e+00,0.000000e+00,0.000000e+00,0.000000e+00,1.211631e+05,-3.466370e+03,1.681954e+05,1.182865e+00,-3.635537e-02,-3.789567e+01,-1.653222e+00,2.165051e-02,-5.318832e-01,2.619129e-03,-2.465601e-03,4.545547e+01,-1.150806e+00,-2.323263e-02,-1.475368e-03,1.445999e-01,1.944030e-04,-3.153348e+00,6.758148e+01,1.083990e+00,4.703352e+03,-9.433983e+04,3.426294e+03,-1.845818e+05,-1.663614e-01,3.641412e+01,-4.524111e-02,-9.394410e+01,3.426749e+03,-9.799184e+00
3.290802e-03,3.585303e+04,4.692020e+04,9.643350e-01,2.249408e-02,1.519526e+01,1.023993e-01,9.774000e-07,8.753902e+03,0.000000e+00,0.000000e+00,1.048742e+04,0.000000e+00,0.000000e+00,0.000000e+00,0.000000e+00,0.000000e+00,0.000000e+00,0.000000e+00,0.000000e+00,0.000000e+00,0.000000e+00,0.000000e+00,0.000000e+00,0.000000e+00,0.000000e+00,0.000000e+00,0.000000e+00,0.000000e+00,0.000000e+00,0.000000e+00,0.000000e+00,0.000000e+00,0.000000e+00,0.000000e+00,0.000000e+00,0.000000e+00,0.000000e+00,0.000000e+00,0.000000e+00,0.000000e+00,0.000000e+00,0.000000e+00,0.000000e+00,0.000000e+00,0.000000e+00,0.000000e+00,0.000000e+00,0.000000e+00,3.585303e+04,4.307623e+03,4.309210e-01,1.418573e-02,-1.186136e+00,1.136610e-03,0.000000e+00,0.000000e+00,0.000000e+00,0.000000e+00,0.000000e+00,0.000000e+00,0.000000e+00,0.000000e+00,0.000000e+00,0.000000e+00,0.000000e+00,0.000000e+00,0.000000e+00,0.000000e+00,0.000000e+00,0.000000e+00,0.000000e+00,0.000000e+00,0.000000e+00,0.000000e+00,0.000000e+00,1.174405e+05,5.528981e+03,1.675442e+05,1.185690e+00,-3.633771e-02,-3.789021e+01,-1.653497e+00,2.161952e-02,-5.321559e-01,2.619130e-03,-2.465604e-03,4.546648e+01,-1.148968e+00,-2.312476e-02,-1.475368e-03,1.453206e-01,2.063133e-04,-3.102792e+00,6.656287e+01,1.097133e+00,4.701392e+03,-9.553062e+04,-5.568539e+03,-1.809331e+05,-1.673644e-01,3.645052e+01,-4.531061e-02,-8.244883e+01,3.325273e+03,-2.690488e+01
3.300576e-03,3.590314e+04,4.685020e+04,9.626207e-01,2.236916e-02,1.520540e+01,1.023993e-01,9.774000e-07,8.769520e+03,0.000000e+00,0.000000e+00,1.049168e+04,0.000000e+00,0.000000e+00,0.000000e+00,0.000000e+00,0.000000e+00,0.000000e+00,0.000000e+00,0.000000e+00,0.000000e+00,0.000000e+00,0.000000e+00,0.000000e+00,0.000000e+00,0.000000e+00,0.000000e+00,0.000000e+00,0.000000e+00,0.000000e+00,0.000000e+00,0.000000e+00,0.000000e+00,0.000000e+00,0.000000e+00,0.000000e+00,0.000000e+00,0.000000e+00,0.000000e+00,0.000000e+00,0.000000e+00,0.000000e+00,0.000000e+00,0.000000e+00,0.000000e+00,0.000000e+00,0.000000e+00,0.000000e+00,0.000000e+00,3.590314e+04,4.266606e+03,4.312912e-01,1.400993e-02,-1.172784e+00,1.136610e-03,0.000000e+00,0.000000e+00,0.000000e+00,0.000000e+00,0.000000e+00,0.000000e+00,0.000000e+00,0.000000e+00,0.000000e+00,0.000000e+00,0.000000e+00,0.000000e+00,0.000000e+00,0.000000e+00,0.000000e+00,0.000000e+00,0.000000e+00,0.000000e+00,0.000000e+00,0.000000e+00,0.000000e+00,1.134437e+05,1.137024e+03,1.624123e+05,1.188229e+00,-3.646882e-02,-3.788534e+01,-1.653745e+00,2.158286e-02,-5.324031e-01,2.619135e-03,-2.465604e-03,4.547663e+01,-1.147252e+00,-2.300091e-02,-1.475368e-03,1.459662e-01,2.172011e-04,-3.056850e+00,6.564256e+01,1.138508e+00,4.699634e+03,-9.284916e+04,-1.175537e+03,-1.750033e+05,-1.682741e-01,3.648304e+01,-4.525553e-02,-9.607850e+01,3.278438e+03,-1.474642e+01
3.310350e-03,3.595277e+04,4.678110e+04,9.608830e-01,2.228709e-02,1.521558e+01,1.023993e-01,9.774000e-07,8.784864e+03,0.000000e+00,0.000000e+00,1.049577e+04,0.000000e+00,0.000000e+00,0.000000e+00,0.000000e+00,0.000000e+00,0.000000e+00,0.000000e+00,0.000000e+00,0.000000e+00,0.000000e+00,0.000000e+00,0.000000e+00,0.000000e+00,0.000000e+00,0.000000e+00,0.000000e+00,0.000000e+00,0.000000e+00,0.000000e+00,0.000000e+00,0.000000e+00,0.000000e+00,0.000000e+00,0.000000e+00,0.000000e+00,0.000000e+00,0.000000e+00,0.000000e+00,0.000000e+00,0.000000e+00,0.000000e+00,0.000000e+00,0.000000e+00,0.000000e+00,0.000000e+00,0.000000e+00,0.000000e+00,3.595277e+04,4.225811e+03,4.315632e-01,1.389575e-02,-1.159495e+00,1.136610e-03,0.000000e+00,0.000000e+00,0.000000e+00,0.000000e+00,0.000000e+00,0.000000e+00,0.000000e+00,0.000000e+00,0.000000e+00,0.000000e+00,0.000000e+00,0.000000e+00,0.000000e+00,0.000000e+00,0.000000e+00,0.000000e+00,0.000000e+00,0.000000e+00,0.000000e+00,0.000000e+00,0.000000e+00,1.169136e+05,3.414150e+03,1.651424e+05,1.190724e+00,-3.649377e-02,-3.788055e+01,-1.653982e+00,2.155411e-02,-5.326466e-01,2.619136e-03,-2.465603e-03,4.548679e+01,-1.145515e+00,-2.291888e-02,-1.475368e-03,1.466029e-01,2.283740e-04,-3.010925e+00,6.473804e+01,1.156580e+00,4.697930e+03,-9.376155e+04,-3.453883e+03,-1.793023e+05,-1.691428e-01,3.651497e+01,-4.527149e-02,-5.121036e+01,3.243312e+03,3.144429e+01
3.320124e-03,3.600190e+04,4.671264e+04,9.591456e-01,2.218002e-02,1.522567e+01,1.023993e-01,9.774000e-07,8.799949e+03,0.000000e+00,0.000000e+00,1.049999e+04,0.000000e+00,0.000000e+00,0.000000e+00,0.000000e+00,0.000000e+00,0.000000e+00,0.000000e+00,0.000000e+00,0.000000e+00,0.000000e+00,0.000000e+00,0.000000e+00,0.000000e+00,0.000000e+00,0.000000e+00,0.000000e+00,0.000000e+00,0.000000e+00,0.000000e+00,0.000000e+00,0.000000e+00,0.000000e+00,0.000000e+00,0.000000e+00,0.000000e+00,0.000000e+00,0.000000e+00,0.000000e+00,0.000000e+00,0.000000e+00,0.000000e+00,0.000000e+00,0.000000e+00,0.000000e+00,0.000000e+00,0.000000e+00,0.000000e+00,3.600190e+04,4.185562e+03,4.318228e-01,1.374948e-02,-1.146374e+00,1.136610e-03,0.000000e+00,0.000000e+00,0.000000e+00,0.000000e+00,0.000000e+00,0.000000e+00,0.000000e+00,0.000000e+00,0.000000e+00,0.000000e+00,0.000000e+00,0.000000e+00,0.000000e+00,0.000000e+00,0.000000e+00,0.000000e+00,0.000000e+00,0.000000e+00,0.000000e+00,0.000000e+00,0.000000e+00,1.110591e+05,-3.351130e+03,1.586934e+05,1.193207e+00,-3.655095e-02,-3.787583e+01,-1.654217e+00,2.152018e-02,-5.329079e-01,2.619141e-03,-2.465603e-03,4.549689e+01,-1.143777e+00,-2.281160e-02,-1.475369e-03,1.472308e-01,2.396475e-04,-2.965017e+00,6.383152e+01,1.174651e+00,4.696227e+03,-9.074822e+04,3.312969e+03,-1.711220e+05,-1.699920e-01,3.654633e+01,-4.521386e-02,-8.493388e+01,3.192575e+03,1.951451e+01
3.330875e-03,3.605531e+04,4.663825e+04,9.572200e-01,2.207910e-02,1.523675e+01,1.023993e-01,9.774000e-07,8.816376e+03,0.000000e+00,0.000000e+00,1.050449e+04,0.000000e+00,0.000000e+00,0.000000e+00,0.000000e+00,0.000000e+00,0.000000e+00,0.000000e+00,0.000000e+00,0.000000e+00,0.000000e+00,0.000000e+00,0.000000e+00,0.000000e+00,0.000000e+00,0.000000e+00,0.000000e+00,0.000000e+00,0.000000e+00,0.000000e+00,0.000000e+00,0.000000e+00,0.000000e+00,0.000000e+00,0.000000e+00,0.000000e+00,0.000000e+00,0.000000e+00,0.000000e+00,0.000000e+00,0.000000e+00,0.000000e+00,0.000000e+00,0.000000e+00,0.000000e+00,0.000000e+00,0.000000e+00,0.000000e+00,3.605531e+04,4.141562e+03,4.320964e-01,1.353994e-02,-1.132016e+00,1.136610e-03,0.000000e+00,0.000000e+00,0.000000e+00,0.000000e+00,0.000000e+00,0.000000e+00,0.000000e+00,0.000000e+00,0.000000e+00,0.000000e+00,0.000000e+00,0.000000e+00,0.000000e+00,0.000000e+00,0.000000e+00,0.000000e+00,0.000000e+00,0.000000e+00,0.000000e+00,0.000000e+00,0.000000e+00,1.193488e+05,1.557907e+04,1.631134e+05,1.195881e+00,-3.654959e-02,-3.787071e+01,-1.654480e+00,2.148529e-02,-5.331642e-01,2.619143e-03,-2.465604e-03,4.550795e+01,-1.141852e+00,-2.271054e-02,-1.475368e-03,1.479114e-01,2.524707e-04,-2.914536e+00,6.285915e+01,1.201190e+00,4.694403e+03,-9.098151e+04,-1.561964e+04,-1.804750e+05,-1.708959e-01,3.658041e+01,-4.512176e-02,-1.240544e+02,3.227701e+03,-1.530632e+02
3.340649e-03,3.610336e+04,4.657068e+04,9.554440e-01,2.198501e-02,1.524694e+01,1.023993e-01,9.774000e-07,8.831400e+03,0.000000e+00,0.000000e+00,1.050892e+04,0.000000e+00,0.000000e+00,0.000000e+00,0.000000e+00,0.000000e+00,0.000000e+00,0.000000e+00,0.000000e+00,0.000000e+00,0.000000e+00,0.000000e+00,0.000000e+00,0.000000e+00,0.000000e+00,0.000000e+00,0.000000e+00,0.000000e+00,0.000000e+00,0.000000e+00,0.000000e+00,0.000000e+00,0.000000e+00,0.000000e+00,0.000000e+00,0.000000e+00,0.000000e+00,0.000000e+00,0.000000e+00,0.000000e+00,0.000000e+00,0.000000e+00,0.000000e+00,0.000000e+00,0.000000e+00,0.000000e+00,0.000000e+00,0.000000e+00,3.610336e+04,4.102166e+03,4.323167e-01,1.355404e-02,-1.118860e+00,1.136610e-03,0.000000e+00,0.000000e+00,0.000000e+00,0.000000e+00,0.000000e+00,0.000000e+00,0.000000e+00,0.000000e+00,0.000000e+00,0.000000e+00,0.000000e+00,0.000000e+00,0.000000e+00,0.000000e+00,0.000000e+00,0.000000e+00,0.000000e+00,0.000000e+00,0.000000e+00,0.000000e+00,0.000000e+00,1.058364e+05,-3.851188e+03,1.542614e+05,1.198320e+00,-3.634775e-02,-3.786597e+01,-1.654755e+00,2.143989e-02,-5.333797e-01,2.619144e-03,-2.465603e-03,4.551815e+01,-1.140073e+00,-2.261781e-02,-1.475368e-03,1.485211e-01,2.635176e-04,-2.868663e+00,6.198027e+01,1.121637e+00,4.692688e+03,-8.930270e+04,3.814030e+03,-1.643875e+05,-1.721373e-01,3.661163e+01,-4.618157e-02,-8.616879e+01,3.079391e+03,2.008242e+01
3.350423e-03,3.615100e+04,4.650438e+04,9.536520e-01,2.190336e-02,1.525712e+01,1.023993e-01,9.774000e-07,8.845938e+03,0.000000e+00,0.000000e+00,1.051305e+04,0.000000e+00,0.000000e+00,0.000000e+00,0.000000e+00,0.000000e+00,0.000000e+00,0.000000e+00,0.000000e+00,0.000000e+00,0.000000e+00,0.000000e+00,0.000000e+00,0.000000e+00,0.000000e+00,0.000000e+00,0.000000e+00,0.000000e+00,0.000000e+00,0.000000e+00,0.000000e+00,0.000000e+00,0.000000e+00,0.000000e+00,0.000000e+00,0.000000e+00,0.000000e+00,0.000000e+00,0.000000e+00,0.000000e+00,0.000000e+00,0.000000e+00,0.000000e+00,0.000000e+00,0.000000e+00,0.000000e+00,0.000000e+00,0.000000e+00,3.615100e+04,4.062971e+03,4.325072e-01,1.344442e-02,-1.105788e+00,1.136610e-03,0.000000e+00,0.000000e+00,0.000000e+00,0.000000e+00,0.000000e+00,0.000000e+00,0.000000e+00,0.000000e+00,0.000000e+00,0.000000e+00,0.000000e+00,0.000000e+00,0.000000e+00,0.000000e+00,0.000000e+00,0.000000e+00,0.000000e+00,0.000000e+00,0.000000e+00,0.000000e+00,0.000000e+00,1.119687e+05,1.799359e+03,1.569047e+05,1.200706e+00,-3.632863e-02,-3.786143e+01,-1.654992e+00,2.139807e-02,-5.336053e-01,2.619146e-03,-2.465606e-03,4.552833e+01,-1.138283e+00,-2.253465e-02,-1.475369e-03,1.491222e-01,2.745795e-04,-2.822805e+00,6.111008e+01,1.128473e+00,4.691066e+03,-8.893123e+04,-1.838295e+03,-1.710180e+05,-1.730915e-01,3.664173e+01,-4.613243e-02,-1.425017e+02,3.118420e+03,-1.046695e+02
3.360197e-03,3.619801e+04,4.643849e+04,9.517975e-01,2.180703e-02,1.526757e+01,1.023993e-01,9.774000e-07,8.860312e+03,0.000000e+00,0.000000e+00,1.051747e+04,0.000000e+00,0.000000e+00,0.000000e+00,0.000000e+00,0.000000e+00,0.000000e+00,0.000000e+00,0.000000e+00,0.000000e+00,0.000000e+00,0.000000e+00,0.000000e+00,0.000000e+00,0.000000e+00,0.000000e+00,0.000000e+00,0.000000e+00,0.000000e+00,0.000000e+00,0.000000e+00,0.000000e+00,0.000000e+00,0.000000e+00,0.000000e+00,0.000000e+00,0.000000e+00,0.000000e+00,0.000000e+00,0.000000e+00,0.000000e+00,0.000000e+00,0.000000e+00,0.000000e+00,0.000000e+00,0.000000e+00,0.000000e+00,0.000000e+00,3.619801e+04,4.024076e+03,4.326556e-01,1.337152e-02,-1.092614e+00,1.136610e-03,0.000000e+00,0.000000e+00,0.000000e+00,0.000000e+00,0.000000e+00,0.000000e+00,0.000000e+00,0.000000e+00,0.000000e+00,0.000000e+00,0.000000e+00,0.000000e+00,0.000000e+00,0.000000e+00,0.000000e+00,0.000000e+00,0.000000e+00,0.000000e+00,0.000000e+00,0.000000e+00,0.000000e+00,1.053678e+05,-5.184986e+03,1.532240e+05,1.203095e+00,-3.623225e-02,-3.785691e+01,-1.655231e+00,2.136031e-02,-5.338382e-01,2.619148e-03,-2.465607e-03,4.553882e+01,-1.136422e+00,-2.243864e-02,-1.475369e-03,1.497148e-01,2.854016e-04,-2.776963e+00,6.023890e+01,1.101163e+00,4.689441e+03,-8.870866e+04,5.147556e+03,-1.634354e+05,-1.740541e-01,3.667154e+01,-4.640130e-02,-1.087629e+02,3.016944e+03,-9.757257e+00
3.370948e-03,3.624950e+04,4.636675e+04,9.497368e-01,2.170711e-02,1.527911e+01,1.023993e-01,9.774000e-07,8.875936e+03,0.000000e+00,0.000000e+00,1.052209e+04,0.000000e+00,0.000000e+00,0.000000e+00,0.000000e+00,0.000000e+00,0.000000e+00,0.000000e+00,0.000000e+00,0.000000e+00,0.000000e+00,0.000000e+00,0.000000e+00,0.000000e+00,0.000000e+00,0.000000e+00,0.000000e+00,0.000000e+00,0.000000e+00,0.000000e+00,0.000000e+00,0.000000e+00,0.000000e+00,0.000000e+00,0.000000e+00,0.000000e+00,0.000000e+00,0.000000e+00,0.000000e+00,0.000000e+00,0.000000e+00,0.000000e+00,0.000000e+00,0.000000e+00,0.000000e+00,0.000000e+00,0.000000e+00,0.000000e+00,3.624950e+04,3.981604e+03,4.327793e-01,1.331187e-02,-1.078012e+00,1.136610e-03,0.000000e+00,0.000000e+00,0.000000e+00,0.000000e+00,0.000000e+00,0.000000e+00,0.000000e+00,0.000000e+00,0.000000e+00,0.000000e+00,0.000000e+00,0.000000e+00,0.000000e+00,0.000000e+00,0.000000e+00,0.000000e+00,0.000000e+00,0.000000e+00,0.000000e+00,0.000000e+00,0.000000e+00,1.025824e+05,-2.441511e+02,1.496424e+05,1.205667e+00,-3.613630e-02,-3.785201e+01,-1.655493e+00,2.130724e-02,-5.340641e-01,2.619151e-03,-2.465609e-03,4.555032e+01,-1.134365e+00,-2.233866e-02,-1.475368e-03,1.503569e-01,2.971228e-04,-2.726555e+00,5.929792e+01,1.084150e+00,4.687687e+03,-8.684436e+04,2.074099e+02,-1.592925e+05,-1.752663e-01,3.670388e+01,-4.669618e-02,-9.641390e+01,2.954498e+03,1.105314e-01
3.380722e-03,3.629573e+04,4.630217e+04,9.478498e-01,2.160106e-02,1.528960e+01,1.023993e-01,9.774000e-07,8.889870e+03,0.000000e+00,0.000000e+00,1.052646e+04,0.000000e+00,0.000000e+00,0.000000e+00,0.000000e+00,0.000000e+00,0.000000e+00,0.000000e+00,0.000000e+00,0.000000e+00,0.000000e+00,0.000000e+00,0.000000e+00,0.000000e+00,0.000000e+00,0.000000e+00,0.000000e+00,0.000000e+00,0.000000e+00,0.000000e+00,0.000000e+00,0.000000e+00,0.000000e+00,0.000000e+00,0.000000e+00,0.000000e+00,0.000000e+00,0.000000e+00,0.000000e+00,0.000000e+00,0.000000e+00,0.000000e+00,0.000000e+00,0.000000e+00,0.000000e+00,0.000000e+00,0.000000e+00,0.000000e+00,3.629573e+04,3.943321e+03,4.328664e-01,1.324075e-02,-1.064835e+00,1.136610e-03,0.000000e+00,0.000000e+00,0.000000e+00,0.000000e+00,0.000000e+00,0.000000e+00,0.000000e+00,0.000000e+00,0.000000e+00,0.000000e+00,0.000000e+00,0.000000e+00,0.000000e+00,0.000000e+00,0.000000e+00,0.000000e+00,0.000000e+00,0.000000e+00,0.000000e+00,0.000000e+00,0.000000e+00,1.025637e+05,2.839809e+03,1.484325e+05,1.207998e+00,-3.601272e-02,-3.784761e+01,-1.655725e+00,2.126529e-02,-5.342821e-01,2.619150e-03,-2.465609e-03,4.556083e+01,-1.132475e+00,-2.223180e-02,-1.475368e-03,1.509319e-01,3.076221e-04,-2.680746e+00,5.844314e+01,1.059495e+00,4.686113e+03,-8.583141e+04,-2.876662e+03,-1.586955e+05,-1.762084e-01,3.673269e+01,-4.685119e-02,-1.111413e+02,2.931080e+03,-3.630767e+01
3.390496e-03,3.634164e+04,4.623843e+04,9.459612e-01,2.150002e-02,1.530006e+01,1.023993e-01,9.774000e-07,8.903582e+03,0.000000e+00,0.000000e+00,1.053051e+04,0.000000e+00,0.000000e+00,0.000000e+00,0.000000e+00,0.000000e+00,0.000000e+00,0.000000e+00,0.000000e+00,0.000000e+00,0.000000e+00,0.000000e+00,0.000000e+00,0.000000e+00,0.000000e+00,0.000000e+00,0.000000e+00,0.000000e+00,0.000000e+00,0.000000e+00,0.000000e+00,0.000000e+00,0.000000e+00,0.000000e+00,0.000000e+00,0.000000e+00,0.000000e+00,0.000000e+00,0.000000e+00,0.000000e+00,0.000000e+00,0.000000e+00,0.000000e+00,0.000000e+00,0.000000e+00,0.000000e+00,0.000000e+00,0.000000e+00,3.634164e+04,3.905301e+03,4.329381e-01,1.313974e-02,-1.051747e+00,1.136610e-03,0.000000e+00,0.000000e+00,0.000000e+00,0.000000e+00,0.000000e+00,0.000000e+00,0.000000e+00,0.000000e+00,0.000000e+00,0.000000e+00,0.000000e+00,0.000000e+00,0.000000e+00,0.000000e+00,0.000000e+00,0.000000e+00,0.000000e+00,0.000000e+00,0.000000e+00,0.000000e+00,0.000000e+00,9.991909e+04,2.700614e+03,1.459161e+05,1.210274e+00,-3.596703e-02,-3.784335e+01,-1.655944e+00,2.121585e-02,-5.344830e-01,2.619155e-03,-2.465612e-03,4.557127e+01,-1.130589e+00,-2.213115e-02,-1.475368e-03,1.514986e-01,3.179172e-04,-2.634953e+00,5.760367e+01,1.054520e+00,4.684582e+03,-8.484261e+04,-2.736879e+03,-1.551672e+05,-1.772555e-01,3.676103e+01,-4.698228e-02,-1.058815e+02,2.876439e+03,-2.380618e+01
3.400270e-03,3.638702e+04,4.617523e+04,9.440850e-01,2.138778e-02,1.531040e+01,1.023993e-01,9.774000e-07,8.917089e+03,0.000000e+00,0.000000e+00,1.053473e+04,0.000000e+00,0.000000e+00,0.000000e+00,0.000000e+00,0.000000e+00,0.000000e+00,0.000000e+00,0.000000e+00,0.000000e+00,0.000000e+00,0.000000e+00,0.000000e+00,0.000000e+00,0.000000e+00,0.000000e+00,0.000000e+00,0.000000e+00,0.000000e+00,0.000000e+00,0.000000e+00,0.000000e+00,0.000000e+00,0.000000e+00,0.000000e+00,0.000000e+00,0.000000e+00,0.000000e+00,0.000000e+00,0.000000e+00,0.000000e+00,0.000000e+00,0.000000e+00,0.000000e+00,0.000000e+00,0.000000e+00,0.000000e+00,0.000000e+00,3.638702e+04,3.867607e+03,4.330204e-01,1.307995e-02,-1.038819e+00,1.136609e-03,0.000000e+00,0.000000e+00,0.000000e+00,0.000000e+00,0.000000e+00,0.000000e+00,0.000000e+00,0.000000e+00,0.000000e+00,0.000000e+00,0.000000e+00,0.000000e+00,0.000000e+00,0.000000e+00,0.000000e+00,0.000000e+00,0.000000e+00,0.000000e+00,0.000000e+00,0.000000e+00,0.000000e+00,9.705388e+04,2.243649e+03,1.440095e+05,1.212541e+00,-3.581953e-02,-3.783912e+01,-1.656164e+00,2.116972e-02,-5.346888e-01,2.619156e-03,-2.465611e-03,4.558162e+01,-1.128711e+00,-2.201797e-02,-1.475368e-03,1.520572e-01,3.280730e-04,-2.589174e+00,5.676680e+01,1.020611e+00,4.683058e+03,-8.449491e+04,-2.279327e+03,-1.517190e+05,-1.782287e-01,3.678893e+01,-4.718441e-02,-1.024207e+02,2.825702e+03,-9.730577e+00
3.410045e-03,3.643207e+04,4.611286e+04,9.422010e-01,2.127656e-02,1.532076e+01,1.023993e-01,9.774000e-07,8.930385e+03,0.000000e+00,0.000000e+00,1.053878e+04,0.000000e+00,0.000000e+00,0.000000e+00,0.000000e+00,0.000000e+00,0.000000e+00,0.000000e+00,0.000000e+00,0.000000e+00,0.000000e+00,0.000000e+00,0.000000e+00,0.000000e+00,0.000000e+00,0.000000e+00,0.000000e+00,0.000000e+00,0.000000e+00,0.000000e+00,0.000000e+00,0.000000e+00,0.000000e+00,0.000000e+00,0.000000e+00,0.000000e+00,0.000000e+00,0.000000e+00,0.000000e+00,0.000000e+00,0.000000e+00,0.000000e+00,0.000000e+00,0.000000e+00,0.000000e+00,0.000000e+00,0.000000e+00,0.000000e+00,3.643207e+04,3.830132e+03,4.330584e-01,1.300938e-02,-1.025996e+00,1.136610e-03,0.000000e+00,0.000000e+00,0.000000e+00,0.000000e+00,0.000000e+00,0.000000e+00,0.000000e+00,0.000000e+00,0.000000e+00,0.000000e+00,0.000000e+00,0.000000e+00,0.000000e+00,0.000000e+00,0.000000e+00,0.000000e+00,0.000000e+00,0.000000e+00,0.000000e+00,0.000000e+00,0.000000e+00,9.617301e+04,3.063304e+03,1.432402e+05,1.214759e+00,-3.574413e-02,-3.783498e+01,-1.656375e+00,2.111293e-02,-5.348825e-01,2.619190e-03,-2.465611e-03,4.559196e+01,-1.126828e+00,-2.190739e-02,-1.475375e-03,1.526076e-01,3.380201e-04,-2.543409e+00,5.594436e+01,1.009439e+00,4.681578e+03,-8.426173e+04,-3.098934e+03,-1.505548e+05,-1.793250e-01,3.681636e+01,-4.727798e-02,-1.229262e+02,2.786673e+03,4.295480e+00
3.420796e-03,3.648103e+04,4.604511e+04,9.401249e-01,2.116282e-02,1.533216e+01,1.023993e-01,9.774000e-07,8.944758e+03,0.000000e+00,0.000000e+00,1.054355e+04,0.000000e+00,0.000000e+00,0.000000e+00,0.000000e+00,0.000000e+00,0.000000e+00,0.000000e+00,0.000000e+00,0.000000e+00,0.000000e+00,0.000000e+00,0.000000e+00,0.000000e+00,0.000000e+00,0.000000e+00,0.000000e+00,0.000000e+00,0.000000e+00,0.000000e+00,0.000000e+00,0.000000e+00,0.000000e+00,0.000000e+00,0.000000e+00,0.000000e+00,0.000000e+00,0.000000e+00,0.000000e+00,0.000000e+00,0.000000e+00,0.000000e+00,0.000000e+00,0.000000e+00,0.000000e+00,0.000000e+00,0.000000e+00,0.000000e+00,3.648103e+04,3.789291e+03,4.331181e-01,1.297424e-02,-1.012008e+00,1.136610e-03,0.000000e+00,0.000000e+00,0.000000e+00,0.000000e+00,0.000000e+00,0.000000e+00,0.000000e+00,0.000000e+00,0.000000e+00,0.000000e+00,0.000000e+00,0.000000e+00,0.000000e+00,0.000000e+00,0.000000e+00,0.000000e+00,0.000000e+00,0.000000e+00,0.000000e+00,0.000000e+00,0.000000e+00,9.209203e+04,1.521623e+03,1.396961e+05,1.217191e+00,-3.560328e-02,-3.783054e+01,-1.656602e+00,2.105347e-02,-5.351243e-01,2.620830e-03,-2.465611e-03,4.560337e+01,-1.124749e+00,-2.179390e-02,-1.475695e-03,1.532037e-01,3.487025e-04,-2.493085e+00,5.503927e+01,9.809230e-01,4.679980e+03,-8.300384e+04,-1.556239e+03,-1.452797e+05,-1.805215e-01,3.684600e+01,-4.728208e-02,-1.174987e+02,2.739838e+03,-9.909715e-01
3.430570e-03,3.652513e+04,4.598434e+04,9.382343e-01,2.105297e-02,1.534251e+01,1.023993e-01,9.774000e-07,8.957617e+03,0.000000e+00,0.000000e+00,1.054737e+04,0.000000e+00,0.000000e+00,0.000000e+00,0.000000e+00,0.000000e+00,0.000000e+00,0.000000e+00,0.000000e+00,0.000000e+00,0.000000e+00,0.000000e+00,0.000000e+00,0.000000e+00,0.000000e+00,0.000000e+00,0.000000e+00,0.000000e+00,0.000000e+00,0.000000e+00,0.000000e+00,0.000000e+00,0.000000e+00,0.000000e+00,0.000000e+00,0.000000e+00,0.000000e+00,0.000000e+00,0.000000e+00,0.000000e+00,0.000000e+00,0.000000e+00,0.000000e+00,0.000000e+00,0.000000e+00,0.000000e+00,0.000000e+00,0.000000e+00,3.652513e+04,3.752341e+03,4.331546e-01,1.292924e-02,-9.993501e-01,1.136610e-03,0.000000e+00,0.000000e+00,0.000000e+00,0.000000e+00,0.000000e+00,0.000000e+00,0.000000e+00,0.000000e+00,0.000000e+00,0.000000e+00,0.000000e+00,0.000000e+00,0.000000e+00,0.000000e+00,0.000000e+00,0.000000e+00,0.000000e+00,0.000000e+00,0.000000e+00,0.000000e+00,0.000000e+00,9.028177e+04,2.779682e+02,1.378631e+05,1.219352e+00,-3.552057e-02,-3.782660e+01,-1.656802e+00,2.099103e-02,-5.353303e-01,2.626087e-03,-2.465609e-03,4.561372e+01,-1.122854e+00,-2.168328e-02,-1.476726e-03,1.537373e-01,3.582080e-04,-2.447351e+00,5.423209e+01,9.677839e-01,4.678571e+03,-8.223822e+04,-3.122105e+02,-1.428072e+05,-1.816761e-01,3.687250e+01,-4.732764e-02,-1.214321e+02,2.681294e+03,5.282640e+00
3.440344e-03,3.656891e+04,4.592400e+04,9.363021e-01,2.092355e-02,1.535306e+01,1.023993e-01,9.774000e-07,8.970236e+03,0.000000e+00,0.000000e+00,1.055131e+04,0.000000e+00,0.000000e+00,0.000000e+00,0.000000e+00,0.000000e+00,0.000000e+00,0.000000e+00,0.000000e+00,0.000000e+00,0.000000e+00,0.000000e+00,0.000000e+00,0.000000e+00,0.000000e+00,0.000000e+00,0.000000e+00,0.000000e+00,0.000000e+00,0.000000e+00,0.000000e+00,0.000000e+00,0.000000e+00,0.000000e+00,0.000000e+00,0.000000e+00,0.000000e+00,0.000000e+00,0.000000e+00,0.000000e+00,0.000000e+00,0.000000e+00,0.000000e+00,0.000000e+00,0.000000e+00,0.000000e+00,0.000000e+00,0.000000e+00,3.656891e+04,3.715627e+03,4.331256e-01,1.286290e-02,-9.866436e-01,1.136610e-03,0.000000e+00,0.000000e+00,0.000000e+00,0.000000e+00,0.000000e+00,0.000000e+00,0.000000e+00,0.000000e+00,0.000000e+00,0.000000e+00,0.000000e+00,0.000000e+00,0.000000e+00,0.000000e+00,0.000000e+00,0.000000e+00,0.000000e+00,0.000000e+00,0.000000e+00,0.000000e+00,0.000000e+00,8.846949e+04,5.608671e+02,1.356861e+05,1.221504e+00,-3.537964e-02,-3.782270e+01,-1.656999e+00,2.093035e-02,-5.355452e-01,2.633942e-03,-2.465611e-03,4.562428e+01,-1.120910e+00,-2.155278e-02,-1.478263e-03,1.542631e-01,3.675344e-04,-2.401630e+00,5.342616e+01,9.416722e-01,4.677174e+03,-8.116466e+04,-5.946970e+02,-1.401778e+05,-1.827898e-01,3.689848e+01,-4.732666e-02,-1.254722e+02,2.634459e+03,4.291669e+00
3.450118e-03,3.661236e+04,4.586439e+04,9.344003e-01,2.079932e-02,1.536342e+01,1.023993e-01,9.774000e-07,8.982657e+03,0.000000e+00,0.000000e+00,1.055496e+04,0.000000e+00,0.000000e+00,0.000000e+00,0.000000e+00,0.000000e+00,0.000000e+00,0.000000e+00,0.000000e+00,0.000000e+00,0.000000e+00,0.000000e+00,0.000000e+00,0.000000e+00,0.000000e+00,0.000000e+00,0.000000e+00,0.000000e+00,0.000000e+00,0.000000e+00,0.000000e+00,0.000000e+00,0.000000e+00,0.000000e+00,0.000000e+00,0.000000e+00,0.000000e+00,0.000000e+00,0.000000e+00,0.000000e+00,0.000000e+00,0.000000e+00,0.000000e+00,0.000000e+00,0.000000e+00,0.000000e+00,0.000000e+00,0.000000e+00,3.661236e+04,3.679144e+03,4.330928e-01,1.280914e-02,-9.740885e-01,1.136610e-03,0.000000e+00,0.000000e+00,0.000000e+00,0.000000e+00,0.000000e+00,0.000000e+00,0.000000e+00,0.000000e+00,0.000000e+00,0.000000e+00,0.000000e+00,0.000000e+00,0.000000e+00,0.000000e+00,0.000000e+00,0.000000e+00,0.000000e+00,0.000000e+00,0.000000e+00,0.000000e+00,0.000000e+00,8.651764e+04,1.500364e+03,1.333391e+05,1.223602e+00,-3.529201e-02,-3.781890e+01,-1.657187e+00,2.086070e-02,-5.357408e-01,2.644569e-03,-2.465612e-03,4.563461e+01,-1.119001e+00,-2.142935e-02,-1.480343e-03,1.547810e-01,3.766853e-04,-2.355922e+00,5.263604e+01,9.316785e-01,4.675816e+03,-8.000059e+04,-1.533720e+03,-1.373478e+05,-1.840253e-01,3.692404e+01,-4.731517e-02,-1.277896e+02,2.591528e+03,5.717143e-01
3.460869e-03,3.665966e+04,4.579944e+04,9.322960e-01,2.066410e-02,1.537487e+01,1.023993e-01,9.774081e-07,8.996059e+03,0.000000e+00,0.000000e+00,1.055916e+04,0.000000e+00,0.000000e+00,0.000000e+00,0.000000e+00,0.000000e+00,0.000000e+00,0.000000e+00,0.000000e+00,0.000000e+00,0.000000e+00,0.000000e+00,0.000000e+00,0.000000e+00,0.000000e+00,0.000000e+00,0.000000e+00,0.000000e+00,0.000000e+00,0.000000e+00,0.000000e+00,0.000000e+00,0.000000e+00,0.000000e+00,0.000000e+00,0.000000e+00,0.000000e+00,0.000000e+00,0.000000e+00,0.000000e+00,0.000000e+00,0.000000e+00,0.000000e+00,0.000000e+00,0.000000e+00,0.000000e+00,0.000000e+00,0.000000e+00,3.665966e+04,3.639261e+03,4.330205e-01,1.274288e-02,-9.603608e-01,1.136610e-03,0.000000e+00,0.000000e+00,0.000000e+00,0.000000e+00,0.000000e+00,0.000000e+00,0.000000e+00,0.000000e+00,0.000000e+00,0.000000e+00,0.000000e+00,0.000000e+00,0.000000e+00,0.000000e+00,0.000000e+00,0.000000e+00,0.000000e+00,0.000000e+00,0.000000e+00,0.000000e+00,0.000000e+00,8.421106e+04,5.607468e+02,1.315362e+05,1.225899e+00,-3.513456e-02,-3.781477e+01,-1.657391e+00,2.078642e-02,-5.359635e-01,2.661129e-03,-2.465614e-03,4.564607e+01,-1.116878e+00,-2.129363e-02,-1.483579e-03,1.553418e-01,3.865113e-04,-2.305660e+00,5.176945e+01,9.037486e-01,4.674337e+03,-7.948481e+04,-5.936202e+02,-1.344448e+05,-1.853351e-01,3.695160e+01,-4.725378e-02,-1.335976e+02,2.536876e+03,7.108285e+00
3.470643e-03,3.670229e+04,4.574117e+04,9.303997e-01,2.053910e-02,1.538518e+01,1.023993e-01,9.774000e-07,9.008054e+03,0.000000e+00,0.000000e+00,1.056277e+04,0.000000e+00,0.000000e+00,0.000000e+00,0.000000e+00,0.000000e+00,0.000000e+00,0.000000e+00,0.000000e+00,0.000000e+00,0.000000e+00,0.000000e+00,0.000000e+00,0.000000e+00,0.000000e+00,0.000000e+00,0.000000e+00,0.000000e+00,0.000000e+00,0.000000e+00,0.000000e+00,0.000000e+00,0.000000e+00,0.000000e+00,0.000000e+00,0.000000e+00,0.000000e+00,0.000000e+00,0.000000e+00,0.000000e+00,0.000000e+00,0.000000e+00,0.000000e+00,0.000000e+00,0.000000e+00,0.000000e+00,0.000000e+00,0.000000e+00,3.670229e+04,3.603219e+03,4.329301e-01,1.267983e-02,-9.479842e-01,1.136610e-03,0.000000e+00,0.000000e+00,0.000000e+00,0.000000e+00,0.000000e+00,0.000000e+00,0.000000e+00,0.000000e+00,0.000000e+00,0.000000e+00,0.000000e+00,0.000000e+00,0.000000e+00,0.000000e+00,0.000000e+00,0.000000e+00,0.000000e+00,0.000000e+00,0.000000e+00,0.000000e+00,0.000000e+00,8.292902e+04,1.075009e+03,1.294869e+05,1.227935e+00,-3.504428e-02,-3.781110e+01,-1.657571e+00,2.071041e-02,-5.361475e-01,2.678415e-03,-2.465614e-03,4.565636e+01,-1.114967e+00,-2.116899e-02,-1.486958e-03,1.558436e-01,3.952988e-04,-2.259980e+00,5.099704e+01,8.947043e-01,4.673030e+03,-7.828084e+04,-1.107583e+03,-1.323485e+05,-1.866392e-01,3.697624e+01,-4.719508e-02,-1.331103e+02,2.497858e+03,6.056360e+00
3.480417e-03,3.674452e+04,4.568338e+04,9.285028e-01,2.041502e-02,1.539551e+01,1.023993e-01,9.774000e-07,9.019825e+03,0.000000e+00,0.000000e+00,1.056653e+04,0.000000e+00,0.000000e+00,0.000000e+00,0.000000e+00,0.000000e+00,0.000000e+00,0.000000e+00,0.000000e+00,0.000000e+00,0.000000e+00,0.000000e+00,0.000000e+00,0.000000e+00,0.000000e+00,0.000000e+00,0.000000e+00,0.000000e+00,0.000000e+00,0.000000e+00,0.000000e+00,0.000000e+00,0.000000e+00,0.000000e+00,0.000000e+00,0.000000e+00,0.000000e+00,0.000000e+00,0.000000e+00,0.000000e+00,0.000000e+00,0.000000e+00,0.000000e+00,0.000000e+00,0.000000e+00,0.000000e+00,0.000000e+00,0.000000e+00,3.674452e+04,3.567418e+03,4.328582e-01,1.261928e-02,-9.356819e-01,1.136610e-03,0.000000e+00,0.000000e+00,0.000000e+00,0.000000e+00,0.000000e+00,0.000000e+00,0.000000e+00,0.000000e+00,0.000000e+00,0.000000e+00,0.000000e+00,0.000000e+00,0.000000e+00,0.000000e+00,0.000000e+00,0.000000e+00,0.000000e+00,0.000000e+00,0.000000e+00,0.000000e+00,0.000000e+00,8.077542e+04,-1.257351e+03,1.287335e+05,1.229965e+00,-3.489833e-02,-3.780748e+01,-1.657747e+00,2.063887e-02,-5.363399e-01,2.702441e-03,-2.465615e-03,4.566669e+01,-1.113044e+00,-2.104474e-02,-1.491645e-03,1.563379e-01,4.038647e-04,-2.214313e+00,5.022616e+01,8.692683e-01,4.671735e+03,-7.862473e+04,1.225149e+03,-1.300585e+05,-1.878594e-01,3.700041e+01,-4.709653e-02,-1.455813e+02,2.451023e+03,4.492531e+01
3.490191e-03,3.678638e+04,4.562624e+04,9.266155e-01,2.029365e-02,1.540580e+01,1.023993e-01,9.774000e-07,9.031406e+03,0.000000e+00,0.000000e+00,1.057019e+04,0.000000e+00,0.000000e+00,0.000000e+00,0.000000e+00,0.000000e+00,0.000000e+00,0.000000e+00,0.000000e+00,0.000000e+00,0.000000e+00,0.000000e+00,0.000000e+00,0.000000e+00,0.000000e+00,0.000000e+00,0.000000e+00,0.000000e+00,0.000000e+00,0.000000e+00,0.000000e+00,0.000000e+00,0.000000e+00,0.000000e+00,0.000000e+00,0.000000e+00,0.000000e+00,0.000000e+00,0.000000e+00,0.000000e+00,0.000000e+00,0.000000e+00,0.000000e+00,0.000000e+00,0.000000e+00,0.000000e+00,0.000000e+00,0.000000e+00,3.678638e+04,3.531769e+03,4.327580e-01,1.253967e-02,-9.234414e-01,1.136610e-03,0.000000e+00,0.000000e+00,0.000000e+00,0.000000e+00,0.000000e+00,0.000000e+00,0.000000e+00,0.000000e+00,0.000000e+00,0.000000e+00,0.000000e+00,0.000000e+00,0.000000e+00,0.000000e+00,0.000000e+00,0.000000e+00,0.000000e+00,0.000000e+00,0.000000e+00,0.000000e+00,0.000000e+00,8.216281e+04,6.739194e+03,1.313308e+05,1.231961e+00,-3.477589e-02,-3.780391e+01,-1.657918e+00,2.056396e-02,-5.365263e-01,2.730991e-03,-2.465615e-03,4.567694e+01,-1.111130e+00,-2.092362e-02,-1.497207e-03,1.568247e-01,4.123828e-04,-2.168658e+00,4.946681e+01,8.614047e-01,4.670471e+03,-8.036816e+04,-6.772194e+03,-1.324350e+05,-1.891982e-01,3.702419e+01,-4.690426e-02,-9.960026e+01,2.388577e+03,3.874699e+01
3.500943e-03,3.683196e+04,4.556411e+04,9.245573e-01,2.015735e-02,1.541707e+01,1.023993e-01,9.774000e-07,9.043923e+03,0.000000e+00,0.000000e+00,1.057414e+04,0.000000e+00,0.000000e+00,0.000000e+00,0.000000e+00,0.000000e+00,0.000000e+00,0.000000e+00,0.000000e+00,0.000000e+00,0.000000e+00,0.000000e+00,0.000000e+00,0.000000e+00,0.000000e+00,0.000000e+00,0.000000e+00,0.000000e+00,0.000000e+00,0.000000e+00,0.000000e+00,0.000000e+00,0.000000e+00,0.000000e+00,0.000000e+00,0.000000e+00,0.000000e+00,0.000000e+00,0.000000e+00,0.000000e+00,0.000000e+00,0.000000e+00,0.000000e+00,0.000000e+00,0.000000e+00,0.000000e+00,0.000000e+00,0.000000e+00,3.683196e+04,3.492962e+03,4.326167e-01,1.245425e-02,-9.101211e-01,1.136610e-03,0.000000e+00,0.000000e+00,0.000000e+00,0.000000e+00,0.000000e+00,0.000000e+00,0.000000e+00,0.000000e+00,0.000000e+00,0.000000e+00,0.000000e+00,0.000000e+00,0.000000e+00,0.000000e+00,0.000000e+00,0.000000e+00,0.000000e+00,0.000000e+00,0.000000e+00,0.000000e+00,0.000000e+00,7.774466e+04,1.366417e+02,1.239467e+05,1.234105e+00,-3.468126e-02,-3.780011e+01,-1.658101e+00,2.047680e-02,-5.367182e-01,2.776569e-03,-2.465615e-03,4.568821e+01,-1.109026e+00,-2.078704e-02,-1.506090e-03,1.573517e-01,4.215159e-04,-2.118452e+00,4.864117e+01,8.499493e-01,4.669103e+03,-7.580859e+04,-1.680519e+02,-1.251402e+05,-1.906611e-01,3.704984e+01,-4.660924e-02,-1.376993e+02,2.365159e+03,2.316968e+01
3.510717e-03,3.687307e+04,4.550819e+04,9.226959e-01,2.003455e-02,1.542730e+01,1.023993e-01,9.774000e-07,9.055094e+03,0.000000e+00,0.000000e+00,1.057776e+04,0.000000e+00,0.000000e+00,0.000000e+00,0.000000e+00,0.000000e+00,0.000000e+00,0.000000e+00,0.000000e+00,0.000000e+00,0.000000e+00,0.000000e+00,0.000000e+00,0.000000e+00,0.000000e+00,0.000000e+00,0.000000e+00,0.000000e+00,0.000000e+00,0.000000e+00,0.000000e+00,0.000000e+00,0.000000e+00,0.000000e+00,0.000000e+00,0.000000e+00,0.000000e+00,0.000000e+00,0.000000e+00,0.000000e+00,0.000000e+00,0.000000e+00,0.000000e+00,0.000000e+00,0.000000e+00,0.000000e+00,0.000000e+00,0.000000e+00,3.687307e+04,3.457924e+03,4.324641e-01,1.237541e-02,-8.980610e-01,1.136610e-03,0.000000e+00,0.000000e+00,0.000000e+00,0.000000e+00,0.000000e+00,0.000000e+00,0.000000e+00,0.000000e+00,0.000000e+00,0.000000e+00,0.000000e+00,0.000000e+00,0.000000e+00,0.000000e+00,0.000000e+00,0.000000e+00,0.000000e+00,0.000000e+00,0.000000e+00,0.000000e+00,0.000000e+00,7.642770e+04,8.284525e+02,1.216218e+05,1.236030e+00,-3.453476e-02,-3.779668e+01,-1.658271e+00,2.040033e-02,-5.368997e-01,2.827953e-03,-2.465614e-03,4.569842e+01,-1.107115e+00,-2.066437e-02,-1.516110e-03,1.578231e-01,4.297232e-04,-2.072822e+00,4.790114e+01,8.288049e-01,4.667878e+03,-7.436766e+04,-8.595038e+02,-1.228920e+05,-1.919338e-01,3.707273e+01,-4.641234e-02,-1.370132e+02,2.322227e+03,1.166678e+01
3.520491e-03,3.691376e+04,4.545293e+04,9.208535e-01,1.990962e-02,1.543748e+01,1.023993e-01,9.774000e-07,9.066080e+03,0.000000e+00,0.000000e+00,1.058127e+04,0.000000e+00,0.000000e+00,0.000000e+00,0.000000e+00,0.000000e+00,0.000000e+00,0.000000e+00,0.000000e+00,0.000000e+00,0.000000e+00,0.000000e+00,0.000000e+00,0.000000e+00,0.000000e+00,0.000000e+00,0.000000e+00,0.000000e+00,0.000000e+00,0.000000e+00,0.000000e+00,0.000000e+00,0.000000e+00,0.000000e+00,0.000000e+00,0.000000e+00,0.000000e+00,0.000000e+00,0.000000e+00,0.000000e+00,0.000000e+00,0.000000e+00,0.000000e+00,0.000000e+00,0.000000e+00,0.000000e+00,0.000000e+00,0.000000e+00,3.691376e+04,3.423058e+03,4.323127e-01,1.228386e-02,-8.861070e-01,1.136610e-03,0.000000e+00,0.000000e+00,0.000000e+00,0.000000e+00,0.000000e+00,0.000000e+00,0.000000e+00,0.000000e+00,0.000000e+00,0.000000e+00,0.000000e+00,0.000000e+00,0.000000e+00,0.000000e+00,0.000000e+00,0.000000e+00,0.000000e+00,0.000000e+00,0.000000e+00,0.000000e+00,0.000000e+00,7.491477e+04,1.128420e+03,1.195380e+05,1.237904e+00,-3.445674e-02,-3.779335e+01,-1.658435e+00,2.031733e-02,-5.370688e-01,2.892328e-03,-2.465614e-03,4.570860e+01,-1.105208e+00,-2.053929e-02,-1.528670e-03,1.582874e-01,4.378145e-04,-2.027205e+00,4.717739e+01,8.270203e-01,4.666687e+03,-7.322857e+04,-1.159084e+03,-1.205780e+05,-1.933084e-01,3.709523e+01,-4.617055e-02,-1.358088e+02,2.283198e+03,8.754852e+00
3.530265e-03,3.695412e+04,4.539817e+04,9.190214e-01,1.978726e-02,1.544765e+01,1.023993e-01,9.774000e-07,9.076860e+03,0.000000e+00,0.000000e+00,1.058484e+04,0.000000e+00,0.000000e+00,0.000000e+00,0.000000e+00,0.000000e+00,0.000000e+00,0.000000e+00,0.000000e+00,0.000000e+00,0.000000e+00,0.000000e+00,0.000000e+00,0.000000e+00,0.000000e+00,0.000000e+00,0.000000e+00,0.000000e+00,0.000000e+00,0.000000e+00,0.000000e+00,0.000000e+00,0.000000e+00,0.000000e+00,0.000000e+00,0.000000e+00,0.000000e+00,0.000000e+00,0.000000e+00,0.000000e+00,0.000000e+00,0.000000e+00,0.000000e+00,0.000000e+00,0.000000e+00,0.000000e+00,0.000000e+00,0.000000e+00,3.695412e+04,3.388496e+03,4.321535e-01,1.223060e-02,-8.742131e-01,1.136610e-03,0.000000e+00,0.000000e+00,0.000000e+00,0.000000e+00,0.000000e+00,0.000000e+00,0.000000e+00,0.000000e+00,0.000000e+00,0.000000e+00,0.000000e+00,0.000000e+00,0.000000e+00,0.000000e+00,0.000000e+00,0.000000e+00,0.000000e+00,0.000000e+00,0.000000e+00,0.000000e+00,0.000000e+00,7.325309e+04,6.469567e+02,1.174885e+05,1.239764e+00,-3.431568e-02,-3.779004e+01,-1.658599e+00,2.023952e-02,-5.372499e-01,2.967038e-03,-2.465614e-03,4.571877e+01,-1.103302e+00,-2.041716e-02,-1.543225e-03,1.587447e-01,4.457689e-04,-1.981599e+00,4.645763e+01,8.079262e-01,4.665506e+03,-7.218510e+04,-6.771987e+02,-1.181475e+05,-1.945846e-01,3.711730e+01,-4.590747e-02,-1.365864e+02,2.236364e+03,1.692274e+01
3.540039e-03,3.699406e+04,4.534400e+04,9.171798e-01,1.966989e-02,1.545792e+01,1.023993e-01,9.774000e-07,9.087450e+03,0.000000e+00,0.000000e+00,1.058844e+04,0.000000e+00,0.000000e+00,0.000000e+00,0.000000e+00,0.000000e+00,0.000000e+00,0.000000e+00,0.000000e+00,0.000000e+00,0.000000e+00,0.000000e+00,0.000000e+00,0.000000e+00,0.000000e+00,0.000000e+00,0.000000e+00,0.000000e+00,0.000000e+00,0.000000e+00,0.000000e+00,0.000000e+00,0.000000e+00,0.000000e+00,0.000000e+00,0.000000e+00,0.000000e+00,0.000000e+00,0.000000e+00,0.000000e+00,0.000000e+00,0.000000e+00,0.000000e+00,0.000000e+00,0.000000e+00,0.000000e+00,0.000000e+00,0.000000e+00,3.699406e+04,3.354111e+03,4.319452e-01,1.214209e-02,-8.623278e-01,1.136610e-03,0.000000e+00,0.000000e+00,0.000000e+00,0.000000e+00,0.000000e+00,0.000000e+00,0.000000e+00,0.000000e+00,0.000000e+00,0.000000e+00,0.000000e+00,0.000000e+00,0.000000e+00,0.000000e+00,0.000000e+00,0.000000e+00,0.000000e+00,0.000000e+00,0.000000e+00,0.000000e+00,0.000000e+00,7.510942e+04,7.377167e+03,1.204960e+05,1.241582e+00,-3.419433e-02,-3.778678e+01,-1.658763e+00,2.015932e-02,-5.374289e-01,3.054258e-03,-2.465615e-03,4.572902e+01,-1.101371e+00,-2.030002e-02,-1.560212e-03,1.591950e-01,4.536583e-04,-1.936004e+00,4.575465e+01,8.018087e-01,4.664356e+03,-7.408545e+04,-7.408376e+03,-1.211264e+05,-1.959175e-01,3.713897e+01,-4.562689e-02,-9.806044e+01,2.181723e+03,3.113556e+01
3.550790e-03,3.703774e+04,4.528507e+04,9.151717e-01,1.953850e-02,1.546916e+01,1.023993e-01,9.774000e-07,9.098895e+03,0.000000e+00,0.000000e+00,1.059223e+04,0.000000e+00,0.000000e+00,0.000000e+00,0.000000e+00,0.000000e+00,0.000000e+00,0.000000e+00,0.000000e+00,0.000000e+00,0.000000e+00,0.000000e+00,0.000000e+00,0.000000e+00,0.000000e+00,0.000000e+00,0.000000e+00,0.000000e+00,0.000000e+00,0.000000e+00,0.000000e+00,0.000000e+00,0.000000e+00,0.000000e+00,0.000000e+00,0.000000e+00,0.000000e+00,0.000000e+00,0.000000e+00,0.000000e+00,0.000000e+00,0.000000e+00,0.000000e+00,0.000000e+00,0.000000e+00,0.000000e+00,0.000000e+00,0.000000e+00,3.703774e+04,3.316510e+03,4.316979e-01,1.205955e-02,-8.492774e-01,1.136610e-03,0.000000e+00,0.000000e+00,0.000000e+00,0.000000e+00,0.000000e+00,0.000000e+00,0.000000e+00,0.000000e+00,0.000000e+00,0.000000e+00,0.000000e+00,0.000000e+00,0.000000e+00,0.000000e+00,0.000000e+00,0.000000e+00,0.000000e+00,0.000000e+00,0.000000e+00,0.000000e+00,0.000000e+00,7.098889e+04,2.881720e+02,1.135408e+05,1.243524e+00,-3.409076e-02,-3.778328e+01,-1.658940e+00,2.006637e-02,-5.376183e-01,3.159461e-03,-2.465619e-03,4.574023e+01,-1.099260e+00,-2.016844e-02,-1.580655e-03,1.596824e-01,4.621556e-04,-1.885863e+00,4.499323e+01,7.886893e-01,4.663111e+03,-6.975839e+04,-3.178387e+02,-1.143008e+05,-1.973460e-01,3.716236e+01,-4.534788e-02,-1.373486e+02,2.158305e+03,2.382524e+01
3.560564e-03,3.707704e+04,4.523198e+04,9.133355e-01,1.942170e-02,1.547944e+01,1.023993e-01,9.774000e-07,9.109098e+03,0.000000e+00,0.000000e+00,1.059576e+04,0.000000e+00,0.000000e+00,0.000000e+00,0.000000e+00,0.000000e+00,0.000000e+00,0.000000e+00,0.000000e+00,0.000000e+00,0.000000e+00,0.000000e+00,0.000000e+00,0.000000e+00,0.000000e+00,0.000000e+00,0.000000e+00,0.000000e+00,0.000000e+00,0.000000e+00,0.000000e+00,0.000000e+00,0.000000e+00,0.000000e+00,0.000000e+00,0.000000e+00,0.000000e+00,0.000000e+00,0.000000e+00,0.000000e+00,0.000000e+00,0.000000e+00,0.000000e+00,0.000000e+00,0.000000e+00,0.000000e+00,0.000000e+00,0.000000e+00,3.707704e+04,3.282626e+03,4.314233e-01,1.197786e-02,-8.374739e-01,1.136610e-03,0.000000e+00,0.000000e+00,0.000000e+00,0.000000e+00,0.000000e+00,0.000000e+00,0.000000e+00,0.000000e+00,0.000000e+00,0.000000e+00,0.000000e+00,0.000000e+00,0.000000e+00,0.000000e+00,0.000000e+00,0.000000e+00,0.000000e+00,0.000000e+00,0.000000e+00,0.000000e+00,0.000000e+00,6.965461e+04,9.113998e+00,1.113833e+05,1.245263e+00,-3.394867e-02,-3.778016e+01,-1.659104e+00,1.998473e-02,-5.377992e-01,3.259914e-03,-2.465619e-03,4.575049e+01,-1.097322e+00,-2.005174e-02,-1.600157e-03,1.601185e-01,4.697626e-04,-1.840292e+00,4.431211e+01,7.698101e-01,4.661997e+03,-6.846702e+04,-3.840596e+01,-1.121172e+05,-1.985992e-01,3.718320e+01,-4.511862e-02,-1.369065e+02,2.115374e+03,2.768241e+01
3.570338e-03,3.711604e+04,4.517945e+04,9.115162e-01,1.929791e-02,1.548964e+01,1.023993e-01,9.774000e-07,9.119143e+03,0.000000e+00,0.000000e+00,1.059923e+04,0.000000e+00,0.000000e+00,0.000000e+00,0.000000e+00,0.000000e+00,0.000000e+00,0.000000e+00,0.000000e+00,0.000000e+00,0.000000e+00,0.000000e+00,0.000000e+00,0.000000e+00,0.000000e+00,0.000000e+00,0.000000e+00,0.000000e+00,0.000000e+00,0.000000e+00,0.000000e+00,0.000000e+00,0.000000e+00,0.000000e+00,0.000000e+00,0.000000e+00,0.000000e+00,0.000000e+00,0.000000e+00,0.000000e+00,0.000000e+00,0.000000e+00,0.000000e+00,0.000000e+00,0.000000e+00,0.000000e+00,0.000000e+00,0.000000e+00,3.711604e+04,3.248983e+03,4.311226e-01,1.187571e-02,-8.257720e-01,1.136610e-03,0.000000e+00,0.000000e+00,0.000000e+00,0.000000e+00,0.000000e+00,0.000000e+00,0.000000e+00,0.000000e+00,0.000000e+00,0.000000e+00,0.000000e+00,0.000000e+00,0.000000e+00,0.000000e+00,0.000000e+00,0.000000e+00,0.000000e+00,0.000000e+00,0.000000e+00,0.000000e+00,0.000000e+00,7.114081e+04,5.269054e+03,1.135162e+05,1.246962e+00,-3.383726e-02,-3.777708e+01,-1.659267e+00,1.990223e-02,-5.379769e-01,3.361945e-03,-2.465620e-03,4.576065e+01,-1.095401e+00,-1.992733e-02,-1.619928e-03,1.605480e-01,4.772773e-04,-1.794731e+00,4.364713e+01,7.660215e-01,4.660907e+03,-6.975162e+04,-5.299138e+03,-1.143736e+05,-1.998506e-01,3.720372e+01,-4.482382e-02,-9.720668e+01,2.068539e+03,5.078348e+01
3.580112e-03,3.715476e+04,4.512739e+04,9.096678e-01,1.917239e-02,1.549995e+01,1.023993e-01,9.774000e-07,9.129026e+03,0.000000e+00,0.000000e+00,1.060265e+04,0.000000e+00,0.000000e+00,0.000000e+00,0.000000e+00,0.000000e+00,0.000000e+00,0.000000e+00,0.000000e+00,0.000000e+00,0.000000e+00,0.000000e+00,0.000000e+00,0.000000e+00,0.000000e+00,0.000000e+00,0.000000e+00,0.000000e+00,0.000000e+00,0.000000e+00,0.000000e+00,0.000000e+00,0.000000e+00,0.000000e+00,0.000000e+00,0.000000e+00,0.000000e+00,0.000000e+00,0.000000e+00,0.000000e+00,0.000000e+00,0.000000e+00,0.000000e+00,0.000000e+00,0.000000e+00,0.000000e+00,0.000000e+00,0.000000e+00,3.715476e+04,3.215503e+03,4.307878e-01,1.179033e-02,-8.140287e-01,1.136610e-03,0.000000e+00,0.000000e+00,0.000000e+00,0.000000e+00,0.000000e+00,0.000000e+00,0.000000e+00,0.000000e+00,0.000000e+00,0.000000e+00,0.000000e+00,0.000000e+00,0.000000e+00,0.000000e+00,0.000000e+00,0.000000e+00,0.000000e+00,0.000000e+00,0.000000e+00,0.000000e+00,0.000000e+00,6.741331e+04,-1.026380e+03,1.072970e+05,1.248621e+00,-3.375638e-02,-3.777406e+01,-1.659430e+00,1.981665e-02,-5.381504e-01,3.461123e-03,-2.465619e-03,4.577095e+01,-1.093453e+00,-1.980215e-02,-1.639115e-03,1.609711e-01,4.846926e-04,-1.749182e+00,4.299025e+01,7.600178e-01,4.659833e+03,-6.589341e+04,9.977197e+02,-1.082373e+05,-2.010549e-01,3.722388e+01,-4.446636e-02,-1.251978e+02,2.045121e+03,4.914837e+01
3.590864e-03,3.719698e+04,4.507069e+04,9.076522e-01,1.903265e-02,1.551115e+01,1.023993e-01,9.774000e-07,9.139718e+03,0.000000e+00,0.000000e+00,1.060641e+04,0.000000e+00,0.000000e+00,0.000000e+00,0.000000e+00,0.000000e+00,0.000000e+00,0.000000e+00,0.000000e+00,0.000000e+00,0.000000e+00,0.000000e+00,0.000000e+00,0.000000e+00,0.000000e+00,0.000000e+00,0.000000e+00,0.000000e+00,0.000000e+00,0.000000e+00,0.000000e+00,0.000000e+00,0.000000e+00,0.000000e+00,0.000000e+00,0.000000e+00,0.000000e+00,0.000000e+00,0.000000e+00,0.000000e+00,0.000000e+00,0.000000e+00,0.000000e+00,0.000000e+00,0.000000e+00,0.000000e+00,0.000000e+00,0.000000e+00,3.719698e+04,3.178972e+03,4.304088e-01,1.168155e-02,-8.012247e-01,1.136610e-03,0.000000e+00,0.000000e+00,0.000000e+00,0.000000e+00,0.000000e+00,0.000000e+00,0.000000e+00,0.000000e+00,0.000000e+00,0.000000e+00,0.000000e+00,0.000000e+00,0.000000e+00,0.000000e+00,0.000000e+00,0.000000e+00,0.000000e+00,0.000000e+00,0.000000e+00,0.000000e+00,0.000000e+00,6.605616e+04,-8.769683e+02,1.054881e+05,1.250419e+00,-3.363896e-02,-3.777076e+01,-1.659612e+00,1.972607e-02,-5.383514e-01,3.561307e-03,-2.465621e-03,4.578212e+01,-1.091337e+00,-1.966215e-02,-1.658454e-03,1.614291e-01,4.928140e-04,-1.699089e+00,4.227982e+01,7.533981e-01,4.658668e+03,-6.492359e+04,8.486473e+02,-1.061891e+05,-2.023187e-01,3.724569e+01,-4.402041e-02,-1.235055e+02,2.009995e+03,4.499392e+01
3.600638e-03,3.723503e+04,4.501951e+04,9.057741e-01,1.890230e-02,1.552154e+01,1.023993e-01,9.774000e-07,9.149272e+03,0.000000e+00,0.000000e+00,1.061044e+04,0.000000e+00,0.000000e+00,0.000000e+00,0.000000e+00,0.000000e+00,0.000000e+00,0.000000e+00,0.000000e+00,0.000000e+00,0.000000e+00,0.000000e+00,0.000000e+00,0.000000e+00,0.000000e+00,0.000000e+00,0.000000e+00,0.000000e+00,0.000000e+00,0.000000e+00,0.000000e+00,0.000000e+00,0.000000e+00,0.000000e+00,0.000000e+00,0.000000e+00,0.000000e+00,0.000000e+00,0.000000e+00,0.000000e+00,0.000000e+00,0.000000e+00,0.000000e+00,0.000000e+00,0.000000e+00,0.000000e+00,0.000000e+00,0.000000e+00,3.723503e+04,3.145991e+03,4.300074e-01,1.157934e-02,-7.895637e-01,1.136610e-03,0.000000e+00,0.000000e+00,0.000000e+00,0.000000e+00,0.000000e+00,0.000000e+00,0.000000e+00,0.000000e+00,0.000000e+00,0.000000e+00,0.000000e+00,0.000000e+00,0.000000e+00,0.000000e+00,0.000000e+00,0.000000e+00,0.000000e+00,0.000000e+00,0.000000e+00,0.000000e+00,0.000000e+00,6.675261e+04,-4.664975e+03,1.061273e+05,1.252025e+00,-3.354914e-02,-3.776779e+01,-1.659779e+00,1.964305e-02,-5.385414e-01,3.648418e-03,-2.465622e-03,4.579252e+01,-1.089367e+00,-1.953123e-02,-1.675200e-03,1.618389e-01,5.001727e-04,-1.653560e+00,4.164463e+01,7.491251e-01,4.657627e+03,-6.522379e+04,4.636223e+03,-1.070749e+05,-2.034262e-01,3.726517e+01,-4.356683e-02,-1.399862e+02,1.970966e+03,4.887014e+01
3.610412e-03,3.727294e+04,4.496857e+04,9.038702e-01,1.877363e-02,1.553202e+01,1.023993e-01,9.774118e-07,9.158851e+03,0.000000e+00,0.000000e+00,1.061392e+04,0.000000e+00,0.000000e+00,0.000000e+00,0.000000e+00,0.000000e+00,0.000000e+00,0.000000e+00,0.000000e+00,0.000000e+00,0.000000e+00,0.000000e+00,0.000000e+00,0.000000e+00,0.000000e+00,0.000000e+00,0.000000e+00,0.000000e+00,0.000000e+00,0.000000e+00,0.000000e+00,0.000000e+00,0.000000e+00,0.000000e+00,0.000000e+00,0.000000e+00,0.000000e+00,0.000000e+00,0.000000e+00,0.000000e+00,0.000000e+00,0.000000e+00,0.000000e+00,0.000000e+00,0.000000e+00,0.000000e+00,0.000000e+00,0.000000e+00,3.727294e+04,3.113261e+03,4.295242e-01,1.141949e-02,-7.776990e-01,1.136610e-03,0.000000e+00,0.000000e+00,0.000000e+00,0.000000e+00,0.000000e+00,0.000000e+00,0.000000e+00,0.000000e+00,0.000000e+00,0.000000e+00,0.000000e+00,0.000000e+00,0.000000e+00,0.000000e+00,0.000000e+00,0.000000e+00,0.000000e+00,0.000000e+00,0.000000e+00,0.000000e+00,0.000000e+00,6.723227e+04,-2.486924e+03,1.030489e+05,1.253594e+00,-3.352176e-02,-3.776479e+01,-1.659960e+00,1.956825e-02,-5.387298e-01,3.732146e-03,-2.465622e-03,4.580298e+01,-1.087383e+00,-1.940368e-02,-1.691295e-03,1.622426e-01,5.076506e-04,-1.608042e+00,4.102118e+01,7.698672e-01,4.656573e+03,-6.229317e+04,2.458202e+03,-1.061082e+05,-2.042885e-01,3.728466e+01,-4.289254e-02,-8.561942e+01,1.982663e+03,7.487125e+01
3.620186e-03,3.731058e+04,4.491824e+04,9.019694e-01,1.865870e-02,1.554245e+01,1.023993e-01,9.774000e-07,9.168182e+03,0.000000e+00,0.000000e+00,1.061757e+04,0.000000e+00,0.000000e+00,0.000000e+00,0.000000e+00,0.000000e+00,0.000000e+00,0.000000e+00,0.000000e+00,0.000000e+00,0.000000e+00,0.000000e+00,0.000000e+00,0.000000e+00,0.000000e+00,0.000000e+00,0.000000e+00,0.000000e+00,0.000000e+00,0.000000e+00,0.000000e+00,0.000000e+00,0.000000e+00,0.000000e+00,0.000000e+00,0.000000e+00,0.000000e+00,0.000000e+00,0.000000e+00,0.000000e+00,0.000000e+00,0.000000e+00,0.000000e+00,0.000000e+00,0.000000e+00,0.000000e+00,0.000000e+00,0.000000e+00,3.731058e+04,3.080718e+03,4.290133e-01,1.130142e-02,-7.659348e-01,1.136609e-03,0.000000e+00,0.000000e+00,0.000000e+00,0.000000e+00,0.000000e+00,0.000000e+00,0.000000e+00,0.000000e+00,0.000000e+00,0.000000e+00,0.000000e+00,0.000000e+00,0.000000e+00,0.000000e+00,0.000000e+00,0.000000e+00,0.000000e+00,0.000000e+00,0.000000e+00,0.000000e+00,0.000000e+00,6.806188e+04,-6.773250e+03,1.047798e+05,1.255129e+00,-3.346089e-02,-3.776189e+01,-1.660133e+00,1.948671e-02,-5.389245e-01,3.813987e-03,-2.465620e-03,4.581342e+01,-1.085396e+00,-1.928856e-02,-1.707090e-03,1.626403e-01,5.152329e-04,-1.562534e+00,4.041158e+01,7.742267e-01,4.655560e+03,-6.351227e+04,6.743932e+03,-1.076003e+05,-2.052622e-01,3.730367e+01,-4.233877e-02,-1.090983e+02,1.939743e+03,7.626669e+01
3.630937e-03,3.735177e+04,4.486320e+04,8.998302e-01,1.851640e-02,1.555402e+01,1.023993e-01,9.774000e-07,9.178375e+03,0.000000e+00,0.000000e+00,1.062126e+04,0.000000e+00,0.000000e+00,0.000000e+00,0.000000e+00,0.000000e+00,0.000000e+00,0.000000e+00,0.000000e+00,0.000000e+00,0.000000e+00,0.000000e+00,0.000000e+00,0.000000e+00,0.000000e+00,0.000000e+00,0.000000e+00,0.000000e+00,0.000000e+00,0.000000e+00,0.000000e+00,0.000000e+00,0.000000e+00,0.000000e+00,0.000000e+00,0.000000e+00,0.000000e+00,0.000000e+00,0.000000e+00,0.000000e+00,0.000000e+00,0.000000e+00,0.000000e+00,0.000000e+00,0.000000e+00,0.000000e+00,0.000000e+00,0.000000e+00,3.735177e+04,3.045229e+03,4.283910e-01,1.112989e-02,-7.529458e-01,1.136610e-03,0.000000e+00,0.000000e+00,0.000000e+00,0.000000e+00,0.000000e+00,0.000000e+00,0.000000e+00,0.000000e+00,0.000000e+00,0.000000e+00,0.000000e+00,0.000000e+00,0.000000e+00,0.000000e+00,0.000000e+00,0.000000e+00,0.000000e+00,0.000000e+00,0.000000e+00,0.000000e+00,0.000000e+00,6.392851e+04,2.394908e+03,1.003632e+05,1.256782e+00,-3.342893e-02,-3.775869e+01,-1.660331e+00,1.940095e-02,-5.391443e-01,3.877955e-03,-2.465620e-03,4.582498e+01,-1.083195e+00,-1.914601e-02,-1.719307e-03,1.630709e-01,5.238245e-04,-1.512487e+00,3.975082e+01,8.037243e-01,4.654441e+03,-6.143923e+04,-2.422859e+03,-1.019054e+05,-2.062353e-01,3.732442e+01,-4.156800e-02,-7.869838e+01,1.892908e+03,6.537363e+01
3.640711e-03,3.738894e+04,4.481357e+04,8.979069e-01,1.838974e-02,1.556441e+01,1.023993e-01,9.774000e-07,9.187509e+03,0.000000e+00,0.000000e+00,1.062458e+04,0.000000e+00,0.000000e+00,0.000000e+00,0.000000e+00,0.000000e+00,0.000000e+00,0.000000e+00,0.000000e+00,0.000000e+00,0.000000e+00,0.000000e+00,0.000000e+00,0.000000e+00,0.000000e+00,0.000000e+00,0.000000e+00,0.000000e+00,0.000000e+00,0.000000e+00,0.000000e+00,0.000000e+00,0.000000e+00,0.000000e+00,0.000000e+00,0.000000e+00,0.000000e+00,0.000000e+00,0.000000e+00,0.000000e+00,0.000000e+00,0.000000e+00,0.000000e+00,0.000000e+00,0.000000e+00,0.000000e+00,0.000000e+00,0.000000e+00,3.738894e+04,3.013266e+03,4.278035e-01,1.096826e-02,-7.412062e-01,1.136609e-03,0.000000e+00,0.000000e+00,0.000000e+00,0.000000e+00,0.000000e+00,0.000000e+00,0.000000e+00,0.000000e+00,0.000000e+00,0.000000e+00,0.000000e+00,0.000000e+00,0.000000e+00,0.000000e+00,0.000000e+00,0.000000e+00,0.000000e+00,0.000000e+00,0.000000e+00,0.000000e+00,0.000000e+00,6.612588e+04,1.268569e+03,1.010059e+05,1.258265e+00,-3.341567e-02,-3.775580e+01,-1.660516e+00,1.932333e-02,-5.393589e-01,3.935371e-03,-2.465620e-03,4.583535e+01,-1.081214e+00,-1.901910e-02,-1.730266e-03,1.634562e-01,5.317563e-04,-1.467000e+00,3.915842e+01,8.258302e-01,4.653435e+03,-6.107511e+04,-1.297354e+03,-1.041373e+05,-2.070570e-01,3.734300e+01,-4.086526e-02,-6.657804e+01,1.873393e+03,7.697180e+01
3.650485e-03,3.742577e+04,4.476452e+04,8.960003e-01,1.825676e-02,1.557471e+01,1.023993e-01,9.774000e-07,9.196495e+03,0.000000e+00,0.000000e+00,1.062782e+04,0.000000e+00,0.000000e+00,0.000000e+00,0.000000e+00,0.000000e+00,0.000000e+00,0.000000e+00,0.000000e+00,0.000000e+00,0.000000e+00,0.000000e+00,0.000000e+00,0.000000e+00,0.000000e+00,0.000000e+00,0.000000e+00,0.000000e+00,0.000000e+00,0.000000e+00,0.000000e+00,0.000000e+00,0.000000e+00,0.000000e+00,0.000000e+00,0.000000e+00,0.000000e+00,0.000000e+00,0.000000e+00,0.000000e+00,0.000000e+00,0.000000e+00,0.000000e+00,0.000000e+00,0.000000e+00,0.000000e+00,0.000000e+00,0.000000e+00,3.742577e+04,2.981504e+03,4.271934e-01,1.081480e-02,-7.296127e-01,1.136610e-03,0.000000e+00,0.000000e+00,0.000000e+00,0.000000e+00,0.000000e+00,0.000000e+00,0.000000e+00,0.000000e+00,0.000000e+00,0.000000e+00,0.000000e+00,0.000000e+00,0.000000e+00,0.000000e+00,0.000000e+00,0.000000e+00,0.000000e+00,0.000000e+00,0.000000e+00,0.000000e+00,0.000000e+00,6.689323e+04,-4.659843e+03,1.013527e+05,1.259703e+00,-3.341331e-02,-3.775298e+01,-1.660697e+00,1.924183e-02,-5.395715e-01,3.992437e-03,-2.465621e-03,4.584562e+01,-1.079253e+00,-1.888616e-02,-1.741147e-03,1.638358e-01,5.398892e-04,-1.421522e+00,3.858053e+01,8.460506e-01,4.652455e+03,-6.108282e+04,4.630628e+03,-1.049582e+05,-2.079242e-01,3.736126e+01,-4.020377e-02,-8.546748e+01,1.853879e+03,8.340549e+01
3.660259e-03,3.746216e+04,4.471586e+04,8.941194e-01,1.812829e-02,1.558487e+01,1.023993e-01,9.774000e-07,9.205379e+03,0.000000e+00,0.000000e+00,1.063119e+04,0.000000e+00,0.000000e+00,0.000000e+00,0.000000e+00,0.000000e+00,0.000000e+00,0.000000e+00,0.000000e+00,0.000000e+00,0.000000e+00,0.000000e+00,0.000000e+00,0.000000e+00,0.000000e+00,0.000000e+00,0.000000e+00,0.000000e+00,0.000000e+00,0.000000e+00,0.000000e+00,0.000000e+00,0.000000e+00,0.000000e+00,0.000000e+00,0.000000e+00,0.000000e+00,0.000000e+00,0.000000e+00,0.000000e+00,0.000000e+00,0.000000e+00,0.000000e+00,0.000000e+00,0.000000e+00,0.000000e+00,0.000000e+00,0.000000e+00,3.746216e+04,2.950061e+03,4.265890e-01,1.067614e-02,-7.181817e-01,1.136609e-03,0.000000e+00,0.000000e+00,0.000000e+00,0.000000e+00,0.000000e+00,0.000000e+00,0.000000e+00,0.000000e+00,0.000000e+00,0.000000e+00,0.000000e+00,0.000000e+00,0.000000e+00,0.000000e+00,0.000000e+00,0.000000e+00,0.000000e+00,0.000000e+00,0.000000e+00,0.000000e+00,0.000000e+00,6.295918e+04,1.396281e+01,9.574059e+04,1.261116e+00,-3.335103e-02,-3.775018e+01,-1.660881e+00,1.916818e-02,-5.397933e-01,4.047323e-03,-2.465621e-03,4.585577e+01,-1.077317e+00,-1.875781e-02,-1.751610e-03,1.642098e-01,5.482139e-04,-1.376054e+00,3.800817e+01,8.605759e-01,4.651474e+03,-5.783894e+04,-4.167621e+01,-9.891802e+04,-2.086699e-01,3.737931e+01,-3.946892e-02,-7.124323e+01,1.826559e+03,7.370922e+01
3.670033e-03,3.749832e+04,4.466748e+04,8.922036e-01,1.798948e-02,1.559521e+01,1.023993e-01,9.774000e-07,9.214147e+03,0.000000e+00,0.000000e+00,1.063521e+04,0.000000e+00,0.000000e+00,0.000000e+00,0.000000e+00,0.000000e+00,0.000000e+00,0.000000e+00,0.000000e+00,0.000000e+00,0.000000e+00,0.000000e+00,0.000000e+00,0.000000e+00,0.000000e+00,0.000000e+00,0.000000e+00,0.000000e+00,0.000000e+00,0.000000e+00,0.000000e+00,0.000000e+00,0.000000e+00,0.000000e+00,0.000000e+00,0.000000e+00,0.000000e+00,0.000000e+00,0.000000e+00,0.000000e+00,0.000000e+00,0.000000e+00,0.000000e+00,0.000000e+00,0.000000e+00,0.000000e+00,0.000000e+00,0.000000e+00,3.749832e+04,2.918878e+03,4.259406e-01,1.050895e-02,-7.066705e-01,1.136610e-03,0.000000e+00,0.000000e+00,0.000000e+00,0.000000e+00,0.000000e+00,0.000000e+00,0.000000e+00,0.000000e+00,0.000000e+00,0.000000e+00,0.000000e+00,0.000000e+00,0.000000e+00,0.000000e+00,0.000000e+00,0.000000e+00,0.000000e+00,0.000000e+00,0.000000e+00,0.000000e+00,0.000000e+00,6.356839e+04,-3.130268e+00,9.524241e+04,1.262509e+00,-3.332503e-02,-3.774736e+01,-1.661069e+00,1.909321e-02,-5.400282e-01,4.103563e-03,-2.465619e-03,4.586609e+01,-1.075343e+00,-1.861831e-02,-1.762339e-03,1.645782e-01,5.567604e-04,-1.330596e+00,3.744461e+01,8.809073e-01,4.650503e+03,-5.715835e+04,-2.487421e+01,-9.922187e+04,-2.094134e-01,3.739713e+01,-3.871347e-02,-6.270563e+01,1.807044e+03,7.543580e+01
3.680785e-03,3.753780e+04,4.461480e+04,8.900949e-01,1.784108e-02,1.560658e+01,1.023993e-01,9.774144e-07,9.223670e+03,0.000000e+00,0.000000e+00,1.063889e+04,0.000000e+00,0.000000e+00,0.000000e+00,0.000000e+00,0.000000e+00,0.000000e+00,0.000000e+00,0.000000e+00,0.000000e+00,0.000000e+00,0.000000e+00,0.000000e+00,0.000000e+00,0.000000e+00,0.000000e+00,0.000000e+00,0.000000e+00,0.000000e+00,0.000000e+00,0.000000e+00,0.000000e+00,0.000000e+00,0.000000e+00,0.000000e+00,0.000000e+00,0.000000e+00,0.000000e+00,0.000000e+00,0.000000e+00,0.000000e+00,0.000000e+00,0.000000e+00,0.000000e+00,0.000000e+00,0.000000e+00,0.000000e+00,0.000000e+00,3.753780e+04,2.884759e+03,4.251749e-01,1.032350e-02,-6.939576e-01,1.136610e-03,0.000000e+00,0.000000e+00,0.000000e+00,0.000000e+00,0.000000e+00,0.000000e+00,0.000000e+00,0.000000e+00,0.000000e+00,0.000000e+00,0.000000e+00,0.000000e+00,0.000000e+00,0.000000e+00,0.000000e+00,0.000000e+00,0.000000e+00,0.000000e+00,0.000000e+00,0.000000e+00,0.000000e+00,6.300438e+04,1.211365e+03,9.400809e+04,1.263996e+00,-3.331072e-02,-3.774429e+01,-1.661273e+00,1.900934e-02,-5.402835e-01,4.168244e-03,-2.465619e-03,4.587745e+01,-1.073169e+00,-1.847014e-02,-1.774743e-03,1.649772e-01,5.663758e-04,-1.280603e+00,3.683946e+01,9.080138e-01,4.649455e+03,-5.634183e+04,-1.239272e+03,-9.814583e+04,-2.102555e-01,3.741645e+01,-3.791770e-02,-5.267356e+01,1.783614e+03,7.660915e+01
3.690559e-03,3.757352e+04,4.456728e+04,8.881822e-01,1.762883e-02,1.561697e+01,1.023993e-01,9.774059e-07,9.232193e+03,0.000000e+00,0.000000e+00,1.064234e+04,0.000000e+00,0.000000e+00,0.000000e+00,0.000000e+00,0.000000e+00,0.000000e+00,0.000000e+00,0.000000e+00,0.000000e+00,0.000000e+00,0.000000e+00,0.000000e+00,0.000000e+00,0.000000e+00,0.000000e+00,0.000000e+00,0.000000e+00,0.000000e+00,0.000000e+00,0.000000e+00,0.000000e+00,0.000000e+00,0.000000e+00,0.000000e+00,0.000000e+00,0.000000e+00,0.000000e+00,0.000000e+00,0.000000e+00,0.000000e+00,0.000000e+00,0.000000e+00,0.000000e+00,0.000000e+00,0.000000e+00,0.000000e+00,0.000000e+00,3.757352e+04,2.854076e+03,4.244928e-01,1.013892e-02,-6.823174e-01,1.136610e-03,0.000000e+00,0.000000e+00,0.000000e+00,0.000000e+00,0.000000e+00,0.000000e+00,0.000000e+00,0.000000e+00,0.000000e+00,0.000000e+00,0.000000e+00,0.000000e+00,0.000000e+00,0.000000e+00,0.000000e+00,0.000000e+00,0.000000e+00,0.000000e+00,0.000000e+00,0.000000e+00,0.000000e+00,6.583262e+04,-1.054522e+04,9.948069e+04,1.265365e+00,-3.336549e-02,-3.774148e+01,-1.661456e+00,1.894755e-02,-5.405051e-01,4.229148e-03,-2.465621e-03,4.588788e+01,-1.071175e+00,-1.833655e-02,-1.786576e-03,1.653343e-01,5.753303e-04,-1.235164e+00,3.628723e+01,9.380307e-01,4.648495e+03,-6.003133e+04,1.051573e+04,-1.030883e+05,-2.109727e-01,3.743376e+01,-3.721272e-02,-9.831931e+01,1.732884e+03,5.883303e+01
3.700333e-03,3.760894e+04,4.452012e+04,8.862764e-01,1.750862e-02,1.562723e+01,1.023993e-01,9.774000e-07,9.240628e+03,0.000000e+00,0.000000e+00,1.064558e+04,0.000000e+00,0.000000e+00,0.000000e+00,0.000000e+00,0.000000e+00,0.000000e+00,0.000000e+00,0.000000e+00,0.000000e+00,0.000000e+00,0.000000e+00,0.000000e+00,0.000000e+00,0.000000e+00,0.000000e+00,0.000000e+00,0.000000e+00,0.000000e+00,0.000000e+00,0.000000e+00,0.000000e+00,0.000000e+00,0.000000e+00,0.000000e+00,0.000000e+00,0.000000e+00,0.000000e+00,0.000000e+00,0.000000e+00,0.000000e+00,0.000000e+00,0.000000e+00,0.000000e+00,0.000000e+00,0.000000e+00,0.000000e+00,0.000000e+00,3.760894e+04,2.823673e+03,4.238141e-01,9.958661e-03,-6.707914e-01,1.136610e-03,0.000000e+00,0.000000e+00,0.000000e+00,0.000000e+00,0.000000e+00,0.000000e+00,0.000000e+00,0.000000e+00,0.000000e+00,0.000000e+00,0.000000e+00,0.000000e+00,0.000000e+00,0.000000e+00,0.000000e+00,0.000000e+00,0.000000e+00,0.000000e+00,0.000000e+00,0.000000e+00,0.000000e+00,5.995995e+04,-1.229945e+03,8.869248e+04,1.266671e+00,-3.332363e-02,-3.773876e+01,-1.661637e+00,1.888861e-02,-5.407220e-01,4.286363e-03,-2.465623e-03,4.589813e+01,-1.069212e+00,-1.821637e-02,-1.797721e-03,1.656860e-01,5.847534e-04,-1.189734e+00,3.574556e+01,9.624162e-01,4.647552e+03,-5.299443e+04,1.203129e+03,-9.302262e+04,-2.116202e-01,3.745085e+01,-3.649749e-02,-6.079969e+01,1.752397e+03,7.760040e+01
3.710107e-03,3.764410e+04,4.447318e+04,8.843668e-01,1.738592e-02,1.563750e+01,1.023993e-01,9.774016e-07,9.248924e+03,0.000000e+00,0.000000e+00,1.064904e+04,0.000000e+00,0.000000e+00,0.000000e+00,0.000000e+00,0.000000e+00,0.000000e+00,0.000000e+00,0.000000e+00,0.000000e+00,0.000000e+00,0.000000e+00,0.000000e+00,0.000000e+00,0.000000e+00,0.000000e+00,0.000000e+00,0.000000e+00,0.000000e+00,0.000000e+00,0.000000e+00,0.000000e+00,0.000000e+00,0.000000e+00,0.000000e+00,0.000000e+00,0.000000e+00,0.000000e+00,0.000000e+00,0.000000e+00,0.000000e+00,0.000000e+00,0.000000e+00,0.000000e+00,0.000000e+00,0.000000e+00,0.000000e+00,0.000000e+00,3.764410e+04,2.793575e+03,4.231121e-01,9.786486e-03,-6.592895e-01,1.136610e-03,0.000000e+00,0.000000e+00,0.000000e+00,0.000000e+00,0.000000e+00,0.000000e+00,0.000000e+00,0.000000e+00,0.000000e+00,0.000000e+00,0.000000e+00,0.000000e+00,0.000000e+00,0.000000e+00,0.000000e+00,0.000000e+00,0.000000e+00,0.000000e+00,0.000000e+00,0.000000e+00,0.000000e+00,5.906232e+04,-2.516935e+03,8.699584e+04,1.268009e+00,-3.333863e-02,-3.773598e+01,-1.661806e+00,1.882044e-02,-5.408799e-01,4.342451e-03,-2.465624e-03,4.590839e+01,-1.067247e+00,-1.809403e-02,-1.808634e-03,1.660324e-01,5.942702e-04,-1.144314e+00,3.519833e+01,9.920104e-01,4.646601e+03,-5.190375e+04,2.490392e+03,-9.144816e+04,-2.123044e-01,3.746766e+01,-3.577826e-02,-6.865098e+01,1.728974e+03,8.298948e+01
3.720858e-03,3.768238e+04,4.442210e+04,8.822940e-01,1.725835e-02,1.564864e+01,1.023993e-01,9.774000e-07,9.257947e+03,0.000000e+00,0.000000e+00,1.065285e+04,0.000000e+00,0.000000e+00,0.000000e+00,0.000000e+00,0.000000e+00,0.000000e+00,0.000000e+00,0.000000e+00,0.000000e+00,0.000000e+00,0.000000e+00,0.000000e+00,0.000000e+00,0.000000e+00,0.000000e+00,0.000000e+00,0.000000e+00,0.000000e+00,0.000000e+00,0.000000e+00,0.000000e+00,0.000000e+00,0.000000e+00,0.000000e+00,0.000000e+00,0.000000e+00,0.000000e+00,0.000000e+00,0.000000e+00,0.000000e+00,0.000000e+00,0.000000e+00,0.000000e+00,0.000000e+00,0.000000e+00,0.000000e+00,0.000000e+00,3.768238e+04,2.760796e+03,4.223353e-01,9.622483e-03,-6.467874e-01,1.136609e-03,0.000000e+00,0.000000e+00,0.000000e+00,0.000000e+00,0.000000e+00,0.000000e+00,0.000000e+00,0.000000e+00,0.000000e+00,0.000000e+00,0.000000e+00,0.000000e+00,0.000000e+00,0.000000e+00,0.000000e+00,0.000000e+00,0.000000e+00,0.000000e+00,0.000000e+00,0.000000e+00,0.000000e+00,5.955567e+04,-5.541526e+03,8.767805e+04,1.269447e+00,-3.334505e-02,-3.773299e+01,-1.661990e+00,1.874556e-02,-5.410565e-01,4.404275e-03,-2.465625e-03,4.591953e+01,-1.065112e+00,-1.796621e-02,-1.820651e-03,1.664075e-01,6.049794e-04,-1.094363e+00,3.460860e+01,1.020175e+00,4.645570e+03,-5.233451e+04,5.514574e+03,-9.217220e+04,-2.130046e-01,3.748595e+01,-3.495537e-02,-7.484122e+01,1.697763e+03,7.580932e+01
3.730632e-03,3.771684e+04,4.437617e+04,8.804024e-01,1.713741e-02,1.565878e+01,1.023993e-01,9.774141e-07,9.266078e+03,0.000000e+00,0.000000e+00,1.065623e+04,0.000000e+00,0.000000e+00,0.000000e+00,0.000000e+00,0.000000e+00,0.000000e+00,0.000000e+00,0.000000e+00,0.000000e+00,0.000000e+00,0.000000e+00,0.000000e+00,0.000000e+00,0.000000e+00,0.000000e+00,0.000000e+00,0.000000e+00,0.000000e+00,0.000000e+00,0.000000e+00,0.000000e+00,0.000000e+00,0.000000e+00,0.000000e+00,0.000000e+00,0.000000e+00,0.000000e+00,0.000000e+00,0.000000e+00,0.000000e+00,0.000000e+00,0.000000e+00,0.000000e+00,0.000000e+00,0.000000e+00,0.000000e+00,0.000000e+00,3.771684e+04,2.731203e+03,4.216007e-01,9.479215e-03,-6.354591e-01,1.136610e-03,0.000000e+00,0.000000e+00,0.000000e+00,0.000000e+00,0.000000e+00,0.000000e+00,0.000000e+00,0.000000e+00,0.000000e+00,0.000000e+00,0.000000e+00,0.000000e+00,0.000000e+00,0.000000e+00,0.000000e+00,0.000000e+00,0.000000e+00,0.000000e+00,0.000000e+00,0.000000e+00,0.000000e+00,6.128070e+04,-1.141248e+04,9.046689e+04,1.270700e+00,-3.326666e-02,-3.773031e+01,-1.662160e+00,1.866986e-02,-5.412326e-01,4.455310e-03,-2.465625e-03,4.592966e+01,-1.063171e+00,-1.784546e-02,-1.830545e-03,1.667430e-01,6.149799e-04,-1.048962e+00,3.409121e+01,1.019955e+00,4.644657e+03,-5.410864e+04,1.138454e+04,-9.493405e+04,-2.135184e-01,3.750243e+01,-3.415602e-02,-9.424725e+01,1.666508e+03,6.871877e+01
3.740406e-03,3.775093e+04,4.433067e+04,8.785154e-01,1.701811e-02,1.566889e+01,1.023993e-01,9.774000e-07,9.274116e+03,0.000000e+00,0.000000e+00,1.065958e+04,0.000000e+00,0.000000e+00,0.000000e+00,0.000000e+00,0.000000e+00,0.000000e+00,0.000000e+00,0.000000e+00,0.000000e+00,0.000000e+00,0.000000e+00,0.000000e+00,0.000000e+00,0.000000e+00,0.000000e+00,0.000000e+00,0.000000e+00,0.000000e+00,0.000000e+00,0.000000e+00,0.000000e+00,0.000000e+00,0.000000e+00,0.000000e+00,0.000000e+00,0.000000e+00,0.000000e+00,0.000000e+00,0.000000e+00,0.000000e+00,0.000000e+00,0.000000e+00,0.000000e+00,0.000000e+00,0.000000e+00,0.000000e+00,0.000000e+00,3.775093e+04,2.701920e+03,4.208553e-01,9.334762e-03,-6.241755e-01,1.136610e-03,0.000000e+00,0.000000e+00,0.000000e+00,0.000000e+00,0.000000e+00,0.000000e+00,0.000000e+00,0.000000e+00,0.000000e+00,0.000000e+00,0.000000e+00,0.000000e+00,0.000000e+00,0.000000e+00,0.000000e+00,0.000000e+00,0.000000e+00,0.000000e+00,0.000000e+00,0.000000e+00,0.000000e+00,5.872515e+04,-3.043581e+02,8.509523e+04,1.271919e+00,-3.320693e-02,-3.772763e+01,-1.662329e+00,1.859697e-02,-5.414122e-01,4.506349e-03,-2.465627e-03,4.593978e+01,-1.061232e+00,-1.772585e-02,-1.840441e-03,1.670734e-01,6.252329e-04,-1.003569e+00,3.357894e+01,1.041235e+00,4.643749e+03,-5.045086e+04,2.775978e+02,-9.024727e+04,-2.140812e-01,3.751869e+01,-3.338143e-02,-5.053955e+01,1.662637e+03,8.722455e+01
3.750180e-03,3.778482e+04,4.428551e+04,8.766149e-01,1.689513e-02,1.567905e+01,1.023993e-01,9.774000e-07,9.282052e+03,0.000000e+00,0.000000e+00,1.066292e+04,0.000000e+00,0.000000e+00,0.000000e+00,0.000000e+00,0.000000e+00,0.000000e+00,0.000000e+00,0.000000e+00,0.000000e+00,0.000000e+00,0.000000e+00,0.000000e+00,0.000000e+00,0.000000e+00,0.000000e+00,0.000000e+00,0.000000e+00,0.000000e+00,0.000000e+00,0.000000e+00,0.000000e+00,0.000000e+00,0.000000e+00,0.000000e+00,0.000000e+00,0.000000e+00,0.000000e+00,0.000000e+00,0.000000e+00,0.000000e+00,0.000000e+00,0.000000e+00,0.000000e+00,0.000000e+00,0.000000e+00,0.000000e+00,0.000000e+00,3.778482e+04,2.672919e+03,4.200866e-01,9.185255e-03,-6.128789e-01,1.136610e-03,0.000000e+00,0.000000e+00,0.000000e+00,0.000000e+00,0.000000e+00,0.000000e+00,0.000000e+00,0.000000e+00,0.000000e+00,0.000000e+00,0.000000e+00,0.000000e+00,0.000000e+00,0.000000e+00,0.000000e+00,0.000000e+00,0.000000e+00,0.000000e+00,0.000000e+00,0.000000e+00,0.000000e+00,5.835077e+04,8.250615e+02,8.436348e+04,1.273134e+00,-3.322843e-02,-3.772496e+01,-1.662496e+00,1.853303e-02,-5.415806e-01,4.554318e-03,-2.465628e-03,4.594993e+01,-1.059284e+00,-1.760308e-02,-1.849750e-03,1.673989e-01,6.356916e-04,-9.581858e-01,3.307075e+01,1.074100e+00,4.642844e+03,-4.999227e+04,-8.518005e+02,-8.956974e+04,-2.146873e-01,3.753475e+01,-3.264877e-02,-4.555420e+01,1.643122e+03,8.063840e+01
3.760932e-03,3.782169e+04,4.423640e+04,8.745323e-01,1.676335e-02,1.569016e+01,1.023993e-01,9.774000e-07,9.290692e+03,0.000000e+00,0.000000e+00,1.066650e+04,0.000000e+00,0.000000e+00,0.000000e+00,0.000000e+00,0.000000e+00,0.000000e+00,0.000000e+00,0.000000e+00,0.000000e+00,0.000000e+00,0.000000e+00,0.000000e+00,0.000000e+00,0.000000e+00,0.000000e+00,0.000000e+00,0.000000e+00,0.000000e+00,0.000000e+00,0.000000e+00,0.000000e+00,0.000000e+00,0.000000e+00,0.000000e+00,0.000000e+00,0.000000e+00,0.000000e+00,0.000000e+00,0.000000e+00,0.000000e+00,0.000000e+00,0.000000e+00,0.000000e+00,0.000000e+00,0.000000e+00,0.000000e+00,0.000000e+00,3.782169e+04,2.641252e+03,4.192260e-01,9.002278e-03,-6.004967e-01,1.136610e-03,0.000000e+00,0.000000e+00,0.000000e+00,0.000000e+00,0.000000e+00,0.000000e+00,0.000000e+00,0.000000e+00,0.000000e+00,0.000000e+00,0.000000e+00,0.000000e+00,0.000000e+00,0.000000e+00,0.000000e+00,0.000000e+00,0.000000e+00,0.000000e+00,0.000000e+00,0.000000e+00,0.000000e+00,5.654970e+04,-1.277001e+03,8.108128e+04,1.274425e+00,-3.322809e-02,-3.772207e+01,-1.662678e+00,1.846163e-02,-5.417727e-01,4.602408e-03,-2.465628e-03,4.596103e+01,-1.057153e+00,-1.747111e-02,-1.859091e-03,1.677513e-01,6.474180e-04,-9.082742e-01,3.252409e+01,1.099721e+00,4.641865e+03,-4.787534e+04,1.250984e+03,-8.648734e+04,-2.153131e-01,3.755222e+01,-3.186563e-02,-5.383262e+01,1.623608e+03,7.094975e+01
3.770706e-03,3.785488e+04,4.419211e+04,8.726323e-01,1.664092e-02,1.570026e+01,1.023993e-01,9.774000e-07,9.298512e+03,0.000000e+00,0.000000e+00,1.066975e+04,0.000000e+00,0.000000e+00,0.000000e+00,0.000000e+00,0.000000e+00,0.000000e+00,0.000000e+00,0.000000e+00,0.000000e+00,0.000000e+00,0.000000e+00,0.000000e+00,0.000000e+00,0.000000e+00,0.000000e+00,0.000000e+00,0.000000e+00,0.000000e+00,0.000000e+00,0.000000e+00,0.000000e+00,0.000000e+00,0.000000e+00,0.000000e+00,0.000000e+00,0.000000e+00,0.000000e+00,0.000000e+00,0.000000e+00,0.000000e+00,0.000000e+00,0.000000e+00,0.000000e+00,0.000000e+00,0.000000e+00,0.000000e+00,0.000000e+00,3.785488e+04,2.612777e+03,4.184084e-01,8.850846e-03,-5.892674e-01,1.136610e-03,0.000000e+00,0.000000e+00,0.000000e+00,0.000000e+00,0.000000e+00,0.000000e+00,0.000000e+00,0.000000e+00,0.000000e+00,0.000000e+00,0.000000e+00,0.000000e+00,0.000000e+00,0.000000e+00,0.000000e+00,0.000000e+00,0.000000e+00,0.000000e+00,0.000000e+00,0.000000e+00,0.000000e+00,6.153200e+04,1.975738e+03,8.163006e+04,1.275571e+00,-3.319571e-02,-3.771946e+01,-1.662845e+00,1.839243e-02,-5.419419e-01,4.641809e-03,-2.465629e-03,4.597113e+01,-1.055214e+00,-1.734885e-02,-1.866753e-03,1.680666e-01,6.582876e-04,-8.629088e-01,3.203638e+01,1.117688e+00,4.640979e+03,-4.620655e+04,-2.003440e+03,-9.118387e+04,-2.159476e-01,3.756799e+01,-3.125368e-02,-1.128488e+02,1.678248e+03,1.687510e+01
3.780480e-03,3.788777e+04,4.414812e+04,8.707350e-01,1.652092e-02,1.571031e+01,1.023993e-01,9.774016e-07,9.306358e+03,0.000000e+00,0.000000e+00,1.067297e+04,0.000000e+00,0.000000e+00,0.000000e+00,0.000000e+00,0.000000e+00,0.000000e+00,0.000000e+00,0.000000e+00,0.000000e+00,0.000000e+00,0.000000e+00,0.000000e+00,0.000000e+00,0.000000e+00,0.000000e+00,0.000000e+00,0.000000e+00,0.000000e+00,0.000000e+00,0.000000e+00,0.000000e+00,0.000000e+00,0.000000e+00,0.000000e+00,0.000000e+00,0.000000e+00,0.000000e+00,0.000000e+00,0.000000e+00,0.000000e+00,0.000000e+00,0.000000e+00,0.000000e+00,0.000000e+00,0.000000e+00,0.000000e+00,0.000000e+00,3.788777e+04,2.584714e+03,4.175560e-01,8.741743e-03,-5.780467e-01,1.136610e-03,0.000000e+00,0.000000e+00,0.000000e+00,0.000000e+00,0.000000e+00,0.000000e+00,0.000000e+00,0.000000e+00,0.000000e+00,0.000000e+00,0.000000e+00,0.000000e+00,0.000000e+00,0.000000e+00,0.000000e+00,0.000000e+00,0.000000e+00,0.000000e+00,0.000000e+00,0.000000e+00,0.000000e+00,5.658480e+04,-2.806344e+03,7.999724e+04,1.276686e+00,-3.313093e-02,-3.771685e+01,-1.663016e+00,1.831848e-02,-5.421078e-01,4.675363e-03,-2.465629e-03,4.598118e+01,-1.053283e+00,-1.722874e-02,-1.873279e-03,1.683772e-01,6.691584e-04,-8.175526e-01,3.156125e+01,1.117380e+00,4.640081e+03,-4.694984e+04,2.780112e+03,-8.600730e+04,-2.168190e-01,3.758388e+01,-3.088451e-02,-6.328482e+01,1.588478e+03,5.843670e+01
3.790254e-03,3.792034e+04,4.410464e+04,8.688288e-01,1.639879e-02,1.572038e+01,1.023993e-01,9.774000e-07,9.314093e+03,0.000000e+00,0.000000e+00,1.067616e+04,0.000000e+00,0.000000e+00,0.000000e+00,0.000000e+00,0.000000e+00,0.000000e+00,0.000000e+00,0.000000e+00,0.000000e+00,0.000000e+00,0.000000e+00,0.000000e+00,0.000000e+00,0.000000e+00,0.000000e+00,0.000000e+00,0.000000e+00,0.000000e+00,0.000000e+00,0.000000e+00,0.000000e+00,0.000000e+00,0.000000e+00,0.000000e+00,0.000000e+00,0.000000e+00,0.000000e+00,0.000000e+00,0.000000e+00,0.000000e+00,0.000000e+00,0.000000e+00,0.000000e+00,0.000000e+00,0.000000e+00,0.000000e+00,0.000000e+00,3.792034e+04,2.556800e+03,4.166898e-01,8.619621e-03,-5.668572e-01,1.136610e-03,0.000000e+00,0.000000e+00,0.000000e+00,0.000000e+00,0.000000e+00,0.000000e+00,0.000000e+00,0.000000e+00,0.000000e+00,0.000000e+00,0.000000e+00,0.000000e+00,0.000000e+00,0.000000e+00,0.000000e+00,0.000000e+00,0.000000e+00,0.000000e+00,0.000000e+00,0.000000e+00,0.000000e+00,5.850693e+04,-3.502564e+03,8.044498e+04,1.277768e+00,-3.305598e-02,-3.771426e+01,-1.663182e+00,1.824474e-02,-5.422743e-01,4.703642e-03,-2.465630e-03,4.599125e+01,-1.051348e+00,-1.710669e-02,-1.878783e-03,1.686832e-01,6.800750e-04,-7.722048e-01,3.109439e+01,1.117689e+00,4.639206e+03,-4.653869e+04,3.475543e+03,-8.791356e+04,-2.175986e-01,3.759949e+01,-3.047296e-02,-9.016274e+01,1.588474e+03,3.636467e+01
3.800028e-03,3.795259e+04,4.406175e+04,8.669221e-01,1.627857e-02,1.573041e+01,1.023993e-01,9.774062e-07,9.321618e+03,0.000000e+00,0.000000e+00,1.067927e+04,0.000000e+00,0.000000e+00,0.000000e+00,0.000000e+00,0.000000e+00,0.000000e+00,0.000000e+00,0.000000e+00,0.000000e+00,0.000000e+00,0.000000e+00,0.000000e+00,0.000000e+00,0.000000e+00,0.000000e+00,0.000000e+00,0.000000e+00,0.000000e+00,0.000000e+00,0.000000e+00,0.000000e+00,0.000000e+00,0.000000e+00,0.000000e+00,0.000000e+00,0.000000e+00,0.000000e+00,0.000000e+00,0.000000e+00,0.000000e+00,0.000000e+00,0.000000e+00,0.000000e+00,0.000000e+00,0.000000e+00,0.000000e+00,0.000000e+00,3.795259e+04,2.529089e+03,4.158001e-01,8.519822e-03,-5.557268e-01,1.136610e-03,0.000000e+00,0.000000e+00,0.000000e+00,0.000000e+00,0.000000e+00,0.000000e+00,0.000000e+00,0.000000e+00,0.000000e+00,0.000000e+00,0.000000e+00,0.000000e+00,0.000000e+00,0.000000e+00,0.000000e+00,0.000000e+00,0.000000e+00,0.000000e+00,0.000000e+00,0.000000e+00,0.000000e+00,5.700784e+04,-3.278570e+03,7.997645e+04,1.278826e+00,-3.297581e-02,-3.771174e+01,-1.663340e+00,1.817216e-02,-5.424463e-01,4.725120e-03,-2.465631e-03,4.600125e+01,-1.049420e+00,-1.698647e-02,-1.882957e-03,1.689847e-01,6.909922e-04,-7.268657e-01,3.063397e+01,1.116930e+00,4.638359e+03,-4.680855e+04,3.251876e+03,-8.634386e+04,-2.183430e-01,3.761470e+01,-3.006276e-02,-1.206996e+02,1.545541e+03,8.360321e+00
3.810779e-03,3.798769e+04,4.401512e+04,8.648113e-01,1.614584e-02,1.574146e+01,1.023993e-01,9.774013e-07,9.329743e+03,0.000000e+00,0.000000e+00,1.068267e+04,0.000000e+00,0.000000e+00,0.000000e+00,0.000000e+00,0.000000e+00,0.000000e+00,0.000000e+00,0.000000e+00,0.000000e+00,0.000000e+00,0.000000e+00,0.000000e+00,0.000000e+00,0.000000e+00,0.000000e+00,0.000000e+00,0.000000e+00,0.000000e+00,0.000000e+00,0.000000e+00,0.000000e+00,0.000000e+00,0.000000e+00,0.000000e+00,0.000000e+00,0.000000e+00,0.000000e+00,0.000000e+00,0.000000e+00,0.000000e+00,0.000000e+00,0.000000e+00,0.000000e+00,0.000000e+00,0.000000e+00,0.000000e+00,0.000000e+00,3.798769e+04,2.498893e+03,4.147984e-01,8.413604e-03,-5.435532e-01,1.136610e-03,0.000000e+00,0.000000e+00,0.000000e+00,0.000000e+00,0.000000e+00,0.000000e+00,0.000000e+00,0.000000e+00,0.000000e+00,0.000000e+00,0.000000e+00,0.000000e+00,0.000000e+00,0.000000e+00,0.000000e+00,0.000000e+00,0.000000e+00,0.000000e+00,0.000000e+00,0.000000e+00,0.000000e+00,5.511983e+04,-1.142418e+03,7.886298e+04,1.279960e+00,-3.286617e-02,-3.770904e+01,-1.663506e+00,1.808899e-02,-5.426335e-01,4.740060e-03,-2.465631e-03,4.601228e+01,-1.047294e+00,-1.685378e-02,-1.885852e-03,1.693111e-01,7.029216e-04,-6.770021e-01,3.013407e+01,1.110430e+00,4.637448e+03,-4.667160e+04,1.116238e+03,-8.413909e+04,-2.193498e-01,3.763110e+01,-2.981052e-02,-9.264814e+01,1.502617e+03,2.525832e+01
3.820553e-03,3.801925e+04,4.397306e+04,8.628742e-01,1.602341e-02,1.575155e+01,1.023993e-01,9.774080e-07,9.337048e+03,0.000000e+00,0.000000e+00,1.068736e+04,0.000000e+00,0.000000e+00,0.000000e+00,0.000000e+00,0.000000e+00,0.000000e+00,0.000000e+00,0.000000e+00,0.000000e+00,0.000000e+00,0.000000e+00,0.000000e+00,0.000000e+00,0.000000e+00,0.000000e+00,0.000000e+00,0.000000e+00,0.000000e+00,0.000000e+00,0.000000e+00,0.000000e+00,0.000000e+00,0.000000e+00,0.000000e+00,0.000000e+00,0.000000e+00,0.000000e+00,0.000000e+00,0.000000e+00,0.000000e+00,0.000000e+00,0.000000e+00,0.000000e+00,0.000000e+00,0.000000e+00,0.000000e+00,0.000000e+00,3.801925e+04,2.471636e+03,4.138659e-01,8.327302e-03,-5.324852e-01,1.136610e-03,0.000000e+00,0.000000e+00,0.000000e+00,0.000000e+00,0.000000e+00,0.000000e+00,0.000000e+00,0.000000e+00,0.000000e+00,0.000000e+00,0.000000e+00,0.000000e+00,0.000000e+00,0.000000e+00,0.000000e+00,0.000000e+00,0.000000e+00,0.000000e+00,0.000000e+00,0.000000e+00,0.000000e+00,5.564500e+04,6.109827e+02,7.872209e+04,1.280967e+00,-3.274927e-02,-3.770662e+01,-1.663653e+00,1.801226e-02,-5.427977e-01,4.747275e-03,-2.465629e-03,4.602240e+01,-1.045347e+00,-1.673087e-02,-1.887241e-03,1.696032e-01,7.136749e-04,-6.316801e-01,2.968609e+01,1.098839e+00,4.636627e+03,-4.634565e+04,-6.374711e+02,-8.453154e+04,-2.202544e-01,3.764584e+01,-2.960276e-02,-9.005605e+01,1.487000e+03,1.432329e+01
3.830327e-03,3.805056e+04,4.393152e+04,8.608822e-01,1.589031e-02,1.576191e+01,1.023993e-01,9.774000e-07,9.344251e+03,0.000000e+00,0.000000e+00,1.069095e+04,0.000000e+00,0.000000e+00,0.000000e+00,0.000000e+00,0.000000e+00,0.000000e+00,0.000000e+00,0.000000e+00,0.000000e+00,0.000000e+00,0.000000e+00,0.000000e+00,0.000000e+00,0.000000e+00,0.000000e+00,0.000000e+00,0.000000e+00,0.000000e+00,0.000000e+00,0.000000e+00,0.000000e+00,0.000000e+00,0.000000e+00,0.000000e+00,0.000000e+00,0.000000e+00,0.000000e+00,0.000000e+00,0.000000e+00,0.000000e+00,0.000000e+00,0.000000e+00,0.000000e+00,0.000000e+00,0.000000e+00,0.000000e+00,0.000000e+00,3.805056e+04,2.444650e+03,4.128653e-01,8.242661e-03,-5.212597e-01,1.136610e-03,0.000000e+00,0.000000e+00,0.000000e+00,0.000000e+00,0.000000e+00,0.000000e+00,0.000000e+00,0.000000e+00,0.000000e+00,0.000000e+00,0.000000e+00,0.000000e+00,0.000000e+00,0.000000e+00,0.000000e+00,0.000000e+00,0.000000e+00,0.000000e+00,0.000000e+00,0.000000e+00,0.000000e+00,5.554134e+04,1.369202e+03,7.823811e+04,1.281953e+00,-3.263608e-02,-3.770421e+01,-1.663795e+00,1.793773e-02,-5.429585e-01,4.751218e-03,-2.465629e-03,4.603274e+01,-1.043350e+00,-1.659756e-02,-1.888001e-03,1.698910e-01,7.243145e-04,-5.863659e-01,2.924375e+01,1.086959e+00,4.635819e+03,-4.598716e+04,-1.395766e+03,-8.420897e+04,-2.211121e-01,3.766036e+01,-2.939278e-02,-9.075774e+01,1.475297e+03,1.319135e+01
3.840101e-03,3.808185e+04,4.389043e+04,8.588791e-01,1.575512e-02,1.577230e+01,1.023993e-01,9.774078e-07,9.351386e+03,0.000000e+00,0.000000e+00,1.069371e+04,0.000000e+00,0.000000e+00,0.000000e+00,0.000000e+00,0.000000e+00,0.000000e+00,0.000000e+00,0.000000e+00,0.000000e+00,0.000000e+00,0.000000e+00,0.000000e+00,0.000000e+00,0.000000e+00,0.000000e+00,0.000000e+00,0.000000e+00,0.000000e+00,0.000000e+00,0.000000e+00,0.000000e+00,0.000000e+00,0.000000e+00,0.000000e+00,0.000000e+00,0.000000e+00,0.000000e+00,0.000000e+00,0.000000e+00,0.000000e+00,0.000000e+00,0.000000e+00,0.000000e+00,0.000000e+00,0.000000e+00,0.000000e+00,0.000000e+00,3.808185e+04,2.418002e+03,4.118374e-01,8.151191e-03,-5.099503e-01,1.136610e-03,0.000000e+00,0.000000e+00,0.000000e+00,0.000000e+00,0.000000e+00,0.000000e+00,0.000000e+00,0.000000e+00,0.000000e+00,0.000000e+00,0.000000e+00,0.000000e+00,0.000000e+00,0.000000e+00,0.000000e+00,0.000000e+00,0.000000e+00,0.000000e+00,0.000000e+00,0.000000e+00,0.000000e+00,5.500734e+04,1.222492e+03,7.753822e+04,1.282918e+00,-3.252374e-02,-3.770181e+01,-1.663935e+00,1.786429e-02,-5.431145e-01,4.752805e-03,-2.465631e-03,4.604316e+01,-1.041345e+00,-1.646229e-02,-1.888310e-03,1.701744e-01,7.348364e-04,-5.410596e-01,2.880679e+01,1.073831e+00,4.635015e+03,-4.562277e+04,-1.248977e+03,-8.340551e+04,-2.219705e-01,3.767474e+01,-2.921995e-02,-8.557385e+01,1.455777e+03,2.128674e+01
3.850853e-03,3.811607e+04,4.384557e+04,8.566924e-01,1.560932e-02,1.578367e+01,1.023993e-01,9.774056e-07,9.359156e+03,0.000000e+00,0.000000e+00,1.069685e+04,0.000000e+00,0.000000e+00,0.000000e+00,0.000000e+00,0.000000e+00,0.000000e+00,0.000000e+00,0.000000e+00,0.000000e+00,0.000000e+00,0.000000e+00,0.000000e+00,0.000000e+00,0.000000e+00,0.000000e+00,0.000000e+00,0.000000e+00,0.000000e+00,0.000000e+00,0.000000e+00,0.000000e+00,0.000000e+00,0.000000e+00,0.000000e+00,0.000000e+00,0.000000e+00,0.000000e+00,0.000000e+00,0.000000e+00,0.000000e+00,0.000000e+00,0.000000e+00,0.000000e+00,0.000000e+00,0.000000e+00,0.000000e+00,0.000000e+00,3.811607e+04,2.388931e+03,4.107061e-01,8.071612e-03,-4.975455e-01,1.136610e-03,0.000000e+00,0.000000e+00,0.000000e+00,0.000000e+00,0.000000e+00,0.000000e+00,0.000000e+00,0.000000e+00,0.000000e+00,0.000000e+00,0.000000e+00,0.000000e+00,0.000000e+00,0.000000e+00,0.000000e+00,0.000000e+00,0.000000e+00,0.000000e+00,0.000000e+00,0.000000e+00,0.000000e+00,5.420334e+04,8.544545e+02,7.541122e+04,1.283956e+00,-3.239662e-02,-3.769921e+01,-1.664084e+00,1.778481e-02,-5.432796e-01,4.756398e-03,-2.465635e-03,4.605453e+01,-1.039156e+00,-1.631683e-02,-1.889029e-03,1.704814e-01,7.462747e-04,-4.912317e-01,2.833090e+01,1.057232e+00,4.634136e+03,-4.409570e+04,-8.806077e+02,-8.173358e+04,-2.228877e-01,3.769039e+01,-2.906755e-02,-8.751015e+01,1.447973e+03,2.015096e+01
3.860627e-03,3.814680e+04,4.380518e+04,8.547096e-01,1.548181e-02,1.579400e+01,1.023993e-01,9.774102e-07,9.366139e+03,0.000000e+00,0.000000e+00,1.069961e+04,0.000000e+00,0.000000e+00,0.000000e+00,0.000000e+00,0.000000e+00,0.000000e+00,0.000000e+00,0.000000e+00,0.000000e+00,0.000000e+00,0.000000e+00,0.000000e+00,0.000000e+00,0.000000e+00,0.000000e+00,0.000000e+00,0.000000e+00,0.000000e+00,0.000000e+00,0.000000e+00,0.000000e+00,0.000000e+00,0.000000e+00,0.000000e+00,0.000000e+00,0.000000e+00,0.000000e+00,0.000000e+00,0.000000e+00,0.000000e+00,0.000000e+00,0.000000e+00,0.000000e+00,0.000000e+00,0.000000e+00,0.000000e+00,0.000000e+00,3.814680e+04,2.362732e+03,4.096650e-01,8.000819e-03,-4.862778e-01,1.136609e-03,0.000000e+00,0.000000e+00,0.000000e+00,0.000000e+00,0.000000e+00,0.000000e+00,0.000000e+00,0.000000e+00,0.000000e+00,0.000000e+00,0.000000e+00,0.000000e+00,0.000000e+00,0.000000e+00,0.000000e+00,0.000000e+00,0.000000e+00,0.000000e+00,0.000000e+00,0.000000e+00,0.000000e+00,5.332645e+04,8.410782e+02,7.389019e+04,1.284873e+00,-3.228618e-02,-3.769687e+01,-1.664214e+00,1.771526e-02,-5.434263e-01,4.762651e-03,-2.465635e-03,4.606484e+01,-1.037167e+00,-1.618936e-02,-1.890278e-03,1.707560e-01,7.565382e-04,-4.459417e-01,2.790581e+01,1.043024e+00,4.633348e+03,-4.314120e+04,-8.669344e+02,-8.026371e+04,-2.236845e-01,3.770445e+01,-2.894123e-02,-8.633543e+01,1.432348e+03,6.023890e+00
3.870401e-03,3.817715e+04,4.376515e+04,8.527399e-01,1.535293e-02,1.580426e+01,1.023993e-01,9.774000e-07,9.373057e+03,0.000000e+00,0.000000e+00,1.070236e+04,0.000000e+00,0.000000e+00,0.000000e+00,0.000000e+00,0.000000e+00,0.000000e+00,0.000000e+00,0.000000e+00,0.000000e+00,0.000000e+00,0.000000e+00,0.000000e+00,0.000000e+00,0.000000e+00,0.000000e+00,0.000000e+00,0.000000e+00,0.000000e+00,0.000000e+00,0.000000e+00,0.000000e+00,0.000000e+00,0.000000e+00,0.000000e+00,0.000000e+00,0.000000e+00,0.000000e+00,0.000000e+00,0.000000e+00,0.000000e+00,0.000000e+00,0.000000e+00,0.000000e+00,0.000000e+00,0.000000e+00,0.000000e+00,0.000000e+00,3.817715e+04,2.336813e+03,4.086137e-01,7.927363e-03,-4.750879e-01,1.136610e-03,0.000000e+00,0.000000e+00,0.000000e+00,0.000000e+00,0.000000e+00,0.000000e+00,0.000000e+00,0.000000e+00,0.000000e+00,0.000000e+00,0.000000e+00,0.000000e+00,0.000000e+00,0.000000e+00,0.000000e+00,0.000000e+00,0.000000e+00,0.000000e+00,0.000000e+00,0.000000e+00,0.000000e+00,5.282651e+04,4.683748e+02,7.282352e+04,1.285766e+00,-3.217426e-02,-3.769456e+01,-1.664340e+00,1.764671e-02,-5.435693e-01,4.771730e-03,-2.465634e-03,4.607509e+01,-1.035190e+00,-1.606034e-02,-1.892094e-03,1.710265e-01,7.666465e-04,-4.006595e-01,2.748759e+01,1.027366e+00,4.632566e+03,-4.242967e+04,-4.941038e+02,-7.933223e+04,-2.244813e-01,3.771838e+01,-2.886000e-02,-8.292145e+01,1.412851e+03,6.037303e+00
3.880175e-03,3.820697e+04,4.372559e+04,8.507990e-01,1.522113e-02,1.581437e+01,1.023993e-01,9.774000e-07,9.379908e+03,0.000000e+00,0.000000e+00,1.070525e+04,0.000000e+00,0.000000e+00,0.000000e+00,0.000000e+00,0.000000e+00,0.000000e+00,0.000000e+00,0.000000e+00,0.000000e+00,0.000000e+00,0.000000e+00,0.000000e+00,0.000000e+00,0.000000e+00,0.000000e+00,0.000000e+00,0.000000e+00,0.000000e+00,0.000000e+00,0.000000e+00,0.000000e+00,0.000000e+00,0.000000e+00,0.000000e+00,0.000000e+00,0.000000e+00,0.000000e+00,0.000000e+00,0.000000e+00,0.000000e+00,0.000000e+00,0.000000e+00,0.000000e+00,0.000000e+00,0.000000e+00,0.000000e+00,0.000000e+00,3.820697e+04,2.311201e+03,4.075588e-01,7.860398e-03,-4.640603e-01,1.136610e-03,0.000000e+00,0.000000e+00,0.000000e+00,0.000000e+00,0.000000e+00,0.000000e+00,0.000000e+00,0.000000e+00,0.000000e+00,0.000000e+00,0.000000e+00,0.000000e+00,0.000000e+00,0.000000e+00,0.000000e+00,0.000000e+00,0.000000e+00,0.000000e+00,0.000000e+00,0.000000e+00,0.000000e+00,5.293850e+04,9.861832e+02,7.213641e+04,1.286636e+00,-3.205648e-02,-3.769226e+01,-1.664461e+00,1.758007e-02,-5.437069e-01,4.783395e-03,-2.465633e-03,4.608519e+01,-1.033238e+00,-1.592849e-02,-1.894426e-03,1.712930e-01,7.765903e-04,-3.553848e-01,2.707489e+01,1.009819e+00,4.631790e+03,-4.179186e+04,-1.012021e+03,-7.911722e+04,-2.252371e-01,3.773217e+01,-2.881840e-02,-7.956739e+01,1.405045e+03,1.280640e+00
3.890926e-03,3.823924e+04,4.368257e+04,8.486502e-01,1.507902e-02,1.582548e+01,1.023993e-01,9.774000e-07,9.387362e+03,0.000000e+00,0.000000e+00,1.070874e+04,0.000000e+00,0.000000e+00,0.000000e+00,0.000000e+00,0.000000e+00,0.000000e+00,0.000000e+00,0.000000e+00,0.000000e+00,0.000000e+00,0.000000e+00,0.000000e+00,0.000000e+00,0.000000e+00,0.000000e+00,0.000000e+00,0.000000e+00,0.000000e+00,0.000000e+00,0.000000e+00,0.000000e+00,0.000000e+00,0.000000e+00,0.000000e+00,0.000000e+00,0.000000e+00,0.000000e+00,0.000000e+00,0.000000e+00,0.000000e+00,0.000000e+00,0.000000e+00,0.000000e+00,0.000000e+00,0.000000e+00,0.000000e+00,0.000000e+00,3.823924e+04,2.283354e+03,4.063766e-01,7.796551e-03,-4.520116e-01,1.136610e-03,0.000000e+00,0.000000e+00,0.000000e+00,0.000000e+00,0.000000e+00,0.000000e+00,0.000000e+00,0.000000e+00,0.000000e+00,0.000000e+00,0.000000e+00,0.000000e+00,0.000000e+00,0.000000e+00,0.000000e+00,0.000000e+00,0.000000e+00,0.000000e+00,0.000000e+00,0.000000e+00,0.000000e+00,5.242425e+04,2.508535e+03,7.131320e+04,1.287565e+00,-3.191956e-02,-3.768978e+01,-1.664587e+00,1.750841e-02,-5.438532e-01,4.784972e-03,-2.465632e-03,4.609631e+01,-1.031087e+00,-1.578656e-02,-1.894742e-03,1.715814e-01,7.873093e-04,-3.055915e-01,2.662751e+01,9.883139e-01,4.630943e+03,-4.130751e+04,-2.534282e+03,-7.827793e+04,-2.260394e-01,3.774716e+01,-2.881544e-02,-7.128896e+01,1.385531e+03,-2.342123e+00
3.900700e-03,3.826830e+04,4.364386e+04,8.466942e-01,1.494932e-02,1.583559e+01,1.023993e-01,9.774000e-07,9.394075e+03,0.000000e+00,0.000000e+00,1.071175e+04,0.000000e+00,0.000000e+00,0.000000e+00,0.000000e+00,0.000000e+00,0.000000e+00,0.000000e+00,0.000000e+00,0.000000e+00,0.000000e+00,0.000000e+00,0.000000e+00,0.000000e+00,0.000000e+00,0.000000e+00,0.000000e+00,0.000000e+00,0.000000e+00,0.000000e+00,0.000000e+00,0.000000e+00,0.000000e+00,0.000000e+00,0.000000e+00,0.000000e+00,0.000000e+00,0.000000e+00,0.000000e+00,0.000000e+00,0.000000e+00,0.000000e+00,0.000000e+00,0.000000e+00,0.000000e+00,0.000000e+00,0.000000e+00,0.000000e+00,3.826830e+04,2.258367e+03,4.052792e-01,7.742596e-03,-4.410841e-01,1.136610e-03,0.000000e+00,0.000000e+00,0.000000e+00,0.000000e+00,0.000000e+00,0.000000e+00,0.000000e+00,0.000000e+00,0.000000e+00,0.000000e+00,0.000000e+00,0.000000e+00,0.000000e+00,0.000000e+00,0.000000e+00,0.000000e+00,0.000000e+00,0.000000e+00,0.000000e+00,0.000000e+00,0.000000e+00,5.233068e+04,2.970337e+03,7.081275e+04,1.288388e+00,-3.178769e-02,-3.768753e+01,-1.664696e+00,1.744435e-02,-5.439810e-01,4.788009e-03,-2.465634e-03,4.610640e+01,-1.029128e+00,-1.565661e-02,-1.895346e-03,1.718395e-01,7.968307e-04,-2.603326e-01,2.622618e+01,9.648100e-01,4.630178e+03,-4.092677e+04,-2.996154e+03,-7.796020e+04,-2.267488e-01,3.776066e+01,-2.885676e-02,-6.836160e+01,1.369915e+03,-5.644711e+00
3.910474e-03,3.829700e+04,4.360558e+04,8.447435e-01,1.481318e-02,1.584569e+01,1.023993e-01,9.774000e-07,9.400710e+03,0.000000e+00,0.000000e+00,1.071471e+04,0.000000e+00,0.000000e+00,0.000000e+00,0.000000e+00,0.000000e+00,0.000000e+00,0.000000e+00,0.000000e+00,0.000000e+00,0.000000e+00,0.000000e+00,0.000000e+00,0.000000e+00,0.000000e+00,0.000000e+00,0.000000e+00,0.000000e+00,0.000000e+00,0.000000e+00,0.000000e+00,0.000000e+00,0.000000e+00,0.000000e+00,0.000000e+00,0.000000e+00,0.000000e+00,0.000000e+00,0.000000e+00,0.000000e+00,0.000000e+00,0.000000e+00,0.000000e+00,0.000000e+00,0.000000e+00,0.000000e+00,0.000000e+00,0.000000e+00,3.829700e+04,2.233661e+03,4.041787e-01,7.684383e-03,-4.301584e-01,1.136610e-03,0.000000e+00,0.000000e+00,0.000000e+00,0.000000e+00,0.000000e+00,0.000000e+00,0.000000e+00,0.000000e+00,0.000000e+00,0.000000e+00,0.000000e+00,0.000000e+00,0.000000e+00,0.000000e+00,0.000000e+00,0.000000e+00,0.000000e+00,0.000000e+00,0.000000e+00,0.000000e+00,0.000000e+00,5.073724e+04,1.848261e+03,6.962401e+04,1.289186e+00,-3.166366e-02,-3.768529e+01,-1.664797e+00,1.738414e-02,-5.441061e-01,4.794226e-03,-2.465633e-03,4.611650e+01,-1.027171e+00,-1.552020e-02,-1.896583e-03,1.720937e-01,8.061223e-04,-2.150813e-01,2.583017e+01,9.411896e-01,4.629422e+03,-4.057934e+04,-1.873575e+03,-7.599338e+04,-2.274033e-01,3.777401e+01,-2.891133e-02,-4.902995e+01,1.338688e+03,7.573267e+00
3.920249e-03,3.832532e+04,4.356781e+04,8.427944e-01,1.467425e-02,1.585578e+01,1.023993e-01,9.774000e-07,9.407198e+03,0.000000e+00,0.000000e+00,1.071762e+04,0.000000e+00,0.000000e+00,0.000000e+00,0.000000e+00,0.000000e+00,0.000000e+00,0.000000e+00,0.000000e+00,0.000000e+00,0.000000e+00,0.000000e+00,0.000000e+00,0.000000e+00,0.000000e+00,0.000000e+00,0.000000e+00,0.000000e+00,0.000000e+00,0.000000e+00,0.000000e+00,0.000000e+00,0.000000e+00,0.000000e+00,0.000000e+00,0.000000e+00,0.000000e+00,0.000000e+00,0.000000e+00,0.000000e+00,0.000000e+00,0.000000e+00,0.000000e+00,0.000000e+00,0.000000e+00,0.000000e+00,0.000000e+00,0.000000e+00,3.832532e+04,2.209180e+03,4.030954e-01,7.619482e-03,-4.192557e-01,1.136610e-03,0.000000e+00,0.000000e+00,0.000000e+00,0.000000e+00,0.000000e+00,0.000000e+00,0.000000e+00,0.000000e+00,0.000000e+00,0.000000e+00,0.000000e+00,0.000000e+00,0.000000e+00,0.000000e+00,0.000000e+00,0.000000e+00,0.000000e+00,0.000000e+00,0.000000e+00,0.000000e+00,0.000000e+00,5.003612e+04,1.884664e+03,6.851729e+04,1.289965e+00,-3.156573e-02,-3.768315e+01,-1.664887e+00,1.733223e-02,-5.442318e-01,4.803802e-03,-2.465636e-03,4.612661e+01,-1.025212e+00,-1.538125e-02,-1.898487e-03,1.723441e-01,8.152358e-04,-1.698370e-01,2.543712e+01,9.254844e-01,4.628686e+03,-3.991607e+04,-1.909765e+03,-7.486551e+04,-2.278638e-01,3.778704e+01,-2.886639e-02,-4.380094e+01,1.326987e+03,1.760880e+00
3.930022e-03,3.835339e+04,4.353044e+04,8.408436e-01,1.453532e-02,1.586590e+01,1.023993e-01,9.774000e-07,9.413626e+03,0.000000e+00,0.000000e+00,1.072053e+04,0.000000e+00,0.000000e+00,0.000000e+00,0.000000e+00,0.000000e+00,0.000000e+00,0.000000e+00,0.000000e+00,0.000000e+00,0.000000e+00,0.000000e+00,0.000000e+00,0.000000e+00,0.000000e+00,0.000000e+00,0.000000e+00,0.000000e+00,0.000000e+00,0.000000e+00,0.000000e+00,0.000000e+00,0.000000e+00,0.000000e+00,0.000000e+00,0.000000e+00,0.000000e+00,0.000000e+00,0.000000e+00,0.000000e+00,0.000000e+00,0.000000e+00,0.000000e+00,0.000000e+00,0.000000e+00,0.000000e+00,0.000000e+00,0.000000e+00,3.835339e+04,2.184979e+03,4.020088e-01,7.561842e-03,-4.083659e-01,1.136610e-03,0.000000e+00,0.000000e+00,0.000000e+00,0.000000e+00,0.000000e+00,0.000000e+00,0.000000e+00,0.000000e+00,0.000000e+00,0.000000e+00,0.000000e+00,0.000000e+00,0.000000e+00,0.000000e+00,0.000000e+00,0.000000e+00,0.000000e+00,0.000000e+00,0.000000e+00,0.000000e+00,0.000000e+00,4.926178e+04,1.927611e+03,6.738375e+04,1.290721e+00,-3.146086e-02,-3.768102e+01,-1.664970e+00,1.728220e-02,-5.443545e-01,4.816248e-03,-2.465634e-03,4.613672e+01,-1.023249e+00,-1.524231e-02,-1.900964e-03,1.725906e-01,8.241787e-04,-1.246002e-01,2.504894e+01,9.064789e-01,4.627956e+03,-3.925966e+04,-1.952465e+03,-7.366055e+04,-2.282904e-01,3.779996e+01,-2.888213e-02,-4.247456e+01,1.315278e+03,-4.872912e+00
3.940774e-03,3.838389e+04,4.348979e+04,8.386999e-01,1.438190e-02,1.587702e+01,1.023993e-01,9.774000e-07,9.420646e+03,0.000000e+00,0.000000e+00,1.072367e+04,0.000000e+00,0.000000e+00,0.000000e+00,0.000000e+00,0.000000e+00,0.000000e+00,0.000000e+00,0.000000e+00,0.000000e+00,0.000000e+00,0.000000e+00,0.000000e+00,0.000000e+00,0.000000e+00,0.000000e+00,0.000000e+00,0.000000e+00,0.000000e+00,0.000000e+00,0.000000e+00,0.000000e+00,0.000000e+00,0.000000e+00,0.000000e+00,0.000000e+00,0.000000e+00,0.000000e+00,0.000000e+00,0.000000e+00,0.000000e+00,0.000000e+00,0.000000e+00,0.000000e+00,0.000000e+00,0.000000e+00,0.000000e+00,0.000000e+00,3.838389e+04,2.158654e+03,4.007878e-01,7.499218e-03,-3.964041e-01,1.136610e-03,0.000000e+00,0.000000e+00,0.000000e+00,0.000000e+00,0.000000e+00,0.000000e+00,0.000000e+00,0.000000e+00,0.000000e+00,0.000000e+00,0.000000e+00,0.000000e+00,0.000000e+00,0.000000e+00,0.000000e+00,0.000000e+00,0.000000e+00,0.000000e+00,0.000000e+00,0.000000e+00,0.000000e+00,4.969927e+04,2.226609e+03,6.702416e+04,1.291528e+00,-3.133964e-02,-3.767867e+01,-1.665053e+00,1.722970e-02,-5.444856e-01,4.833039e-03,-2.465633e-03,4.614785e+01,-1.021089e+00,-1.508890e-02,-1.904307e-03,1.728574e-01,8.337840e-04,-7.484777e-02,2.462775e+01,8.826551e-01,4.627160e+03,-3.877565e+04,-2.251726e+03,-7.388229e+04,-2.287261e-01,3.781405e+01,-2.896991e-02,-4.027918e+01,1.303570e+03,-5.370303e+00
3.950548e-03,3.841129e+04,4.345321e+04,8.367554e-01,1.424392e-02,1.588711e+01,1.023993e-01,9.774128e-07,9.426980e+03,0.000000e+00,0.000000e+00,1.072654e+04,0.000000e+00,0.000000e+00,0.000000e+00,0.000000e+00,0.000000e+00,0.000000e+00,0.000000e+00,0.000000e+00,0.000000e+00,0.000000e+00,0.000000e+00,0.000000e+00,0.000000e+00,0.000000e+00,0.000000e+00,0.000000e+00,0.000000e+00,0.000000e+00,0.000000e+00,0.000000e+00,0.000000e+00,0.000000e+00,0.000000e+00,0.000000e+00,0.000000e+00,0.000000e+00,0.000000e+00,0.000000e+00,0.000000e+00,0.000000e+00,0.000000e+00,0.000000e+00,0.000000e+00,0.000000e+00,0.000000e+00,0.000000e+00,0.000000e+00,3.841129e+04,2.134995e+03,3.996556e-01,7.443845e-03,-3.855488e-01,1.136609e-03,0.000000e+00,0.000000e+00,0.000000e+00,0.000000e+00,0.000000e+00,0.000000e+00,0.000000e+00,0.000000e+00,0.000000e+00,0.000000e+00,0.000000e+00,0.000000e+00,0.000000e+00,0.000000e+00,0.000000e+00,0.000000e+00,0.000000e+00,0.000000e+00,0.000000e+00,0.000000e+00,0.000000e+00,4.982754e+04,2.827284e+03,6.663330e+04,1.292239e+00,-3.122587e-02,-3.767653e+01,-1.665120e+00,1.718382e-02,-5.445994e-01,4.851019e-03,-2.465631e-03,4.615793e+01,-1.019126e+00,-1.495101e-02,-1.907889e-03,1.730961e-01,8.422871e-04,-2.962560e-02,2.424896e+01,8.592913e-01,4.626438e+03,-3.839519e+04,-2.852547e+03,-7.381360e+04,-2.291059e-01,3.782676e+01,-2.908045e-02,-3.664989e+01,1.295735e+03,-1.198477e+01
3.960322e-03,3.843834e+04,4.341699e+04,8.348097e-01,1.410658e-02,1.589721e+01,1.023993e-01,9.774259e-07,9.433272e+03,0.000000e+00,0.000000e+00,1.072940e+04,0.000000e+00,0.000000e+00,0.000000e+00,0.000000e+00,0.000000e+00,0.000000e+00,0.000000e+00,0.000000e+00,0.000000e+00,0.000000e+00,0.000000e+00,0.000000e+00,0.000000e+00,0.000000e+00,0.000000e+00,0.000000e+00,0.000000e+00,0.000000e+00,0.000000e+00,0.000000e+00,0.000000e+00,0.000000e+00,0.000000e+00,0.000000e+00,0.000000e+00,0.000000e+00,0.000000e+00,0.000000e+00,0.000000e+00,0.000000e+00,0.000000e+00,0.000000e+00,0.000000e+00,0.000000e+00,0.000000e+00,0.000000e+00,0.000000e+00,3.843834e+04,2.111639e+03,3.985240e-01,7.383167e-03,-3.747036e-01,1.136609e-03,0.000000e+00,0.000000e+00,0.000000e+00,0.000000e+00,0.000000e+00,0.000000e+00,0.000000e+00,0.000000e+00,0.000000e+00,0.000000e+00,0.000000e+00,0.000000e+00,0.000000e+00,0.000000e+00,0.000000e+00,0.000000e+00,0.000000e+00,0.000000e+00,0.000000e+00,0.000000e+00,0.000000e+00,4.937619e+04,3.140419e+03,6.600706e+04,1.292930e+00,-3.111322e-02,-3.767439e+01,-1.665179e+00,1.713967e-02,-5.447090e-01,4.871184e-03,-2.465631e-03,4.616802e+01,-1.017160e+00,-1.481364e-02,-1.911905e-03,1.733311e-01,8.505561e-04,1.558964e-02,2.387425e+01,8.353108e-01,4.625720e+03,-3.805403e+04,-3.165605e+03,-7.312094e+04,-2.294809e-01,3.783939e+01,-2.920519e-02,-3.474374e+01,1.287912e+03,-1.918032e+01
3.970136e-03,3.846519e+04,4.338100e+04,8.328594e-01,1.396782e-02,1.590734e+01,1.023993e-01,9.799769e-07,9.439560e+03,0.000000e+00,0.000000e+00,1.073227e+04,0.000000e+00,0.000000e+00,0.000000e+00,0.000000e+00,0.000000e+00,0.000000e+00,0.000000e+00,0.000000e+00,0.000000e+00,0.000000e+00,0.000000e+00,0.000000e+00,0.000000e+00,0.000000e+00,0.000000e+00,0.000000e+00,0.000000e+00,0.000000e+00,0.000000e+00,0.000000e+00,0.000000e+00,0.000000e+00,0.000000e+00,0.000000e+00,0.000000e+00,0.000000e+00,0.000000e+00,0.000000e+00,0.000000e+00,0.000000e+00,0.000000e+00,0.000000e+00,0.000000e+00,0.000000e+00,0.000000e+00,0.000000e+00,0.000000e+00,3.846519e+04,2.088494e+03,3.973879e-01,7.334724e-03,-3.638345e-01,1.136609e-03,0.000000e+00,0.000000e+00,0.000000e+00,0.000000e+00,0.000000e+00,0.000000e+00,0.000000e+00,0.000000e+00,0.000000e+00,0.000000e+00,0.000000e+00,0.000000e+00,0.000000e+00,0.000000e+00,0.000000e+00,0.000000e+00,0.000000e+00,0.000000e+00,0.000000e+00,0.000000e+00,0.000000e+00,4.929917e+04,3.082571e+03,6.563577e+04,1.293603e+00,-3.100177e-02,-3.767227e+01,-1.665231e+00,1.709684e-02,-5.448147e-01,4.893702e-03,-2.465632e-03,4.617814e+01,-1.015187e+00,-1.467488e-02,-1.916391e-03,1.735634e-01,8.586160e-04,6.098269e-02,2.350155e+01,8.109751e-01,4.625002e+03,-3.777998e+04,-3.107834e+03,-7.287647e+04,-2.298524e-01,3.785200e+01,-2.933380e-02,-3.362205e+01,1.280192e+03,-1.827211e+01
3.980893e-03,3.849424e+04,4.334197e+04,8.307267e-01,1.381785e-02,1.591842e+01,1.023993e-01,9.774000e-07,9.446408e+03,0.000000e+00,0.000000e+00,1.073538e+04,0.000000e+00,0.000000e+00,0.000000e+00,0.000000e+00,0.000000e+00,0.000000e+00,0.000000e+00,0.000000e+00,0.000000e+00,0.000000e+00,0.000000e+00,0.000000e+00,0.000000e+00,0.000000e+00,0.000000e+00,0.000000e+00,0.000000e+00,0.000000e+00,0.000000e+00,0.000000e+00,0.000000e+00,0.000000e+00,0.000000e+00,0.000000e+00,0.000000e+00,0.000000e+00,0.000000e+00,0.000000e+00,0.000000e+00,0.000000e+00,0.000000e+00,0.000000e+00,0.000000e+00,0.000000e+00,0.000000e+00,0.000000e+00,0.000000e+00,3.849424e+04,2.063417e+03,3.961287e-01,7.286354e-03,-3.519379e-01,1.136610e-03,0.000000e+00,0.000000e+00,0.000000e+00,0.000000e+00,0.000000e+00,0.000000e+00,0.000000e+00,0.000000e+00,0.000000e+00,0.000000e+00,0.000000e+00,0.000000e+00,0.000000e+00,0.000000e+00,0.000000e+00,0.000000e+00,0.000000e+00,0.000000e+00,0.000000e+00,0.000000e+00,0.000000e+00,4.934773e+04,2.469773e+03,6.526579e+04,1.294323e+00,-3.088368e-02,-3.766996e+01,-1.665276e+00,1.705165e-02,-5.449246e-01,4.920687e-03,-2.465631e-03,4.618924e+01,-1.013027e+00,-1.452283e-02,-1.921769e-03,1.738138e-01,8.671720e-04,1.107285e-01,2.309577e+01,7.845874e-01,4.624219e+03,-3.745512e+04,-2.495170e+03,-7.274483e+04,-2.302618e-01,3.786573e+01,-2.946766e-02,-3.613234e+01,1.272346e+03,-1.205555e+01
3.990667e-03,3.852031e+04,4.330686e+04,8.287919e-01,1.368260e-02,1.592847e+01,1.023993e-01,9.774000e-07,9.452604e+03,0.000000e+00,0.000000e+00,1.073820e+04,0.000000e+00,0.000000e+00,0.000000e+00,0.000000e+00,0.000000e+00,0.000000e+00,0.000000e+00,0.000000e+00,0.000000e+00,0.000000e+00,0.000000e+00,0.000000e+00,0.000000e+00,0.000000e+00,0.000000e+00,0.000000e+00,0.000000e+00,0.000000e+00,0.000000e+00,0.000000e+00,0.000000e+00,0.000000e+00,0.000000e+00,0.000000e+00,0.000000e+00,0.000000e+00,0.000000e+00,0.000000e+00,0.000000e+00,0.000000e+00,0.000000e+00,0.000000e+00,0.000000e+00,0.000000e+00,0.000000e+00,0.000000e+00,0.000000e+00,3.852031e+04,2.040955e+03,3.949866e-01,7.231205e-03,-3.411469e-01,1.136610e-03,0.000000e+00,0.000000e+00,0.000000e+00,0.000000e+00,0.000000e+00,0.000000e+00,0.000000e+00,0.000000e+00,0.000000e+00,0.000000e+00,0.000000e+00,0.000000e+00,0.000000e+00,0.000000e+00,0.000000e+00,0.000000e+00,0.000000e+00,0.000000e+00,0.000000e+00,0.000000e+00,0.000000e+00,4.926500e+04,1.863987e+03,6.485969e+04,1.294959e+00,-3.078006e-02,-3.766787e+01,-1.665307e+00,1.701259e-02,-5.450197e-01,4.947046e-03,-2.465632e-03,4.619931e+01,-1.011065e+00,-1.438506e-02,-1.927022e-03,1.740376e-01,8.747093e-04,1.559218e-01,2.272933e+01,7.610775e-01,4.623507e+03,-3.715173e+04,-1.889454e+03,-7.248084e+04,-2.306238e-01,3.787815e+01,-2.959128e-02,-3.994378e+01,1.268443e+03,-5.753352e+00
4.000445e-03,3.854610e+04,4.327220e+04,8.268608e-01,1.354493e-02,1.593850e+01,1.023993e-01,9.775308e-07,9.458827e+03,0.000000e+00,0.000000e+00,1.074101e+04,0.000000e+00,0.000000e+00,0.000000e+00,0.000000e+00,0.000000e+00,0.000000e+00,0.000000e+00,0.000000e+00,0.000000e+00,0.000000e+00,0.000000e+00,0.000000e+00,0.000000e+00,0.000000e+00,0.000000e+00,0.000000e+00,0.000000e+00,0.000000e+00,0.000000e+00,0.000000e+00,0.000000e+00,0.000000e+00,0.000000e+00,0.000000e+00,0.000000e+00,0.000000e+00,0.000000e+00,0.000000e+00,0.000000e+00,0.000000e+00,0.000000e+00,0.000000e+00,0.000000e+00,0.000000e+00,0.000000e+00,0.000000e+00,0.000000e+00,3.854610e+04,2.018787e+03,3.938375e-01,7.177386e-03,-3.303788e-01,1.136610e-03,0.000000e+00,0.000000e+00,0.000000e+00,0.000000e+00,0.000000e+00,0.000000e+00,0.000000e+00,0.000000e+00,0.000000e+00,0.000000e+00,0.000000e+00,0.000000e+00,0.000000e+00,0.000000e+00,0.000000e+00,0.000000e+00,0.000000e+00,0.000000e+00,0.000000e+00,0.000000e+00,0.000000e+00,4.912362e+04,2.035432e+03,6.283688e+04,1.295544e+00,-3.068322e-02,-3.766579e+01,-1.665330e+00,1.697640e-02,-5.451165e-01,4.975285e-03,-2.465631e-03,4.620935e+01,-1.009106e+00,-1.424720e-02,-1.932648e-03,1.742579e-01,8.820409e-04,2.011277e-01,2.237459e+01,7.394912e-01,4.622804e+03,-3.541582e+04,-2.060728e+03,-7.146482e+04,-2.309691e-01,3.789061e+01,-2.971540e-02,-3.732573e+01,1.279774e+03,-7.994015e+00
4.010219e-03,3.857149e+04,4.323800e+04,8.249332e-01,1.340893e-02,1.594852e+01,1.023993e-01,9.774000e-07,9.465101e+03,0.000000e+00,0.000000e+00,1.074390e+04,0.000000e+00,0.000000e+00,0.000000e+00,0.000000e+00,0.000000e+00,0.000000e+00,0.000000e+00,0.000000e+00,0.000000e+00,0.000000e+00,0.000000e+00,0.000000e+00,0.000000e+00,0.000000e+00,0.000000e+00,0.000000e+00,0.000000e+00,0.000000e+00,0.000000e+00,0.000000e+00,0.000000e+00,0.000000e+00,0.000000e+00,0.000000e+00,0.000000e+00,0.000000e+00,0.000000e+00,0.000000e+00,0.000000e+00,0.000000e+00,0.000000e+00,0.000000e+00,0.000000e+00,0.000000e+00,0.000000e+00,0.000000e+00,0.000000e+00,3.857149e+04,1.996886e+03,3.926680e-01,7.117088e-03,-3.196355e-01,1.136610e-03,0.000000e+00,0.000000e+00,0.000000e+00,0.000000e+00,0.000000e+00,0.000000e+00,0.000000e+00,0.000000e+00,0.000000e+00,0.000000e+00,0.000000e+00,0.000000e+00,0.000000e+00,0.000000e+00,0.000000e+00,0.000000e+00,0.000000e+00,0.000000e+00,0.000000e+00,0.000000e+00,0.000000e+00,4.940097e+04,2.424678e+03,6.196462e+04,1.296076e+00,-3.058543e-02,-3.766377e+01,-1.665345e+00,1.694096e-02,-5.452091e-01,5.005531e-03,-2.465632e-03,4.621938e+01,-1.007148e+00,-1.410972e-02,-1.938676e-03,1.744748e-01,8.891578e-04,2.463078e-01,2.203398e+01,7.179291e-01,4.622106e+03,-3.453583e+04,-2.450102e+03,-7.132477e+04,-2.313242e-01,3.790317e+01,-2.980593e-02,-3.690988e+01,1.287958e+03,-9.762975e+00
4.020291e-03,3.859732e+04,4.320311e+04,8.229571e-01,1.326865e-02,1.595880e+01,1.023993e-01,1.036988e-06,9.471520e+03,0.000000e+00,0.000000e+00,1.074663e+04,0.000000e+00,0.000000e+00,0.000000e+00,0.000000e+00,0.000000e+00,0.000000e+00,0.000000e+00,0.000000e+00,0.000000e+00,0.000000e+00,0.000000e+00,0.000000e+00,0.000000e+00,0.000000e+00,0.000000e+00,0.000000e+00,0.000000e+00,0.000000e+00,0.000000e+00,0.000000e+00,0.000000e+00,0.000000e+00,0.000000e+00,0.000000e+00,0.000000e+00,0.000000e+00,0.000000e+00,0.000000e+00,0.000000e+00,0.000000e+00,0.000000e+00,0.000000e+00,0.000000e+00,0.000000e+00,0.000000e+00,0.000000e+00,0.000000e+00,3.859732e+04,1.974693e+03,3.914627e-01,7.054809e-03,-3.086371e-01,1.136610e-03,0.000000e+00,0.000000e+00,0.000000e+00,0.000000e+00,0.000000e+00,0.000000e+00,0.000000e+00,0.000000e+00,0.000000e+00,0.000000e+00,0.000000e+00,0.000000e+00,0.000000e+00,0.000000e+00,0.000000e+00,0.000000e+00,0.000000e+00,0.000000e+00,0.000000e+00,0.000000e+00,0.000000e+00,4.807084e+04,1.884445e+03,6.264514e+04,1.296634e+00,-3.048128e-02,-3.766167e+01,-1.665352e+00,1.690572e-02,-5.453157e-01,5.041330e-03,-2.465635e-03,4.622963e+01,-1.005143e+00,-1.396916e-02,-1.945813e-03,1.746948e-01,8.962442e-04,2.928576e-01,2.168042e+01,6.934361e-01,4.621395e+03,-3.575115e+04,-1.909658e+03,-7.040581e+04,-2.316842e-01,3.791599e+01,-2.990022e-02,-4.096736e+01,1.269112e+03,-3.204392e+00
4.030660e-03,3.862351e+04,4.316757e+04,8.209335e-01,1.312333e-02,1.596935e+01,1.023993e-01,1.036720e-06,9.478085e+03,0.000000e+00,0.000000e+00,1.074938e+04,0.000000e+00,0.000000e+00,0.000000e+00,0.000000e+00,0.000000e+00,0.000000e+00,0.000000e+00,0.000000e+00,0.000000e+00,0.000000e+00,0.000000e+00,0.000000e+00,0.000000e+00,0.000000e+00,0.000000e+00,0.000000e+00,0.000000e+00,0.000000e+00,0.000000e+00,0.000000e+00,0.000000e+00,0.000000e+00,0.000000e+00,0.000000e+00,0.000000e+00,0.000000e+00,0.000000e+00,0.000000e+00,0.000000e+00,0.000000e+00,0.000000e+00,0.000000e+00,0.000000e+00,0.000000e+00,0.000000e+00,0.000000e+00,0.000000e+00,3.862351e+04,1.952050e+03,3.902319e-01,6.989231e-03,-2.973318e-01,1.136609e-03,0.000000e+00,0.000000e+00,0.000000e+00,0.000000e+00,0.000000e+00,0.000000e+00,0.000000e+00,0.000000e+00,0.000000e+00,0.000000e+00,0.000000e+00,0.000000e+00,0.000000e+00,0.000000e+00,0.000000e+00,0.000000e+00,0.000000e+00,0.000000e+00,0.000000e+00,0.000000e+00,0.000000e+00,4.822179e+04,1.940470e+03,6.274421e+04,1.297215e+00,-3.038994e-02,-3.765950e+01,-1.665350e+00,1.687089e-02,-5.454302e-01,5.083514e-03,-2.465635e-03,4.624017e+01,-1.003078e+00,-1.382384e-02,-1.954226e-03,1.749174e-01,9.033210e-04,3.407712e-01,2.130949e+01,6.737507e-01,4.620665e+03,-3.580310e+04,-1.965908e+03,-7.057064e+04,-2.321272e-01,3.792913e+01,-2.992708e-02,-4.255899e+01,1.265760e+03,-3.499870e+00
4.041036e-03,3.864940e+04,4.313229e+04,8.189101e-01,1.297707e-02,1.597991e+01,1.023993e-01,1.046073e-06,9.484704e+03,0.000000e+00,0.000000e+00,1.075216e+04,0.000000e+00,0.000000e+00,0.000000e+00,0.000000e+00,0.000000e+00,0.000000e+00,0.000000e+00,0.000000e+00,0.000000e+00,0.000000e+00,0.000000e+00,0.000000e+00,0.000000e+00,0.000000e+00,0.000000e+00,0.000000e+00,0.000000e+00,0.000000e+00,0.000000e+00,0.000000e+00,0.000000e+00,0.000000e+00,0.000000e+00,0.000000e+00,0.000000e+00,0.000000e+00,0.000000e+00,0.000000e+00,0.000000e+00,0.000000e+00,0.000000e+00,0.000000e+00,0.000000e+00,0.000000e+00,0.000000e+00,0.000000e+00,0.000000e+00,3.864940e+04,1.929684e+03,3.890097e-01,6.916039e-03,-2.860218e-01,1.136610e-03,0.000000e+00,0.000000e+00,0.000000e+00,0.000000e+00,0.000000e+00,0.000000e+00,0.000000e+00,0.000000e+00,0.000000e+00,0.000000e+00,0.000000e+00,0.000000e+00,0.000000e+00,0.000000e+00,0.000000e+00,0.000000e+00,0.000000e+00,0.000000e+00,0.000000e+00,0.000000e+00,0.000000e+00,4.900571e+04,1.473334e+03,6.487777e+04,1.297809e+00,-3.031358e-02,-3.765731e+01,-1.665335e+00,1.684223e-02,-5.455392e-01,5.129975e-03,-2.465634e-03,4.625073e+01,-1.001008e+00,-1.367746e-02,-1.963492e-03,1.751364e-01,9.102040e-04,3.887093e-01,2.093201e+01,6.562756e-01,4.619928e+03,-3.741813e+04,-1.499504e+03,-7.218371e+04,-2.325211e-01,3.794235e+01,-2.995943e-02,-2.547042e+01,1.290957e+03,-1.031353e+01
4.050450e-03,3.867257e+04,4.310055e+04,8.170798e-01,1.284489e-02,1.598948e+01,1.023993e-01,1.046048e-06,9.490737e+03,0.000000e+00,0.000000e+00,1.075468e+04,0.000000e+00,0.000000e+00,0.000000e+00,0.000000e+00,0.000000e+00,0.000000e+00,0.000000e+00,0.000000e+00,0.000000e+00,0.000000e+00,0.000000e+00,0.000000e+00,0.000000e+00,0.000000e+00,0.000000e+00,0.000000e+00,0.000000e+00,0.000000e+00,0.000000e+00,0.000000e+00,0.000000e+00,0.000000e+00,0.000000e+00,0.000000e+00,0.000000e+00,0.000000e+00,0.000000e+00,0.000000e+00,0.000000e+00,0.000000e+00,0.000000e+00,0.000000e+00,0.000000e+00,0.000000e+00,0.000000e+00,0.000000e+00,0.000000e+00,3.867257e+04,1.909730e+03,3.879072e-01,6.842436e-03,-2.757563e-01,1.136610e-03,0.000000e+00,0.000000e+00,0.000000e+00,0.000000e+00,0.000000e+00,0.000000e+00,0.000000e+00,0.000000e+00,0.000000e+00,0.000000e+00,0.000000e+00,0.000000e+00,0.000000e+00,0.000000e+00,0.000000e+00,0.000000e+00,0.000000e+00,0.000000e+00,0.000000e+00,0.000000e+00,0.000000e+00,4.937533e+04,1.083813e+03,6.613856e+04,1.298352e+00,-3.025153e-02,-3.765534e+01,-1.665311e+00,1.681975e-02,-5.456355e-01,5.175367e-03,-2.465637e-03,4.626027e+01,-9.991337e-01,-1.354561e-02,-1.972545e-03,1.753317e-01,9.163005e-04,4.322004e-01,2.058409e+01,6.415325e-01,4.619255e+03,-3.842257e+04,-1.110437e+03,-7.304712e+04,-2.328416e-01,3.795441e+01,-3.000657e-02,-1.652439e+01,1.305541e+03,-1.155461e+01
4.060801e-03,3.869777e+04,4.306573e+04,8.150696e-01,1.270120e-02,1.600000e+01,1.023993e-01,9.908885e-07,9.497366e+03,0.000000e+00,0.000000e+00,1.075772e+04,0.000000e+00,0.000000e+00,0.000000e+00,0.000000e+00,0.000000e+00,0.000000e+00,0.000000e+00,0.000000e+00,0.000000e+00,0.000000e+00,0.000000e+00,0.000000e+00,0.000000e+00,0.000000e+00,0.000000e+00,0.000000e+00,0.000000e+00,0.000000e+00,0.000000e+00,0.000000e+00,0.000000e+00,0.000000e+00,0.000000e+00,0.000000e+00,0.000000e+00,0.000000e+00,0.000000e+00,0.000000e+00,0.000000e+00,0.000000e+00,0.000000e+00,0.000000e+00,0.000000e+00,0.000000e+00,0.000000e+00,0.000000e+00,0.000000e+00,3.869777e+04,1.888120e+03,3.867404e-01,6.797893e-03,-2.644376e-01,1.136610e-03,0.000000e+00,0.000000e+00,0.000000e+00,0.000000e+00,0.000000e+00,0.000000e+00,0.000000e+00,0.000000e+00,0.000000e+00,0.000000e+00,0.000000e+00,0.000000e+00,0.000000e+00,0.000000e+00,0.000000e+00,0.000000e+00,0.000000e+00,0.000000e+00,0.000000e+00,0.000000e+00,0.000000e+00,5.147697e+04,6.818989e+03,6.987592e+04,1.299005e+00,-3.000841e-02,-3.765310e+01,-1.665285e+00,1.681444e-02,-5.457731e-01,5.228442e-03,-2.465638e-03,4.627080e+01,-9.970647e-01,-1.340148e-02,-1.983132e-03,1.755425e-01,9.227877e-04,4.800095e-01,2.017809e+01,5.827157e-01,4.618481e+03,-4.092050e+04,-6.847045e+03,-7.653530e+04,-2.328869e-01,3.796770e+01,-3.011403e-02,1.631627e+01,1.301211e+03,-1.404176e+01
4.070159e-03,3.872034e+04,4.303438e+04,8.132674e-01,1.257521e-02,1.600942e+01,1.023993e-01,1.045898e-06,9.503342e+03,0.000000e+00,0.000000e+00,1.076052e+04,0.000000e+00,0.000000e+00,0.000000e+00,0.000000e+00,0.000000e+00,0.000000e+00,0.000000e+00,0.000000e+00,0.000000e+00,0.000000e+00,0.000000e+00,0.000000e+00,0.000000e+00,0.000000e+00,0.000000e+00,0.000000e+00,0.000000e+00,0.000000e+00,0.000000e+00,0.000000e+00,0.000000e+00,0.000000e+00,0.000000e+00,0.000000e+00,0.000000e+00,0.000000e+00,0.000000e+00,0.000000e+00,0.000000e+00,0.000000e+00,0.000000e+00,0.000000e+00,0.000000e+00,0.000000e+00,0.000000e+00,0.000000e+00,0.000000e+00,3.872034e+04,1.869071e+03,3.857274e-01,6.733232e-03,-2.542796e-01,1.136609e-03,0.000000e+00,0.000000e+00,0.000000e+00,0.000000e+00,0.000000e+00,0.000000e+00,0.000000e+00,0.000000e+00,0.000000e+00,0.000000e+00,0.000000e+00,0.000000e+00,0.000000e+00,0.000000e+00,0.000000e+00,0.000000e+00,0.000000e+00,0.000000e+00,0.000000e+00,0.000000e+00,0.000000e+00,4.959111e+04,1.460862e+03,6.724616e+04,1.299603e+00,-3.017325e-02,-3.765103e+01,-1.665258e+00,1.677612e-02,-5.459082e-01,5.277540e-03,-2.465638e-03,4.628021e+01,-9.952199e-01,-1.327616e-02,-1.992926e-03,1.757294e-01,9.283791e-04,5.232256e-01,1.980148e+01,6.242071e-01,4.617767e+03,-3.938438e+04,-1.488032e+03,-7.368931e+04,-2.334758e-01,3.797960e+01,-3.021561e-02,-1.471735e+01,1.313021e+03,-2.000662e+01
4.080618e-03,3.874529e+04,4.299991e+04,8.112502e-01,1.243406e-02,1.601998e+01,1.023993e-01,1.045816e-06,9.510091e+03,0.000000e+00,0.000000e+00,1.076332e+04,0.000000e+00,0.000000e+00,0.000000e+00,0.000000e+00,0.000000e+00,0.000000e+00,0.000000e+00,0.000000e+00,0.000000e+00,0.000000e+00,0.000000e+00,0.000000e+00,0.000000e+00,0.000000e+00,0.000000e+00,0.000000e+00,0.000000e+00,0.000000e+00,0.000000e+00,0.000000e+00,0.000000e+00,0.000000e+00,0.000000e+00,0.000000e+00,0.000000e+00,0.000000e+00,0.000000e+00,0.000000e+00,0.000000e+00,0.000000e+00,0.000000e+00,0.000000e+00,0.000000e+00,0.000000e+00,0.000000e+00,0.000000e+00,0.000000e+00,3.874529e+04,1.847949e+03,3.845772e-01,6.637247e-03,-2.429295e-01,1.136610e-03,0.000000e+00,0.000000e+00,0.000000e+00,0.000000e+00,0.000000e+00,0.000000e+00,0.000000e+00,0.000000e+00,0.000000e+00,0.000000e+00,0.000000e+00,0.000000e+00,0.000000e+00,0.000000e+00,0.000000e+00,0.000000e+00,0.000000e+00,0.000000e+00,0.000000e+00,0.000000e+00,0.000000e+00,5.043433e+04,1.131293e+03,6.751368e+04,1.300210e+00,-3.010487e-02,-3.764880e+01,-1.665199e+00,1.675692e-02,-5.460086e-01,5.333813e-03,-2.465639e-03,4.629073e+01,-9.931459e-01,-1.313491e-02,-2.004154e-03,1.759342e-01,9.348054e-04,5.715169e-01,1.940215e+01,6.054536e-01,4.617009e+03,-3.929290e+04,-1.158971e+03,-7.455014e+04,-2.337642e-01,3.799308e+01,-3.037348e-02,-3.918295e+00,1.324070e+03,-1.463305e+01
4.090030e-03,3.876742e+04,4.296891e+04,8.094477e-01,1.230961e-02,1.602940e+01,1.023993e-01,1.045748e-06,9.516447e+03,0.000000e+00,0.000000e+00,1.076583e+04,0.000000e+00,0.000000e+00,0.000000e+00,0.000000e+00,0.000000e+00,0.000000e+00,0.000000e+00,0.000000e+00,0.000000e+00,0.000000e+00,0.000000e+00,0.000000e+00,0.000000e+00,0.000000e+00,0.000000e+00,0.000000e+00,0.000000e+00,0.000000e+00,0.000000e+00,0.000000e+00,0.000000e+00,0.000000e+00,0.000000e+00,0.000000e+00,0.000000e+00,0.000000e+00,0.000000e+00,0.000000e+00,0.000000e+00,0.000000e+00,0.000000e+00,0.000000e+00,0.000000e+00,0.000000e+00,0.000000e+00,0.000000e+00,0.000000e+00,3.876742e+04,1.829163e+03,3.835634e-01,6.547083e-03,-2.326564e-01,1.136610e-03,0.000000e+00,0.000000e+00,0.000000e+00,0.000000e+00,0.000000e+00,0.000000e+00,0.000000e+00,0.000000e+00,0.000000e+00,0.000000e+00,0.000000e+00,0.000000e+00,0.000000e+00,0.000000e+00,0.000000e+00,0.000000e+00,0.000000e+00,0.000000e+00,0.000000e+00,0.000000e+00,0.000000e+00,4.898086e+04,2.413355e+03,6.648573e+04,1.300757e+00,-3.008758e-02,-3.764671e+01,-1.665135e+00,1.675505e-02,-5.460893e-01,5.384976e-03,-2.465642e-03,4.630012e+01,-9.912933e-01,-1.301062e-02,-2.014363e-03,1.761149e-01,9.404923e-04,6.149691e-01,1.903706e+01,6.013824e-01,4.616290e+03,-3.901527e+04,-2.440514e+03,-7.278155e+04,-2.336338e-01,3.800579e+01,-3.036539e-02,-2.194362e+01,1.294959e+03,-3.066764e+01
4.100487e-03,3.879164e+04,4.293490e+04,8.074458e-01,1.217009e-02,1.603986e+01,1.023993e-01,1.045679e-06,9.523468e+03,0.000000e+00,0.000000e+00,1.076863e+04,0.000000e+00,0.000000e+00,0.000000e+00,0.000000e+00,0.000000e+00,0.000000e+00,0.000000e+00,0.000000e+00,0.000000e+00,0.000000e+00,0.000000e+00,0.000000e+00,0.000000e+00,0.000000e+00,0.000000e+00,0.000000e+00,0.000000e+00,0.000000e+00,0.000000e+00,0.000000e+00,0.000000e+00,0.000000e+00,0.000000e+00,0.000000e+00,0.000000e+00,0.000000e+00,0.000000e+00,0.000000e+00,0.000000e+00,0.000000e+00,0.000000e+00,0.000000e+00,0.000000e+00,0.000000e+00,0.000000e+00,0.000000e+00,0.000000e+00,3.879164e+04,1.808632e+03,3.824365e-01,6.465368e-03,-2.212862e-01,1.136610e-03,0.000000e+00,0.000000e+00,0.000000e+00,0.000000e+00,0.000000e+00,0.000000e+00,0.000000e+00,0.000000e+00,0.000000e+00,0.000000e+00,0.000000e+00,0.000000e+00,0.000000e+00,0.000000e+00,0.000000e+00,0.000000e+00,0.000000e+00,0.000000e+00,0.000000e+00,0.000000e+00,0.000000e+00,5.342984e+04,2.196166e+03,6.880961e+04,1.301365e+00,-3.004369e-02,-3.764439e+01,-1.665052e+00,1.674894e-02,-5.461798e-01,5.441488e-03,-2.465641e-03,4.631055e+01,-9.892345e-01,-1.287102e-02,-2.025639e-03,1.763116e-01,9.466740e-04,6.632379e-01,1.862859e+01,5.871625e-01,4.615500e+03,-3.923477e+04,-2.225439e+03,-7.778184e+04,-2.336159e-01,3.801977e+01,-3.050838e-02,-1.484869e+01,1.364369e+03,-2.698806e+01
4.110780e-03,3.881517e+04,4.290153e+04,8.054622e-01,1.203519e-02,1.605012e+01,1.023993e-01,1.045620e-06,9.530351e+03,0.000000e+00,0.000000e+00,1.077177e+04,0.000000e+00,0.000000e+00,0.000000e+00,0.000000e+00,0.000000e+00,0.000000e+00,0.000000e+00,0.000000e+00,0.000000e+00,0.000000e+00,0.000000e+00,0.000000e+00,0.000000e+00,0.000000e+00,0.000000e+00,0.000000e+00,0.000000e+00,0.000000e+00,0.000000e+00,0.000000e+00,0.000000e+00,0.000000e+00,0.000000e+00,0.000000e+00,0.000000e+00,0.000000e+00,0.000000e+00,0.000000e+00,0.000000e+00,0.000000e+00,0.000000e+00,0.000000e+00,0.000000e+00,0.000000e+00,0.000000e+00,0.000000e+00,0.000000e+00,3.881517e+04,1.788862e+03,3.813218e-01,6.409111e-03,-2.101136e-01,1.136610e-03,0.000000e+00,0.000000e+00,0.000000e+00,0.000000e+00,0.000000e+00,0.000000e+00,0.000000e+00,0.000000e+00,0.000000e+00,0.000000e+00,0.000000e+00,0.000000e+00,0.000000e+00,0.000000e+00,0.000000e+00,0.000000e+00,0.000000e+00,0.000000e+00,0.000000e+00,0.000000e+00,0.000000e+00,5.300384e+04,3.596436e+02,6.943447e+04,1.301996e+00,-2.981900e-02,-3.764206e+01,-1.664972e+00,1.674901e-02,-5.462953e-01,5.478044e-03,-2.465642e-03,4.632079e+01,-9.872124e-01,-1.273628e-02,-2.032934e-03,1.765010e-01,9.523676e-04,7.107399e-01,1.821132e+01,5.216630e-01,4.614690e+03,-4.001230e+04,-3.890251e+02,-7.765016e+04,-2.335733e-01,3.803350e+01,-3.080258e-02,2.406994e+01,1.368096e+03,-2.748662e+00
4.120190e-03,3.883645e+04,4.287114e+04,8.036252e-01,1.191210e-02,1.605952e+01,1.023993e-01,1.045544e-06,9.536649e+03,0.000000e+00,0.000000e+00,1.077460e+04,0.000000e+00,0.000000e+00,0.000000e+00,0.000000e+00,0.000000e+00,0.000000e+00,0.000000e+00,0.000000e+00,0.000000e+00,0.000000e+00,0.000000e+00,0.000000e+00,0.000000e+00,0.000000e+00,0.000000e+00,0.000000e+00,0.000000e+00,0.000000e+00,0.000000e+00,0.000000e+00,0.000000e+00,0.000000e+00,0.000000e+00,0.000000e+00,0.000000e+00,0.000000e+00,0.000000e+00,0.000000e+00,0.000000e+00,0.000000e+00,0.000000e+00,0.000000e+00,0.000000e+00,0.000000e+00,0.000000e+00,0.000000e+00,0.000000e+00,3.883645e+04,1.771050e+03,3.803127e-01,6.362719e-03,-1.998757e-01,1.136610e-03,0.000000e+00,0.000000e+00,0.000000e+00,0.000000e+00,0.000000e+00,0.000000e+00,0.000000e+00,0.000000e+00,0.000000e+00,0.000000e+00,0.000000e+00,0.000000e+00,0.000000e+00,0.000000e+00,0.000000e+00,0.000000e+00,0.000000e+00,0.000000e+00,0.000000e+00,0.000000e+00,0.000000e+00,6.076921e+04,-1.074138e+04,8.088773e+04,1.302599e+00,-2.993296e-02,-3.763986e+01,-1.664896e+00,1.671077e-02,-5.464112e-01,5.497233e-03,-2.465643e-03,4.633019e+01,-9.853565e-01,-1.261316e-02,-2.036763e-03,1.766704e-01,9.572441e-04,7.541615e-01,1.782398e+01,5.406304e-01,4.613944e+03,-4.706320e+04,1.070732e+04,-8.956287e+04,-2.340370e-01,3.804605e+01,-3.103834e-02,-1.240928e+02,1.390090e+03,-1.885728e+01
4.130645e-03,3.885995e+04,4.283784e+04,8.015983e-01,1.177563e-02,1.606989e+01,1.023993e-01,1.045466e-06,9.543739e+03,0.000000e+00,0.000000e+00,1.077733e+04,0.000000e+00,0.000000e+00,0.000000e+00,0.000000e+00,0.000000e+00,0.000000e+00,0.000000e+00,0.000000e+00,0.000000e+00,0.000000e+00,0.000000e+00,0.000000e+00,0.000000e+00,0.000000e+00,0.000000e+00,0.000000e+00,0.000000e+00,0.000000e+00,0.000000e+00,0.000000e+00,0.000000e+00,0.000000e+00,0.000000e+00,0.000000e+00,0.000000e+00,0.000000e+00,0.000000e+00,0.000000e+00,0.000000e+00,0.000000e+00,0.000000e+00,0.000000e+00,0.000000e+00,0.000000e+00,0.000000e+00,0.000000e+00,0.000000e+00,3.885995e+04,1.751600e+03,3.792177e-01,6.288717e-03,-1.885133e-01,1.136609e-03,0.000000e+00,0.000000e+00,0.000000e+00,0.000000e+00,0.000000e+00,0.000000e+00,0.000000e+00,0.000000e+00,0.000000e+00,0.000000e+00,0.000000e+00,0.000000e+00,0.000000e+00,0.000000e+00,0.000000e+00,0.000000e+00,0.000000e+00,0.000000e+00,0.000000e+00,0.000000e+00,0.000000e+00,5.332348e+04,3.987859e+03,7.205101e+04,1.303229e+00,-2.981262e-02,-3.763752e+01,-1.664780e+00,1.668219e-02,-5.464964e-01,5.516286e-03,-2.465643e-03,4.634052e+01,-9.833113e-01,-1.247666e-02,-2.040561e-03,1.768543e-01,9.628800e-04,8.023966e-01,1.739298e+01,5.228130e-01,4.613125e+03,-4.229911e+04,-4.018076e+03,-7.902712e+04,-2.345774e-01,3.806020e+01,-3.129045e-02,-6.577712e+01,1.386522e+03,-2.908660e+01
4.140001e-03,3.888059e+04,4.280824e+04,7.997906e-01,1.165311e-02,1.607912e+01,1.023993e-01,9.908933e-07,9.550082e+03,0.000000e+00,0.000000e+00,1.078004e+04,0.000000e+00,0.000000e+00,0.000000e+00,0.000000e+00,0.000000e+00,0.000000e+00,0.000000e+00,0.000000e+00,0.000000e+00,0.000000e+00,0.000000e+00,0.000000e+00,0.000000e+00,0.000000e+00,0.000000e+00,0.000000e+00,0.000000e+00,0.000000e+00,0.000000e+00,0.000000e+00,0.000000e+00,0.000000e+00,0.000000e+00,0.000000e+00,0.000000e+00,0.000000e+00,0.000000e+00,0.000000e+00,0.000000e+00,0.000000e+00,0.000000e+00,0.000000e+00,0.000000e+00,0.000000e+00,0.000000e+00,0.000000e+00,0.000000e+00,3.888059e+04,1.734359e+03,3.782331e-01,6.223996e-03,-1.783680e-01,1.136609e-03,0.000000e+00,0.000000e+00,0.000000e+00,0.000000e+00,0.000000e+00,0.000000e+00,0.000000e+00,0.000000e+00,0.000000e+00,0.000000e+00,0.000000e+00,0.000000e+00,0.000000e+00,0.000000e+00,0.000000e+00,0.000000e+00,0.000000e+00,0.000000e+00,0.000000e+00,0.000000e+00,0.000000e+00,5.829527e+04,1.990325e+04,8.079071e+04,1.303820e+00,-2.960218e-02,-3.763538e+01,-1.664677e+00,1.666726e-02,-5.465953e-01,5.532600e-03,-2.465645e-03,4.634977e+01,-9.814824e-01,-1.235387e-02,-2.043809e-03,1.770150e-01,9.676209e-04,8.455501e-01,1.700350e+01,4.823537e-01,4.612388e+03,-4.810178e+04,-1.993676e+04,-8.723738e+04,-2.349084e-01,3.807291e+01,-3.145652e-02,1.079260e+01,1.327580e+03,-1.875177e+01
4.150345e-03,3.890311e+04,4.277588e+04,7.977950e-01,1.152007e-02,1.608930e+01,1.023993e-01,1.045312e-06,9.557104e+03,0.000000e+00,0.000000e+00,1.078276e+04,0.000000e+00,0.000000e+00,0.000000e+00,0.000000e+00,0.000000e+00,0.000000e+00,0.000000e+00,0.000000e+00,0.000000e+00,0.000000e+00,0.000000e+00,0.000000e+00,0.000000e+00,0.000000e+00,0.000000e+00,0.000000e+00,0.000000e+00,0.000000e+00,0.000000e+00,0.000000e+00,0.000000e+00,0.000000e+00,0.000000e+00,0.000000e+00,0.000000e+00,0.000000e+00,0.000000e+00,0.000000e+00,0.000000e+00,0.000000e+00,0.000000e+00,0.000000e+00,0.000000e+00,0.000000e+00,0.000000e+00,0.000000e+00,0.000000e+00,3.890311e+04,1.715703e+03,3.771783e-01,6.214786e-03,-1.672396e-01,1.136610e-03,0.000000e+00,0.000000e+00,0.000000e+00,0.000000e+00,0.000000e+00,0.000000e+00,0.000000e+00,0.000000e+00,0.000000e+00,0.000000e+00,0.000000e+00,0.000000e+00,0.000000e+00,0.000000e+00,0.000000e+00,0.000000e+00,0.000000e+00,0.000000e+00,0.000000e+00,0.000000e+00,0.000000e+00,5.280260e+04,3.392929e+03,7.192936e+04,1.304439e+00,-2.947567e-02,-3.763303e+01,-1.664547e+00,1.663972e-02,-5.466826e-01,5.549027e-03,-2.465922e-03,4.635993e+01,-9.794791e-01,-1.222168e-02,-2.047222e-03,1.771884e-01,9.722204e-04,8.932565e-01,1.657185e+01,4.325236e-01,4.611575e+03,-4.247094e+04,-3.423273e+03,-7.847267e+04,-2.352971e-01,3.808685e+01,-3.163541e-02,-7.636509e+01,1.368499e+03,-1.291164e+01
4.160798e-03,3.892558e+04,4.274343e+04,7.957816e-01,1.138638e-02,1.609954e+01,1.023993e-01,1.045299e-06,9.564145e+03,0.000000e+00,0.000000e+00,1.078578e+04,0.000000e+00,0.000000e+00,0.000000e+00,0.000000e+00,0.000000e+00,0.000000e+00,0.000000e+00,0.000000e+00,0.000000e+00,0.000000e+00,0.000000e+00,0.000000e+00,0.000000e+00,0.000000e+00,0.000000e+00,0.000000e+00,0.000000e+00,0.000000e+00,0.000000e+00,0.000000e+00,0.000000e+00,0.000000e+00,0.000000e+00,0.000000e+00,0.000000e+00,0.000000e+00,0.000000e+00,0.000000e+00,0.000000e+00,0.000000e+00,0.000000e+00,0.000000e+00,0.000000e+00,0.000000e+00,0.000000e+00,0.000000e+00,0.000000e+00,3.892558e+04,1.697046e+03,3.760957e-01,6.145790e-03,-1.559991e-01,1.136609e-03,0.000000e+00,0.000000e+00,0.000000e+00,0.000000e+00,0.000000e+00,0.000000e+00,0.000000e+00,0.000000e+00,0.000000e+00,0.000000e+00,0.000000e+00,0.000000e+00,0.000000e+00,0.000000e+00,0.000000e+00,0.000000e+00,0.000000e+00,0.000000e+00,0.000000e+00,0.000000e+00,0.000000e+00,5.744331e+04,-8.521711e+03,7.845492e+04,1.305100e+00,-2.954192e-02,-3.763059e+01,-1.664418e+00,1.659710e-02,-5.467992e-01,5.563324e-03,-2.466548e-03,4.637018e+01,-9.774597e-01,-1.208904e-02,-2.050379e-03,1.773591e-01,9.766219e-04,9.414569e-01,1.612889e+01,4.399358e-01,4.610745e+03,-4.642161e+04,8.488474e+03,-8.544301e+04,-2.359818e-01,3.810088e+01,-3.178911e-02,-1.276569e+02,1.350269e+03,-1.284766e+01
4.170097e-03,3.894534e+04,4.271484e+04,7.939962e-01,1.126822e-02,1.610863e+01,1.023993e-01,9.909031e-07,9.570354e+03,0.000000e+00,0.000000e+00,1.079004e+04,0.000000e+00,0.000000e+00,0.000000e+00,0.000000e+00,0.000000e+00,0.000000e+00,0.000000e+00,0.000000e+00,0.000000e+00,0.000000e+00,0.000000e+00,0.000000e+00,0.000000e+00,0.000000e+00,0.000000e+00,0.000000e+00,0.000000e+00,0.000000e+00,0.000000e+00,0.000000e+00,0.000000e+00,0.000000e+00,0.000000e+00,0.000000e+00,0.000000e+00,0.000000e+00,0.000000e+00,0.000000e+00,0.000000e+00,0.000000e+00,0.000000e+00,0.000000e+00,0.000000e+00,0.000000e+00,0.000000e+00,0.000000e+00,0.000000e+00,3.894534e+04,1.680688e+03,3.751278e-01,6.100882e-03,-1.460295e-01,1.136610e-03,0.000000e+00,0.000000e+00,0.000000e+00,0.000000e+00,0.000000e+00,0.000000e+00,0.000000e+00,0.000000e+00,0.000000e+00,0.000000e+00,0.000000e+00,0.000000e+00,0.000000e+00,0.000000e+00,0.000000e+00,0.000000e+00,0.000000e+00,0.000000e+00,0.000000e+00,0.000000e+00,0.000000e+00,5.490687e+04,7.298120e+03,7.443099e+04,1.305670e+00,-2.932970e-02,-3.762844e+01,-1.664297e+00,1.658384e-02,-5.468982e-01,5.577204e-03,-2.467877e-03,4.637930e+01,-9.756694e-01,-1.197219e-02,-2.053782e-03,1.775070e-01,9.806467e-04,9.843318e-01,1.573201e+01,3.991618e-01,4.610003e+03,-4.389497e+04,-7.329973e+03,-8.140948e+04,-2.363360e-01,3.811327e+01,-3.194727e-02,-1.923338e+01,1.358938e+03,-7.710645e+00
4.180496e-03,3.896717e+04,4.268314e+04,7.919335e-01,1.112790e-02,1.611913e+01,1.023993e-01,1.045271e-06,9.577345e+03,0.000000e+00,0.000000e+00,1.079558e+04,0.000000e+00,0.000000e+00,0.000000e+00,0.000000e+00,0.000000e+00,0.000000e+00,0.000000e+00,0.000000e+00,0.000000e+00,0.000000e+00,0.000000e+00,0.000000e+00,0.000000e+00,0.000000e+00,0.000000e+00,0.000000e+00,0.000000e+00,0.000000e+00,0.000000e+00,0.000000e+00,0.000000e+00,0.000000e+00,0.000000e+00,0.000000e+00,0.000000e+00,0.000000e+00,0.000000e+00,0.000000e+00,0.000000e+00,0.000000e+00,0.000000e+00,0.000000e+00,0.000000e+00,0.000000e+00,0.000000e+00,0.000000e+00,0.000000e+00,3.896717e+04,1.662695e+03,3.740300e-01,6.068614e-03,-1.347556e-01,1.136610e-03,0.000000e+00,0.000000e+00,0.000000e+00,0.000000e+00,0.000000e+00,0.000000e+00,0.000000e+00,0.000000e+00,0.000000e+00,0.000000e+00,0.000000e+00,0.000000e+00,0.000000e+00,0.000000e+00,0.000000e+00,0.000000e+00,0.000000e+00,0.000000e+00,0.000000e+00,0.000000e+00,0.000000e+00,5.293519e+04,2.420865e+03,7.140055e+04,1.306277e+00,-2.922640e-02,-3.762611e+01,-1.664142e+00,1.655730e-02,-5.469846e-01,5.594335e-03,-2.470225e-03,4.638978e+01,-9.736158e-01,-1.183487e-02,-2.058253e-03,1.776681e-01,9.845877e-04,1.032262e+00,1.530032e+01,3.666406e-01,4.609200e+03,-4.202616e+04,-2.451699e+03,-7.831873e+04,-2.367832e-01,3.812716e+01,-3.212224e-02,-4.779933e+01,1.353948e+03,-8.617564e+00
4.190948e-03,3.898912e+04,4.265214e+04,7.898515e-01,1.099086e-02,1.612973e+01,1.023993e-01,1.045234e-06,9.584389e+03,0.000000e+00,0.000000e+00,1.079761e+04,0.000000e+00,0.000000e+00,0.000000e+00,0.000000e+00,0.000000e+00,0.000000e+00,0.000000e+00,0.000000e+00,0.000000e+00,0.000000e+00,0.000000e+00,0.000000e+00,0.000000e+00,0.000000e+00,0.000000e+00,0.000000e+00,0.000000e+00,0.000000e+00,0.000000e+00,0.000000e+00,0.000000e+00,0.000000e+00,0.000000e+00,0.000000e+00,0.000000e+00,0.000000e+00,0.000000e+00,0.000000e+00,0.000000e+00,0.000000e+00,0.000000e+00,0.000000e+00,0.000000e+00,0.000000e+00,0.000000e+00,0.000000e+00,0.000000e+00,3.898912e+04,1.645029e+03,3.729009e-01,6.003974e-03,-1.232401e-01,1.136610e-03,0.000000e+00,0.000000e+00,0.000000e+00,0.000000e+00,0.000000e+00,0.000000e+00,0.000000e+00,0.000000e+00,0.000000e+00,0.000000e+00,0.000000e+00,0.000000e+00,0.000000e+00,0.000000e+00,0.000000e+00,0.000000e+00,0.000000e+00,0.000000e+00,0.000000e+00,0.000000e+00,0.000000e+00,5.270392e+04,2.275567e+03,7.157817e+04,1.306891e+00,-2.912375e-02,-3.762376e+01,-1.663977e+00,1.653175e-02,-5.470728e-01,5.613606e-03,-2.473641e-03,4.640038e+01,-9.715503e-01,-1.169848e-02,-2.063551e-03,1.778255e-01,9.882641e-04,1.080435e+00,1.486356e+01,3.387363e-01,4.608390e+03,-4.231658e+04,-2.306518e+03,-7.816844e+04,-2.372429e-01,3.814117e+01,-3.230042e-02,-4.440829e+01,1.354004e+03,-6.939240e+00
4.200193e-03,3.900865e+04,4.262443e+04,7.880301e-01,1.087178e-02,1.613904e+01,1.023993e-01,1.045378e-06,9.590647e+03,0.000000e+00,0.000000e+00,1.079957e+04,0.000000e+00,0.000000e+00,0.000000e+00,0.000000e+00,0.000000e+00,0.000000e+00,0.000000e+00,0.000000e+00,0.000000e+00,0.000000e+00,0.000000e+00,0.000000e+00,0.000000e+00,0.000000e+00,0.000000e+00,0.000000e+00,0.000000e+00,0.000000e+00,0.000000e+00,0.000000e+00,0.000000e+00,0.000000e+00,0.000000e+00,0.000000e+00,0.000000e+00,0.000000e+00,0.000000e+00,0.000000e+00,0.000000e+00,0.000000e+00,0.000000e+00,0.000000e+00,0.000000e+00,0.000000e+00,0.000000e+00,0.000000e+00,0.000000e+00,3.900865e+04,1.629691e+03,3.719213e-01,5.930601e-03,-1.130105e-01,1.136610e-03,0.000000e+00,0.000000e+00,0.000000e+00,0.000000e+00,0.000000e+00,0.000000e+00,0.000000e+00,0.000000e+00,0.000000e+00,0.000000e+00,0.000000e+00,0.000000e+00,0.000000e+00,0.000000e+00,0.000000e+00,0.000000e+00,0.000000e+00,0.000000e+00,0.000000e+00,0.000000e+00,0.000000e+00,5.191819e+04,2.993402e+03,7.106098e+04,1.307499e+00,-2.908617e-02,-3.762155e+01,-1.663846e+00,1.651208e-02,-5.471945e-01,5.635740e-03,-2.476649e-03,4.640968e+01,-9.697429e-01,-1.157349e-02,-2.069019e-03,1.779608e-01,9.913942e-04,1.123036e+00,1.444939e+01,3.297231e-01,4.607619e+03,-4.221052e+04,-3.024129e+03,-7.722207e+04,-2.375618e-01,3.815363e+01,-3.236854e-02,-4.577091e+01,1.335581e+03,-2.366945e+01
4.210734e-03,3.903073e+04,4.259327e+04,7.859814e-01,1.073827e-02,1.614954e+01,1.023993e-01,1.058008e-06,9.597817e+03,0.000000e+00,0.000000e+00,1.080154e+04,0.000000e+00,0.000000e+00,0.000000e+00,0.000000e+00,0.000000e+00,0.000000e+00,0.000000e+00,0.000000e+00,0.000000e+00,0.000000e+00,0.000000e+00,0.000000e+00,0.000000e+00,0.000000e+00,0.000000e+00,0.000000e+00,0.000000e+00,0.000000e+00,0.000000e+00,0.000000e+00,0.000000e+00,0.000000e+00,0.000000e+00,0.000000e+00,0.000000e+00,0.000000e+00,0.000000e+00,0.000000e+00,0.000000e+00,0.000000e+00,0.000000e+00,0.000000e+00,0.000000e+00,0.000000e+00,0.000000e+00,0.000000e+00,0.000000e+00,3.903073e+04,1.612345e+03,3.708150e-01,5.883285e-03,-1.014918e-01,1.136610e-03,0.000000e+00,0.000000e+00,0.000000e+00,0.000000e+00,0.000000e+00,0.000000e+00,0.000000e+00,0.000000e+00,0.000000e+00,0.000000e+00,0.000000e+00,0.000000e+00,0.000000e+00,0.000000e+00,0.000000e+00,0.000000e+00,0.000000e+00,0.000000e+00,0.000000e+00,0.000000e+00,0.000000e+00,5.321885e+04,2.460280e+03,7.193984e+04,1.308123e+00,-2.899531e-02,-3.761910e+01,-1.663665e+00,1.649067e-02,-5.472828e-01,5.663938e-03,-2.479778e-03,4.642014e+01,-9.677106e-01,-1.143070e-02,-2.075732e-03,1.781105e-01,9.947084e-04,1.171602e+00,1.400227e+01,3.042412e-01,4.606793e+03,-4.248398e+04,-2.491828e+03,-7.875622e+04,-2.379433e-01,3.816787e+01,-3.252552e-02,-3.021101e+01,1.355707e+03,-1.955617e+01
4.220056e-03,3.904988e+04,4.256571e+04,7.841877e-01,1.062254e-02,1.615875e+01,1.023993e-01,1.057758e-06,9.604136e+03,0.000000e+00,0.000000e+00,1.080365e+04,0.000000e+00,0.000000e+00,0.000000e+00,0.000000e+00,0.000000e+00,0.000000e+00,0.000000e+00,0.000000e+00,0.000000e+00,0.000000e+00,0.000000e+00,0.000000e+00,0.000000e+00,0.000000e+00,0.000000e+00,0.000000e+00,0.000000e+00,0.000000e+00,0.000000e+00,0.000000e+00,0.000000e+00,0.000000e+00,0.000000e+00,0.000000e+00,0.000000e+00,0.000000e+00,0.000000e+00,0.000000e+00,0.000000e+00,0.000000e+00,0.000000e+00,0.000000e+00,0.000000e+00,0.000000e+00,0.000000e+00,0.000000e+00,0.000000e+00,3.904988e+04,1.597034e+03,3.698756e-01,5.859815e-03,-9.129982e-02,1.136610e-03,0.000000e+00,0.000000e+00,0.000000e+00,0.000000e+00,0.000000e+00,0.000000e+00,0.000000e+00,0.000000e+00,0.000000e+00,0.000000e+00,0.000000e+00,0.000000e+00,0.000000e+00,0.000000e+00,0.000000e+00,0.000000e+00,0.000000e+00,0.000000e+00,0.000000e+00,0.000000e+00,0.000000e+00,5.293529e+04,2.157301e+03,7.190423e+04,1.308709e+00,-2.879876e-02,-3.761691e+01,-1.663505e+00,1.648023e-02,-5.473843e-01,5.693923e-03,-2.482111e-03,4.642936e+01,-9.659216e-01,-1.130650e-02,-2.082646e-03,1.782389e-01,9.973529e-04,1.214543e+00,1.359032e+01,2.506246e-01,4.606040e+03,-4.260024e+04,-2.188893e+03,-7.846939e+04,-2.381297e-01,3.818048e+01,-3.267415e-02,-2.489065e+01,1.351864e+03,-1.672591e+01
4.230639e-03,3.907127e+04,4.253452e+04,7.821891e-01,1.049517e-02,1.616901e+01,1.023993e-01,1.058432e-06,9.611351e+03,0.000000e+00,0.000000e+00,1.080628e+04,0.000000e+00,0.000000e+00,0.000000e+00,0.000000e+00,0.000000e+00,0.000000e+00,0.000000e+00,0.000000e+00,0.000000e+00,0.000000e+00,0.000000e+00,0.000000e+00,0.000000e+00,0.000000e+00,0.000000e+00,0.000000e+00,0.000000e+00,0.000000e+00,0.000000e+00,0.000000e+00,0.000000e+00,0.000000e+00,0.000000e+00,0.000000e+00,0.000000e+00,0.000000e+00,0.000000e+00,0.000000e+00,0.000000e+00,0.000000e+00,0.000000e+00,0.000000e+00,0.000000e+00,0.000000e+00,0.000000e+00,0.000000e+00,0.000000e+00,3.907127e+04,1.580078e+03,3.688519e-01,5.795880e-03,-7.996301e-02,1.136610e-03,0.000000e+00,0.000000e+00,0.000000e+00,0.000000e+00,0.000000e+00,0.000000e+00,0.000000e+00,0.000000e+00,0.000000e+00,0.000000e+00,0.000000e+00,0.000000e+00,0.000000e+00,0.000000e+00,0.000000e+00,0.000000e+00,0.000000e+00,0.000000e+00,0.000000e+00,0.000000e+00,0.000000e+00,5.329522e+04,2.045958e+03,7.253480e+04,1.309376e+00,-2.883754e-02,-3.761441e+01,-1.663317e+00,1.644787e-02,-5.475000e-01,5.728755e-03,-2.484269e-03,4.643958e+01,-9.639418e-01,-1.117136e-02,-2.090699e-03,1.783800e-01,1.000169e-03,1.263281e+00,1.312142e+01,2.616001e-01,4.605183e+03,-4.305009e+04,-2.077970e+03,-7.904578e+04,-2.386868e-01,3.819476e+01,-3.285019e-02,-3.055085e+01,1.358766e+03,-1.422656e+01
4.240099e-03,3.908976e+04,4.250709e+04,7.804253e-01,1.038433e-02,1.617806e+01,1.023993e-01,9.909222e-07,9.617827e+03,0.000000e+00,0.000000e+00,1.080878e+04,0.000000e+00,0.000000e+00,0.000000e+00,0.000000e+00,0.000000e+00,0.000000e+00,0.000000e+00,0.000000e+00,0.000000e+00,0.000000e+00,0.000000e+00,0.000000e+00,0.000000e+00,0.000000e+00,0.000000e+00,0.000000e+00,0.000000e+00,0.000000e+00,0.000000e+00,0.000000e+00,0.000000e+00,0.000000e+00,0.000000e+00,0.000000e+00,0.000000e+00,0.000000e+00,0.000000e+00,0.000000e+00,0.000000e+00,0.000000e+00,0.000000e+00,0.000000e+00,0.000000e+00,0.000000e+00,0.000000e+00,0.000000e+00,0.000000e+00,3.908976e+04,1.565115e+03,3.679362e-01,5.735083e-03,-6.991833e-02,1.136610e-03,0.000000e+00,0.000000e+00,0.000000e+00,0.000000e+00,0.000000e+00,0.000000e+00,0.000000e+00,0.000000e+00,0.000000e+00,0.000000e+00,0.000000e+00,0.000000e+00,0.000000e+00,0.000000e+00,0.000000e+00,0.000000e+00,0.000000e+00,0.000000e+00,0.000000e+00,0.000000e+00,0.000000e+00,5.805745e+04,1.478494e+04,8.007702e+04,1.309972e+00,-2.866476e-02,-3.761216e+01,-1.663139e+00,1.643660e-02,-5.476003e-01,5.758950e-03,-2.485900e-03,4.644865e+01,-9.621835e-01,-1.105364e-02,-2.097785e-03,1.785019e-01,1.002517e-03,1.306843e+00,1.270295e+01,2.270971e-01,4.604424e+03,-4.788898e+04,-1.482016e+04,-8.653670e+04,-2.389470e-01,3.820768e+01,-3.300793e-02,3.831034e+01,1.335106e+03,-1.555184e+01
4.250444e-03,3.910960e+04,4.247700e+04,7.785169e-01,1.026572e-02,1.618785e+01,1.023993e-01,1.005157e-06,9.625130e+03,0.000000e+00,0.000000e+00,1.081171e+04,0.000000e+00,0.000000e+00,0.000000e+00,0.000000e+00,0.000000e+00,0.000000e+00,0.000000e+00,0.000000e+00,0.000000e+00,0.000000e+00,0.000000e+00,0.000000e+00,0.000000e+00,0.000000e+00,0.000000e+00,0.000000e+00,0.000000e+00,0.000000e+00,0.000000e+00,0.000000e+00,0.000000e+00,0.000000e+00,0.000000e+00,0.000000e+00,0.000000e+00,0.000000e+00,0.000000e+00,0.000000e+00,0.000000e+00,0.000000e+00,0.000000e+00,0.000000e+00,0.000000e+00,0.000000e+00,0.000000e+00,0.000000e+00,0.000000e+00,3.910960e+04,1.549270e+03,3.670036e-01,5.644782e-03,-5.899553e-02,1.136609e-03,0.000000e+00,0.000000e+00,0.000000e+00,0.000000e+00,0.000000e+00,0.000000e+00,0.000000e+00,0.000000e+00,0.000000e+00,0.000000e+00,0.000000e+00,0.000000e+00,0.000000e+00,0.000000e+00,0.000000e+00,0.000000e+00,0.000000e+00,0.000000e+00,0.000000e+00,0.000000e+00,0.000000e+00,5.653491e+04,-1.236906e+03,7.545831e+04,1.310650e+00,-2.879696e-02,-3.760959e+01,-1.662946e+00,1.642032e-02,-5.477048e-01,5.793128e-03,-2.487507e-03,4.645843e+01,-9.602875e-01,-1.093002e-02,-2.105774e-03,1.786307e-01,1.004792e-03,1.354470e+00,1.222601e+01,2.499800e-01,4.603534e+03,-4.438468e+04,1.202809e+03,-8.318797e+04,-2.390955e-01,3.822215e+01,-3.287662e-02,-4.684574e+00,1.396596e+03,1.132599e+01
4.260980e-03,3.912935e+04,4.244711e+04,7.765900e-01,1.014532e-02,1.619774e+01,1.023993e-01,9.919970e-07,9.632429e+03,0.000000e+00,0.000000e+00,1.081467e+04,0.000000e+00,0.000000e+00,0.000000e+00,0.000000e+00,0.000000e+00,0.000000e+00,0.000000e+00,0.000000e+00,0.000000e+00,0.000000e+00,0.000000e+00,0.000000e+00,0.000000e+00,0.000000e+00,0.000000e+00,0.000000e+00,0.000000e+00,0.000000e+00,0.000000e+00,0.000000e+00,0.000000e+00,0.000000e+00,0.000000e+00,0.000000e+00,0.000000e+00,0.000000e+00,0.000000e+00,0.000000e+00,0.000000e+00,0.000000e+00,0.000000e+00,0.000000e+00,0.000000e+00,0.000000e+00,0.000000e+00,0.000000e+00,0.000000e+00,3.912935e+04,1.533421e+03,3.660796e-01,5.580885e-03,-4.803491e-02,1.136610e-03,0.000000e+00,0.000000e+00,0.000000e+00,0.000000e+00,0.000000e+00,0.000000e+00,0.000000e+00,0.000000e+00,0.000000e+00,0.000000e+00,0.000000e+00,0.000000e+00,0.000000e+00,0.000000e+00,0.000000e+00,0.000000e+00,0.000000e+00,0.000000e+00,0.000000e+00,0.000000e+00,0.000000e+00,5.977864e+04,1.272629e+04,8.182946e+04,1.311306e+00,-2.867059e-02,-3.760712e+01,-1.662727e+00,1.640465e-02,-5.478061e-01,5.828885e-03,-2.488892e-03,4.646830e+01,-9.583743e-01,-1.080962e-02,-2.113355e-03,1.787568e-01,1.007330e-03,1.402967e+00,1.175898e+01,2.298636e-01,4.602688e+03,-4.881668e+04,-1.276287e+04,-8.880059e+04,-2.394332e-01,3.823661e+01,-3.300685e-02,5.627453e+01,1.372558e+03,3.854072e+00
4.270147e-03,3.914628e+04,4.242102e+04,7.749204e-01,1.004001e-02,1.620631e+01,1.023993e-01,1.059287e-06,9.638818e+03,0.000000e+00,0.000000e+00,1.081739e+04,0.000000e+00,0.000000e+00,0.000000e+00,0.000000e+00,0.000000e+00,0.000000e+00,0.000000e+00,0.000000e+00,0.000000e+00,0.000000e+00,0.000000e+00,0.000000e+00,0.000000e+00,0.000000e+00,0.000000e+00,0.000000e+00,0.000000e+00,0.000000e+00,0.000000e+00,0.000000e+00,0.000000e+00,0.000000e+00,0.000000e+00,0.000000e+00,0.000000e+00,0.000000e+00,0.000000e+00,0.000000e+00,0.000000e+00,0.000000e+00,0.000000e+00,0.000000e+00,0.000000e+00,0.000000e+00,0.000000e+00,0.000000e+00,0.000000e+00,3.914628e+04,1.519933e+03,3.652985e-01,5.476724e-03,-3.846776e-02,1.136610e-03,0.000000e+00,0.000000e+00,0.000000e+00,0.000000e+00,0.000000e+00,0.000000e+00,0.000000e+00,0.000000e+00,0.000000e+00,0.000000e+00,0.000000e+00,0.000000e+00,0.000000e+00,0.000000e+00,0.000000e+00,0.000000e+00,0.000000e+00,0.000000e+00,0.000000e+00,0.000000e+00,0.000000e+00,5.432366e+04,8.629917e+02,7.547197e+04,1.311930e+00,-2.873067e-02,-3.760486e+01,-1.662545e+00,1.638825e-02,-5.479223e-01,5.863657e-03,-2.489886e-03,4.647687e+01,-9.567068e-01,-1.070833e-02,-2.119907e-03,1.788623e-01,1.009274e-03,1.445155e+00,1.132216e+01,2.363193e-01,4.601895e+03,-4.539545e+04,-8.965660e+02,-8.115586e+04,-2.395845e-01,3.824929e+01,-3.292994e-02,-3.886020e+01,1.372291e+03,-1.627851e+01
4.280741e-03,3.916559e+04,4.239144e+04,7.729895e-01,9.918502e-03,1.621624e+01,1.023993e-01,1.005985e-06,9.646241e+03,0.000000e+00,0.000000e+00,1.082028e+04,0.000000e+00,0.000000e+00,0.000000e+00,0.000000e+00,0.000000e+00,0.000000e+00,0.000000e+00,0.000000e+00,0.000000e+00,0.000000e+00,0.000000e+00,0.000000e+00,0.000000e+00,0.000000e+00,0.000000e+00,0.000000e+00,0.000000e+00,0.000000e+00,0.000000e+00,0.000000e+00,0.000000e+00,0.000000e+00,0.000000e+00,0.000000e+00,0.000000e+00,0.000000e+00,0.000000e+00,0.000000e+00,0.000000e+00,0.000000e+00,0.000000e+00,0.000000e+00,0.000000e+00,0.000000e+00,0.000000e+00,0.000000e+00,0.000000e+00,3.916559e+04,1.504539e+03,3.644046e-01,5.389380e-03,-2.739507e-02,1.136610e-03,0.000000e+00,0.000000e+00,0.000000e+00,0.000000e+00,0.000000e+00,0.000000e+00,0.000000e+00,0.000000e+00,0.000000e+00,0.000000e+00,0.000000e+00,0.000000e+00,0.000000e+00,0.000000e+00,0.000000e+00,0.000000e+00,0.000000e+00,0.000000e+00,0.000000e+00,0.000000e+00,0.000000e+00,5.680494e+04,-4.191161e+03,7.840692e+04,1.312594e+00,-2.870817e-02,-3.760232e+01,-1.662309e+00,1.637415e-02,-5.480156e-01,5.906381e-03,-2.490732e-03,4.648682e+01,-9.547713e-01,-1.059129e-02,-2.127189e-03,1.789795e-01,1.011698e-03,1.493903e+00,1.084297e+01,2.262073e-01,4.601029e+03,-4.703891e+04,4.155935e+03,-8.462908e+04,-2.398087e-01,3.826401e+01,-3.293752e-02,-3.168512e+01,1.392529e+03,8.390207e+00
4.291023e-03,3.918402e+04,4.236275e+04,7.711115e-01,9.801051e-03,1.622589e+01,1.023993e-01,1.059807e-06,9.653393e+03,0.000000e+00,0.000000e+00,1.082341e+04,0.000000e+00,0.000000e+00,0.000000e+00,0.000000e+00,0.000000e+00,0.000000e+00,0.000000e+00,0.000000e+00,0.000000e+00,0.000000e+00,0.000000e+00,0.000000e+00,0.000000e+00,0.000000e+00,0.000000e+00,0.000000e+00,0.000000e+00,0.000000e+00,0.000000e+00,0.000000e+00,0.000000e+00,0.000000e+00,0.000000e+00,0.000000e+00,0.000000e+00,0.000000e+00,0.000000e+00,0.000000e+00,0.000000e+00,0.000000e+00,0.000000e+00,0.000000e+00,0.000000e+00,0.000000e+00,0.000000e+00,0.000000e+00,0.000000e+00,3.918402e+04,1.489908e+03,3.635646e-01,5.285667e-03,-1.656117e-02,1.136610e-03,0.000000e+00,0.000000e+00,0.000000e+00,0.000000e+00,0.000000e+00,0.000000e+00,0.000000e+00,0.000000e+00,0.000000e+00,0.000000e+00,0.000000e+00,0.000000e+00,0.000000e+00,0.000000e+00,0.000000e+00,0.000000e+00,0.000000e+00,0.000000e+00,0.000000e+00,0.000000e+00,0.000000e+00,5.485434e+04,9.466064e+02,7.636191e+04,1.313303e+00,-2.867703e-02,-3.759977e+01,-1.662089e+00,1.635851e-02,-5.481502e-01,5.946653e-03,-2.491232e-03,4.649645e+01,-9.528820e-01,-1.047476e-02,-2.133615e-03,1.790882e-01,1.013943e-03,1.541207e+00,1.034760e+01,2.242902e-01,4.600149e+03,-4.604273e+04,-9.809120e+02,-8.197647e+04,-2.400802e-01,3.827818e+01,-3.296068e-02,-1.785673e+01,1.396593e+03,-4.411457e+00
4.300398e-03,3.920062e+04,4.233637e+04,7.693926e-01,9.693381e-03,1.623472e+01,1.023993e-01,1.060064e-06,9.660405e+03,0.000000e+00,0.000000e+00,1.082626e+04,0.000000e+00,0.000000e+00,0.000000e+00,0.000000e+00,0.000000e+00,0.000000e+00,0.000000e+00,0.000000e+00,0.000000e+00,0.000000e+00,0.000000e+00,0.000000e+00,0.000000e+00,0.000000e+00,0.000000e+00,0.000000e+00,0.000000e+00,0.000000e+00,0.000000e+00,0.000000e+00,0.000000e+00,0.000000e+00,0.000000e+00,0.000000e+00,0.000000e+00,0.000000e+00,0.000000e+00,0.000000e+00,0.000000e+00,0.000000e+00,0.000000e+00,0.000000e+00,0.000000e+00,0.000000e+00,0.000000e+00,0.000000e+00,0.000000e+00,3.920062e+04,1.476968e+03,3.627948e-01,5.070040e-03,-6.593250e-03,1.136610e-03,0.000000e+00,0.000000e+00,0.000000e+00,0.000000e+00,0.000000e+00,0.000000e+00,0.000000e+00,0.000000e+00,0.000000e+00,0.000000e+00,0.000000e+00,0.000000e+00,0.000000e+00,0.000000e+00,0.000000e+00,0.000000e+00,0.000000e+00,0.000000e+00,0.000000e+00,0.000000e+00,0.000000e+00,5.279588e+04,2.742583e+03,7.609088e+04,1.313949e+00,-2.891189e-02,-3.759735e+01,-1.661878e+00,1.637311e-02,-5.481966e-01,5.982448e-03,-2.491450e-03,4.650527e+01,-9.511433e-01,-1.036717e-02,-2.139503e-03,1.791829e-01,1.016450e-03,1.584331e+00,9.900539e+00,2.986773e-01,4.599299e+03,-4.669538e+04,-2.776176e+03,-7.997865e+04,-2.395822e-01,3.829210e+01,-3.225249e-02,-4.606532e+01,1.367481e+03,-2.801241e+01
4.310682e-03,3.921859e+04,4.230829e+04,7.675014e-01,9.580502e-03,1.624442e+01,1.023993e-01,1.060245e-06,9.667469e+03,0.000000e+00,0.000000e+00,1.082941e+04,0.000000e+00,0.000000e+00,0.000000e+00,0.000000e+00,0.000000e+00,0.000000e+00,0.000000e+00,0.000000e+00,0.000000e+00,0.000000e+00,0.000000e+00,0.000000e+00,0.000000e+00,0.000000e+00,0.000000e+00,0.000000e+00,0.000000e+00,0.000000e+00,0.000000e+00,0.000000e+00,0.000000e+00,0.000000e+00,0.000000e+00,0.000000e+00,0.000000e+00,0.000000e+00,0.000000e+00,0.000000e+00,0.000000e+00,0.000000e+00,0.000000e+00,0.000000e+00,0.000000e+00,0.000000e+00,0.000000e+00,0.000000e+00,0.000000e+00,3.921859e+04,1.462854e+03,3.619864e-01,4.963908e-03,4.264008e-03,1.136610e-03,0.000000e+00,0.000000e+00,0.000000e+00,0.000000e+00,0.000000e+00,0.000000e+00,0.000000e+00,0.000000e+00,0.000000e+00,0.000000e+00,0.000000e+00,0.000000e+00,0.000000e+00,0.000000e+00,0.000000e+00,0.000000e+00,0.000000e+00,0.000000e+00,0.000000e+00,0.000000e+00,0.000000e+00,5.455841e+04,7.912025e+02,7.814324e+04,1.314701e+00,-2.886827e-02,-3.759482e+01,-1.661647e+00,1.634604e-02,-5.483488e-01,6.019829e-03,-2.486275e-03,4.651495e+01,-9.492359e-01,-1.025030e-02,-2.146029e-03,1.792818e-01,1.019382e-03,1.631625e+00,9.389843e+00,2.861637e-01,4.598432e+03,-4.784440e+04,-8.260257e+02,-8.242478e+04,-2.401011e-01,3.830608e+01,-3.246278e-02,-3.341320e+01,1.396241e+03,-1.437316e+00
4.320116e-03,3.923486e+04,4.228267e+04,7.657608e-01,9.478889e-03,1.625332e+01,1.023993e-01,1.005110e-06,9.674223e+03,0.000000e+00,0.000000e+00,1.083205e+04,0.000000e+00,0.000000e+00,0.000000e+00,0.000000e+00,0.000000e+00,0.000000e+00,0.000000e+00,0.000000e+00,0.000000e+00,0.000000e+00,0.000000e+00,0.000000e+00,0.000000e+00,0.000000e+00,0.000000e+00,0.000000e+00,0.000000e+00,0.000000e+00,0.000000e+00,0.000000e+00,0.000000e+00,0.000000e+00,0.000000e+00,0.000000e+00,0.000000e+00,0.000000e+00,0.000000e+00,0.000000e+00,0.000000e+00,0.000000e+00,0.000000e+00,0.000000e+00,0.000000e+00,0.000000e+00,0.000000e+00,0.000000e+00,0.000000e+00,3.923486e+04,1.450088e+03,3.612479e-01,4.821565e-03,1.429671e-02,1.136610e-03,0.000000e+00,0.000000e+00,0.000000e+00,0.000000e+00,0.000000e+00,0.000000e+00,0.000000e+00,0.000000e+00,0.000000e+00,0.000000e+00,0.000000e+00,0.000000e+00,0.000000e+00,0.000000e+00,0.000000e+00,0.000000e+00,0.000000e+00,0.000000e+00,0.000000e+00,0.000000e+00,0.000000e+00,5.861910e+04,-4.909222e+03,8.287211e+04,1.315379e+00,-2.892411e-02,-3.759248e+01,-1.661418e+00,1.633510e-02,-5.484317e-01,6.050603e-03,-2.480788e-03,4.652388e+01,-9.474932e-01,-1.014420e-02,-2.152221e-03,1.793680e-01,1.022077e-03,1.675000e+00,8.929008e+00,2.971014e-01,4.597631e+03,-5.045127e+04,4.871795e+03,-8.808531e+04,-2.401993e-01,3.831948e+01,-3.250090e-02,-2.713028e+00,1.434614e+03,9.784692e+00
4.330402e-03,3.925234e+04,4.225483e+04,7.638656e-01,9.366616e-03,1.626300e+01,1.023993e-01,1.005106e-06,9.681529e+03,0.000000e+00,0.000000e+00,1.083526e+04,0.000000e+00,0.000000e+00,0.000000e+00,0.000000e+00,0.000000e+00,0.000000e+00,0.000000e+00,0.000000e+00,0.000000e+00,0.000000e+00,0.000000e+00,0.000000e+00,0.000000e+00,0.000000e+00,0.000000e+00,0.000000e+00,0.000000e+00,0.000000e+00,0.000000e+00,0.000000e+00,0.000000e+00,0.000000e+00,0.000000e+00,0.000000e+00,0.000000e+00,0.000000e+00,0.000000e+00,0.000000e+00,0.000000e+00,0.000000e+00,0.000000e+00,0.000000e+00,0.000000e+00,0.000000e+00,0.000000e+00,0.000000e+00,0.000000e+00,3.925234e+04,1.436588e+03,3.604750e-01,4.653027e-03,2.521256e-02,1.136609e-03,0.000000e+00,0.000000e+00,0.000000e+00,0.000000e+00,0.000000e+00,0.000000e+00,0.000000e+00,0.000000e+00,0.000000e+00,0.000000e+00,0.000000e+00,0.000000e+00,0.000000e+00,0.000000e+00,0.000000e+00,0.000000e+00,0.000000e+00,0.000000e+00,0.000000e+00,0.000000e+00,0.000000e+00,5.253741e+04,8.463200e+01,8.119070e+04,1.316206e+00,-2.895661e-02,-3.758986e+01,-1.661179e+00,1.631859e-02,-5.485603e-01,6.082138e-03,-2.475945e-03,4.653357e+01,-9.456064e-01,-1.002777e-02,-2.158522e-03,1.794568e-01,1.025375e-03,1.722286e+00,8.391756e+00,3.151284e-01,4.596719e+03,-5.152176e+04,-1.194618e+02,-8.183893e+04,-2.402654e-01,3.833399e+01,-3.252930e-02,-6.538809e+01,1.358886e+03,-6.432424e+01
4.340736e-03,3.926964e+04,4.222741e+04,7.619625e-01,9.251787e-03,1.627270e+01,1.023993e-01,1.006657e-06,9.688839e+03,0.000000e+00,0.000000e+00,1.083834e+04,0.000000e+00,0.000000e+00,0.000000e+00,0.000000e+00,0.000000e+00,0.000000e+00,0.000000e+00,0.000000e+00,0.000000e+00,0.000000e+00,0.000000e+00,0.000000e+00,0.000000e+00,0.000000e+00,0.000000e+00,0.000000e+00,0.000000e+00,0.000000e+00,0.000000e+00,0.000000e+00,0.000000e+00,0.000000e+00,0.000000e+00,0.000000e+00,0.000000e+00,0.000000e+00,0.000000e+00,0.000000e+00,0.000000e+00,0.000000e+00,0.000000e+00,0.000000e+00,0.000000e+00,0.000000e+00,0.000000e+00,0.000000e+00,0.000000e+00,3.926964e+04,1.423203e+03,3.597290e-01,4.515706e-03,3.612686e-02,1.136609e-03,0.000000e+00,0.000000e+00,0.000000e+00,0.000000e+00,0.000000e+00,0.000000e+00,0.000000e+00,0.000000e+00,0.000000e+00,0.000000e+00,0.000000e+00,0.000000e+00,0.000000e+00,0.000000e+00,0.000000e+00,0.000000e+00,0.000000e+00,0.000000e+00,0.000000e+00,0.000000e+00,0.000000e+00,5.712039e+04,-7.184314e+03,8.651145e+04,1.317038e+00,-2.905143e-02,-3.758728e+01,-1.660920e+00,1.628494e-02,-5.486738e-01,6.110385e-03,-2.473070e-03,4.654325e+01,-9.437162e-01,-9.910159e-03,-2.164160e-03,1.795406e-01,1.028597e-03,1.769784e+00,7.853984e+00,3.348222e-01,4.595842e+03,-5.445292e+04,7.146527e+03,-8.821787e+04,-2.406347e-01,3.834844e+01,-3.287603e-02,-6.482066e+01,1.386946e+03,-5.136878e+01
4.350038e-03,3.928496e+04,4.220296e+04,7.602357e-01,9.148874e-03,1.628149e+01,1.023993e-01,9.908565e-07,9.695349e+03,0.000000e+00,0.000000e+00,1.084122e+04,0.000000e+00,0.000000e+00,0.000000e+00,0.000000e+00,0.000000e+00,0.000000e+00,0.000000e+00,0.000000e+00,0.000000e+00,0.000000e+00,0.000000e+00,0.000000e+00,0.000000e+00,0.000000e+00,0.000000e+00,0.000000e+00,0.000000e+00,0.000000e+00,0.000000e+00,0.000000e+00,0.000000e+00,0.000000e+00,0.000000e+00,0.000000e+00,0.000000e+00,0.000000e+00,0.000000e+00,0.000000e+00,0.000000e+00,0.000000e+00,0.000000e+00,0.000000e+00,0.000000e+00,0.000000e+00,0.000000e+00,0.000000e+00,0.000000e+00,3.928496e+04,1.411341e+03,3.590775e-01,4.396080e-03,4.600583e-02,1.136610e-03,0.000000e+00,0.000000e+00,0.000000e+00,0.000000e+00,0.000000e+00,0.000000e+00,0.000000e+00,0.000000e+00,0.000000e+00,0.000000e+00,0.000000e+00,0.000000e+00,0.000000e+00,0.000000e+00,0.000000e+00,0.000000e+00,0.000000e+00,0.000000e+00,0.000000e+00,0.000000e+00,0.000000e+00,5.832837e+04,3.203682e+03,8.754789e+04,1.317808e+00,-2.892643e-02,-3.758496e+01,-1.660687e+00,1.626221e-02,-5.487940e-01,6.133933e-03,-2.469000e-03,4.655205e+01,-9.420103e-01,-9.804423e-03,-2.168899e-03,1.796111e-01,1.031689e-03,1.812532e+00,7.358324e+00,3.128508e-01,4.595047e+03,-5.491732e+04,-3.242325e+03,-8.972553e+04,-2.409157e-01,3.836132e+01,-3.326873e-02,1.332421e+01,1.409057e+03,-2.280981e+01
4.360178e-03,3.930152e+04,4.217622e+04,7.583673e-01,9.035628e-03,1.629099e+01,1.023993e-01,1.061392e-06,9.702672e+03,0.000000e+00,0.000000e+00,1.084442e+04,0.000000e+00,0.000000e+00,0.000000e+00,0.000000e+00,0.000000e+00,0.000000e+00,0.000000e+00,0.000000e+00,0.000000e+00,0.000000e+00,0.000000e+00,0.000000e+00,0.000000e+00,0.000000e+00,0.000000e+00,0.000000e+00,0.000000e+00,0.000000e+00,0.000000e+00,0.000000e+00,0.000000e+00,0.000000e+00,0.000000e+00,0.000000e+00,0.000000e+00,0.000000e+00,0.000000e+00,0.000000e+00,0.000000e+00,0.000000e+00,0.000000e+00,0.000000e+00,0.000000e+00,0.000000e+00,0.000000e+00,0.000000e+00,0.000000e+00,3.930152e+04,1.398795e+03,3.584028e-01,4.326615e-03,5.669853e-02,1.136610e-03,0.000000e+00,0.000000e+00,0.000000e+00,0.000000e+00,0.000000e+00,0.000000e+00,0.000000e+00,0.000000e+00,0.000000e+00,0.000000e+00,0.000000e+00,0.000000e+00,0.000000e+00,0.000000e+00,0.000000e+00,0.000000e+00,0.000000e+00,0.000000e+00,0.000000e+00,0.000000e+00,0.000000e+00,6.278648e+04,1.273811e+04,8.769795e+04,1.318654e+00,-2.883877e-02,-3.758237e+01,-1.660428e+00,1.620406e-02,-5.489013e-01,6.156533e-03,-2.467352e-03,4.656151e+01,-9.401718e-01,-9.690801e-03,-2.173443e-03,1.796827e-01,1.034769e-03,1.859119e+00,6.813615e+00,2.971264e-01,4.594153e+03,-5.321621e+04,-1.277887e+04,-9.380868e+04,-2.416364e-01,3.837569e+01,-3.387747e-02,-1.479850e+02,1.527732e+03,-1.684191e+02
4.370564e-03,3.931825e+04,4.214918e+04,7.564431e-01,8.920808e-03,1.630075e+01,1.023993e-01,9.781156e-07,9.710062e+03,0.000000e+00,0.000000e+00,1.084772e+04,0.000000e+00,0.000000e+00,0.000000e+00,0.000000e+00,0.000000e+00,0.000000e+00,0.000000e+00,0.000000e+00,0.000000e+00,0.000000e+00,0.000000e+00,0.000000e+00,0.000000e+00,0.000000e+00,0.000000e+00,0.000000e+00,0.000000e+00,0.000000e+00,0.000000e+00,0.000000e+00,0.000000e+00,0.000000e+00,0.000000e+00,0.000000e+00,0.000000e+00,0.000000e+00,0.000000e+00,0.000000e+00,0.000000e+00,0.000000e+00,0.000000e+00,0.000000e+00,0.000000e+00,0.000000e+00,0.000000e+00,0.000000e+00,0.000000e+00,3.931825e+04,1.386094e+03,3.577167e-01,4.280293e-03,6.775926e-02,1.136610e-03,0.000000e+00,0.000000e+00,0.000000e+00,0.000000e+00,0.000000e+00,0.000000e+00,0.000000e+00,0.000000e+00,0.000000e+00,0.000000e+00,0.000000e+00,0.000000e+00,0.000000e+00,0.000000e+00,0.000000e+00,0.000000e+00,0.000000e+00,0.000000e+00,0.000000e+00,0.000000e+00,0.000000e+00,5.617402e+04,1.766238e+04,8.960358e+04,1.319533e+00,-2.870339e-02,-3.757973e+01,-1.660157e+00,1.617641e-02,-5.490347e-01,6.176201e-03,-2.463934e-03,4.657132e+01,-9.382751e-01,-9.573434e-03,-2.177409e-03,1.797503e-01,1.037580e-03,1.906828e+00,6.253413e+00,2.665116e-01,4.593246e+03,-5.775841e+04,-1.770085e+04,-8.858288e+04,-2.421258e-01,3.839046e+01,-3.434122e-02,7.103865e+01,1.322114e+03,-4.689571e+01
4.381027e-03,3.933479e+04,4.212226e+04,7.545120e-01,8.805329e-03,1.631053e+01,1.023993e-01,1.061960e-06,9.717530e+03,0.000000e+00,0.000000e+00,1.085025e+04,0.000000e+00,0.000000e+00,0.000000e+00,0.000000e+00,0.000000e+00,0.000000e+00,0.000000e+00,0.000000e+00,0.000000e+00,0.000000e+00,0.000000e+00,0.000000e+00,0.000000e+00,0.000000e+00,0.000000e+00,0.000000e+00,0.000000e+00,0.000000e+00,0.000000e+00,0.000000e+00,0.000000e+00,0.000000e+00,0.000000e+00,0.000000e+00,0.000000e+00,0.000000e+00,0.000000e+00,0.000000e+00,0.000000e+00,0.000000e+00,0.000000e+00,0.000000e+00,0.000000e+00,0.000000e+00,0.000000e+00,0.000000e+00,0.000000e+00,3.933479e+04,1.373449e+03,3.570074e-01,4.269281e-03,7.872313e-02,1.136609e-03,0.000000e+00,0.000000e+00,0.000000e+00,0.000000e+00,0.000000e+00,0.000000e+00,0.000000e+00,0.000000e+00,0.000000e+00,0.000000e+00,0.000000e+00,0.000000e+00,0.000000e+00,0.000000e+00,0.000000e+00,0.000000e+00,0.000000e+00,0.000000e+00,0.000000e+00,0.000000e+00,0.000000e+00,5.641173e+04,9.382251e+03,8.041906e+04,1.320284e+00,-2.853679e-02,-3.757711e+01,-1.659859e+00,1.612689e-02,-5.491746e-01,6.192073e-03,-2.461494e-03,4.658106e+01,-9.363894e-01,-9.456649e-03,-2.180605e-03,1.798126e-01,1.040102e-03,1.954882e+00,5.715210e+00,2.107258e-01,4.592351e+03,-4.935592e+04,-9.419521e+03,-8.492821e+04,-2.429343e-01,3.840510e+01,-3.485087e-02,-1.106416e+02,1.436868e+03,-8.617700e+01
4.390193e-03,3.934888e+04,4.209914e+04,7.528086e-01,8.705530e-03,1.631912e+01,1.023993e-01,9.920020e-07,9.723893e+03,0.000000e+00,0.000000e+00,1.085298e+04,0.000000e+00,0.000000e+00,0.000000e+00,0.000000e+00,0.000000e+00,0.000000e+00,0.000000e+00,0.000000e+00,0.000000e+00,0.000000e+00,0.000000e+00,0.000000e+00,0.000000e+00,0.000000e+00,0.000000e+00,0.000000e+00,0.000000e+00,0.000000e+00,0.000000e+00,0.000000e+00,0.000000e+00,0.000000e+00,0.000000e+00,0.000000e+00,0.000000e+00,0.000000e+00,0.000000e+00,0.000000e+00,0.000000e+00,0.000000e+00,0.000000e+00,0.000000e+00,0.000000e+00,0.000000e+00,0.000000e+00,0.000000e+00,0.000000e+00,3.934888e+04,1.362558e+03,3.563558e-01,4.295493e-03,8.835761e-02,1.136609e-03,0.000000e+00,0.000000e+00,0.000000e+00,0.000000e+00,0.000000e+00,0.000000e+00,0.000000e+00,0.000000e+00,0.000000e+00,0.000000e+00,0.000000e+00,0.000000e+00,0.000000e+00,0.000000e+00,0.000000e+00,0.000000e+00,0.000000e+00,0.000000e+00,0.000000e+00,0.000000e+00,0.000000e+00,6.331629e+04,1.342092e+04,9.113473e+04,1.320955e+00,-2.839987e-02,-3.757483e+01,-1.659599e+00,1.609656e-02,-5.493439e-01,6.201374e-03,-2.459571e-03,4.658965e+01,-9.347259e-01,-9.355776e-03,-2.182492e-03,1.798626e-01,1.041754e-03,1.996974e+00,5.247821e+00,1.762196e-01,4.591588e+03,-5.622294e+04,-1.346309e+04,-9.566786e+04,-2.436561e-01,3.841769e+01,-3.514575e-02,-5.687268e+01,1.396514e+03,-6.063034e+01
4.400603e-03,3.936469e+04,4.207312e+04,7.508820e-01,8.591481e-03,1.632882e+01,1.023993e-01,1.062463e-06,9.731261e+03,0.000000e+00,0.000000e+00,1.085581e+04,0.000000e+00,0.000000e+00,0.000000e+00,0.000000e+00,0.000000e+00,0.000000e+00,0.000000e+00,0.000000e+00,0.000000e+00,0.000000e+00,0.000000e+00,0.000000e+00,0.000000e+00,0.000000e+00,0.000000e+00,0.000000e+00,0.000000e+00,0.000000e+00,0.000000e+00,0.000000e+00,0.000000e+00,0.000000e+00,0.000000e+00,0.000000e+00,0.000000e+00,0.000000e+00,0.000000e+00,0.000000e+00,0.000000e+00,0.000000e+00,0.000000e+00,0.000000e+00,0.000000e+00,0.000000e+00,0.000000e+00,0.000000e+00,0.000000e+00,3.936469e+04,1.350252e+03,3.555860e-01,4.331172e-03,9.926327e-02,1.136609e-03,0.000000e+00,0.000000e+00,0.000000e+00,0.000000e+00,0.000000e+00,0.000000e+00,0.000000e+00,0.000000e+00,0.000000e+00,0.000000e+00,0.000000e+00,0.000000e+00,0.000000e+00,0.000000e+00,0.000000e+00,0.000000e+00,0.000000e+00,0.000000e+00,0.000000e+00,0.000000e+00,0.000000e+00,5.225075e+04,4.350968e+03,7.867341e+04,1.321678e+00,-2.813452e-02,-3.757225e+01,-1.659284e+00,1.606485e-02,-5.494985e-01,6.208209e-03,-2.457035e-03,4.659936e+01,-9.328509e-01,-9.240723e-03,-2.183904e-03,1.799141e-01,1.042952e-03,2.044766e+00,4.716831e+00,9.178086e-02,4.590706e+03,-4.957609e+04,-4.386528e+03,-8.038374e+04,-2.443941e-01,3.843225e+01,-3.554264e-02,-5.753167e+01,1.378740e+03,-2.442852e+01
4.410780e-03,3.937998e+04,4.204740e+04,7.489691e-01,8.478153e-03,1.633842e+01,1.023993e-01,9.919802e-07,9.738542e+03,0.000000e+00,0.000000e+00,1.086042e+04,0.000000e+00,0.000000e+00,0.000000e+00,0.000000e+00,0.000000e+00,0.000000e+00,0.000000e+00,0.000000e+00,0.000000e+00,0.000000e+00,0.000000e+00,0.000000e+00,0.000000e+00,0.000000e+00,0.000000e+00,0.000000e+00,0.000000e+00,0.000000e+00,0.000000e+00,0.000000e+00,0.000000e+00,0.000000e+00,0.000000e+00,0.000000e+00,0.000000e+00,0.000000e+00,0.000000e+00,0.000000e+00,0.000000e+00,0.000000e+00,0.000000e+00,0.000000e+00,0.000000e+00,0.000000e+00,0.000000e+00,0.000000e+00,0.000000e+00,3.937998e+04,1.338401e+03,3.548347e-01,4.395769e-03,1.100015e-01,1.136610e-03,0.000000e+00,0.000000e+00,0.000000e+00,0.000000e+00,0.000000e+00,0.000000e+00,0.000000e+00,0.000000e+00,0.000000e+00,0.000000e+00,0.000000e+00,0.000000e+00,0.000000e+00,0.000000e+00,0.000000e+00,0.000000e+00,0.000000e+00,0.000000e+00,0.000000e+00,0.000000e+00,0.000000e+00,5.612881e+04,1.502805e+04,8.563945e+04,1.322433e+00,-2.793013e-02,-3.756964e+01,-1.658986e+00,1.602487e-02,-5.496703e-01,6.209320e-03,-2.455279e-03,4.660897e+01,-9.309927e-01,-9.125182e-03,-2.184167e-03,1.799591e-01,1.043590e-03,2.091479e+00,4.187911e+00,4.452552e-02,4.589823e+03,-5.431333e+04,-1.506663e+04,-8.679550e+04,-2.453535e-01,3.844664e+01,-3.597452e-02,1.475119e+01,1.347884e+03,-5.040352e-01
4.420131e-03,3.939398e+04,4.202398e+04,7.471727e-01,8.365605e-03,1.634743e+01,1.023993e-01,9.787000e-07,9.745215e+03,0.000000e+00,0.000000e+00,1.086494e+04,0.000000e+00,0.000000e+00,0.000000e+00,0.000000e+00,0.000000e+00,0.000000e+00,0.000000e+00,0.000000e+00,0.000000e+00,0.000000e+00,0.000000e+00,0.000000e+00,0.000000e+00,0.000000e+00,0.000000e+00,0.000000e+00,0.000000e+00,0.000000e+00,0.000000e+00,0.000000e+00,0.000000e+00,0.000000e+00,0.000000e+00,0.000000e+00,0.000000e+00,0.000000e+00,0.000000e+00,0.000000e+00,0.000000e+00,0.000000e+00,0.000000e+00,0.000000e+00,0.000000e+00,0.000000e+00,0.000000e+00,0.000000e+00,0.000000e+00,3.939398e+04,1.327641e+03,3.540997e-01,4.458982e-03,1.199709e-01,1.136610e-03,0.000000e+00,0.000000e+00,0.000000e+00,0.000000e+00,0.000000e+00,0.000000e+00,0.000000e+00,0.000000e+00,0.000000e+00,0.000000e+00,0.000000e+00,0.000000e+00,0.000000e+00,0.000000e+00,0.000000e+00,0.000000e+00,0.000000e+00,0.000000e+00,0.000000e+00,0.000000e+00,0.000000e+00,5.876814e+04,9.722195e+03,8.689996e+04,1.323121e+00,-2.772344e-02,-3.756724e+01,-1.658700e+00,1.599589e-02,-5.498294e-01,6.209251e-03,-2.452884e-03,4.661800e+01,-9.292504e-01,-9.010918e-03,-2.184192e-03,1.799957e-01,1.043565e-03,2.134393e+00,3.698128e+00,-2.151357e-02,4.589014e+03,-5.438648e+04,-9.762314e+03,-8.970299e+04,-2.459087e-01,3.845977e+01,-3.638133e-02,-5.508854e+01,1.405035e+03,-3.423328e+01
4.430433e-03,3.940963e+04,4.199863e+04,7.451784e-01,8.243131e-03,1.635744e+01,1.023993e-01,1.100128e-06,9.752549e+03,0.000000e+00,0.000000e+00,1.086744e+04,0.000000e+00,0.000000e+00,0.000000e+00,0.000000e+00,0.000000e+00,0.000000e+00,0.000000e+00,0.000000e+00,0.000000e+00,0.000000e+00,0.000000e+00,0.000000e+00,0.000000e+00,0.000000e+00,0.000000e+00,0.000000e+00,0.000000e+00,0.000000e+00,0.000000e+00,0.000000e+00,0.000000e+00,0.000000e+00,0.000000e+00,0.000000e+00,0.000000e+00,0.000000e+00,0.000000e+00,0.000000e+00,0.000000e+00,0.000000e+00,0.000000e+00,0.000000e+00,0.000000e+00,0.000000e+00,0.000000e+00,0.000000e+00,0.000000e+00,3.940963e+04,1.316042e+03,3.532736e-01,4.512757e-03,1.310563e-01,1.136610e-03,0.000000e+00,0.000000e+00,0.000000e+00,0.000000e+00,0.000000e+00,0.000000e+00,0.000000e+00,0.000000e+00,0.000000e+00,0.000000e+00,0.000000e+00,0.000000e+00,0.000000e+00,0.000000e+00,0.000000e+00,0.000000e+00,0.000000e+00,0.000000e+00,0.000000e+00,0.000000e+00,0.000000e+00,5.667210e+04,5.892799e+03,8.230940e+04,1.323855e+00,-2.759198e-02,-3.756467e+01,-1.658373e+00,1.596792e-02,-5.499898e-01,6.209179e-03,-2.450942e-03,4.662800e+01,-9.273186e-01,-8.888134e-03,-2.184223e-03,1.800307e-01,1.043070e-03,2.181666e+00,3.164339e+00,-6.113339e-02,4.588145e+03,-5.112595e+04,-5.931440e+03,-8.586177e+04,-2.465201e-01,3.847419e+01,-3.648921e-02,-8.017496e+01,1.445994e+03,-3.519761e+01
4.440855e-03,3.942556e+04,4.197273e+04,7.431715e-01,8.117100e-03,1.636752e+01,1.023993e-01,9.774506e-07,9.760014e+03,0.000000e+00,0.000000e+00,1.087000e+04,0.000000e+00,0.000000e+00,0.000000e+00,0.000000e+00,0.000000e+00,0.000000e+00,0.000000e+00,0.000000e+00,0.000000e+00,0.000000e+00,0.000000e+00,0.000000e+00,0.000000e+00,0.000000e+00,0.000000e+00,0.000000e+00,0.000000e+00,0.000000e+00,0.000000e+00,0.000000e+00,0.000000e+00,0.000000e+00,0.000000e+00,0.000000e+00,0.000000e+00,0.000000e+00,0.000000e+00,0.000000e+00,0.000000e+00,0.000000e+00,0.000000e+00,0.000000e+00,0.000000e+00,0.000000e+00,0.000000e+00,0.000000e+00,0.000000e+00,3.942556e+04,1.304433e+03,3.524443e-01,4.591355e-03,1.424097e-01,1.136610e-03,0.000000e+00,0.000000e+00,0.000000e+00,0.000000e+00,0.000000e+00,0.000000e+00,0.000000e+00,0.000000e+00,0.000000e+00,0.000000e+00,0.000000e+00,0.000000e+00,0.000000e+00,0.000000e+00,0.000000e+00,0.000000e+00,0.000000e+00,0.000000e+00,0.000000e+00,0.000000e+00,0.000000e+00,5.536793e+04,5.141049e+03,8.313677e+04,1.324661e+00,-2.733743e-02,-3.756194e+01,-1.658047e+00,1.595284e-02,-5.501893e-01,6.209103e-03,-2.448358e-03,4.663814e+01,-9.253653e-01,-8.761089e-03,-2.184272e-03,1.800605e-01,1.041926e-03,2.229481e+00,2.600158e+00,-1.317422e-01,4.587223e+03,-5.245638e+04,-5.179455e+03,-8.500153e+04,-2.469479e-01,3.848901e+01,-3.678740e-02,-3.826411e+01,1.416656e+03,-2.492503e+00
4.450306e-03,3.943985e+04,4.194935e+04,7.413625e-01,8.000563e-03,1.637662e+01,1.023993e-01,1.101404e-06,9.766903e+03,0.000000e+00,0.000000e+00,1.087223e+04,0.000000e+00,0.000000e+00,0.000000e+00,0.000000e+00,0.000000e+00,0.000000e+00,0.000000e+00,0.000000e+00,0.000000e+00,0.000000e+00,0.000000e+00,0.000000e+00,0.000000e+00,0.000000e+00,0.000000e+00,0.000000e+00,0.000000e+00,0.000000e+00,0.000000e+00,0.000000e+00,0.000000e+00,0.000000e+00,0.000000e+00,0.000000e+00,0.000000e+00,0.000000e+00,0.000000e+00,0.000000e+00,0.000000e+00,0.000000e+00,0.000000e+00,0.000000e+00,0.000000e+00,0.000000e+00,0.000000e+00,0.000000e+00,0.000000e+00,3.943985e+04,1.294104e+03,3.517035e-01,4.604898e-03,1.525480e-01,1.136610e-03,0.000000e+00,0.000000e+00,0.000000e+00,0.000000e+00,0.000000e+00,0.000000e+00,0.000000e+00,0.000000e+00,0.000000e+00,0.000000e+00,0.000000e+00,0.000000e+00,0.000000e+00,0.000000e+00,0.000000e+00,0.000000e+00,0.000000e+00,0.000000e+00,0.000000e+00,0.000000e+00,0.000000e+00,5.690234e+04,-6.802049e+03,8.624980e+04,1.325354e+00,-2.730081e-02,-3.755951e+01,-1.657738e+00,1.592358e-02,-5.503377e-01,6.209034e-03,-2.445830e-03,4.664718e+01,-9.236273e-01,-8.644198e-03,-2.184307e-03,1.800825e-01,1.040538e-03,2.272828e+00,2.106040e+00,-1.575497e-01,4.586409e+03,-5.467691e+04,6.762257e+03,-8.768055e+04,-2.475047e-01,3.850251e+01,-3.709869e-02,-9.228580e+01,1.395828e+03,1.741267e+01
4.460583e-03,3.945512e+04,4.192402e+04,7.394227e-01,7.871339e-03,1.638637e+01,1.023993e-01,1.101889e-06,9.774341e+03,0.000000e+00,0.000000e+00,1.087485e+04,0.000000e+00,0.000000e+00,0.000000e+00,0.000000e+00,0.000000e+00,0.000000e+00,0.000000e+00,0.000000e+00,0.000000e+00,0.000000e+00,0.000000e+00,0.000000e+00,0.000000e+00,0.000000e+00,0.000000e+00,0.000000e+00,0.000000e+00,0.000000e+00,0.000000e+00,0.000000e+00,0.000000e+00,0.000000e+00,0.000000e+00,0.000000e+00,0.000000e+00,0.000000e+00,0.000000e+00,0.000000e+00,0.000000e+00,0.000000e+00,0.000000e+00,0.000000e+00,0.000000e+00,0.000000e+00,0.000000e+00,0.000000e+00,0.000000e+00,3.945512e+04,1.283016e+03,3.509514e-01,4.632106e-03,1.635886e-01,1.136610e-03,0.000000e+00,0.000000e+00,0.000000e+00,0.000000e+00,0.000000e+00,0.000000e+00,0.000000e+00,0.000000e+00,0.000000e+00,0.000000e+00,0.000000e+00,0.000000e+00,0.000000e+00,0.000000e+00,0.000000e+00,0.000000e+00,0.000000e+00,0.000000e+00,0.000000e+00,0.000000e+00,0.000000e+00,5.641282e+04,3.214345e+03,8.327798e+04,1.326142e+00,-2.703220e-02,-3.755680e+01,-1.657402e+00,1.591672e-02,-5.505214e-01,6.208960e-03,-2.443438e-03,4.665694e+01,-9.217508e-01,-8.511482e-03,-2.184310e-03,1.801009e-01,1.038665e-03,2.319961e+00,1.546516e+00,-2.203038e-01,4.585498e+03,-5.221406e+04,-3.253617e+03,-8.597131e+04,-2.477624e-01,3.851716e+01,-3.719287e-02,-3.861692e+01,1.443816e+03,-1.839814e+01
4.470190e-03,3.946907e+04,4.190064e+04,7.376363e-01,7.752535e-03,1.639535e+01,1.023993e-01,1.102657e-06,9.781304e+03,0.000000e+00,0.000000e+00,1.087737e+04,0.000000e+00,0.000000e+00,0.000000e+00,0.000000e+00,0.000000e+00,0.000000e+00,0.000000e+00,0.000000e+00,0.000000e+00,0.000000e+00,0.000000e+00,0.000000e+00,0.000000e+00,0.000000e+00,0.000000e+00,0.000000e+00,0.000000e+00,0.000000e+00,0.000000e+00,0.000000e+00,0.000000e+00,0.000000e+00,0.000000e+00,0.000000e+00,0.000000e+00,0.000000e+00,0.000000e+00,0.000000e+00,0.000000e+00,0.000000e+00,0.000000e+00,0.000000e+00,0.000000e+00,0.000000e+00,0.000000e+00,0.000000e+00,0.000000e+00,3.946907e+04,1.272885e+03,3.502894e-01,4.597410e-03,1.737375e-01,1.136610e-03,0.000000e+00,0.000000e+00,0.000000e+00,0.000000e+00,0.000000e+00,0.000000e+00,0.000000e+00,0.000000e+00,0.000000e+00,0.000000e+00,0.000000e+00,0.000000e+00,0.000000e+00,0.000000e+00,0.000000e+00,0.000000e+00,0.000000e+00,0.000000e+00,0.000000e+00,0.000000e+00,0.000000e+00,5.702949e+04,3.187190e+03,8.406066e+04,1.326865e+00,-2.708619e-02,-3.755432e+01,-1.657078e+00,1.589148e-02,-5.506845e-01,6.208898e-03,-2.441511e-03,4.666589e+01,-9.200259e-01,-8.389363e-03,-2.184301e-03,1.801130e-01,1.036684e-03,2.364005e+00,1.031391e+00,-2.056433e-01,4.584664e+03,-5.270090e+04,-3.227058e+03,-8.683845e+04,-2.483014e-01,3.853085e+01,-3.719899e-02,-3.811031e+01,1.453057e+03,-2.053835e+01
4.480815e-03,3.948398e+04,4.187492e+04,7.356907e-01,7.625623e-03,1.640511e+01,1.023993e-01,1.103333e-06,9.789021e+03,0.000000e+00,0.000000e+00,1.088042e+04,0.000000e+00,0.000000e+00,0.000000e+00,0.000000e+00,0.000000e+00,0.000000e+00,0.000000e+00,0.000000e+00,0.000000e+00,0.000000e+00,0.000000e+00,0.000000e+00,0.000000e+00,0.000000e+00,0.000000e+00,0.000000e+00,0.000000e+00,0.000000e+00,0.000000e+00,0.000000e+00,0.000000e+00,0.000000e+00,0.000000e+00,0.000000e+00,0.000000e+00,0.000000e+00,0.000000e+00,0.000000e+00,0.000000e+00,0.000000e+00,0.000000e+00,0.000000e+00,0.000000e+00,0.000000e+00,0.000000e+00,0.000000e+00,0.000000e+00,3.948398e+04,1.261918e+03,3.496002e-01,4.553562e-03,1.848523e-01,1.136609e-03,0.000000e+00,0.000000e+00,0.000000e+00,0.000000e+00,0.000000e+00,0.000000e+00,0.000000e+00,0.000000e+00,0.000000e+00,0.000000e+00,0.000000e+00,0.000000e+00,0.000000e+00,0.000000e+00,0.000000e+00,0.000000e+00,0.000000e+00,0.000000e+00,0.000000e+00,0.000000e+00,0.000000e+00,5.575476e+04,4.015347e+02,8.354691e+04,1.327697e+00,-2.693647e-02,-3.755149e+01,-1.656723e+00,1.588279e-02,-5.508820e-01,6.208835e-03,-2.439725e-03,4.667566e+01,-9.181443e-01,-8.258095e-03,-2.184298e-03,1.801206e-01,1.034165e-03,2.412711e+00,4.457141e-01,-2.458113e-01,4.583716e+03,-5.279917e+04,-4.409498e+02,-8.544527e+04,-2.485272e-01,3.854606e+01,-3.718528e-02,-3.885654e+01,1.434869e+03,2.728534e+01
4.490427e-03,3.949722e+04,4.185195e+04,7.339497e-01,7.513984e-03,1.641385e+01,1.023993e-01,1.103924e-06,9.796067e+03,0.000000e+00,0.000000e+00,1.088329e+04,0.000000e+00,0.000000e+00,0.000000e+00,0.000000e+00,0.000000e+00,0.000000e+00,0.000000e+00,0.000000e+00,0.000000e+00,0.000000e+00,0.000000e+00,0.000000e+00,0.000000e+00,0.000000e+00,0.000000e+00,0.000000e+00,0.000000e+00,0.000000e+00,0.000000e+00,0.000000e+00,0.000000e+00,0.000000e+00,0.000000e+00,0.000000e+00,0.000000e+00,0.000000e+00,0.000000e+00,0.000000e+00,0.000000e+00,0.000000e+00,0.000000e+00,0.000000e+00,0.000000e+00,0.000000e+00,0.000000e+00,0.000000e+00,0.000000e+00,3.949722e+04,1.252215e+03,3.490042e-01,4.487406e-03,1.947565e-01,1.136609e-03,0.000000e+00,0.000000e+00,0.000000e+00,0.000000e+00,0.000000e+00,0.000000e+00,0.000000e+00,0.000000e+00,0.000000e+00,0.000000e+00,0.000000e+00,0.000000e+00,0.000000e+00,0.000000e+00,0.000000e+00,0.000000e+00,0.000000e+00,0.000000e+00,0.000000e+00,0.000000e+00,0.000000e+00,5.811608e+04,-7.228599e+03,8.780761e+04,1.328424e+00,-2.698183e-02,-3.754896e+01,-1.656383e+00,1.586211e-02,-5.510399e-01,6.208778e-03,-2.438239e-03,4.668441e+01,-9.164586e-01,-8.143149e-03,-2.184288e-03,1.801221e-01,1.031859e-03,2.456768e+00,-7.233161e-02,-2.409342e-01,4.582876e+03,-5.572511e+04,7.187197e+03,-8.934742e+04,-2.489272e-01,3.855994e+01,-3.714603e-02,-7.333886e+01,1.416832e+03,2.906624e+01
4.500831e-03,3.951142e+04,4.182716e+04,7.320849e-01,7.396750e-03,1.642321e+01,1.023993e-01,9.982390e-07,9.803636e+03,0.000000e+00,0.000000e+00,1.088640e+04,0.000000e+00,0.000000e+00,0.000000e+00,0.000000e+00,0.000000e+00,0.000000e+00,0.000000e+00,0.000000e+00,0.000000e+00,0.000000e+00,0.000000e+00,0.000000e+00,0.000000e+00,0.000000e+00,0.000000e+00,0.000000e+00,0.000000e+00,0.000000e+00,0.000000e+00,0.000000e+00,0.000000e+00,0.000000e+00,0.000000e+00,0.000000e+00,0.000000e+00,0.000000e+00,0.000000e+00,0.000000e+00,0.000000e+00,0.000000e+00,0.000000e+00,0.000000e+00,0.000000e+00,0.000000e+00,0.000000e+00,0.000000e+00,0.000000e+00,3.951142e+04,1.241902e+03,3.484010e-01,4.406581e-03,2.054825e-01,1.136610e-03,0.000000e+00,0.000000e+00,0.000000e+00,0.000000e+00,0.000000e+00,0.000000e+00,0.000000e+00,0.000000e+00,0.000000e+00,0.000000e+00,0.000000e+00,0.000000e+00,0.000000e+00,0.000000e+00,0.000000e+00,0.000000e+00,0.000000e+00,0.000000e+00,0.000000e+00,0.000000e+00,0.000000e+00,5.784859e+04,-6.279290e+03,8.775837e+04,1.329254e+00,-2.685289e-02,-3.754618e+01,-1.656020e+00,1.585658e-02,-5.512376e-01,6.208717e-03,-2.437084e-03,4.669381e+01,-9.146422e-01,-8.021655e-03,-2.184276e-03,1.801179e-01,1.029140e-03,2.504440e+00,-6.564726e-01,-2.716148e-01,4.581939e+03,-5.582722e+04,6.237807e+03,-8.906083e+04,-2.490867e-01,3.857490e+01,-3.695605e-02,-6.313768e+01,1.431896e+03,2.904438e+01
4.510403e-03,3.952423e+04,4.180295e+04,7.303682e-01,7.288751e-03,1.643182e+01,1.023993e-01,9.774247e-07,9.811959e+03,0.000000e+00,0.000000e+00,1.088968e+04,0.000000e+00,0.000000e+00,0.000000e+00,0.000000e+00,0.000000e+00,0.000000e+00,0.000000e+00,0.000000e+00,0.000000e+00,0.000000e+00,0.000000e+00,0.000000e+00,0.000000e+00,0.000000e+00,0.000000e+00,0.000000e+00,0.000000e+00,0.000000e+00,0.000000e+00,0.000000e+00,0.000000e+00,0.000000e+00,0.000000e+00,0.000000e+00,0.000000e+00,0.000000e+00,0.000000e+00,0.000000e+00,0.000000e+00,0.000000e+00,0.000000e+00,0.000000e+00,0.000000e+00,0.000000e+00,0.000000e+00,0.000000e+00,0.000000e+00,3.952423e+04,1.232957e+03,3.478271e-01,4.277289e-03,2.154989e-01,1.136610e-03,0.000000e+00,0.000000e+00,0.000000e+00,0.000000e+00,0.000000e+00,0.000000e+00,0.000000e+00,0.000000e+00,0.000000e+00,0.000000e+00,0.000000e+00,0.000000e+00,0.000000e+00,0.000000e+00,0.000000e+00,0.000000e+00,0.000000e+00,0.000000e+00,0.000000e+00,0.000000e+00,0.000000e+00,1.005185e+05,7.510864e+03,1.052125e+05,1.329964e+00,-2.695267e-02,-3.754295e+01,-1.655623e+00,1.571004e-02,-5.514159e-01,6.208665e-03,-2.436271e-03,4.670241e+01,-9.129739e-01,-7.912476e-03,-2.184286e-03,1.801089e-01,1.026769e-03,2.548295e+00,-1.171570e+00,-2.496220e-01,4.580887e+03,-5.404460e+04,-7.575105e+03,-1.350994e+05,-2.466163e-01,3.859105e+01,-3.676165e-02,6.288444e+02,1.953758e+03,2.054967e+01
4.520587e-03,3.953828e+04,4.177854e+04,7.285440e-01,7.172444e-03,1.644097e+01,1.023993e-01,1.105721e-06,9.819489e+03,0.000000e+00,0.000000e+00,1.089267e+04,0.000000e+00,0.000000e+00,0.000000e+00,0.000000e+00,0.000000e+00,0.000000e+00,0.000000e+00,0.000000e+00,0.000000e+00,0.000000e+00,0.000000e+00,0.000000e+00,0.000000e+00,0.000000e+00,0.000000e+00,0.000000e+00,0.000000e+00,0.000000e+00,0.000000e+00,0.000000e+00,0.000000e+00,0.000000e+00,0.000000e+00,0.000000e+00,0.000000e+00,0.000000e+00,0.000000e+00,0.000000e+00,0.000000e+00,0.000000e+00,0.000000e+00,0.000000e+00,0.000000e+00,0.000000e+00,0.000000e+00,0.000000e+00,0.000000e+00,3.953828e+04,1.223586e+03,3.472983e-01,4.155707e-03,2.260456e-01,1.136610e-03,0.000000e+00,0.000000e+00,0.000000e+00,0.000000e+00,0.000000e+00,0.000000e+00,0.000000e+00,0.000000e+00,0.000000e+00,0.000000e+00,0.000000e+00,0.000000e+00,0.000000e+00,0.000000e+00,0.000000e+00,0.000000e+00,0.000000e+00,0.000000e+00,0.000000e+00,0.000000e+00,0.000000e+00,5.884875e+04,2.545592e+03,8.795369e+04,1.330795e+00,-2.700217e-02,-3.754024e+01,-1.655259e+00,1.570038e-02,-5.516133e-01,6.208608e-03,-2.435568e-03,4.671148e+01,-9.112148e-01,-7.799420e-03,-2.184320e-03,1.800937e-01,1.024142e-03,2.594943e+00,-1.748689e+00,-2.333903e-01,4.579931e+03,-5.565868e+04,-2.587958e+03,-9.000511e+04,-2.462034e-01,3.860600e+01,-3.626377e-02,-6.084248e+01,1.478287e+03,1.526809e+01
4.530157e-03,3.955121e+04,4.175579e+04,7.268267e-01,7.060841e-03,1.644958e+01,1.023993e-01,9.774008e-07,9.826474e+03,0.000000e+00,0.000000e+00,1.089564e+04,0.000000e+00,0.000000e+00,0.000000e+00,0.000000e+00,0.000000e+00,0.000000e+00,0.000000e+00,0.000000e+00,0.000000e+00,0.000000e+00,0.000000e+00,0.000000e+00,0.000000e+00,0.000000e+00,0.000000e+00,0.000000e+00,0.000000e+00,0.000000e+00,0.000000e+00,0.000000e+00,0.000000e+00,0.000000e+00,0.000000e+00,0.000000e+00,0.000000e+00,0.000000e+00,0.000000e+00,0.000000e+00,0.000000e+00,0.000000e+00,0.000000e+00,0.000000e+00,0.000000e+00,0.000000e+00,0.000000e+00,0.000000e+00,0.000000e+00,3.955121e+04,1.214611e+03,3.468065e-01,4.030323e-03,2.360781e-01,1.136610e-03,0.000000e+00,0.000000e+00,0.000000e+00,0.000000e+00,0.000000e+00,0.000000e+00,0.000000e+00,0.000000e+00,0.000000e+00,0.000000e+00,0.000000e+00,0.000000e+00,0.000000e+00,0.000000e+00,0.000000e+00,0.000000e+00,0.000000e+00,0.000000e+00,0.000000e+00,0.000000e+00,0.000000e+00,6.046410e+04,1.025000e+04,9.335859e+04,1.331586e+00,-2.695344e-02,-3.753766e+01,-1.654906e+00,1.569708e-02,-5.517995e-01,6.208549e-03,-2.434736e-03,4.672014e+01,-9.095393e-01,-7.689785e-03,-2.184358e-03,1.800741e-01,1.021878e-03,2.638769e+00,-2.297038e+00,-2.338047e-01,4.579069e+03,-5.994310e+04,-1.029425e+04,-9.368911e+04,-2.464567e-01,3.861984e+01,-3.586791e-02,3.942535e+01,1.420654e+03,6.433298e+01
4.540632e-03,3.956497e+04,4.173135e+04,7.249442e-01,6.938946e-03,1.645902e+01,1.023993e-01,1.107030e-06,9.834141e+03,0.000000e+00,0.000000e+00,1.089872e+04,0.000000e+00,0.000000e+00,0.000000e+00,0.000000e+00,0.000000e+00,0.000000e+00,0.000000e+00,0.000000e+00,0.000000e+00,0.000000e+00,0.000000e+00,0.000000e+00,0.000000e+00,0.000000e+00,0.000000e+00,0.000000e+00,0.000000e+00,0.000000e+00,0.000000e+00,0.000000e+00,0.000000e+00,0.000000e+00,0.000000e+00,0.000000e+00,0.000000e+00,0.000000e+00,0.000000e+00,0.000000e+00,0.000000e+00,0.000000e+00,0.000000e+00,0.000000e+00,0.000000e+00,0.000000e+00,0.000000e+00,0.000000e+00,0.000000e+00,3.956497e+04,1.205165e+03,3.462810e-01,3.874518e-03,2.469308e-01,1.136610e-03,0.000000e+00,0.000000e+00,0.000000e+00,0.000000e+00,0.000000e+00,0.000000e+00,0.000000e+00,0.000000e+00,0.000000e+00,0.000000e+00,0.000000e+00,0.000000e+00,0.000000e+00,0.000000e+00,0.000000e+00,0.000000e+00,0.000000e+00,0.000000e+00,0.000000e+00,0.000000e+00,0.000000e+00,5.414558e+04,-4.960836e+03,8.539688e+04,1.332425e+00,-2.706108e-02,-3.753488e+01,-1.654506e+00,1.567761e-02,-5.519839e-01,6.208485e-03,-2.433919e-03,4.672952e+01,-9.077272e-01,-7.568364e-03,-2.184372e-03,1.800465e-01,1.019386e-03,2.686727e+00,-2.895036e+00,-2.131934e-01,4.578133e+03,-5.534605e+04,4.920698e+03,-8.462613e+04,-2.468998e-01,3.863482e+01,-3.549080e-02,-2.410844e+01,1.409408e+03,7.510835e+01
4.551025e-03,3.957814e+04,4.170750e+04,7.230812e-01,6.822309e-03,1.646836e+01,1.023993e-01,1.107449e-06,9.841690e+03,0.000000e+00,0.000000e+00,1.090190e+04,0.000000e+00,0.000000e+00,0.000000e+00,0.000000e+00,0.000000e+00,0.000000e+00,0.000000e+00,0.000000e+00,0.000000e+00,0.000000e+00,0.000000e+00,0.000000e+00,0.000000e+00,0.000000e+00,0.000000e+00,0.000000e+00,0.000000e+00,0.000000e+00,0.000000e+00,0.000000e+00,0.000000e+00,0.000000e+00,0.000000e+00,0.000000e+00,0.000000e+00,0.000000e+00,0.000000e+00,0.000000e+00,0.000000e+00,0.000000e+00,0.000000e+00,0.000000e+00,0.000000e+00,0.000000e+00,0.000000e+00,0.000000e+00,0.000000e+00,3.957814e+04,1.195985e+03,3.457730e-01,3.750540e-03,2.577192e-01,1.136610e-03,0.000000e+00,0.000000e+00,0.000000e+00,0.000000e+00,0.000000e+00,0.000000e+00,0.000000e+00,0.000000e+00,0.000000e+00,0.000000e+00,0.000000e+00,0.000000e+00,0.000000e+00,0.000000e+00,0.000000e+00,0.000000e+00,0.000000e+00,0.000000e+00,0.000000e+00,0.000000e+00,0.000000e+00,5.442227e+04,-6.363047e+03,8.669066e+04,1.333306e+00,-2.699479e-02,-3.753206e+01,-1.654109e+00,1.566711e-02,-5.521964e-01,6.208420e-03,-2.433086e-03,4.673886e+01,-9.059201e-01,-7.450627e-03,-2.184383e-03,1.800130e-01,1.017086e-03,2.734301e+00,-3.507034e+00,-2.255666e-01,4.577187e+03,-5.644371e+04,6.322354e+03,-8.539132e+04,-2.472308e-01,3.864967e+01,-3.513912e-02,-3.066804e+01,1.401718e+03,6.596155e+01
4.560996e-03,3.959043e+04,4.168516e+04,7.212974e-01,6.711610e-03,1.647730e+01,1.023993e-01,1.108277e-06,9.848979e+03,0.000000e+00,0.000000e+00,1.090472e+04,0.000000e+00,0.000000e+00,0.000000e+00,0.000000e+00,0.000000e+00,0.000000e+00,0.000000e+00,0.000000e+00,0.000000e+00,0.000000e+00,0.000000e+00,0.000000e+00,0.000000e+00,0.000000e+00,0.000000e+00,0.000000e+00,0.000000e+00,0.000000e+00,0.000000e+00,0.000000e+00,0.000000e+00,0.000000e+00,0.000000e+00,0.000000e+00,0.000000e+00,0.000000e+00,0.000000e+00,0.000000e+00,0.000000e+00,0.000000e+00,0.000000e+00,0.000000e+00,0.000000e+00,0.000000e+00,0.000000e+00,0.000000e+00,0.000000e+00,3.959043e+04,1.187201e+03,3.452592e-01,3.622048e-03,2.679632e-01,1.136610e-03,0.000000e+00,0.000000e+00,0.000000e+00,0.000000e+00,0.000000e+00,0.000000e+00,0.000000e+00,0.000000e+00,0.000000e+00,0.000000e+00,0.000000e+00,0.000000e+00,0.000000e+00,0.000000e+00,0.000000e+00,0.000000e+00,0.000000e+00,0.000000e+00,0.000000e+00,0.000000e+00,0.000000e+00,5.647410e+04,-5.869975e+03,8.922629e+04,1.334091e+00,-2.703568e-02,-3.752944e+01,-1.653702e+00,1.564754e-02,-5.523649e-01,6.208359e-03,-2.432180e-03,4.674776e+01,-9.041969e-01,-7.340837e-03,-2.184408e-03,1.799750e-01,1.014941e-03,2.779936e+00,-4.071182e+00,-2.087569e-01,4.576316e+03,-5.793855e+04,5.827680e+03,-8.828519e+04,-2.477192e-01,3.866395e+01,-3.482798e-02,-6.624738e+01,1.414712e+03,4.430386e+01
4.570145e-03,3.960158e+04,4.166346e+04,7.196661e-01,6.608414e-03,1.648549e+01,1.023993e-01,1.078746e-06,9.856547e+03,0.000000e+00,0.000000e+00,1.090777e+04,0.000000e+00,0.000000e+00,0.000000e+00,0.000000e+00,0.000000e+00,0.000000e+00,0.000000e+00,0.000000e+00,0.000000e+00,0.000000e+00,0.000000e+00,0.000000e+00,0.000000e+00,0.000000e+00,0.000000e+00,0.000000e+00,0.000000e+00,0.000000e+00,0.000000e+00,0.000000e+00,0.000000e+00,0.000000e+00,0.000000e+00,0.000000e+00,0.000000e+00,0.000000e+00,0.000000e+00,0.000000e+00,0.000000e+00,0.000000e+00,0.000000e+00,0.000000e+00,0.000000e+00,0.000000e+00,0.000000e+00,0.000000e+00,0.000000e+00,3.960158e+04,1.179601e+03,3.448126e-01,3.531050e-03,2.774855e-01,1.136610e-03,0.000000e+00,0.000000e+00,0.000000e+00,0.000000e+00,0.000000e+00,0.000000e+00,0.000000e+00,0.000000e+00,0.000000e+00,0.000000e+00,0.000000e+00,0.000000e+00,0.000000e+00,0.000000e+00,0.000000e+00,0.000000e+00,0.000000e+00,0.000000e+00,0.000000e+00,0.000000e+00,0.000000e+00,9.390756e+04,-5.644583e+03,1.073330e+05,1.334830e+00,-2.707688e-02,-3.752645e+01,-1.653365e+00,1.554004e-02,-5.525953e-01,6.208301e-03,-2.431298e-03,4.675597e+01,-9.026164e-01,-7.237591e-03,-2.184427e-03,1.799349e-01,1.013054e-03,2.821802e+00,-4.616920e+00,-2.139893e-01,4.575341e+03,-5.901545e+04,5.581212e+03,-1.298341e+05,-2.454516e-01,3.867858e+01,-3.469397e-02,5.204919e+02,1.881285e+03,-3.534179e+01
4.580863e-03,3.961504e+04,4.163928e+04,7.177586e-01,6.487260e-03,1.649505e+01,1.023993e-01,9.792238e-07,9.864404e+03,0.000000e+00,0.000000e+00,1.091072e+04,0.000000e+00,0.000000e+00,0.000000e+00,0.000000e+00,0.000000e+00,0.000000e+00,0.000000e+00,0.000000e+00,0.000000e+00,0.000000e+00,0.000000e+00,0.000000e+00,0.000000e+00,0.000000e+00,0.000000e+00,0.000000e+00,0.000000e+00,0.000000e+00,0.000000e+00,0.000000e+00,0.000000e+00,0.000000e+00,0.000000e+00,0.000000e+00,0.000000e+00,0.000000e+00,0.000000e+00,0.000000e+00,0.000000e+00,0.000000e+00,0.000000e+00,0.000000e+00,0.000000e+00,0.000000e+00,0.000000e+00,0.000000e+00,0.000000e+00,3.961504e+04,1.170707e+03,3.443221e-01,3.378424e-03,2.885348e-01,1.136610e-03,0.000000e+00,0.000000e+00,0.000000e+00,0.000000e+00,0.000000e+00,0.000000e+00,0.000000e+00,0.000000e+00,0.000000e+00,0.000000e+00,0.000000e+00,0.000000e+00,0.000000e+00,0.000000e+00,0.000000e+00,0.000000e+00,0.000000e+00,0.000000e+00,0.000000e+00,0.000000e+00,0.000000e+00,5.957264e+04,5.148959e+03,9.540980e+04,1.335701e+00,-2.718986e-02,-3.752361e+01,-1.652921e+00,1.551785e-02,-5.528085e-01,6.208233e-03,-2.430376e-03,4.676554e+01,-9.007729e-01,-7.115350e-03,-2.184438e-03,1.798818e-01,1.011001e-03,2.870834e+00,-5.237939e+00,-1.651320e-01,4.574361e+03,-6.236279e+04,-5.194214e+03,-9.360740e+04,-2.454354e-01,3.869423e+01,-3.435808e-02,-4.888086e+01,1.414058e+03,1.753585e+01
4.590156e-03,3.962640e+04,4.161862e+04,7.161102e-01,6.383307e-03,1.650332e+01,1.023993e-01,1.109622e-06,9.871051e+03,0.000000e+00,0.000000e+00,1.091340e+04,0.000000e+00,0.000000e+00,0.000000e+00,0.000000e+00,0.000000e+00,0.000000e+00,0.000000e+00,0.000000e+00,0.000000e+00,0.000000e+00,0.000000e+00,0.000000e+00,0.000000e+00,0.000000e+00,0.000000e+00,0.000000e+00,0.000000e+00,0.000000e+00,0.000000e+00,0.000000e+00,0.000000e+00,0.000000e+00,0.000000e+00,0.000000e+00,0.000000e+00,0.000000e+00,0.000000e+00,0.000000e+00,0.000000e+00,0.000000e+00,0.000000e+00,0.000000e+00,0.000000e+00,0.000000e+00,0.000000e+00,0.000000e+00,0.000000e+00,3.962640e+04,1.162992e+03,3.439165e-01,3.323215e-03,2.980724e-01,1.136610e-03,0.000000e+00,0.000000e+00,0.000000e+00,0.000000e+00,0.000000e+00,0.000000e+00,0.000000e+00,0.000000e+00,0.000000e+00,0.000000e+00,0.000000e+00,0.000000e+00,0.000000e+00,0.000000e+00,0.000000e+00,0.000000e+00,0.000000e+00,0.000000e+00,0.000000e+00,0.000000e+00,0.000000e+00,5.514139e+04,-5.282903e+03,8.914994e+04,1.336471e+00,-2.709241e-02,-3.752114e+01,-1.652533e+00,1.550968e-02,-5.530084e-01,6.208172e-03,-2.429517e-03,4.677378e+01,-8.991795e-01,-7.010862e-03,-2.184452e-03,1.798301e-01,1.009152e-03,2.913341e+00,-5.791572e+00,-1.973849e-01,4.573536e+03,-5.851756e+04,5.240683e+03,-8.697369e+04,-2.457204e-01,3.870727e+01,-3.406764e-02,-6.670966e+01,1.405952e+03,4.130749e+01
4.600512e-03,3.963857e+04,4.159605e+04,7.142808e-01,6.267137e-03,1.651249e+01,1.023993e-01,9.774376e-07,9.878450e+03,0.000000e+00,0.000000e+00,1.091647e+04,0.000000e+00,0.000000e+00,0.000000e+00,0.000000e+00,0.000000e+00,0.000000e+00,0.000000e+00,0.000000e+00,0.000000e+00,0.000000e+00,0.000000e+00,0.000000e+00,0.000000e+00,0.000000e+00,0.000000e+00,0.000000e+00,0.000000e+00,0.000000e+00,0.000000e+00,0.000000e+00,0.000000e+00,0.000000e+00,0.000000e+00,0.000000e+00,0.000000e+00,0.000000e+00,0.000000e+00,0.000000e+00,0.000000e+00,0.000000e+00,0.000000e+00,0.000000e+00,0.000000e+00,0.000000e+00,0.000000e+00,0.000000e+00,0.000000e+00,3.963857e+04,1.154574e+03,3.434508e-01,3.227036e-03,3.086939e-01,1.136610e-03,0.000000e+00,0.000000e+00,0.000000e+00,0.000000e+00,0.000000e+00,0.000000e+00,0.000000e+00,0.000000e+00,0.000000e+00,0.000000e+00,0.000000e+00,0.000000e+00,0.000000e+00,0.000000e+00,0.000000e+00,0.000000e+00,0.000000e+00,0.000000e+00,0.000000e+00,0.000000e+00,0.000000e+00,5.589140e+04,9.922740e+03,9.292026e+04,1.337351e+00,-2.703416e-02,-3.751836e+01,-1.652094e+00,1.549064e-02,-5.532454e-01,6.208109e-03,-2.428492e-03,4.678300e+01,-8.973997e-01,-6.894269e-03,-2.184475e-03,1.797667e-01,1.007271e-03,2.960696e+00,-6.413275e+00,-1.931093e-01,4.572614e+03,-6.168041e+04,-9.966196e+03,-8.917783e+04,-2.463557e-01,3.872189e+01,-3.381248e-02,1.439143e+01,1.362064e+03,4.739721e+01
4.610929e-03,3.965047e+04,4.157288e+04,7.124513e-01,6.149113e-03,1.652166e+01,1.023993e-01,1.078590e-06,9.886458e+03,0.000000e+00,0.000000e+00,1.091979e+04,0.000000e+00,0.000000e+00,0.000000e+00,0.000000e+00,0.000000e+00,0.000000e+00,0.000000e+00,0.000000e+00,0.000000e+00,0.000000e+00,0.000000e+00,0.000000e+00,0.000000e+00,0.000000e+00,0.000000e+00,0.000000e+00,0.000000e+00,0.000000e+00,0.000000e+00,0.000000e+00,0.000000e+00,0.000000e+00,0.000000e+00,0.000000e+00,0.000000e+00,0.000000e+00,0.000000e+00,0.000000e+00,0.000000e+00,0.000000e+00,0.000000e+00,0.000000e+00,0.000000e+00,0.000000e+00,0.000000e+00,0.000000e+00,0.000000e+00,3.965047e+04,1.146292e+03,3.429647e-01,3.120348e-03,3.191891e-01,1.136610e-03,0.000000e+00,0.000000e+00,0.000000e+00,0.000000e+00,0.000000e+00,0.000000e+00,0.000000e+00,0.000000e+00,0.000000e+00,0.000000e+00,0.000000e+00,0.000000e+00,0.000000e+00,0.000000e+00,0.000000e+00,0.000000e+00,0.000000e+00,0.000000e+00,0.000000e+00,0.000000e+00,0.000000e+00,1.133312e+05,-3.500191e+03,1.142239e+05,1.338158e+00,-2.715714e-02,-3.751527e+01,-1.651658e+00,1.538905e-02,-5.534798e-01,6.208045e-03,-2.427436e-03,4.679213e+01,-8.956400e-01,-6.776427e-03,-2.184493e-03,1.796963e-01,1.005202e-03,3.008326e+00,-7.026741e+00,-1.837950e-01,4.571650e+03,-5.751421e+04,3.425000e+03,-1.502787e+05,-2.460508e-01,3.873708e+01,-3.368634e-02,1.019491e+03,2.153608e+03,-6.803927e+01
4.620156e-03,3.966135e+04,4.155266e+04,7.108377e-01,6.043958e-03,1.652975e+01,1.023993e-01,9.994201e-07,9.893391e+03,0.000000e+00,0.000000e+00,1.092223e+04,0.000000e+00,0.000000e+00,0.000000e+00,0.000000e+00,0.000000e+00,0.000000e+00,0.000000e+00,0.000000e+00,0.000000e+00,0.000000e+00,0.000000e+00,0.000000e+00,0.000000e+00,0.000000e+00,0.000000e+00,0.000000e+00,0.000000e+00,0.000000e+00,0.000000e+00,0.000000e+00,0.000000e+00,0.000000e+00,0.000000e+00,0.000000e+00,0.000000e+00,0.000000e+00,0.000000e+00,0.000000e+00,0.000000e+00,0.000000e+00,0.000000e+00,0.000000e+00,0.000000e+00,0.000000e+00,0.000000e+00,0.000000e+00,0.000000e+00,3.966135e+04,1.139369e+03,3.425847e-01,3.061570e-03,3.286144e-01,1.136610e-03,0.000000e+00,0.000000e+00,0.000000e+00,0.000000e+00,0.000000e+00,0.000000e+00,0.000000e+00,0.000000e+00,0.000000e+00,0.000000e+00,0.000000e+00,0.000000e+00,0.000000e+00,0.000000e+00,0.000000e+00,0.000000e+00,0.000000e+00,0.000000e+00,0.000000e+00,0.000000e+00,0.000000e+00,5.637887e+04,-8.277824e+03,9.236148e+04,1.338935e+00,-2.704969e-02,-3.751272e+01,-1.651263e+00,1.536163e-02,-5.537009e-01,6.207990e-03,-2.426486e-03,4.680021e+01,-8.940806e-01,-6.670350e-03,-2.184504e-03,1.796287e-01,1.003427e-03,3.050502e+00,-7.582186e+00,-2.158622e-01,4.570737e+03,-6.103791e+04,8.233842e+03,-8.935503e+04,-2.447967e-01,3.875108e+01,-3.355582e-02,-1.026566e+02,1.393809e+03,2.090555e+01
4.630869e-03,3.967352e+04,4.152995e+04,7.089713e-01,5.921736e-03,1.653911e+01,1.023993e-01,9.793276e-07,9.900996e+03,0.000000e+00,0.000000e+00,1.092520e+04,0.000000e+00,0.000000e+00,0.000000e+00,0.000000e+00,0.000000e+00,0.000000e+00,0.000000e+00,0.000000e+00,0.000000e+00,0.000000e+00,0.000000e+00,0.000000e+00,0.000000e+00,0.000000e+00,0.000000e+00,0.000000e+00,0.000000e+00,0.000000e+00,0.000000e+00,0.000000e+00,0.000000e+00,0.000000e+00,0.000000e+00,0.000000e+00,0.000000e+00,0.000000e+00,0.000000e+00,0.000000e+00,0.000000e+00,0.000000e+00,0.000000e+00,0.000000e+00,0.000000e+00,0.000000e+00,0.000000e+00,0.000000e+00,0.000000e+00,3.967352e+04,1.131121e+03,3.421196e-01,2.948478e-03,3.393660e-01,1.136610e-03,0.000000e+00,0.000000e+00,0.000000e+00,0.000000e+00,0.000000e+00,0.000000e+00,0.000000e+00,0.000000e+00,0.000000e+00,0.000000e+00,0.000000e+00,0.000000e+00,0.000000e+00,0.000000e+00,0.000000e+00,0.000000e+00,0.000000e+00,0.000000e+00,0.000000e+00,0.000000e+00,0.000000e+00,5.712921e+04,7.238436e+03,9.390856e+04,1.339796e+00,-2.707951e-02,-3.750991e+01,-1.650781e+00,1.533003e-02,-5.539351e-01,6.207925e-03,-2.425425e-03,4.680957e+01,-8.922795e-01,-6.548291e-03,-2.184524e-03,1.795437e-01,1.001392e-03,3.099464e+00,-8.212747e+00,-1.855155e-01,4.569822e+03,-6.217821e+04,-7.283275e+03,-9.064095e+04,-2.457088e-01,3.876595e+01,-3.332220e-02,-3.725853e+01,1.388771e+03,2.093377e+01
4.641055e-03,3.968462e+04,4.150869e+04,7.072018e-01,5.805526e-03,1.654799e+01,1.023993e-01,1.100885e-06,9.908159e+03,0.000000e+00,0.000000e+00,1.092815e+04,0.000000e+00,0.000000e+00,0.000000e+00,0.000000e+00,0.000000e+00,0.000000e+00,0.000000e+00,0.000000e+00,0.000000e+00,0.000000e+00,0.000000e+00,0.000000e+00,0.000000e+00,0.000000e+00,0.000000e+00,0.000000e+00,0.000000e+00,0.000000e+00,0.000000e+00,0.000000e+00,0.000000e+00,0.000000e+00,0.000000e+00,0.000000e+00,0.000000e+00,0.000000e+00,0.000000e+00,0.000000e+00,0.000000e+00,0.000000e+00,0.000000e+00,0.000000e+00,0.000000e+00,0.000000e+00,0.000000e+00,0.000000e+00,0.000000e+00,3.968462e+04,1.123481e+03,3.416946e-01,2.867673e-03,3.495757e-01,1.136610e-03,0.000000e+00,0.000000e+00,0.000000e+00,0.000000e+00,0.000000e+00,0.000000e+00,0.000000e+00,0.000000e+00,0.000000e+00,0.000000e+00,0.000000e+00,0.000000e+00,0.000000e+00,0.000000e+00,0.000000e+00,0.000000e+00,0.000000e+00,0.000000e+00,0.000000e+00,0.000000e+00,0.000000e+00,5.310077e+04,1.476432e+03,8.789469e+04,1.340647e+00,-2.701081e-02,-3.750721e+01,-1.650325e+00,1.530689e-02,-5.541847e-01,6.207863e-03,-2.424480e-03,4.681846e+01,-8.905700e-01,-6.433274e-03,-2.184552e-03,1.794565e-01,9.992748e-04,3.146005e+00,-8.833019e+00,-2.041201e-01,4.568928e+03,-5.838138e+04,-1.518414e+03,-8.447873e+04,-2.463288e-01,3.877997e+01,-3.307040e-02,-8.580885e+01,1.392865e+03,2.578326e+00
4.650525e-03,3.969514e+04,4.148779e+04,7.055584e-01,5.697307e-03,1.655622e+01,1.023993e-01,9.774000e-07,9.915722e+03,0.000000e+00,0.000000e+00,1.093108e+04,0.000000e+00,0.000000e+00,0.000000e+00,0.000000e+00,0.000000e+00,0.000000e+00,0.000000e+00,0.000000e+00,0.000000e+00,0.000000e+00,0.000000e+00,0.000000e+00,0.000000e+00,0.000000e+00,0.000000e+00,0.000000e+00,0.000000e+00,0.000000e+00,0.000000e+00,0.000000e+00,0.000000e+00,0.000000e+00,0.000000e+00,0.000000e+00,0.000000e+00,0.000000e+00,0.000000e+00,0.000000e+00,0.000000e+00,0.000000e+00,0.000000e+00,0.000000e+00,0.000000e+00,0.000000e+00,0.000000e+00,0.000000e+00,0.000000e+00,3.969514e+04,1.116792e+03,3.412963e-01,2.819259e-03,3.592582e-01,1.136609e-03,0.000000e+00,0.000000e+00,0.000000e+00,0.000000e+00,0.000000e+00,0.000000e+00,0.000000e+00,0.000000e+00,0.000000e+00,0.000000e+00,0.000000e+00,0.000000e+00,0.000000e+00,0.000000e+00,0.000000e+00,0.000000e+00,0.000000e+00,0.000000e+00,0.000000e+00,0.000000e+00,0.000000e+00,5.908045e+04,-5.248901e+03,1.006381e+05,1.341429e+00,-2.700978e-02,-3.750425e+01,-1.649916e+00,1.521368e-02,-5.544433e-01,6.207804e-03,-2.423689e-03,4.682676e+01,-8.889728e-01,-6.325474e-03,-2.184576e-03,1.793699e-01,9.973390e-04,3.189269e+00,-9.411703e+00,-2.218183e-01,4.567950e+03,-6.758564e+04,5.201477e+03,-9.513781e+04,-2.444731e-01,3.879485e+01,-3.303827e-02,-4.404482e+01,1.424558e+03,3.009120e+01
4.660188e-03,3.970563e+04,4.146773e+04,7.038825e-01,5.587510e-03,1.656463e+01,1.023993e-01,1.097730e-06,9.922667e+03,0.000000e+00,0.000000e+00,1.093371e+04,0.000000e+00,0.000000e+00,0.000000e+00,0.000000e+00,0.000000e+00,0.000000e+00,0.000000e+00,0.000000e+00,0.000000e+00,0.000000e+00,0.000000e+00,0.000000e+00,0.000000e+00,0.000000e+00,0.000000e+00,0.000000e+00,0.000000e+00,0.000000e+00,0.000000e+00,0.000000e+00,0.000000e+00,0.000000e+00,0.000000e+00,0.000000e+00,0.000000e+00,0.000000e+00,0.000000e+00,0.000000e+00,0.000000e+00,0.000000e+00,0.000000e+00,0.000000e+00,0.000000e+00,0.000000e+00,0.000000e+00,0.000000e+00,0.000000e+00,3.970563e+04,1.109916e+03,3.409150e-01,2.705601e-03,3.688935e-01,1.136610e-03,0.000000e+00,0.000000e+00,0.000000e+00,0.000000e+00,0.000000e+00,0.000000e+00,0.000000e+00,0.000000e+00,0.000000e+00,0.000000e+00,0.000000e+00,0.000000e+00,0.000000e+00,0.000000e+00,0.000000e+00,0.000000e+00,0.000000e+00,0.000000e+00,0.000000e+00,0.000000e+00,0.000000e+00,5.350631e+04,-1.796430e+03,8.928258e+04,1.342202e+00,-2.704990e-02,-3.750172e+01,-1.649453e+00,1.518986e-02,-5.546504e-01,6.207748e-03,-2.422867e-03,4.683510e+01,-8.873652e-01,-6.216726e-03,-2.184595e-03,1.792757e-01,9.953387e-04,3.233405e+00,-9.993923e+00,-2.030326e-01,4.567117e+03,-5.954409e+04,1.753636e+03,-8.537539e+04,-2.451521e-01,3.880835e+01,-3.283507e-02,-5.650627e+01,1.407295e+03,2.113047e+01
4.670624e-03,3.971654e+04,4.144548e+04,7.020720e-01,5.469354e-03,1.657371e+01,1.023993e-01,1.078144e-06,9.930831e+03,0.000000e+00,0.000000e+00,1.093694e+04,0.000000e+00,0.000000e+00,0.000000e+00,0.000000e+00,0.000000e+00,0.000000e+00,0.000000e+00,0.000000e+00,0.000000e+00,0.000000e+00,0.000000e+00,0.000000e+00,0.000000e+00,0.000000e+00,0.000000e+00,0.000000e+00,0.000000e+00,0.000000e+00,0.000000e+00,0.000000e+00,0.000000e+00,0.000000e+00,0.000000e+00,0.000000e+00,0.000000e+00,0.000000e+00,0.000000e+00,0.000000e+00,0.000000e+00,0.000000e+00,0.000000e+00,0.000000e+00,0.000000e+00,0.000000e+00,0.000000e+00,0.000000e+00,0.000000e+00,3.971654e+04,1.102827e+03,3.405122e-01,2.616221e-03,3.794620e-01,1.136609e-03,0.000000e+00,0.000000e+00,0.000000e+00,0.000000e+00,0.000000e+00,0.000000e+00,0.000000e+00,0.000000e+00,0.000000e+00,0.000000e+00,0.000000e+00,0.000000e+00,0.000000e+00,0.000000e+00,0.000000e+00,0.000000e+00,0.000000e+00,0.000000e+00,0.000000e+00,0.000000e+00,0.000000e+00,7.644669e+04,-1.663755e+03,9.901914e+04,1.343078e+00,-2.704990e-02,-3.749854e+01,-1.648984e+00,1.510082e-02,-5.549383e-01,6.207687e-03,-2.422016e-03,4.684420e+01,-8.856158e-01,-6.098815e-03,-2.184615e-03,1.791676e-01,9.931645e-04,3.281061e+00,-1.064788e+01,-2.143215e-01,4.566080e+03,-5.907791e+04,1.607587e+03,-1.102673e+05,-2.439136e-01,3.882419e+01,-3.281962e-02,3.511612e+02,1.673544e+03,-3.869849e+01
4.680135e-03,3.972668e+04,4.142579e+04,7.004211e-01,5.362244e-03,1.658199e+01,1.023993e-01,9.774333e-07,9.937758e+03,0.000000e+00,0.000000e+00,1.093964e+04,0.000000e+00,0.000000e+00,0.000000e+00,0.000000e+00,0.000000e+00,0.000000e+00,0.000000e+00,0.000000e+00,0.000000e+00,0.000000e+00,0.000000e+00,0.000000e+00,0.000000e+00,0.000000e+00,0.000000e+00,0.000000e+00,0.000000e+00,0.000000e+00,0.000000e+00,0.000000e+00,0.000000e+00,0.000000e+00,0.000000e+00,0.000000e+00,0.000000e+00,0.000000e+00,0.000000e+00,0.000000e+00,0.000000e+00,0.000000e+00,0.000000e+00,0.000000e+00,0.000000e+00,0.000000e+00,0.000000e+00,0.000000e+00,0.000000e+00,3.972668e+04,1.096424e+03,3.401707e-01,2.507098e-03,3.891366e-01,1.136610e-03,0.000000e+00,0.000000e+00,0.000000e+00,0.000000e+00,0.000000e+00,0.000000e+00,0.000000e+00,0.000000e+00,0.000000e+00,0.000000e+00,0.000000e+00,0.000000e+00,0.000000e+00,0.000000e+00,0.000000e+00,0.000000e+00,0.000000e+00,0.000000e+00,0.000000e+00,0.000000e+00,0.000000e+00,5.339841e+04,6.436603e+03,8.957114e+04,1.343891e+00,-2.706644e-02,-3.749597e+01,-1.648521e+00,1.508408e-02,-5.551737e-01,6.207632e-03,-2.421242e-03,4.685252e+01,-8.840144e-01,-5.992250e-03,-2.184639e-03,1.790633e-01,9.912369e-04,3.324484e+00,-1.124032e+01,-1.976621e-01,4.565208e+03,-5.991795e+04,-6.479772e+03,-8.534438e+04,-2.440096e-01,3.883798e+01,-3.263196e-02,-6.105680e+01,1.342548e+03,1.516892e+00
4.690587e-03,3.973727e+04,4.140459e+04,6.986086e-01,5.245378e-03,1.659108e+01,1.023993e-01,9.996585e-07,9.945353e+03,0.000000e+00,0.000000e+00,1.094272e+04,0.000000e+00,0.000000e+00,0.000000e+00,0.000000e+00,0.000000e+00,0.000000e+00,0.000000e+00,0.000000e+00,0.000000e+00,0.000000e+00,0.000000e+00,0.000000e+00,0.000000e+00,0.000000e+00,0.000000e+00,0.000000e+00,0.000000e+00,0.000000e+00,0.000000e+00,0.000000e+00,0.000000e+00,0.000000e+00,0.000000e+00,0.000000e+00,0.000000e+00,0.000000e+00,0.000000e+00,0.000000e+00,0.000000e+00,0.000000e+00,0.000000e+00,0.000000e+00,0.000000e+00,0.000000e+00,0.000000e+00,0.000000e+00,0.000000e+00,3.973727e+04,1.089459e+03,3.397746e-01,2.455814e-03,3.995684e-01,1.136610e-03,0.000000e+00,0.000000e+00,0.000000e+00,0.000000e+00,0.000000e+00,0.000000e+00,0.000000e+00,0.000000e+00,0.000000e+00,0.000000e+00,0.000000e+00,0.000000e+00,0.000000e+00,0.000000e+00,0.000000e+00,0.000000e+00,0.000000e+00,0.000000e+00,0.000000e+00,0.000000e+00,0.000000e+00,9.309942e+04,-7.725241e+03,1.093643e+05,1.344733e+00,-2.705722e-02,-3.749308e+01,-1.648015e+00,1.503938e-02,-5.554298e-01,6.207570e-03,-2.420458e-03,4.686158e+01,-8.822756e-01,-5.877491e-03,-2.184665e-03,1.789422e-01,9.889554e-04,3.372194e+00,-1.187412e+01,-2.166440e-01,4.564312e+03,-6.180515e+04,7.658311e+03,-1.296503e+05,-2.445883e-01,3.885246e+01,-3.248076e-02,5.670436e+02,1.844661e+03,-6.695541e+01
4.700524e-03,3.974752e+04,4.138386e+04,6.968876e-01,5.134490e-03,1.659971e+01,1.023993e-01,1.075157e-06,9.953008e+03,0.000000e+00,0.000000e+00,1.094554e+04,0.000000e+00,0.000000e+00,0.000000e+00,0.000000e+00,0.000000e+00,0.000000e+00,0.000000e+00,0.000000e+00,0.000000e+00,0.000000e+00,0.000000e+00,0.000000e+00,0.000000e+00,0.000000e+00,0.000000e+00,0.000000e+00,0.000000e+00,0.000000e+00,0.000000e+00,0.000000e+00,0.000000e+00,0.000000e+00,0.000000e+00,0.000000e+00,0.000000e+00,0.000000e+00,0.000000e+00,0.000000e+00,0.000000e+00,0.000000e+00,0.000000e+00,0.000000e+00,0.000000e+00,0.000000e+00,0.000000e+00,0.000000e+00,0.000000e+00,3.974752e+04,1.083267e+03,3.394194e-01,2.361252e-03,4.097439e-01,1.136610e-03,0.000000e+00,0.000000e+00,0.000000e+00,0.000000e+00,0.000000e+00,0.000000e+00,0.000000e+00,0.000000e+00,0.000000e+00,0.000000e+00,0.000000e+00,0.000000e+00,0.000000e+00,0.000000e+00,0.000000e+00,0.000000e+00,0.000000e+00,0.000000e+00,0.000000e+00,0.000000e+00,0.000000e+00,5.322805e+04,3.292643e+01,8.792161e+04,1.345568e+00,-2.700303e-02,-3.749016e+01,-1.647541e+00,1.498370e-02,-5.557039e-01,6.207516e-03,-2.419722e-03,4.687027e+01,-8.806063e-01,-5.766784e-03,-2.184686e-03,1.788207e-01,9.868497e-04,3.417547e+00,-1.250495e+01,-2.295831e-01,4.563301e+03,-5.854886e+04,-7.608966e+01,-8.447166e+04,-2.430448e-01,3.886775e+01,-3.251460e-02,-8.299342e+01,1.386437e+03,9.876884e+00
4.710915e-03,3.975766e+04,4.136280e+04,6.950930e-01,5.018033e-03,1.660871e+01,1.023993e-01,9.774172e-07,9.960759e+03,0.000000e+00,0.000000e+00,1.094874e+04,0.000000e+00,0.000000e+00,0.000000e+00,0.000000e+00,0.000000e+00,0.000000e+00,0.000000e+00,0.000000e+00,0.000000e+00,0.000000e+00,0.000000e+00,0.000000e+00,0.000000e+00,0.000000e+00,0.000000e+00,0.000000e+00,0.000000e+00,0.000000e+00,0.000000e+00,0.000000e+00,0.000000e+00,0.000000e+00,0.000000e+00,0.000000e+00,0.000000e+00,0.000000e+00,0.000000e+00,0.000000e+00,0.000000e+00,0.000000e+00,0.000000e+00,0.000000e+00,0.000000e+00,0.000000e+00,0.000000e+00,0.000000e+00,0.000000e+00,3.975766e+04,1.076754e+03,3.390248e-01,2.290360e-03,4.201691e-01,1.136610e-03,0.000000e+00,0.000000e+00,0.000000e+00,0.000000e+00,0.000000e+00,0.000000e+00,0.000000e+00,0.000000e+00,0.000000e+00,0.000000e+00,0.000000e+00,0.000000e+00,0.000000e+00,0.000000e+00,0.000000e+00,0.000000e+00,0.000000e+00,0.000000e+00,0.000000e+00,0.000000e+00,0.000000e+00,1.023827e+05,4.557187e+03,1.137403e+05,1.346410e+00,-2.703085e-02,-3.748711e+01,-1.647038e+00,1.491444e-02,-5.559852e-01,6.207454e-03,-2.418941e-03,4.687927e+01,-8.788764e-01,-5.650716e-03,-2.184706e-03,1.786872e-01,9.845777e-04,3.464955e+00,-1.314579e+01,-2.242849e-01,4.562359e+03,-6.211921e+04,-4.630235e+03,-1.398557e+05,-2.432313e-01,3.888260e+01,-3.247080e-02,7.983764e+02,1.974803e+03,-1.235510e+02
4.720963e-03,3.976767e+04,4.134247e+04,6.933640e-01,4.904213e-03,1.661738e+01,1.023993e-01,1.047909e-06,9.968343e+03,0.000000e+00,0.000000e+00,1.095140e+04,0.000000e+00,0.000000e+00,0.000000e+00,0.000000e+00,0.000000e+00,0.000000e+00,0.000000e+00,0.000000e+00,0.000000e+00,0.000000e+00,0.000000e+00,0.000000e+00,0.000000e+00,0.000000e+00,0.000000e+00,0.000000e+00,0.000000e+00,0.000000e+00,0.000000e+00,0.000000e+00,0.000000e+00,0.000000e+00,0.000000e+00,0.000000e+00,0.000000e+00,0.000000e+00,0.000000e+00,0.000000e+00,0.000000e+00,0.000000e+00,0.000000e+00,0.000000e+00,0.000000e+00,0.000000e+00,0.000000e+00,0.000000e+00,0.000000e+00,3.976767e+04,1.070860e+03,3.386889e-01,2.202434e-03,4.302908e-01,1.136610e-03,0.000000e+00,0.000000e+00,0.000000e+00,0.000000e+00,0.000000e+00,0.000000e+00,0.000000e+00,0.000000e+00,0.000000e+00,0.000000e+00,0.000000e+00,0.000000e+00,0.000000e+00,0.000000e+00,0.000000e+00,0.000000e+00,0.000000e+00,0.000000e+00,0.000000e+00,0.000000e+00,0.000000e+00,5.434993e+04,2.124252e+03,8.922586e+04,1.347217e+00,-2.704868e-02,-3.748429e+01,-1.646535e+00,1.487236e-02,-5.562468e-01,6.207396e-03,-2.418220e-03,4.688793e+01,-8.772160e-01,-5.537756e-03,-2.184725e-03,1.785517e-01,9.822005e-04,3.510795e+00,-1.376644e+01,-2.236405e-01,4.561387e+03,-5.935023e+04,-2.168607e+03,-8.597981e+04,-2.425129e-01,3.889762e+01,-3.259485e-02,-5.502942e+01,1.405476e+03,-3.680244e+01
4.730043e-03,3.977633e+04,4.132395e+04,6.918091e-01,4.800254e-03,1.662518e+01,1.023993e-01,9.774445e-07,9.975457e+03,0.000000e+00,0.000000e+00,1.095409e+04,0.000000e+00,0.000000e+00,0.000000e+00,0.000000e+00,0.000000e+00,0.000000e+00,0.000000e+00,0.000000e+00,0.000000e+00,0.000000e+00,0.000000e+00,0.000000e+00,0.000000e+00,0.000000e+00,0.000000e+00,0.000000e+00,0.000000e+00,0.000000e+00,0.000000e+00,0.000000e+00,0.000000e+00,0.000000e+00,0.000000e+00,0.000000e+00,0.000000e+00,0.000000e+00,0.000000e+00,0.000000e+00,0.000000e+00,0.000000e+00,0.000000e+00,0.000000e+00,0.000000e+00,0.000000e+00,0.000000e+00,0.000000e+00,0.000000e+00,3.977633e+04,1.065641e+03,3.383567e-01,2.198063e-03,4.394767e-01,1.136610e-03,0.000000e+00,0.000000e+00,0.000000e+00,0.000000e+00,0.000000e+00,0.000000e+00,0.000000e+00,0.000000e+00,0.000000e+00,0.000000e+00,0.000000e+00,0.000000e+00,0.000000e+00,0.000000e+00,0.000000e+00,0.000000e+00,0.000000e+00,0.000000e+00,0.000000e+00,0.000000e+00,0.000000e+00,5.754575e+04,-1.614280e+03,9.559998e+04,1.347944e+00,-2.694491e-02,-3.748151e+01,-1.646093e+00,1.480441e-02,-5.565106e-01,6.207346e-03,-2.417544e-03,4.689575e+01,-8.757128e-01,-5.434018e-03,-2.184744e-03,1.784239e-01,9.799567e-04,3.552207e+00,-1.433284e+01,-2.655613e-01,4.560473e+03,-6.390205e+04,1.566919e+03,-9.147431e+04,-2.413299e-01,3.891156e+01,-3.284482e-02,-8.044714e+01,1.401064e+03,-1.608714e+01
4.740344e-03,3.978608e+04,4.130364e+04,6.900539e-01,4.681312e-03,1.663399e+01,1.023993e-01,9.785100e-07,9.983034e+03,0.000000e+00,0.000000e+00,1.095706e+04,0.000000e+00,0.000000e+00,0.000000e+00,0.000000e+00,0.000000e+00,0.000000e+00,0.000000e+00,0.000000e+00,0.000000e+00,0.000000e+00,0.000000e+00,0.000000e+00,0.000000e+00,0.000000e+00,0.000000e+00,0.000000e+00,0.000000e+00,0.000000e+00,0.000000e+00,0.000000e+00,0.000000e+00,0.000000e+00,0.000000e+00,0.000000e+00,0.000000e+00,0.000000e+00,0.000000e+00,0.000000e+00,0.000000e+00,0.000000e+00,0.000000e+00,0.000000e+00,0.000000e+00,0.000000e+00,0.000000e+00,0.000000e+00,0.000000e+00,3.978608e+04,1.059711e+03,3.380079e-01,2.107819e-03,4.496976e-01,1.136610e-03,0.000000e+00,0.000000e+00,0.000000e+00,0.000000e+00,0.000000e+00,0.000000e+00,0.000000e+00,0.000000e+00,0.000000e+00,0.000000e+00,0.000000e+00,0.000000e+00,0.000000e+00,0.000000e+00,0.000000e+00,0.000000e+00,0.000000e+00,0.000000e+00,0.000000e+00,0.000000e+00,0.000000e+00,9.880162e+04,1.848875e+04,1.175533e+05,1.348739e+00,-2.691353e-02,-3.747859e+01,-1.645560e+00,1.476737e-02,-5.567817e-01,6.207288e-03,-2.416753e-03,4.690452e+01,-8.740285e-01,-5.316497e-03,-2.184767e-03,1.782727e-01,9.772949e-04,3.599179e+00,-1.495649e+01,-2.551990e-01,4.559571e+03,-6.721948e+04,-1.856162e+04,-1.380557e+05,-2.422238e-01,3.892603e+01,-3.293415e-02,2.534439e+02,1.891220e+03,-1.314128e+02
4.750393e-03,3.979586e+04,4.128282e+04,6.883478e-01,4.565670e-03,1.664254e+01,1.023993e-01,1.045946e-06,9.991474e+03,0.000000e+00,0.000000e+00,1.096001e+04,0.000000e+00,0.000000e+00,0.000000e+00,0.000000e+00,0.000000e+00,0.000000e+00,0.000000e+00,0.000000e+00,0.000000e+00,0.000000e+00,0.000000e+00,0.000000e+00,0.000000e+00,0.000000e+00,0.000000e+00,0.000000e+00,0.000000e+00,0.000000e+00,0.000000e+00,0.000000e+00,0.000000e+00,0.000000e+00,0.000000e+00,0.000000e+00,0.000000e+00,0.000000e+00,0.000000e+00,0.000000e+00,0.000000e+00,0.000000e+00,0.000000e+00,0.000000e+00,0.000000e+00,0.000000e+00,0.000000e+00,0.000000e+00,0.000000e+00,3.979586e+04,1.054515e+03,3.377063e-01,2.128972e-03,4.598718e-01,1.136610e-03,0.000000e+00,0.000000e+00,0.000000e+00,0.000000e+00,0.000000e+00,0.000000e+00,0.000000e+00,0.000000e+00,0.000000e+00,0.000000e+00,0.000000e+00,0.000000e+00,0.000000e+00,0.000000e+00,0.000000e+00,0.000000e+00,0.000000e+00,0.000000e+00,0.000000e+00,0.000000e+00,0.000000e+00,5.122572e+04,-3.142655e+03,8.892840e+04,1.349558e+00,-2.661515e-02,-3.747533e+01,-1.645067e+00,1.479535e-02,-5.571473e-01,6.207231e-03,-2.416071e-03,4.691309e+01,-8.723865e-01,-5.202146e-03,-2.184789e-03,1.781187e-01,9.738590e-04,3.644993e+00,-1.560464e+01,-3.655481e-01,4.558425e+03,-6.044599e+04,3.099407e+03,-8.293905e+04,-2.430924e-01,3.894275e+01,-3.377592e-02,-2.199583e+01,1.367616e+03,1.877623e+01
4.760579e-03,3.980553e+04,4.126276e+04,6.866285e-01,4.449406e-03,1.665117e+01,1.023993e-01,9.774195e-07,9.999015e+03,0.000000e+00,0.000000e+00,1.096290e+04,0.000000e+00,0.000000e+00,0.000000e+00,0.000000e+00,0.000000e+00,0.000000e+00,0.000000e+00,0.000000e+00,0.000000e+00,0.000000e+00,0.000000e+00,0.000000e+00,0.000000e+00,0.000000e+00,0.000000e+00,0.000000e+00,0.000000e+00,0.000000e+00,0.000000e+00,0.000000e+00,0.000000e+00,0.000000e+00,0.000000e+00,0.000000e+00,0.000000e+00,0.000000e+00,0.000000e+00,0.000000e+00,0.000000e+00,0.000000e+00,0.000000e+00,0.000000e+00,0.000000e+00,0.000000e+00,0.000000e+00,0.000000e+00,0.000000e+00,3.980553e+04,1.049215e+03,3.373896e-01,2.096469e-03,4.701022e-01,1.136610e-03,0.000000e+00,0.000000e+00,0.000000e+00,0.000000e+00,0.000000e+00,0.000000e+00,0.000000e+00,0.000000e+00,0.000000e+00,0.000000e+00,0.000000e+00,0.000000e+00,0.000000e+00,0.000000e+00,0.000000e+00,0.000000e+00,0.000000e+00,0.000000e+00,0.000000e+00,0.000000e+00,0.000000e+00,5.143906e+04,-1.050779e+02,9.078426e+04,1.350360e+00,-2.663979e-02,-3.747235e+01,-1.644557e+00,1.474764e-02,-5.574705e-01,6.207172e-03,-2.415456e-03,4.692173e+01,-8.707271e-01,-5.086886e-03,-2.184812e-03,1.779563e-01,9.701872e-04,3.691417e+00,-1.624143e+01,-3.654773e-01,4.557464e+03,-6.208850e+04,6.118585e+01,-8.386170e+04,-2.416491e-01,3.895750e+01,-3.389059e-02,-3.994292e+00,1.346473e+03,3.544172e+01
4.770915e-03,3.981488e+04,4.124305e+04,6.848920e-01,4.332474e-03,1.665989e+01,1.023993e-01,9.982159e-07,1.000667e+04,0.000000e+00,0.000000e+00,1.096563e+04,0.000000e+00,0.000000e+00,0.000000e+00,0.000000e+00,0.000000e+00,0.000000e+00,0.000000e+00,0.000000e+00,0.000000e+00,0.000000e+00,0.000000e+00,0.000000e+00,0.000000e+00,0.000000e+00,0.000000e+00,0.000000e+00,0.000000e+00,0.000000e+00,0.000000e+00,0.000000e+00,0.000000e+00,0.000000e+00,0.000000e+00,0.000000e+00,0.000000e+00,0.000000e+00,0.000000e+00,0.000000e+00,0.000000e+00,0.000000e+00,0.000000e+00,0.000000e+00,0.000000e+00,0.000000e+00,0.000000e+00,0.000000e+00,0.000000e+00,3.981488e+04,1.043934e+03,3.370650e-01,2.055328e-03,4.803535e-01,1.136610e-03,0.000000e+00,0.000000e+00,0.000000e+00,0.000000e+00,0.000000e+00,0.000000e+00,0.000000e+00,0.000000e+00,0.000000e+00,0.000000e+00,0.000000e+00,0.000000e+00,0.000000e+00,0.000000e+00,0.000000e+00,0.000000e+00,0.000000e+00,0.000000e+00,0.000000e+00,0.000000e+00,0.000000e+00,5.154065e+04,-1.101663e+04,9.196220e+04,1.351117e+00,-2.682046e-02,-3.746943e+01,-1.644021e+00,1.469047e-02,-5.577661e-01,6.207109e-03,-2.414939e-03,4.693043e+01,-8.690591e-01,-4.971495e-03,-2.184832e-03,1.777849e-01,9.665111e-04,3.738516e+00,-1.686593e+01,-3.365603e-01,4.556525e+03,-6.315739e+04,1.097228e+04,-8.441330e+04,-2.403252e-01,3.897242e+01,-3.401192e-02,-5.955477e+01,1.325575e+03,2.489407e+01
4.780985e-03,3.982406e+04,4.122260e+04,6.832103e-01,4.220893e-03,1.666833e+01,1.023993e-01,1.037878e-06,1.001517e+04,0.000000e+00,0.000000e+00,1.096854e+04,0.000000e+00,0.000000e+00,0.000000e+00,0.000000e+00,0.000000e+00,0.000000e+00,0.000000e+00,0.000000e+00,0.000000e+00,0.000000e+00,0.000000e+00,0.000000e+00,0.000000e+00,0.000000e+00,0.000000e+00,0.000000e+00,0.000000e+00,0.000000e+00,0.000000e+00,0.000000e+00,0.000000e+00,0.000000e+00,0.000000e+00,0.000000e+00,0.000000e+00,0.000000e+00,0.000000e+00,0.000000e+00,0.000000e+00,0.000000e+00,0.000000e+00,0.000000e+00,0.000000e+00,0.000000e+00,0.000000e+00,0.000000e+00,0.000000e+00,3.982406e+04,1.039245e+03,3.367769e-01,1.998881e-03,4.904036e-01,1.136610e-03,0.000000e+00,0.000000e+00,0.000000e+00,0.000000e+00,0.000000e+00,0.000000e+00,0.000000e+00,0.000000e+00,0.000000e+00,0.000000e+00,0.000000e+00,0.000000e+00,0.000000e+00,0.000000e+00,0.000000e+00,0.000000e+00,0.000000e+00,0.000000e+00,0.000000e+00,0.000000e+00,0.000000e+00,4.913673e+04,-5.279450e+03,8.718562e+04,1.351859e+00,-2.657995e-02,-3.746605e+01,-1.643464e+00,1.456106e-02,-5.580308e-01,6.207052e-03,-2.414454e-03,4.693884e+01,-8.674464e-01,-4.861416e-03,-2.184852e-03,1.776114e-01,9.627281e-04,3.784397e+00,-1.750295e+01,-3.929080e-01,4.555402e+03,-5.979788e+04,5.237078e+03,-8.025217e+04,-2.417392e-01,3.898893e+01,-3.417745e-02,-4.125479e+01,1.330231e+03,5.312162e+01
4.790146e-03,3.983221e+04,4.120515e+04,6.816885e-01,4.121146e-03,1.667596e+01,1.023993e-01,9.774183e-07,1.002193e+04,0.000000e+00,0.000000e+00,1.097113e+04,0.000000e+00,0.000000e+00,0.000000e+00,0.000000e+00,0.000000e+00,0.000000e+00,0.000000e+00,0.000000e+00,0.000000e+00,0.000000e+00,0.000000e+00,0.000000e+00,0.000000e+00,0.000000e+00,0.000000e+00,0.000000e+00,0.000000e+00,0.000000e+00,0.000000e+00,0.000000e+00,0.000000e+00,0.000000e+00,0.000000e+00,0.000000e+00,0.000000e+00,0.000000e+00,0.000000e+00,0.000000e+00,0.000000e+00,0.000000e+00,0.000000e+00,0.000000e+00,0.000000e+00,0.000000e+00,0.000000e+00,0.000000e+00,0.000000e+00,3.983221e+04,1.034908e+03,3.365276e-01,1.885775e-03,4.994997e-01,1.136609e-03,0.000000e+00,0.000000e+00,0.000000e+00,0.000000e+00,0.000000e+00,0.000000e+00,0.000000e+00,0.000000e+00,0.000000e+00,0.000000e+00,0.000000e+00,0.000000e+00,0.000000e+00,0.000000e+00,0.000000e+00,0.000000e+00,0.000000e+00,0.000000e+00,0.000000e+00,0.000000e+00,0.000000e+00,6.265238e+04,1.336434e+04,1.022151e+05,1.352563e+00,-2.667244e-02,-3.746338e+01,-1.642988e+00,1.451355e-02,-5.583271e-01,6.206999e-03,-2.414061e-03,4.694651e+01,-8.659791e-01,-4.762456e-03,-2.184869e-03,1.774482e-01,9.594515e-04,3.826124e+00,-1.806945e+01,-3.505857e-01,4.554556e+03,-6.809784e+04,-1.341685e+04,-9.866374e+04,-2.409939e-01,3.900210e+01,-3.394193e-02,2.179652e+02,1.388736e+03,4.703608e+01
4.800279e-03,3.984094e+04,4.118579e+04,6.800166e-01,4.011864e-03,1.668435e+01,1.023993e-01,1.036326e-06,1.002977e+04,0.000000e+00,0.000000e+00,1.097396e+04,0.000000e+00,0.000000e+00,0.000000e+00,0.000000e+00,0.000000e+00,0.000000e+00,0.000000e+00,0.000000e+00,0.000000e+00,0.000000e+00,0.000000e+00,0.000000e+00,0.000000e+00,0.000000e+00,0.000000e+00,0.000000e+00,0.000000e+00,0.000000e+00,0.000000e+00,0.000000e+00,0.000000e+00,0.000000e+00,0.000000e+00,0.000000e+00,0.000000e+00,0.000000e+00,0.000000e+00,0.000000e+00,0.000000e+00,0.000000e+00,0.000000e+00,0.000000e+00,0.000000e+00,0.000000e+00,0.000000e+00,0.000000e+00,0.000000e+00,3.984094e+04,1.030312e+03,3.362515e-01,1.757881e-03,5.094408e-01,1.136610e-03,0.000000e+00,0.000000e+00,0.000000e+00,0.000000e+00,0.000000e+00,0.000000e+00,0.000000e+00,0.000000e+00,0.000000e+00,0.000000e+00,0.000000e+00,0.000000e+00,0.000000e+00,0.000000e+00,0.000000e+00,0.000000e+00,0.000000e+00,0.000000e+00,0.000000e+00,0.000000e+00,0.000000e+00,9.322988e+04,9.178430e+03,1.124358e+05,1.353283e+00,-2.677896e-02,-3.746028e+01,-1.642413e+00,1.442272e-02,-5.586154e-01,6.206939e-03,-2.413639e-03,4.695487e+01,-8.643781e-01,-4.654752e-03,-2.184887e-03,1.772617e-01,9.560186e-04,3.872269e+00,-1.869908e+01,-3.246411e-01,4.553577e+03,-6.511516e+04,-9.249233e+03,-1.307377e+05,-2.406447e-01,3.901706e+01,-3.370231e-02,-4.617672e+02,1.888601e+03,-2.826904e+01
4.810368e-03,3.984973e+04,4.116655e+04,6.783631e-01,3.904423e-03,1.669264e+01,1.023993e-01,9.982022e-07,1.003765e+04,0.000000e+00,0.000000e+00,1.097660e+04,0.000000e+00,0.000000e+00,0.000000e+00,0.000000e+00,0.000000e+00,0.000000e+00,0.000000e+00,0.000000e+00,0.000000e+00,0.000000e+00,0.000000e+00,0.000000e+00,0.000000e+00,0.000000e+00,0.000000e+00,0.000000e+00,0.000000e+00,0.000000e+00,0.000000e+00,0.000000e+00,0.000000e+00,0.000000e+00,0.000000e+00,0.000000e+00,0.000000e+00,0.000000e+00,0.000000e+00,0.000000e+00,0.000000e+00,0.000000e+00,0.000000e+00,0.000000e+00,0.000000e+00,0.000000e+00,0.000000e+00,0.000000e+00,0.000000e+00,3.984973e+04,1.025959e+03,3.359817e-01,1.676575e-03,5.193937e-01,1.136610e-03,0.000000e+00,0.000000e+00,0.000000e+00,0.000000e+00,0.000000e+00,0.000000e+00,0.000000e+00,0.000000e+00,0.000000e+00,0.000000e+00,0.000000e+00,0.000000e+00,0.000000e+00,0.000000e+00,0.000000e+00,0.000000e+00,0.000000e+00,0.000000e+00,0.000000e+00,0.000000e+00,0.000000e+00,6.289644e+04,-1.088192e+04,9.703752e+04,1.354028e+00,-2.677319e-02,-3.745720e+01,-1.641849e+00,1.435064e-02,-5.589327e-01,6.206883e-03,-2.413266e-03,4.696318e+01,-8.627875e-01,-4.548612e-03,-2.184906e-03,1.770694e-01,9.525631e-04,3.918204e+00,-1.933780e+01,-3.456167e-01,4.552536e+03,-6.334020e+04,1.082984e+04,-9.675428e+04,-2.411859e-01,3.903263e+01,-3.347299e-02,1.002716e+02,1.467048e+03,-3.100374e+00
4.820645e-03,3.985827e+04,4.114791e+04,6.766897e-01,3.797621e-03,1.670104e+01,1.023993e-01,9.783234e-07,1.004513e+04,0.000000e+00,0.000000e+00,1.097919e+04,0.000000e+00,0.000000e+00,0.000000e+00,0.000000e+00,0.000000e+00,0.000000e+00,0.000000e+00,0.000000e+00,0.000000e+00,0.000000e+00,0.000000e+00,0.000000e+00,0.000000e+00,0.000000e+00,0.000000e+00,0.000000e+00,0.000000e+00,0.000000e+00,0.000000e+00,0.000000e+00,0.000000e+00,0.000000e+00,0.000000e+00,0.000000e+00,0.000000e+00,0.000000e+00,0.000000e+00,0.000000e+00,0.000000e+00,0.000000e+00,0.000000e+00,0.000000e+00,0.000000e+00,0.000000e+00,0.000000e+00,0.000000e+00,0.000000e+00,3.985827e+04,1.021540e+03,3.357073e-01,1.509667e-03,5.293651e-01,1.136609e-03,0.000000e+00,0.000000e+00,0.000000e+00,0.000000e+00,0.000000e+00,0.000000e+00,0.000000e+00,0.000000e+00,0.000000e+00,0.000000e+00,0.000000e+00,0.000000e+00,0.000000e+00,0.000000e+00,0.000000e+00,0.000000e+00,0.000000e+00,0.000000e+00,0.000000e+00,0.000000e+00,0.000000e+00,5.099345e+04,1.367926e+03,9.029477e+04,1.354747e+00,-2.697270e-02,-3.745435e+01,-1.641287e+00,1.430391e-02,-5.592363e-01,6.206825e-03,-2.412914e-03,4.697158e+01,-8.611843e-01,-4.443676e-03,-2.184926e-03,1.768672e-01,9.494571e-04,3.964986e+00,-1.995820e+01,-2.772101e-01,4.551614e+03,-6.201696e+04,-1.412575e+03,-8.310987e+04,-2.402522e-01,3.904724e+01,-3.313220e-02,-7.727596e+00,1.303684e+03,4.598438e+01
4.830761e-03,3.986673e+04,4.112858e+04,6.750553e-01,3.694810e-03,1.670924e+01,1.023993e-01,1.034123e-06,1.005330e+04,0.000000e+00,0.000000e+00,1.098193e+04,0.000000e+00,0.000000e+00,0.000000e+00,0.000000e+00,0.000000e+00,0.000000e+00,0.000000e+00,0.000000e+00,0.000000e+00,0.000000e+00,0.000000e+00,0.000000e+00,0.000000e+00,0.000000e+00,0.000000e+00,0.000000e+00,0.000000e+00,0.000000e+00,0.000000e+00,0.000000e+00,0.000000e+00,0.000000e+00,0.000000e+00,0.000000e+00,0.000000e+00,0.000000e+00,0.000000e+00,0.000000e+00,0.000000e+00,0.000000e+00,0.000000e+00,0.000000e+00,0.000000e+00,0.000000e+00,0.000000e+00,0.000000e+00,0.000000e+00,3.986673e+04,1.017526e+03,3.354655e-01,1.412328e-03,5.392137e-01,1.136610e-03,0.000000e+00,0.000000e+00,0.000000e+00,0.000000e+00,0.000000e+00,0.000000e+00,0.000000e+00,0.000000e+00,0.000000e+00,0.000000e+00,0.000000e+00,0.000000e+00,0.000000e+00,0.000000e+00,0.000000e+00,0.000000e+00,0.000000e+00,0.000000e+00,0.000000e+00,0.000000e+00,0.000000e+00,4.996738e+04,-5.465373e+03,8.681300e+04,1.355470e+00,-2.687059e-02,-3.745107e+01,-1.640659e+00,1.421940e-02,-5.595346e-01,6.206771e-03,-2.412612e-03,4.697977e+01,-8.596164e-01,-4.342290e-03,-2.184944e-03,1.766615e-01,9.462751e-04,4.011025e+00,-2.061049e+01,-3.134876e-01,4.550540e+03,-5.927759e+04,5.421766e+03,-8.074577e+04,-2.416450e-01,3.906308e+01,-3.300734e-02,-6.426297e+01,1.331598e+03,5.600316e+01
4.840825e-03,3.987484e+04,4.111052e+04,6.734409e-01,3.594024e-03,1.671734e+01,1.023993e-01,1.032777e-06,1.006058e+04,0.000000e+00,0.000000e+00,1.098464e+04,0.000000e+00,0.000000e+00,0.000000e+00,0.000000e+00,0.000000e+00,0.000000e+00,0.000000e+00,0.000000e+00,0.000000e+00,0.000000e+00,0.000000e+00,0.000000e+00,0.000000e+00,0.000000e+00,0.000000e+00,0.000000e+00,0.000000e+00,0.000000e+00,0.000000e+00,0.000000e+00,0.000000e+00,0.000000e+00,0.000000e+00,0.000000e+00,0.000000e+00,0.000000e+00,0.000000e+00,0.000000e+00,0.000000e+00,0.000000e+00,0.000000e+00,0.000000e+00,0.000000e+00,0.000000e+00,0.000000e+00,0.000000e+00,0.000000e+00,3.987484e+04,1.013560e+03,3.352296e-01,1.338452e-03,5.489297e-01,1.136610e-03,0.000000e+00,0.000000e+00,0.000000e+00,0.000000e+00,0.000000e+00,0.000000e+00,0.000000e+00,0.000000e+00,0.000000e+00,0.000000e+00,0.000000e+00,0.000000e+00,0.000000e+00,0.000000e+00,0.000000e+00,0.000000e+00,0.000000e+00,0.000000e+00,0.000000e+00,0.000000e+00,0.000000e+00,6.378595e+04,-6.258426e+03,9.371299e+04,1.356210e+00,-2.693313e-02,-3.744816e+01,-1.640126e+00,1.416982e-02,-5.598607e-01,6.206713e-03,-2.412345e-03,4.698789e+01,-8.580637e-01,-4.242509e-03,-2.184963e-03,1.764507e-01,9.433242e-04,4.056815e+00,-2.123725e+01,-3.056476e-01,4.549619e+03,-6.005437e+04,6.205882e+03,-9.615040e+04,-2.403722e-01,3.907719e+01,-3.310082e-02,2.265221e+02,1.502972e+03,7.472161e+00
4.850019e-03,3.988221e+04,4.109326e+04,6.719781e-01,3.503406e-03,1.672468e+01,1.023993e-01,1.032500e-06,1.006819e+04,0.000000e+00,0.000000e+00,1.098696e+04,0.000000e+00,0.000000e+00,0.000000e+00,0.000000e+00,0.000000e+00,0.000000e+00,0.000000e+00,0.000000e+00,0.000000e+00,0.000000e+00,0.000000e+00,0.000000e+00,0.000000e+00,0.000000e+00,0.000000e+00,0.000000e+00,0.000000e+00,0.000000e+00,0.000000e+00,0.000000e+00,0.000000e+00,0.000000e+00,0.000000e+00,0.000000e+00,0.000000e+00,0.000000e+00,0.000000e+00,0.000000e+00,0.000000e+00,0.000000e+00,0.000000e+00,0.000000e+00,0.000000e+00,0.000000e+00,0.000000e+00,0.000000e+00,0.000000e+00,3.988221e+04,1.010235e+03,3.350319e-01,1.243070e-03,5.577745e-01,1.136610e-03,0.000000e+00,0.000000e+00,0.000000e+00,0.000000e+00,0.000000e+00,0.000000e+00,0.000000e+00,0.000000e+00,0.000000e+00,0.000000e+00,0.000000e+00,0.000000e+00,0.000000e+00,0.000000e+00,0.000000e+00,0.000000e+00,0.000000e+00,0.000000e+00,0.000000e+00,0.000000e+00,0.000000e+00,5.949572e+04,-5.409068e+03,9.111708e+04,1.356818e+00,-2.696566e-02,-3.744517e+01,-1.639547e+00,1.407013e-02,-5.601125e-01,6.206664e-03,-2.412153e-03,4.699524e+01,-8.566629e-01,-4.153308e-03,-2.184979e-03,1.762525e-01,9.405457e-04,4.098641e+00,-2.181603e+01,-3.007861e-01,4.548631e+03,-5.944064e+04,5.359151e+03,-9.115597e+04,-2.413158e-01,3.909198e+01,-3.313299e-02,1.785751e+02,1.438933e+03,8.842170e-01
4.860070e-03,3.989009e+04,4.107556e+04,6.703882e-01,3.406347e-03,1.673266e+01,1.023993e-01,9.987402e-07,1.007543e+04,0.000000e+00,0.000000e+00,1.098955e+04,0.000000e+00,0.000000e+00,0.000000e+00,0.000000e+00,0.000000e+00,0.000000e+00,0.000000e+00,0.000000e+00,0.000000e+00,0.000000e+00,0.000000e+00,0.000000e+00,0.000000e+00,0.000000e+00,0.000000e+00,0.000000e+00,0.000000e+00,0.000000e+00,0.000000e+00,0.000000e+00,0.000000e+00,0.000000e+00,0.000000e+00,0.000000e+00,0.000000e+00,0.000000e+00,0.000000e+00,0.000000e+00,0.000000e+00,0.000000e+00,0.000000e+00,0.000000e+00,0.000000e+00,0.000000e+00,0.000000e+00,0.000000e+00,0.000000e+00,3.989009e+04,1.006545e+03,3.348044e-01,1.191219e-03,5.673321e-01,1.136610e-03,0.000000e+00,0.000000e+00,0.000000e+00,0.000000e+00,0.000000e+00,0.000000e+00,0.000000e+00,0.000000e+00,0.000000e+00,0.000000e+00,0.000000e+00,0.000000e+00,0.000000e+00,0.000000e+00,0.000000e+00,0.000000e+00,0.000000e+00,0.000000e+00,0.000000e+00,0.000000e+00,0.000000e+00,5.395127e+04,-9.478444e+03,9.014972e+04,1.357534e+00,-2.697585e-02,-3.744234e+01,-1.639002e+00,1.403035e-02,-5.604231e-01,6.206610e-03,-2.411918e-03,4.700320e+01,-8.551415e-01,-4.057758e-03,-2.184998e-03,1.760298e-01,9.375315e-04,4.144352e+00,-2.243207e+01,-3.091640e-01,4.547717e+03,-6.082161e+04,9.431514e+03,-8.566991e+04,-2.398626e-01,3.910607e+01,-3.329902e-02,1.288716e+01,1.341439e+03,4.230892e+01
4.870288e-03,3.989796e+04,4.105705e+04,6.687834e-01,3.309947e-03,1.674071e+01,1.023993e-01,9.783303e-07,1.008356e+04,0.000000e+00,0.000000e+00,1.099211e+04,0.000000e+00,0.000000e+00,0.000000e+00,0.000000e+00,0.000000e+00,0.000000e+00,0.000000e+00,0.000000e+00,0.000000e+00,0.000000e+00,0.000000e+00,0.000000e+00,0.000000e+00,0.000000e+00,0.000000e+00,0.000000e+00,0.000000e+00,0.000000e+00,0.000000e+00,0.000000e+00,0.000000e+00,0.000000e+00,0.000000e+00,0.000000e+00,0.000000e+00,0.000000e+00,0.000000e+00,0.000000e+00,0.000000e+00,0.000000e+00,0.000000e+00,0.000000e+00,0.000000e+00,0.000000e+00,0.000000e+00,0.000000e+00,0.000000e+00,3.989796e+04,1.003088e+03,3.345765e-01,1.104825e-03,5.770492e-01,1.136610e-03,0.000000e+00,0.000000e+00,0.000000e+00,0.000000e+00,0.000000e+00,0.000000e+00,0.000000e+00,0.000000e+00,0.000000e+00,0.000000e+00,0.000000e+00,0.000000e+00,0.000000e+00,0.000000e+00,0.000000e+00,0.000000e+00,0.000000e+00,0.000000e+00,0.000000e+00,0.000000e+00,0.000000e+00,6.436357e+04,7.339224e+03,9.797615e+04,1.358208e+00,-2.698483e-02,-3.743913e+01,-1.638380e+00,1.393036e-02,-5.607045e-01,6.206559e-03,-2.411720e-03,4.701125e+01,-8.536040e-01,-3.962681e-03,-2.185014e-03,1.757970e-01,9.344576e-04,4.190817e+00,-2.306407e+01,-2.944469e-01,4.546683e+03,-6.383691e+04,-7.393545e+03,-9.831605e+04,-2.406480e-01,3.912179e+01,-3.333059e-02,2.214450e+02,1.430912e+03,-2.044912e+01
4.880180e-03,3.990536e+04,4.103948e+04,6.672403e-01,3.219075e-03,1.674845e+01,1.023993e-01,1.030432e-06,1.009114e+04,0.000000e+00,0.000000e+00,1.099470e+04,0.000000e+00,0.000000e+00,0.000000e+00,0.000000e+00,0.000000e+00,0.000000e+00,0.000000e+00,0.000000e+00,0.000000e+00,0.000000e+00,0.000000e+00,0.000000e+00,0.000000e+00,0.000000e+00,0.000000e+00,0.000000e+00,0.000000e+00,0.000000e+00,0.000000e+00,0.000000e+00,0.000000e+00,0.000000e+00,0.000000e+00,0.000000e+00,0.000000e+00,0.000000e+00,0.000000e+00,0.000000e+00,0.000000e+00,0.000000e+00,0.000000e+00,0.000000e+00,0.000000e+00,0.000000e+00,0.000000e+00,0.000000e+00,0.000000e+00,3.990536e+04,9.998670e+02,3.343761e-01,1.037877e-03,5.864453e-01,1.136610e-03,0.000000e+00,0.000000e+00,0.000000e+00,0.000000e+00,0.000000e+00,0.000000e+00,0.000000e+00,0.000000e+00,0.000000e+00,0.000000e+00,0.000000e+00,0.000000e+00,0.000000e+00,0.000000e+00,0.000000e+00,0.000000e+00,0.000000e+00,0.000000e+00,0.000000e+00,0.000000e+00,0.000000e+00,8.115691e+04,1.116020e+03,1.044262e+05,1.358884e+00,-2.697979e-02,-3.743609e+01,-1.637807e+00,1.384809e-02,-5.609902e-01,6.206505e-03,-2.411563e-03,4.701902e+01,-8.521219e-01,-3.873005e-03,-2.185030e-03,1.755655e-01,9.314141e-04,4.235788e+00,-2.368249e+01,-3.095169e-01,4.545708e+03,-6.303666e+04,-1.180996e+03,-1.162648e+05,-2.398346e-01,3.913639e+01,-3.361209e-02,-2.448952e+02,1.717517e+03,3.141156e+01
4.890328e-03,3.991293e+04,4.102184e+04,6.656669e-01,3.128840e-03,1.675635e+01,1.023993e-01,9.989166e-07,1.009879e+04,0.000000e+00,0.000000e+00,1.099716e+04,0.000000e+00,0.000000e+00,0.000000e+00,0.000000e+00,0.000000e+00,0.000000e+00,0.000000e+00,0.000000e+00,0.000000e+00,0.000000e+00,0.000000e+00,0.000000e+00,0.000000e+00,0.000000e+00,0.000000e+00,0.000000e+00,0.000000e+00,0.000000e+00,0.000000e+00,0.000000e+00,0.000000e+00,0.000000e+00,0.000000e+00,0.000000e+00,0.000000e+00,0.000000e+00,0.000000e+00,0.000000e+00,0.000000e+00,0.000000e+00,0.000000e+00,0.000000e+00,0.000000e+00,0.000000e+00,0.000000e+00,0.000000e+00,0.000000e+00,3.991293e+04,9.967283e+02,3.341633e-01,9.888019e-04,5.959766e-01,1.136610e-03,0.000000e+00,0.000000e+00,0.000000e+00,0.000000e+00,0.000000e+00,0.000000e+00,0.000000e+00,0.000000e+00,0.000000e+00,0.000000e+00,0.000000e+00,0.000000e+00,0.000000e+00,0.000000e+00,0.000000e+00,0.000000e+00,0.000000e+00,0.000000e+00,0.000000e+00,0.000000e+00,0.000000e+00,5.619049e+04,-6.710668e+03,9.087167e+04,1.359563e+00,-2.698572e-02,-3.743314e+01,-1.637231e+00,1.378088e-02,-5.612822e-01,6.206451e-03,-2.411471e-03,4.702688e+01,-8.506194e-01,-3.784683e-03,-2.185048e-03,1.753217e-01,9.282446e-04,4.281912e+00,-2.430487e+01,-3.219603e-01,4.544723e+03,-6.068581e+04,6.661807e+03,-8.793701e+04,-2.394899e-01,3.915137e+01,-3.371385e-02,8.892770e+01,1.365027e+03,-1.601844e+01
4.900535e-03,3.992034e+04,4.100361e+04,6.640952e-01,3.040961e-03,1.676423e+01,1.023993e-01,1.029955e-06,1.010719e+04,0.000000e+00,0.000000e+00,1.099963e+04,0.000000e+00,0.000000e+00,0.000000e+00,0.000000e+00,0.000000e+00,0.000000e+00,0.000000e+00,0.000000e+00,0.000000e+00,0.000000e+00,0.000000e+00,0.000000e+00,0.000000e+00,0.000000e+00,0.000000e+00,0.000000e+00,0.000000e+00,0.000000e+00,0.000000e+00,0.000000e+00,0.000000e+00,0.000000e+00,0.000000e+00,0.000000e+00,0.000000e+00,0.000000e+00,0.000000e+00,0.000000e+00,0.000000e+00,0.000000e+00,0.000000e+00,0.000000e+00,0.000000e+00,0.000000e+00,0.000000e+00,0.000000e+00,0.000000e+00,3.992034e+04,9.938243e+02,3.339946e-01,9.438279e-04,6.055980e-01,1.136610e-03,0.000000e+00,0.000000e+00,0.000000e+00,0.000000e+00,0.000000e+00,0.000000e+00,0.000000e+00,0.000000e+00,0.000000e+00,0.000000e+00,0.000000e+00,0.000000e+00,0.000000e+00,0.000000e+00,0.000000e+00,0.000000e+00,0.000000e+00,0.000000e+00,0.000000e+00,0.000000e+00,0.000000e+00,6.230488e+04,-9.079654e+02,9.483258e+04,1.360249e+00,-2.695751e-02,-3.742987e+01,-1.636594e+00,1.365448e-02,-5.615465e-01,6.206397e-03,-2.411392e-03,4.703475e+01,-8.491152e-01,-3.698530e-03,-2.185065e-03,1.750700e-01,9.249887e-04,4.328294e+00,-2.494848e+01,-3.284316e-01,4.543659e+03,-6.189846e+04,8.547573e+02,-9.509885e+04,-2.403180e-01,3.916757e+01,-3.402843e-02,1.242744e+02,1.496270e+03,-4.412177e+01
4.910645e-03,3.992757e+04,4.098594e+04,6.625475e-01,2.957501e-03,1.677200e+01,1.023993e-01,9.983318e-07,1.011512e+04,0.000000e+00,0.000000e+00,1.100220e+04,0.000000e+00,0.000000e+00,0.000000e+00,0.000000e+00,0.000000e+00,0.000000e+00,0.000000e+00,0.000000e+00,0.000000e+00,0.000000e+00,0.000000e+00,0.000000e+00,0.000000e+00,0.000000e+00,0.000000e+00,0.000000e+00,0.000000e+00,0.000000e+00,0.000000e+00,0.000000e+00,0.000000e+00,0.000000e+00,0.000000e+00,0.000000e+00,0.000000e+00,0.000000e+00,0.000000e+00,0.000000e+00,0.000000e+00,0.000000e+00,0.000000e+00,0.000000e+00,0.000000e+00,0.000000e+00,0.000000e+00,0.000000e+00,0.000000e+00,3.992757e+04,9.910892e+02,3.338430e-01,9.018099e-04,6.151291e-01,1.136610e-03,0.000000e+00,0.000000e+00,0.000000e+00,0.000000e+00,0.000000e+00,0.000000e+00,0.000000e+00,0.000000e+00,0.000000e+00,0.000000e+00,0.000000e+00,0.000000e+00,0.000000e+00,0.000000e+00,0.000000e+00,0.000000e+00,0.000000e+00,0.000000e+00,0.000000e+00,0.000000e+00,0.000000e+00,7.221320e+04,-3.357498e+03,1.000460e+05,1.360937e+00,-2.691299e-02,-3.742672e+01,-1.635993e+00,1.355120e-02,-5.618318e-01,6.206346e-03,-2.411327e-03,4.704254e+01,-8.476324e-01,-3.616594e-03,-2.185080e-03,1.748143e-01,9.215649e-04,4.374224e+00,-2.558471e+01,-3.411867e-01,4.542637e+03,-6.274409e+04,3.297559e+03,-1.062427e+05,-2.402925e-01,3.918293e+01,-3.385537e-02,-1.460299e+02,1.570067e+03,1.539611e+01
4.920772e-03,3.993456e+04,4.096849e+04,6.610056e-01,2.877803e-03,1.677973e+01,1.023993e-01,9.774108e-07,1.012305e+04,0.000000e+00,0.000000e+00,1.100474e+04,0.000000e+00,0.000000e+00,0.000000e+00,0.000000e+00,0.000000e+00,0.000000e+00,0.000000e+00,0.000000e+00,0.000000e+00,0.000000e+00,0.000000e+00,0.000000e+00,0.000000e+00,0.000000e+00,0.000000e+00,0.000000e+00,0.000000e+00,0.000000e+00,0.000000e+00,0.000000e+00,0.000000e+00,0.000000e+00,0.000000e+00,0.000000e+00,0.000000e+00,0.000000e+00,0.000000e+00,0.000000e+00,0.000000e+00,0.000000e+00,0.000000e+00,0.000000e+00,0.000000e+00,0.000000e+00,0.000000e+00,0.000000e+00,0.000000e+00,3.993456e+04,9.885000e+02,3.336927e-01,8.978380e-04,6.246101e-01,1.136610e-03,0.000000e+00,0.000000e+00,0.000000e+00,0.000000e+00,0.000000e+00,0.000000e+00,0.000000e+00,0.000000e+00,0.000000e+00,0.000000e+00,0.000000e+00,0.000000e+00,0.000000e+00,0.000000e+00,0.000000e+00,0.000000e+00,0.000000e+00,0.000000e+00,0.000000e+00,0.000000e+00,0.000000e+00,7.751098e+04,7.599537e+03,1.057236e+05,1.361639e+00,-2.682248e-02,-3.742360e+01,-1.635386e+00,1.345270e-02,-5.621179e-01,6.206296e-03,-2.411274e-03,4.705029e+01,-8.461560e-01,-3.538311e-03,-2.185095e-03,1.745517e-01,9.181863e-04,4.420223e+00,-2.622323e+01,-3.587633e-01,4.541629e+03,-6.586971e+04,-7.663792e+03,-1.133385e+05,-2.401933e-01,3.919826e+01,-3.403660e-02,-1.845154e+02,1.639188e+03,1.993720e+01
4.931008e-03,3.994162e+04,4.095105e+04,6.594529e-01,2.800151e-03,1.678752e+01,1.023993e-01,1.028503e-06,1.013112e+04,0.000000e+00,0.000000e+00,1.100710e+04,0.000000e+00,0.000000e+00,0.000000e+00,0.000000e+00,0.000000e+00,0.000000e+00,0.000000e+00,0.000000e+00,0.000000e+00,0.000000e+00,0.000000e+00,0.000000e+00,0.000000e+00,0.000000e+00,0.000000e+00,0.000000e+00,0.000000e+00,0.000000e+00,0.000000e+00,0.000000e+00,0.000000e+00,0.000000e+00,0.000000e+00,0.000000e+00,0.000000e+00,0.000000e+00,0.000000e+00,0.000000e+00,0.000000e+00,0.000000e+00,0.000000e+00,0.000000e+00,0.000000e+00,0.000000e+00,0.000000e+00,0.000000e+00,0.000000e+00,3.994162e+04,9.860264e+02,3.335373e-01,8.484209e-04,6.341385e-01,1.136610e-03,0.000000e+00,0.000000e+00,0.000000e+00,0.000000e+00,0.000000e+00,0.000000e+00,0.000000e+00,0.000000e+00,0.000000e+00,0.000000e+00,0.000000e+00,0.000000e+00,0.000000e+00,0.000000e+00,0.000000e+00,0.000000e+00,0.000000e+00,0.000000e+00,0.000000e+00,0.000000e+00,0.000000e+00,7.039912e+04,2.189268e+02,9.783795e+04,1.362293e+00,-2.687255e-02,-3.742050e+01,-1.634768e+00,1.333900e-02,-5.623829e-01,6.206247e-03,-2.411166e-03,4.705806e+01,-8.446754e-01,-3.462427e-03,-2.185110e-03,1.742796e-01,9.145020e-04,4.466704e+00,-2.685559e+01,-3.514077e-01,4.540610e+03,-6.153047e+04,-2.778859e+02,-1.036449e+05,-2.405143e-01,3.921387e+01,-3.386741e-02,-6.013898e+01,1.572567e+03,6.925182e+00
4.940051e-03,3.994767e+04,4.093562e+04,6.580880e-01,2.733803e-03,1.679438e+01,1.023993e-01,1.028140e-06,1.013826e+04,0.000000e+00,0.000000e+00,1.100937e+04,0.000000e+00,0.000000e+00,0.000000e+00,0.000000e+00,0.000000e+00,0.000000e+00,0.000000e+00,0.000000e+00,0.000000e+00,0.000000e+00,0.000000e+00,0.000000e+00,0.000000e+00,0.000000e+00,0.000000e+00,0.000000e+00,0.000000e+00,0.000000e+00,0.000000e+00,0.000000e+00,0.000000e+00,0.000000e+00,0.000000e+00,0.000000e+00,0.000000e+00,0.000000e+00,0.000000e+00,0.000000e+00,0.000000e+00,0.000000e+00,0.000000e+00,0.000000e+00,0.000000e+00,0.000000e+00,0.000000e+00,0.000000e+00,0.000000e+00,3.994767e+04,9.839686e+02,3.333879e-01,7.995120e-04,6.425443e-01,1.136610e-03,0.000000e+00,0.000000e+00,0.000000e+00,0.000000e+00,0.000000e+00,0.000000e+00,0.000000e+00,0.000000e+00,0.000000e+00,0.000000e+00,0.000000e+00,0.000000e+00,0.000000e+00,0.000000e+00,0.000000e+00,0.000000e+00,0.000000e+00,0.000000e+00,0.000000e+00,0.000000e+00,0.000000e+00,7.748764e+04,-1.113055e+04,1.009314e+05,1.362875e+00,-2.687855e-02,-3.741763e+01,-1.634230e+00,1.323437e-02,-5.626469e-01,6.206200e-03,-2.411081e-03,4.706490e+01,-8.433712e-01,-3.397738e-03,-2.185126e-03,1.740340e-01,9.112789e-04,4.507759e+00,-2.741806e+01,-3.611813e-01,4.539685e+03,-6.157084e+04,1.106679e+04,-1.113640e+05,-2.408632e-01,3.922765e+01,-3.367602e-02,4.040984e+02,1.662192e+03,3.651915e+01
4.950330e-03,3.995477e+04,4.091724e+04,6.565436e-01,2.661765e-03,1.680213e+01,1.023993e-01,1.027636e-06,1.014735e+04,0.000000e+00,0.000000e+00,1.101189e+04,0.000000e+00,0.000000e+00,0.000000e+00,0.000000e+00,0.000000e+00,0.000000e+00,0.000000e+00,0.000000e+00,0.000000e+00,0.000000e+00,0.000000e+00,0.000000e+00,0.000000e+00,0.000000e+00,0.000000e+00,0.000000e+00,0.000000e+00,0.000000e+00,0.000000e+00,0.000000e+00,0.000000e+00,0.000000e+00,0.000000e+00,0.000000e+00,0.000000e+00,0.000000e+00,0.000000e+00,0.000000e+00,0.000000e+00,0.000000e+00,0.000000e+00,0.000000e+00,0.000000e+00,0.000000e+00,0.000000e+00,0.000000e+00,0.000000e+00,3.995477e+04,9.822227e+02,3.332283e-01,6.865300e-04,6.522587e-01,1.136610e-03,0.000000e+00,0.000000e+00,0.000000e+00,0.000000e+00,0.000000e+00,0.000000e+00,0.000000e+00,0.000000e+00,0.000000e+00,0.000000e+00,0.000000e+00,0.000000e+00,0.000000e+00,0.000000e+00,0.000000e+00,0.000000e+00,0.000000e+00,0.000000e+00,0.000000e+00,0.000000e+00,0.000000e+00,6.000808e+04,-2.831952e+03,9.144351e+04,1.363514e+00,-2.709600e-02,-3.741407e+01,-1.633625e+00,1.301722e-02,-5.629693e-01,6.206149e-03,-2.410958e-03,4.707267e+01,-8.418964e-01,-3.327546e-03,-2.185144e-03,1.737485e-01,9.080403e-04,4.554415e+00,-2.806004e+01,-2.982884e-01,4.538484e+03,-5.989321e+04,2.779690e+03,-9.152039e+04,-2.390322e-01,3.924536e+01,-3.325404e-02,2.422969e+01,1.421707e+03,2.240630e+01
4.960455e-03,3.996157e+04,4.090033e+04,6.550305e-01,2.594400e-03,1.680972e+01,1.023993e-01,1.027121e-06,1.015509e+04,0.000000e+00,0.000000e+00,1.101428e+04,0.000000e+00,0.000000e+00,0.000000e+00,0.000000e+00,0.000000e+00,0.000000e+00,0.000000e+00,0.000000e+00,0.000000e+00,0.000000e+00,0.000000e+00,0.000000e+00,0.000000e+00,0.000000e+00,0.000000e+00,0.000000e+00,0.000000e+00,0.000000e+00,0.000000e+00,0.000000e+00,0.000000e+00,0.000000e+00,0.000000e+00,0.000000e+00,0.000000e+00,0.000000e+00,0.000000e+00,0.000000e+00,0.000000e+00,0.000000e+00,0.000000e+00,0.000000e+00,0.000000e+00,0.000000e+00,0.000000e+00,0.000000e+00,0.000000e+00,3.996157e+04,9.801857e+02,3.330615e-01,6.639129e-04,6.616423e-01,1.136610e-03,0.000000e+00,0.000000e+00,0.000000e+00,0.000000e+00,0.000000e+00,0.000000e+00,0.000000e+00,0.000000e+00,0.000000e+00,0.000000e+00,0.000000e+00,0.000000e+00,0.000000e+00,0.000000e+00,0.000000e+00,0.000000e+00,0.000000e+00,0.000000e+00,0.000000e+00,0.000000e+00,0.000000e+00,6.561833e+04,-8.327993e+02,9.367795e+04,1.364150e+00,-2.693496e-02,-3.741097e+01,-1.633017e+00,1.288841e-02,-5.632631e-01,6.206098e-03,-2.410785e-03,4.708026e+01,-8.404526e-01,-3.261650e-03,-2.185159e-03,1.734609e-01,9.047745e-04,4.600360e+00,-2.868034e+01,-3.434850e-01,4.537492e+03,-5.974160e+04,7.767151e+02,-9.753130e+04,-2.394400e-01,3.926029e+01,-3.339631e-02,-6.825656e+01,1.478114e+03,2.556901e+01
4.970576e-03,3.996801e+04,4.088405e+04,6.535280e-01,2.530180e-03,1.681726e+01,1.023993e-01,1.026050e-06,1.016265e+04,0.000000e+00,0.000000e+00,1.101662e+04,0.000000e+00,0.000000e+00,0.000000e+00,0.000000e+00,0.000000e+00,0.000000e+00,0.000000e+00,0.000000e+00,0.000000e+00,0.000000e+00,0.000000e+00,0.000000e+00,0.000000e+00,0.000000e+00,0.000000e+00,0.000000e+00,0.000000e+00,0.000000e+00,0.000000e+00,0.000000e+00,0.000000e+00,0.000000e+00,0.000000e+00,0.000000e+00,0.000000e+00,0.000000e+00,0.000000e+00,0.000000e+00,0.000000e+00,0.000000e+00,0.000000e+00,0.000000e+00,0.000000e+00,0.000000e+00,0.000000e+00,0.000000e+00,0.000000e+00,3.996801e+04,9.782709e+02,3.329014e-01,6.556977e-04,6.709626e-01,1.136610e-03,0.000000e+00,0.000000e+00,0.000000e+00,0.000000e+00,0.000000e+00,0.000000e+00,0.000000e+00,0.000000e+00,0.000000e+00,0.000000e+00,0.000000e+00,0.000000e+00,0.000000e+00,0.000000e+00,0.000000e+00,0.000000e+00,0.000000e+00,0.000000e+00,0.000000e+00,0.000000e+00,0.000000e+00,6.706112e+04,3.655748e+03,9.495747e+04,1.364778e+00,-2.681369e-02,-3.740793e+01,-1.632416e+00,1.276567e-02,-5.635591e-01,6.206051e-03,-2.410530e-03,4.708780e+01,-8.390162e-01,-3.198452e-03,-2.185174e-03,1.731672e-01,9.012882e-04,4.646283e+00,-2.929558e+01,-3.728642e-01,4.536519e+03,-6.037933e+04,-3.713127e+03,-9.933796e+04,-2.396848e-01,3.927493e+01,-3.331545e-02,-1.584819e+02,1.508003e+03,-6.742250e+00
4.980839e-03,3.997427e+04,4.086695e+04,6.520147e-01,2.468472e-03,1.682485e+01,1.023993e-01,1.026096e-06,1.017108e+04,0.000000e+00,0.000000e+00,1.101913e+04,0.000000e+00,0.000000e+00,0.000000e+00,0.000000e+00,0.000000e+00,0.000000e+00,0.000000e+00,0.000000e+00,0.000000e+00,0.000000e+00,0.000000e+00,0.000000e+00,0.000000e+00,0.000000e+00,0.000000e+00,0.000000e+00,0.000000e+00,0.000000e+00,0.000000e+00,0.000000e+00,0.000000e+00,0.000000e+00,0.000000e+00,0.000000e+00,0.000000e+00,0.000000e+00,0.000000e+00,0.000000e+00,0.000000e+00,0.000000e+00,0.000000e+00,0.000000e+00,0.000000e+00,0.000000e+00,0.000000e+00,0.000000e+00,0.000000e+00,3.997427e+04,9.765241e+02,3.327273e-01,6.767190e-04,6.803294e-01,1.136610e-03,0.000000e+00,0.000000e+00,0.000000e+00,0.000000e+00,0.000000e+00,0.000000e+00,0.000000e+00,0.000000e+00,0.000000e+00,0.000000e+00,0.000000e+00,0.000000e+00,0.000000e+00,0.000000e+00,0.000000e+00,0.000000e+00,0.000000e+00,0.000000e+00,0.000000e+00,0.000000e+00,0.000000e+00,9.446852e+04,1.048038e+04,1.083840e+05,1.365370e+00,-2.665471e-02,-3.740455e+01,-1.631826e+00,1.272237e-02,-5.638817e-01,6.206004e-03,-2.410220e-03,4.709538e+01,-8.375774e-01,-3.137842e-03,-2.185188e-03,1.728631e-01,8.973793e-04,4.692837e+00,-2.991183e+01,-3.982351e-01,4.535449e+03,-6.182786e+04,-1.055633e+04,-1.297964e+05,-2.418510e-01,3.929098e+01,-3.325519e-02,-5.780557e+02,1.866229e+03,-3.854818e+01
4.990953e-03,3.998055e+04,4.085078e+04,6.505340e-01,2.410776e-03,1.683228e+01,1.023993e-01,1.025567e-06,1.017882e+04,0.000000e+00,0.000000e+00,1.102133e+04,0.000000e+00,0.000000e+00,0.000000e+00,0.000000e+00,0.000000e+00,0.000000e+00,0.000000e+00,0.000000e+00,0.000000e+00,0.000000e+00,0.000000e+00,0.000000e+00,0.000000e+00,0.000000e+00,0.000000e+00,0.000000e+00,0.000000e+00,0.000000e+00,0.000000e+00,0.000000e+00,0.000000e+00,0.000000e+00,0.000000e+00,0.000000e+00,0.000000e+00,0.000000e+00,0.000000e+00,0.000000e+00,0.000000e+00,0.000000e+00,0.000000e+00,0.000000e+00,0.000000e+00,0.000000e+00,0.000000e+00,0.000000e+00,0.000000e+00,3.998055e+04,9.749805e+02,3.325481e-01,7.570068e-04,6.895371e-01,1.136610e-03,0.000000e+00,0.000000e+00,0.000000e+00,0.000000e+00,0.000000e+00,0.000000e+00,0.000000e+00,0.000000e+00,0.000000e+00,0.000000e+00,0.000000e+00,0.000000e+00,0.000000e+00,0.000000e+00,0.000000e+00,0.000000e+00,0.000000e+00,0.000000e+00,0.000000e+00,0.000000e+00,0.000000e+00,6.294816e+04,-8.854357e+02,9.149680e+04,1.365974e+00,-2.648815e-02,-3.740150e+01,-1.631235e+00,1.260956e-02,-5.641890e-01,6.205958e-03,-2.409881e-03,4.710281e+01,-8.361670e-01,-3.081001e-03,-2.185202e-03,1.725572e-01,8.929518e-04,4.738700e+00,-3.052642e+01,-4.525887e-01,4.534425e+03,-5.891896e+04,8.306669e+02,-9.414237e+04,-2.433345e-01,3.930614e+01,-3.328413e-02,-5.786992e+01,1.435720e+03,2.772903e+01
5.000181e-03,3.998606e+04,4.083643e+04,6.491916e-01,2.360949e-03,1.683902e+01,1.023993e-01,9.781861e-07,1.018565e+04,0.000000e+00,0.000000e+00,1.102338e+04,0.000000e+00,0.000000e+00,0.000000e+00,0.000000e+00,0.000000e+00,0.000000e+00,0.000000e+00,0.000000e+00,0.000000e+00,0.000000e+00,0.000000e+00,0.000000e+00,0.000000e+00,0.000000e+00,0.000000e+00,0.000000e+00,0.000000e+00,0.000000e+00,0.000000e+00,0.000000e+00,0.000000e+00,0.000000e+00,0.000000e+00,0.000000e+00,0.000000e+00,0.000000e+00,0.000000e+00,0.000000e+00,0.000000e+00,0.000000e+00,0.000000e+00,0.000000e+00,0.000000e+00,0.000000e+00,0.000000e+00,0.000000e+00,0.000000e+00,3.998606e+04,9.735094e+02,3.323840e-01,7.866963e-04,6.978339e-01,1.136610e-03,0.000000e+00,0.000000e+00,0.000000e+00,0.000000e+00,0.000000e+00,0.000000e+00,0.000000e+00,0.000000e+00,0.000000e+00,0.000000e+00,0.000000e+00,0.000000e+00,0.000000e+00,0.000000e+00,0.000000e+00,0.000000e+00,0.000000e+00,0.000000e+00,0.000000e+00,0.000000e+00,0.000000e+00,6.827416e+04,1.136675e+04,9.836202e+04,1.366504e+00,-2.643013e-02,-3.739877e+01,-1.630692e+00,1.249232e-02,-5.644486e-01,6.205916e-03,-2.409542e-03,4.710956e+01,-8.348891e-01,-3.031838e-03,-2.185214e-03,1.722727e-01,8.887943e-04,4.780540e+00,-3.107003e+01,-4.547059e-01,4.533562e+03,-6.313746e+04,-1.142618e+04,-1.017288e+05,-2.438231e-01,3.931933e+01,-3.322688e-02,-4.695004e+01,1.439563e+03,1.590663e+01
5.010287e-03,3.999202e+04,4.081981e+04,6.477317e-01,2.309745e-03,1.684634e+01,1.023993e-01,1.024654e-06,1.019387e+04,0.000000e+00,0.000000e+00,1.102582e+04,0.000000e+00,0.000000e+00,0.000000e+00,0.000000e+00,0.000000e+00,0.000000e+00,0.000000e+00,0.000000e+00,0.000000e+00,0.000000e+00,0.000000e+00,0.000000e+00,0.000000e+00,0.000000e+00,0.000000e+00,0.000000e+00,0.000000e+00,0.000000e+00,0.000000e+00,0.000000e+00,0.000000e+00,0.000000e+00,0.000000e+00,0.000000e+00,0.000000e+00,0.000000e+00,0.000000e+00,0.000000e+00,0.000000e+00,0.000000e+00,0.000000e+00,0.000000e+00,0.000000e+00,0.000000e+00,0.000000e+00,0.000000e+00,0.000000e+00,3.999202e+04,9.724424e+02,3.322414e-01,6.502580e-04,7.070495e-01,1.136609e-03,0.000000e+00,0.000000e+00,0.000000e+00,0.000000e+00,0.000000e+00,0.000000e+00,0.000000e+00,0.000000e+00,0.000000e+00,0.000000e+00,0.000000e+00,0.000000e+00,0.000000e+00,0.000000e+00,0.000000e+00,0.000000e+00,0.000000e+00,0.000000e+00,0.000000e+00,0.000000e+00,0.000000e+00,6.417386e+04,1.736447e+03,9.134997e+04,1.367118e+00,-2.675935e-02,-3.739552e+01,-1.630084e+00,1.242289e-02,-5.646561e-01,6.205874e-03,-2.409138e-03,4.711687e+01,-8.334995e-01,-2.981011e-03,-2.185225e-03,1.719551e-01,8.846519e-04,4.826352e+00,-3.169627e+01,-3.595922e-01,4.532475e+03,-5.836930e+04,-1.792297e+03,-9.516265e+04,-2.428259e-01,3.933520e+01,-3.195842e-02,-4.599751e+01,1.448187e+03,-2.494016e+01
5.020391e-03,3.999773e+04,4.080443e+04,6.462837e-01,2.261662e-03,1.685361e+01,1.023993e-01,1.024172e-06,1.020131e+04,0.000000e+00,0.000000e+00,1.102805e+04,0.000000e+00,0.000000e+00,0.000000e+00,0.000000e+00,0.000000e+00,0.000000e+00,0.000000e+00,0.000000e+00,0.000000e+00,0.000000e+00,0.000000e+00,0.000000e+00,0.000000e+00,0.000000e+00,0.000000e+00,0.000000e+00,0.000000e+00,0.000000e+00,0.000000e+00,0.000000e+00,0.000000e+00,0.000000e+00,0.000000e+00,0.000000e+00,0.000000e+00,0.000000e+00,0.000000e+00,0.000000e+00,0.000000e+00,0.000000e+00,0.000000e+00,0.000000e+00,0.000000e+00,0.000000e+00,0.000000e+00,0.000000e+00,0.000000e+00,3.999773e+04,9.712780e+02,3.320853e-01,5.807451e-04,7.160959e-01,1.136610e-03,0.000000e+00,0.000000e+00,0.000000e+00,0.000000e+00,0.000000e+00,0.000000e+00,0.000000e+00,0.000000e+00,0.000000e+00,0.000000e+00,0.000000e+00,0.000000e+00,0.000000e+00,0.000000e+00,0.000000e+00,0.000000e+00,0.000000e+00,0.000000e+00,0.000000e+00,0.000000e+00,0.000000e+00,6.094090e+04,1.526815e+03,8.911783e+04,1.367694e+00,-2.666073e-02,-3.739254e+01,-1.629495e+00,1.229564e-02,-5.649518e-01,6.205833e-03,-2.408698e-03,4.712415e+01,-8.321220e-01,-2.933244e-03,-2.185237e-03,1.716315e-01,8.809420e-04,4.872141e+00,-3.229751e+01,-3.856338e-01,4.531510e+03,-5.764022e+04,-1.580546e+03,-9.128646e+04,-2.431312e-01,3.934958e+01,-3.183620e-02,-3.259830e+00,1.397070e+03,-4.160649e+01
5.030631e-03,4.000330e+04,4.078905e+04,6.448295e-01,2.216134e-03,1.686090e+01,1.023993e-01,1.023669e-06,1.020896e+04,0.000000e+00,0.000000e+00,1.103026e+04,0.000000e+00,0.000000e+00,0.000000e+00,0.000000e+00,0.000000e+00,0.000000e+00,0.000000e+00,0.000000e+00,0.000000e+00,0.000000e+00,0.000000e+00,0.000000e+00,0.000000e+00,0.000000e+00,0.000000e+00,0.000000e+00,0.000000e+00,0.000000e+00,0.000000e+00,0.000000e+00,0.000000e+00,0.000000e+00,0.000000e+00,0.000000e+00,0.000000e+00,0.000000e+00,0.000000e+00,0.000000e+00,0.000000e+00,0.000000e+00,0.000000e+00,0.000000e+00,0.000000e+00,0.000000e+00,0.000000e+00,0.000000e+00,0.000000e+00,4.000330e+04,9.700792e+02,3.319276e-01,5.134027e-04,7.251253e-01,1.136610e-03,0.000000e+00,0.000000e+00,0.000000e+00,0.000000e+00,0.000000e+00,0.000000e+00,0.000000e+00,0.000000e+00,0.000000e+00,0.000000e+00,0.000000e+00,0.000000e+00,0.000000e+00,0.000000e+00,0.000000e+00,0.000000e+00,0.000000e+00,0.000000e+00,0.000000e+00,0.000000e+00,0.000000e+00,7.172852e+04,-1.188544e+04,9.613191e+04,1.368247e+00,-2.673681e-02,-3.738949e+01,-1.628885e+00,1.216846e-02,-5.652181e-01,6.205792e-03,-2.408261e-03,4.713144e+01,-8.307393e-01,-2.888117e-03,-2.185249e-03,1.712975e-01,8.769977e-04,4.918536e+00,-3.289402e+01,-3.749125e-01,4.530543e+03,-5.984209e+04,1.182378e+04,-1.039553e+05,-2.434530e-01,3.936425e+01,-3.163221e-02,1.311229e+02,1.542732e+03,1.016865e+02
5.040727e-03,4.000871e+04,4.077364e+04,6.434096e-01,2.173828e-03,1.686803e+01,1.023993e-01,1.023210e-06,1.021668e+04,0.000000e+00,0.000000e+00,1.103254e+04,0.000000e+00,0.000000e+00,0.000000e+00,0.000000e+00,0.000000e+00,0.000000e+00,0.000000e+00,0.000000e+00,0.000000e+00,0.000000e+00,0.000000e+00,0.000000e+00,0.000000e+00,0.000000e+00,0.000000e+00,0.000000e+00,0.000000e+00,0.000000e+00,0.000000e+00,0.000000e+00,0.000000e+00,0.000000e+00,0.000000e+00,0.000000e+00,0.000000e+00,0.000000e+00,0.000000e+00,0.000000e+00,0.000000e+00,0.000000e+00,0.000000e+00,0.000000e+00,0.000000e+00,0.000000e+00,0.000000e+00,0.000000e+00,0.000000e+00,4.000871e+04,9.691785e+02,3.317939e-01,4.005414e-04,7.340242e-01,1.136610e-03,0.000000e+00,0.000000e+00,0.000000e+00,0.000000e+00,0.000000e+00,0.000000e+00,0.000000e+00,0.000000e+00,0.000000e+00,0.000000e+00,0.000000e+00,0.000000e+00,0.000000e+00,0.000000e+00,0.000000e+00,0.000000e+00,0.000000e+00,0.000000e+00,0.000000e+00,0.000000e+00,0.000000e+00,6.183389e+04,-1.003439e+02,8.971003e+04,1.368826e+00,-2.680586e-02,-3.738641e+01,-1.628289e+00,1.206518e-02,-5.654789e-01,6.205753e-03,-2.407789e-03,4.713856e+01,-8.293900e-01,-2.846047e-03,-2.185259e-03,1.709619e-01,8.735227e-04,4.964273e+00,-3.350218e+01,-3.388169e-01,4.529525e+03,-5.790353e+04,4.555457e+01,-9.229577e+04,-2.429164e-01,3.937920e+01,-3.095354e-02,-3.078584e+01,1.401761e+03,6.564200e+00
5.050867e-03,4.001401e+04,4.075880e+04,6.419973e-01,2.133286e-03,1.687511e+01,1.023993e-01,9.774291e-07,1.022408e+04,0.000000e+00,0.000000e+00,1.103475e+04,0.000000e+00,0.000000e+00,0.000000e+00,0.000000e+00,0.000000e+00,0.000000e+00,0.000000e+00,0.000000e+00,0.000000e+00,0.000000e+00,0.000000e+00,0.000000e+00,0.000000e+00,0.000000e+00,0.000000e+00,0.000000e+00,0.000000e+00,0.000000e+00,0.000000e+00,0.000000e+00,0.000000e+00,0.000000e+00,0.000000e+00,0.000000e+00,0.000000e+00,0.000000e+00,0.000000e+00,0.000000e+00,0.000000e+00,0.000000e+00,0.000000e+00,0.000000e+00,0.000000e+00,0.000000e+00,0.000000e+00,0.000000e+00,0.000000e+00,4.001401e+04,9.682330e+02,3.316332e-01,4.022960e-04,7.428191e-01,1.136610e-03,0.000000e+00,0.000000e+00,0.000000e+00,0.000000e+00,0.000000e+00,0.000000e+00,0.000000e+00,0.000000e+00,0.000000e+00,0.000000e+00,0.000000e+00,0.000000e+00,0.000000e+00,0.000000e+00,0.000000e+00,0.000000e+00,0.000000e+00,0.000000e+00,0.000000e+00,0.000000e+00,0.000000e+00,7.009341e+04,7.048882e+02,9.643508e+04,1.369382e+00,-2.671157e-02,-3.738340e+01,-1.627697e+00,1.193856e-02,-5.657673e-01,6.205718e-03,-2.407324e-03,4.714566e+01,-8.280457e-01,-2.805631e-03,-2.185270e-03,1.706190e-01,8.700233e-04,5.010197e+00,-3.409759e+01,-3.645886e-01,4.528571e+03,-6.085052e+04,-7.661334e+02,-1.025180e+05,-2.430792e-01,3.939347e+01,-3.095840e-02,4.061309e+01,1.479146e+03,6.289007e+01
5.060024e-03,4.001871e+04,4.074501e+04,6.407334e-01,2.098542e-03,1.688146e+01,1.023993e-01,1.022283e-06,1.023118e+04,0.000000e+00,0.000000e+00,1.103671e+04,0.000000e+00,0.000000e+00,0.000000e+00,0.000000e+00,0.000000e+00,0.000000e+00,0.000000e+00,0.000000e+00,0.000000e+00,0.000000e+00,0.000000e+00,0.000000e+00,0.000000e+00,0.000000e+00,0.000000e+00,0.000000e+00,0.000000e+00,0.000000e+00,0.000000e+00,0.000000e+00,0.000000e+00,0.000000e+00,0.000000e+00,0.000000e+00,0.000000e+00,0.000000e+00,0.000000e+00,0.000000e+00,0.000000e+00,0.000000e+00,0.000000e+00,0.000000e+00,0.000000e+00,0.000000e+00,0.000000e+00,0.000000e+00,0.000000e+00,4.001871e+04,9.676797e+02,3.315158e-01,2.944253e-04,7.507774e-01,1.136610e-03,0.000000e+00,0.000000e+00,0.000000e+00,0.000000e+00,0.000000e+00,0.000000e+00,0.000000e+00,0.000000e+00,0.000000e+00,0.000000e+00,0.000000e+00,0.000000e+00,0.000000e+00,0.000000e+00,0.000000e+00,0.000000e+00,0.000000e+00,0.000000e+00,0.000000e+00,0.000000e+00,0.000000e+00,6.487538e+04,2.864736e+03,9.197636e+04,1.369859e+00,-2.685808e-02,-3.738061e+01,-1.627151e+00,1.184231e-02,-5.659772e-01,6.205686e-03,-2.406820e-03,4.715199e+01,-8.268486e-01,-2.771169e-03,-2.185279e-03,1.703040e-01,8.669669e-04,5.051660e+00,-3.463327e+01,-3.186057e-01,4.527650e+03,-5.885377e+04,-2.922184e+03,-9.593939e+04,-2.425510e-01,3.940712e+01,-3.034000e-02,-2.100396e+01,1.451532e+03,-4.756501e+01
5.070112e-03,4.002374e+04,4.073016e+04,6.393564e-01,2.062577e-03,1.688837e+01,1.023993e-01,1.021866e-06,1.023878e+04,0.000000e+00,0.000000e+00,1.103892e+04,0.000000e+00,0.000000e+00,0.000000e+00,0.000000e+00,0.000000e+00,0.000000e+00,0.000000e+00,0.000000e+00,0.000000e+00,0.000000e+00,0.000000e+00,0.000000e+00,0.000000e+00,0.000000e+00,0.000000e+00,0.000000e+00,0.000000e+00,0.000000e+00,0.000000e+00,0.000000e+00,0.000000e+00,0.000000e+00,0.000000e+00,0.000000e+00,0.000000e+00,0.000000e+00,0.000000e+00,0.000000e+00,0.000000e+00,0.000000e+00,0.000000e+00,0.000000e+00,0.000000e+00,0.000000e+00,0.000000e+00,0.000000e+00,0.000000e+00,4.002374e+04,9.671044e+02,3.313873e-01,3.006877e-04,7.594569e-01,1.136610e-03,0.000000e+00,0.000000e+00,0.000000e+00,0.000000e+00,0.000000e+00,0.000000e+00,0.000000e+00,0.000000e+00,0.000000e+00,0.000000e+00,0.000000e+00,0.000000e+00,0.000000e+00,0.000000e+00,0.000000e+00,0.000000e+00,0.000000e+00,0.000000e+00,0.000000e+00,0.000000e+00,0.000000e+00,7.143300e+04,-4.660283e+03,9.450677e+04,1.370400e+00,-2.679604e-02,-3.737754e+01,-1.626561e+00,1.172205e-02,-5.662382e-01,6.205657e-03,-2.406252e-03,4.715890e+01,-8.255421e-01,-2.735406e-03,-2.185288e-03,1.699513e-01,8.635885e-04,5.097328e+00,-3.522844e+01,-3.412512e-01,4.526658e+03,-5.862751e+04,4.598214e+03,-1.029446e+05,-2.425428e-01,3.942171e+01,-3.013883e-02,7.623785e+01,1.530883e+03,5.619570e+01
5.080328e-03,4.002871e+04,4.071524e+04,6.379761e-01,2.028544e-03,1.689530e+01,1.023993e-01,1.021410e-06,1.024657e+04,0.000000e+00,0.000000e+00,1.104101e+04,0.000000e+00,0.000000e+00,0.000000e+00,0.000000e+00,0.000000e+00,0.000000e+00,0.000000e+00,0.000000e+00,0.000000e+00,0.000000e+00,0.000000e+00,0.000000e+00,0.000000e+00,0.000000e+00,0.000000e+00,0.000000e+00,0.000000e+00,0.000000e+00,0.000000e+00,0.000000e+00,0.000000e+00,0.000000e+00,0.000000e+00,0.000000e+00,0.000000e+00,0.000000e+00,0.000000e+00,0.000000e+00,0.000000e+00,0.000000e+00,0.000000e+00,0.000000e+00,0.000000e+00,0.000000e+00,0.000000e+00,0.000000e+00,0.000000e+00,4.002871e+04,9.667758e+02,3.312682e-01,2.719737e-04,7.682236e-01,1.136610e-03,0.000000e+00,0.000000e+00,0.000000e+00,0.000000e+00,0.000000e+00,0.000000e+00,0.000000e+00,0.000000e+00,0.000000e+00,0.000000e+00,0.000000e+00,0.000000e+00,0.000000e+00,0.000000e+00,0.000000e+00,0.000000e+00,0.000000e+00,0.000000e+00,0.000000e+00,0.000000e+00,0.000000e+00,6.981487e+04,-3.438774e+03,9.301540e+04,1.370919e+00,-2.678536e-02,-3.737445e+01,-1.625952e+00,1.158651e-02,-5.664859e-01,6.205629e-03,-2.405617e-03,4.716583e+01,-8.242330e-01,-2.701469e-03,-2.185297e-03,1.695881e-01,8.600963e-04,5.143569e+00,-3.582229e+01,-3.447591e-01,4.525652e+03,-5.793680e+04,3.377740e+03,-1.008450e+05,-2.425461e-01,3.943674e+01,-3.015264e-02,1.914017e+01,1.493867e+03,7.467876e+01
5.090321e-03,4.003353e+04,4.070055e+04,6.366370e-01,1.959899e-03,1.690214e+01,1.023994e-01,1.021024e-06,1.025436e+04,0.000000e+00,0.000000e+00,1.104333e+04,0.000000e+00,0.000000e+00,0.000000e+00,0.000000e+00,0.000000e+00,0.000000e+00,0.000000e+00,0.000000e+00,0.000000e+00,0.000000e+00,0.000000e+00,0.000000e+00,0.000000e+00,0.000000e+00,0.000000e+00,0.000000e+00,0.000000e+00,0.000000e+00,0.000000e+00,0.000000e+00,0.000000e+00,0.000000e+00,0.000000e+00,0.000000e+00,0.000000e+00,0.000000e+00,0.000000e+00,0.000000e+00,0.000000e+00,0.000000e+00,0.000000e+00,0.000000e+00,0.000000e+00,0.000000e+00,0.000000e+00,0.000000e+00,0.000000e+00,4.003353e+04,9.665635e+02,3.312076e-01,3.178250e-04,7.767767e-01,1.136610e-03,0.000000e+00,0.000000e+00,0.000000e+00,0.000000e+00,0.000000e+00,0.000000e+00,0.000000e+00,0.000000e+00,0.000000e+00,0.000000e+00,0.000000e+00,0.000000e+00,0.000000e+00,0.000000e+00,0.000000e+00,0.000000e+00,0.000000e+00,0.000000e+00,0.000000e+00,0.000000e+00,0.000000e+00,8.147788e+04,-8.751792e+03,9.482099e+04,1.371612e+00,-2.672653e-02,-3.737128e+01,-1.625313e+00,1.150658e-02,-5.667182e-01,6.205605e-03,-2.404978e-03,4.717253e+01,-8.229671e-01,-2.670156e-03,-2.185305e-03,1.692266e-01,8.564712e-04,5.188788e+00,-3.645465e+01,-3.869520e-01,4.524622e+03,-5.503978e+04,8.683211e+03,-1.122563e+05,-2.417854e-01,3.945164e+01,-3.086824e-02,1.376512e+02,1.640487e+03,1.752973e+02
5.100529e-03,4.003863e+04,4.068464e+04,6.352870e-01,1.929472e-03,1.690892e+01,1.023994e-01,1.020543e-06,1.026330e+04,0.000000e+00,0.000000e+00,1.104549e+04,0.000000e+00,0.000000e+00,0.000000e+00,0.000000e+00,0.000000e+00,0.000000e+00,0.000000e+00,0.000000e+00,0.000000e+00,0.000000e+00,0.000000e+00,0.000000e+00,0.000000e+00,0.000000e+00,0.000000e+00,0.000000e+00,0.000000e+00,0.000000e+00,0.000000e+00,0.000000e+00,0.000000e+00,0.000000e+00,0.000000e+00,0.000000e+00,0.000000e+00,0.000000e+00,0.000000e+00,0.000000e+00,0.000000e+00,0.000000e+00,0.000000e+00,0.000000e+00,0.000000e+00,0.000000e+00,0.000000e+00,0.000000e+00,0.000000e+00,4.003863e+04,9.670377e+02,3.311086e-01,2.114468e-04,7.856530e-01,1.136610e-03,0.000000e+00,0.000000e+00,0.000000e+00,0.000000e+00,0.000000e+00,0.000000e+00,0.000000e+00,0.000000e+00,0.000000e+00,0.000000e+00,0.000000e+00,0.000000e+00,0.000000e+00,0.000000e+00,0.000000e+00,0.000000e+00,0.000000e+00,0.000000e+00,0.000000e+00,0.000000e+00,0.000000e+00,7.655802e+04,-4.586294e+03,9.505702e+04,1.372077e+00,-2.699478e-02,-3.736774e+01,-1.624631e+00,1.143624e-02,-5.669005e-01,6.205596e-03,-2.404270e-03,4.717930e+01,-8.216882e-01,-2.639830e-03,-2.185314e-03,1.688513e-01,8.529504e-04,5.234969e+00,-3.703317e+01,-3.145291e-01,4.523435e+03,-5.723908e+04,4.520344e+03,-1.078019e+05,-2.394477e-01,3.946888e+01,-2.989948e-02,9.245308e+01,1.577368e+03,9.102766e+01
5.110390e-03,4.004358e+04,4.067037e+04,6.339973e-01,1.901548e-03,1.691539e+01,1.023994e-01,9.774000e-07,1.027075e+04,0.000000e+00,0.000000e+00,1.104746e+04,0.000000e+00,0.000000e+00,0.000000e+00,0.000000e+00,0.000000e+00,0.000000e+00,0.000000e+00,0.000000e+00,0.000000e+00,0.000000e+00,0.000000e+00,0.000000e+00,0.000000e+00,0.000000e+00,0.000000e+00,0.000000e+00,0.000000e+00,0.000000e+00,0.000000e+00,0.000000e+00,0.000000e+00,0.000000e+00,0.000000e+00,0.000000e+00,0.000000e+00,0.000000e+00,0.000000e+00,0.000000e+00,0.000000e+00,0.000000e+00,0.000000e+00,0.000000e+00,0.000000e+00,0.000000e+00,0.000000e+00,0.000000e+00,0.000000e+00,4.004358e+04,9.671784e+02,3.310415e-01,2.271202e-04,7.940673e-01,1.136609e-03,0.000000e+00,0.000000e+00,0.000000e+00,0.000000e+00,0.000000e+00,0.000000e+00,0.000000e+00,0.000000e+00,0.000000e+00,0.000000e+00,0.000000e+00,0.000000e+00,0.000000e+00,0.000000e+00,0.000000e+00,0.000000e+00,0.000000e+00,0.000000e+00,0.000000e+00,0.000000e+00,0.000000e+00,6.436008e+04,2.033448e+03,9.211278e+04,1.372676e+00,-2.682553e-02,-3.736474e+01,-1.624004e+00,1.130532e-02,-5.671493e-01,6.205576e-03,-2.403490e-03,4.718579e+01,-8.204643e-01,-2.611943e-03,-2.185321e-03,1.684829e-01,8.495526e-04,5.279566e+00,-3.762146e+01,-3.701091e-01,4.522446e+03,-5.937234e+04,-2.091695e+03,-9.540267e+04,-2.391803e-01,3.948331e+01,-3.026483e-02,-6.476380e+01,1.424560e+03,4.867195e+00
5.120164e-03,4.004814e+04,4.065605e+04,6.327307e-01,1.875375e-03,1.692175e+01,1.023994e-01,9.774000e-07,1.027854e+04,0.000000e+00,0.000000e+00,1.104945e+04,0.000000e+00,0.000000e+00,0.000000e+00,0.000000e+00,0.000000e+00,0.000000e+00,0.000000e+00,0.000000e+00,0.000000e+00,0.000000e+00,0.000000e+00,0.000000e+00,0.000000e+00,0.000000e+00,0.000000e+00,0.000000e+00,0.000000e+00,0.000000e+00,0.000000e+00,0.000000e+00,0.000000e+00,0.000000e+00,0.000000e+00,0.000000e+00,0.000000e+00,0.000000e+00,0.000000e+00,0.000000e+00,0.000000e+00,0.000000e+00,0.000000e+00,0.000000e+00,0.000000e+00,0.000000e+00,0.000000e+00,0.000000e+00,0.000000e+00,4.004814e+04,9.674603e+02,3.309821e-01,2.180971e-04,8.023294e-01,1.136610e-03,0.000000e+00,0.000000e+00,0.000000e+00,0.000000e+00,0.000000e+00,0.000000e+00,0.000000e+00,0.000000e+00,0.000000e+00,0.000000e+00,0.000000e+00,0.000000e+00,0.000000e+00,0.000000e+00,0.000000e+00,0.000000e+00,0.000000e+00,0.000000e+00,0.000000e+00,0.000000e+00,0.000000e+00,8.394592e+04,-5.100586e+03,9.924366e+04,1.373215e+00,-2.687807e-02,-3.736160e+01,-1.623354e+00,1.119788e-02,-5.673589e-01,6.205563e-03,-2.402566e-03,4.719215e+01,-8.192656e-01,-2.585543e-03,-2.185329e-03,1.681121e-01,8.457997e-04,5.323763e+00,-3.819633e+01,-3.761819e-01,4.521437e+03,-5.826905e+04,5.028821e+03,-1.161967e+05,-2.386164e-01,3.949817e+01,-3.025140e-02,2.340827e+02,1.682151e+03,7.061815e+01
5.130915e-03,4.005331e+04,4.064030e+04,6.313512e-01,1.848326e-03,1.692868e+01,1.023994e-01,9.774081e-07,1.028715e+04,0.000000e+00,0.000000e+00,1.105154e+04,0.000000e+00,0.000000e+00,0.000000e+00,0.000000e+00,0.000000e+00,0.000000e+00,0.000000e+00,0.000000e+00,0.000000e+00,0.000000e+00,0.000000e+00,0.000000e+00,0.000000e+00,0.000000e+00,0.000000e+00,0.000000e+00,0.000000e+00,0.000000e+00,0.000000e+00,0.000000e+00,0.000000e+00,0.000000e+00,0.000000e+00,0.000000e+00,0.000000e+00,0.000000e+00,0.000000e+00,0.000000e+00,0.000000e+00,0.000000e+00,0.000000e+00,0.000000e+00,0.000000e+00,0.000000e+00,0.000000e+00,0.000000e+00,0.000000e+00,4.005331e+04,9.680374e+02,3.309387e-01,2.003968e-04,8.114365e-01,1.136610e-03,0.000000e+00,0.000000e+00,0.000000e+00,0.000000e+00,0.000000e+00,0.000000e+00,0.000000e+00,0.000000e+00,0.000000e+00,0.000000e+00,0.000000e+00,0.000000e+00,0.000000e+00,0.000000e+00,0.000000e+00,0.000000e+00,0.000000e+00,0.000000e+00,0.000000e+00,0.000000e+00,0.000000e+00,6.402061e+04,5.300538e+03,9.109309e+04,1.373847e+00,-2.681876e-02,-3.735814e+01,-1.622627e+00,1.108886e-02,-5.676004e-01,6.205549e-03,-2.401475e-03,4.719905e+01,-8.179612e-01,-2.558199e-03,-2.185336e-03,1.676976e-01,8.416931e-04,5.372368e+00,-3.883466e+01,-3.916537e-01,4.520284e+03,-5.864525e+04,-5.358790e+03,-9.463986e+04,-2.375363e-01,3.951483e+01,-2.992201e-02,-3.741276e+01,1.416745e+03,-6.000487e+01
5.140689e-03,4.005776e+04,4.062609e+04,6.301098e-01,1.825156e-03,1.693491e+01,1.023994e-01,9.774000e-07,1.029504e+04,0.000000e+00,0.000000e+00,1.105346e+04,0.000000e+00,0.000000e+00,0.000000e+00,0.000000e+00,0.000000e+00,0.000000e+00,0.000000e+00,0.000000e+00,0.000000e+00,0.000000e+00,0.000000e+00,0.000000e+00,0.000000e+00,0.000000e+00,0.000000e+00,0.000000e+00,0.000000e+00,0.000000e+00,0.000000e+00,0.000000e+00,0.000000e+00,0.000000e+00,0.000000e+00,0.000000e+00,0.000000e+00,0.000000e+00,0.000000e+00,0.000000e+00,0.000000e+00,0.000000e+00,0.000000e+00,0.000000e+00,0.000000e+00,0.000000e+00,0.000000e+00,0.000000e+00,0.000000e+00,4.005776e+04,9.685197e+02,3.309091e-01,2.254467e-04,8.196072e-01,1.136609e-03,0.000000e+00,0.000000e+00,0.000000e+00,0.000000e+00,0.000000e+00,0.000000e+00,0.000000e+00,0.000000e+00,0.000000e+00,0.000000e+00,0.000000e+00,0.000000e+00,0.000000e+00,0.000000e+00,0.000000e+00,0.000000e+00,0.000000e+00,0.000000e+00,0.000000e+00,0.000000e+00,0.000000e+00,8.030340e+04,-3.651039e+02,9.843277e+04,1.374412e+00,-2.686077e-02,-3.735495e+01,-1.621933e+00,1.099955e-02,-5.677952e-01,6.205538e-03,-2.400330e-03,4.720529e+01,-8.167883e-01,-2.534561e-03,-2.185342e-03,1.673150e-01,8.377260e-04,5.416544e+00,-3.940671e+01,-3.957164e-01,4.519257e+03,-5.904630e+04,2.951920e+02,-1.124777e+05,-2.368042e-01,3.952988e+01,-2.975938e-02,1.961205e+02,1.631410e+03,-2.439309e+00
5.150463e-03,4.006226e+04,4.061205e+04,6.288798e-01,1.803094e-03,1.694109e+01,1.023994e-01,9.774000e-07,1.030274e+04,0.000000e+00,0.000000e+00,1.105533e+04,0.000000e+00,0.000000e+00,0.000000e+00,0.000000e+00,0.000000e+00,0.000000e+00,0.000000e+00,0.000000e+00,0.000000e+00,0.000000e+00,0.000000e+00,0.000000e+00,0.000000e+00,0.000000e+00,0.000000e+00,0.000000e+00,0.000000e+00,0.000000e+00,0.000000e+00,0.000000e+00,0.000000e+00,0.000000e+00,0.000000e+00,0.000000e+00,0.000000e+00,0.000000e+00,0.000000e+00,0.000000e+00,0.000000e+00,0.000000e+00,0.000000e+00,0.000000e+00,0.000000e+00,0.000000e+00,0.000000e+00,0.000000e+00,0.000000e+00,4.006226e+04,9.691954e+02,3.308887e-01,2.318504e-04,8.277683e-01,1.136610e-03,0.000000e+00,0.000000e+00,0.000000e+00,0.000000e+00,0.000000e+00,0.000000e+00,0.000000e+00,0.000000e+00,0.000000e+00,0.000000e+00,0.000000e+00,0.000000e+00,0.000000e+00,0.000000e+00,0.000000e+00,0.000000e+00,0.000000e+00,0.000000e+00,0.000000e+00,0.000000e+00,0.000000e+00,6.819956e+04,3.348735e+03,9.323573e+04,1.375024e+00,-2.676219e-02,-3.735186e+01,-1.621246e+00,1.090432e-02,-5.680125e-01,6.205533e-03,-2.399075e-03,4.721149e+01,-8.156269e-01,-2.511888e-03,-2.185347e-03,1.669267e-01,8.336855e-04,5.460710e+00,-3.998806e+01,-4.299465e-01,4.518227e+03,-5.905189e+04,-3.410399e+03,-9.928011e+04,-2.359673e-01,3.954475e+01,-2.967745e-02,-8.552846e+00,1.467492e+03,-1.905333e+01
5.160237e-03,4.006665e+04,4.059790e+04,6.276621e-01,1.781823e-03,1.694721e+01,1.023994e-01,9.774000e-07,1.031070e+04,0.000000e+00,0.000000e+00,1.105719e+04,0.000000e+00,0.000000e+00,0.000000e+00,0.000000e+00,0.000000e+00,0.000000e+00,0.000000e+00,0.000000e+00,0.000000e+00,0.000000e+00,0.000000e+00,0.000000e+00,0.000000e+00,0.000000e+00,0.000000e+00,0.000000e+00,0.000000e+00,0.000000e+00,0.000000e+00,0.000000e+00,0.000000e+00,0.000000e+00,0.000000e+00,0.000000e+00,0.000000e+00,0.000000e+00,0.000000e+00,0.000000e+00,0.000000e+00,0.000000e+00,0.000000e+00,0.000000e+00,0.000000e+00,0.000000e+00,0.000000e+00,0.000000e+00,0.000000e+00,4.006665e+04,9.699134e+02,3.308740e-01,2.959492e-04,8.358562e-01,1.136610e-03,0.000000e+00,0.000000e+00,0.000000e+00,0.000000e+00,0.000000e+00,0.000000e+00,0.000000e+00,0.000000e+00,0.000000e+00,0.000000e+00,0.000000e+00,0.000000e+00,0.000000e+00,0.000000e+00,0.000000e+00,0.000000e+00,0.000000e+00,0.000000e+00,0.000000e+00,0.000000e+00,0.000000e+00,7.850777e+04,2.993796e+03,9.764672e+04,1.375583e+00,-2.676654e-02,-3.734865e+01,-1.620551e+00,1.081393e-02,-5.682051e-01,6.205531e-03,-2.397676e-03,4.721762e+01,-8.144779e-01,-2.489819e-03,-2.185353e-03,1.665328e-01,8.293719e-04,5.504865e+00,-4.055961e+01,-4.460706e-01,4.517181e+03,-5.911311e+04,-3.062922e+03,-1.104698e+05,-2.349340e-01,3.955997e+01,-2.972786e-02,1.160654e+02,1.604090e+03,-3.024171e+01
5.170011e-03,4.007098e+04,4.058384e+04,6.264570e-01,1.760617e-03,1.695327e+01,1.023994e-01,9.774000e-07,1.031860e+04,0.000000e+00,0.000000e+00,1.105906e+04,0.000000e+00,0.000000e+00,0.000000e+00,0.000000e+00,0.000000e+00,0.000000e+00,0.000000e+00,0.000000e+00,0.000000e+00,0.000000e+00,0.000000e+00,0.000000e+00,0.000000e+00,0.000000e+00,0.000000e+00,0.000000e+00,0.000000e+00,0.000000e+00,0.000000e+00,0.000000e+00,0.000000e+00,0.000000e+00,0.000000e+00,0.000000e+00,0.000000e+00,0.000000e+00,0.000000e+00,0.000000e+00,0.000000e+00,0.000000e+00,0.000000e+00,0.000000e+00,0.000000e+00,0.000000e+00,0.000000e+00,0.000000e+00,0.000000e+00,4.007098e+04,9.707622e+02,3.308896e-01,3.467263e-04,8.439424e-01,1.136610e-03,0.000000e+00,0.000000e+00,0.000000e+00,0.000000e+00,0.000000e+00,0.000000e+00,0.000000e+00,0.000000e+00,0.000000e+00,0.000000e+00,0.000000e+00,0.000000e+00,0.000000e+00,0.000000e+00,0.000000e+00,0.000000e+00,0.000000e+00,0.000000e+00,0.000000e+00,0.000000e+00,0.000000e+00,7.792944e+04,5.768792e+03,9.781014e+04,1.376179e+00,-2.660402e-02,-3.734547e+01,-1.619871e+00,1.069496e-02,-5.684181e-01,6.205532e-03,-2.396160e-03,4.722365e+01,-8.133414e-01,-2.467672e-03,-2.185358e-03,1.661332e-01,8.247540e-04,5.549011e+00,-4.114778e+01,-5.063961e-01,4.516134e+03,-5.953258e+04,-5.837836e+03,-1.099768e+05,-2.344556e-01,3.957511e+01,-3.001645e-02,1.018717e+02,1.604091e+03,-7.825425e+01
5.180763e-03,4.007565e+04,4.056838e+04,6.251449e-01,1.737254e-03,1.695987e+01,1.023994e-01,9.774000e-07,1.032742e+04,0.000000e+00,0.000000e+00,1.106100e+04,0.000000e+00,0.000000e+00,0.000000e+00,0.000000e+00,0.000000e+00,0.000000e+00,0.000000e+00,0.000000e+00,0.000000e+00,0.000000e+00,0.000000e+00,0.000000e+00,0.000000e+00,0.000000e+00,0.000000e+00,0.000000e+00,0.000000e+00,0.000000e+00,0.000000e+00,0.000000e+00,0.000000e+00,0.000000e+00,0.000000e+00,0.000000e+00,0.000000e+00,0.000000e+00,0.000000e+00,0.000000e+00,0.000000e+00,0.000000e+00,0.000000e+00,0.000000e+00,0.000000e+00,0.000000e+00,0.000000e+00,0.000000e+00,0.000000e+00,4.007565e+04,9.718441e+02,3.309136e-01,4.688040e-04,8.527944e-01,1.136610e-03,0.000000e+00,0.000000e+00,0.000000e+00,0.000000e+00,0.000000e+00,0.000000e+00,0.000000e+00,0.000000e+00,0.000000e+00,0.000000e+00,0.000000e+00,0.000000e+00,0.000000e+00,0.000000e+00,0.000000e+00,0.000000e+00,0.000000e+00,0.000000e+00,0.000000e+00,0.000000e+00,0.000000e+00,7.184518e+04,5.196998e+03,9.473145e+04,1.376787e+00,-2.655225e-02,-3.734194e+01,-1.619124e+00,1.057180e-02,-5.686379e-01,6.205539e-03,-2.394295e-03,4.723023e+01,-8.121052e-01,-2.443144e-03,-2.185363e-03,1.656871e-01,8.190926e-04,5.597558e+00,-4.178408e+01,-5.431983e-01,4.514967e+03,-5.912309e+04,-5.261881e+03,-1.031482e+05,-2.334233e-01,3.959208e+01,-3.033261e-02,3.332713e+01,1.510423e+03,-5.649300e+01
5.190536e-03,4.007984e+04,4.055441e+04,6.239643e-01,1.716044e-03,1.696581e+01,1.023994e-01,9.774000e-07,1.033540e+04,0.000000e+00,0.000000e+00,1.106285e+04,0.000000e+00,0.000000e+00,0.000000e+00,0.000000e+00,0.000000e+00,0.000000e+00,0.000000e+00,0.000000e+00,0.000000e+00,0.000000e+00,0.000000e+00,0.000000e+00,0.000000e+00,0.000000e+00,0.000000e+00,0.000000e+00,0.000000e+00,0.000000e+00,0.000000e+00,0.000000e+00,0.000000e+00,0.000000e+00,0.000000e+00,0.000000e+00,0.000000e+00,0.000000e+00,0.000000e+00,0.000000e+00,0.000000e+00,0.000000e+00,0.000000e+00,0.000000e+00,0.000000e+00,0.000000e+00,0.000000e+00,0.000000e+00,0.000000e+00,4.007984e+04,9.729130e+02,3.309599e-01,5.585705e-04,8.607823e-01,1.136610e-03,0.000000e+00,0.000000e+00,0.000000e+00,0.000000e+00,0.000000e+00,0.000000e+00,0.000000e+00,0.000000e+00,0.000000e+00,0.000000e+00,0.000000e+00,0.000000e+00,0.000000e+00,0.000000e+00,0.000000e+00,0.000000e+00,0.000000e+00,0.000000e+00,0.000000e+00,0.000000e+00,0.000000e+00,7.722164e+04,2.806369e+03,9.700020e+04,1.377353e+00,-2.644897e-02,-3.733869e+01,-1.618460e+00,1.046515e-02,-5.688496e-01,6.205548e-03,-2.392435e-03,4.723618e+01,-8.109934e-01,-2.420747e-03,-2.185368e-03,1.652756e-01,8.135409e-04,5.641682e+00,-4.237078e+01,-5.948212e-01,4.513905e+03,-5.915250e+04,-2.875287e+03,-1.089624e+05,-2.324291e-01,3.960735e+01,-3.061302e-02,1.113395e+02,1.576773e+03,-2.349555e+01
5.200311e-03,4.008395e+04,4.054031e+04,6.227951e-01,1.694686e-03,1.697169e+01,1.023994e-01,9.774000e-07,1.034356e+04,0.000000e+00,0.000000e+00,1.106473e+04,0.000000e+00,0.000000e+00,0.000000e+00,0.000000e+00,0.000000e+00,0.000000e+00,0.000000e+00,0.000000e+00,0.000000e+00,0.000000e+00,0.000000e+00,0.000000e+00,0.000000e+00,0.000000e+00,0.000000e+00,0.000000e+00,0.000000e+00,0.000000e+00,0.000000e+00,0.000000e+00,0.000000e+00,0.000000e+00,0.000000e+00,0.000000e+00,0.000000e+00,0.000000e+00,0.000000e+00,0.000000e+00,0.000000e+00,0.000000e+00,0.000000e+00,0.000000e+00,0.000000e+00,0.000000e+00,0.000000e+00,0.000000e+00,0.000000e+00,4.008395e+04,9.740939e+02,3.310173e-01,6.801141e-04,8.687555e-01,1.136610e-03,0.000000e+00,0.000000e+00,0.000000e+00,0.000000e+00,0.000000e+00,0.000000e+00,0.000000e+00,0.000000e+00,0.000000e+00,0.000000e+00,0.000000e+00,0.000000e+00,0.000000e+00,0.000000e+00,0.000000e+00,0.000000e+00,0.000000e+00,0.000000e+00,0.000000e+00,0.000000e+00,0.000000e+00,9.230678e+04,1.182472e+04,1.039660e+05,1.377899e+00,-2.627899e-02,-3.733538e+01,-1.617794e+00,1.031606e-02,-5.690355e-01,6.205561e-03,-2.390463e-03,4.724203e+01,-8.098931e-01,-2.398265e-03,-2.185373e-03,1.648583e-01,8.074957e-04,5.685796e+00,-4.295260e+01,-6.537476e-01,4.512830e+03,-5.972484e+04,-1.190474e+04,-1.255409e+05,-2.322490e-01,3.962287e+01,-3.114744e-02,-1.144953e+02,1.779724e+03,-1.090069e+02
5.210084e-03,4.008813e+04,4.052580e+04,6.216375e-01,1.673854e-03,1.697752e+01,1.023994e-01,9.774000e-07,1.035221e+04,0.000000e+00,0.000000e+00,1.106656e+04,0.000000e+00,0.000000e+00,0.000000e+00,0.000000e+00,0.000000e+00,0.000000e+00,0.000000e+00,0.000000e+00,0.000000e+00,0.000000e+00,0.000000e+00,0.000000e+00,0.000000e+00,0.000000e+00,0.000000e+00,0.000000e+00,0.000000e+00,0.000000e+00,0.000000e+00,0.000000e+00,0.000000e+00,0.000000e+00,0.000000e+00,0.000000e+00,0.000000e+00,0.000000e+00,0.000000e+00,0.000000e+00,0.000000e+00,0.000000e+00,0.000000e+00,0.000000e+00,0.000000e+00,0.000000e+00,0.000000e+00,0.000000e+00,0.000000e+00,4.008813e+04,9.758146e+02,3.310679e-01,8.675437e-04,8.768442e-01,1.136610e-03,0.000000e+00,0.000000e+00,0.000000e+00,0.000000e+00,0.000000e+00,0.000000e+00,0.000000e+00,0.000000e+00,0.000000e+00,0.000000e+00,0.000000e+00,0.000000e+00,0.000000e+00,0.000000e+00,0.000000e+00,0.000000e+00,0.000000e+00,0.000000e+00,0.000000e+00,0.000000e+00,0.000000e+00,7.661494e+04,8.597549e+03,1.009517e+05,1.378429e+00,-2.605256e-02,-3.733190e+01,-1.617121e+00,1.015891e-02,-5.692063e-01,6.205579e-03,-2.388399e-03,4.724787e+01,-8.088042e-01,-2.376246e-03,-2.185378e-03,1.644354e-01,8.005743e-04,5.729897e+00,-4.353350e+01,-7.407848e-01,4.511659e+03,-6.311259e+04,-8.667416e+03,-1.098940e+05,-2.326424e-01,3.963957e+01,-3.197077e-02,6.627312e+01,1.537744e+03,-2.042926e+00
5.220836e-03,4.009266e+04,4.051053e+04,6.203777e-01,1.651939e-03,1.698386e+01,1.023994e-01,9.774000e-07,1.036104e+04,0.000000e+00,0.000000e+00,1.106852e+04,0.000000e+00,0.000000e+00,0.000000e+00,0.000000e+00,0.000000e+00,0.000000e+00,0.000000e+00,0.000000e+00,0.000000e+00,0.000000e+00,0.000000e+00,0.000000e+00,0.000000e+00,0.000000e+00,0.000000e+00,0.000000e+00,0.000000e+00,0.000000e+00,0.000000e+00,0.000000e+00,0.000000e+00,0.000000e+00,0.000000e+00,0.000000e+00,0.000000e+00,0.000000e+00,0.000000e+00,0.000000e+00,0.000000e+00,0.000000e+00,0.000000e+00,0.000000e+00,0.000000e+00,0.000000e+00,0.000000e+00,0.000000e+00,0.000000e+00,4.009266e+04,9.774360e+02,3.311889e-01,1.016280e-03,8.855835e-01,1.136610e-03,0.000000e+00,0.000000e+00,0.000000e+00,0.000000e+00,0.000000e+00,0.000000e+00,0.000000e+00,0.000000e+00,0.000000e+00,0.000000e+00,0.000000e+00,0.000000e+00,0.000000e+00,0.000000e+00,0.000000e+00,0.000000e+00,0.000000e+00,0.000000e+00,0.000000e+00,0.000000e+00,0.000000e+00,7.638544e+04,3.040927e+03,9.794312e+04,1.379089e+00,-2.599283e-02,-3.732831e+01,-1.616396e+00,1.004168e-02,-5.694430e-01,6.205600e-03,-2.385970e-03,4.725422e+01,-8.076200e-01,-2.352759e-03,-2.185382e-03,1.639634e-01,7.922736e-04,5.778397e+00,-4.419595e+01,-7.894725e-01,4.510480e+03,-6.047738e+04,-3.110242e+03,-1.084880e+05,-2.313301e-01,3.965645e+01,-3.243405e-02,1.114919e+02,1.568967e+03,-3.998570e+01
5.230610e-03,4.009668e+04,4.049643e+04,6.192456e-01,1.632893e-03,1.698956e+01,1.023994e-01,9.774000e-07,1.036939e+04,0.000000e+00,0.000000e+00,1.107037e+04,0.000000e+00,0.000000e+00,0.000000e+00,0.000000e+00,0.000000e+00,0.000000e+00,0.000000e+00,0.000000e+00,0.000000e+00,0.000000e+00,0.000000e+00,0.000000e+00,0.000000e+00,0.000000e+00,0.000000e+00,0.000000e+00,0.000000e+00,0.000000e+00,0.000000e+00,0.000000e+00,0.000000e+00,0.000000e+00,0.000000e+00,0.000000e+00,0.000000e+00,0.000000e+00,0.000000e+00,0.000000e+00,0.000000e+00,0.000000e+00,0.000000e+00,0.000000e+00,0.000000e+00,0.000000e+00,0.000000e+00,0.000000e+00,0.000000e+00,4.009668e+04,9.790476e+02,3.313006e-01,1.169045e-03,8.934942e-01,1.136610e-03,0.000000e+00,0.000000e+00,0.000000e+00,0.000000e+00,0.000000e+00,0.000000e+00,0.000000e+00,0.000000e+00,0.000000e+00,0.000000e+00,0.000000e+00,0.000000e+00,0.000000e+00,0.000000e+00,0.000000e+00,0.000000e+00,0.000000e+00,0.000000e+00,0.000000e+00,0.000000e+00,0.000000e+00,8.652766e+04,5.186838e+03,1.016591e+05,1.379639e+00,-2.584062e-02,-3.732492e+01,-1.615727e+00,9.892346e-03,-5.696339e-01,6.205627e-03,-2.383668e-03,4.725990e+01,-8.065567e-01,-2.332102e-03,-2.185382e-03,1.635283e-01,7.842704e-04,5.822477e+00,-4.478446e+01,-8.524814e-01,4.509370e+03,-5.999793e+04,-5.263560e+03,-1.192521e+05,-2.310876e-01,3.967236e+01,-3.319629e-02,-9.879224e+00,1.705569e+03,-4.401057e+01
5.240384e-03,4.010068e+04,4.048225e+04,6.181270e-01,1.614506e-03,1.699520e+01,1.023994e-01,9.774000e-07,1.037782e+04,0.000000e+00,0.000000e+00,1.107216e+04,0.000000e+00,0.000000e+00,0.000000e+00,0.000000e+00,0.000000e+00,0.000000e+00,0.000000e+00,0.000000e+00,0.000000e+00,0.000000e+00,0.000000e+00,0.000000e+00,0.000000e+00,0.000000e+00,0.000000e+00,0.000000e+00,0.000000e+00,0.000000e+00,0.000000e+00,0.000000e+00,0.000000e+00,0.000000e+00,0.000000e+00,0.000000e+00,0.000000e+00,0.000000e+00,0.000000e+00,0.000000e+00,0.000000e+00,0.000000e+00,0.000000e+00,0.000000e+00,0.000000e+00,0.000000e+00,0.000000e+00,0.000000e+00,0.000000e+00,4.010068e+04,9.808808e+02,3.314317e-01,1.283363e-03,9.014188e-01,1.136610e-03,0.000000e+00,0.000000e+00,0.000000e+00,0.000000e+00,0.000000e+00,0.000000e+00,0.000000e+00,0.000000e+00,0.000000e+00,0.000000e+00,0.000000e+00,0.000000e+00,0.000000e+00,0.000000e+00,0.000000e+00,0.000000e+00,0.000000e+00,0.000000e+00,0.000000e+00,0.000000e+00,0.000000e+00,7.686722e+04,3.549515e+03,9.810803e+04,1.380216e+00,-2.570801e-02,-3.732150e+01,-1.615056e+00,9.752445e-03,-5.698418e-01,6.205656e-03,-2.381288e-03,4.726553e+01,-8.055069e-01,-2.312109e-03,-2.185383e-03,1.630873e-01,7.756079e-04,5.866545e+00,-4.538427e+01,-9.097033e-01,4.508227e+03,-6.052625e+04,-3.619620e+03,-1.089487e+05,-2.309546e-01,3.968856e+01,-3.355242e-02,8.438503e+01,1.561161e+03,-4.610685e+01
5.250158e-03,4.010455e+04,4.046847e+04,6.170211e-01,1.596942e-03,1.700077e+01,1.023994e-01,9.774000e-07,1.038600e+04,0.000000e+00,0.000000e+00,1.107393e+04,0.000000e+00,0.000000e+00,0.000000e+00,0.000000e+00,0.000000e+00,0.000000e+00,0.000000e+00,0.000000e+00,0.000000e+00,0.000000e+00,0.000000e+00,0.000000e+00,0.000000e+00,0.000000e+00,0.000000e+00,0.000000e+00,0.000000e+00,0.000000e+00,0.000000e+00,0.000000e+00,0.000000e+00,0.000000e+00,0.000000e+00,0.000000e+00,0.000000e+00,0.000000e+00,0.000000e+00,0.000000e+00,0.000000e+00,0.000000e+00,0.000000e+00,0.000000e+00,0.000000e+00,0.000000e+00,0.000000e+00,0.000000e+00,0.000000e+00,4.010455e+04,9.825703e+02,3.315713e-01,1.364953e-03,9.092076e-01,1.136610e-03,0.000000e+00,0.000000e+00,0.000000e+00,0.000000e+00,0.000000e+00,0.000000e+00,0.000000e+00,0.000000e+00,0.000000e+00,0.000000e+00,0.000000e+00,0.000000e+00,0.000000e+00,0.000000e+00,0.000000e+00,0.000000e+00,0.000000e+00,0.000000e+00,0.000000e+00,0.000000e+00,0.000000e+00,8.557242e+04,3.743566e+03,1.016347e+05,1.380784e+00,-2.569292e-02,-3.731816e+01,-1.614390e+00,9.626275e-03,-5.700519e-01,6.205687e-03,-2.378857e-03,4.727109e+01,-8.044694e-01,-2.293162e-03,-2.185388e-03,1.626406e-01,7.665685e-04,5.910603e+00,-4.597673e+01,-9.326263e-01,4.507143e+03,-6.043881e+04,-3.820174e+03,-1.183167e+05,-2.301175e-01,3.970413e+01,-3.375140e-02,-5.759831e+01,1.682151e+03,-7.237903e+00
5.260909e-03,4.010882e+04,4.045298e+04,6.158189e-01,1.578769e-03,1.700683e+01,1.023994e-01,9.774000e-07,1.039531e+04,0.000000e+00,0.000000e+00,1.107592e+04,0.000000e+00,0.000000e+00,0.000000e+00,0.000000e+00,0.000000e+00,0.000000e+00,0.000000e+00,0.000000e+00,0.000000e+00,0.000000e+00,0.000000e+00,0.000000e+00,0.000000e+00,0.000000e+00,0.000000e+00,0.000000e+00,0.000000e+00,0.000000e+00,0.000000e+00,0.000000e+00,0.000000e+00,0.000000e+00,0.000000e+00,0.000000e+00,0.000000e+00,0.000000e+00,0.000000e+00,0.000000e+00,0.000000e+00,0.000000e+00,0.000000e+00,0.000000e+00,0.000000e+00,0.000000e+00,0.000000e+00,0.000000e+00,0.000000e+00,4.010882e+04,9.847413e+02,3.317446e-01,1.475529e-03,9.178047e-01,1.136610e-03,0.000000e+00,0.000000e+00,0.000000e+00,0.000000e+00,0.000000e+00,0.000000e+00,0.000000e+00,0.000000e+00,0.000000e+00,0.000000e+00,0.000000e+00,0.000000e+00,0.000000e+00,0.000000e+00,0.000000e+00,0.000000e+00,0.000000e+00,0.000000e+00,0.000000e+00,0.000000e+00,0.000000e+00,8.362422e+04,2.914611e+03,1.025151e+05,1.381405e+00,-2.555715e-02,-3.731434e+01,-1.613651e+00,9.466691e-03,-5.702798e-01,6.205726e-03,-2.376087e-03,4.727715e+01,-8.033424e-01,-2.273386e-03,-2.185392e-03,1.621424e-01,7.562013e-04,5.959054e+00,-4.663237e+01,-9.919161e-01,4.505884e+03,-6.205636e+04,-2.990452e+03,-1.168371e+05,-2.300910e-01,3.972195e+01,-3.420897e-02,2.468281e+01,1.635316e+03,4.206293e+01
5.270683e-03,4.011262e+04,4.043926e+04,6.147383e-01,1.563443e-03,1.701228e+01,1.023994e-01,9.774000e-07,1.040353e+04,0.000000e+00,0.000000e+00,1.107764e+04,0.000000e+00,0.000000e+00,0.000000e+00,0.000000e+00,0.000000e+00,0.000000e+00,0.000000e+00,0.000000e+00,0.000000e+00,0.000000e+00,0.000000e+00,0.000000e+00,0.000000e+00,0.000000e+00,0.000000e+00,0.000000e+00,0.000000e+00,0.000000e+00,0.000000e+00,0.000000e+00,0.000000e+00,0.000000e+00,0.000000e+00,0.000000e+00,0.000000e+00,0.000000e+00,0.000000e+00,0.000000e+00,0.000000e+00,0.000000e+00,0.000000e+00,0.000000e+00,0.000000e+00,0.000000e+00,0.000000e+00,0.000000e+00,0.000000e+00,4.011262e+04,9.866292e+02,3.319046e-01,1.530028e-03,9.255008e-01,1.136610e-03,0.000000e+00,0.000000e+00,0.000000e+00,0.000000e+00,0.000000e+00,0.000000e+00,0.000000e+00,0.000000e+00,0.000000e+00,0.000000e+00,0.000000e+00,0.000000e+00,0.000000e+00,0.000000e+00,0.000000e+00,0.000000e+00,0.000000e+00,0.000000e+00,0.000000e+00,0.000000e+00,0.000000e+00,8.242821e+04,3.299460e+03,1.000745e+05,1.381975e+00,-2.553088e-02,-3.731098e+01,-1.612986e+00,9.333719e-03,-5.704876e-01,6.205763e-03,-2.373577e-03,4.728259e+01,-8.023299e-01,-2.256483e-03,-2.185392e-03,1.616834e-01,7.463809e-04,6.003088e+00,-4.722691e+01,-1.018235e+00,4.504783e+03,-6.031527e+04,-3.374236e+03,-1.147645e+05,-2.295768e-01,3.973766e+01,-3.434682e-02,3.329664e+01,1.631413e+03,-3.745872e+01
5.280457e-03,4.011636e+04,4.042531e+04,6.136681e-01,1.549055e-03,1.701768e+01,1.023994e-01,9.774000e-07,1.041202e+04,0.000000e+00,0.000000e+00,1.107939e+04,0.000000e+00,0.000000e+00,0.000000e+00,0.000000e+00,0.000000e+00,0.000000e+00,0.000000e+00,0.000000e+00,0.000000e+00,0.000000e+00,0.000000e+00,0.000000e+00,0.000000e+00,0.000000e+00,0.000000e+00,0.000000e+00,0.000000e+00,0.000000e+00,0.000000e+00,0.000000e+00,0.000000e+00,0.000000e+00,0.000000e+00,0.000000e+00,0.000000e+00,0.000000e+00,0.000000e+00,0.000000e+00,0.000000e+00,0.000000e+00,0.000000e+00,0.000000e+00,0.000000e+00,0.000000e+00,0.000000e+00,0.000000e+00,0.000000e+00,4.011636e+04,9.887109e+02,3.320568e-01,1.590693e-03,9.332193e-01,1.136610e-03,0.000000e+00,0.000000e+00,0.000000e+00,0.000000e+00,0.000000e+00,0.000000e+00,0.000000e+00,0.000000e+00,0.000000e+00,0.000000e+00,0.000000e+00,0.000000e+00,0.000000e+00,0.000000e+00,0.000000e+00,0.000000e+00,0.000000e+00,0.000000e+00,0.000000e+00,0.000000e+00,0.000000e+00,8.076770e+04,3.072627e+03,9.933255e+04,1.382524e+00,-2.549628e-02,-3.730751e+01,-1.612314e+00,9.184366e-03,-5.706856e-01,6.205801e-03,-2.371029e-03,4.728798e+01,-8.013275e-01,-2.240358e-03,-2.185391e-03,1.612187e-01,7.362872e-04,6.047112e+00,-4.781760e+01,-1.043518e+00,4.503639e+03,-6.031859e+04,-3.146414e+03,-1.129229e+05,-2.296134e-01,3.975388e+01,-3.444398e-02,4.697205e+01,1.607996e+03,-3.344147e+01
5.290231e-03,4.012006e+04,4.041146e+04,6.126080e-01,1.535456e-03,1.702303e+01,1.023994e-01,9.774000e-07,1.042042e+04,0.000000e+00,0.000000e+00,1.108119e+04,0.000000e+00,0.000000e+00,0.000000e+00,0.000000e+00,0.000000e+00,0.000000e+00,0.000000e+00,0.000000e+00,0.000000e+00,0.000000e+00,0.000000e+00,0.000000e+00,0.000000e+00,0.000000e+00,0.000000e+00,0.000000e+00,0.000000e+00,0.000000e+00,0.000000e+00,0.000000e+00,0.000000e+00,0.000000e+00,0.000000e+00,0.000000e+00,0.000000e+00,0.000000e+00,0.000000e+00,0.000000e+00,0.000000e+00,0.000000e+00,0.000000e+00,0.000000e+00,0.000000e+00,0.000000e+00,0.000000e+00,0.000000e+00,0.000000e+00,4.012006e+04,9.908337e+02,3.322588e-01,1.632073e-03,9.408871e-01,1.136610e-03,0.000000e+00,0.000000e+00,0.000000e+00,0.000000e+00,0.000000e+00,0.000000e+00,0.000000e+00,0.000000e+00,0.000000e+00,0.000000e+00,0.000000e+00,0.000000e+00,0.000000e+00,0.000000e+00,0.000000e+00,0.000000e+00,0.000000e+00,0.000000e+00,0.000000e+00,0.000000e+00,0.000000e+00,8.450348e+04,2.081452e+03,1.011929e+05,1.383134e+00,-2.546452e-02,-3.730405e+01,-1.611645e+00,9.055239e-03,-5.708969e-01,6.205843e-03,-2.368498e-03,4.729334e+01,-8.003347e-01,-2.224839e-03,-2.185388e-03,1.607480e-01,7.259468e-04,6.091124e+00,-4.842824e+01,-1.071857e+00,4.502504e+03,-6.063304e+04,-2.158284e+03,-1.170647e+05,-2.290493e-01,3.976990e+01,-3.459883e-02,3.506515e+00,1.658734e+03,-4.916743e+00
5.300005e-03,4.012367e+04,4.039767e+04,6.115569e-01,1.522479e-03,1.702833e+01,1.023994e-01,9.774000e-07,1.042887e+04,0.000000e+00,0.000000e+00,1.108291e+04,0.000000e+00,0.000000e+00,0.000000e+00,0.000000e+00,0.000000e+00,0.000000e+00,0.000000e+00,0.000000e+00,0.000000e+00,0.000000e+00,0.000000e+00,0.000000e+00,0.000000e+00,0.000000e+00,0.000000e+00,0.000000e+00,0.000000e+00,0.000000e+00,0.000000e+00,0.000000e+00,0.000000e+00,0.000000e+00,0.000000e+00,0.000000e+00,0.000000e+00,0.000000e+00,0.000000e+00,0.000000e+00,0.000000e+00,0.000000e+00,0.000000e+00,0.000000e+00,0.000000e+00,0.000000e+00,0.000000e+00,0.000000e+00,0.000000e+00,4.012367e+04,9.930580e+02,3.324682e-01,1.690061e-03,9.485317e-01,1.136610e-03,0.000000e+00,0.000000e+00,0.000000e+00,0.000000e+00,0.000000e+00,0.000000e+00,0.000000e+00,0.000000e+00,0.000000e+00,0.000000e+00,0.000000e+00,0.000000e+00,0.000000e+00,0.000000e+00,0.000000e+00,0.000000e+00,0.000000e+00,0.000000e+00,0.000000e+00,0.000000e+00,0.000000e+00,8.366625e+04,1.006171e+03,1.021165e+05,1.383728e+00,-2.545143e-02,-3.730059e+01,-1.610974e+00,8.919786e-03,-5.710987e-01,6.205887e-03,-2.365909e-03,4.729865e+01,-7.993508e-01,-2.209655e-03,-2.185382e-03,1.602715e-01,7.153118e-04,6.135126e+00,-4.903137e+01,-1.097949e+00,4.501368e+03,-6.185393e+04,-1.082916e+03,-1.166266e+05,-2.286102e-01,3.978601e+01,-3.497681e-02,2.979013e+01,1.650928e+03,1.551252e+00
5.310757e-03,4.012761e+04,4.038257e+04,6.104117e-01,1.508645e-03,1.703411e+01,1.023994e-01,9.774000e-07,1.043816e+04,0.000000e+00,0.000000e+00,1.108481e+04,0.000000e+00,0.000000e+00,0.000000e+00,0.000000e+00,0.000000e+00,0.000000e+00,0.000000e+00,0.000000e+00,0.000000e+00,0.000000e+00,0.000000e+00,0.000000e+00,0.000000e+00,0.000000e+00,0.000000e+00,0.000000e+00,0.000000e+00,0.000000e+00,0.000000e+00,0.000000e+00,0.000000e+00,0.000000e+00,0.000000e+00,0.000000e+00,0.000000e+00,0.000000e+00,0.000000e+00,0.000000e+00,0.000000e+00,0.000000e+00,0.000000e+00,0.000000e+00,0.000000e+00,0.000000e+00,0.000000e+00,0.000000e+00,0.000000e+00,4.012761e+04,9.955797e+02,3.327111e-01,1.729122e-03,9.569029e-01,1.136610e-03,0.000000e+00,0.000000e+00,0.000000e+00,0.000000e+00,0.000000e+00,0.000000e+00,0.000000e+00,0.000000e+00,0.000000e+00,0.000000e+00,0.000000e+00,0.000000e+00,0.000000e+00,0.000000e+00,0.000000e+00,0.000000e+00,0.000000e+00,0.000000e+00,0.000000e+00,0.000000e+00,0.000000e+00,8.423694e+04,2.187836e+03,1.024407e+05,1.384375e+00,-2.543809e-02,-3.729679e+01,-1.610239e+00,8.769358e-03,-5.713180e-01,6.205936e-03,-2.363043e-03,4.730442e+01,-7.982792e-01,-2.193472e-03,-2.185377e-03,1.597405e-01,7.033649e-04,6.183514e+00,-4.969353e+01,-1.123954e+00,4.500115e+03,-6.198262e+04,-2.265284e+03,-1.172509e+05,-2.281111e-01,3.980375e+01,-3.533870e-02,3.806855e+01,1.658734e+03,-3.339574e+01
5.320531e-03,4.013114e+04,4.036884e+04,6.093816e-01,1.496816e-03,1.703931e+01,1.023994e-01,9.774000e-07,1.044662e+04,0.000000e+00,0.000000e+00,1.108660e+04,0.000000e+00,0.000000e+00,0.000000e+00,0.000000e+00,0.000000e+00,0.000000e+00,0.000000e+00,0.000000e+00,0.000000e+00,0.000000e+00,0.000000e+00,0.000000e+00,0.000000e+00,0.000000e+00,0.000000e+00,0.000000e+00,0.000000e+00,0.000000e+00,0.000000e+00,0.000000e+00,0.000000e+00,0.000000e+00,0.000000e+00,0.000000e+00,0.000000e+00,0.000000e+00,0.000000e+00,0.000000e+00,0.000000e+00,0.000000e+00,0.000000e+00,0.000000e+00,0.000000e+00,0.000000e+00,0.000000e+00,0.000000e+00,0.000000e+00,4.013114e+04,9.979519e+02,3.329402e-01,1.792156e-03,9.644669e-01,1.136610e-03,0.000000e+00,0.000000e+00,0.000000e+00,0.000000e+00,0.000000e+00,0.000000e+00,0.000000e+00,0.000000e+00,0.000000e+00,0.000000e+00,0.000000e+00,0.000000e+00,0.000000e+00,0.000000e+00,0.000000e+00,0.000000e+00,0.000000e+00,0.000000e+00,0.000000e+00,0.000000e+00,0.000000e+00,8.494583e+04,6.948719e+03,1.048290e+05,1.384979e+00,-2.536055e-02,-3.729330e+01,-1.609573e+00,8.636575e-03,-5.715284e-01,6.205983e-03,-2.360401e-03,4.730960e+01,-7.973155e-01,-2.179478e-03,-2.185372e-03,1.592515e-01,6.922166e-04,6.227492e+00,-5.030071e+01,-1.165325e+00,4.498968e+03,-6.395859e+04,-7.027404e+03,-1.187986e+05,-2.275350e-01,3.981986e+01,-3.583215e-02,1.144343e+02,1.662637e+03,-1.094109e+02
5.330305e-03,4.013466e+04,4.035518e+04,6.083609e-01,1.485412e-03,1.704447e+01,1.023994e-01,9.774000e-07,1.045510e+04,0.000000e+00,0.000000e+00,1.108831e+04,0.000000e+00,0.000000e+00,0.000000e+00,0.000000e+00,0.000000e+00,0.000000e+00,0.000000e+00,0.000000e+00,0.000000e+00,0.000000e+00,0.000000e+00,0.000000e+00,0.000000e+00,0.000000e+00,0.000000e+00,0.000000e+00,0.000000e+00,0.000000e+00,0.000000e+00,0.000000e+00,0.000000e+00,0.000000e+00,0.000000e+00,0.000000e+00,0.000000e+00,0.000000e+00,0.000000e+00,0.000000e+00,0.000000e+00,0.000000e+00,0.000000e+00,0.000000e+00,0.000000e+00,0.000000e+00,0.000000e+00,0.000000e+00,0.000000e+00,4.013466e+04,1.000402e+03,3.331702e-01,1.885157e-03,9.720140e-01,1.136610e-03,0.000000e+00,0.000000e+00,0.000000e+00,0.000000e+00,0.000000e+00,0.000000e+00,0.000000e+00,0.000000e+00,0.000000e+00,0.000000e+00,0.000000e+00,0.000000e+00,0.000000e+00,0.000000e+00,0.000000e+00,0.000000e+00,0.000000e+00,0.000000e+00,0.000000e+00,0.000000e+00,0.000000e+00,8.424120e+04,2.251558e+03,1.037928e+05,1.385567e+00,-2.531547e-02,-3.728981e+01,-1.608905e+00,8.495857e-03,-5.717281e-01,6.206030e-03,-2.357697e-03,4.731475e+01,-7.963610e-01,-2.165799e-03,-2.185367e-03,1.587566e-01,6.805686e-04,6.271459e+00,-5.090397e+01,-1.207044e+00,4.497821e+03,-6.331995e+04,-2.329790e+03,-1.177274e+05,-2.270130e-01,3.983602e+01,-3.651523e-02,8.252505e+01,1.662637e+03,-5.441958e+01
5.340079e-03,4.013807e+04,4.034155e+04,6.073512e-01,1.474895e-03,1.704957e+01,1.023994e-01,9.774000e-07,1.046358e+04,0.000000e+00,0.000000e+00,1.109002e+04,0.000000e+00,0.000000e+00,0.000000e+00,0.000000e+00,0.000000e+00,0.000000e+00,0.000000e+00,0.000000e+00,0.000000e+00,0.000000e+00,0.000000e+00,0.000000e+00,0.000000e+00,0.000000e+00,0.000000e+00,0.000000e+00,0.000000e+00,0.000000e+00,0.000000e+00,0.000000e+00,0.000000e+00,0.000000e+00,0.000000e+00,0.000000e+00,0.000000e+00,0.000000e+00,0.000000e+00,0.000000e+00,0.000000e+00,0.000000e+00,0.000000e+00,0.000000e+00,0.000000e+00,0.000000e+00,0.000000e+00,0.000000e+00,0.000000e+00,4.013807e+04,1.002916e+03,3.334185e-01,1.982092e-03,9.795066e-01,1.136609e-03,0.000000e+00,0.000000e+00,0.000000e+00,0.000000e+00,0.000000e+00,0.000000e+00,0.000000e+00,0.000000e+00,0.000000e+00,0.000000e+00,0.000000e+00,0.000000e+00,0.000000e+00,0.000000e+00,0.000000e+00,0.000000e+00,0.000000e+00,0.000000e+00,0.000000e+00,0.000000e+00,0.000000e+00,8.572641e+04,4.296979e+03,1.031662e+05,1.386165e+00,-2.525091e-02,-3.728630e+01,-1.608235e+00,8.359139e-03,-5.719311e-01,6.206081e-03,-2.354976e-03,4.731985e+01,-7.954173e-01,-2.152846e-03,-2.185359e-03,1.582558e-01,6.685519e-04,6.315414e+00,-5.151126e+01,-1.252070e+00,4.496674e+03,-6.221581e+04,-4.376275e+03,-1.188309e+05,-2.262337e-01,3.985218e+01,-3.741269e-02,4.619452e+01,1.666540e+03,-7.759688e+01
5.350830e-03,4.014183e+04,4.032665e+04,6.062537e-01,1.464782e-03,1.705512e+01,1.023994e-01,9.774000e-07,1.047291e+04,0.000000e+00,0.000000e+00,1.109187e+04,0.000000e+00,0.000000e+00,0.000000e+00,0.000000e+00,0.000000e+00,0.000000e+00,0.000000e+00,0.000000e+00,0.000000e+00,0.000000e+00,0.000000e+00,0.000000e+00,0.000000e+00,0.000000e+00,0.000000e+00,0.000000e+00,0.000000e+00,0.000000e+00,0.000000e+00,0.000000e+00,0.000000e+00,0.000000e+00,0.000000e+00,0.000000e+00,0.000000e+00,0.000000e+00,0.000000e+00,0.000000e+00,0.000000e+00,0.000000e+00,0.000000e+00,0.000000e+00,0.000000e+00,0.000000e+00,0.000000e+00,0.000000e+00,0.000000e+00,4.014183e+04,1.005740e+03,3.336974e-01,2.070381e-03,9.876915e-01,1.136610e-03,0.000000e+00,0.000000e+00,0.000000e+00,0.000000e+00,0.000000e+00,0.000000e+00,0.000000e+00,0.000000e+00,0.000000e+00,0.000000e+00,0.000000e+00,0.000000e+00,0.000000e+00,0.000000e+00,0.000000e+00,0.000000e+00,0.000000e+00,0.000000e+00,0.000000e+00,0.000000e+00,0.000000e+00,8.502166e+04,5.395335e+03,1.022528e+05,1.386824e+00,-2.520007e-02,-3.728244e+01,-1.607503e+00,8.208292e-03,-5.721516e-01,6.206136e-03,-2.351913e-03,4.732540e+01,-7.943919e-01,-2.139770e-03,-2.185347e-03,1.576981e-01,6.548575e-04,6.363752e+00,-5.217786e+01,-1.295273e+00,4.495411e+03,-6.169464e+04,-5.474225e+03,-1.178016e+05,-2.254735e-01,3.986995e+01,-3.824252e-02,6.855998e+01,1.654831e+03,-1.026646e+02
5.360701e-03,4.014483e+04,4.031411e+04,6.052600e-01,1.454731e-03,1.706017e+01,1.023994e-01,1.008520e-06,1.048077e+04,0.000000e+00,0.000000e+00,1.109354e+04,0.000000e+00,0.000000e+00,0.000000e+00,0.000000e+00,0.000000e+00,0.000000e+00,0.000000e+00,0.000000e+00,0.000000e+00,0.000000e+00,0.000000e+00,0.000000e+00,0.000000e+00,0.000000e+00,0.000000e+00,0.000000e+00,0.000000e+00,0.000000e+00,0.000000e+00,0.000000e+00,0.000000e+00,0.000000e+00,0.000000e+00,0.000000e+00,0.000000e+00,0.000000e+00,0.000000e+00,0.000000e+00,0.000000e+00,0.000000e+00,0.000000e+00,0.000000e+00,0.000000e+00,0.000000e+00,0.000000e+00,0.000000e+00,0.000000e+00,4.014483e+04,1.008287e+03,3.339595e-01,2.170295e-03,9.950910e-01,1.136610e-03,0.000000e+00,0.000000e+00,0.000000e+00,0.000000e+00,0.000000e+00,0.000000e+00,0.000000e+00,0.000000e+00,0.000000e+00,0.000000e+00,0.000000e+00,0.000000e+00,0.000000e+00,0.000000e+00,0.000000e+00,0.000000e+00,0.000000e+00,0.000000e+00,0.000000e+00,0.000000e+00,0.000000e+00,6.727643e+04,3.672314e+03,9.170480e+04,1.387429e+00,-2.503638e-02,-3.727927e+01,-1.606835e+00,8.127372e-03,-5.723364e-01,6.206189e-03,-2.349087e-03,4.733042e+01,-7.934635e-01,-2.129052e-03,-2.185337e-03,1.571797e-01,6.417736e-04,6.408121e+00,-5.278619e+01,-1.348423e+00,4.494354e+03,-5.882002e+04,-3.737395e+03,-9.734277e+04,-2.265636e-01,3.988499e+01,-3.871644e-02,-2.462975e+02,1.418390e+03,-2.770293e-01
5.370616e-03,4.014660e+04,4.030264e+04,6.042713e-01,1.447398e-03,1.706517e+01,1.023994e-01,1.008007e-06,1.048848e+04,0.000000e+00,0.000000e+00,1.109584e+04,0.000000e+00,0.000000e+00,0.000000e+00,0.000000e+00,0.000000e+00,0.000000e+00,0.000000e+00,0.000000e+00,0.000000e+00,0.000000e+00,0.000000e+00,0.000000e+00,0.000000e+00,0.000000e+00,0.000000e+00,0.000000e+00,0.000000e+00,0.000000e+00,0.000000e+00,0.000000e+00,0.000000e+00,0.000000e+00,0.000000e+00,0.000000e+00,0.000000e+00,0.000000e+00,0.000000e+00,0.000000e+00,0.000000e+00,0.000000e+00,0.000000e+00,0.000000e+00,0.000000e+00,0.000000e+00,0.000000e+00,0.000000e+00,0.000000e+00,4.014660e+04,1.010860e+03,3.342361e-01,2.215051e-03,1.002356e+00,1.136610e-03,0.000000e+00,0.000000e+00,0.000000e+00,0.000000e+00,0.000000e+00,0.000000e+00,0.000000e+00,0.000000e+00,0.000000e+00,0.000000e+00,0.000000e+00,0.000000e+00,0.000000e+00,0.000000e+00,0.000000e+00,0.000000e+00,0.000000e+00,0.000000e+00,0.000000e+00,0.000000e+00,0.000000e+00,6.696943e+04,8.270557e+03,1.089955e+05,1.388259e+00,-2.501704e-02,-3.727618e+01,-1.606170e+00,8.066288e-03,-5.724927e-01,6.206244e-03,-2.346170e-03,4.733541e+01,-7.925411e-01,-2.119004e-03,-2.185327e-03,1.566529e-01,6.284528e-04,6.452678e+00,-5.344156e+01,-1.351001e+00,4.493329e+03,-7.494288e+04,-8.339586e+03,-1.036694e+05,-2.283407e-01,3.989963e+01,-3.920216e-02,-9.644061e+01,1.453172e+03,-2.850534e+02
5.380694e-03,4.014796e+04,4.029204e+04,6.032795e-01,1.440287e-03,1.707018e+01,1.023994e-01,1.007496e-06,1.049610e+04,0.000000e+00,0.000000e+00,1.109750e+04,0.000000e+00,0.000000e+00,0.000000e+00,0.000000e+00,0.000000e+00,0.000000e+00,0.000000e+00,0.000000e+00,0.000000e+00,0.000000e+00,0.000000e+00,0.000000e+00,0.000000e+00,0.000000e+00,0.000000e+00,0.000000e+00,0.000000e+00,0.000000e+00,0.000000e+00,0.000000e+00,0.000000e+00,0.000000e+00,0.000000e+00,0.000000e+00,0.000000e+00,0.000000e+00,0.000000e+00,0.000000e+00,0.000000e+00,0.000000e+00,0.000000e+00,0.000000e+00,0.000000e+00,0.000000e+00,0.000000e+00,0.000000e+00,0.000000e+00,4.014796e+04,1.013597e+03,3.345581e-01,2.273775e-03,1.009631e+00,1.136610e-03,0.000000e+00,0.000000e+00,0.000000e+00,0.000000e+00,0.000000e+00,0.000000e+00,0.000000e+00,0.000000e+00,0.000000e+00,0.000000e+00,0.000000e+00,0.000000e+00,0.000000e+00,0.000000e+00,0.000000e+00,0.000000e+00,0.000000e+00,0.000000e+00,0.000000e+00,0.000000e+00,0.000000e+00,6.721144e+04,3.127248e+03,8.860072e+04,1.389038e+00,-2.484734e-02,-3.727309e+01,-1.605506e+00,8.001609e-03,-5.726231e-01,6.206301e-03,-2.343209e-03,4.734042e+01,-7.916168e-01,-2.109100e-03,-2.185318e-03,1.561104e-01,6.144784e-04,6.497955e+00,-5.411719e+01,-1.405662e+00,4.492312e+03,-5.605575e+04,-3.191972e+03,-9.604587e+04,-2.302095e-01,3.991415e+01,-4.046686e-02,-3.027199e+02,1.404687e+03,5.530318e+01
5.390767e-03,4.014850e+04,4.028181e+04,6.023001e-01,1.433626e-03,1.707514e+01,1.023994e-01,1.007020e-06,1.050377e+04,0.000000e+00,0.000000e+00,1.109954e+04,0.000000e+00,0.000000e+00,0.000000e+00,0.000000e+00,0.000000e+00,0.000000e+00,0.000000e+00,0.000000e+00,0.000000e+00,0.000000e+00,0.000000e+00,0.000000e+00,0.000000e+00,0.000000e+00,0.000000e+00,0.000000e+00,0.000000e+00,0.000000e+00,0.000000e+00,0.000000e+00,0.000000e+00,0.000000e+00,0.000000e+00,0.000000e+00,0.000000e+00,0.000000e+00,0.000000e+00,0.000000e+00,0.000000e+00,0.000000e+00,0.000000e+00,0.000000e+00,0.000000e+00,0.000000e+00,0.000000e+00,0.000000e+00,0.000000e+00,4.014850e+04,1.016302e+03,3.348020e-01,2.282952e-03,1.016772e+00,1.136610e-03,0.000000e+00,0.000000e+00,0.000000e+00,0.000000e+00,0.000000e+00,0.000000e+00,0.000000e+00,0.000000e+00,0.000000e+00,0.000000e+00,0.000000e+00,0.000000e+00,0.000000e+00,0.000000e+00,0.000000e+00,0.000000e+00,0.000000e+00,0.000000e+00,0.000000e+00,0.000000e+00,0.000000e+00,6.726899e+04,2.068649e+03,8.850230e+04,1.389558e+00,-2.492369e-02,-3.727001e+01,-1.604828e+00,7.905580e-03,-5.728607e-01,6.206360e-03,-2.340160e-03,4.734539e+01,-7.907045e-01,-2.099602e-03,-2.185309e-03,1.555621e-01,6.004014e-04,6.543200e+00,-5.469203e+01,-1.355763e+00,4.491307e+03,-5.598136e+04,-2.133587e+03,-9.603952e+04,-2.330088e-01,3.992871e+01,-3.903117e-02,-3.200866e+02,1.409139e+03,8.418699e+01
5.400835e-03,4.014889e+04,4.027168e+04,6.013331e-01,1.427045e-03,1.708004e+01,1.023994e-01,1.006499e-06,1.051130e+04,0.000000e+00,0.000000e+00,1.110171e+04,0.000000e+00,0.000000e+00,0.000000e+00,0.000000e+00,0.000000e+00,0.000000e+00,0.000000e+00,0.000000e+00,0.000000e+00,0.000000e+00,0.000000e+00,0.000000e+00,0.000000e+00,0.000000e+00,0.000000e+00,0.000000e+00,0.000000e+00,0.000000e+00,0.000000e+00,0.000000e+00,0.000000e+00,0.000000e+00,0.000000e+00,0.000000e+00,0.000000e+00,0.000000e+00,0.000000e+00,0.000000e+00,0.000000e+00,0.000000e+00,0.000000e+00,0.000000e+00,0.000000e+00,0.000000e+00,0.000000e+00,0.000000e+00,0.000000e+00,4.014889e+04,1.019047e+03,3.351285e-01,2.349783e-03,1.023812e+00,1.136610e-03,0.000000e+00,0.000000e+00,0.000000e+00,0.000000e+00,0.000000e+00,0.000000e+00,0.000000e+00,0.000000e+00,0.000000e+00,0.000000e+00,0.000000e+00,0.000000e+00,0.000000e+00,0.000000e+00,0.000000e+00,0.000000e+00,0.000000e+00,0.000000e+00,0.000000e+00,0.000000e+00,0.000000e+00,6.663166e+04,2.309683e+03,8.802083e+04,1.390374e+00,-2.472344e-02,-3.726696e+01,-1.604183e+00,7.842033e-03,-5.729812e-01,6.206423e-03,-2.337018e-03,4.735027e+01,-7.898045e-01,-2.090150e-03,-2.185301e-03,1.550077e-01,5.863839e-04,6.588412e+00,-5.535393e+01,-1.417523e+00,4.490303e+03,-5.581908e+04,-2.374292e+03,-9.524375e+04,-2.349826e-01,3.994302e+01,-4.025758e-02,-3.171138e+02,1.394709e+03,7.576237e+01
5.410898e-03,4.014914e+04,4.026161e+04,6.003777e-01,1.420430e-03,1.708488e+01,1.023994e-01,1.005994e-06,1.051880e+04,0.000000e+00,0.000000e+00,1.110406e+04,0.000000e+00,0.000000e+00,0.000000e+00,0.000000e+00,0.000000e+00,0.000000e+00,0.000000e+00,0.000000e+00,0.000000e+00,0.000000e+00,0.000000e+00,0.000000e+00,0.000000e+00,0.000000e+00,0.000000e+00,0.000000e+00,0.000000e+00,0.000000e+00,0.000000e+00,0.000000e+00,0.000000e+00,0.000000e+00,0.000000e+00,0.000000e+00,0.000000e+00,0.000000e+00,0.000000e+00,0.000000e+00,0.000000e+00,0.000000e+00,0.000000e+00,0.000000e+00,0.000000e+00,0.000000e+00,0.000000e+00,0.000000e+00,0.000000e+00,4.014914e+04,1.021779e+03,3.354661e-01,2.424532e-03,1.030752e+00,1.136610e-03,0.000000e+00,0.000000e+00,0.000000e+00,0.000000e+00,0.000000e+00,0.000000e+00,0.000000e+00,0.000000e+00,0.000000e+00,0.000000e+00,0.000000e+00,0.000000e+00,0.000000e+00,0.000000e+00,0.000000e+00,0.000000e+00,0.000000e+00,0.000000e+00,0.000000e+00,0.000000e+00,0.000000e+00,6.649272e+04,6.205439e+03,9.950830e+04,1.391222e+00,-2.452171e-02,-3.726393e+01,-1.603547e+00,7.771999e-03,-5.730907e-01,6.206487e-03,-2.333794e-03,4.735509e+01,-7.889156e-01,-2.080723e-03,-2.185294e-03,1.544473e-01,5.718940e-04,6.633591e+00,-5.601180e+01,-1.475090e+00,4.489302e+03,-6.652534e+04,-6.272811e+03,-9.948227e+04,-2.370790e-01,3.995726e+01,-4.137480e-02,-1.807508e+02,1.414368e+03,-1.407436e+02
5.420871e-03,4.014957e+04,4.025200e+04,5.994415e-01,1.416555e-03,1.708961e+01,1.023994e-01,1.005231e-06,1.052611e+04,0.000000e+00,0.000000e+00,1.110591e+04,0.000000e+00,0.000000e+00,0.000000e+00,0.000000e+00,0.000000e+00,0.000000e+00,0.000000e+00,0.000000e+00,0.000000e+00,0.000000e+00,0.000000e+00,0.000000e+00,0.000000e+00,0.000000e+00,0.000000e+00,0.000000e+00,0.000000e+00,0.000000e+00,0.000000e+00,0.000000e+00,0.000000e+00,0.000000e+00,0.000000e+00,0.000000e+00,0.000000e+00,0.000000e+00,0.000000e+00,0.000000e+00,0.000000e+00,0.000000e+00,0.000000e+00,0.000000e+00,0.000000e+00,0.000000e+00,0.000000e+00,0.000000e+00,0.000000e+00,4.014957e+04,1.024495e+03,3.357489e-01,2.501246e-03,1.037521e+00,1.136610e-03,0.000000e+00,0.000000e+00,0.000000e+00,0.000000e+00,0.000000e+00,0.000000e+00,0.000000e+00,0.000000e+00,0.000000e+00,0.000000e+00,0.000000e+00,0.000000e+00,0.000000e+00,0.000000e+00,0.000000e+00,0.000000e+00,0.000000e+00,0.000000e+00,0.000000e+00,0.000000e+00,0.000000e+00,6.707473e+04,7.948925e+03,1.060281e+05,1.391813e+00,-2.431146e-02,-3.726094e+01,-1.602913e+00,7.690093e-03,-5.732547e-01,6.206551e-03,-2.330509e-03,4.735985e+01,-7.880453e-01,-2.071345e-03,-2.185288e-03,1.538855e-01,5.569840e-04,6.678359e+00,-5.659548e+01,-1.519126e+00,4.488337e+03,-7.236820e+04,-8.018405e+03,-1.024828e+05,-2.399936e-01,3.997113e+01,-4.110229e-02,-1.238612e+02,1.431499e+03,-2.483726e+02
5.430923e-03,4.015026e+04,4.024178e+04,5.985090e-01,1.410515e-03,1.709433e+01,1.023994e-01,1.005018e-06,1.053354e+04,0.000000e+00,0.000000e+00,1.110795e+04,0.000000e+00,0.000000e+00,0.000000e+00,0.000000e+00,0.000000e+00,0.000000e+00,0.000000e+00,0.000000e+00,0.000000e+00,0.000000e+00,0.000000e+00,0.000000e+00,0.000000e+00,0.000000e+00,0.000000e+00,0.000000e+00,0.000000e+00,0.000000e+00,0.000000e+00,0.000000e+00,0.000000e+00,0.000000e+00,0.000000e+00,0.000000e+00,0.000000e+00,0.000000e+00,0.000000e+00,0.000000e+00,0.000000e+00,0.000000e+00,0.000000e+00,0.000000e+00,0.000000e+00,0.000000e+00,0.000000e+00,0.000000e+00,0.000000e+00,4.015026e+04,1.027222e+03,3.360848e-01,2.604685e-03,1.044255e+00,1.136610e-03,0.000000e+00,0.000000e+00,0.000000e+00,0.000000e+00,0.000000e+00,0.000000e+00,0.000000e+00,0.000000e+00,0.000000e+00,0.000000e+00,0.000000e+00,0.000000e+00,0.000000e+00,0.000000e+00,0.000000e+00,0.000000e+00,0.000000e+00,0.000000e+00,0.000000e+00,0.000000e+00,0.000000e+00,6.735375e+04,4.818496e+03,9.359766e+04,1.392530e+00,-2.410739e-02,-3.725793e+01,-1.602288e+00,7.611112e-03,-5.733908e-01,6.206616e-03,-2.327170e-03,4.736457e+01,-7.871800e-01,-2.062438e-03,-2.185281e-03,1.533129e-01,5.413441e-04,6.723473e+00,-5.723145e+01,-1.575279e+00,4.487349e+03,-6.081293e+04,-4.885497e+03,-9.797033e+04,-2.422532e-01,3.998522e+01,-4.193820e-02,-3.070839e+02,1.415741e+03,1.560476e+01
5.440971e-03,4.015130e+04,4.023061e+04,5.975863e-01,1.405034e-03,1.709901e+01,1.023994e-01,1.004540e-06,1.054122e+04,0.000000e+00,0.000000e+00,1.111039e+04,0.000000e+00,0.000000e+00,0.000000e+00,0.000000e+00,0.000000e+00,0.000000e+00,0.000000e+00,0.000000e+00,0.000000e+00,0.000000e+00,0.000000e+00,0.000000e+00,0.000000e+00,0.000000e+00,0.000000e+00,0.000000e+00,0.000000e+00,0.000000e+00,0.000000e+00,0.000000e+00,0.000000e+00,0.000000e+00,0.000000e+00,0.000000e+00,0.000000e+00,0.000000e+00,0.000000e+00,0.000000e+00,0.000000e+00,0.000000e+00,0.000000e+00,0.000000e+00,0.000000e+00,0.000000e+00,0.000000e+00,0.000000e+00,0.000000e+00,4.015130e+04,1.029976e+03,3.364975e-01,2.714652e-03,1.050993e+00,1.136610e-03,0.000000e+00,0.000000e+00,0.000000e+00,0.000000e+00,0.000000e+00,0.000000e+00,0.000000e+00,0.000000e+00,0.000000e+00,0.000000e+00,0.000000e+00,0.000000e+00,0.000000e+00,0.000000e+00,0.000000e+00,0.000000e+00,0.000000e+00,0.000000e+00,0.000000e+00,0.000000e+00,0.000000e+00,6.786141e+04,4.995978e+03,9.019352e+04,1.393376e+00,-2.396004e-02,-3.725484e+01,-1.601671e+00,7.526064e-03,-5.735434e-01,6.206682e-03,-2.323752e-03,4.736926e+01,-7.863236e-01,-2.054038e-03,-2.185274e-03,1.527341e-01,5.253865e-04,6.768556e+00,-5.789515e+01,-1.611095e+00,4.486321e+03,-5.751173e+04,-5.062746e+03,-9.711731e+04,-2.443831e-01,3.999979e+01,-4.255397e-02,-3.062216e+02,1.405024e+03,4.160410e+01
5.450010e-03,4.015252e+04,4.022032e+04,5.967662e-01,1.400554e-03,1.710316e+01,1.023994e-01,1.004041e-06,1.054824e+04,0.000000e+00,0.000000e+00,1.111246e+04,0.000000e+00,0.000000e+00,0.000000e+00,0.000000e+00,0.000000e+00,0.000000e+00,0.000000e+00,0.000000e+00,0.000000e+00,0.000000e+00,0.000000e+00,0.000000e+00,0.000000e+00,0.000000e+00,0.000000e+00,0.000000e+00,0.000000e+00,0.000000e+00,0.000000e+00,0.000000e+00,0.000000e+00,0.000000e+00,0.000000e+00,0.000000e+00,0.000000e+00,0.000000e+00,0.000000e+00,0.000000e+00,0.000000e+00,0.000000e+00,0.000000e+00,0.000000e+00,0.000000e+00,0.000000e+00,0.000000e+00,0.000000e+00,0.000000e+00,4.015252e+04,1.032545e+03,3.368757e-01,2.767045e-03,1.057048e+00,1.136610e-03,0.000000e+00,0.000000e+00,0.000000e+00,0.000000e+00,0.000000e+00,0.000000e+00,0.000000e+00,0.000000e+00,0.000000e+00,0.000000e+00,0.000000e+00,0.000000e+00,0.000000e+00,0.000000e+00,0.000000e+00,0.000000e+00,0.000000e+00,0.000000e+00,0.000000e+00,0.000000e+00,0.000000e+00,7.048157e+04,2.896237e+03,9.734038e+04,1.394159e+00,-2.382383e-02,-3.725196e+01,-1.601139e+00,7.431800e-03,-5.736627e-01,6.206745e-03,-2.320661e-03,4.737341e+01,-7.855630e-01,-2.046989e-03,-2.185269e-03,1.522079e-01,5.106413e-04,6.809103e+00,-5.848657e+01,-1.637678e+00,4.485382e+03,-6.315686e+04,-2.966637e+03,-1.022428e+05,-2.468398e-01,4.001306e+01,-4.280467e-02,-2.672943e+02,1.451293e+03,-1.130484e+01
5.460043e-03,4.015417e+04,4.020896e+04,5.958663e-01,1.396135e-03,1.710772e+01,1.023994e-01,1.002490e-06,1.055581e+04,0.000000e+00,0.000000e+00,1.111457e+04,0.000000e+00,0.000000e+00,0.000000e+00,0.000000e+00,0.000000e+00,0.000000e+00,0.000000e+00,0.000000e+00,0.000000e+00,0.000000e+00,0.000000e+00,0.000000e+00,0.000000e+00,0.000000e+00,0.000000e+00,0.000000e+00,0.000000e+00,0.000000e+00,0.000000e+00,0.000000e+00,0.000000e+00,0.000000e+00,0.000000e+00,0.000000e+00,0.000000e+00,0.000000e+00,0.000000e+00,0.000000e+00,0.000000e+00,0.000000e+00,0.000000e+00,0.000000e+00,0.000000e+00,0.000000e+00,0.000000e+00,0.000000e+00,0.000000e+00,4.015417e+04,1.035303e+03,3.372629e-01,2.850687e-03,1.063678e+00,1.136610e-03,0.000000e+00,0.000000e+00,0.000000e+00,0.000000e+00,0.000000e+00,0.000000e+00,0.000000e+00,0.000000e+00,0.000000e+00,0.000000e+00,0.000000e+00,0.000000e+00,0.000000e+00,0.000000e+00,0.000000e+00,0.000000e+00,0.000000e+00,0.000000e+00,0.000000e+00,0.000000e+00,0.000000e+00,6.978038e+04,6.397814e+03,1.030575e+05,1.394964e+00,-2.358763e-02,-3.724885e+01,-1.600597e+00,7.308773e-03,-5.738103e-01,6.206817e-03,-2.317135e-03,4.737798e+01,-7.847292e-01,-2.039606e-03,-2.185262e-03,1.516178e-01,4.939800e-04,6.854097e+00,-5.910855e+01,-1.680767e+00,4.484373e+03,-6.875191e+04,-6.469303e+03,-1.037420e+05,-2.493386e-01,4.002742e+01,-4.299540e-02,-1.523080e+02,1.453548e+03,-1.423233e+02
5.470064e-03,4.015623e+04,4.019719e+04,5.949789e-01,1.392047e-03,1.711222e+01,1.023994e-01,1.001608e-06,1.056345e+04,0.000000e+00,0.000000e+00,1.111662e+04,0.000000e+00,0.000000e+00,0.000000e+00,0.000000e+00,0.000000e+00,0.000000e+00,0.000000e+00,0.000000e+00,0.000000e+00,0.000000e+00,0.000000e+00,0.000000e+00,0.000000e+00,0.000000e+00,0.000000e+00,0.000000e+00,0.000000e+00,0.000000e+00,0.000000e+00,0.000000e+00,0.000000e+00,0.000000e+00,0.000000e+00,0.000000e+00,0.000000e+00,0.000000e+00,0.000000e+00,0.000000e+00,0.000000e+00,0.000000e+00,0.000000e+00,0.000000e+00,0.000000e+00,0.000000e+00,0.000000e+00,0.000000e+00,0.000000e+00,4.015623e+04,1.038061e+03,3.376722e-01,2.912712e-03,1.070272e+00,1.136610e-03,0.000000e+00,0.000000e+00,0.000000e+00,0.000000e+00,0.000000e+00,0.000000e+00,0.000000e+00,0.000000e+00,0.000000e+00,0.000000e+00,0.000000e+00,0.000000e+00,0.000000e+00,0.000000e+00,0.000000e+00,0.000000e+00,0.000000e+00,0.000000e+00,0.000000e+00,0.000000e+00,0.000000e+00,7.135616e+04,3.819274e+03,9.944036e+04,1.395767e+00,-2.339483e-02,-3.724570e+01,-1.600064e+00,7.165442e-03,-5.739635e-01,6.206890e-03,-2.313575e-03,4.738246e+01,-7.839077e-01,-2.032541e-03,-2.185256e-03,1.510219e-01,4.769195e-04,6.899029e+00,-5.973646e+01,-1.707260e+00,4.483350e+03,-6.484881e+04,-3.891220e+03,-1.037987e+05,-2.517695e-01,4.004189e+01,-4.306125e-02,-1.967306e+02,1.451022e+03,-7.429095e+01
5.480076e-03,4.015855e+04,4.018498e+04,5.941025e-01,1.388908e-03,1.711666e+01,1.023994e-01,1.000746e-06,1.057109e+04,0.000000e+00,0.000000e+00,1.111878e+04,0.000000e+00,0.000000e+00,0.000000e+00,0.000000e+00,0.000000e+00,0.000000e+00,0.000000e+00,0.000000e+00,0.000000e+00,0.000000e+00,0.000000e+00,0.000000e+00,0.000000e+00,0.000000e+00,0.000000e+00,0.000000e+00,0.000000e+00,0.000000e+00,0.000000e+00,0.000000e+00,0.000000e+00,0.000000e+00,0.000000e+00,0.000000e+00,0.000000e+00,0.000000e+00,0.000000e+00,0.000000e+00,0.000000e+00,0.000000e+00,0.000000e+00,0.000000e+00,0.000000e+00,0.000000e+00,0.000000e+00,0.000000e+00,0.000000e+00,4.015855e+04,1.040812e+03,3.381200e-01,2.961932e-03,1.076837e+00,1.136610e-03,0.000000e+00,0.000000e+00,0.000000e+00,0.000000e+00,0.000000e+00,0.000000e+00,0.000000e+00,0.000000e+00,0.000000e+00,0.000000e+00,0.000000e+00,0.000000e+00,0.000000e+00,0.000000e+00,0.000000e+00,0.000000e+00,0.000000e+00,0.000000e+00,0.000000e+00,0.000000e+00,0.000000e+00,7.041638e+04,3.896905e+03,9.451898e+04,1.396634e+00,-2.318341e-02,-3.724255e+01,-1.599553e+00,7.022996e-03,-5.740956e-01,6.206965e-03,-2.309877e-03,4.738690e+01,-7.830970e-01,-2.026362e-03,-2.185252e-03,1.504202e-01,4.596169e-04,6.943910e+00,-6.037743e+01,-1.740732e+00,4.482317e+03,-6.069470e+04,-3.967285e+03,-1.010342e+05,-2.536815e-01,4.005637e+01,-4.361795e-02,-2.086927e+02,1.425590e+03,-2.610147e+01
5.490080e-03,4.016117e+04,4.017241e+04,5.932382e-01,1.386935e-03,1.712105e+01,1.023994e-01,9.999312e-07,1.057883e+04,0.000000e+00,0.000000e+00,1.112097e+04,0.000000e+00,0.000000e+00,0.000000e+00,0.000000e+00,0.000000e+00,0.000000e+00,0.000000e+00,0.000000e+00,0.000000e+00,0.000000e+00,0.000000e+00,0.000000e+00,0.000000e+00,0.000000e+00,0.000000e+00,0.000000e+00,0.000000e+00,0.000000e+00,0.000000e+00,0.000000e+00,0.000000e+00,0.000000e+00,0.000000e+00,0.000000e+00,0.000000e+00,0.000000e+00,0.000000e+00,0.000000e+00,0.000000e+00,0.000000e+00,0.000000e+00,0.000000e+00,0.000000e+00,0.000000e+00,0.000000e+00,0.000000e+00,0.000000e+00,4.016117e+04,1.043596e+03,3.386109e-01,3.000183e-03,1.083376e+00,1.136610e-03,0.000000e+00,0.000000e+00,0.000000e+00,0.000000e+00,0.000000e+00,0.000000e+00,0.000000e+00,0.000000e+00,0.000000e+00,0.000000e+00,0.000000e+00,0.000000e+00,0.000000e+00,0.000000e+00,0.000000e+00,0.000000e+00,0.000000e+00,0.000000e+00,0.000000e+00,0.000000e+00,0.000000e+00,7.091680e+04,4.341126e+03,9.636480e+04,1.397556e+00,-2.299160e-02,-3.723934e+01,-1.599050e+00,6.873973e-03,-5.742185e-01,6.207042e-03,-2.306084e-03,4.739128e+01,-7.822984e-01,-2.021338e-03,-2.185249e-03,1.498127e-01,4.420675e-04,6.988744e+00,-6.102810e+01,-1.766110e+00,4.481267e+03,-6.225313e+04,-4.412516e+03,-1.021728e+05,-2.555220e-01,4.007102e+01,-4.415937e-02,-1.609683e+02,1.434380e+03,-6.316465e+01
5.500075e-03,4.016406e+04,4.015964e+04,5.923839e-01,1.386200e-03,1.712538e+01,1.023994e-01,9.992503e-07,1.058656e+04,0.000000e+00,0.000000e+00,1.112312e+04,0.000000e+00,0.000000e+00,0.000000e+00,0.000000e+00,0.000000e+00,0.000000e+00,0.000000e+00,0.000000e+00,0.000000e+00,0.000000e+00,0.000000e+00,0.000000e+00,0.000000e+00,0.000000e+00,0.000000e+00,0.000000e+00,0.000000e+00,0.000000e+00,0.000000e+00,0.000000e+00,0.000000e+00,0.000000e+00,0.000000e+00,0.000000e+00,0.000000e+00,0.000000e+00,0.000000e+00,0.000000e+00,0.000000e+00,0.000000e+00,0.000000e+00,0.000000e+00,0.000000e+00,0.000000e+00,0.000000e+00,0.000000e+00,0.000000e+00,4.016406e+04,1.046385e+03,3.391160e-01,3.028827e-03,1.089889e+00,1.136610e-03,0.000000e+00,0.000000e+00,0.000000e+00,0.000000e+00,0.000000e+00,0.000000e+00,0.000000e+00,0.000000e+00,0.000000e+00,0.000000e+00,0.000000e+00,0.000000e+00,0.000000e+00,0.000000e+00,0.000000e+00,0.000000e+00,0.000000e+00,0.000000e+00,0.000000e+00,0.000000e+00,0.000000e+00,7.386700e+04,2.751865e+03,1.021024e+05,1.398482e+00,-2.280748e-02,-3.723615e+01,-1.598561e+00,6.724840e-03,-5.743311e-01,6.207119e-03,-2.302200e-03,4.739560e+01,-7.815097e-01,-2.017433e-03,-2.185244e-03,1.491992e-01,4.242749e-04,7.033533e+00,-6.167282e+01,-1.790882e+00,4.480217e+03,-6.648524e+04,-2.826875e+03,-1.070539e+05,-2.571386e-01,4.008563e+01,-4.474577e-02,-1.275265e+02,1.477350e+03,-9.448544e+01
5.510063e-03,4.016712e+04,4.014669e+04,5.915390e-01,1.386479e-03,1.712967e+01,1.023994e-01,9.984175e-07,1.059434e+04,0.000000e+00,0.000000e+00,1.112524e+04,0.000000e+00,0.000000e+00,0.000000e+00,0.000000e+00,0.000000e+00,0.000000e+00,0.000000e+00,0.000000e+00,0.000000e+00,0.000000e+00,0.000000e+00,0.000000e+00,0.000000e+00,0.000000e+00,0.000000e+00,0.000000e+00,0.000000e+00,0.000000e+00,0.000000e+00,0.000000e+00,0.000000e+00,0.000000e+00,0.000000e+00,0.000000e+00,0.000000e+00,0.000000e+00,0.000000e+00,0.000000e+00,0.000000e+00,0.000000e+00,0.000000e+00,0.000000e+00,0.000000e+00,0.000000e+00,0.000000e+00,0.000000e+00,0.000000e+00,4.016712e+04,1.049212e+03,3.396545e-01,3.046615e-03,1.096392e+00,1.136610e-03,0.000000e+00,0.000000e+00,0.000000e+00,0.000000e+00,0.000000e+00,0.000000e+00,0.000000e+00,0.000000e+00,0.000000e+00,0.000000e+00,0.000000e+00,0.000000e+00,0.000000e+00,0.000000e+00,0.000000e+00,0.000000e+00,0.000000e+00,0.000000e+00,0.000000e+00,0.000000e+00,0.000000e+00,7.408038e+04,2.517647e+03,1.032205e+05,1.399421e+00,-2.262558e-02,-3.723293e+01,-1.598084e+00,6.577604e-03,-5.744347e-01,6.207198e-03,-2.298196e-03,4.739989e+01,-7.807306e-01,-2.014184e-03,-2.185237e-03,1.485796e-01,4.062887e-04,7.078276e+00,-6.232185e+01,-1.814452e+00,4.479155e+03,-6.748209e+04,-2.593320e+03,-1.076483e+05,-2.585038e-01,4.010034e+01,-4.544424e-02,-1.020824e+02,1.482404e+03,-1.093767e+02
5.520045e-03,4.017033e+04,4.013356e+04,5.907035e-01,1.387350e-03,1.713391e+01,1.023994e-01,9.977149e-07,1.060218e+04,0.000000e+00,0.000000e+00,1.112732e+04,0.000000e+00,0.000000e+00,0.000000e+00,0.000000e+00,0.000000e+00,0.000000e+00,0.000000e+00,0.000000e+00,0.000000e+00,0.000000e+00,0.000000e+00,0.000000e+00,0.000000e+00,0.000000e+00,0.000000e+00,0.000000e+00,0.000000e+00,0.000000e+00,0.000000e+00,0.000000e+00,0.000000e+00,0.000000e+00,0.000000e+00,0.000000e+00,0.000000e+00,0.000000e+00,0.000000e+00,0.000000e+00,0.000000e+00,0.000000e+00,0.000000e+00,0.000000e+00,0.000000e+00,0.000000e+00,0.000000e+00,0.000000e+00,0.000000e+00,4.017033e+04,1.052093e+03,3.402290e-01,3.043840e-03,1.102887e+00,1.136610e-03,0.000000e+00,0.000000e+00,0.000000e+00,0.000000e+00,0.000000e+00,0.000000e+00,0.000000e+00,0.000000e+00,0.000000e+00,0.000000e+00,0.000000e+00,0.000000e+00,0.000000e+00,0.000000e+00,0.000000e+00,0.000000e+00,0.000000e+00,0.000000e+00,0.000000e+00,0.000000e+00,0.000000e+00,7.465722e+04,1.696990e+03,1.020649e+05,1.400392e+00,-2.247205e-02,-3.722968e+01,-1.597616e+00,6.431426e-03,-5.745281e-01,6.207281e-03,-2.294032e-03,4.740408e+01,-7.799609e-01,-2.011205e-03,-2.185228e-03,1.479539e-01,3.881126e-04,7.122978e+00,-6.298008e+01,-1.829993e+00,4.478079e+03,-6.623726e+04,-1.773033e+03,-1.077187e+05,-2.596533e-01,4.011517e+01,-4.621689e-02,-9.504293e+01,1.479587e+03,-8.874805e+01
5.530019e-03,4.017355e+04,4.012035e+04,5.898771e-01,1.388584e-03,1.713811e+01,1.023994e-01,9.970446e-07,1.061006e+04,0.000000e+00,0.000000e+00,1.112938e+04,0.000000e+00,0.000000e+00,0.000000e+00,0.000000e+00,0.000000e+00,0.000000e+00,0.000000e+00,0.000000e+00,0.000000e+00,0.000000e+00,0.000000e+00,0.000000e+00,0.000000e+00,0.000000e+00,0.000000e+00,0.000000e+00,0.000000e+00,0.000000e+00,0.000000e+00,0.000000e+00,0.000000e+00,0.000000e+00,0.000000e+00,0.000000e+00,0.000000e+00,0.000000e+00,0.000000e+00,0.000000e+00,0.000000e+00,0.000000e+00,0.000000e+00,0.000000e+00,0.000000e+00,0.000000e+00,0.000000e+00,0.000000e+00,0.000000e+00,4.017355e+04,1.055050e+03,3.408441e-01,3.032337e-03,1.109374e+00,1.136610e-03,0.000000e+00,0.000000e+00,0.000000e+00,0.000000e+00,0.000000e+00,0.000000e+00,0.000000e+00,0.000000e+00,0.000000e+00,0.000000e+00,0.000000e+00,0.000000e+00,0.000000e+00,0.000000e+00,0.000000e+00,0.000000e+00,0.000000e+00,0.000000e+00,0.000000e+00,0.000000e+00,0.000000e+00,7.617356e+04,6.335475e+02,1.019660e+05,1.401406e+00,-2.231732e-02,-3.722641e+01,-1.597159e+00,6.288368e-03,-5.746073e-01,6.207365e-03,-2.289730e-03,4.740828e+01,-7.792001e-01,-2.008408e-03,-2.185217e-03,1.473221e-01,3.697634e-04,7.167637e+00,-6.364788e+01,-1.848529e+00,4.476991e+03,-6.561567e+04,-7.108758e+02,-1.090594e+05,-2.605332e-01,4.013007e+01,-4.720157e-02,-9.735089e+01,1.492096e+03,-7.076023e+01
5.540982e-03,4.017715e+04,4.010559e+04,5.889793e-01,1.389853e-03,1.714267e+01,1.023994e-01,9.962833e-07,1.061901e+04,0.000000e+00,0.000000e+00,1.113159e+04,0.000000e+00,0.000000e+00,0.000000e+00,0.000000e+00,0.000000e+00,0.000000e+00,0.000000e+00,0.000000e+00,0.000000e+00,0.000000e+00,0.000000e+00,0.000000e+00,0.000000e+00,0.000000e+00,0.000000e+00,0.000000e+00,0.000000e+00,0.000000e+00,0.000000e+00,0.000000e+00,0.000000e+00,0.000000e+00,0.000000e+00,0.000000e+00,0.000000e+00,0.000000e+00,0.000000e+00,0.000000e+00,0.000000e+00,0.000000e+00,0.000000e+00,0.000000e+00,0.000000e+00,0.000000e+00,0.000000e+00,0.000000e+00,0.000000e+00,4.017715e+04,1.058563e+03,3.415508e-01,3.042335e-03,1.116563e+00,1.136610e-03,0.000000e+00,0.000000e+00,0.000000e+00,0.000000e+00,0.000000e+00,0.000000e+00,0.000000e+00,0.000000e+00,0.000000e+00,0.000000e+00,0.000000e+00,0.000000e+00,0.000000e+00,0.000000e+00,0.000000e+00,0.000000e+00,0.000000e+00,0.000000e+00,0.000000e+00,0.000000e+00,0.000000e+00,7.615016e+04,5.185438e+02,1.028930e+05,1.402525e+00,-2.207244e-02,-3.722269e+01,-1.596651e+00,6.120942e-03,-5.746663e-01,6.207457e-03,-2.284828e-03,4.741284e+01,-7.783747e-01,-2.005046e-03,-2.185205e-03,1.466199e-01,3.493123e-04,7.216714e+00,-6.438541e+01,-1.890617e+00,4.475749e+03,-6.653091e+04,-5.963528e+02,-1.093589e+05,-2.606223e-01,4.014698e+01,-4.880249e-02,-7.953757e+01,1.497065e+03,-7.803821e+01
5.550942e-03,4.018031e+04,4.009254e+04,5.881672e-01,1.391210e-03,1.714680e+01,1.023994e-01,9.956759e-07,1.062694e+04,0.000000e+00,0.000000e+00,1.113353e+04,0.000000e+00,0.000000e+00,0.000000e+00,0.000000e+00,0.000000e+00,0.000000e+00,0.000000e+00,0.000000e+00,0.000000e+00,0.000000e+00,0.000000e+00,0.000000e+00,0.000000e+00,0.000000e+00,0.000000e+00,0.000000e+00,0.000000e+00,0.000000e+00,0.000000e+00,0.000000e+00,0.000000e+00,0.000000e+00,0.000000e+00,0.000000e+00,0.000000e+00,0.000000e+00,0.000000e+00,0.000000e+00,0.000000e+00,0.000000e+00,0.000000e+00,0.000000e+00,0.000000e+00,0.000000e+00,0.000000e+00,0.000000e+00,0.000000e+00,4.018031e+04,1.061742e+03,3.422028e-01,3.023977e-03,1.123052e+00,1.136610e-03,0.000000e+00,0.000000e+00,0.000000e+00,0.000000e+00,0.000000e+00,0.000000e+00,0.000000e+00,0.000000e+00,0.000000e+00,0.000000e+00,0.000000e+00,0.000000e+00,0.000000e+00,0.000000e+00,0.000000e+00,0.000000e+00,0.000000e+00,0.000000e+00,0.000000e+00,0.000000e+00,0.000000e+00,7.522880e+04,-5.300671e+02,1.037964e+05,1.403580e+00,-2.194119e-02,-3.721941e+01,-1.596216e+00,5.986014e-03,-5.747266e-01,6.207545e-03,-2.280277e-03,4.741698e+01,-7.776284e-01,-2.002145e-03,-2.185195e-03,1.459749e-01,3.303995e-04,7.261286e+00,-6.505769e+01,-1.905036e+00,4.474647e+03,-6.775870e+04,4.524388e+02,-1.088205e+05,-2.611638e-01,4.016198e+01,-4.992839e-02,-7.931674e+01,1.482654e+03,-8.077587e+01
5.560897e-03,4.018338e+04,4.007970e+04,5.873666e-01,1.390862e-03,1.715087e+01,1.023994e-01,9.951311e-07,1.063482e+04,0.000000e+00,0.000000e+00,1.113538e+04,0.000000e+00,0.000000e+00,0.000000e+00,0.000000e+00,0.000000e+00,0.000000e+00,0.000000e+00,0.000000e+00,0.000000e+00,0.000000e+00,0.000000e+00,0.000000e+00,0.000000e+00,0.000000e+00,0.000000e+00,0.000000e+00,0.000000e+00,0.000000e+00,0.000000e+00,0.000000e+00,0.000000e+00,0.000000e+00,0.000000e+00,0.000000e+00,0.000000e+00,0.000000e+00,0.000000e+00,0.000000e+00,0.000000e+00,0.000000e+00,0.000000e+00,0.000000e+00,0.000000e+00,0.000000e+00,0.000000e+00,0.000000e+00,0.000000e+00,4.018338e+04,1.064978e+03,3.428819e-01,3.007147e-03,1.129491e+00,1.136610e-03,0.000000e+00,0.000000e+00,0.000000e+00,0.000000e+00,0.000000e+00,0.000000e+00,0.000000e+00,0.000000e+00,0.000000e+00,0.000000e+00,0.000000e+00,0.000000e+00,0.000000e+00,0.000000e+00,0.000000e+00,0.000000e+00,0.000000e+00,0.000000e+00,0.000000e+00,0.000000e+00,0.000000e+00,7.638335e+04,9.145363e+00,1.049946e+05,1.404651e+00,-2.179896e-02,-3.721612e+01,-1.595789e+00,5.856059e-03,-5.747780e-01,6.207634e-03,-2.275568e-03,4.742106e+01,-7.768936e-01,-1.997422e-03,-2.185185e-03,1.453236e-01,3.113333e-04,7.305823e+00,-6.573254e+01,-1.924418e+00,4.473552e+03,-6.847712e+04,-8.812634e+01,-1.103139e+05,-2.616161e-01,4.017686e+01,-5.122171e-02,-5.162904e+01,1.494966e+03,-1.082705e+02
5.570846e-03,4.018634e+04,4.006696e+04,5.865701e-01,1.390002e-03,1.715492e+01,1.023994e-01,9.945453e-07,1.064281e+04,0.000000e+00,0.000000e+00,1.113715e+04,0.000000e+00,0.000000e+00,0.000000e+00,0.000000e+00,0.000000e+00,0.000000e+00,0.000000e+00,0.000000e+00,0.000000e+00,0.000000e+00,0.000000e+00,0.000000e+00,0.000000e+00,0.000000e+00,0.000000e+00,0.000000e+00,0.000000e+00,0.000000e+00,0.000000e+00,0.000000e+00,0.000000e+00,0.000000e+00,0.000000e+00,0.000000e+00,0.000000e+00,0.000000e+00,0.000000e+00,0.000000e+00,0.000000e+00,0.000000e+00,0.000000e+00,0.000000e+00,0.000000e+00,0.000000e+00,0.000000e+00,0.000000e+00,0.000000e+00,4.018634e+04,1.068359e+03,3.435728e-01,2.999827e-03,1.135932e+00,1.136610e-03,0.000000e+00,0.000000e+00,0.000000e+00,0.000000e+00,0.000000e+00,0.000000e+00,0.000000e+00,0.000000e+00,0.000000e+00,0.000000e+00,0.000000e+00,0.000000e+00,0.000000e+00,0.000000e+00,0.000000e+00,0.000000e+00,0.000000e+00,0.000000e+00,0.000000e+00,0.000000e+00,0.000000e+00,7.745968e+04,1.789576e+03,1.057279e+05,1.405732e+00,-2.163450e-02,-3.721280e+01,-1.595362e+00,5.727761e-03,-5.748160e-01,6.207727e-03,-2.270738e-03,4.742510e+01,-7.761629e-01,-1.992218e-03,-2.185180e-03,1.446659e-01,2.920662e-04,7.350323e+00,-6.641180e+01,-1.951283e+00,4.472436e+03,-6.879554e+04,-1.869745e+03,-1.115583e+05,-2.617295e-01,4.019193e+01,-5.273915e-02,-1.312461e+01,1.503517e+03,-1.481875e+02
5.580789e-03,4.018920e+04,4.005450e+04,5.857849e-01,1.387304e-03,1.715891e+01,1.023994e-01,9.939874e-07,1.065075e+04,0.000000e+00,0.000000e+00,1.113885e+04,0.000000e+00,0.000000e+00,0.000000e+00,0.000000e+00,0.000000e+00,0.000000e+00,0.000000e+00,0.000000e+00,0.000000e+00,0.000000e+00,0.000000e+00,0.000000e+00,0.000000e+00,0.000000e+00,0.000000e+00,0.000000e+00,0.000000e+00,0.000000e+00,0.000000e+00,0.000000e+00,0.000000e+00,0.000000e+00,0.000000e+00,0.000000e+00,0.000000e+00,0.000000e+00,0.000000e+00,0.000000e+00,0.000000e+00,0.000000e+00,0.000000e+00,0.000000e+00,0.000000e+00,0.000000e+00,0.000000e+00,0.000000e+00,0.000000e+00,4.018920e+04,1.071811e+03,3.442791e-01,2.980230e-03,1.142339e+00,1.136609e-03,0.000000e+00,0.000000e+00,0.000000e+00,0.000000e+00,0.000000e+00,0.000000e+00,0.000000e+00,0.000000e+00,0.000000e+00,0.000000e+00,0.000000e+00,0.000000e+00,0.000000e+00,0.000000e+00,0.000000e+00,0.000000e+00,0.000000e+00,0.000000e+00,0.000000e+00,0.000000e+00,0.000000e+00,7.607416e+04,7.682738e+02,1.044063e+05,1.406840e+00,-2.151592e-02,-3.720949e+01,-1.594945e+00,5.611021e-03,-5.748519e-01,6.207822e-03,-2.265805e-03,4.742907e+01,-7.754434e-01,-1.985362e-03,-2.185178e-03,1.440018e-01,2.725466e-04,7.394787e+00,-6.709677e+01,-1.969565e+00,4.471324e+03,-6.813655e+04,-8.473914e+02,-1.097508e+05,-2.618884e-01,4.020694e+01,-5.420829e-02,-4.026540e+01,1.481335e+03,-1.255820e+02
5.590726e-03,4.019184e+04,4.004232e+04,5.850043e-01,1.384946e-03,1.716289e+01,1.023994e-01,9.933987e-07,1.065863e+04,0.000000e+00,0.000000e+00,1.114046e+04,0.000000e+00,0.000000e+00,0.000000e+00,0.000000e+00,0.000000e+00,0.000000e+00,0.000000e+00,0.000000e+00,0.000000e+00,0.000000e+00,0.000000e+00,0.000000e+00,0.000000e+00,0.000000e+00,0.000000e+00,0.000000e+00,0.000000e+00,0.000000e+00,0.000000e+00,0.000000e+00,0.000000e+00,0.000000e+00,0.000000e+00,0.000000e+00,0.000000e+00,0.000000e+00,0.000000e+00,0.000000e+00,0.000000e+00,0.000000e+00,0.000000e+00,0.000000e+00,0.000000e+00,0.000000e+00,0.000000e+00,0.000000e+00,0.000000e+00,4.019184e+04,1.075321e+03,3.449922e-01,2.970977e-03,1.148704e+00,1.136610e-03,0.000000e+00,0.000000e+00,0.000000e+00,0.000000e+00,0.000000e+00,0.000000e+00,0.000000e+00,0.000000e+00,0.000000e+00,0.000000e+00,0.000000e+00,0.000000e+00,0.000000e+00,0.000000e+00,0.000000e+00,0.000000e+00,0.000000e+00,0.000000e+00,0.000000e+00,0.000000e+00,0.000000e+00,7.832053e+04,1.086574e+03,1.054925e+05,1.407949e+00,-2.139393e-02,-3.720621e+01,-1.594533e+00,5.508049e-03,-5.748792e-01,6.207919e-03,-2.260722e-03,4.743306e+01,-7.747288e-01,-1.978832e-03,-2.185180e-03,1.433314e-01,2.528266e-04,7.439214e+00,-6.777916e+01,-1.993108e+00,4.470221e+03,-6.834313e+04,-1.167807e+03,-1.122132e+05,-2.620356e-01,4.022180e+01,-5.579191e-02,-1.349981e+01,1.505259e+03,-1.339069e+02
5.600658e-03,4.019448e+04,4.003032e+04,5.842350e-01,1.381918e-03,1.716681e+01,1.023994e-01,9.928792e-07,1.066653e+04,0.000000e+00,0.000000e+00,1.114197e+04,0.000000e+00,0.000000e+00,0.000000e+00,0.000000e+00,0.000000e+00,0.000000e+00,0.000000e+00,0.000000e+00,0.000000e+00,0.000000e+00,0.000000e+00,0.000000e+00,0.000000e+00,0.000000e+00,0.000000e+00,0.000000e+00,0.000000e+00,0.000000e+00,0.000000e+00,0.000000e+00,0.000000e+00,0.000000e+00,0.000000e+00,0.000000e+00,0.000000e+00,0.000000e+00,0.000000e+00,0.000000e+00,0.000000e+00,0.000000e+00,0.000000e+00,0.000000e+00,0.000000e+00,0.000000e+00,0.000000e+00,0.000000e+00,0.000000e+00,4.019448e+04,1.078910e+03,3.456996e-01,2.987458e-03,1.155042e+00,1.136610e-03,0.000000e+00,0.000000e+00,0.000000e+00,0.000000e+00,0.000000e+00,0.000000e+00,0.000000e+00,0.000000e+00,0.000000e+00,0.000000e+00,0.000000e+00,0.000000e+00,0.000000e+00,0.000000e+00,0.000000e+00,0.000000e+00,0.000000e+00,0.000000e+00,0.000000e+00,0.000000e+00,0.000000e+00,7.704123e+04,2.802767e+03,1.048097e+05,1.409045e+00,-2.127114e-02,-3.720293e+01,-1.594121e+00,5.425388e-03,-5.749030e-01,6.208017e-03,-2.255526e-03,4.743699e+01,-7.740257e-01,-1.971562e-03,-2.185182e-03,1.426545e-01,2.328559e-04,7.483604e+00,-6.845840e+01,-2.022629e+00,4.469114e+03,-6.823528e+04,-2.883173e+03,-1.107426e+05,-2.620613e-01,4.023670e+01,-5.746773e-02,-9.004576e+00,1.490677e+03,-1.639883e+02
5.610585e-03,4.019705e+04,4.001846e+04,5.834708e-01,1.380170e-03,1.717070e+01,1.023994e-01,9.924222e-07,1.067438e+04,0.000000e+00,0.000000e+00,1.114341e+04,0.000000e+00,0.000000e+00,0.000000e+00,0.000000e+00,0.000000e+00,0.000000e+00,0.000000e+00,0.000000e+00,0.000000e+00,0.000000e+00,0.000000e+00,0.000000e+00,0.000000e+00,0.000000e+00,0.000000e+00,0.000000e+00,0.000000e+00,0.000000e+00,0.000000e+00,0.000000e+00,0.000000e+00,0.000000e+00,0.000000e+00,0.000000e+00,0.000000e+00,0.000000e+00,0.000000e+00,0.000000e+00,0.000000e+00,0.000000e+00,0.000000e+00,0.000000e+00,0.000000e+00,0.000000e+00,0.000000e+00,0.000000e+00,0.000000e+00,4.019705e+04,1.082508e+03,3.463922e-01,3.018903e-03,1.161333e+00,1.136610e-03,0.000000e+00,0.000000e+00,0.000000e+00,0.000000e+00,0.000000e+00,0.000000e+00,0.000000e+00,0.000000e+00,0.000000e+00,0.000000e+00,0.000000e+00,0.000000e+00,0.000000e+00,0.000000e+00,0.000000e+00,0.000000e+00,0.000000e+00,0.000000e+00,0.000000e+00,0.000000e+00,0.000000e+00,7.681409e+04,5.196347e+03,1.041978e+05,1.410114e+00,-2.120372e-02,-3.719966e+01,-1.593708e+00,5.376054e-03,-5.749404e-01,6.208118e-03,-2.250237e-03,4.744088e+01,-7.733279e-01,-1.965501e-03,-2.185184e-03,1.419712e-01,2.126640e-04,7.527962e+00,-6.913056e+01,-2.044898e+00,4.468012e+03,-6.779755e+04,-5.276686e+03,-1.102735e+05,-2.621860e-01,4.025151e+01,-5.897275e-02,-4.534375e+00,1.479828e+03,-2.006273e+02
5.620506e-03,4.019957e+04,4.000677e+04,5.827177e-01,1.378431e-03,1.717453e+01,1.023994e-01,9.918841e-07,1.068216e+04,0.000000e+00,0.000000e+00,1.114480e+04,0.000000e+00,0.000000e+00,0.000000e+00,0.000000e+00,0.000000e+00,0.000000e+00,0.000000e+00,0.000000e+00,0.000000e+00,0.000000e+00,0.000000e+00,0.000000e+00,0.000000e+00,0.000000e+00,0.000000e+00,0.000000e+00,0.000000e+00,0.000000e+00,0.000000e+00,0.000000e+00,0.000000e+00,0.000000e+00,0.000000e+00,0.000000e+00,0.000000e+00,0.000000e+00,0.000000e+00,0.000000e+00,0.000000e+00,0.000000e+00,0.000000e+00,0.000000e+00,0.000000e+00,0.000000e+00,0.000000e+00,0.000000e+00,0.000000e+00,4.019957e+04,1.086117e+03,3.470845e-01,3.071092e-03,1.167568e+00,1.136610e-03,0.000000e+00,0.000000e+00,0.000000e+00,0.000000e+00,0.000000e+00,0.000000e+00,0.000000e+00,0.000000e+00,0.000000e+00,0.000000e+00,0.000000e+00,0.000000e+00,0.000000e+00,0.000000e+00,0.000000e+00,0.000000e+00,0.000000e+00,0.000000e+00,0.000000e+00,0.000000e+00,0.000000e+00,7.658635e+04,6.070218e+03,1.043558e+05,1.411190e+00,-2.110071e-02,-3.719640e+01,-1.593287e+00,5.362450e-03,-5.749715e-01,6.208220e-03,-2.244874e-03,4.744471e+01,-7.726413e-01,-1.959285e-03,-2.185184e-03,1.412816e-01,1.921002e-04,7.572287e+00,-6.980547e+01,-2.092579e+00,4.466919e+03,-6.807339e+04,-6.150682e+03,-1.100937e+05,-2.622945e-01,4.026618e+01,-6.085065e-02,-1.078630e+01,1.476791e+03,-2.073658e+02
5.630423e-03,4.020211e+04,3.999517e+04,5.819719e-01,1.377392e-03,1.717833e+01,1.023994e-01,9.913265e-07,1.068988e+04,0.000000e+00,0.000000e+00,1.114614e+04,0.000000e+00,0.000000e+00,0.000000e+00,0.000000e+00,0.000000e+00,0.000000e+00,0.000000e+00,0.000000e+00,0.000000e+00,0.000000e+00,0.000000e+00,0.000000e+00,0.000000e+00,0.000000e+00,0.000000e+00,0.000000e+00,0.000000e+00,0.000000e+00,0.000000e+00,0.000000e+00,0.000000e+00,0.000000e+00,0.000000e+00,0.000000e+00,0.000000e+00,0.000000e+00,0.000000e+00,0.000000e+00,0.000000e+00,0.000000e+00,0.000000e+00,0.000000e+00,0.000000e+00,0.000000e+00,0.000000e+00,0.000000e+00,0.000000e+00,4.020211e+04,1.089685e+03,3.477780e-01,3.133893e-03,1.173749e+00,1.136610e-03,0.000000e+00,0.000000e+00,0.000000e+00,0.000000e+00,0.000000e+00,0.000000e+00,0.000000e+00,0.000000e+00,0.000000e+00,0.000000e+00,0.000000e+00,0.000000e+00,0.000000e+00,0.000000e+00,0.000000e+00,0.000000e+00,0.000000e+00,0.000000e+00,0.000000e+00,0.000000e+00,0.000000e+00,7.557560e+04,6.110011e+03,1.038088e+05,1.412277e+00,-2.100616e-02,-3.719317e+01,-1.592864e+00,5.373805e-03,-5.750078e-01,6.208326e-03,-2.239354e-03,4.744852e+01,-7.719618e-01,-1.953649e-03,-2.185184e-03,1.405857e-01,1.710393e-04,7.616576e+00,-7.048457e+01,-2.147808e+00,4.465833e+03,-6.798836e+04,-6.189857e+03,-1.089245e+05,-2.624496e-01,4.028072e+01,-6.287977e-02,-1.758636e+01,1.462223e+03,-2.062113e+02
5.640334e-03,4.020467e+04,3.998370e+04,5.812375e-01,1.376136e-03,1.718208e+01,1.023994e-01,9.907644e-07,1.069750e+04,0.000000e+00,0.000000e+00,1.114744e+04,0.000000e+00,0.000000e+00,0.000000e+00,0.000000e+00,0.000000e+00,0.000000e+00,0.000000e+00,0.000000e+00,0.000000e+00,0.000000e+00,0.000000e+00,0.000000e+00,0.000000e+00,0.000000e+00,0.000000e+00,0.000000e+00,0.000000e+00,0.000000e+00,0.000000e+00,0.000000e+00,0.000000e+00,0.000000e+00,0.000000e+00,0.000000e+00,0.000000e+00,0.000000e+00,0.000000e+00,0.000000e+00,0.000000e+00,0.000000e+00,0.000000e+00,0.000000e+00,0.000000e+00,0.000000e+00,0.000000e+00,0.000000e+00,0.000000e+00,4.020467e+04,1.093220e+03,3.484579e-01,3.203113e-03,1.179860e+00,1.136610e-03,0.000000e+00,0.000000e+00,0.000000e+00,0.000000e+00,0.000000e+00,0.000000e+00,0.000000e+00,0.000000e+00,0.000000e+00,0.000000e+00,0.000000e+00,0.000000e+00,0.000000e+00,0.000000e+00,0.000000e+00,0.000000e+00,0.000000e+00,0.000000e+00,0.000000e+00,0.000000e+00,0.000000e+00,7.495579e+04,5.819826e+03,1.037338e+05,1.413355e+00,-2.092235e-02,-3.718998e+01,-1.592439e+00,5.404558e-03,-5.750513e-01,6.208435e-03,-2.233668e-03,4.745226e+01,-7.712936e-01,-1.947767e-03,-2.185188e-03,1.398835e-01,1.494352e-04,7.660830e+00,-7.116023e+01,-2.206792e+00,4.464760e+03,-6.819390e+04,-5.899438e+03,-1.082946e+05,-2.626835e-01,4.029509e+01,-6.495643e-02,-2.349195e+01,1.451507e+03,-2.071638e+02
5.650239e-03,4.020722e+04,3.997231e+04,5.805112e-01,1.374614e-03,1.718578e+01,1.023994e-01,9.901780e-07,1.070505e+04,0.000000e+00,0.000000e+00,1.114872e+04,0.000000e+00,0.000000e+00,0.000000e+00,0.000000e+00,0.000000e+00,0.000000e+00,0.000000e+00,0.000000e+00,0.000000e+00,0.000000e+00,0.000000e+00,0.000000e+00,0.000000e+00,0.000000e+00,0.000000e+00,0.000000e+00,0.000000e+00,0.000000e+00,0.000000e+00,0.000000e+00,0.000000e+00,0.000000e+00,0.000000e+00,0.000000e+00,0.000000e+00,0.000000e+00,0.000000e+00,0.000000e+00,0.000000e+00,0.000000e+00,0.000000e+00,0.000000e+00,0.000000e+00,0.000000e+00,0.000000e+00,0.000000e+00,0.000000e+00,4.020722e+04,1.096703e+03,3.491282e-01,3.271462e-03,1.185904e+00,1.136609e-03,0.000000e+00,0.000000e+00,0.000000e+00,0.000000e+00,0.000000e+00,0.000000e+00,0.000000e+00,0.000000e+00,0.000000e+00,0.000000e+00,0.000000e+00,0.000000e+00,0.000000e+00,0.000000e+00,0.000000e+00,0.000000e+00,0.000000e+00,0.000000e+00,0.000000e+00,0.000000e+00,0.000000e+00,7.405050e+04,6.020845e+03,1.033136e+05,1.414423e+00,-2.085396e-02,-3.718681e+01,-1.592013e+00,5.447533e-03,-5.751035e-01,6.208543e-03,-2.227934e-03,4.745592e+01,-7.706332e-01,-1.941728e-03,-2.185194e-03,1.391750e-01,1.272746e-04,7.705048e+00,-7.183319e+01,-2.264120e+00,4.463697e+03,-6.818545e+04,-6.099934e+03,-1.072705e+05,-2.630541e-01,4.030931e+01,-6.696764e-02,-2.832136e+01,1.429250e+03,-2.148179e+02
5.660138e-03,4.020984e+04,3.996100e+04,5.797942e-01,1.372754e-03,1.718944e+01,1.023994e-01,9.896025e-07,1.071253e+04,0.000000e+00,0.000000e+00,1.114996e+04,0.000000e+00,0.000000e+00,0.000000e+00,0.000000e+00,0.000000e+00,0.000000e+00,0.000000e+00,0.000000e+00,0.000000e+00,0.000000e+00,0.000000e+00,0.000000e+00,0.000000e+00,0.000000e+00,0.000000e+00,0.000000e+00,0.000000e+00,0.000000e+00,0.000000e+00,0.000000e+00,0.000000e+00,0.000000e+00,0.000000e+00,0.000000e+00,0.000000e+00,0.000000e+00,0.000000e+00,0.000000e+00,0.000000e+00,0.000000e+00,0.000000e+00,0.000000e+00,0.000000e+00,0.000000e+00,0.000000e+00,0.000000e+00,0.000000e+00,4.020984e+04,1.100153e+03,3.497957e-01,3.343530e-03,1.191886e+00,1.136610e-03,0.000000e+00,0.000000e+00,0.000000e+00,0.000000e+00,0.000000e+00,0.000000e+00,0.000000e+00,0.000000e+00,0.000000e+00,0.000000e+00,0.000000e+00,0.000000e+00,0.000000e+00,0.000000e+00,0.000000e+00,0.000000e+00,0.000000e+00,0.000000e+00,0.000000e+00,0.000000e+00,0.000000e+00,7.354176e+04,4.956404e+03,1.023206e+05,1.415478e+00,-2.080094e-02,-3.718365e+01,-1.591587e+00,5.497623e-03,-5.751576e-01,6.208654e-03,-2.222098e-03,4.745958e+01,-7.699825e-01,-1.935154e-03,-2.185199e-03,1.384602e-01,1.045552e-04,7.749229e+00,-7.250253e+01,-2.319626e+00,4.462643e+03,-6.749666e+04,-5.035114e+03,-1.064016e+05,-2.634755e-01,4.032339e+01,-6.893941e-02,-5.122480e+01,1.414660e+03,-1.893902e+02
5.670031e-03,4.021246e+04,3.994971e+04,5.790862e-01,1.370868e-03,1.719305e+01,1.023994e-01,9.890097e-07,1.071996e+04,0.000000e+00,0.000000e+00,1.115120e+04,0.000000e+00,0.000000e+00,0.000000e+00,0.000000e+00,0.000000e+00,0.000000e+00,0.000000e+00,0.000000e+00,0.000000e+00,0.000000e+00,0.000000e+00,0.000000e+00,0.000000e+00,0.000000e+00,0.000000e+00,0.000000e+00,0.000000e+00,0.000000e+00,0.000000e+00,0.000000e+00,0.000000e+00,0.000000e+00,0.000000e+00,0.000000e+00,0.000000e+00,0.000000e+00,0.000000e+00,0.000000e+00,0.000000e+00,0.000000e+00,0.000000e+00,0.000000e+00,0.000000e+00,0.000000e+00,0.000000e+00,0.000000e+00,0.000000e+00,4.021246e+04,1.103602e+03,3.504518e-01,3.395150e-03,1.197819e+00,1.136610e-03,0.000000e+00,0.000000e+00,0.000000e+00,0.000000e+00,0.000000e+00,0.000000e+00,0.000000e+00,0.000000e+00,0.000000e+00,0.000000e+00,0.000000e+00,0.000000e+00,0.000000e+00,0.000000e+00,0.000000e+00,0.000000e+00,0.000000e+00,0.000000e+00,0.000000e+00,0.000000e+00,0.000000e+00,7.209752e+04,1.315169e+03,1.015314e+05,1.416530e+00,-2.079048e-02,-3.718048e+01,-1.591164e+00,5.554349e-03,-5.752073e-01,6.208767e-03,-2.216170e-03,4.746320e+01,-7.693405e-01,-1.928453e-03,-2.185204e-03,1.377393e-01,8.133779e-05,7.793375e+00,-7.316928e+01,-2.363994e+00,4.461593e+03,-6.734491e+04,-1.392855e+03,-1.047431e+05,-2.639566e-01,4.033737e+01,-7.075423e-02,-8.036354e+01,1.392365e+03,-1.397247e+02
5.680907e-03,4.021534e+04,3.993738e+04,5.783166e-01,1.368787e-03,1.719698e+01,1.023994e-01,9.883910e-07,1.072805e+04,0.000000e+00,0.000000e+00,1.115256e+04,0.000000e+00,0.000000e+00,0.000000e+00,0.000000e+00,0.000000e+00,0.000000e+00,0.000000e+00,0.000000e+00,0.000000e+00,0.000000e+00,0.000000e+00,0.000000e+00,0.000000e+00,0.000000e+00,0.000000e+00,0.000000e+00,0.000000e+00,0.000000e+00,0.000000e+00,0.000000e+00,0.000000e+00,0.000000e+00,0.000000e+00,0.000000e+00,0.000000e+00,0.000000e+00,0.000000e+00,0.000000e+00,0.000000e+00,0.000000e+00,0.000000e+00,0.000000e+00,0.000000e+00,0.000000e+00,0.000000e+00,0.000000e+00,0.000000e+00,4.021534e+04,1.107360e+03,3.511563e-01,3.445948e-03,1.204280e+00,1.136609e-03,0.000000e+00,0.000000e+00,0.000000e+00,0.000000e+00,0.000000e+00,0.000000e+00,0.000000e+00,0.000000e+00,0.000000e+00,0.000000e+00,0.000000e+00,0.000000e+00,0.000000e+00,0.000000e+00,0.000000e+00,0.000000e+00,0.000000e+00,0.000000e+00,0.000000e+00,0.000000e+00,0.000000e+00,7.260464e+04,4.145074e+03,1.007595e+05,1.417660e+00,-2.077098e-02,-3.717702e+01,-1.590698e+00,5.621568e-03,-5.752730e-01,6.208893e-03,-2.209564e-03,4.746716e+01,-7.686434e-01,-1.920985e-03,-2.185209e-03,1.369392e-01,5.536622e-05,7.841892e+00,-7.389486e+01,-2.410768e+00,4.460450e+03,-6.648578e+04,-4.223191e+03,-1.048947e+05,-2.646315e-01,4.035258e+01,-7.263409e-02,-6.274522e+01,1.393240e+03,-1.678533e+02
5.690788e-03,4.021798e+04,3.992620e+04,5.776266e-01,1.367160e-03,1.720050e+01,1.023994e-01,9.878128e-07,1.073538e+04,0.000000e+00,0.000000e+00,1.115379e+04,0.000000e+00,0.000000e+00,0.000000e+00,0.000000e+00,0.000000e+00,0.000000e+00,0.000000e+00,0.000000e+00,0.000000e+00,0.000000e+00,0.000000e+00,0.000000e+00,0.000000e+00,0.000000e+00,0.000000e+00,0.000000e+00,0.000000e+00,0.000000e+00,0.000000e+00,0.000000e+00,0.000000e+00,0.000000e+00,0.000000e+00,0.000000e+00,0.000000e+00,0.000000e+00,0.000000e+00,0.000000e+00,0.000000e+00,0.000000e+00,0.000000e+00,0.000000e+00,0.000000e+00,0.000000e+00,0.000000e+00,0.000000e+00,0.000000e+00,4.021798e+04,1.110801e+03,3.517980e-01,3.491463e-03,1.210122e+00,1.136610e-03,0.000000e+00,0.000000e+00,0.000000e+00,0.000000e+00,0.000000e+00,0.000000e+00,0.000000e+00,0.000000e+00,0.000000e+00,0.000000e+00,0.000000e+00,0.000000e+00,0.000000e+00,0.000000e+00,0.000000e+00,0.000000e+00,0.000000e+00,0.000000e+00,0.000000e+00,0.000000e+00,0.000000e+00,7.308883e+04,3.741950e+03,1.006592e+05,1.418676e+00,-2.075658e-02,-3.717392e+01,-1.590278e+00,5.677632e-03,-5.753207e-01,6.209011e-03,-2.203437e-03,4.747064e+01,-7.680191e-01,-1.914307e-03,-2.185212e-03,1.362055e-01,3.130946e-05,7.885962e+00,-7.454867e+01,-2.452950e+00,4.459413e+03,-6.625439e+04,-3.820629e+03,-1.052806e+05,-2.652233e-01,4.036636e+01,-7.429114e-02,-5.680848e+01,1.394055e+03,-1.631245e+02
5.700664e-03,4.022062e+04,3.991502e+04,5.769463e-01,1.365805e-03,1.720398e+01,1.023994e-01,9.872884e-07,1.074269e+04,0.000000e+00,0.000000e+00,1.115499e+04,0.000000e+00,0.000000e+00,0.000000e+00,0.000000e+00,0.000000e+00,0.000000e+00,0.000000e+00,0.000000e+00,0.000000e+00,0.000000e+00,0.000000e+00,0.000000e+00,0.000000e+00,0.000000e+00,0.000000e+00,0.000000e+00,0.000000e+00,0.000000e+00,0.000000e+00,0.000000e+00,0.000000e+00,0.000000e+00,0.000000e+00,0.000000e+00,0.000000e+00,0.000000e+00,0.000000e+00,0.000000e+00,0.000000e+00,0.000000e+00,0.000000e+00,0.000000e+00,0.000000e+00,0.000000e+00,0.000000e+00,0.000000e+00,0.000000e+00,4.022062e+04,1.114267e+03,3.524342e-01,3.527983e-03,1.215928e+00,1.136610e-03,0.000000e+00,0.000000e+00,0.000000e+00,0.000000e+00,0.000000e+00,0.000000e+00,0.000000e+00,0.000000e+00,0.000000e+00,0.000000e+00,0.000000e+00,0.000000e+00,0.000000e+00,0.000000e+00,0.000000e+00,0.000000e+00,0.000000e+00,0.000000e+00,0.000000e+00,0.000000e+00,0.000000e+00,7.316253e+04,3.312603e+03,9.993756e+04,1.419680e+00,-2.075173e-02,-3.717083e+01,-1.589863e+00,5.729153e-03,-5.753580e-01,6.209132e-03,-2.197250e-03,4.747411e+01,-7.674047e-01,-1.907718e-03,-2.185212e-03,1.354657e-01,6.876880e-06,7.929996e+00,-7.519827e+01,-2.489647e+00,4.458376e+03,-6.559901e+04,-3.391389e+03,-1.050548e+05,-2.658137e-01,4.038010e+01,-7.583985e-02,-6.314723e+01,1.387066e+03,-1.503973e+02
5.710534e-03,4.022330e+04,3.990387e+04,5.762760e-01,1.363577e-03,1.720740e+01,1.023994e-01,9.867132e-07,1.074998e+04,0.000000e+00,0.000000e+00,1.115619e+04,0.000000e+00,0.000000e+00,0.000000e+00,0.000000e+00,0.000000e+00,0.000000e+00,0.000000e+00,0.000000e+00,0.000000e+00,0.000000e+00,0.000000e+00,0.000000e+00,0.000000e+00,0.000000e+00,0.000000e+00,0.000000e+00,0.000000e+00,0.000000e+00,0.000000e+00,0.000000e+00,0.000000e+00,0.000000e+00,0.000000e+00,0.000000e+00,0.000000e+00,0.000000e+00,0.000000e+00,0.000000e+00,0.000000e+00,0.000000e+00,0.000000e+00,0.000000e+00,0.000000e+00,0.000000e+00,0.000000e+00,0.000000e+00,0.000000e+00,4.022330e+04,1.117745e+03,3.530616e-01,3.568055e-03,1.221691e+00,1.136610e-03,0.000000e+00,0.000000e+00,0.000000e+00,0.000000e+00,0.000000e+00,0.000000e+00,0.000000e+00,0.000000e+00,0.000000e+00,0.000000e+00,0.000000e+00,0.000000e+00,0.000000e+00,0.000000e+00,0.000000e+00,0.000000e+00,0.000000e+00,0.000000e+00,0.000000e+00,0.000000e+00,0.000000e+00,7.338303e+04,2.907621e+03,9.927466e+04,1.420675e+00,-2.075246e-02,-3.716771e+01,-1.589451e+00,5.778485e-03,-5.753871e-01,6.209253e-03,-2.191008e-03,4.747757e+01,-7.668002e-01,-1.900132e-03,-2.185212e-03,1.347200e-01,-1.788674e-05,7.973996e+00,-7.584367e+01,-2.523337e+00,4.457341e+03,-6.494348e+04,-2.986631e+03,-1.049876e+05,-2.663968e-01,4.039379e+01,-7.733250e-02,-6.581166e+01,1.384008e+03,-1.401329e+02
5.720399e-03,4.022598e+04,3.989276e+04,5.756150e-01,1.360428e-03,1.721078e+01,1.023994e-01,9.861503e-07,1.075724e+04,0.000000e+00,0.000000e+00,1.115738e+04,0.000000e+00,0.000000e+00,0.000000e+00,0.000000e+00,0.000000e+00,0.000000e+00,0.000000e+00,0.000000e+00,0.000000e+00,0.000000e+00,0.000000e+00,0.000000e+00,0.000000e+00,0.000000e+00,0.000000e+00,0.000000e+00,0.000000e+00,0.000000e+00,0.000000e+00,0.000000e+00,0.000000e+00,0.000000e+00,0.000000e+00,0.000000e+00,0.000000e+00,0.000000e+00,0.000000e+00,0.000000e+00,0.000000e+00,0.000000e+00,0.000000e+00,0.000000e+00,0.000000e+00,0.000000e+00,0.000000e+00,0.000000e+00,0.000000e+00,4.022598e+04,1.121247e+03,3.536902e-01,3.596795e-03,1.227410e+00,1.136610e-03,0.000000e+00,0.000000e+00,0.000000e+00,0.000000e+00,0.000000e+00,0.000000e+00,0.000000e+00,0.000000e+00,0.000000e+00,0.000000e+00,0.000000e+00,0.000000e+00,0.000000e+00,0.000000e+00,0.000000e+00,0.000000e+00,0.000000e+00,0.000000e+00,0.000000e+00,0.000000e+00,0.000000e+00,7.298677e+04,2.799858e+03,9.863136e+04,1.421658e+00,-2.076058e-02,-3.716465e+01,-1.589042e+00,5.826619e-03,-5.754089e-01,6.209376e-03,-2.184714e-03,4.748096e+01,-7.662050e-01,-1.891476e-03,-2.185208e-03,1.339683e-01,-4.294508e-05,8.017961e+00,-7.648406e+01,-2.553451e+00,4.456309e+03,-6.453482e+04,-2.878645e+03,-1.043553e+05,-2.670046e-01,4.040743e+01,-7.874856e-02,-5.950307e+01,1.380931e+03,-1.400468e+02
5.730258e-03,4.022866e+04,3.988167e+04,5.749646e-01,1.356178e-03,1.721411e+01,1.023994e-01,9.856032e-07,1.076450e+04,0.000000e+00,0.000000e+00,1.115856e+04,0.000000e+00,0.000000e+00,0.000000e+00,0.000000e+00,0.000000e+00,0.000000e+00,0.000000e+00,0.000000e+00,0.000000e+00,0.000000e+00,0.000000e+00,0.000000e+00,0.000000e+00,0.000000e+00,0.000000e+00,0.000000e+00,0.000000e+00,0.000000e+00,0.000000e+00,0.000000e+00,0.000000e+00,0.000000e+00,0.000000e+00,0.000000e+00,0.000000e+00,0.000000e+00,0.000000e+00,0.000000e+00,0.000000e+00,0.000000e+00,0.000000e+00,0.000000e+00,0.000000e+00,0.000000e+00,0.000000e+00,0.000000e+00,0.000000e+00,4.022866e+04,1.124767e+03,3.543067e-01,3.625237e-03,1.233080e+00,1.136610e-03,0.000000e+00,0.000000e+00,0.000000e+00,0.000000e+00,0.000000e+00,0.000000e+00,0.000000e+00,0.000000e+00,0.000000e+00,0.000000e+00,0.000000e+00,0.000000e+00,0.000000e+00,0.000000e+00,0.000000e+00,0.000000e+00,0.000000e+00,0.000000e+00,0.000000e+00,0.000000e+00,0.000000e+00,7.323090e+04,2.825543e+03,9.829844e+04,1.422626e+00,-2.077419e-02,-3.716160e+01,-1.588635e+00,5.874529e-03,-5.754243e-01,6.209501e-03,-2.178336e-03,4.748428e+01,-7.656198e-01,-1.881618e-03,-2.185205e-03,1.332108e-01,-6.827232e-05,8.061890e+00,-7.711938e+01,-2.581182e+00,4.455276e+03,-6.417673e+04,-2.904654e+03,-1.044330e+05,-2.676077e-01,4.042104e+01,-8.011687e-02,-5.917321e+01,1.377826e+03,-1.401698e+02
5.740112e-03,4.023129e+04,3.987062e+04,5.743228e-01,1.350724e-03,1.721739e+01,1.023994e-01,9.850316e-07,1.077173e+04,0.000000e+00,0.000000e+00,1.115974e+04,0.000000e+00,0.000000e+00,0.000000e+00,0.000000e+00,0.000000e+00,0.000000e+00,0.000000e+00,0.000000e+00,0.000000e+00,0.000000e+00,0.000000e+00,0.000000e+00,0.000000e+00,0.000000e+00,0.000000e+00,0.000000e+00,0.000000e+00,0.000000e+00,0.000000e+00,0.000000e+00,0.000000e+00,0.000000e+00,0.000000e+00,0.000000e+00,0.000000e+00,0.000000e+00,0.000000e+00,0.000000e+00,0.000000e+00,0.000000e+00,0.000000e+00,0.000000e+00,0.000000e+00,0.000000e+00,0.000000e+00,0.000000e+00,0.000000e+00,4.023129e+04,1.128295e+03,3.549159e-01,3.651344e-03,1.238706e+00,1.136610e-03,0.000000e+00,0.000000e+00,0.000000e+00,0.000000e+00,0.000000e+00,0.000000e+00,0.000000e+00,0.000000e+00,0.000000e+00,0.000000e+00,0.000000e+00,0.000000e+00,0.000000e+00,0.000000e+00,0.000000e+00,0.000000e+00,0.000000e+00,0.000000e+00,0.000000e+00,0.000000e+00,0.000000e+00,7.353980e+04,2.527113e+03,9.796283e+04,1.423581e+00,-2.079302e-02,-3.715854e+01,-1.588231e+00,5.922519e-03,-5.754324e-01,6.209627e-03,-2.171848e-03,4.748760e+01,-7.650431e-01,-1.870598e-03,-2.185205e-03,1.324475e-01,-9.384866e-05,8.105784e+00,-7.774950e+01,-2.607217e+00,4.454246e+03,-6.379222e+04,-2.606598e+03,-1.045704e+05,-2.681895e-01,4.043461e+01,-8.145420e-02,-5.869326e+01,1.374753e+03,-1.363711e+02
5.750944e-03,4.023420e+04,3.985850e+04,5.736282e-01,1.343689e-03,1.722094e+01,1.023994e-01,9.843927e-07,1.077964e+04,0.000000e+00,0.000000e+00,1.116102e+04,0.000000e+00,0.000000e+00,0.000000e+00,0.000000e+00,0.000000e+00,0.000000e+00,0.000000e+00,0.000000e+00,0.000000e+00,0.000000e+00,0.000000e+00,0.000000e+00,0.000000e+00,0.000000e+00,0.000000e+00,0.000000e+00,0.000000e+00,0.000000e+00,0.000000e+00,0.000000e+00,0.000000e+00,0.000000e+00,0.000000e+00,0.000000e+00,0.000000e+00,0.000000e+00,0.000000e+00,0.000000e+00,0.000000e+00,0.000000e+00,0.000000e+00,0.000000e+00,0.000000e+00,0.000000e+00,0.000000e+00,0.000000e+00,0.000000e+00,4.023420e+04,1.132220e+03,3.555836e-01,3.680675e-03,1.244859e+00,1.136610e-03,0.000000e+00,0.000000e+00,0.000000e+00,0.000000e+00,0.000000e+00,0.000000e+00,0.000000e+00,0.000000e+00,0.000000e+00,0.000000e+00,0.000000e+00,0.000000e+00,0.000000e+00,0.000000e+00,0.000000e+00,0.000000e+00,0.000000e+00,0.000000e+00,0.000000e+00,0.000000e+00,0.000000e+00,7.366397e+04,2.415827e+03,9.740780e+04,1.424618e+00,-2.081739e-02,-3.715517e+01,-1.587791e+00,5.974771e-03,-5.754329e-01,6.209768e-03,-2.164713e-03,4.749112e+01,-7.644194e-01,-1.857502e-03,-2.185205e-03,1.316012e-01,-1.222520e-04,8.154027e+00,-7.843709e+01,-2.634101e+00,4.453114e+03,-6.327641e+04,-2.495520e+03,-1.044527e+05,-2.688231e-01,4.044947e+01,-8.290149e-02,-5.534032e+01,1.371762e+03,-1.347709e+02
5.760785e-03,4.023682e+04,3.984754e+04,5.730054e-01,1.337183e-03,1.722412e+01,1.023994e-01,9.837852e-07,1.078683e+04,0.000000e+00,0.000000e+00,1.116220e+04,0.000000e+00,0.000000e+00,0.000000e+00,0.000000e+00,0.000000e+00,0.000000e+00,0.000000e+00,0.000000e+00,0.000000e+00,0.000000e+00,0.000000e+00,0.000000e+00,0.000000e+00,0.000000e+00,0.000000e+00,0.000000e+00,0.000000e+00,0.000000e+00,0.000000e+00,0.000000e+00,0.000000e+00,0.000000e+00,0.000000e+00,0.000000e+00,0.000000e+00,0.000000e+00,0.000000e+00,0.000000e+00,0.000000e+00,0.000000e+00,0.000000e+00,0.000000e+00,0.000000e+00,0.000000e+00,0.000000e+00,0.000000e+00,0.000000e+00,4.023682e+04,1.135814e+03,3.561845e-01,3.708793e-03,1.250410e+00,1.136610e-03,0.000000e+00,0.000000e+00,0.000000e+00,0.000000e+00,0.000000e+00,0.000000e+00,0.000000e+00,0.000000e+00,0.000000e+00,0.000000e+00,0.000000e+00,0.000000e+00,0.000000e+00,0.000000e+00,0.000000e+00,0.000000e+00,0.000000e+00,0.000000e+00,0.000000e+00,0.000000e+00,0.000000e+00,7.376727e+04,2.189651e+03,9.674320e+04,1.425547e+00,-2.084059e-02,-3.715211e+01,-1.587395e+00,6.022217e-03,-5.754251e-01,6.209898e-03,-2.158138e-03,4.749429e+01,-7.638611e-01,-1.845438e-03,-2.185205e-03,1.308260e-01,-1.483061e-04,8.197845e+00,-7.905689e+01,-2.658247e+00,4.452085e+03,-6.266221e+04,-2.269482e+03,-1.042782e+05,-2.693701e-01,4.046294e+01,-8.422031e-02,-5.455699e+01,1.364864e+03,-1.308338e+02
5.770620e-03,4.023938e+04,3.983663e+04,5.723922e-01,1.330388e-03,1.722725e+01,1.023994e-01,9.831975e-07,1.079398e+04,0.000000e+00,0.000000e+00,1.116338e+04,0.000000e+00,0.000000e+00,0.000000e+00,0.000000e+00,0.000000e+00,0.000000e+00,0.000000e+00,0.000000e+00,0.000000e+00,0.000000e+00,0.000000e+00,0.000000e+00,0.000000e+00,0.000000e+00,0.000000e+00,0.000000e+00,0.000000e+00,0.000000e+00,0.000000e+00,0.000000e+00,0.000000e+00,0.000000e+00,0.000000e+00,0.000000e+00,0.000000e+00,0.000000e+00,0.000000e+00,0.000000e+00,0.000000e+00,0.000000e+00,0.000000e+00,0.000000e+00,0.000000e+00,0.000000e+00,0.000000e+00,0.000000e+00,0.000000e+00,4.023938e+04,1.139433e+03,3.567800e-01,3.729607e-03,1.255917e+00,1.136609e-03,0.000000e+00,0.000000e+00,0.000000e+00,0.000000e+00,0.000000e+00,0.000000e+00,0.000000e+00,0.000000e+00,0.000000e+00,0.000000e+00,0.000000e+00,0.000000e+00,0.000000e+00,0.000000e+00,0.000000e+00,0.000000e+00,0.000000e+00,0.000000e+00,0.000000e+00,0.000000e+00,0.000000e+00,7.359809e+04,2.396814e+03,9.604873e+04,1.426466e+00,-2.086533e-02,-3.714906e+01,-1.587003e+00,6.069376e-03,-5.754091e-01,6.210029e-03,-2.151633e-03,4.749743e+01,-7.633116e-01,-1.833162e-03,-2.185204e-03,1.300451e-01,-1.745732e-04,8.241626e+00,-7.967184e+01,-2.681311e+00,4.451059e+03,-6.212066e+04,-2.476568e+03,-1.038396e+05,-2.699024e-01,4.047636e+01,-8.552711e-02,-5.037643e+01,1.361801e+03,-1.357997e+02
5.780450e-03,4.024192e+04,3.982580e+04,5.717883e-01,1.324125e-03,1.723034e+01,1.023994e-01,9.826158e-07,1.080111e+04,0.000000e+00,0.000000e+00,1.116457e+04,0.000000e+00,0.000000e+00,0.000000e+00,0.000000e+00,0.000000e+00,0.000000e+00,0.000000e+00,0.000000e+00,0.000000e+00,0.000000e+00,0.000000e+00,0.000000e+00,0.000000e+00,0.000000e+00,0.000000e+00,0.000000e+00,0.000000e+00,0.000000e+00,0.000000e+00,0.000000e+00,0.000000e+00,0.000000e+00,0.000000e+00,0.000000e+00,0.000000e+00,0.000000e+00,0.000000e+00,0.000000e+00,0.000000e+00,0.000000e+00,0.000000e+00,0.000000e+00,0.000000e+00,0.000000e+00,0.000000e+00,0.000000e+00,0.000000e+00,4.024192e+04,1.143094e+03,3.573730e-01,3.749649e-03,1.261386e+00,1.136610e-03,0.000000e+00,0.000000e+00,0.000000e+00,0.000000e+00,0.000000e+00,0.000000e+00,0.000000e+00,0.000000e+00,0.000000e+00,0.000000e+00,0.000000e+00,0.000000e+00,0.000000e+00,0.000000e+00,0.000000e+00,0.000000e+00,0.000000e+00,0.000000e+00,0.000000e+00,0.000000e+00,0.000000e+00,7.440206e+04,2.340094e+03,9.602175e+04,1.427375e+00,-2.089202e-02,-3.714600e+01,-1.586617e+00,6.116619e-03,-5.753849e-01,6.210160e-03,-2.145154e-03,4.750048e+01,-7.627705e-01,-1.821345e-03,-2.185202e-03,1.292587e-01,-2.010535e-04,8.285371e+00,-8.028188e+01,-2.703983e+00,4.450035e+03,-6.184058e+04,-2.420681e+03,-1.045524e+05,-2.703975e-01,4.048972e+01,-8.684159e-02,-4.901151e+01,1.358735e+03,-1.360251e+02
5.790273e-03,4.024443e+04,3.981500e+04,5.711926e-01,1.318516e-03,1.723339e+01,1.023994e-01,9.820747e-07,1.080823e+04,0.000000e+00,0.000000e+00,1.116574e+04,0.000000e+00,0.000000e+00,0.000000e+00,0.000000e+00,0.000000e+00,0.000000e+00,0.000000e+00,0.000000e+00,0.000000e+00,0.000000e+00,0.000000e+00,0.000000e+00,0.000000e+00,0.000000e+00,0.000000e+00,0.000000e+00,0.000000e+00,0.000000e+00,0.000000e+00,0.000000e+00,0.000000e+00,0.000000e+00,0.000000e+00,0.000000e+00,0.000000e+00,0.000000e+00,0.000000e+00,0.000000e+00,0.000000e+00,0.000000e+00,0.000000e+00,0.000000e+00,0.000000e+00,0.000000e+00,0.000000e+00,0.000000e+00,0.000000e+00,4.024443e+04,1.146770e+03,3.579619e-01,3.773212e-03,1.266813e+00,1.136610e-03,0.000000e+00,0.000000e+00,0.000000e+00,0.000000e+00,0.000000e+00,0.000000e+00,0.000000e+00,0.000000e+00,0.000000e+00,0.000000e+00,0.000000e+00,0.000000e+00,0.000000e+00,0.000000e+00,0.000000e+00,0.000000e+00,0.000000e+00,0.000000e+00,0.000000e+00,0.000000e+00,0.000000e+00,7.453816e+04,2.271331e+03,9.556261e+04,1.428273e+00,-2.091936e-02,-3.714299e+01,-1.586236e+00,6.163839e-03,-5.753519e-01,6.210292e-03,-2.138726e-03,4.750353e+01,-7.622374e-01,-1.810097e-03,-2.185197e-03,1.284668e-01,-2.277402e-04,8.329081e+00,-8.088702e+01,-2.726483e+00,4.449011e+03,-6.140517e+04,-2.352132e+03,-1.044853e+05,-2.708648e-01,4.050305e+01,-8.816669e-02,-4.354576e+01,1.355593e+03,-1.378898e+02
5.800091e-03,4.024694e+04,3.980426e+04,5.706066e-01,1.312838e-03,1.723639e+01,1.023994e-01,9.814959e-07,1.081533e+04,0.000000e+00,0.000000e+00,1.116692e+04,0.000000e+00,0.000000e+00,0.000000e+00,0.000000e+00,0.000000e+00,0.000000e+00,0.000000e+00,0.000000e+00,0.000000e+00,0.000000e+00,0.000000e+00,0.000000e+00,0.000000e+00,0.000000e+00,0.000000e+00,0.000000e+00,0.000000e+00,0.000000e+00,0.000000e+00,0.000000e+00,0.000000e+00,0.000000e+00,0.000000e+00,0.000000e+00,0.000000e+00,0.000000e+00,0.000000e+00,0.000000e+00,0.000000e+00,0.000000e+00,0.000000e+00,0.000000e+00,0.000000e+00,0.000000e+00,0.000000e+00,0.000000e+00,0.000000e+00,4.024694e+04,1.150469e+03,3.585448e-01,3.790637e-03,1.272200e+00,1.136610e-03,0.000000e+00,0.000000e+00,0.000000e+00,0.000000e+00,0.000000e+00,0.000000e+00,0.000000e+00,0.000000e+00,0.000000e+00,0.000000e+00,0.000000e+00,0.000000e+00,0.000000e+00,0.000000e+00,0.000000e+00,0.000000e+00,0.000000e+00,0.000000e+00,0.000000e+00,0.000000e+00,0.000000e+00,7.477746e+04,2.317875e+03,9.510605e+04,1.429163e+00,-2.094583e-02,-3.713998e+01,-1.585861e+00,6.210871e-03,-5.753104e-01,6.210423e-03,-2.132430e-03,4.750656e+01,-7.617131e-01,-1.798834e-03,-2.185193e-03,1.276693e-01,-2.546339e-04,8.372757e+00,-8.148769e+01,-2.749166e+00,4.447987e+03,-6.093415e+04,-2.398976e+03,-1.045154e+05,-2.712996e-01,4.051635e+01,-8.950903e-02,-3.965443e+01,1.352502e+03,-1.406882e+02
5.810884e-03,4.024964e+04,3.979247e+04,5.699660e-01,1.307700e-03,1.723967e+01,1.023994e-01,9.808402e-07,1.082311e+04,0.000000e+00,0.000000e+00,1.116822e+04,0.000000e+00,0.000000e+00,0.000000e+00,0.000000e+00,0.000000e+00,0.000000e+00,0.000000e+00,0.000000e+00,0.000000e+00,0.000000e+00,0.000000e+00,0.000000e+00,0.000000e+00,0.000000e+00,0.000000e+00,0.000000e+00,0.000000e+00,0.000000e+00,0.000000e+00,0.000000e+00,0.000000e+00,0.000000e+00,0.000000e+00,0.000000e+00,0.000000e+00,0.000000e+00,0.000000e+00,0.000000e+00,0.000000e+00,0.000000e+00,0.000000e+00,0.000000e+00,0.000000e+00,0.000000e+00,0.000000e+00,0.000000e+00,0.000000e+00,4.024964e+04,1.154565e+03,3.591806e-01,3.814313e-03,1.278097e+00,1.136610e-03,0.000000e+00,0.000000e+00,0.000000e+00,0.000000e+00,0.000000e+00,0.000000e+00,0.000000e+00,0.000000e+00,0.000000e+00,0.000000e+00,0.000000e+00,0.000000e+00,0.000000e+00,0.000000e+00,0.000000e+00,0.000000e+00,0.000000e+00,0.000000e+00,0.000000e+00,0.000000e+00,0.000000e+00,7.510809e+04,2.446593e+03,9.460820e+04,1.430133e+00,-2.097259e-02,-3.713670e+01,-1.585458e+00,6.263176e-03,-5.752549e-01,6.210570e-03,-2.125579e-03,4.750984e+01,-7.611394e-01,-1.787605e-03,-2.185186e-03,1.267860e-01,-2.844598e-04,8.420758e+00,-8.214291e+01,-2.775242e+00,4.446862e+03,-6.039536e+04,-2.528070e+03,-1.046133e+05,-2.717195e-01,4.053093e+01,-9.103164e-02,-3.582219e+01,1.349515e+03,-1.446180e+02
5.820690e-03,4.025213e+04,3.978180e+04,5.693933e-01,1.302631e-03,1.724260e+01,1.023994e-01,9.802408e-07,1.083017e+04,0.000000e+00,0.000000e+00,1.116939e+04,0.000000e+00,0.000000e+00,0.000000e+00,0.000000e+00,0.000000e+00,0.000000e+00,0.000000e+00,0.000000e+00,0.000000e+00,0.000000e+00,0.000000e+00,0.000000e+00,0.000000e+00,0.000000e+00,0.000000e+00,0.000000e+00,0.000000e+00,0.000000e+00,0.000000e+00,0.000000e+00,0.000000e+00,0.000000e+00,0.000000e+00,0.000000e+00,0.000000e+00,0.000000e+00,0.000000e+00,0.000000e+00,0.000000e+00,0.000000e+00,0.000000e+00,0.000000e+00,0.000000e+00,0.000000e+00,0.000000e+00,0.000000e+00,0.000000e+00,4.025213e+04,1.158290e+03,3.597583e-01,3.828830e-03,1.283417e+00,1.136610e-03,0.000000e+00,0.000000e+00,0.000000e+00,0.000000e+00,0.000000e+00,0.000000e+00,0.000000e+00,0.000000e+00,0.000000e+00,0.000000e+00,0.000000e+00,0.000000e+00,0.000000e+00,0.000000e+00,0.000000e+00,0.000000e+00,0.000000e+00,0.000000e+00,0.000000e+00,0.000000e+00,0.000000e+00,7.497230e+04,2.505406e+03,9.402793e+04,1.431005e+00,-2.099714e-02,-3.713372e+01,-1.585097e+00,6.311312e-03,-5.751962e-01,6.210704e-03,-2.119413e-03,4.751275e+01,-7.606273e-01,-1.776860e-03,-2.185179e-03,1.259773e-01,-3.118033e-04,8.464357e+00,-8.273331e+01,-2.799222e+00,4.445840e+03,-5.994702e+04,-2.586861e+03,-1.042499e+05,-2.720522e-01,4.054413e+01,-9.244304e-02,-3.134457e+01,1.346448e+03,-1.469790e+02
5.830490e-03,4.025459e+04,3.977113e+04,5.688225e-01,1.296694e-03,1.724551e+01,1.023994e-01,9.796362e-07,1.083721e+04,0.000000e+00,0.000000e+00,1.117055e+04,0.000000e+00,0.000000e+00,0.000000e+00,0.000000e+00,0.000000e+00,0.000000e+00,0.000000e+00,0.000000e+00,0.000000e+00,0.000000e+00,0.000000e+00,0.000000e+00,0.000000e+00,0.000000e+00,0.000000e+00,0.000000e+00,0.000000e+00,0.000000e+00,0.000000e+00,0.000000e+00,0.000000e+00,0.000000e+00,0.000000e+00,0.000000e+00,0.000000e+00,0.000000e+00,0.000000e+00,0.000000e+00,0.000000e+00,0.000000e+00,0.000000e+00,0.000000e+00,0.000000e+00,0.000000e+00,0.000000e+00,0.000000e+00,0.000000e+00,4.025459e+04,1.162033e+03,3.603270e-01,3.834274e-03,1.288708e+00,1.136610e-03,0.000000e+00,0.000000e+00,0.000000e+00,0.000000e+00,0.000000e+00,0.000000e+00,0.000000e+00,0.000000e+00,0.000000e+00,0.000000e+00,0.000000e+00,0.000000e+00,0.000000e+00,0.000000e+00,0.000000e+00,0.000000e+00,0.000000e+00,0.000000e+00,0.000000e+00,0.000000e+00,0.000000e+00,7.515923e+04,2.574234e+03,9.357389e+04,1.431868e+00,-2.102191e-02,-3.713073e+01,-1.584742e+00,6.359772e-03,-5.751306e-01,6.210843e-03,-2.113180e-03,4.751567e+01,-7.601148e-01,-1.765356e-03,-2.185173e-03,1.251634e-01,-3.393652e-04,8.507919e+00,-8.331934e+01,-2.823373e+00,4.444818e+03,-5.949749e+04,-2.655944e+03,-1.042334e+05,-2.723483e-01,4.055731e+01,-9.387882e-02,-2.500605e+01,1.343391e+03,-1.515726e+02
5.840283e-03,4.025705e+04,3.976048e+04,5.682558e-01,1.289247e-03,1.724841e+01,1.023994e-01,9.790398e-07,1.084424e+04,0.000000e+00,0.000000e+00,1.117169e+04,0.000000e+00,0.000000e+00,0.000000e+00,0.000000e+00,0.000000e+00,0.000000e+00,0.000000e+00,0.000000e+00,0.000000e+00,0.000000e+00,0.000000e+00,0.000000e+00,0.000000e+00,0.000000e+00,0.000000e+00,0.000000e+00,0.000000e+00,0.000000e+00,0.000000e+00,0.000000e+00,0.000000e+00,0.000000e+00,0.000000e+00,0.000000e+00,0.000000e+00,0.000000e+00,0.000000e+00,0.000000e+00,0.000000e+00,0.000000e+00,0.000000e+00,0.000000e+00,0.000000e+00,0.000000e+00,0.000000e+00,0.000000e+00,0.000000e+00,4.025705e+04,1.165785e+03,3.608886e-01,3.844099e-03,1.293988e+00,1.136610e-03,0.000000e+00,0.000000e+00,0.000000e+00,0.000000e+00,0.000000e+00,0.000000e+00,0.000000e+00,0.000000e+00,0.000000e+00,0.000000e+00,0.000000e+00,0.000000e+00,0.000000e+00,0.000000e+00,0.000000e+00,0.000000e+00,0.000000e+00,0.000000e+00,0.000000e+00,0.000000e+00,0.000000e+00,7.541720e+04,2.590320e+03,9.327116e+04,1.432722e+00,-2.104631e-02,-3.712775e+01,-1.584393e+00,6.408794e-03,-5.750589e-01,6.210994e-03,-2.106651e-03,4.751855e+01,-7.596067e-01,-1.752212e-03,-2.185168e-03,1.243443e-01,-3.671497e-04,8.551444e+00,-8.390038e+01,-2.848032e+00,4.443796e+03,-5.916271e+04,-2.672375e+03,-1.043389e+05,-2.726050e-01,4.057045e+01,-9.534399e-02,-2.352965e+01,1.344204e+03,-1.541679e+02
5.850071e-03,4.025952e+04,3.974985e+04,5.676947e-01,1.282455e-03,1.725127e+01,1.023994e-01,9.784628e-07,1.085125e+04,0.000000e+00,0.000000e+00,1.117284e+04,0.000000e+00,0.000000e+00,0.000000e+00,0.000000e+00,0.000000e+00,0.000000e+00,0.000000e+00,0.000000e+00,0.000000e+00,0.000000e+00,0.000000e+00,0.000000e+00,0.000000e+00,0.000000e+00,0.000000e+00,0.000000e+00,0.000000e+00,0.000000e+00,0.000000e+00,0.000000e+00,0.000000e+00,0.000000e+00,0.000000e+00,0.000000e+00,0.000000e+00,0.000000e+00,0.000000e+00,0.000000e+00,0.000000e+00,0.000000e+00,0.000000e+00,0.000000e+00,0.000000e+00,0.000000e+00,0.000000e+00,0.000000e+00,0.000000e+00,4.025952e+04,1.169542e+03,3.614450e-01,3.857487e-03,1.299237e+00,1.136610e-03,0.000000e+00,0.000000e+00,0.000000e+00,0.000000e+00,0.000000e+00,0.000000e+00,0.000000e+00,0.000000e+00,0.000000e+00,0.000000e+00,0.000000e+00,0.000000e+00,0.000000e+00,0.000000e+00,0.000000e+00,0.000000e+00,0.000000e+00,0.000000e+00,0.000000e+00,0.000000e+00,0.000000e+00,7.544143e+04,2.738454e+03,9.272945e+04,1.433566e+00,-2.106958e-02,-3.712481e+01,-1.584049e+00,6.459003e-03,-5.749819e-01,6.211163e-03,-2.099823e-03,4.752140e+01,-7.591009e-01,-1.739487e-03,-2.185165e-03,1.235200e-01,-3.951607e-04,8.594934e+00,-8.447698e+01,-2.873581e+00,4.442775e+03,-5.869115e+04,-2.820620e+03,-1.041396e+05,-2.728233e-01,4.058355e+01,-9.684926e-02,-1.784801e+01,1.337200e+03,-1.597260e+02
5.860831e-03,4.026226e+04,3.973819e+04,5.670813e-01,1.273551e-03,1.725440e+01,1.023994e-01,9.778313e-07,1.085893e+04,0.000000e+00,0.000000e+00,1.117406e+04,0.000000e+00,0.000000e+00,0.000000e+00,0.000000e+00,0.000000e+00,0.000000e+00,0.000000e+00,0.000000e+00,0.000000e+00,0.000000e+00,0.000000e+00,0.000000e+00,0.000000e+00,0.000000e+00,0.000000e+00,0.000000e+00,0.000000e+00,0.000000e+00,0.000000e+00,0.000000e+00,0.000000e+00,0.000000e+00,0.000000e+00,0.000000e+00,0.000000e+00,0.000000e+00,0.000000e+00,0.000000e+00,0.000000e+00,0.000000e+00,0.000000e+00,0.000000e+00,0.000000e+00,0.000000e+00,0.000000e+00,0.000000e+00,0.000000e+00,4.026226e+04,1.173696e+03,3.620446e-01,3.874555e-03,1.304992e+00,1.136610e-03,0.000000e+00,0.000000e+00,0.000000e+00,0.000000e+00,0.000000e+00,0.000000e+00,0.000000e+00,0.000000e+00,0.000000e+00,0.000000e+00,0.000000e+00,0.000000e+00,0.000000e+00,0.000000e+00,0.000000e+00,0.000000e+00,0.000000e+00,0.000000e+00,0.000000e+00,0.000000e+00,0.000000e+00,7.557778e+04,2.720427e+03,9.215810e+04,1.434483e+00,-2.109475e-02,-3.712161e+01,-1.583676e+00,6.515767e-03,-5.748911e-01,6.211374e-03,-2.091730e-03,4.752452e+01,-7.585475e-01,-1.723618e-03,-2.185163e-03,1.226073e-01,-4.262483e-04,8.642731e+00,-8.510577e+01,-2.902712e+00,4.441654e+03,-5.815498e+04,-2.802805e+03,-1.040320e+05,-2.730366e-01,4.059792e+01,-9.854070e-02,-1.627491e+01,1.334177e+03,-1.609814e+02
5.870607e-03,4.026475e+04,3.972765e+04,5.665318e-01,1.265327e-03,1.725721e+01,1.023994e-01,9.774000e-07,1.086590e+04,0.000000e+00,0.000000e+00,1.117517e+04,0.000000e+00,0.000000e+00,0.000000e+00,0.000000e+00,0.000000e+00,0.000000e+00,0.000000e+00,0.000000e+00,0.000000e+00,0.000000e+00,0.000000e+00,0.000000e+00,0.000000e+00,0.000000e+00,0.000000e+00,0.000000e+00,0.000000e+00,0.000000e+00,0.000000e+00,0.000000e+00,0.000000e+00,0.000000e+00,0.000000e+00,0.000000e+00,0.000000e+00,0.000000e+00,0.000000e+00,0.000000e+00,0.000000e+00,0.000000e+00,0.000000e+00,0.000000e+00,0.000000e+00,0.000000e+00,0.000000e+00,0.000000e+00,0.000000e+00,4.026475e+04,1.177473e+03,3.625836e-01,3.891725e-03,1.310189e+00,1.136610e-03,0.000000e+00,0.000000e+00,0.000000e+00,0.000000e+00,0.000000e+00,0.000000e+00,0.000000e+00,0.000000e+00,0.000000e+00,0.000000e+00,0.000000e+00,0.000000e+00,0.000000e+00,0.000000e+00,0.000000e+00,0.000000e+00,0.000000e+00,0.000000e+00,0.000000e+00,0.000000e+00,0.000000e+00,7.664236e+04,3.934301e+03,9.205672e+04,1.435303e+00,-2.111130e-02,-3.711870e+01,-1.583342e+00,6.570124e-03,-5.748035e-01,6.211587e-03,-2.083927e-03,4.752734e+01,-7.580483e-01,-1.708620e-03,-2.185164e-03,1.217723e-01,-4.547747e-04,8.686146e+00,-8.567141e+01,-2.931377e+00,4.440640e+03,-5.771323e+04,-4.017717e+03,-1.049620e+05,-2.731886e-01,4.061094e+01,-1.001346e-01,3.902903e+00,1.342599e+03,-1.826894e+02
5.880381e-03,4.026720e+04,3.971709e+04,5.659846e-01,1.255924e-03,1.726000e+01,1.023994e-01,9.774000e-07,1.087289e+04,0.000000e+00,0.000000e+00,1.117625e+04,0.000000e+00,0.000000e+00,0.000000e+00,0.000000e+00,0.000000e+00,0.000000e+00,0.000000e+00,0.000000e+00,0.000000e+00,0.000000e+00,0.000000e+00,0.000000e+00,0.000000e+00,0.000000e+00,0.000000e+00,0.000000e+00,0.000000e+00,0.000000e+00,0.000000e+00,0.000000e+00,0.000000e+00,0.000000e+00,0.000000e+00,0.000000e+00,0.000000e+00,0.000000e+00,0.000000e+00,0.000000e+00,0.000000e+00,0.000000e+00,0.000000e+00,0.000000e+00,0.000000e+00,0.000000e+00,0.000000e+00,0.000000e+00,0.000000e+00,4.026720e+04,1.181298e+03,3.631109e-01,3.931037e-03,1.315380e+00,1.136610e-03,0.000000e+00,0.000000e+00,0.000000e+00,0.000000e+00,0.000000e+00,0.000000e+00,0.000000e+00,0.000000e+00,0.000000e+00,0.000000e+00,0.000000e+00,0.000000e+00,0.000000e+00,0.000000e+00,0.000000e+00,0.000000e+00,0.000000e+00,0.000000e+00,0.000000e+00,0.000000e+00,0.000000e+00,7.622084e+04,3.401159e+03,9.101532e+04,1.436104e+00,-2.111021e-02,-3.711574e+01,-1.583009e+00,6.629849e-03,-5.747125e-01,6.211818e-03,-2.075471e-03,4.753014e+01,-7.575500e-01,-1.691909e-03,-2.185171e-03,1.209319e-01,-4.836467e-04,8.729543e+00,-8.623179e+01,-2.969820e+00,4.439617e+03,-5.693900e+04,-3.484203e+03,-1.041671e+05,-2.731568e-01,4.062400e+01,-1.019017e-01,-6.098286e+00,1.330890e+03,-1.745329e+02
5.890155e-03,4.026969e+04,3.970661e+04,5.654476e-01,1.247012e-03,1.726275e+01,1.023994e-01,9.774000e-07,1.087982e+04,0.000000e+00,0.000000e+00,1.117733e+04,0.000000e+00,0.000000e+00,0.000000e+00,0.000000e+00,0.000000e+00,0.000000e+00,0.000000e+00,0.000000e+00,0.000000e+00,0.000000e+00,0.000000e+00,0.000000e+00,0.000000e+00,0.000000e+00,0.000000e+00,0.000000e+00,0.000000e+00,0.000000e+00,0.000000e+00,0.000000e+00,0.000000e+00,0.000000e+00,0.000000e+00,0.000000e+00,0.000000e+00,0.000000e+00,0.000000e+00,0.000000e+00,0.000000e+00,0.000000e+00,0.000000e+00,0.000000e+00,0.000000e+00,0.000000e+00,0.000000e+00,0.000000e+00,0.000000e+00,4.026969e+04,1.185100e+03,3.636285e-01,3.966589e-03,1.320515e+00,1.136610e-03,0.000000e+00,0.000000e+00,0.000000e+00,0.000000e+00,0.000000e+00,0.000000e+00,0.000000e+00,0.000000e+00,0.000000e+00,0.000000e+00,0.000000e+00,0.000000e+00,0.000000e+00,0.000000e+00,0.000000e+00,0.000000e+00,0.000000e+00,0.000000e+00,0.000000e+00,0.000000e+00,0.000000e+00,7.590544e+04,3.458601e+03,9.022928e+04,1.436896e+00,-2.112133e-02,-3.711282e+01,-1.582686e+00,6.687189e-03,-5.746133e-01,6.212062e-03,-2.066583e-03,4.753291e+01,-7.570577e-01,-1.675253e-03,-2.185180e-03,1.200861e-01,-5.128518e-04,8.772930e+00,-8.678600e+01,-3.002873e+00,4.438604e+03,-5.636331e+04,-3.541421e+03,-1.035643e+05,-2.732444e-01,4.063694e+01,-1.035931e-01,-1.122085e+01,1.319181e+03,-1.754477e+02
5.900906e-03,4.027245e+04,3.969507e+04,5.648595e-01,1.236576e-03,1.726575e+01,1.023994e-01,9.774000e-07,1.088745e+04,0.000000e+00,0.000000e+00,1.117850e+04,0.000000e+00,0.000000e+00,0.000000e+00,0.000000e+00,0.000000e+00,0.000000e+00,0.000000e+00,0.000000e+00,0.000000e+00,0.000000e+00,0.000000e+00,0.000000e+00,0.000000e+00,0.000000e+00,0.000000e+00,0.000000e+00,0.000000e+00,0.000000e+00,0.000000e+00,0.000000e+00,0.000000e+00,0.000000e+00,0.000000e+00,0.000000e+00,0.000000e+00,0.000000e+00,0.000000e+00,0.000000e+00,0.000000e+00,0.000000e+00,0.000000e+00,0.000000e+00,0.000000e+00,0.000000e+00,0.000000e+00,0.000000e+00,0.000000e+00,4.027245e+04,1.189307e+03,3.641818e-01,4.018957e-03,1.326146e+00,1.136610e-03,0.000000e+00,0.000000e+00,0.000000e+00,0.000000e+00,0.000000e+00,0.000000e+00,0.000000e+00,0.000000e+00,0.000000e+00,0.000000e+00,0.000000e+00,0.000000e+00,0.000000e+00,0.000000e+00,0.000000e+00,0.000000e+00,0.000000e+00,0.000000e+00,0.000000e+00,0.000000e+00,0.000000e+00,7.642314e+04,3.753599e+03,8.959970e+04,1.437748e+00,-2.111474e-02,-3.710959e+01,-1.582332e+00,6.755284e-03,-5.744986e-01,6.212343e-03,-2.056186e-03,4.753592e+01,-7.565161e-01,-1.655696e-03,-2.185198e-03,1.191495e-01,-5.454018e-04,8.820645e+00,-8.738924e+01,-3.047470e+00,4.437487e+03,-5.563375e+04,-3.836916e+03,-1.037924e+05,-2.732165e-01,4.065118e+01,-1.056016e-01,-7.013029e-01,1.319181e+03,-1.819881e+02
5.910680e-03,4.027491e+04,3.968464e+04,5.643365e-01,1.227705e-03,1.726842e+01,1.023994e-01,9.774000e-07,1.089435e+04,0.000000e+00,0.000000e+00,1.117956e+04,0.000000e+00,0.000000e+00,0.000000e+00,0.000000e+00,0.000000e+00,0.000000e+00,0.000000e+00,0.000000e+00,0.000000e+00,0.000000e+00,0.000000e+00,0.000000e+00,0.000000e+00,0.000000e+00,0.000000e+00,0.000000e+00,0.000000e+00,0.000000e+00,0.000000e+00,0.000000e+00,0.000000e+00,0.000000e+00,0.000000e+00,0.000000e+00,0.000000e+00,0.000000e+00,0.000000e+00,0.000000e+00,0.000000e+00,0.000000e+00,0.000000e+00,0.000000e+00,0.000000e+00,0.000000e+00,0.000000e+00,0.000000e+00,0.000000e+00,4.027491e+04,1.193137e+03,3.646755e-01,4.072121e-03,1.331213e+00,1.136610e-03,0.000000e+00,0.000000e+00,0.000000e+00,0.000000e+00,0.000000e+00,0.000000e+00,0.000000e+00,0.000000e+00,0.000000e+00,0.000000e+00,0.000000e+00,0.000000e+00,0.000000e+00,0.000000e+00,0.000000e+00,0.000000e+00,0.000000e+00,0.000000e+00,0.000000e+00,0.000000e+00,0.000000e+00,7.625379e+04,4.281400e+03,8.893273e+04,1.438509e+00,-2.110580e-02,-3.710669e+01,-1.582017e+00,6.817719e-03,-5.743870e-01,6.212603e-03,-2.046330e-03,4.753856e+01,-7.560318e-01,-1.638191e-03,-2.185222e-03,1.182924e-01,-5.754019e-04,8.864012e+00,-8.793126e+01,-3.089153e+00,4.436475e+03,-5.511531e+04,-4.364638e+03,-1.033695e+05,-2.731806e-01,4.066405e+01,-1.074581e-01,1.738011e+00,1.315278e+03,-1.900226e+02
5.920454e-03,4.027741e+04,3.967423e+04,5.638165e-01,1.218200e-03,1.727108e+01,1.023994e-01,9.774000e-07,1.090121e+04,0.000000e+00,0.000000e+00,1.118061e+04,0.000000e+00,0.000000e+00,0.000000e+00,0.000000e+00,0.000000e+00,0.000000e+00,0.000000e+00,0.000000e+00,0.000000e+00,0.000000e+00,0.000000e+00,0.000000e+00,0.000000e+00,0.000000e+00,0.000000e+00,0.000000e+00,0.000000e+00,0.000000e+00,0.000000e+00,0.000000e+00,0.000000e+00,0.000000e+00,0.000000e+00,0.000000e+00,0.000000e+00,0.000000e+00,0.000000e+00,0.000000e+00,0.000000e+00,0.000000e+00,0.000000e+00,0.000000e+00,0.000000e+00,0.000000e+00,0.000000e+00,0.000000e+00,0.000000e+00,4.027741e+04,1.196973e+03,3.651565e-01,4.126327e-03,1.336257e+00,1.136610e-03,0.000000e+00,0.000000e+00,0.000000e+00,0.000000e+00,0.000000e+00,0.000000e+00,0.000000e+00,0.000000e+00,0.000000e+00,0.000000e+00,0.000000e+00,0.000000e+00,0.000000e+00,0.000000e+00,0.000000e+00,0.000000e+00,0.000000e+00,0.000000e+00,0.000000e+00,0.000000e+00,0.000000e+00,7.646425e+04,4.328550e+03,8.839691e+04,1.439256e+00,-2.109678e-02,-3.710377e+01,-1.581708e+00,6.881317e-03,-5.742682e-01,6.212865e-03,-2.036114e-03,4.754122e+01,-7.555484e-01,-1.619663e-03,-2.185256e-03,1.174301e-01,-6.058197e-04,8.907369e+00,-8.846683e+01,-3.131794e+00,4.435465e+03,-5.458072e+04,-4.412038e+03,-1.033490e+05,-2.731337e-01,4.067686e+01,-1.093345e-01,6.647132e+00,1.311375e+03,-1.933233e+02
5.930228e-03,4.027989e+04,3.966388e+04,5.633076e-01,1.209074e-03,1.727368e+01,1.023994e-01,9.774000e-07,1.090806e+04,0.000000e+00,0.000000e+00,1.118164e+04,0.000000e+00,0.000000e+00,0.000000e+00,0.000000e+00,0.000000e+00,0.000000e+00,0.000000e+00,0.000000e+00,0.000000e+00,0.000000e+00,0.000000e+00,0.000000e+00,0.000000e+00,0.000000e+00,0.000000e+00,0.000000e+00,0.000000e+00,0.000000e+00,0.000000e+00,0.000000e+00,0.000000e+00,0.000000e+00,0.000000e+00,0.000000e+00,0.000000e+00,0.000000e+00,0.000000e+00,0.000000e+00,0.000000e+00,0.000000e+00,0.000000e+00,0.000000e+00,0.000000e+00,0.000000e+00,0.000000e+00,0.000000e+00,0.000000e+00,4.027989e+04,1.200823e+03,3.656321e-01,4.188683e-03,1.341257e+00,1.136610e-03,0.000000e+00,0.000000e+00,0.000000e+00,0.000000e+00,0.000000e+00,0.000000e+00,0.000000e+00,0.000000e+00,0.000000e+00,0.000000e+00,0.000000e+00,0.000000e+00,0.000000e+00,0.000000e+00,0.000000e+00,0.000000e+00,0.000000e+00,0.000000e+00,0.000000e+00,0.000000e+00,0.000000e+00,7.627977e+04,4.356804e+03,8.761188e+04,1.439990e+00,-2.108054e-02,-3.710088e+01,-1.581405e+00,6.946349e-03,-5.741435e-01,6.213127e-03,-2.025519e-03,4.754380e+01,-7.550738e-01,-1.601275e-03,-2.185302e-03,1.165626e-01,-6.366697e-04,8.950715e+00,-8.899701e+01,-3.177565e+00,4.434458e+03,-5.395726e+04,-4.440167e+03,-1.028704e+05,-2.730554e-01,4.068963e+01,-1.112650e-01,6.403200e+00,1.303570e+03,-1.940932e+02
5.940002e-03,4.028238e+04,3.965354e+04,5.628025e-01,1.199457e-03,1.727626e+01,1.023994e-01,9.774000e-07,1.091488e+04,0.000000e+00,0.000000e+00,1.118266e+04,0.000000e+00,0.000000e+00,0.000000e+00,0.000000e+00,0.000000e+00,0.000000e+00,0.000000e+00,0.000000e+00,0.000000e+00,0.000000e+00,0.000000e+00,0.000000e+00,0.000000e+00,0.000000e+00,0.000000e+00,0.000000e+00,0.000000e+00,0.000000e+00,0.000000e+00,0.000000e+00,0.000000e+00,0.000000e+00,0.000000e+00,0.000000e+00,0.000000e+00,0.000000e+00,0.000000e+00,0.000000e+00,0.000000e+00,0.000000e+00,0.000000e+00,0.000000e+00,0.000000e+00,0.000000e+00,0.000000e+00,0.000000e+00,0.000000e+00,4.028238e+04,1.204670e+03,3.660955e-01,4.255419e-03,1.346222e+00,1.136610e-03,0.000000e+00,0.000000e+00,0.000000e+00,0.000000e+00,0.000000e+00,0.000000e+00,0.000000e+00,0.000000e+00,0.000000e+00,0.000000e+00,0.000000e+00,0.000000e+00,0.000000e+00,0.000000e+00,0.000000e+00,0.000000e+00,0.000000e+00,0.000000e+00,0.000000e+00,0.000000e+00,0.000000e+00,7.653601e+04,4.680579e+03,8.709617e+04,1.440713e+00,-2.106571e-02,-3.709802e+01,-1.581108e+00,7.012536e-03,-5.740120e-01,6.213385e-03,-2.014685e-03,4.754639e+01,-7.546012e-01,-1.582169e-03,-2.185362e-03,1.156899e-01,-6.679671e-04,8.994052e+00,-8.952177e+01,-3.223037e+00,4.433452e+03,-5.342468e+04,-4.764237e+03,-1.029005e+05,-2.729694e-01,4.070234e+01,-1.132035e-01,1.073298e+01,1.299667e+03,-1.983620e+02
5.950754e-03,4.028517e+04,3.964222e+04,5.622575e-01,1.189265e-03,1.727905e+01,1.023994e-01,9.774000e-07,1.092235e+04,0.000000e+00,0.000000e+00,1.118377e+04,0.000000e+00,0.000000e+00,0.000000e+00,0.000000e+00,0.000000e+00,0.000000e+00,0.000000e+00,0.000000e+00,0.000000e+00,0.000000e+00,0.000000e+00,0.000000e+00,0.000000e+00,0.000000e+00,0.000000e+00,0.000000e+00,0.000000e+00,0.000000e+00,0.000000e+00,0.000000e+00,0.000000e+00,0.000000e+00,0.000000e+00,0.000000e+00,0.000000e+00,0.000000e+00,0.000000e+00,0.000000e+00,0.000000e+00,0.000000e+00,0.000000e+00,0.000000e+00,0.000000e+00,0.000000e+00,0.000000e+00,0.000000e+00,0.000000e+00,4.028517e+04,1.208915e+03,3.666006e-01,4.334871e-03,1.351640e+00,1.136610e-03,0.000000e+00,0.000000e+00,0.000000e+00,0.000000e+00,0.000000e+00,0.000000e+00,0.000000e+00,0.000000e+00,0.000000e+00,0.000000e+00,0.000000e+00,0.000000e+00,0.000000e+00,0.000000e+00,0.000000e+00,0.000000e+00,0.000000e+00,0.000000e+00,0.000000e+00,0.000000e+00,0.000000e+00,7.653317e+04,4.470874e+03,8.665428e+04,1.441501e+00,-2.105063e-02,-3.709488e+01,-1.580786e+00,7.087344e-03,-5.738620e-01,6.213669e-03,-2.002256e-03,4.754919e+01,-7.540897e-01,-1.561221e-03,-2.185445e-03,1.147241e-01,-7.029232e-04,9.041712e+00,-9.009470e+01,-3.274013e+00,4.432350e+03,-5.305883e+04,-4.554656e+03,-1.027146e+05,-2.728456e-01,4.071626e+01,-1.153648e-01,1.204412e+01,1.295764e+03,-1.984001e+02
5.960527e-03,4.028766e+04,3.963192e+04,5.617582e-01,1.180805e-03,1.728160e+01,1.023994e-01,9.774000e-07,1.092913e+04,0.000000e+00,0.000000e+00,1.118477e+04,0.000000e+00,0.000000e+00,0.000000e+00,0.000000e+00,0.000000e+00,0.000000e+00,0.000000e+00,0.000000e+00,0.000000e+00,0.000000e+00,0.000000e+00,0.000000e+00,0.000000e+00,0.000000e+00,0.000000e+00,0.000000e+00,0.000000e+00,0.000000e+00,0.000000e+00,0.000000e+00,0.000000e+00,0.000000e+00,0.000000e+00,0.000000e+00,0.000000e+00,0.000000e+00,0.000000e+00,0.000000e+00,0.000000e+00,0.000000e+00,0.000000e+00,0.000000e+00,0.000000e+00,0.000000e+00,0.000000e+00,0.000000e+00,0.000000e+00,4.028766e+04,1.212789e+03,3.670581e-01,4.403331e-03,1.356571e+00,1.136610e-03,0.000000e+00,0.000000e+00,0.000000e+00,0.000000e+00,0.000000e+00,0.000000e+00,0.000000e+00,0.000000e+00,0.000000e+00,0.000000e+00,0.000000e+00,0.000000e+00,0.000000e+00,0.000000e+00,0.000000e+00,0.000000e+00,0.000000e+00,0.000000e+00,0.000000e+00,0.000000e+00,0.000000e+00,7.632112e+04,4.325190e+03,8.643641e+04,1.442216e+00,-2.103998e-02,-3.709201e+01,-1.580497e+00,7.157340e-03,-5.737216e-01,6.213923e-03,-1.990689e-03,4.755173e+01,-7.536185e-01,-1.542661e-03,-2.185533e-03,1.138407e-01,-7.351743e-04,9.085028e+00,-9.061403e+01,-3.320115e+00,4.431346e+03,-5.297330e+04,-4.408962e+03,-1.024171e+05,-2.726954e-01,4.072891e+01,-1.173547e-01,1.314181e+01,1.287958e+03,-1.991167e+02
5.970302e-03,4.029016e+04,3.962166e+04,5.612692e-01,1.170700e-03,1.728411e+01,1.023994e-01,9.774000e-07,1.093591e+04,0.000000e+00,0.000000e+00,1.118574e+04,0.000000e+00,0.000000e+00,0.000000e+00,0.000000e+00,0.000000e+00,0.000000e+00,0.000000e+00,0.000000e+00,0.000000e+00,0.000000e+00,0.000000e+00,0.000000e+00,0.000000e+00,0.000000e+00,0.000000e+00,0.000000e+00,0.000000e+00,0.000000e+00,0.000000e+00,0.000000e+00,0.000000e+00,0.000000e+00,0.000000e+00,0.000000e+00,0.000000e+00,0.000000e+00,0.000000e+00,0.000000e+00,0.000000e+00,0.000000e+00,0.000000e+00,0.000000e+00,0.000000e+00,0.000000e+00,0.000000e+00,0.000000e+00,0.000000e+00,4.029016e+04,1.216665e+03,3.675124e-01,4.468597e-03,1.361478e+00,1.136610e-03,0.000000e+00,0.000000e+00,0.000000e+00,0.000000e+00,0.000000e+00,0.000000e+00,0.000000e+00,0.000000e+00,0.000000e+00,0.000000e+00,0.000000e+00,0.000000e+00,0.000000e+00,0.000000e+00,0.000000e+00,0.000000e+00,0.000000e+00,0.000000e+00,0.000000e+00,0.000000e+00,0.000000e+00,7.643259e+04,4.389880e+03,8.635517e+04,1.442927e+00,-2.103527e-02,-3.708914e+01,-1.580213e+00,7.229234e-03,-5.735768e-01,6.214173e-03,-1.978783e-03,4.755422e+01,-7.531570e-01,-1.521804e-03,-2.185611e-03,1.129522e-01,-7.678680e-04,9.128334e+00,-9.113141e+01,-3.364741e+00,4.430344e+03,-5.289805e+04,-4.473932e+03,-1.024705e+05,-2.725151e-01,4.074152e+01,-1.193495e-01,1.756306e+01,1.287958e+03,-2.038200e+02
5.980075e-03,4.029268e+04,3.961143e+04,5.607769e-01,1.159864e-03,1.728663e+01,1.023994e-01,9.774000e-07,1.094267e+04,0.000000e+00,0.000000e+00,1.118673e+04,0.000000e+00,0.000000e+00,0.000000e+00,0.000000e+00,0.000000e+00,0.000000e+00,0.000000e+00,0.000000e+00,0.000000e+00,0.000000e+00,0.000000e+00,0.000000e+00,0.000000e+00,0.000000e+00,0.000000e+00,0.000000e+00,0.000000e+00,0.000000e+00,0.000000e+00,0.000000e+00,0.000000e+00,0.000000e+00,0.000000e+00,0.000000e+00,0.000000e+00,0.000000e+00,0.000000e+00,0.000000e+00,0.000000e+00,0.000000e+00,0.000000e+00,0.000000e+00,0.000000e+00,0.000000e+00,0.000000e+00,0.000000e+00,0.000000e+00,4.029268e+04,1.220546e+03,3.679618e-01,4.538117e-03,1.366378e+00,1.136610e-03,0.000000e+00,0.000000e+00,0.000000e+00,0.000000e+00,0.000000e+00,0.000000e+00,0.000000e+00,0.000000e+00,0.000000e+00,0.000000e+00,0.000000e+00,0.000000e+00,0.000000e+00,0.000000e+00,0.000000e+00,0.000000e+00,0.000000e+00,0.000000e+00,0.000000e+00,0.000000e+00,0.000000e+00,7.658434e+04,4.172021e+03,8.618798e+04,1.443638e+00,-2.103317e-02,-3.708624e+01,-1.579931e+00,7.302564e-03,-5.734287e-01,6.214410e-03,-1.966854e-03,4.755675e+01,-7.526888e-01,-1.499957e-03,-2.185651e-03,1.120588e-01,-8.009982e-04,9.171631e+00,-9.164723e+01,-3.409368e+00,4.429344e+03,-5.272815e+04,-4.256368e+03,-1.025308e+05,-2.723050e-01,4.075411e+01,-1.213673e-01,2.082565e+01,1.287958e+03,-2.035074e+02
5.990827e-03,4.029542e+04,3.960020e+04,5.602457e-01,1.149469e-03,1.728935e+01,1.023994e-01,9.774000e-07,1.095009e+04,0.000000e+00,0.000000e+00,1.118778e+04,0.000000e+00,0.000000e+00,0.000000e+00,0.000000e+00,0.000000e+00,0.000000e+00,0.000000e+00,0.000000e+00,0.000000e+00,0.000000e+00,0.000000e+00,0.000000e+00,0.000000e+00,0.000000e+00,0.000000e+00,0.000000e+00,0.000000e+00,0.000000e+00,0.000000e+00,0.000000e+00,0.000000e+00,0.000000e+00,0.000000e+00,0.000000e+00,0.000000e+00,0.000000e+00,0.000000e+00,0.000000e+00,0.000000e+00,0.000000e+00,0.000000e+00,0.000000e+00,0.000000e+00,0.000000e+00,0.000000e+00,0.000000e+00,0.000000e+00,4.029542e+04,1.224824e+03,3.684576e-01,4.606942e-03,1.371741e+00,1.136610e-03,0.000000e+00,0.000000e+00,0.000000e+00,0.000000e+00,0.000000e+00,0.000000e+00,0.000000e+00,0.000000e+00,0.000000e+00,0.000000e+00,0.000000e+00,0.000000e+00,0.000000e+00,0.000000e+00,0.000000e+00,0.000000e+00,0.000000e+00,0.000000e+00,0.000000e+00,0.000000e+00,0.000000e+00,7.608864e+04,4.112179e+03,8.576834e+04,1.444419e+00,-2.103634e-02,-3.708308e+01,-1.579626e+00,7.384937e-03,-5.732611e-01,6.214657e-03,-1.953304e-03,4.755949e+01,-7.521830e-01,-1.476656e-03,-2.185678e-03,1.110701e-01,-8.379320e-04,9.219247e+00,-9.221326e+01,-3.457107e+00,4.428245e+03,-5.256044e+04,-4.196240e+03,-1.018940e+05,-2.720486e-01,4.076793e+01,-1.235934e-01,2.326496e+01,1.280152e+03,-2.040868e+02
